time,equity
2021-04-01 11:00:00+00:00,5000.0
2021-04-01 11:30:00+00:00,5001.800850051312
2021-04-01 13:00:00+00:00,4988.628508131409
2021-04-01 20:15:00+00:00,4975.4350706546675
2021-04-02 15:00:00+00:00,4961.976119079808
2021-04-02 23:15:00+00:00,4963.515157591091
2021-04-03 00:15:00+00:00,4950.063392315238
2021-04-03 05:15:00+00:00,4936.617083714555
2021-04-05 06:30:00+00:00,4938.225723569613
2021-04-05 09:45:00+00:00,4924.917264779785
2021-04-05 12:00:00+00:00,4911.563283109114
2021-04-05 14:00:00+00:00,4898.140527767294
2021-04-06 12:00:00+00:00,4884.76478842523
2021-04-07 01:15:00+00:00,4921.441917591268
2021-04-07 02:45:00+00:00,4908.126155048119
2021-04-07 05:00:00+00:00,4894.841126422197
2021-04-09 13:45:00+00:00,4881.401282353518
2021-04-10 12:00:00+00:00,4875.121219902371
2021-04-11 17:00:00+00:00,4876.298312464762
2021-04-13 10:30:00+00:00,4878.264181158876
2021-04-13 18:45:00+00:00,4880.211111906628
2021-04-16 10:30:00+00:00,4917.150739187308
2021-04-16 12:15:00+00:00,4904.149635514877
2021-04-16 14:15:00+00:00,4891.1309247709405
2021-04-16 20:30:00+00:00,4878.127630028346
2021-04-17 18:00:00+00:00,4880.01595917258
2021-04-17 19:15:00+00:00,4866.95255784711
2021-04-18 02:15:00+00:00,4903.719046336765
2021-04-18 11:30:00+00:00,4906.091908882169
2021-04-19 08:00:00+00:00,4943.363314771281
2021-04-22 08:15:00+00:00,4945.490713301291
2021-04-23 01:45:00+00:00,4932.718072869557
2021-04-23 02:15:00+00:00,4919.985644494799
2021-04-23 07:30:00+00:00,4907.284891314307
2021-04-23 20:00:00+00:00,4944.545804356393
2021-04-24 22:15:00+00:00,4931.4495641447575
2021-04-24 23:45:00+00:00,4918.361245482017
2021-04-25 00:45:00+00:00,4905.3241711893115
2021-04-26 00:00:00+00:00,4942.467131777637
2021-04-26 20:15:00+00:00,4944.47439865539
2021-04-27 06:00:00+00:00,4981.493165429971
2021-04-28 21:30:00+00:00,4983.542285203217
2021-04-29 09:30:00+00:00,4985.558747561793
2021-04-29 16:45:00+00:00,5022.332647810257
2021-04-30 04:00:00+00:00,5009.206912938394
2021-05-02 16:15:00+00:00,5011.031398761089
2021-05-02 21:00:00+00:00,4997.779901095621
2021-05-03 00:00:00+00:00,4999.337561513476
2021-05-03 00:30:00+00:00,4986.050238880376
2021-05-03 01:30:00+00:00,4972.830911233088
2021-05-03 07:15:00+00:00,4959.651331614569
2021-05-03 20:30:00+00:00,4996.586994401648
2021-05-04 00:45:00+00:00,5033.525247097919
2021-05-05 00:30:00+00:00,5035.625097085715
2021-05-05 15:45:00+00:00,5072.5918286927135
2021-05-05 20:00:00+00:00,5059.638348612049
2021-05-05 23:00:00+00:00,5061.583820486131
2021-05-06 18:45:00+00:00,5098.543269547685
2021-05-06 23:30:00+00:00,5085.578546198113
2021-05-10 12:30:00+00:00,5087.503076828718
2021-05-10 15:45:00+00:00,5089.4862899241025
2021-05-10 19:30:00+00:00,5126.563393668219
2021-05-11 06:45:00+00:00,5128.734399913456
2021-05-13 14:00:00+00:00,5130.943864818587
2021-05-16 10:45:00+00:00,5168.04411536245
2021-05-16 19:45:00+00:00,5155.304721102354
2021-05-16 20:30:00+00:00,5142.5820932844945
2021-05-17 02:30:00+00:00,5144.886155539992
2021-05-17 14:00:00+00:00,5142.34736576191
2021-05-17 20:45:00+00:00,5129.607673660121
2021-05-18 16:15:00+00:00,5116.829965027549
2021-05-18 19:30:00+00:00,5119.059935922326
2021-05-18 23:45:00+00:00,5121.272173178933
2021-05-19 01:30:00+00:00,5158.497623103001
2021-05-19 10:00:00+00:00,5160.7973825209665
2021-05-19 12:30:00+00:00,5148.139855992903
2021-05-19 13:00:00+00:00,5135.545889344433
2021-05-19 13:45:00+00:00,5137.984520242773
2021-05-20 00:30:00+00:00,5140.428590109707
2021-05-20 12:15:00+00:00,5177.814734630024
2021-05-23 16:00:00+00:00,5215.132410335731
2021-05-24 00:00:00+00:00,5202.464737653029
2021-05-24 05:00:00+00:00,5204.77097198161
2021-05-25 00:15:00+00:00,5207.049645600083
2021-05-25 10:00:00+00:00,5244.296570178906
2021-05-26 13:45:00+00:00,5281.440682369467
2021-05-26 21:45:00+00:00,5268.621542363947
2021-05-27 03:00:00+00:00,5305.743564595606
2021-05-27 19:15:00+00:00,5292.884879806274
2021-05-31 07:00:00+00:00,5279.967717061214
2021-05-31 08:30:00+00:00,5267.085600382284
2021-05-31 17:30:00+00:00,5269.215956526294
2021-06-01 23:00:00+00:00,5265.283216333404
2021-06-02 03:00:00+00:00,5267.323495060758
2021-06-06 10:30:00+00:00,5254.2264391346
2021-06-06 13:15:00+00:00,5241.080814629431
2021-06-06 18:15:00+00:00,5228.070820200422
2021-06-07 20:45:00+00:00,5264.98645629821
2021-06-08 15:15:00+00:00,5252.15329750035
2021-06-08 20:15:00+00:00,5289.344196439876
2021-06-09 15:15:00+00:00,5326.464774213433
2021-06-10 08:30:00+00:00,5328.700534175954
2021-06-12 10:30:00+00:00,5330.761359140381
2021-06-12 12:30:00+00:00,5317.881018207924
2021-06-12 18:30:00+00:00,5319.968224818916
2021-06-16 02:45:00+00:00,5319.88208103105
2021-06-16 11:00:00+00:00,5356.64174900533
2021-06-16 16:00:00+00:00,5358.623810521175
2021-06-17 01:15:00+00:00,5359.924553081521
2021-06-17 03:30:00+00:00,5346.889225609881
2021-06-17 06:15:00+00:00,5333.697802326198
2021-06-17 09:45:00+00:00,5320.527901101418
2021-06-17 14:15:00+00:00,5322.344473158047
2021-06-17 15:30:00+00:00,5309.249649097222
2021-06-17 17:15:00+00:00,5346.145777383567
2021-06-17 23:00:00+00:00,5333.188129425364
2021-06-18 02:45:00+00:00,5335.128368870933
2021-06-20 18:45:00+00:00,5372.284727030456
2021-06-21 06:15:00+00:00,5409.428637727711
2021-06-21 22:15:00+00:00,5411.685507992531
2021-06-22 16:00:00+00:00,5449.000611358758
2021-06-23 00:00:00+00:00,5436.237960415289
2021-06-23 01:00:00+00:00,5473.481098354515
2021-06-24 22:15:00+00:00,5460.596170088522
2021-06-25 23:45:00+00:00,5462.81284168619
2021-06-26 00:30:00+00:00,5450.019369281275
2021-06-26 05:00:00+00:00,5437.220538684656
2021-06-26 07:30:00+00:00,5474.333709506869
2021-06-30 15:00:00+00:00,5511.325362645432
2021-06-30 21:00:00+00:00,5513.308317971986
2021-06-30 23:45:00+00:00,5500.306291000483
2021-07-01 06:45:00+00:00,5537.261544131372
2021-07-05 01:15:00+00:00,5524.077166947508
2021-07-05 03:45:00+00:00,5510.962756552157
2021-07-05 11:15:00+00:00,5509.893959003724
2021-07-05 17:45:00+00:00,5511.821019514767
2021-07-05 21:00:00+00:00,5513.765822793356
2021-07-06 08:45:00+00:00,5500.723802522538
2021-07-06 12:45:00+00:00,5487.71738987239
2021-07-06 17:45:00+00:00,5489.692375947126
2021-07-06 23:45:00+00:00,5476.709428854717
2021-07-07 01:00:00+00:00,5478.614491217301
2021-07-07 03:30:00+00:00,5465.477710512627
2021-07-07 10:00:00+00:00,5452.321594675759
2021-07-07 13:15:00+00:00,5454.090717924794
2021-07-07 16:00:00+00:00,5440.908128476497
2021-07-08 06:00:00+00:00,5442.771886059885
2021-07-08 11:00:00+00:00,5479.741383640211
2021-07-12 19:00:00+00:00,5481.520229707036
2021-07-12 20:30:00+00:00,5483.386461237388
2021-07-12 23:15:00+00:00,5470.263525420196
2021-07-13 00:30:00+00:00,5471.976539192215
2021-07-13 06:30:00+00:00,5473.813687847378
2021-07-13 07:00:00+00:00,5460.401899789823
2021-07-15 13:30:00+00:00,5459.467494563069
2021-07-15 19:15:00+00:00,5461.460795657206
2021-07-15 20:45:00+00:00,5448.363140118878
2021-07-16 02:00:00+00:00,5435.182665273547
2021-07-19 12:30:00+00:00,5471.879868759258
2021-07-20 13:30:00+00:00,5473.753981013265
2021-07-20 17:00:00+00:00,5460.7155720738365
2021-07-23 18:45:00+00:00,5462.330996803184
2021-07-24 22:00:00+00:00,5464.098254241756
2021-07-25 08:45:00+00:00,5465.882283517242
2021-07-25 14:15:00+00:00,5452.600725936376
2021-07-25 15:15:00+00:00,5454.342046344045
2021-07-26 07:30:00+00:00,5449.161393203898
2021-07-26 12:30:00+00:00,5436.386504544429
2021-07-26 16:00:00+00:00,5423.505295260358
2021-07-26 20:00:00+00:00,5460.670830788637
2021-07-27 13:30:00+00:00,5447.65857231257
2021-07-27 14:30:00+00:00,5449.671531973172
2021-07-31 05:30:00+00:00,5436.680943350899
2021-07-31 12:15:00+00:00,5435.458977034516
2021-08-01 22:30:00+00:00,5472.440430890421
2021-08-02 06:45:00+00:00,5474.490913128249
2021-08-02 12:00:00+00:00,5511.410455392465
2021-08-02 13:30:00+00:00,5498.378856234264
2021-08-02 16:15:00+00:00,5485.328413364451
2021-08-02 20:00:00+00:00,5522.196605431741
2021-08-02 22:15:00+00:00,5509.16540467611
2021-08-03 00:15:00+00:00,5511.117405390375
2021-08-03 12:00:00+00:00,5548.176017845057
2021-08-04 10:30:00+00:00,5550.038748563172
2021-08-05 14:00:00+00:00,5537.080429196114
2021-08-05 14:45:00+00:00,5524.151920190374
2021-08-05 16:00:00+00:00,5526.263063326775
2021-08-06 00:45:00+00:00,5513.418320597666
2021-08-06 04:15:00+00:00,5515.491012868053
2021-08-06 15:15:00+00:00,5552.523556638936
2021-08-10 07:45:00+00:00,5539.37806498392
2021-08-10 12:15:00+00:00,5541.275508024257
2021-08-10 20:45:00+00:00,5543.207634942347
2021-08-10 23:45:00+00:00,5545.048257956797
2021-08-11 05:30:00+00:00,5531.887933703448
2021-08-13 02:45:00+00:00,5518.744148727966
2021-08-13 06:15:00+00:00,5505.526281637621
2021-08-13 15:15:00+00:00,5492.267796615884
2021-08-13 19:15:00+00:00,5493.9919071062905
2021-08-13 20:00:00+00:00,5530.558303505279
2021-08-14 19:30:00+00:00,5517.436885854777
2021-08-17 00:15:00+00:00,5554.340520215275
2021-08-17 20:15:00+00:00,5591.25832109224
2021-08-18 01:15:00+00:00,5593.247042186824
2021-08-18 05:45:00+00:00,5580.247329672879
2021-08-19 08:00:00+00:00,5567.129667585415
2021-08-19 17:00:00+00:00,5553.966314398619
2021-08-19 18:15:00+00:00,5590.798114224911
2021-08-19 23:15:00+00:00,5592.688520833631
2021-08-20 07:45:00+00:00,5594.5424948975615
2021-08-20 13:15:00+00:00,5631.199325447932
2021-08-23 10:30:00+00:00,5632.888034505684
2021-08-23 20:30:00+00:00,5634.563769924238
2021-08-24 04:30:00+00:00,5636.221895402446
2021-08-24 23:45:00+00:00,5673.004698871561
2021-08-25 05:30:00+00:00,5659.818461608172
2021-08-25 08:30:00+00:00,5696.541171227703
2021-08-25 12:00:00+00:00,5683.363514881892
2021-08-25 14:15:00+00:00,5685.045435670303
2021-08-29 00:45:00+00:00,5721.891783644329
2021-08-30 08:30:00+00:00,5708.631991170137
2021-08-30 15:30:00+00:00,5710.327907145371
2021-08-30 17:45:00+00:00,5696.932591830617
2021-08-30 18:45:00+00:00,5683.4326862876305
2021-08-31 06:30:00+00:00,5683.559751150589
2021-08-31 07:15:00+00:00,5670.027877536064
2021-08-31 08:15:00+00:00,5656.691651848661
2021-09-01 04:00:00+00:00,5643.475672076504
2021-09-02 04:00:00+00:00,5630.319041099578
2021-09-02 07:15:00+00:00,5667.0434855938
2021-09-02 14:15:00+00:00,5668.8050043202065
2021-09-02 18:15:00+00:00,5655.613363458499
2021-09-05 06:45:00+00:00,5642.062205279501
2021-09-06 03:30:00+00:00,5641.716251026637
2021-09-06 08:15:00+00:00,5643.143140277895
2021-09-07 14:45:00+00:00,5680.030912707158
2021-09-07 22:15:00+00:00,5679.791355340517
2021-09-08 11:00:00+00:00,5682.004219338237
2021-09-11 01:00:00+00:00,5684.069906619579
2021-09-12 23:00:00+00:00,5670.858603552134
2021-09-13 13:30:00+00:00,5672.793316050598
2021-09-13 14:30:00+00:00,5674.602084421877
2021-09-13 19:00:00+00:00,5661.834646233344
2021-09-14 15:00:00+00:00,5698.440911872965
2021-09-14 18:15:00+00:00,5685.318260084851
2021-09-14 21:15:00+00:00,5687.0748854025005
2021-09-15 06:15:00+00:00,5688.798849406596
2021-09-17 15:15:00+00:00,5690.450391472054
2021-09-17 18:15:00+00:00,5727.069533121685
2021-09-17 19:15:00+00:00,5713.752381692065
2021-09-17 21:45:00+00:00,5715.414019292347
2021-09-18 00:00:00+00:00,5717.126723940976
2021-09-19 14:15:00+00:00,5703.7319185968
2021-09-19 20:30:00+00:00,5705.323322094726
2021-09-20 07:30:00+00:00,5742.259337184275
2021-09-20 19:30:00+00:00,5744.4596492715955
2021-09-22 13:15:00+00:00,5746.411313015867
2021-09-22 15:45:00+00:00,5783.341366222154
2021-09-22 18:45:00+00:00,5785.330238011602
2021-09-23 15:45:00+00:00,5787.2538431963085
2021-09-24 02:00:00+00:00,5785.202129578355
2021-09-28 07:00:00+00:00,5787.199588401925
2021-09-28 13:00:00+00:00,5774.090419017748
2021-09-28 23:30:00+00:00,5811.125311297088
2021-09-29 00:15:00+00:00,5798.030429462822
2021-09-29 03:45:00+00:00,5785.054237354313
2021-09-30 00:15:00+00:00,5771.863022786162
2021-09-30 00:45:00+00:00,5758.663667251549
2021-09-30 08:15:00+00:00,5745.436038987404
2021-09-30 09:45:00+00:00,5747.255953695563
2021-09-30 10:30:00+00:00,5734.074019166035
2021-09-30 14:00:00+00:00,5735.927695587977
2021-09-30 20:30:00+00:00,5722.875007008973
2021-10-01 07:15:00+00:00,5759.551497294677
2021-10-01 10:15:00+00:00,5796.351002066555
2021-10-02 13:00:00+00:00,5782.783851171167
2021-10-02 13:45:00+00:00,5769.16066011017
2021-10-02 20:30:00+00:00,5770.826576949023
2021-10-03 21:00:00+00:00,5807.565518313412
2021-10-04 08:00:00+00:00,5809.445393660405
2021-10-04 16:00:00+00:00,5796.412356821007
2021-10-04 21:30:00+00:00,5783.499795416669
2021-10-05 18:15:00+00:00,5820.493599496158
2021-10-05 20:15:00+00:00,5857.316623040022
2021-10-06 19:45:00+00:00,5848.973720517842
2021-10-07 21:30:00+00:00,5850.9235304074955
2021-10-08 01:15:00+00:00,5837.735261061206
2021-10-08 05:45:00+00:00,5824.4505799622075
2021-10-08 18:15:00+00:00,5826.409650874515
2021-10-09 03:15:00+00:00,5828.246308656208
2021-10-09 14:15:00+00:00,5830.063675819582
2021-10-09 15:45:00+00:00,5816.832121274397
2021-10-09 16:30:00+00:00,5803.505629352133
2021-10-09 20:00:00+00:00,5790.22361379933
2021-10-10 09:00:00+00:00,5777.095168732998
2021-10-11 07:15:00+00:00,5779.001229435648
2021-10-12 11:30:00+00:00,5765.797468219307
2021-10-12 13:15:00+00:00,5752.557431253316
2021-10-12 17:30:00+00:00,5789.4020519184505
2021-10-12 20:00:00+00:00,5826.338214047469
2021-10-13 04:15:00+00:00,5820.04187711269
2021-10-13 20:30:00+00:00,5821.944873796312
2021-10-14 01:00:00+00:00,5858.771460164148
2021-10-15 08:00:00+00:00,5860.75953223253
2021-10-15 13:45:00+00:00,5897.616749809589
2021-10-16 18:45:00+00:00,5899.4163363141515
2021-10-17 08:15:00+00:00,5900.912767129737
2021-10-17 20:00:00+00:00,5937.649290418444
2021-10-18 07:45:00+00:00,5924.37306133069
2021-10-18 13:15:00+00:00,5926.388368346509
2021-10-20 13:30:00+00:00,5963.353323093079
2021-10-20 22:15:00+00:00,5964.832373002267
2021-10-21 01:45:00+00:00,6001.593143157831
2021-10-21 07:15:00+00:00,6003.49445861038
2021-10-21 08:30:00+00:00,5990.412231012624
2021-10-21 09:00:00+00:00,5977.301426747344
2021-10-22 20:00:00+00:00,5979.425490684851
2021-10-22 22:45:00+00:00,5981.436854536099
2021-10-23 01:00:00+00:00,5968.309795829367
2021-10-23 15:45:00+00:00,5955.166698763955
2021-10-24 12:15:00+00:00,5941.863727493227
2021-10-24 15:30:00+00:00,5943.76179926978
2021-10-25 10:30:00+00:00,5930.364724372456
2021-10-25 11:30:00+00:00,5931.884338814679
2021-10-25 13:30:00+00:00,5933.489955251142
2021-10-25 17:00:00+00:00,5935.2272027729
2021-10-25 17:30:00+00:00,5921.88479610843
2021-10-25 19:45:00+00:00,5908.613047820415
2021-10-26 15:30:00+00:00,5910.090942175872
2021-10-26 21:45:00+00:00,5946.751109911781
2021-10-27 04:15:00+00:00,5933.745734574778
2021-10-28 09:45:00+00:00,5920.6440867896035
2021-10-28 17:30:00+00:00,5907.451796506347
2021-10-28 18:30:00+00:00,5894.1674645615285
2021-10-28 20:00:00+00:00,5931.31753779499
2021-10-29 18:45:00+00:00,5918.30459300457
2021-10-29 21:15:00+00:00,5920.144031393223
2021-10-30 10:45:00+00:00,5906.703220254345
2021-10-30 13:30:00+00:00,5893.251652265566
2021-10-30 16:00:00+00:00,5895.044850970577
2021-10-31 10:00:00+00:00,5931.588550555318
2021-10-31 12:15:00+00:00,5933.306522757913
2021-10-31 14:30:00+00:00,5920.119386193717
2021-10-31 17:15:00+00:00,5906.985313752059
2021-10-31 20:45:00+00:00,5893.772523466203
2021-11-01 13:45:00+00:00,5889.941495918097
2021-11-02 14:15:00+00:00,5887.108895789486
2021-11-03 13:30:00+00:00,5923.710896840587
2021-11-03 16:00:00+00:00,5910.511542872931
2021-11-03 18:00:00+00:00,5897.244862356535
2021-11-03 18:45:00+00:00,5884.269643650021
2021-11-04 13:45:00+00:00,5870.968711577687
2021-11-04 21:45:00+00:00,5867.810912198417
2021-11-05 18:15:00+00:00,5854.493182107069
2021-11-06 01:00:00+00:00,5851.263264863053
2021-11-07 00:45:00+00:00,5887.865205732524
2021-11-07 06:30:00+00:00,5889.291326300277
2021-11-07 09:00:00+00:00,5875.475633156704
2021-11-08 00:00:00+00:00,5911.958034470988
2021-11-08 01:15:00+00:00,5913.822550344314
2021-11-08 23:00:00+00:00,5950.734458761043
2021-11-09 17:30:00+00:00,5952.613300220365
2021-11-09 21:00:00+00:00,5939.456989557868
2021-11-10 00:15:00+00:00,5941.179475200648
2021-11-10 18:45:00+00:00,5928.182736039206
2021-11-10 19:30:00+00:00,5915.04113500231
2021-11-11 05:15:00+00:00,5915.730693785603
2021-11-11 07:30:00+00:00,5902.634262740397
2021-11-11 08:45:00+00:00,5904.428361940195
2021-11-12 08:30:00+00:00,5890.989058112304
2021-11-12 13:30:00+00:00,5892.891988966813
2021-11-12 17:45:00+00:00,5894.83458961581
2021-11-12 21:00:00+00:00,5881.846834663347
2021-11-13 07:45:00+00:00,5883.735407528585
2021-11-13 18:15:00+00:00,5870.403677549564
2021-11-15 06:45:00+00:00,5865.570890384046
2021-11-16 00:00:00+00:00,5902.3251497569745
2021-11-17 10:30:00+00:00,5889.300986848474
2021-11-17 14:45:00+00:00,5876.279808361613
2021-11-18 10:45:00+00:00,5878.121741058143
2021-11-18 22:00:00+00:00,5880.299985266593
2021-11-20 06:45:00+00:00,5881.866348181273
2021-11-20 13:45:00+00:00,5868.322741736925
2021-11-20 15:45:00+00:00,5854.969549282079
2021-11-20 18:15:00+00:00,5891.669095552857
2021-11-22 03:30:00+00:00,5878.5069254065465
2021-11-22 05:00:00+00:00,5865.398269377711
2021-11-22 08:00:00+00:00,5867.261515282922
2021-11-22 13:30:00+00:00,5865.037397180388
2021-11-22 15:00:00+00:00,5852.149810472039
2021-11-22 22:45:00+00:00,5854.166436766924
2021-11-23 03:00:00+00:00,5841.195101807238
2021-11-25 04:15:00+00:00,5827.976523087781
2021-11-25 16:00:00+00:00,5864.753915914386
2021-11-25 19:15:00+00:00,5851.5480284578725
2021-11-27 08:00:00+00:00,5853.675483088686
2021-11-27 20:30:00+00:00,5852.750919474792
2021-11-28 00:30:00+00:00,5854.502945530877
2021-11-28 21:45:00+00:00,5891.388296315793
2021-11-29 00:30:00+00:00,5928.365347027357
2021-11-29 07:15:00+00:00,5924.416533195949
2021-11-29 11:30:00+00:00,5926.078812531174
2021-11-30 08:30:00+00:00,5912.897814585787
2021-11-30 11:15:00+00:00,5899.82797349299
2021-11-30 12:00:00+00:00,5886.758318853427
2021-12-01 00:30:00+00:00,5873.87588327599
2021-12-01 02:00:00+00:00,5860.856811153156
2021-12-01 02:30:00+00:00,5847.994674728995
2021-12-01 02:45:00+00:00,5834.910515923274
2021-12-01 03:45:00+00:00,5821.96812481123
2021-12-01 04:15:00+00:00,5809.043430047771
2021-12-01 07:15:00+00:00,5802.948618612663
2021-12-01 17:45:00+00:00,5789.853714428127
2021-12-01 19:00:00+00:00,5776.802990590274
2021-12-02 01:15:00+00:00,5763.881058546269
2021-12-02 03:00:00+00:00,5800.822168961295
2021-12-02 08:00:00+00:00,5787.940372238637
2021-12-02 08:15:00+00:00,5789.997605511176
2021-12-02 09:15:00+00:00,5777.194640008901
2021-12-02 11:30:00+00:00,5779.115750984599
2021-12-02 12:15:00+00:00,5781.306955141006
2021-12-02 12:45:00+00:00,5783.264339980452
2021-12-02 13:15:00+00:00,5770.518611193772
2021-12-02 14:30:00+00:00,5757.79676708382
2021-12-02 15:30:00+00:00,5795.004777160535
2021-12-02 21:45:00+00:00,5797.277898989125
2021-12-02 22:30:00+00:00,5784.3823677323335
2021-12-03 03:15:00+00:00,5821.635907669403
2021-12-03 04:15:00+00:00,5823.39320607557
2021-12-03 06:30:00+00:00,5810.1886096430635
2021-12-03 12:00:00+00:00,5796.817523326526
2021-12-03 13:45:00+00:00,5822.3076062157825
2021-12-03 15:45:00+00:00,5859.299060787421
2021-12-03 16:00:00+00:00,5896.030838146773
2021-12-03 17:15:00+00:00,5971.722912930636
2021-12-03 19:30:00+00:00,6008.6883911946625
2021-12-03 20:15:00+00:00,6045.887877522805
2021-12-03 21:00:00+00:00,6107.554007031449
2021-12-03 21:15:00+00:00,6094.875661852301
2021-12-04 03:45:00+00:00,6132.0691836940605
2021-12-04 04:45:00+00:00,6169.291372571204
2021-12-04 05:00:00+00:00,6206.5572685992
2021-12-04 05:15:00+00:00,6168.669506058606
2021-12-04 11:15:00+00:00,6171.093630135454
2021-12-04 15:00:00+00:00,6208.52406837786
2021-12-05 00:00:00+00:00,6195.662550591049
2021-12-05 09:00:00+00:00,6182.628561585528
2021-12-05 12:15:00+00:00,6184.795833253421
2021-12-05 13:15:00+00:00,6186.793969010799
2021-12-05 15:00:00+00:00,6224.000355690768
2021-12-05 15:30:00+00:00,6198.160090178471
2021-12-05 16:00:00+00:00,6174.843608036522
2021-12-05 19:00:00+00:00,6177.010557540461
2021-12-06 06:45:00+00:00,6166.356239333326
2021-12-06 09:30:00+00:00,6153.593807020806
2021-12-06 10:45:00+00:00,6140.847004247299
2021-12-06 12:15:00+00:00,6143.144563529203
2021-12-06 14:30:00+00:00,6130.432729659628
2021-12-06 21:45:00+00:00,6167.634885824489
2021-12-07 10:00:00+00:00,6207.049210285677
2021-12-07 12:15:00+00:00,6209.169071122669
2021-12-07 15:15:00+00:00,6246.3772850663745
2021-12-07 15:30:00+00:00,6283.760446153053
2021-12-07 16:15:00+00:00,6270.919380433916
2021-12-07 19:00:00+00:00,6257.998216105244
2021-12-08 04:15:00+00:00,6247.457018239146
2021-12-08 06:45:00+00:00,6234.446719603083
2021-12-08 09:45:00+00:00,6234.069640622543
2021-12-08 10:30:00+00:00,6236.273263776793
2021-12-08 11:00:00+00:00,6273.457727852461
2021-12-08 13:00:00+00:00,6262.597097241722
2021-12-08 13:45:00+00:00,6249.759593748264
2021-12-08 14:15:00+00:00,6236.701648127127
2021-12-08 14:45:00+00:00,6197.94625060334
2021-12-08 19:30:00+00:00,6200.030977380422
2021-12-08 21:30:00+00:00,6202.263869886266
2021-12-08 22:15:00+00:00,6202.757195922344
2021-12-09 00:00:00+00:00,6189.802367677949
2021-12-09 01:45:00+00:00,6176.797455249093
2021-12-09 03:00:00+00:00,6151.091787452202
2021-12-09 06:30:00+00:00,6138.271909973757
2021-12-09 07:30:00+00:00,6140.435009446085
2021-12-09 10:30:00+00:00,6142.393444904627
2021-12-09 12:15:00+00:00,6144.345300280885
2021-12-09 14:30:00+00:00,6146.657711804314
2021-12-09 15:30:00+00:00,6183.592972538011
2021-12-09 16:15:00+00:00,6185.708024552261
2021-12-09 20:00:00+00:00,6222.917530846399
2021-12-09 21:00:00+00:00,6210.171363525828
2021-12-09 21:15:00+00:00,6212.235334696641
2021-12-09 22:00:00+00:00,6199.230081637318
2021-12-10 00:30:00+00:00,6203.487145696043
2021-12-10 02:15:00+00:00,6190.560925465654
2021-12-10 06:45:00+00:00,6227.65255408792
2021-12-10 09:30:00+00:00,6229.768073913459
2021-12-10 10:00:00+00:00,6216.986386808393
2021-12-10 13:30:00+00:00,6219.136560628536
2021-12-10 14:45:00+00:00,6193.3224449071295
2021-12-10 18:15:00+00:00,6182.466569939675
2021-12-10 21:00:00+00:00,6169.627499106208
2021-12-10 23:45:00+00:00,6206.691940076185
2021-12-11 00:15:00+00:00,6208.831359864926
2021-12-11 07:45:00+00:00,6209.458589724912
2021-12-11 08:15:00+00:00,6196.534955287299
2021-12-11 10:45:00+00:00,6235.8705618185495
2021-12-11 11:30:00+00:00,6222.944975494655
2021-12-11 15:00:00+00:00,6220.445297398778
2021-12-11 15:30:00+00:00,6220.377868222396
2021-12-11 17:45:00+00:00,6207.264941635662
2021-12-11 20:15:00+00:00,6209.349015769799
2021-12-11 22:30:00+00:00,6196.315852854187
2021-12-12 00:45:00+00:00,6233.457382179176
2021-12-12 06:30:00+00:00,6220.423449860975
2021-12-12 09:45:00+00:00,6222.261979329841
2021-12-12 11:15:00+00:00,6224.102062097962
2021-12-12 11:30:00+00:00,6225.880049051468
2021-12-12 14:30:00+00:00,6227.668834360187
2021-12-12 15:30:00+00:00,6214.458218632062
2021-12-12 16:15:00+00:00,6201.143704070976
2021-12-12 17:30:00+00:00,6202.952485387861
2021-12-12 18:00:00+00:00,6242.026204313025
2021-12-12 18:15:00+00:00,6228.998516027485
2021-12-12 19:45:00+00:00,6216.051183757653
2021-12-12 20:45:00+00:00,6218.079634137472
2021-12-12 21:45:00+00:00,6205.101856774908
2021-12-13 00:15:00+00:00,6191.981529567276
2021-12-13 01:00:00+00:00,6179.141338684759
2021-12-13 01:45:00+00:00,6166.376209967677
2021-12-13 04:45:00+00:00,6153.47023357953
2021-12-13 05:45:00+00:00,6140.486745819622
2021-12-13 08:15:00+00:00,6144.540948671975
2021-12-13 12:00:00+00:00,6146.643912012246
2021-12-13 12:15:00+00:00,6148.500484472111
2021-12-13 14:15:00+00:00,6172.468271453191
2021-12-13 15:45:00+00:00,6283.516432147448
2021-12-13 16:00:00+00:00,6285.68756708987
2021-12-13 16:45:00+00:00,6287.693043349362
2021-12-13 17:00:00+00:00,6289.849640602617
2021-12-13 17:45:00+00:00,6277.096158327614
2021-12-13 19:30:00+00:00,6314.206523295222
2021-12-14 00:00:00+00:00,6338.509210605448
2021-12-14 06:15:00+00:00,6325.654478339948
2021-12-14 10:30:00+00:00,6362.8234152466985
2021-12-14 11:45:00+00:00,6364.822484456494
2021-12-14 13:30:00+00:00,6389.312806068475
2021-12-14 15:45:00+00:00,6378.664742374167
2021-12-14 18:15:00+00:00,6366.070940573369
2021-12-14 20:30:00+00:00,6368.2755812104115
2021-12-14 21:30:00+00:00,6370.333539368852
2021-12-15 01:00:00+00:00,6372.394885881093
2021-12-15 01:30:00+00:00,6359.5709725703055
2021-12-15 02:00:00+00:00,6361.576698375362
2021-12-15 05:45:00+00:00,6363.714513439031
2021-12-15 07:00:00+00:00,6365.583239800847
2021-12-15 09:15:00+00:00,6352.613843624091
2021-12-15 11:15:00+00:00,6339.727530962396
2021-12-15 12:30:00+00:00,6341.722137777341
2021-12-15 12:45:00+00:00,6315.836072184297
2021-12-15 14:45:00+00:00,6302.96658917339
2021-12-15 15:00:00+00:00,6289.915089361028
2021-12-15 17:00:00+00:00,6276.955188711562
2021-12-15 18:15:00+00:00,6263.986869753403
2021-12-15 18:45:00+00:00,6301.128310298798
2021-12-15 19:00:00+00:00,6275.1100236014145
2021-12-15 19:15:00+00:00,6262.309928754958
2021-12-15 19:30:00+00:00,6251.866937230452
2021-12-16 04:30:00+00:00,6254.108744661558
2021-12-16 05:45:00+00:00,6256.305865308219
2021-12-16 11:30:00+00:00,6293.407695329765
2021-12-16 15:00:00+00:00,6295.534051215842
2021-12-16 16:30:00+00:00,6282.687442147891
2021-12-16 18:45:00+00:00,6269.6404896246595
2021-12-16 19:15:00+00:00,6256.495261862735
2021-12-16 22:00:00+00:00,6243.402096761597
2021-12-17 00:30:00+00:00,6245.287280743307
2021-12-17 05:15:00+00:00,6232.225935616215
2021-12-17 07:00:00+00:00,6234.465937989255
2021-12-17 07:15:00+00:00,6271.563901575081
2021-12-17 08:00:00+00:00,6273.43481266826
2021-12-17 10:30:00+00:00,6260.475533243835
2021-12-17 12:15:00+00:00,6247.214954318933
2021-12-17 14:30:00+00:00,6284.194994930268
2021-12-17 14:45:00+00:00,6286.285401622344
2021-12-17 15:30:00+00:00,6273.39378982974
2021-12-17 16:00:00+00:00,6249.736460608437
2021-12-17 16:15:00+00:00,6185.630983793596
2021-12-17 21:30:00+00:00,6187.817995741491
2021-12-17 22:15:00+00:00,6224.913842154791
2021-12-18 03:30:00+00:00,6227.026173833163
2021-12-18 10:45:00+00:00,6229.29765931755
2021-12-18 12:15:00+00:00,6216.333261628944
2021-12-18 15:45:00+00:00,6218.20356679686
2021-12-18 17:00:00+00:00,6220.440855684681
2021-12-18 19:00:00+00:00,6222.533214367021
2021-12-18 20:15:00+00:00,6224.256215638307
2021-12-19 00:45:00+00:00,6211.227119018218
2021-12-19 02:45:00+00:00,6248.127409291408
2021-12-19 06:30:00+00:00,6250.206581007683
2021-12-19 08:45:00+00:00,6237.179134564791
2021-12-19 09:00:00+00:00,6223.979605627037
2021-12-19 10:00:00+00:00,6197.916901003008
2021-12-19 10:45:00+00:00,6184.8774433121725
2021-12-19 13:00:00+00:00,6171.626353213437
2021-12-19 13:30:00+00:00,6173.626010720175
2021-12-19 18:00:00+00:00,6212.4884439435355
2021-12-19 19:15:00+00:00,6199.40222557979
2021-12-19 22:45:00+00:00,6186.390702687884
2021-12-20 00:15:00+00:00,6223.509792079275
2021-12-20 00:45:00+00:00,6197.358955326232
2021-12-20 01:00:00+00:00,6184.467177374904
2021-12-20 08:45:00+00:00,6208.481750970317
2021-12-20 09:00:00+00:00,6245.354475585331
2021-12-20 09:15:00+00:00,6282.501709970888
2021-12-20 11:15:00+00:00,6269.578272579882
2021-12-20 13:15:00+00:00,6271.610055357203
2021-12-20 14:45:00+00:00,6273.815196608242
2021-12-20 16:45:00+00:00,6275.9401471082865
2021-12-20 17:00:00+00:00,6278.20780948279
2021-12-20 19:00:00+00:00,6265.32184315203
2021-12-20 20:45:00+00:00,6252.074484335746
2021-12-20 21:00:00+00:00,6239.149097946066
2021-12-20 22:15:00+00:00,6226.026030477602
2021-12-20 22:45:00+00:00,6213.023909337584
2021-12-21 01:00:00+00:00,6214.991480709478
2021-12-21 02:00:00+00:00,6252.046263226913
2021-12-21 03:45:00+00:00,6288.883443923552
2021-12-21 04:15:00+00:00,6326.104430521988
2021-12-21 05:15:00+00:00,6313.148078942723
2021-12-21 05:30:00+00:00,6315.056101259562
2021-12-21 06:15:00+00:00,6302.059547005947
2021-12-21 11:30:00+00:00,6302.153216379074
2021-12-21 12:45:00+00:00,6304.05070618926
2021-12-21 13:15:00+00:00,6302.95453845433
2021-12-21 14:15:00+00:00,6304.858489200236
2021-12-21 15:15:00+00:00,6293.84457052817
2021-12-21 22:15:00+00:00,6317.803944605581
2021-12-22 00:45:00+00:00,6319.919418177903
2021-12-22 05:00:00+00:00,6293.784373183479
2021-12-22 09:30:00+00:00,6295.775929997128
2021-12-22 10:00:00+00:00,6332.756028165677
2021-12-22 11:00:00+00:00,6319.518462787547
2021-12-22 12:30:00+00:00,6306.57197353403
2021-12-22 12:45:00+00:00,6343.073632257361
2021-12-22 14:00:00+00:00,6344.715523406038
2021-12-22 14:15:00+00:00,6346.822350016281
2021-12-22 15:30:00+00:00,6333.6088248429105
2021-12-22 16:00:00+00:00,6320.259316252262
2021-12-22 17:30:00+00:00,6322.442934516263
2021-12-22 19:30:00+00:00,6324.190306331663
2021-12-22 23:00:00+00:00,6326.312604084182
2021-12-23 00:00:00+00:00,6315.536577233299
2021-12-23 01:00:00+00:00,6302.667715732828
2021-12-23 01:45:00+00:00,6289.80759049275
2021-12-23 02:00:00+00:00,6276.512977110191
2021-12-23 04:15:00+00:00,6265.0246842560255
2021-12-23 07:30:00+00:00,6252.234032608696
2021-12-23 07:45:00+00:00,6239.319444459635
2021-12-23 10:45:00+00:00,6226.388688291807
2021-12-23 11:00:00+00:00,6228.022339151399
2021-12-23 12:30:00+00:00,6214.58660245955
2021-12-23 12:45:00+00:00,6201.724311782761
2021-12-23 15:00:00+00:00,6188.84276565342
2021-12-23 15:45:00+00:00,6189.359910372994
2021-12-23 16:45:00+00:00,6176.028749925078
2021-12-23 17:15:00+00:00,6165.070793370192
2021-12-23 18:00:00+00:00,6152.1695615700155
2021-12-23 21:15:00+00:00,6154.066442375102
2021-12-24 01:15:00+00:00,6156.186493194566
2021-12-24 04:45:00+00:00,6158.377334833149
2021-12-24 06:00:00+00:00,6160.229996476783
2021-12-24 08:30:00+00:00,6162.21601313404
2021-12-24 10:00:00+00:00,6149.280607779166
2021-12-24 11:00:00+00:00,6136.253828839867
2021-12-24 12:15:00+00:00,6138.304877129059
2021-12-24 14:45:00+00:00,6175.2662897987475
2021-12-24 19:45:00+00:00,6212.4095568370285
2021-12-24 20:00:00+00:00,6186.756786516277
2021-12-24 21:15:00+00:00,6188.463094042276
2021-12-25 00:30:00+00:00,6190.229197920121
2021-12-25 00:45:00+00:00,6192.314775056294
2021-12-25 04:45:00+00:00,6191.533657138645
2021-12-25 06:30:00+00:00,6193.725352355487
2021-12-25 07:15:00+00:00,6195.512886498067
2021-12-25 11:15:00+00:00,6170.907792787833
2021-12-25 12:15:00+00:00,6159.192902358555
2021-12-25 15:30:00+00:00,6132.483414133743
2021-12-25 17:45:00+00:00,6133.767527060429
2021-12-25 18:00:00+00:00,6120.752682180741
2021-12-25 18:30:00+00:00,6107.143876522529
2021-12-25 21:00:00+00:00,6094.115546334066
2021-12-25 22:00:00+00:00,6082.715160367385
2021-12-26 00:30:00+00:00,6069.34156198797
2021-12-26 02:30:00+00:00,6045.1950411072185
2021-12-26 03:45:00+00:00,6069.353964984577
2021-12-26 07:45:00+00:00,6056.004189968961
2021-12-26 09:45:00+00:00,6054.26680660152
2021-12-26 10:45:00+00:00,6056.258583309464
2021-12-26 11:00:00+00:00,6043.048211455141
2021-12-26 11:45:00+00:00,6029.993644681794
2021-12-26 12:45:00+00:00,6006.031130596991
2021-12-26 14:00:00+00:00,6008.060372733404
2021-12-26 16:30:00+00:00,5994.796499881789
2021-12-26 17:15:00+00:00,6031.857389839109
2021-12-26 18:00:00+00:00,6018.990938734783
2021-12-26 21:00:00+00:00,6020.992225516694
2021-12-26 21:15:00+00:00,6008.820043646837
2021-12-27 06:00:00+00:00,5995.338989976899
2021-12-27 08:45:00+00:00,5981.749957443162
2021-12-27 09:15:00+00:00,5983.185161077844
2021-12-27 10:00:00+00:00,5970.023913850696
2021-12-27 12:15:00+00:00,5957.897688749889
2021-12-27 15:30:00+00:00,5959.437117855867
2021-12-27 16:15:00+00:00,5961.487900464386
2021-12-27 18:15:00+00:00,5963.480903587774
2021-12-27 19:15:00+00:00,5965.389986445827
2021-12-27 20:30:00+00:00,5967.025521670509
2021-12-27 22:45:00+00:00,5940.731362245611
2021-12-27 23:30:00+00:00,5964.318895159355
2021-12-28 00:00:00+00:00,5951.208249344278
2021-12-28 00:15:00+00:00,5988.115767406747
2021-12-28 01:30:00+00:00,6024.723677745417
2021-12-28 04:15:00+00:00,6061.538158557956
2021-12-28 05:45:00+00:00,6123.056784669502
2021-12-28 06:15:00+00:00,6110.216143032274
2021-12-28 08:00:00+00:00,6097.407704905163
2021-12-28 11:30:00+00:00,6084.489227869689
2021-12-28 12:30:00+00:00,6079.396116092013
2021-12-28 13:00:00+00:00,6079.678684086474
2021-12-28 14:00:00+00:00,6066.831116656881
2021-12-28 16:45:00+00:00,6068.889916281949
2021-12-28 20:15:00+00:00,6056.060185656622
2021-12-28 20:45:00+00:00,6043.327450009308
2021-12-29 02:45:00+00:00,6046.291749723824
2021-12-29 09:45:00+00:00,6047.981311381695
2021-12-29 12:45:00+00:00,6085.132567524799
2021-12-29 13:15:00+00:00,6122.115468078098
2021-12-29 14:30:00+00:00,6124.280177638164
2021-12-29 18:30:00+00:00,6126.483853411631
2021-12-29 23:15:00+00:00,6163.462533290454
2021-12-30 00:00:00+00:00,6200.633793743269
2021-12-30 00:15:00+00:00,6237.748039580308
2021-12-30 00:30:00+00:00,6236.977932794432
2021-12-30 06:30:00+00:00,6241.405791952114
2021-12-30 06:45:00+00:00,6243.632675090162
2021-12-30 08:00:00+00:00,6218.474614131647
2021-12-30 11:00:00+00:00,6220.472924328671
2021-12-30 11:30:00+00:00,6194.279421146021
2021-12-30 13:45:00+00:00,6181.156539227974
2021-12-30 17:15:00+00:00,6182.85922722342
2022-01-19 14:45:00+00:00,6169.862964407492
2022-01-19 15:45:00+00:00,6156.691609874009
2022-01-19 16:00:00+00:00,6143.6229090826855
2022-01-19 16:30:00+00:00,6145.494518715816
2022-01-19 17:00:00+00:00,6147.475783556362
2022-01-19 19:15:00+00:00,6134.701042201725
2022-01-19 20:45:00+00:00,6136.690355803532
2022-01-19 23:15:00+00:00,6130.956379552734
2022-01-20 08:15:00+00:00,6132.6507606988935
2022-01-20 09:00:00+00:00,6119.66757666896
2022-01-20 12:45:00+00:00,6121.641630878233
2022-01-20 14:00:00+00:00,6158.3534263317915
2022-01-20 14:30:00+00:00,6194.5874604795235
2022-01-20 14:45:00+00:00,6268.041954202373
2022-01-20 16:00:00+00:00,6304.891699924656
2022-01-20 17:45:00+00:00,6291.918242348873
2022-01-20 18:45:00+00:00,6278.697308563477
2022-01-20 19:00:00+00:00,6265.344346742778
2022-01-20 20:15:00+00:00,6252.063106172234
2022-01-20 20:30:00+00:00,6239.094714319347
2022-01-20 20:45:00+00:00,6225.91378265197
2022-01-20 21:45:00+00:00,6262.881572634807
2022-01-21 00:00:00+00:00,6336.89429140764
2022-01-21 01:00:00+00:00,6373.916164043938
2022-01-21 01:45:00+00:00,6411.032379606364
2022-01-21 02:15:00+00:00,6413.267100201162
2022-01-21 07:30:00+00:00,6389.896927643586
2022-01-21 12:30:00+00:00,6501.396048929234
2022-01-21 19:45:00+00:00,6488.709572625838
2022-01-21 21:45:00+00:00,6476.028168275455
2022-01-21 22:30:00+00:00,6463.32419942618
2022-01-22 03:30:00+00:00,6453.004075612727
2022-01-22 04:30:00+00:00,6440.356440447882
2022-01-22 05:30:00+00:00,6440.515359097654
2022-01-22 06:00:00+00:00,6427.836857518613
2022-01-22 06:30:00+00:00,6415.181402888139
2022-01-22 07:15:00+00:00,6389.733728070869
2022-01-22 09:30:00+00:00,6364.363871403253
2022-01-22 09:45:00+00:00,6351.709543490493
2022-01-22 10:00:00+00:00,6301.05444696367
2022-01-22 16:00:00+00:00,6303.263875215981
2022-01-22 17:45:00+00:00,6293.0447921906425
2022-01-22 18:00:00+00:00,6295.374833038126
2022-01-23 08:30:00+00:00,6282.603309123556
2022-01-23 09:15:00+00:00,6269.743396747348
2022-01-23 09:30:00+00:00,6256.963245339994
2022-01-23 13:15:00+00:00,6259.061953257819
2022-01-23 13:30:00+00:00,6261.185627826158
2022-01-23 14:15:00+00:00,6248.254345874736
2022-01-23 14:45:00+00:00,6246.903230214092
2022-01-23 18:45:00+00:00,6234.15339818051
2022-01-23 19:15:00+00:00,6221.409309366242
2022-01-23 21:30:00+00:00,6223.592027688429
2022-01-24 04:45:00+00:00,6225.834159051264
2022-01-24 05:00:00+00:00,6262.933614928795
2022-01-24 06:15:00+00:00,6249.82812495607
2022-01-24 07:00:00+00:00,6287.0195463074515
2022-01-24 08:45:00+00:00,6288.896208941132
2022-01-24 10:00:00+00:00,6325.905081932775
2022-01-24 10:15:00+00:00,6328.170232445202
2022-01-24 12:00:00+00:00,6330.498660041025
2022-01-24 12:30:00+00:00,6367.781735653871
2022-01-24 17:30:00+00:00,6355.079505943508
2022-01-24 17:45:00+00:00,6392.375765617274
2022-01-24 18:15:00+00:00,6379.704890056016
2022-01-24 18:45:00+00:00,6416.947821421551
2022-01-24 22:30:00+00:00,6406.570583202152
2022-01-25 00:45:00+00:00,6408.82188624612
2022-01-25 01:30:00+00:00,6411.15318326908
2022-01-25 05:15:00+00:00,6398.421378230922
2022-01-25 07:30:00+00:00,6392.419837224377
2022-01-25 08:00:00+00:00,6394.193731483839
2022-01-25 15:00:00+00:00,6381.4725443006355
2022-01-25 20:00:00+00:00,6368.554599629612
2022-01-25 21:15:00+00:00,6343.066972361568
2022-01-26 02:45:00+00:00,6345.080778526373
2022-01-26 04:45:00+00:00,6382.153678081019
2022-01-26 06:15:00+00:00,6384.421721432217
2022-01-26 06:45:00+00:00,6371.5743893426015
2022-01-26 08:30:00+00:00,6373.782037192136
2022-01-26 12:30:00+00:00,6375.90727712615
2022-01-26 13:45:00+00:00,6412.960987446923
2022-01-26 15:15:00+00:00,6415.092072862504
2022-01-26 17:30:00+00:00,6417.243884813689
2022-01-26 18:00:00+00:00,6454.2700138822765
2022-01-26 18:45:00+00:00,6456.40087241816
2022-01-26 20:15:00+00:00,6495.836284604566
2022-01-26 21:30:00+00:00,6533.036232601899
2022-01-26 23:00:00+00:00,6557.679051128736
2022-01-27 11:30:00+00:00,6547.127794180664
2022-01-27 13:00:00+00:00,6549.433904762963
2022-01-27 14:00:00+00:00,6551.739588059015
2022-01-27 16:15:00+00:00,6538.916987617262
2022-01-27 16:30:00+00:00,6540.85391248738
2022-01-27 17:00:00+00:00,6528.040661183614
2022-01-27 17:15:00+00:00,6515.239901499624
2022-01-27 19:30:00+00:00,6502.455775800637
2022-01-27 20:15:00+00:00,6489.695032776406
2022-01-27 22:30:00+00:00,6463.9622515793135
2022-01-27 23:45:00+00:00,6451.068339729536
2022-01-28 03:00:00+00:00,6455.380132666463
2022-01-28 06:30:00+00:00,6457.591313562565
2022-01-28 07:45:00+00:00,6444.795980275074
2022-01-28 08:30:00+00:00,6431.748234197444
2022-01-28 11:15:00+00:00,6418.731750553136
2022-01-28 13:30:00+00:00,6405.650862639344
2022-01-28 17:45:00+00:00,6395.0069273478075
2022-01-28 21:15:00+00:00,6382.209554824147
2022-01-29 05:45:00+00:00,6419.413929833565
2022-01-29 08:45:00+00:00,6421.089932379471
2022-01-29 09:00:00+00:00,6407.9731218044835
2022-01-29 09:45:00+00:00,6445.083768711988
2022-01-29 14:30:00+00:00,6447.196892292856
2022-01-29 14:45:00+00:00,6449.110223404345
2022-01-29 15:45:00+00:00,6436.268361006283
2022-01-29 20:45:00+00:00,6438.234838758892
2022-01-29 21:00:00+00:00,6475.475054241911
2022-01-29 22:00:00+00:00,6462.413368891011
2022-01-29 22:15:00+00:00,6449.567120924066
2022-01-30 00:30:00+00:00,6438.683581495035
2022-01-30 04:45:00+00:00,6425.635600983349
2022-01-30 14:00:00+00:00,6427.207871515969
2022-01-30 14:15:00+00:00,6429.228678953898
2022-01-30 19:00:00+00:00,6468.120306884328
2022-01-30 20:00:00+00:00,6541.956977212413
2022-01-30 21:30:00+00:00,6528.791550437394
2022-01-30 23:00:00+00:00,6565.765038745709
2022-01-31 00:30:00+00:00,6589.827437991747
2022-01-31 00:45:00+00:00,6663.85968434453
2022-01-31 07:15:00+00:00,6664.370552469177
2022-01-31 07:30:00+00:00,6656.520228775862
2022-01-31 07:45:00+00:00,6658.724927698172
2022-01-31 10:45:00+00:00,6645.293420472221
2022-01-31 11:45:00+00:00,6646.923195603247
2022-01-31 13:30:00+00:00,6633.742576839105
2022-01-31 16:45:00+00:00,6620.652543693352
2022-01-31 19:15:00+00:00,6657.5028787734445
2022-01-31 21:45:00+00:00,6644.341371138762
2022-01-31 23:15:00+00:00,6631.221617492747
2022-01-31 23:30:00+00:00,6667.947363292546
2022-02-01 00:15:00+00:00,6654.8079293107985
2022-02-01 02:45:00+00:00,6691.874875460531
2022-02-01 09:00:00+00:00,6728.744767466848
2022-02-01 09:15:00+00:00,6767.6713368189085
2022-02-01 14:30:00+00:00,6754.676532688054
2022-02-01 17:45:00+00:00,6756.927565506581
2022-02-01 19:15:00+00:00,6744.193139876453
2022-02-01 22:45:00+00:00,6745.434077013454
2022-02-01 23:30:00+00:00,6732.349381715725
2022-02-02 03:00:00+00:00,6726.181957852489
2022-02-02 04:15:00+00:00,6713.204390997852
2022-02-02 06:30:00+00:00,6699.722440837155
2022-02-02 08:15:00+00:00,6701.228298739475
2022-02-02 08:45:00+00:00,6687.727696499583
2022-02-02 12:00:00+00:00,6674.676114151534
2022-02-02 12:30:00+00:00,6676.719007409748
2022-02-02 13:45:00+00:00,6663.6836673721
2022-02-02 14:30:00+00:00,6700.190342606624
2022-02-02 14:45:00+00:00,6725.275229473346
2022-02-02 16:00:00+00:00,6712.4649113284295
2022-02-02 16:45:00+00:00,6699.485740943005
2022-02-02 17:00:00+00:00,6703.627813861313
2022-02-02 18:30:00+00:00,6690.858415448457
2022-02-02 19:30:00+00:00,6677.803737504966
2022-02-02 21:30:00+00:00,6714.55031479981
2022-02-02 22:30:00+00:00,6775.920664490245
2022-02-03 04:15:00+00:00,6775.285506257983
2022-02-03 07:30:00+00:00,6775.40337628237
2022-02-03 10:00:00+00:00,6812.062984090955
2022-02-03 15:15:00+00:00,6814.194777357797
2022-02-03 19:30:00+00:00,6816.1581485024235
2022-02-03 20:45:00+00:00,6803.327138667007
2022-02-03 21:45:00+00:00,6805.578661312458
2022-02-03 23:45:00+00:00,6792.418435370565
2022-02-04 01:30:00+00:00,6794.176540170865
2022-02-04 02:45:00+00:00,6781.011996434235
2022-02-04 05:15:00+00:00,6767.710592875423
2022-02-04 09:45:00+00:00,6804.669543889082
2022-02-04 11:00:00+00:00,6791.738771968116
2022-02-04 12:15:00+00:00,6778.851824889071
2022-02-04 13:30:00+00:00,6765.980463031573
2022-02-04 15:00:00+00:00,6806.149835420281
2022-02-04 15:15:00+00:00,6880.321513888642
2022-02-04 18:00:00+00:00,6917.317176479578
2022-02-04 23:45:00+00:00,6954.432921422277
2022-02-05 03:45:00+00:00,7028.640253162893
2022-02-05 09:45:00+00:00,7015.784292492758
2022-02-05 16:30:00+00:00,7002.668481216938
2022-02-05 17:00:00+00:00,6989.631618705122
2022-02-05 17:45:00+00:00,6976.734894485401
2022-02-05 22:00:00+00:00,6978.841812441437
2022-02-06 01:00:00+00:00,6965.885819933656
2022-02-06 01:45:00+00:00,6952.833926242851
2022-02-06 04:00:00+00:00,6989.6763217853595
2022-02-06 10:00:00+00:00,6991.662151484587
2022-02-06 13:00:00+00:00,6978.080548414258
2022-02-06 14:30:00+00:00,6964.597670557834
2022-02-06 14:45:00+00:00,7001.640268740507
2022-02-06 15:15:00+00:00,7007.046683947196
2022-02-06 16:30:00+00:00,6993.853286878707
2022-02-06 20:30:00+00:00,6954.965737789988
2022-02-06 23:00:00+00:00,6941.746788439335
2022-02-06 23:15:00+00:00,6940.905591289036
2022-02-06 23:30:00+00:00,6927.93630478708
2022-02-07 02:00:00+00:00,6965.1173796001685
2022-02-07 02:15:00+00:00,6966.993585375012
2022-02-07 02:30:00+00:00,6969.030143874332
2022-02-07 03:15:00+00:00,6955.924461033661
2022-02-07 03:30:00+00:00,6929.747241795185
2022-02-07 05:00:00+00:00,6916.972342859556
2022-02-07 05:30:00+00:00,6954.135479387388
2022-02-07 11:00:00+00:00,6956.112144650741
2022-02-07 12:45:00+00:00,6958.075840967735
2022-02-07 13:15:00+00:00,6960.219429665646
2022-02-07 13:45:00+00:00,6947.1918763056865
2022-02-07 15:15:00+00:00,6948.92464258192
2022-02-07 16:30:00+00:00,6935.853278421191
2022-02-07 20:00:00+00:00,6922.974988997097
2022-02-07 20:45:00+00:00,6910.1549109529205
2022-02-08 00:00:00+00:00,6899.65299813872
2022-02-08 01:30:00+00:00,6886.815118954176
2022-02-08 03:30:00+00:00,6888.823274404739
2022-02-08 04:30:00+00:00,6890.953273106378
2022-02-08 05:00:00+00:00,6877.711105170508
2022-02-08 05:45:00+00:00,6864.3267324074395
2022-02-08 06:00:00+00:00,6824.827907832591
2022-02-08 06:30:00+00:00,6827.013173146107
2022-02-08 08:00:00+00:00,6863.950090635284
2022-02-08 08:15:00+00:00,6937.933634285411
2022-02-08 09:30:00+00:00,6939.922960196009
2022-02-08 10:45:00+00:00,6941.939402579679
2022-02-08 12:15:00+00:00,6978.915528962922
2022-02-08 20:30:00+00:00,6980.925003766962
2022-02-08 21:00:00+00:00,6970.091656453396
2022-02-08 23:30:00+00:00,6957.253990907129
2022-02-09 02:00:00+00:00,6959.538072768561
2022-02-09 07:45:00+00:00,6998.565029929021
2022-02-09 09:30:00+00:00,7000.383033073668
2022-02-09 12:30:00+00:00,6987.2820770814005
2022-02-09 14:45:00+00:00,6989.256789676918
2022-02-09 16:00:00+00:00,6976.298966847268
2022-02-09 21:15:00+00:00,6963.3575538353725
2022-02-10 00:00:00+00:00,6950.42590240331
2022-02-10 00:15:00+00:00,6952.396832603408
2022-02-10 07:00:00+00:00,6939.428599716325
2022-02-10 09:00:00+00:00,6926.346388951608
2022-02-10 09:15:00+00:00,6913.206777284463
2022-02-10 10:00:00+00:00,6949.850412323622
2022-02-10 10:15:00+00:00,6936.655183978643
2022-02-10 10:30:00+00:00,6923.396704130673
2022-02-10 11:30:00+00:00,6910.109015255331
2022-02-10 11:45:00+00:00,6911.728543175595
2022-02-10 12:15:00+00:00,6898.513442322943
2022-02-10 12:30:00+00:00,6885.253035081293
2022-02-10 13:15:00+00:00,6874.003216092887
2022-02-10 13:30:00+00:00,6875.831154757531
2022-02-10 14:15:00+00:00,6864.900354666841
2022-02-10 14:30:00+00:00,6867.083231301756
2022-02-10 14:45:00+00:00,6854.299081138414
2022-02-10 15:00:00+00:00,6828.600056169815
2022-02-10 17:00:00+00:00,6840.116897777121
2022-02-10 19:45:00+00:00,6827.282814699049
2022-02-11 00:00:00+00:00,6901.775215555725
2022-02-11 01:00:00+00:00,6903.942706810996
2022-02-11 06:45:00+00:00,6882.628655268611
2022-02-11 07:30:00+00:00,6875.185699948893
2022-02-11 08:00:00+00:00,6876.028100887445
2022-02-11 09:15:00+00:00,6880.184741766107
2022-02-11 18:30:00+00:00,6917.30313147395
2022-02-11 19:30:00+00:00,6891.445301715455
2022-02-11 22:15:00+00:00,6928.527704300835
2022-02-12 04:45:00+00:00,6962.308988076643
2022-02-12 05:00:00+00:00,6963.768238874972
2022-02-12 10:30:00+00:00,6950.605825625362
2022-02-12 15:45:00+00:00,6987.699209594593
2022-02-12 16:30:00+00:00,6974.873709320467
2022-02-12 18:00:00+00:00,7011.960636629485
2022-02-12 19:15:00+00:00,6998.955308960476
2022-02-12 20:00:00+00:00,6985.717138284898
2022-02-12 21:15:00+00:00,6972.446186361459
2022-02-12 21:30:00+00:00,6974.651521362218
2022-02-13 00:30:00+00:00,6950.600286803185
2022-02-13 10:00:00+00:00,6952.474461502605
2022-02-13 10:30:00+00:00,6954.513946555509
2022-02-13 11:15:00+00:00,6991.427271717813
2022-02-13 13:45:00+00:00,6989.569521129961
2022-02-13 14:30:00+00:00,6976.396705124112
2022-02-13 16:00:00+00:00,6965.78016003916
2022-02-13 17:45:00+00:00,6967.640570324429
2022-02-13 19:15:00+00:00,6969.794538969459
2022-02-13 20:15:00+00:00,6971.669213790994
2022-02-14 06:45:00+00:00,6960.407757806967
2022-02-14 07:45:00+00:00,6962.519539986481
2022-02-14 08:00:00+00:00,6949.296103657154
2022-02-14 09:45:00+00:00,6936.337521063446
2022-02-14 10:45:00+00:00,6923.41835195667
2022-02-14 11:30:00+00:00,6910.094866352491
2022-02-14 12:45:00+00:00,6897.1265992642575
2022-02-14 13:15:00+00:00,6921.233367424877
2022-02-14 14:45:00+00:00,6922.931615554023
2022-02-14 15:00:00+00:00,6924.806809791659
2022-02-14 15:30:00+00:00,6911.716256094778
2022-02-14 18:15:00+00:00,6898.865929928296
2022-02-14 18:45:00+00:00,6885.663535381985
2022-02-14 19:00:00+00:00,6859.684667937949
2022-02-14 19:15:00+00:00,6846.688194786488
2022-02-14 22:00:00+00:00,6883.7436816211775
2022-02-15 00:00:00+00:00,6920.871284955744
2022-02-15 01:30:00+00:00,6957.923912472474
2022-02-15 04:45:00+00:00,6994.841693407758
2022-02-15 08:00:00+00:00,6996.8518191734765
2022-02-15 08:15:00+00:00,6996.579799152715
2022-02-15 09:00:00+00:00,6998.482086328995
2022-02-15 10:15:00+00:00,6985.33612331483
2022-02-15 14:30:00+00:00,6987.103406668393
2022-02-15 15:15:00+00:00,6989.152589930557
2022-02-15 16:30:00+00:00,6991.114201382011
2022-02-15 17:15:00+00:00,6979.9533122087405
2022-02-15 21:45:00+00:00,6958.161147743199
2022-02-15 22:00:00+00:00,6945.168725879236
2022-02-15 23:00:00+00:00,6947.157758969921
2022-02-16 13:30:00+00:00,6983.932382213852
2022-02-16 15:30:00+00:00,6970.896307424508
2022-02-16 18:45:00+00:00,6944.895369980642
2022-02-16 19:00:00+00:00,6918.579083583392
2022-02-16 19:15:00+00:00,6905.636214664239
2022-02-16 20:15:00+00:00,6892.687820208005
2022-02-16 21:45:00+00:00,6879.701017217288
2022-02-16 22:15:00+00:00,6881.613801603146
2022-02-17 01:00:00+00:00,6883.413701011057
2022-02-17 03:00:00+00:00,6870.439814690434
2022-02-17 04:00:00+00:00,6907.272029582518
2022-02-17 06:15:00+00:00,6894.302459032451
2022-02-17 06:30:00+00:00,6881.33596826165
2022-02-17 07:30:00+00:00,6868.118421351083
2022-02-17 09:15:00+00:00,6905.113058524366
2022-02-17 10:00:00+00:00,6907.154064484456
2022-02-17 13:15:00+00:00,6943.896872717167
2022-02-17 16:00:00+00:00,6983.124659864251
2022-02-17 17:45:00+00:00,7020.209681023041
2022-02-17 18:00:00+00:00,7057.092330419266
2022-02-17 18:15:00+00:00,7094.192425854796
2022-02-17 18:30:00+00:00,7096.347975096562
2022-02-17 21:00:00+00:00,7098.531371844012
2022-02-17 22:00:00+00:00,7100.554083675121
2022-02-18 01:30:00+00:00,7102.655981666101
2022-02-18 04:00:00+00:00,7104.789142203403
2022-02-18 04:45:00+00:00,7098.60944737099
2022-02-18 07:15:00+00:00,7085.194120413144
2022-02-18 08:00:00+00:00,7072.231947496635
2022-02-18 08:45:00+00:00,7064.6589221673985
2022-02-18 11:45:00+00:00,7101.323508526316
2022-02-18 14:30:00+00:00,7138.172879746619
2022-02-18 22:15:00+00:00,7125.391809905181
2022-02-18 23:15:00+00:00,7126.822673455896
2022-02-19 06:30:00+00:00,7163.805621250891
2022-02-19 06:45:00+00:00,7150.897187856831
2022-02-19 08:15:00+00:00,7137.900136811527
2022-02-19 08:45:00+00:00,7124.788670910926
2022-02-19 10:15:00+00:00,7098.696429156845
2022-02-19 11:30:00+00:00,7072.290105116283
2022-02-19 13:00:00+00:00,7083.040027916104
2022-02-19 14:00:00+00:00,7072.022653309859
2022-02-19 16:15:00+00:00,7109.050521776413
2022-02-19 19:00:00+00:00,7111.060114498625
2022-02-19 22:15:00+00:00,7113.069115113057
2022-02-19 23:45:00+00:00,7099.531878253788
2022-02-20 05:45:00+00:00,7135.786488789808
2022-02-20 06:00:00+00:00,7172.664083580289
2022-02-20 08:15:00+00:00,7159.51340378152
2022-02-20 08:45:00+00:00,7146.548302751226
2022-02-20 09:30:00+00:00,7135.840010996039
2022-02-20 12:30:00+00:00,7137.766282452686
2022-02-20 12:45:00+00:00,7139.991378300803
2022-02-20 14:15:00+00:00,7129.378072625411
2022-02-20 20:15:00+00:00,7131.4998493143785
2022-02-20 22:00:00+00:00,7133.352728982687
2022-02-20 22:45:00+00:00,7120.441874924179
2022-02-20 23:00:00+00:00,7157.645390989883
2022-02-21 00:45:00+00:00,7159.403480045066
2022-02-21 04:45:00+00:00,7150.187698348152
2022-02-21 07:00:00+00:00,7137.141898188848
2022-02-21 07:30:00+00:00,7134.904881881248
2022-02-21 07:45:00+00:00,7121.65945157931
2022-02-21 10:15:00+00:00,7108.549251283427
2022-02-21 10:30:00+00:00,7132.454528817597
2022-02-21 11:30:00+00:00,7119.4184042329025
2022-02-21 13:45:00+00:00,7108.457503306383
2022-02-21 14:00:00+00:00,7110.559983883085
2022-02-21 14:15:00+00:00,7097.795979959615
2022-02-21 15:00:00+00:00,7085.004237526665
2022-02-21 18:00:00+00:00,7072.1447996543475
2022-02-21 19:00:00+00:00,7061.1946825010655
2022-02-21 21:45:00+00:00,7100.685722633231
2022-02-22 03:00:00+00:00,7125.175428530572
2022-02-22 10:15:00+00:00,7127.464950842509
2022-02-22 10:30:00+00:00,7129.695972998201
2022-02-22 14:45:00+00:00,7116.719898058765
2022-02-22 15:45:00+00:00,7156.020427889512
2022-02-22 16:00:00+00:00,7143.184837717623
2022-02-22 16:15:00+00:00,7117.556822419202
2022-02-22 22:45:00+00:00,7115.9591458947225
2022-02-23 02:30:00+00:00,7118.026187513523
2022-02-23 07:15:00+00:00,7155.1240985943605
2022-02-23 12:00:00+00:00,7157.283981036644
2022-02-23 13:15:00+00:00,7194.2964930180915
2022-02-23 13:30:00+00:00,7196.3836961744255
2022-02-23 14:00:00+00:00,7198.497217118952
2022-02-23 14:45:00+00:00,7185.443588946552
2022-02-23 15:00:00+00:00,7159.341426947883
2022-02-23 16:00:00+00:00,7146.165515980733
2022-02-23 16:15:00+00:00,7120.08095554854
2022-02-23 17:30:00+00:00,7122.077026237824
2022-02-23 18:00:00+00:00,7160.754052106279
2022-02-23 19:30:00+00:00,7150.13777685647
2022-02-23 20:00:00+00:00,7137.160156074421
2022-02-23 20:15:00+00:00,7139.059933687271
2022-02-23 22:30:00+00:00,7140.964512161406
2022-02-24 01:15:00+00:00,7180.089524195166
2022-02-24 02:45:00+00:00,7217.109631450218
2022-02-24 03:00:00+00:00,7291.336387799601
2022-02-24 03:30:00+00:00,7328.518199117564
2022-02-24 03:45:00+00:00,7330.775104212235
2022-02-24 05:30:00+00:00,7368.055253360813
2022-02-24 07:30:00+00:00,7355.408344783981
2022-02-24 14:00:00+00:00,7354.479105913464
2022-02-24 14:15:00+00:00,7349.577613293882
2022-02-24 14:45:00+00:00,7351.924201363348
2022-02-24 17:15:00+00:00,7354.205873931244
2022-02-24 18:45:00+00:00,7341.434645023387
2022-02-24 20:00:00+00:00,7378.720711693692
2022-02-24 22:30:00+00:00,7403.287531041812
2022-02-24 22:45:00+00:00,7390.634123973675
2022-02-25 00:45:00+00:00,7392.958303876673
2022-02-25 05:00:00+00:00,7380.261278969216
2022-02-25 05:30:00+00:00,7379.79149470762
2022-02-25 09:15:00+00:00,7354.186515299145
2022-02-25 12:00:00+00:00,7391.262813824208
2022-02-25 13:30:00+00:00,7428.520354831317
2022-02-25 15:00:00+00:00,7415.642523340636
2022-02-25 15:45:00+00:00,7417.865839964842
2022-02-25 17:15:00+00:00,7420.014972061676
2022-02-25 18:00:00+00:00,7407.168064746321
2022-02-25 21:00:00+00:00,7394.425990588172
2022-02-25 23:45:00+00:00,7431.613901552414
2022-02-26 00:30:00+00:00,7468.77771796803
2022-02-26 01:00:00+00:00,7458.263874397203
2022-02-26 05:30:00+00:00,7445.5516855575415
2022-02-26 05:45:00+00:00,7447.827314079815
2022-02-26 07:00:00+00:00,7435.008963882653
2022-02-26 08:30:00+00:00,7437.197286724155
2022-02-26 09:00:00+00:00,7424.250208276921
2022-02-26 16:30:00+00:00,7426.2179129194055
2022-02-26 18:15:00+00:00,7413.305099805016
2022-02-26 19:30:00+00:00,7414.647941851627
2022-02-26 22:00:00+00:00,7401.720587505623
2022-02-26 23:00:00+00:00,7388.804118147551
2022-02-27 00:30:00+00:00,7426.059250296021
2022-02-27 05:45:00+00:00,7400.2840223309995
2022-02-27 08:30:00+00:00,7374.495660534251
2022-02-27 09:15:00+00:00,7361.676199886012
2022-02-27 10:30:00+00:00,7398.633148812046
2022-02-27 10:45:00+00:00,7385.8027716185325
2022-02-27 12:45:00+00:00,7372.666599208969
2022-02-27 13:30:00+00:00,7398.509831477572
2022-02-27 13:45:00+00:00,7435.412288289874
2022-02-27 16:15:00+00:00,7422.628431997971
2022-02-27 19:45:00+00:00,7459.67576791127
2022-02-27 20:30:00+00:00,7498.844657903752
2022-02-27 20:45:00+00:00,7486.028717622199
2022-02-27 21:45:00+00:00,7488.185768643825
2022-02-28 00:00:00+00:00,7475.381261861941
2022-02-28 01:00:00+00:00,7462.534428573916
2022-02-28 01:15:00+00:00,7449.718261359934
2022-02-28 04:00:00+00:00,7451.793853442912
2022-02-28 06:15:00+00:00,7453.874434649185
2022-02-28 07:30:00+00:00,7458.08511929745
2022-02-28 08:00:00+00:00,7445.312197832434
2022-02-28 14:15:00+00:00,7432.536090904209
2022-02-28 16:15:00+00:00,7437.479695207615
2022-02-28 17:45:00+00:00,7474.583726389461
2022-02-28 22:30:00+00:00,7511.716538968278
2022-03-01 00:00:00+00:00,7585.940995618294
2022-03-01 05:30:00+00:00,7586.763902122963
2022-03-01 14:30:00+00:00,7574.000269890102
2022-03-01 16:45:00+00:00,7561.282749957388
2022-03-01 21:30:00+00:00,7562.630299000788
2022-03-01 22:30:00+00:00,7549.777315672634
2022-03-02 00:45:00+00:00,7551.8782970818775
2022-03-02 03:30:00+00:00,7539.040168765731
2022-03-02 03:45:00+00:00,7541.063387505129
2022-03-02 06:30:00+00:00,7515.440445886499
2022-03-02 10:30:00+00:00,7517.458905630023
2022-03-02 12:00:00+00:00,7519.610204650771
2022-03-02 13:15:00+00:00,7521.808072552736
2022-03-02 13:30:00+00:00,7558.983318325673
2022-03-02 14:30:00+00:00,7546.086898924514
2022-03-02 15:00:00+00:00,7533.124413667138
2022-03-02 21:45:00+00:00,7522.411185238038
2022-03-02 22:30:00+00:00,7520.536583398389
2022-03-03 00:30:00+00:00,7520.848513093421
2022-03-03 04:00:00+00:00,7507.763583912604
2022-03-03 04:45:00+00:00,7494.827099759133
2022-03-03 06:00:00+00:00,7531.728791230488
2022-03-03 07:00:00+00:00,7533.807191704596
2022-03-03 10:45:00+00:00,7520.638523782878
2022-03-03 11:15:00+00:00,7509.63457660379
2022-03-03 13:30:00+00:00,7496.6029930887025
2022-03-03 15:00:00+00:00,7533.488924782218
2022-03-03 15:15:00+00:00,7607.662469579008
2022-03-03 15:30:00+00:00,7644.561930527079
2022-03-03 16:00:00+00:00,7631.5793626875675
2022-03-03 16:15:00+00:00,7633.5746256140565
2022-03-03 17:15:00+00:00,7635.5232047373565
2022-03-03 18:00:00+00:00,7637.731096266015
2022-03-03 22:00:00+00:00,7639.729782353109
2022-03-04 00:15:00+00:00,7639.023238963219
2022-03-04 01:00:00+00:00,7674.212731111212
2022-03-04 03:30:00+00:00,7661.32457143448
2022-03-04 07:00:00+00:00,7648.33834384331
2022-03-04 08:00:00+00:00,7648.729558948395
2022-03-04 08:45:00+00:00,7622.24311047627
2022-03-04 11:45:00+00:00,7609.308076072146
2022-03-04 14:15:00+00:00,7596.484931566576
2022-03-04 15:45:00+00:00,7583.7053252482165
2022-03-04 20:00:00+00:00,7620.721395999042
2022-03-04 22:15:00+00:00,7657.81540660471
2022-03-04 22:45:00+00:00,7659.9055053952425
2022-03-05 00:30:00+00:00,7697.012405460994
2022-03-05 05:30:00+00:00,7691.492690861247
2022-03-05 05:45:00+00:00,7677.285825865027
2022-03-05 08:30:00+00:00,7664.067711054197
2022-03-05 11:15:00+00:00,7625.145130580259
2022-03-05 12:00:00+00:00,7611.8422994717275
2022-03-05 14:00:00+00:00,7635.546651741679
2022-03-05 14:15:00+00:00,7637.296219341524
2022-03-05 16:30:00+00:00,7623.99879633058
2022-03-05 17:30:00+00:00,7610.638826584859
2022-03-05 18:00:00+00:00,7597.739015141399
2022-03-05 18:15:00+00:00,7599.687577166456
2022-03-06 01:15:00+00:00,7599.869739145364
2022-03-06 04:00:00+00:00,7586.4463936622515
2022-03-06 04:30:00+00:00,7588.087911953356
2022-03-06 07:15:00+00:00,7589.758558533763
2022-03-06 08:45:00+00:00,7591.385184533673
2022-03-06 09:15:00+00:00,7537.884389948739
2022-03-06 10:00:00+00:00,7524.535810709312
2022-03-06 12:30:00+00:00,7511.533267886798
2022-03-06 13:15:00+00:00,7498.530475156644
2022-03-06 16:00:00+00:00,7500.521513002762
2022-03-06 19:45:00+00:00,7537.593336735743
2022-03-06 20:45:00+00:00,7524.5375946915965
2022-03-06 21:00:00+00:00,7526.495886193948
2022-03-06 23:00:00+00:00,7513.538740680164
2022-03-07 00:15:00+00:00,7550.589986828594
2022-03-07 00:30:00+00:00,7552.611492239753
2022-03-07 01:30:00+00:00,7554.726590767124
2022-03-07 07:00:00+00:00,7550.589808457975
2022-03-07 09:00:00+00:00,7552.710995177829
2022-03-07 10:30:00+00:00,7554.5265315388815
2022-03-07 12:00:00+00:00,7556.519564190238
2022-03-07 12:15:00+00:00,7543.50837548385
2022-03-07 13:00:00+00:00,7530.344669059428
2022-03-07 13:30:00+00:00,7567.390535480139
2022-03-07 16:45:00+00:00,7543.0707745584605
2022-03-07 17:00:00+00:00,7530.084023892227
2022-03-07 18:00:00+00:00,7491.255496721793
2022-03-07 19:45:00+00:00,7528.334876157541
2022-03-07 20:15:00+00:00,7530.415482031941
2022-03-07 22:00:00+00:00,7517.571093583052
2022-03-08 00:15:00+00:00,7519.719971160101
2022-03-08 02:30:00+00:00,7506.835374832973
2022-03-08 05:00:00+00:00,7508.970432637123
2022-03-08 05:15:00+00:00,7507.390646357789
2022-03-08 08:15:00+00:00,7509.521308663673
2022-03-08 10:00:00+00:00,7511.621085979022
2022-03-08 11:30:00+00:00,7513.624874380457
2022-03-08 12:30:00+00:00,7502.675090085859
2022-03-08 13:00:00+00:00,7489.661795407837
2022-03-08 13:15:00+00:00,7476.71067803921
2022-03-08 14:15:00+00:00,7478.727165948025
2022-03-08 15:30:00+00:00,7454.808201216722
2022-03-08 19:00:00+00:00,7441.895832341515
2022-03-08 21:00:00+00:00,7416.401781677151
2022-03-08 23:30:00+00:00,7403.431439695328
2022-03-09 00:30:00+00:00,7390.484142225202
2022-03-09 01:00:00+00:00,7377.393594997898
2022-03-09 01:45:00+00:00,7364.389888140185
2022-03-09 02:00:00+00:00,7351.093356533355
2022-03-09 03:45:00+00:00,7387.8098422045305
2022-03-09 12:30:00+00:00,7389.75341608177
2022-03-09 13:45:00+00:00,7378.682494990082
2022-03-09 18:15:00+00:00,7380.787184831435
2022-03-10 01:00:00+00:00,7384.16420684965
2022-03-10 01:30:00+00:00,7386.195515102614
2022-03-10 11:15:00+00:00,7386.15647760119
2022-03-10 13:30:00+00:00,7370.707721207945
2022-03-10 13:45:00+00:00,7381.690958598769
2022-03-10 14:45:00+00:00,7368.793908992909
2022-03-10 18:45:00+00:00,7370.79954581807
2022-03-10 19:15:00+00:00,7357.831328125967
2022-03-10 20:45:00+00:00,7344.697968534792
2022-03-10 21:30:00+00:00,7340.295300147617
2022-03-11 07:00:00+00:00,7377.316789561954
2022-03-11 07:15:00+00:00,7364.3509025947615
2022-03-11 09:30:00+00:00,7351.434995172229
2022-03-11 11:15:00+00:00,7338.351079747337
2022-03-11 12:15:00+00:00,7375.387585979752
2022-03-11 13:00:00+00:00,7362.424763147746
2022-03-11 13:15:00+00:00,7336.5018297472225
2022-03-11 13:45:00+00:00,7323.594435194689
2022-03-11 15:00:00+00:00,7310.6879502469
2022-03-11 16:00:00+00:00,7271.72220992381
2022-03-11 20:45:00+00:00,7233.005389736717
2022-03-11 21:15:00+00:00,7219.886017211819
2022-03-11 22:15:00+00:00,7244.223586284713
2022-03-12 00:00:00+00:00,7242.569402891436
2022-03-12 00:15:00+00:00,7244.821047119131
2022-03-12 02:00:00+00:00,7231.711760647254
2022-03-12 03:45:00+00:00,7233.969662362496
2022-03-12 04:15:00+00:00,7235.878562631927
2022-03-12 05:00:00+00:00,7237.791523479221
2022-03-12 09:15:00+00:00,7239.49967145891
2022-03-12 12:30:00+00:00,7241.003108592509
2022-03-12 17:15:00+00:00,7242.536857461376
2022-03-12 18:15:00+00:00,7244.118619765512
2022-03-12 19:00:00+00:00,7230.755403751183
2022-03-12 19:15:00+00:00,7217.527999348051
2022-03-12 21:15:00+00:00,7204.5881600577995
2022-03-13 00:45:00+00:00,7206.029911922446
2022-03-13 04:00:00+00:00,7192.646245516682
2022-03-13 07:30:00+00:00,7194.143741706307
2022-03-13 09:30:00+00:00,7180.693277651452
2022-03-13 11:15:00+00:00,7167.3157282473685
2022-03-13 11:45:00+00:00,7203.4597839433745
2022-03-13 12:15:00+00:00,7239.708632525321
2022-03-13 13:00:00+00:00,7241.143208600445
2022-03-13 13:15:00+00:00,7227.745231607807
2022-03-13 13:45:00+00:00,7214.642122815681
2022-03-13 14:45:00+00:00,7216.3521448915735
2022-03-13 15:00:00+00:00,7203.09293872686
2022-03-13 17:15:00+00:00,7176.773321516877
2022-03-13 17:30:00+00:00,7178.59056474034
2022-03-13 22:45:00+00:00,7215.312853630719
2022-03-14 01:00:00+00:00,7202.09278440957
2022-03-14 04:00:00+00:00,7176.017217422125
2022-03-14 04:45:00+00:00,7150.070799820139
2022-03-14 05:30:00+00:00,7137.271503985245
2022-03-14 07:30:00+00:00,7174.298420105045
2022-03-14 10:45:00+00:00,7175.971172474168
2022-03-14 12:15:00+00:00,7178.170609999375
2022-03-14 12:45:00+00:00,7165.0131336102795
2022-03-14 13:30:00+00:00,7151.739967890818
2022-03-14 21:00:00+00:00,7153.9215445097725
2022-03-15 09:15:00+00:00,7140.7500238279845
2022-03-15 12:15:00+00:00,7129.521561552863
2022-03-15 12:30:00+00:00,7116.268313147633
2022-03-15 14:00:00+00:00,7105.023033249106
2022-03-15 16:15:00+00:00,7143.749563011665
2022-03-15 18:00:00+00:00,7180.595863234834
2022-03-15 19:00:00+00:00,7204.430699767796
2022-03-15 20:00:00+00:00,7241.356210318384
2022-03-15 20:30:00+00:00,7228.182349120365
2022-03-15 20:45:00+00:00,7215.193691400241
2022-03-15 22:15:00+00:00,7217.0513711412195
2022-03-15 22:30:00+00:00,7206.064451742348
2022-03-16 00:45:00+00:00,7192.920711586563
2022-03-16 01:30:00+00:00,7229.801764536612
2022-03-16 02:00:00+00:00,7266.355606804542
2022-03-16 03:00:00+00:00,7253.279045583215
2022-03-16 08:15:00+00:00,7240.361382222758
2022-03-16 12:45:00+00:00,7227.219744056032
2022-03-16 15:45:00+00:00,7214.112342205932
2022-03-16 16:15:00+00:00,7215.978758993088
2022-03-16 18:00:00+00:00,7124.419161447639
2022-03-17 02:15:00+00:00,7126.463871033583
2022-03-17 04:15:00+00:00,7165.646863070121
2022-03-17 06:30:00+00:00,7152.551754325232
2022-03-17 12:45:00+00:00,7189.44627426607
2022-03-17 14:30:00+00:00,7176.285763770251
2022-03-17 14:45:00+00:00,7163.32991369705
2022-03-17 15:45:00+00:00,7165.497599612964
2022-03-17 20:15:00+00:00,7152.659937058572
2022-03-18 00:30:00+00:00,7139.499349608837
2022-03-18 03:15:00+00:00,7178.197105699559
2022-03-18 05:00:00+00:00,7179.984189042841
2022-03-18 05:45:00+00:00,7166.967516372887
2022-03-18 08:15:00+00:00,7168.856384692736
2022-03-18 12:00:00+00:00,7170.289068691466
2022-03-18 12:30:00+00:00,7156.805340550778
2022-03-18 13:15:00+00:00,7143.549575580921
2022-03-18 14:00:00+00:00,7145.095323570775
2022-03-18 15:30:00+00:00,7148.534619660413
2022-03-18 16:15:00+00:00,7122.292610840354
2022-03-18 17:00:00+00:00,7159.31958359271
2022-03-18 19:00:00+00:00,7146.399858971289
2022-03-18 20:00:00+00:00,7183.07279586651
2022-03-18 23:45:00+00:00,7181.805475327163
2022-03-19 02:00:00+00:00,7183.594669724785
2022-03-19 03:15:00+00:00,7185.141056443229
2022-03-19 06:15:00+00:00,7172.0038710928275
2022-03-19 13:45:00+00:00,7172.134708832644
2022-03-19 14:30:00+00:00,7173.94654822513
2022-03-19 15:45:00+00:00,7160.84955508162
2022-03-19 18:00:00+00:00,7147.927039273943
2022-03-19 22:00:00+00:00,7147.467041010741
2022-03-19 22:15:00+00:00,7134.339915548724
2022-03-20 09:15:00+00:00,7171.335687134075
2022-03-20 09:30:00+00:00,7208.166418013645
2022-03-20 09:45:00+00:00,7205.00035233487
2022-03-20 12:00:00+00:00,7241.699538305947
2022-03-20 12:15:00+00:00,7230.326912453208
2022-03-20 14:45:00+00:00,7217.291473570547
2022-03-20 16:15:00+00:00,7204.375980031807
2022-03-20 19:30:00+00:00,7206.1803606936965
2022-03-20 19:45:00+00:00,7207.8792608991125
2022-03-20 20:00:00+00:00,7209.784733619223
2022-03-21 00:45:00+00:00,7183.394284460117
2022-03-21 02:30:00+00:00,7220.378919486739
2022-03-21 02:45:00+00:00,7259.239981588044
2022-03-21 04:45:00+00:00,7246.104147493796
2022-03-21 05:45:00+00:00,7233.106855687869
2022-03-21 06:00:00+00:00,7219.72245184643
2022-03-21 07:30:00+00:00,7193.315639275658
2022-03-21 07:45:00+00:00,7180.1041319098695
2022-03-21 08:30:00+00:00,7140.853044072442
2022-03-21 09:30:00+00:00,7142.449079354735
2022-03-21 12:30:00+00:00,7129.602658335513
2022-03-21 13:00:00+00:00,7133.073470882478
2022-03-21 14:00:00+00:00,7134.999424877551
2022-03-21 15:15:00+00:00,7121.832700229383
2022-03-21 15:45:00+00:00,7108.778249983429
2022-03-21 17:30:00+00:00,7110.611884086509
2022-03-21 17:45:00+00:00,7112.550741742305
2022-03-21 20:15:00+00:00,7099.668073491863
2022-03-21 21:45:00+00:00,7101.876578143433
2022-03-22 00:30:00+00:00,7103.595868574938
2022-03-22 03:15:00+00:00,7140.484937782857
2022-03-22 03:30:00+00:00,7177.381048721257
2022-03-22 04:15:00+00:00,7214.231926321108
2022-03-22 04:45:00+00:00,7216.211306672338
2022-03-22 06:00:00+00:00,7190.18042879796
2022-03-22 15:30:00+00:00,7192.287984903772
2022-03-22 19:45:00+00:00,7194.307169368903
2022-03-23 00:00:00+00:00,7170.137584700566
2022-03-23 02:15:00+00:00,7156.987121768119
2022-03-23 02:30:00+00:00,7143.917282822526
2022-03-23 04:30:00+00:00,7180.776767546113
2022-03-23 05:45:00+00:00,7182.623280777552
2022-03-23 06:15:00+00:00,7169.3544250298855
2022-03-23 10:15:00+00:00,7173.0854091374995
2022-03-23 12:30:00+00:00,7174.710633316585
2022-03-23 12:45:00+00:00,7176.278987108676
2022-03-23 14:00:00+00:00,7151.527393116203
2022-03-23 16:00:00+00:00,7188.70086265466
2022-03-23 17:45:00+00:00,7175.887636290325
2022-03-23 19:00:00+00:00,7152.358823280963
2022-03-23 22:15:00+00:00,7139.4159940526515
2022-03-24 00:00:00+00:00,7176.620195548505
2022-03-24 01:00:00+00:00,7163.563679865139
2022-03-24 01:15:00+00:00,7150.383663123004
2022-03-24 02:15:00+00:00,7187.599167995317
2022-03-24 09:30:00+00:00,7189.425902365905
2022-03-24 12:30:00+00:00,7193.658773616194
2022-03-24 14:45:00+00:00,7197.668336642809
2022-03-24 19:15:00+00:00,7234.791364299893
2022-03-24 22:15:00+00:00,7231.141095005542
2022-03-24 22:45:00+00:00,7233.3304781705165
2022-03-25 10:30:00+00:00,7220.304292653699
2022-03-25 11:00:00+00:00,7207.219683422422
2022-03-25 12:30:00+00:00,7194.139500614731
2022-03-25 15:15:00+00:00,7231.2206007644945
2022-03-25 15:30:00+00:00,7218.060182547099
2022-03-25 16:00:00+00:00,7291.919964305843
2022-03-25 16:30:00+00:00,7279.015103222103
2022-03-25 17:00:00+00:00,7265.841276332405
2022-03-25 18:00:00+00:00,7267.788370230101
2022-03-25 18:15:00+00:00,7254.95440923049
2022-03-25 20:00:00+00:00,7256.932429823118
2022-03-25 20:45:00+00:00,7258.7478541198525
2022-03-26 01:30:00+00:00,7260.882699295789
2022-03-26 03:30:00+00:00,7261.981789805371
2022-03-26 03:45:00+00:00,7248.967952278791
2022-03-26 05:00:00+00:00,7250.569528973731
2022-03-26 05:30:00+00:00,7237.417375331613
2022-03-26 07:00:00+00:00,7223.558815235386
2022-03-26 12:15:00+00:00,7225.3049898971785
2022-03-26 16:00:00+00:00,7212.265565275619
2022-03-26 17:00:00+00:00,7198.2096216395785
2022-03-26 18:00:00+00:00,7184.975250279966
2022-03-26 19:00:00+00:00,7186.024574180102
2022-03-26 20:00:00+00:00,7172.770245289985
2022-03-26 20:45:00+00:00,7174.745707289688
2022-03-26 21:15:00+00:00,7161.664661899427
2022-03-27 03:30:00+00:00,7148.071117233925
2022-03-27 10:15:00+00:00,7179.229514220605
2022-03-27 15:00:00+00:00,7180.297828862739
2022-03-27 15:15:00+00:00,7216.307280487938
2022-03-27 16:30:00+00:00,7203.210611372167
2022-03-27 16:45:00+00:00,7204.376515198267
2022-03-27 20:15:00+00:00,7190.674932428201
2022-03-27 20:30:00+00:00,7192.563038404914
2022-03-27 22:30:00+00:00,7229.190800351248
2022-03-27 23:45:00+00:00,7265.922827610646
2022-03-28 00:30:00+00:00,7252.926610064211
2022-03-28 03:30:00+00:00,7289.635756719742
2022-03-28 05:00:00+00:00,7276.617055223464
2022-03-28 05:45:00+00:00,7300.560732572051
2022-03-28 09:30:00+00:00,7302.226394011796
2022-03-28 11:30:00+00:00,7289.3595101063265
2022-03-28 15:00:00+00:00,7326.48024809467
2022-03-28 16:15:00+00:00,7313.579187361906
2022-03-28 19:45:00+00:00,7300.563461906886
2022-03-28 21:30:00+00:00,7337.592465158342
2022-03-28 23:00:00+00:00,7324.648108958655
2022-03-28 23:15:00+00:00,7361.273752689646
2022-03-29 05:00:00+00:00,7385.340408705245
2022-03-29 11:30:00+00:00,7387.139015077606
2022-03-29 11:45:00+00:00,7423.979844862704
2022-03-29 12:00:00+00:00,7410.844059464293
2022-03-29 13:15:00+00:00,7412.937667757141
2022-03-29 15:45:00+00:00,7449.750000711012
2022-03-29 16:00:00+00:00,7488.370234751991
2022-03-29 16:15:00+00:00,7475.401256556791
2022-03-29 17:45:00+00:00,7477.153224069866
2022-03-29 19:00:00+00:00,7464.103598761414
2022-03-29 19:15:00+00:00,7450.803493954064
2022-03-30 00:45:00+00:00,7452.876735794292
2022-03-30 03:45:00+00:00,7440.021452361556
2022-03-30 05:15:00+00:00,7441.912643575804
2022-03-30 06:00:00+00:00,7443.9705893831115
2022-03-30 07:00:00+00:00,7430.570607391447
2022-03-30 11:15:00+00:00,7432.371113186808
2022-03-30 13:30:00+00:00,7419.076896860134
2022-03-30 15:30:00+00:00,7456.261415835079
2022-03-30 16:15:00+00:00,7445.385176501326
2022-03-30 19:00:00+00:00,7434.281409778049
2022-03-30 19:45:00+00:00,7421.561586304235
2022-03-30 23:15:00+00:00,7420.373176915587
2022-03-31 00:30:00+00:00,7407.324573387038
2022-03-31 01:15:00+00:00,7394.297695141638
2022-03-31 04:30:00+00:00,7381.2371415226535
2022-03-31 08:00:00+00:00,7383.0793035115175
2022-03-31 08:45:00+00:00,7369.572385034194
2022-03-31 09:45:00+00:00,7356.124849431265
2022-03-31 13:15:00+00:00,7329.653202496186
2022-03-31 14:00:00+00:00,7366.298714095444
2022-03-31 14:45:00+00:00,7390.514852087491
2022-03-31 16:15:00+00:00,7427.4373295830965
2022-03-31 16:30:00+00:00,7466.419183775468
2022-03-31 19:30:00+00:00,7453.651132689877
2022-03-31 21:15:00+00:00,7440.893929442626
2022-03-31 22:45:00+00:00,7438.807031000779
2022-03-31 23:45:00+00:00,7426.008256390517
2022-04-01 02:15:00+00:00,7462.918591370019
2022-04-01 04:00:00+00:00,7501.538282208512
2022-04-01 04:15:00+00:00,7488.814901042163
2022-04-01 05:15:00+00:00,7475.970795045142
2022-04-01 07:00:00+00:00,7462.970992253451
2022-04-01 07:45:00+00:00,7436.884340920146
2022-04-01 08:00:00+00:00,7423.609284121425
2022-04-01 10:30:00+00:00,7397.351560077138
2022-04-01 11:00:00+00:00,7399.036804009433
2022-04-01 12:30:00+00:00,7400.632041789597
2022-04-01 13:15:00+00:00,7389.382489988974
2022-04-01 13:30:00+00:00,7376.193854692263
2022-04-01 13:45:00+00:00,7363.260069630066
2022-04-01 14:15:00+00:00,7350.355776761667
2022-04-01 14:45:00+00:00,7337.520116391689
2022-04-01 17:45:00+00:00,7374.7337708576715
2022-04-01 20:00:00+00:00,7361.90220554631
2022-04-01 20:45:00+00:00,7364.110327422922
2022-04-01 22:30:00+00:00,7351.111705525694
2022-04-02 08:45:00+00:00,7337.935726107601
2022-04-02 11:15:00+00:00,7324.442538182435
2022-04-02 12:00:00+00:00,7313.126414982031
2022-04-02 12:45:00+00:00,7315.169582718074
2022-04-02 13:45:00+00:00,7316.8395030171005
2022-04-02 15:00:00+00:00,7303.54373660957
2022-04-02 18:00:00+00:00,7290.411443993586
2022-04-02 23:30:00+00:00,7278.990208567593
2022-04-02 23:45:00+00:00,7265.943315237015
2022-04-03 00:30:00+00:00,7268.118298520139
2022-04-03 02:00:00+00:00,7270.26647234014
2022-04-03 04:00:00+00:00,7257.060238828567
2022-04-03 05:30:00+00:00,7231.279569437262
2022-04-03 06:00:00+00:00,7218.035450947754
2022-04-03 09:30:00+00:00,7192.12032270387
2022-04-03 11:45:00+00:00,7178.743877463985
2022-04-03 13:30:00+00:00,7180.604401541003
2022-04-03 14:00:00+00:00,7182.357498097105
2022-04-03 14:30:00+00:00,7219.325168427403
2022-04-03 15:30:00+00:00,7206.4787344241395
2022-04-03 16:15:00+00:00,7193.124811623563
2022-04-03 17:15:00+00:00,7179.786721829964
2022-04-03 22:30:00+00:00,7216.4195012156915
2022-04-03 23:00:00+00:00,7218.2534334887905
2022-04-03 23:30:00+00:00,7220.403339451228
2022-04-04 00:15:00+00:00,7257.395390234735
2022-04-04 01:45:00+00:00,7259.476388521444
2022-04-04 03:30:00+00:00,7246.52018755805
2022-04-04 07:45:00+00:00,7248.520004815557
2022-04-04 09:45:00+00:00,7235.568308011667
2022-04-04 12:45:00+00:00,7237.627204367781
2022-04-04 15:00:00+00:00,7224.892371324149
2022-04-04 17:30:00+00:00,7285.927658305037
2022-04-04 19:00:00+00:00,7287.976340992137
2022-04-04 19:30:00+00:00,7289.880345879634
2022-04-04 20:15:00+00:00,7276.710527950439
2022-04-04 22:45:00+00:00,7265.368370829969
2022-04-05 02:00:00+00:00,7252.282935406305
2022-04-05 05:00:00+00:00,7289.486206544649
2022-04-05 05:15:00+00:00,7286.364542994513
2022-04-05 11:00:00+00:00,7287.998869341998
2022-04-05 12:00:00+00:00,7274.626341252752
2022-04-05 13:15:00+00:00,7311.339122424718
2022-04-05 13:30:00+00:00,7313.58182710117
2022-04-05 16:15:00+00:00,7350.853541543559
2022-04-05 19:15:00+00:00,7354.547931455385
2022-04-05 21:00:00+00:00,7355.861769793328
2022-04-05 21:45:00+00:00,7357.7779372163695
2022-04-06 00:00:00+00:00,7394.832929508229
2022-04-06 00:15:00+00:00,7432.009575723373
2022-04-06 02:00:00+00:00,7455.882645645155
2022-04-06 04:45:00+00:00,7443.05325237488
2022-04-06 06:45:00+00:00,7435.709715083041
2022-04-06 09:00:00+00:00,7436.764939445448
2022-04-06 17:45:00+00:00,7438.9616480544
2022-04-06 18:00:00+00:00,7441.01602373785
2022-04-06 18:30:00+00:00,7430.259767499323
2022-04-06 19:45:00+00:00,7417.5109901089545
2022-04-06 20:00:00+00:00,7404.70891891395
2022-04-06 21:30:00+00:00,7391.875713794586
2022-04-07 00:15:00+00:00,7394.044680999633
2022-04-07 01:00:00+00:00,7396.28499552659
2022-04-07 01:45:00+00:00,7398.152531438539
2022-04-07 07:00:00+00:00,7374.709694851846
2022-04-07 07:30:00+00:00,7361.92772117527
2022-04-07 08:00:00+00:00,7349.077129736141
2022-04-07 11:00:00+00:00,7335.877921765124
2022-04-07 11:15:00+00:00,7338.002562126742
2022-04-07 11:30:00+00:00,7324.82125169966
2022-04-07 14:00:00+00:00,7326.4063665047925
2022-04-07 15:00:00+00:00,7313.270160452987
2022-04-07 18:15:00+00:00,7287.2927686727535
2022-04-08 00:30:00+00:00,7289.403676732758
2022-04-08 01:00:00+00:00,7275.930985086058
2022-04-08 02:30:00+00:00,7312.88656901523
2022-04-08 07:15:00+00:00,7315.028841698417
2022-04-08 07:30:00+00:00,7301.793058107349
2022-04-08 07:45:00+00:00,7303.529731166055
2022-04-08 09:00:00+00:00,7305.3051371685
2022-04-08 10:00:00+00:00,7292.045872802709
2022-04-08 11:00:00+00:00,7266.322269128093
2022-04-08 11:45:00+00:00,7253.139437842703
2022-04-08 12:30:00+00:00,7239.862699459487
2022-04-08 13:30:00+00:00,7213.264808280556
2022-04-08 14:00:00+00:00,7200.061516769054
2022-04-08 14:15:00+00:00,7237.181329879691
2022-04-08 15:00:00+00:00,7273.981453294291
2022-04-08 16:45:00+00:00,7260.875135344213
2022-04-08 18:00:00+00:00,7249.942140530954
2022-04-08 23:00:00+00:00,7323.851385335189
2022-04-09 00:00:00+00:00,7325.823574645673
2022-04-09 04:00:00+00:00,7327.917396577297
2022-04-09 08:00:00+00:00,7329.726455796839
2022-04-09 17:30:00+00:00,7331.576373183808
2022-04-09 19:30:00+00:00,7318.4834201884205
2022-04-09 21:30:00+00:00,7305.2458469477
2022-04-09 22:15:00+00:00,7291.931654505642
2022-04-10 00:15:00+00:00,7293.432262755748
2022-04-10 01:15:00+00:00,7295.182144389176
2022-04-10 02:45:00+00:00,7297.174438127416
2022-04-10 03:00:00+00:00,7320.879076639809
2022-04-10 04:00:00+00:00,7308.018444769821
2022-04-10 05:00:00+00:00,7309.238410203839
2022-04-10 05:45:00+00:00,7295.743292549885
2022-04-10 06:00:00+00:00,7282.877523664679
2022-04-10 08:00:00+00:00,7269.399828500884
2022-04-10 09:00:00+00:00,7255.943009625771
2022-04-10 11:45:00+00:00,7242.040279093736
2022-04-10 12:00:00+00:00,7229.00453430027
2022-04-10 16:30:00+00:00,7215.223455444476
2022-04-10 17:15:00+00:00,7251.9287958029845
2022-04-10 21:30:00+00:00,7274.9582119621
2022-04-10 21:45:00+00:00,7278.906541289425
2022-04-10 22:15:00+00:00,7265.76360680666
2022-04-10 22:30:00+00:00,7252.274734187544
2022-04-10 22:45:00+00:00,7225.841212390357
2022-04-11 00:30:00+00:00,7220.070533570347
2022-04-11 02:45:00+00:00,7256.7953127523015
2022-04-11 04:30:00+00:00,7295.643547665795
2022-04-11 05:45:00+00:00,7282.550152828033
2022-04-11 08:30:00+00:00,7319.598063380373
2022-04-11 09:00:00+00:00,7356.255473821261
2022-04-11 09:15:00+00:00,7393.188293962025
2022-04-11 09:45:00+00:00,7395.107788193738
2022-04-11 10:00:00+00:00,7382.243096964569
2022-04-11 12:00:00+00:00,7369.429817472675
2022-04-11 13:15:00+00:00,7356.616413663743
2022-04-11 13:45:00+00:00,7358.548407441187
2022-04-11 19:30:00+00:00,7345.747428249916
2022-04-11 20:00:00+00:00,7382.827433967727
2022-04-11 20:15:00+00:00,7384.848039412439
2022-04-11 23:30:00+00:00,7386.907817074167
2022-04-12 04:15:00+00:00,7373.893951534861
2022-04-12 05:15:00+00:00,7360.735802902499
2022-04-12 05:30:00+00:00,7347.7681082965055
2022-04-12 06:45:00+00:00,7349.791732262511
2022-04-12 08:00:00+00:00,7336.611494964814
2022-04-12 11:15:00+00:00,7310.3521474835015
2022-04-12 11:30:00+00:00,7297.097330357015
2022-04-12 12:30:00+00:00,7285.609774789618
2022-04-12 13:45:00+00:00,7287.325030293733
2022-04-12 14:15:00+00:00,7274.5069576486985
2022-04-12 17:30:00+00:00,7261.717907725689
2022-04-12 18:00:00+00:00,7263.621900715298
2022-04-12 19:45:00+00:00,7287.638020684149
2022-04-12 21:45:00+00:00,7274.774621782353
2022-04-13 00:00:00+00:00,7261.886397915714
2022-04-13 01:00:00+00:00,7263.776081436961
2022-04-13 11:45:00+00:00,7250.3654599453075
2022-04-13 13:00:00+00:00,7237.07780141259
2022-04-13 13:45:00+00:00,7273.826906687727
2022-04-13 14:15:00+00:00,7297.98190202479
2022-04-13 15:15:00+00:00,7334.766978294192
2022-04-13 16:45:00+00:00,7336.663330137626
2022-04-13 17:30:00+00:00,7323.786038312561
2022-04-13 19:00:00+00:00,7360.614225337581
2022-04-13 21:30:00+00:00,7362.6870989484705
2022-04-14 03:15:00+00:00,7349.488228880345
2022-04-14 07:00:00+00:00,7336.164008922115
2022-04-14 09:15:00+00:00,7322.830720471206
2022-04-14 10:00:00+00:00,7309.741289241961
2022-04-14 10:30:00+00:00,7296.890558730443
2022-04-14 11:45:00+00:00,7283.600448089594
2022-04-14 13:30:00+00:00,7285.795280179457
2022-04-14 14:00:00+00:00,7324.196901914853
2022-04-14 16:00:00+00:00,7361.1499942059045
2022-04-14 23:15:00+00:00,7363.112675945656
2022-04-15 00:00:00+00:00,7362.28217642331
2022-04-15 00:15:00+00:00,7349.096166748807
2022-04-15 03:00:00+00:00,7350.569512108022
2022-04-15 03:15:00+00:00,7339.141631190215
2022-04-15 03:45:00+00:00,7326.076051105626
2022-04-15 04:00:00+00:00,7363.139188152856
2022-04-15 04:15:00+00:00,7349.608591821415
2022-04-15 04:45:00+00:00,7336.756130520524
2022-04-15 07:15:00+00:00,7323.944369330909
2022-04-15 07:45:00+00:00,7325.870458146331
2022-04-15 08:00:00+00:00,7329.053223228625
2022-04-15 11:30:00+00:00,7331.207148841099
2022-04-15 11:45:00+00:00,7333.093871014908
2022-04-15 12:30:00+00:00,7335.213057783375
2022-04-15 12:45:00+00:00,7321.953334845271
2022-04-15 16:00:00+00:00,7323.8637199780205
2022-04-15 19:15:00+00:00,7310.903792231343
2022-04-15 22:00:00+00:00,7312.743062969725
2022-04-16 03:15:00+00:00,7314.381037804693
2022-04-16 06:30:00+00:00,7301.0273361943
2022-04-16 14:30:00+00:00,7287.757666719253
2022-04-16 15:00:00+00:00,7274.192133688679
2022-04-16 15:30:00+00:00,7333.499594546335
2022-04-16 17:00:00+00:00,7320.18002341237
2022-04-16 21:15:00+00:00,7307.095388193271
2022-04-16 21:45:00+00:00,7343.26207330198
2022-04-17 02:15:00+00:00,7303.128862053236
2022-04-17 03:00:00+00:00,7339.593708748096
2022-04-17 03:15:00+00:00,7341.274474363345
2022-04-17 04:15:00+00:00,7327.2579825475095
2022-04-17 05:45:00+00:00,7313.575005116823
2022-04-17 08:15:00+00:00,7300.429757169139
2022-04-17 11:15:00+00:00,7302.196173684569
2022-04-17 11:30:00+00:00,7303.1283169569115
2022-04-17 13:15:00+00:00,7289.548394120734
2022-04-17 14:00:00+00:00,7291.347201713142
2022-04-17 14:30:00+00:00,7292.807210548325
2022-04-17 15:15:00+00:00,7329.402992312778
2022-04-17 16:45:00+00:00,7330.777796734874
2022-04-17 17:45:00+00:00,7317.625621729722
2022-04-17 18:00:00+00:00,7354.226139615888
2022-04-17 19:45:00+00:00,7355.403499678948
2022-04-17 20:45:00+00:00,7330.972931142128
2022-04-17 22:00:00+00:00,7317.7260284046
2022-04-17 22:15:00+00:00,7318.459888563599
2022-04-17 23:15:00+00:00,7355.172663044722
2022-04-18 02:15:00+00:00,7378.76361278678
2022-04-18 02:30:00+00:00,7365.420757067428
2022-04-18 04:15:00+00:00,7438.54411825078
2022-04-18 07:15:00+00:00,7462.380049495128
2022-04-18 09:45:00+00:00,7449.234799273023
2022-04-18 10:30:00+00:00,7436.304589143997
2022-04-18 16:00:00+00:00,7423.2412565242785
2022-04-18 17:15:00+00:00,7447.2590470357645
2022-04-18 19:00:00+00:00,7449.3213016624495
2022-04-19 01:15:00+00:00,7436.1954249908795
2022-04-19 02:15:00+00:00,7425.7441315914275
2022-04-19 02:30:00+00:00,7412.607526279371
2022-04-19 02:45:00+00:00,7414.620486945382
2022-04-19 07:15:00+00:00,7401.339884384774
2022-04-19 09:00:00+00:00,7389.719054662357
2022-04-19 09:30:00+00:00,7383.667579011447
2022-04-19 11:15:00+00:00,7370.116744406409
2022-04-19 11:45:00+00:00,7356.860973911375
2022-04-19 14:00:00+00:00,7393.37580334525
2022-04-19 16:30:00+00:00,7380.079892823766
2022-04-19 17:15:00+00:00,7366.873718406739
2022-04-19 19:15:00+00:00,7403.642562277477
2022-04-19 20:00:00+00:00,7405.718119532082
2022-04-20 00:00:00+00:00,7392.53516961698
2022-04-20 00:15:00+00:00,7394.566956868526
2022-04-20 00:30:00+00:00,7390.409030230893
2022-04-20 07:00:00+00:00,7388.0031619768715
2022-04-20 08:00:00+00:00,7374.894161788176
2022-04-20 09:30:00+00:00,7361.373971220618
2022-04-20 10:15:00+00:00,7334.728137531006
2022-04-20 11:00:00+00:00,7322.97077213271
2022-04-20 12:00:00+00:00,7324.6548408355475
2022-04-20 13:30:00+00:00,7321.664107461209
2022-04-20 14:15:00+00:00,7323.633771360578
2022-04-20 15:00:00+00:00,7310.39373097662
2022-04-20 18:30:00+00:00,7271.182219288963
2022-04-20 19:00:00+00:00,7260.198143507936
2022-04-20 20:00:00+00:00,7247.133572589832
2022-04-20 20:45:00+00:00,7233.930443606048
2022-04-20 21:15:00+00:00,7220.912720467596
2022-04-20 21:30:00+00:00,7207.920422081484
2022-04-21 00:45:00+00:00,7209.967551896133
2022-04-21 01:00:00+00:00,7196.675400371722
2022-04-21 07:45:00+00:00,7198.672110636789
2022-04-21 10:15:00+00:00,7200.401144074894
2022-04-21 11:30:00+00:00,7236.885217884125
2022-04-21 13:45:00+00:00,7238.824387686943
2022-04-21 14:30:00+00:00,7240.566249399273
2022-04-21 15:30:00+00:00,7229.133503006115
2022-04-21 15:45:00+00:00,7215.878772345895
2022-04-21 16:00:00+00:00,7202.746141940878
2022-04-21 16:45:00+00:00,7163.495172785656
2022-04-21 17:00:00+00:00,7150.418494635049
2022-04-21 18:45:00+00:00,7137.316032351568
2022-04-21 19:00:00+00:00,7124.274974051317
2022-04-21 21:45:00+00:00,7161.048814258312
2022-04-21 22:30:00+00:00,7197.934311337678
2022-04-22 00:30:00+00:00,7224.004005132506
2022-04-22 04:45:00+00:00,7211.051327833618
2022-04-22 05:00:00+00:00,7205.254059947198
2022-04-22 06:00:00+00:00,7191.880062884702
2022-04-22 07:15:00+00:00,7185.707328549375
2022-04-22 19:30:00+00:00,7172.637818765755
2022-04-22 23:00:00+00:00,7159.508687583133
2022-04-22 23:45:00+00:00,7161.419513032691
2022-04-23 04:15:00+00:00,7198.160822630051
2022-04-23 05:00:00+00:00,7221.495176168763
2022-04-23 05:30:00+00:00,7223.301600942572
2022-04-23 08:00:00+00:00,7210.233478212999
2022-04-23 08:45:00+00:00,7196.991395655692
2022-04-23 10:15:00+00:00,7183.031961421378
2022-04-23 11:00:00+00:00,7169.433796398366
2022-04-23 12:30:00+00:00,7170.762680746453
2022-04-23 13:00:00+00:00,7172.488850622704
2022-04-23 17:00:00+00:00,7174.410805471587
2022-04-23 19:15:00+00:00,7161.389049483387
2022-04-23 23:00:00+00:00,7148.106728301375
2022-04-23 23:30:00+00:00,7184.844442317711
2022-04-24 02:30:00+00:00,7186.4211224302835
2022-04-24 03:00:00+00:00,7172.944089304857
2022-04-24 03:30:00+00:00,7174.305637894389
2022-04-24 08:30:00+00:00,7161.070179516599
2022-04-24 11:15:00+00:00,7146.801423341344
2022-04-24 13:00:00+00:00,7132.547554546648
2022-04-24 13:30:00+00:00,7118.489413398283
2022-04-24 14:30:00+00:00,7155.121950830335
2022-04-24 14:45:00+00:00,7156.72950499998
2022-04-24 16:45:00+00:00,7143.516756580625
2022-04-24 17:00:00+00:00,7181.723525835637
2022-04-24 18:45:00+00:00,7168.762841455477
2022-04-25 00:00:00+00:00,7169.437972765475
2022-04-25 00:15:00+00:00,7206.331215611311
2022-04-25 00:45:00+00:00,7266.966065079085
2022-04-25 01:30:00+00:00,7268.628100235183
2022-04-25 03:15:00+00:00,7257.341249419624
2022-04-25 04:00:00+00:00,7244.3811146841645
2022-04-25 06:15:00+00:00,7231.168364495824
2022-04-25 06:30:00+00:00,7218.138599999856
2022-04-25 06:45:00+00:00,7205.0017680784285
2022-04-25 07:00:00+00:00,7241.711357197193
2022-04-25 09:00:00+00:00,7252.646346603662
2022-04-25 09:15:00+00:00,7239.46095132477
2022-04-25 13:30:00+00:00,7241.2359203375445
2022-04-25 16:15:00+00:00,7315.395828097105
2022-04-25 18:45:00+00:00,7352.420582311516
2022-04-25 19:30:00+00:00,7426.399746500838
2022-04-26 01:45:00+00:00,7413.284459907449
2022-04-26 02:15:00+00:00,7408.924586912203
2022-04-26 02:30:00+00:00,7395.289798215139
2022-04-26 04:00:00+00:00,7382.15847644549
2022-04-26 05:30:00+00:00,7368.999933195659
2022-04-26 06:15:00+00:00,7355.806642438793
2022-04-26 07:00:00+00:00,7342.494694851511
2022-04-26 08:00:00+00:00,7330.8844373039665
2022-04-26 09:00:00+00:00,7317.251331215512
2022-04-26 09:30:00+00:00,7303.655971364857
2022-04-26 11:00:00+00:00,7290.008603894747
2022-04-26 12:45:00+00:00,7278.002608510043
2022-04-26 13:15:00+00:00,7264.756107697136
2022-04-26 13:45:00+00:00,7251.639057578011
2022-04-26 14:30:00+00:00,7238.617356220836
2022-04-26 16:00:00+00:00,7225.637995152091
2022-04-26 17:30:00+00:00,7227.698573602954
2022-04-26 19:30:00+00:00,7264.699022917577
2022-04-26 20:45:00+00:00,7266.765543157444
2022-04-26 21:00:00+00:00,7268.856988768801
2022-04-26 21:45:00+00:00,7270.942016757115
2022-04-26 23:45:00+00:00,7272.846709977797
2022-04-27 01:30:00+00:00,7274.922233269396
2022-04-27 02:15:00+00:00,7277.002091386946
2022-04-27 04:30:00+00:00,7263.898999370517
2022-04-27 05:45:00+00:00,7250.8574600344555
2022-04-27 06:45:00+00:00,7237.851621671304
2022-04-27 07:00:00+00:00,7211.985650191328
2022-04-27 07:30:00+00:00,7198.823501089295
2022-04-27 08:00:00+00:00,7185.68863201084
2022-04-27 11:00:00+00:00,7172.617820217436
2022-04-27 13:45:00+00:00,7209.577681153404
2022-04-27 14:00:00+00:00,7211.57963453024
2022-04-27 17:00:00+00:00,7198.665584814967
2022-04-27 18:30:00+00:00,7185.643741797706
2022-04-27 18:45:00+00:00,7172.74017257292
2022-04-28 01:45:00+00:00,7174.771877049159
2022-04-28 07:00:00+00:00,7161.7601807224355
2022-04-28 10:00:00+00:00,7163.648342380492
2022-04-28 12:30:00+00:00,7165.303417818023
2022-04-28 12:45:00+00:00,7152.190742497233
2022-04-28 13:00:00+00:00,7189.120273876142
2022-04-28 13:15:00+00:00,7175.856503960411
2022-04-28 13:45:00+00:00,7177.556841389086
2022-04-28 14:00:00+00:00,7164.379579850342
2022-04-28 15:00:00+00:00,7174.9884801779435
2022-04-28 15:45:00+00:00,7176.89638156931
2022-04-28 16:30:00+00:00,7178.963089269477
2022-04-28 18:00:00+00:00,7215.810537434288
2022-04-28 19:45:00+00:00,7202.762167613926
2022-04-28 20:00:00+00:00,7189.813122342031
2022-04-29 02:00:00+00:00,7193.835907368183
2022-04-29 05:15:00+00:00,7195.833979450248
2022-04-29 05:30:00+00:00,7197.96421198942
2022-04-29 08:00:00+00:00,7185.158861358187
2022-04-29 12:00:00+00:00,7187.114449642171
2022-04-29 12:15:00+00:00,7173.916962640272
2022-04-29 12:30:00+00:00,7160.624004180908
2022-04-29 13:15:00+00:00,7149.28964348908
2022-04-29 13:30:00+00:00,7136.150640849271
2022-04-29 13:45:00+00:00,7122.9290091842595
2022-04-30 05:00:00+00:00,7111.663375480649
2022-04-30 13:30:00+00:00,7098.522015861063
2022-04-30 15:00:00+00:00,7135.5130746254445
2022-04-30 17:45:00+00:00,7122.397161680312
2022-04-30 22:00:00+00:00,7109.455778141256
2022-04-30 23:00:00+00:00,7146.38812394114
2022-05-01 00:30:00+00:00,7094.3954511731745
2022-05-01 01:45:00+00:00,7088.941138923205
2022-05-01 05:00:00+00:00,7126.181309962169
2022-05-01 08:30:00+00:00,7124.8583955510885
2022-05-01 11:15:00+00:00,7111.915857381377
2022-05-01 13:45:00+00:00,7113.956609009605
2022-05-01 15:15:00+00:00,7101.074909759445
2022-05-01 16:00:00+00:00,7138.110124934994
2022-05-01 17:00:00+00:00,7175.300974423662
2022-05-01 18:45:00+00:00,7162.2626083066125
2022-05-01 20:45:00+00:00,7149.443346890425
2022-05-01 23:15:00+00:00,7136.43225533191
2022-05-02 00:15:00+00:00,7173.169043177973
2022-05-02 02:00:00+00:00,7147.466899312677
2022-05-02 06:00:00+00:00,7149.6523689637925
2022-05-02 07:45:00+00:00,7151.590937093075
2022-05-02 08:30:00+00:00,7138.205599480601
2022-05-02 09:45:00+00:00,7125.082231382528
2022-05-02 11:15:00+00:00,7111.851264417431
2022-05-02 11:30:00+00:00,7113.588978258313
2022-05-02 13:30:00+00:00,7102.086330019854
2022-05-02 17:00:00+00:00,7092.381108482292
2022-05-02 17:45:00+00:00,7094.619271341545
2022-05-02 21:45:00+00:00,7131.650425379799
2022-05-02 23:45:00+00:00,7133.7336101116525
2022-05-03 00:45:00+00:00,7135.2277052222
2022-05-03 11:45:00+00:00,7136.7030818663
2022-05-03 16:00:00+00:00,7138.702246715675
2022-05-03 17:00:00+00:00,7125.655761474165
2022-05-03 18:00:00+00:00,7162.020437625546
2022-05-03 19:30:00+00:00,7185.977938272086
2022-05-03 19:45:00+00:00,7187.9156829284575
2022-05-03 20:45:00+00:00,7174.723055326537
2022-05-03 21:15:00+00:00,7176.320847117561
2022-05-04 00:30:00+00:00,7150.225277988352
2022-05-04 02:15:00+00:00,7137.118118432155
2022-05-04 03:30:00+00:00,7110.911003331265
2022-05-04 04:00:00+00:00,7097.5366744603
2022-05-04 06:00:00+00:00,7083.840325035204
2022-05-04 07:00:00+00:00,7070.695770533368
2022-05-04 08:30:00+00:00,7057.410659009259
2022-05-04 09:15:00+00:00,7044.1590226073595
2022-05-04 09:30:00+00:00,7030.415010497838
2022-05-04 10:30:00+00:00,7017.325783813851
2022-05-04 12:15:00+00:00,7017.664105278698
2022-05-04 13:45:00+00:00,7004.260350663981
2022-05-04 15:00:00+00:00,7041.269077161515
2022-05-04 16:15:00+00:00,7043.070612199025
2022-05-04 17:00:00+00:00,7044.702831547161
2022-05-04 18:00:00+00:00,7046.795707418542
2022-05-04 18:30:00+00:00,7033.715064340728
2022-05-04 18:45:00+00:00,7070.709153096915
2022-05-05 00:00:00+00:00,7057.928918957876
2022-05-05 02:00:00+00:00,7059.299978181203
2022-05-05 05:45:00+00:00,7061.386914457346
2022-05-05 06:45:00+00:00,7048.380354010354
2022-05-05 08:30:00+00:00,7035.308138182756
2022-05-05 13:30:00+00:00,7008.969529775171
2022-05-05 14:30:00+00:00,7045.455740147976
2022-05-05 14:45:00+00:00,7082.121915104515
2022-05-05 15:00:00+00:00,7156.4313011449385
2022-05-05 19:00:00+00:00,7230.391395989849
2022-05-06 04:45:00+00:00,7232.65728834725
2022-05-06 10:45:00+00:00,7269.755709981644
2022-05-06 14:45:00+00:00,7256.92386844211
2022-05-06 21:30:00+00:00,7255.815216119157
2022-05-06 22:15:00+00:00,7256.012017784946
2022-05-07 03:00:00+00:00,7243.106063807682
2022-05-07 07:00:00+00:00,7230.128402510867
2022-05-07 08:45:00+00:00,7216.71730555108
2022-05-07 13:00:00+00:00,7218.780508864825
2022-05-07 16:15:00+00:00,7217.586848978755
2022-05-07 16:45:00+00:00,7204.50016671663
2022-05-07 19:30:00+00:00,7191.544611922923
2022-05-07 21:00:00+00:00,7178.311691168574
2022-05-07 21:45:00+00:00,7202.316202809287
2022-05-07 22:15:00+00:00,7203.9436041143745
2022-05-07 23:00:00+00:00,7205.769604502237
2022-05-08 00:45:00+00:00,7192.937724164574
2022-05-08 02:00:00+00:00,7229.906752884199
2022-05-08 02:30:00+00:00,7216.9345536236115
2022-05-08 03:00:00+00:00,7204.009768789668
2022-05-08 06:30:00+00:00,7191.185044469312
2022-05-08 13:15:00+00:00,7193.272967705591
2022-05-08 13:45:00+00:00,7195.446398587942
2022-05-08 14:45:00+00:00,7183.374739069454
2022-05-08 17:00:00+00:00,7220.293479392834
2022-05-08 22:00:00+00:00,7222.203322241138
2022-05-09 02:00:00+00:00,7213.349556509164
2022-05-09 05:30:00+00:00,7215.380985137152
2022-05-09 06:00:00+00:00,7204.623053604493
2022-05-09 08:15:00+00:00,7191.570751380848
2022-05-09 09:00:00+00:00,7193.568329781136
2022-05-09 10:15:00+00:00,7180.54477533436
2022-05-09 11:30:00+00:00,7154.705286549195
2022-05-09 14:15:00+00:00,7156.8356627006715
2022-05-09 14:30:00+00:00,7161.273639732077
2022-05-09 15:30:00+00:00,7135.658549927643
2022-05-09 16:30:00+00:00,7122.7885388518525
2022-05-09 17:00:00+00:00,7084.46258857702
2022-05-09 18:15:00+00:00,7048.504001680203
2022-05-09 18:30:00+00:00,7035.830703544236
2022-05-09 19:45:00+00:00,6997.68575791277
2022-05-09 22:00:00+00:00,6987.403452444517
2022-05-09 22:45:00+00:00,6974.783521120861
2022-05-09 23:30:00+00:00,6962.129458858559
2022-05-10 00:15:00+00:00,6964.470561834837
2022-05-10 06:00:00+00:00,7001.799288931291
2022-05-10 11:30:00+00:00,7004.035074183971
2022-05-10 12:45:00+00:00,7041.336434800128
2022-05-10 19:15:00+00:00,7028.680544759286
2022-05-10 20:30:00+00:00,7031.043175848923
2022-05-11 00:15:00+00:00,7005.693910190721
2022-05-11 02:15:00+00:00,7008.045655890844
2022-05-11 05:00:00+00:00,6995.348962065234
2022-05-11 05:30:00+00:00,6990.39483902868
2022-05-11 06:45:00+00:00,6977.758305120982
2022-05-11 07:30:00+00:00,6965.15034878924
2022-05-11 08:15:00+00:00,6989.806744743846
2022-05-11 08:30:00+00:00,6977.170851512896
2022-05-11 08:45:00+00:00,6964.378784708966
2022-05-11 09:30:00+00:00,7001.586543380137
2022-05-11 10:00:00+00:00,6988.935065744952
2022-05-11 11:30:00+00:00,6976.300159263245
2022-05-11 12:00:00+00:00,6963.531997935726
2022-05-11 12:30:00+00:00,6950.792562890707
2022-05-11 12:45:00+00:00,6962.717237330569
2022-05-11 13:45:00+00:00,7037.492998089755
2022-05-11 16:00:00+00:00,7039.91846657989
2022-05-11 16:15:00+00:00,7027.35733884955
2022-05-11 17:30:00+00:00,7029.792591782159
2022-05-12 03:15:00+00:00,7004.631541848408
2022-05-12 04:15:00+00:00,6991.954938372849
2022-05-12 04:45:00+00:00,6979.3111359731565
2022-05-12 05:00:00+00:00,6966.68676374833
2022-05-12 07:00:00+00:00,6941.485088619805
2022-05-12 08:30:00+00:00,6946.296027328667
2022-05-12 12:00:00+00:00,6948.653518389785
2022-05-12 12:30:00+00:00,6986.056747138181
2022-05-12 13:30:00+00:00,6960.81583345623
2022-05-12 13:45:00+00:00,6955.49241297419
2022-05-12 18:30:00+00:00,6957.856078634051
2022-05-12 21:00:00+00:00,6945.2550519092
2022-05-12 22:15:00+00:00,6947.649913472177
2022-05-13 03:00:00+00:00,6935.018892296188
2022-05-13 03:45:00+00:00,6922.39713905387
2022-05-13 04:30:00+00:00,6897.151038334332
2022-05-13 05:00:00+00:00,6884.528721619004
2022-05-13 05:15:00+00:00,6871.79415119137
2022-05-13 07:30:00+00:00,6846.537025218124
2022-05-13 09:15:00+00:00,6848.922274177567
2022-05-13 11:45:00+00:00,6888.524867668971
2022-05-13 14:15:00+00:00,6925.796018630545
2022-05-13 15:15:00+00:00,6915.449288065422
2022-05-13 16:30:00+00:00,6902.754080680357
2022-05-13 16:45:00+00:00,6890.112803290325
2022-05-13 18:00:00+00:00,6877.2372404134885
2022-05-13 23:00:00+00:00,6879.386818113527
2022-05-14 00:30:00+00:00,6880.456186846272
2022-05-14 10:15:00+00:00,6867.579510360951
2022-05-14 13:45:00+00:00,6842.021384960936
2022-05-14 16:45:00+00:00,6844.337541722502
2022-05-14 18:00:00+00:00,6818.635865390741
2022-05-14 18:30:00+00:00,6805.744515852156
2022-05-14 21:30:00+00:00,6807.7956858270145
2022-05-14 22:45:00+00:00,6782.131033875231
2022-05-14 23:45:00+00:00,6806.577825822218
2022-05-15 00:15:00+00:00,6793.648290417613
2022-05-15 05:45:00+00:00,6795.95559980704
2022-05-15 10:45:00+00:00,6800.34836766445
2022-05-15 11:45:00+00:00,6787.579869815134
2022-05-15 13:30:00+00:00,6774.594984125342
2022-05-15 13:45:00+00:00,6761.541013697624
2022-05-15 15:45:00+00:00,6748.531839267062
2022-05-15 16:45:00+00:00,6737.862553208106
2022-05-15 21:45:00+00:00,6775.128694125384
2022-05-16 00:45:00+00:00,6812.35979686437
2022-05-16 01:30:00+00:00,6799.298292724575
2022-05-16 03:45:00+00:00,6786.329457423965
2022-05-16 06:00:00+00:00,6825.453280787375
2022-05-16 07:00:00+00:00,6849.966821842494
2022-05-16 10:15:00+00:00,6846.613325875837
2022-05-16 12:00:00+00:00,6848.860321796297
2022-05-16 13:15:00+00:00,6836.099785180541
2022-05-16 13:45:00+00:00,6838.1975457245135
2022-05-16 14:15:00+00:00,6812.551781541535
2022-05-16 15:30:00+00:00,6799.743221794069
2022-05-16 17:30:00+00:00,6786.863690383317
2022-05-16 23:45:00+00:00,6789.034659800631
2022-05-17 03:30:00+00:00,6776.2363035784465
2022-05-17 07:15:00+00:00,6778.146988918348
2022-05-17 08:30:00+00:00,6765.381211866182
2022-05-17 08:45:00+00:00,6767.158251970474
2022-05-17 11:30:00+00:00,6769.063300924166
2022-05-17 13:30:00+00:00,6770.808858034383
2022-05-17 14:30:00+00:00,6731.734875525801
2022-05-17 18:15:00+00:00,6718.80806870118
2022-05-17 19:00:00+00:00,6721.048723649827
2022-05-18 00:00:00+00:00,6708.304375888072
2022-05-18 03:00:00+00:00,6710.537812087293
2022-05-18 08:30:00+00:00,6747.711157677657
2022-05-18 10:45:00+00:00,6743.600132290161
2022-05-18 12:15:00+00:00,6780.751675088942
2022-05-18 12:45:00+00:00,6767.88213669114
2022-05-18 14:00:00+00:00,6754.949018259002
2022-05-18 14:30:00+00:00,6792.0971081215785
2022-05-18 16:30:00+00:00,6794.211264899213
2022-05-18 19:00:00+00:00,6796.440452615285
2022-05-18 21:15:00+00:00,6800.516605320774
2022-05-19 02:00:00+00:00,6837.672234828911
2022-05-19 02:45:00+00:00,6826.889813400217
2022-05-19 06:15:00+00:00,6829.124130451817
2022-05-19 09:15:00+00:00,6831.0797396854305
2022-05-19 11:30:00+00:00,6833.30190978177
2022-05-19 11:45:00+00:00,6870.250748786465
2022-05-19 12:30:00+00:00,6846.27915082227
2022-05-19 13:00:00+00:00,6833.364534903959
2022-05-19 14:15:00+00:00,6820.488862263629
2022-05-19 15:30:00+00:00,6857.37996839415
2022-05-19 19:30:00+00:00,6859.468457480131
2022-05-19 23:30:00+00:00,6860.134818632911
2022-05-20 01:15:00+00:00,6862.478507464605
2022-05-20 01:30:00+00:00,6899.511886001674
2022-05-20 04:45:00+00:00,6886.5788631669775
2022-05-20 06:15:00+00:00,6888.681114153834
2022-05-20 06:30:00+00:00,6875.635789777838
2022-05-20 11:15:00+00:00,6862.779020616046
2022-05-20 12:45:00+00:00,6864.7730926105805
2022-05-20 14:00:00+00:00,6838.955834434917
2022-05-20 14:15:00+00:00,6813.057385138571
2022-05-20 14:30:00+00:00,6800.0855254582
2022-05-20 14:45:00+00:00,6787.10204006094
2022-05-20 18:45:00+00:00,6789.369565566799
2022-05-20 19:30:00+00:00,6776.519191212414
2022-05-20 23:00:00+00:00,6765.709675867116
2022-05-21 02:30:00+00:00,6764.365847977284
2022-05-21 03:45:00+00:00,6766.435110139916
2022-05-21 17:30:00+00:00,6753.5272495827185
2022-05-21 19:15:00+00:00,6740.307159520051
2022-05-21 21:45:00+00:00,6727.1073517127115
2022-05-22 00:00:00+00:00,6728.267716065874
2022-05-22 03:00:00+00:00,6765.059452868224
2022-05-22 04:15:00+00:00,6751.866849845299
2022-05-22 07:00:00+00:00,6753.812242452075
2022-05-22 07:15:00+00:00,6740.981626632742
2022-05-22 09:00:00+00:00,6777.836377596533
2022-05-22 09:15:00+00:00,6764.245736836355
2022-05-22 09:30:00+00:00,6801.185747302049
2022-05-22 10:00:00+00:00,6838.15291981337
2022-05-22 11:30:00+00:00,6824.740655418256
2022-05-22 13:45:00+00:00,6813.186038616917
2022-05-22 15:15:00+00:00,6815.226671249554
2022-05-22 19:15:00+00:00,6776.395507746086
2022-05-22 21:00:00+00:00,6778.493033511464
2022-05-22 22:00:00+00:00,6765.183211723201
2022-05-23 00:15:00+00:00,6751.9240205158485
2022-05-23 02:00:00+00:00,6738.768468960893
2022-05-23 06:00:00+00:00,6725.71457001578
2022-05-23 08:30:00+00:00,6712.6003904916215
2022-05-23 08:45:00+00:00,6714.4118593562325
2022-05-23 09:15:00+00:00,6701.445158076548
2022-05-23 10:30:00+00:00,6688.143296790088
2022-05-23 12:00:00+00:00,6690.1580166531185
2022-05-23 12:30:00+00:00,6692.034596822509
2022-05-23 12:45:00+00:00,6693.905711476799
2022-05-23 13:30:00+00:00,6680.881094600151
2022-05-23 14:00:00+00:00,6667.743517642406
2022-05-23 16:45:00+00:00,6643.848569115499
2022-05-23 17:15:00+00:00,6645.9906812935305
2022-05-23 18:45:00+00:00,6635.187582206196
2022-05-23 20:00:00+00:00,6672.476090825116
2022-05-23 22:00:00+00:00,6709.670131794941
2022-05-23 23:30:00+00:00,6711.6728197290295
2022-05-24 03:45:00+00:00,6713.817116250917
2022-05-24 04:15:00+00:00,6700.75435226285
2022-05-24 09:15:00+00:00,6702.74989973501
2022-05-24 11:00:00+00:00,6704.808260727131
2022-05-24 13:15:00+00:00,6742.1078744977995
2022-05-24 13:45:00+00:00,6779.04000804679
2022-05-24 22:15:00+00:00,6770.208508420435
2022-05-24 23:00:00+00:00,6757.08150658631
2022-05-25 01:00:00+00:00,6744.16896187291
2022-05-25 02:00:00+00:00,6746.027121824425
2022-05-25 04:30:00+00:00,6733.1249155510395
2022-05-25 04:45:00+00:00,6720.149104955907
2022-05-25 05:30:00+00:00,6707.162534202529
2022-05-25 05:45:00+00:00,6680.966369500854
2022-05-25 07:30:00+00:00,6667.982624754417
2022-05-25 08:00:00+00:00,6654.694026059108
2022-05-25 08:30:00+00:00,6628.455307433871
2022-05-25 10:45:00+00:00,6615.2589914801265
2022-05-25 11:00:00+00:00,6602.196248534698
2022-05-25 13:30:00+00:00,6589.39265192681
2022-05-25 14:45:00+00:00,6576.474141126255
2022-05-25 21:30:00+00:00,6568.590219834805
2022-05-25 23:15:00+00:00,6566.746842650821
2022-05-26 03:45:00+00:00,6568.578066420352
2022-05-26 05:15:00+00:00,6605.253605655253
2022-05-26 05:30:00+00:00,6642.259040178881
2022-05-26 06:30:00+00:00,6629.245194318884
2022-05-26 07:45:00+00:00,6616.08687846317
2022-05-26 08:15:00+00:00,6653.025526448533
2022-05-26 08:30:00+00:00,6690.068324111941
2022-05-26 09:15:00+00:00,6679.12599565159
2022-05-26 11:00:00+00:00,6666.389070852357
2022-05-26 11:15:00+00:00,6666.163340663815
2022-05-26 13:00:00+00:00,6653.424971502871
2022-05-26 13:45:00+00:00,6655.634009408116
2022-05-26 14:00:00+00:00,6617.17672150078
2022-05-26 15:00:00+00:00,6641.746037477843
2022-05-26 16:00:00+00:00,6616.212516632203
2022-05-26 16:15:00+00:00,6603.389328216051
2022-05-26 19:00:00+00:00,6577.791073767007
2022-05-26 20:15:00+00:00,6565.0818688144045
2022-05-27 01:00:00+00:00,6602.3211855392865
2022-05-27 03:15:00+00:00,6604.482299909038
2022-05-27 05:30:00+00:00,6591.599632446664
2022-05-27 06:30:00+00:00,6593.836238296642
2022-05-27 07:15:00+00:00,6596.066263335631
2022-05-27 08:00:00+00:00,6598.206926770359
2022-05-27 10:45:00+00:00,6585.345135815061
2022-05-27 12:30:00+00:00,6572.549153604089
2022-05-27 14:45:00+00:00,6559.827601605489
2022-05-27 15:00:00+00:00,6562.109188269715
2022-05-27 15:45:00+00:00,6549.444395881777
2022-05-27 17:15:00+00:00,6536.72886094434
2022-05-27 19:45:00+00:00,6526.045046427274
2022-05-27 22:00:00+00:00,6528.342614411587
2022-05-28 00:00:00+00:00,6530.535343976599
2022-05-28 00:45:00+00:00,6532.713355869594
2022-05-28 05:15:00+00:00,6519.872260718921
2022-05-28 09:00:00+00:00,6507.115567032279
2022-05-28 12:15:00+00:00,6509.100346354697
2022-05-28 14:45:00+00:00,6495.56676384739
2022-05-28 17:15:00+00:00,6481.991569858813
2022-05-28 18:45:00+00:00,6470.703204424965
2022-05-28 19:30:00+00:00,6507.950228506026
2022-05-28 21:45:00+00:00,6495.231750586411
2022-05-28 23:00:00+00:00,6496.835519205991
2022-05-29 00:00:00+00:00,6498.802754431715
2022-05-29 00:30:00+00:00,6500.602677318156
2022-05-29 02:00:00+00:00,6487.617706235007
2022-05-29 08:15:00+00:00,6474.361439282661
2022-05-29 09:00:00+00:00,6460.30081945042
2022-05-29 10:00:00+00:00,6462.033623230402
2022-05-29 11:45:00+00:00,6448.725589003941
2022-05-29 12:00:00+00:00,6484.915967238222
2022-05-29 14:00:00+00:00,6523.590047107578
2022-05-29 14:15:00+00:00,6510.3812860140215
2022-05-29 15:00:00+00:00,6496.836543490785
2022-05-29 19:00:00+00:00,6457.339382784579
2022-05-29 19:15:00+00:00,6444.512518379832
2022-05-29 22:30:00+00:00,6431.04310617405
2022-05-30 01:30:00+00:00,6467.847227685161
2022-05-30 02:00:00+00:00,6454.673329071313
2022-05-30 06:00:00+00:00,6441.5597782001905
2022-05-30 06:15:00+00:00,6478.278223168374
2022-05-30 06:45:00+00:00,6465.21106388715
2022-05-30 09:00:00+00:00,6467.172633185099
2022-05-30 12:15:00+00:00,6469.283054381402
2022-05-30 12:30:00+00:00,6449.906887543508
2022-05-30 12:45:00+00:00,6487.028060349014
2022-05-30 14:00:00+00:00,6474.297495545949
2022-05-30 16:45:00+00:00,6511.21114805681
2022-05-30 18:30:00+00:00,6498.319945230543
2022-05-30 20:15:00+00:00,6535.14142840005
2022-05-30 21:15:00+00:00,6558.924968616875
2022-05-31 00:00:00+00:00,6533.4335377093275
2022-05-31 02:00:00+00:00,6535.643966205018
2022-05-31 02:15:00+00:00,6522.910978263329
2022-05-31 02:45:00+00:00,6497.24676582374
2022-05-31 07:15:00+00:00,6534.421760928846
2022-05-31 10:00:00+00:00,6558.777495130281
2022-05-31 12:30:00+00:00,6546.13079131156
2022-05-31 13:15:00+00:00,6548.025546036932
2022-05-31 13:30:00+00:00,6535.361653154985
2022-05-31 14:45:00+00:00,6559.572049273013
2022-05-31 15:45:00+00:00,6546.634978418309
2022-05-31 16:30:00+00:00,6548.6845013206175
2022-05-31 17:45:00+00:00,6535.759607986092
2022-05-31 18:30:00+00:00,6537.7671839392515
2022-06-01 00:45:00+00:00,6540.053875698608
2022-06-01 01:15:00+00:00,6542.028800835892
2022-06-01 02:45:00+00:00,6543.983269303249
2022-06-01 03:00:00+00:00,6531.01806488493
2022-06-01 04:45:00+00:00,6533.180257732033
2022-06-01 07:45:00+00:00,6520.17121090114
2022-06-01 11:15:00+00:00,6496.02058902834
2022-06-01 11:30:00+00:00,6498.147373164363
2022-06-01 12:30:00+00:00,6485.184707860725
2022-06-01 14:00:00+00:00,6487.316792238978
2022-06-01 14:15:00+00:00,6474.458839172558
2022-06-01 14:30:00+00:00,6461.538261386322
2022-06-01 14:45:00+00:00,6463.297767361802
2022-06-01 15:15:00+00:00,6500.223653768883
2022-06-01 15:45:00+00:00,6537.373614769413
2022-06-01 16:30:00+00:00,6574.292807308613
2022-06-01 17:00:00+00:00,6611.377567938395
2022-06-01 18:15:00+00:00,6613.3547536887
2022-06-01 20:15:00+00:00,6600.640884390491
2022-06-01 20:30:00+00:00,6637.769741800544
2022-06-01 23:00:00+00:00,6624.993566764279
2022-06-02 00:45:00+00:00,6612.277479569673
2022-06-02 01:30:00+00:00,6614.397093662551
2022-06-02 06:00:00+00:00,6616.688453607475
2022-06-02 10:45:00+00:00,6603.622990296454
2022-06-02 21:15:00+00:00,6605.662270585279
2022-06-03 00:00:00+00:00,6592.782339721634
2022-06-03 03:30:00+00:00,6594.894273249077
2022-06-03 04:45:00+00:00,6596.740796507415
2022-06-03 07:00:00+00:00,6598.755624848398
2022-06-03 07:30:00+00:00,6571.984288636474
2022-06-03 08:30:00+00:00,6558.540284101963
2022-06-03 09:45:00+00:00,6545.643372549934
2022-06-03 10:15:00+00:00,6532.315713637584
2022-06-03 10:30:00+00:00,6506.1848143606485
2022-06-03 11:30:00+00:00,6480.433501354034
2022-06-03 12:30:00+00:00,6469.329642181539
2022-06-03 16:45:00+00:00,6471.534785895307
2022-06-03 17:00:00+00:00,6458.7392894380755
2022-06-03 18:45:00+00:00,6460.7866094799
2022-06-03 20:00:00+00:00,6447.9437302713895
2022-06-03 21:00:00+00:00,6435.03248402582
2022-06-03 21:30:00+00:00,6422.164738560163
2022-06-03 22:00:00+00:00,6408.719369973249
2022-06-04 01:00:00+00:00,6445.821910679635
2022-06-04 02:15:00+00:00,6482.930180616724
2022-06-04 03:15:00+00:00,6484.9667417413575
2022-06-04 08:30:00+00:00,6471.960426751416
2022-06-04 09:30:00+00:00,6458.768107643396
2022-06-04 11:45:00+00:00,6445.560119044831
2022-06-04 14:00:00+00:00,6447.660296923522
2022-06-04 14:30:00+00:00,6436.568414636482
2022-06-04 17:15:00+00:00,6423.026506081792
2022-06-04 19:15:00+00:00,6424.550823924195
2022-06-04 21:15:00+00:00,6461.565964653071
2022-06-04 22:00:00+00:00,6498.595615829593
2022-06-04 22:30:00+00:00,6500.520203315918
2022-06-05 00:45:00+00:00,6502.249836975175
2022-06-05 01:00:00+00:00,6506.496172762608
2022-06-05 05:45:00+00:00,6493.573221205823
2022-06-05 08:00:00+00:00,6485.952002647124
2022-06-05 09:00:00+00:00,6488.046387554928
2022-06-05 09:30:00+00:00,6489.463813991143
2022-06-05 12:15:00+00:00,6491.569505474916
2022-06-05 12:30:00+00:00,6493.704296184618
2022-06-05 15:30:00+00:00,6495.103894022348
2022-06-05 16:00:00+00:00,6531.127659167509
2022-06-05 16:15:00+00:00,6532.813357542627
2022-06-05 16:30:00+00:00,6534.930598483297
2022-06-05 17:15:00+00:00,6521.492154710386
2022-06-05 21:00:00+00:00,6523.100999416687
2022-06-05 22:00:00+00:00,6526.471678423022
2022-06-06 00:15:00+00:00,6513.4024615016315
2022-06-06 01:30:00+00:00,6500.422972400273
2022-06-06 08:30:00+00:00,6537.187315907709
2022-06-06 09:00:00+00:00,6573.975319889843
2022-06-06 11:45:00+00:00,6576.002159590279
2022-06-06 13:00:00+00:00,6562.78228526113
2022-06-06 13:30:00+00:00,6549.604423123342
2022-06-06 14:45:00+00:00,6536.48958064208
2022-06-06 15:00:00+00:00,6538.159350463699
2022-06-06 16:15:00+00:00,6525.118258404253
2022-06-06 20:00:00+00:00,6549.190381721514
2022-06-07 00:15:00+00:00,6551.057134829719
2022-06-07 03:15:00+00:00,6538.2211917735785
2022-06-07 05:45:00+00:00,6514.700014005715
2022-06-07 08:30:00+00:00,6516.517158910785
2022-06-07 10:00:00+00:00,6513.9151167374
2022-06-07 13:30:00+00:00,6515.567963754402
2022-06-07 14:30:00+00:00,6504.928288946391
2022-06-07 18:00:00+00:00,6491.990201959132
2022-06-07 19:30:00+00:00,6478.944023905677
2022-06-07 21:00:00+00:00,6465.93683372536
2022-06-07 22:30:00+00:00,6452.812014016948
2022-06-07 22:45:00+00:00,6439.833452242825
2022-06-08 01:00:00+00:00,6414.246749185085
2022-06-08 03:15:00+00:00,6362.900283607845
2022-06-08 05:30:00+00:00,6349.932656395358
2022-06-08 12:15:00+00:00,6352.247975575577
2022-06-08 13:15:00+00:00,6354.277679622225
2022-06-08 13:30:00+00:00,6340.967947053778
2022-06-08 13:45:00+00:00,6378.033259658586
2022-06-08 18:15:00+00:00,6365.278639959651
2022-06-08 21:45:00+00:00,6352.262021814991
2022-06-08 23:45:00+00:00,6339.494201816015
2022-06-09 00:15:00+00:00,6326.720870040442
2022-06-09 01:00:00+00:00,6328.711688914737
2022-06-09 02:00:00+00:00,6315.949874879677
2022-06-09 04:00:00+00:00,6303.170219911858
2022-06-09 05:15:00+00:00,6290.270021654672
2022-06-09 07:30:00+00:00,6276.715947164249
2022-06-09 07:45:00+00:00,6263.668379903155
2022-06-09 08:00:00+00:00,6250.061197646508
2022-06-09 10:00:00+00:00,6251.97189214012
2022-06-09 10:30:00+00:00,6238.283346508666
2022-06-09 10:45:00+00:00,6225.423516893939
2022-06-09 11:45:00+00:00,6211.874911231674
2022-06-09 12:00:00+00:00,6185.971624458555
2022-06-09 13:30:00+00:00,6173.181595441759
2022-06-09 13:45:00+00:00,6160.05625293839
2022-06-09 14:00:00+00:00,6146.739889057281
2022-06-09 15:30:00+00:00,6133.411397585994
2022-06-09 16:45:00+00:00,6120.3233311051
2022-06-09 18:00:00+00:00,6157.534388963897
2022-06-09 20:00:00+00:00,6144.087141768561
2022-06-09 21:00:00+00:00,6145.9039572643205
2022-06-10 00:15:00+00:00,6157.305983938688
2022-06-10 03:00:00+00:00,6144.382568326844
2022-06-10 06:15:00+00:00,6130.969759704455
2022-06-10 06:30:00+00:00,6167.665963902185
2022-06-10 07:15:00+00:00,6154.421453233783
2022-06-10 08:00:00+00:00,6140.991737247902
2022-06-10 09:00:00+00:00,6178.0263186204575
2022-06-10 09:15:00+00:00,6164.828132232935
2022-06-10 12:15:00+00:00,6138.943064523936
2022-06-10 12:30:00+00:00,6125.800570235221
2022-06-10 13:00:00+00:00,6127.72890145929
2022-06-10 14:15:00+00:00,6129.980657717547
2022-06-10 14:30:00+00:00,6131.759381190217
2022-06-10 15:15:00+00:00,6135.878207825572
2022-06-10 16:00:00+00:00,6122.957207265435
2022-06-10 16:15:00+00:00,6159.954003277085
2022-06-10 20:15:00+00:00,6147.011001178823
2022-06-10 22:30:00+00:00,6184.297227976878
2022-06-11 07:30:00+00:00,6170.8245991065805
2022-06-11 11:15:00+00:00,6157.749493170188
2022-06-11 12:30:00+00:00,6144.914681822897
2022-06-11 12:45:00+00:00,6118.875445300596
2022-06-11 14:15:00+00:00,6121.037283580431
2022-06-11 14:30:00+00:00,6108.0237932728405
2022-06-11 15:15:00+00:00,6084.60415746523
2022-06-11 15:30:00+00:00,6046.214354337293
2022-06-11 23:00:00+00:00,6048.51810294743
2022-06-11 23:30:00+00:00,6050.650968310804
2022-06-12 01:45:00+00:00,6052.887864522738
2022-06-12 05:00:00+00:00,6040.216654303889
2022-06-12 05:15:00+00:00,6027.511739842472
2022-06-12 10:00:00+00:00,6029.078553150662
2022-06-12 13:45:00+00:00,6031.271821204432
2022-06-12 14:15:00+00:00,6033.426803720553
2022-06-12 15:15:00+00:00,6020.723722584179
2022-06-12 17:15:00+00:00,6007.881481045192
2022-06-12 22:30:00+00:00,6045.192047116744
2022-06-12 23:30:00+00:00,6082.50329984188
2022-06-13 01:45:00+00:00,6156.984570536673
2022-06-13 02:45:00+00:00,6144.183503329896
2022-06-13 03:00:00+00:00,6131.534593416879
2022-06-13 05:30:00+00:00,6133.847505169817
2022-06-13 05:45:00+00:00,6136.071132916195
2022-06-13 07:30:00+00:00,6110.597504782115
2022-06-13 08:45:00+00:00,6097.946958526813
2022-06-13 10:15:00+00:00,6062.271228205698
2022-06-13 11:15:00+00:00,6049.560933233923
2022-06-13 12:45:00+00:00,6026.589754714859
2022-06-13 21:30:00+00:00,6028.892372421595
2022-06-13 22:30:00+00:00,6031.247169944391
2022-06-14 00:45:00+00:00,6033.59393826364
2022-06-14 03:15:00+00:00,6035.956674235264
2022-06-14 05:15:00+00:00,6073.261298152544
2022-06-14 10:45:00+00:00,6075.641671872557
2022-06-14 11:00:00+00:00,6077.987266682988
2022-06-14 12:15:00+00:00,6065.275892964261
2022-06-14 13:00:00+00:00,6067.644876455699
2022-06-14 13:45:00+00:00,6069.934483704516
2022-06-14 14:00:00+00:00,6057.156818234446
2022-06-14 14:30:00+00:00,6059.48158476518
2022-06-14 17:45:00+00:00,6046.836085555518
2022-06-14 18:00:00+00:00,6034.19123476601
2022-06-14 21:45:00+00:00,6021.5206001303
2022-06-15 01:30:00+00:00,6011.121417043701
2022-06-15 03:30:00+00:00,5998.297910609614
2022-06-15 04:00:00+00:00,6037.8436203016945
2022-06-15 05:45:00+00:00,6040.133576429226
2022-06-15 08:45:00+00:00,6079.722416160541
2022-06-15 09:30:00+00:00,6116.973411329821
2022-06-15 11:15:00+00:00,6104.2911426759165
2022-06-15 11:30:00+00:00,6106.537032570367
2022-06-15 16:15:00+00:00,6093.802852242661
2022-06-15 18:00:00+00:00,6081.131828811453
2022-06-15 18:15:00+00:00,6072.8822585773905
2022-06-15 18:30:00+00:00,6060.220714865111
2022-06-15 19:15:00+00:00,6047.582916481682
2022-06-15 19:30:00+00:00,6034.909397104183
2022-06-16 06:30:00+00:00,6022.1410301563765
2022-06-16 07:15:00+00:00,5996.67751360713
2022-06-16 07:30:00+00:00,5983.865270592635
2022-06-16 09:30:00+00:00,5971.004399057946
2022-06-16 10:45:00+00:00,5958.294885275294
2022-06-16 14:30:00+00:00,5960.59174711925
2022-06-16 15:15:00+00:00,5962.884121278575
2022-06-16 17:15:00+00:00,5950.076202305034
2022-06-16 21:15:00+00:00,5954.562946796451
2022-06-16 22:45:00+00:00,5991.832687579712
2022-06-17 01:30:00+00:00,5978.987229494516
2022-06-17 10:00:00+00:00,5955.641676721406
2022-06-17 12:45:00+00:00,5942.754131374821
2022-06-17 14:15:00+00:00,5944.876084950953
2022-06-17 14:30:00+00:00,5932.135256472516
2022-06-17 16:00:00+00:00,5919.359892159045
2022-06-17 19:45:00+00:00,5906.610327930941
2022-06-17 21:00:00+00:00,5898.998012151689
2022-06-17 22:15:00+00:00,5886.134718398081
2022-06-18 06:45:00+00:00,5923.041549826934
2022-06-18 08:15:00+00:00,5984.479095437258
2022-06-18 08:30:00+00:00,5984.7667180334465
2022-06-18 10:15:00+00:00,5986.948771073716
2022-06-18 14:00:00+00:00,5989.2363103617035
2022-06-18 15:00:00+00:00,5987.895108264297
2022-06-18 17:30:00+00:00,5975.047042322129
2022-06-18 18:15:00+00:00,6012.288285947339
2022-06-18 20:15:00+00:00,6014.546288141857
2022-06-18 20:45:00+00:00,6001.851152656068
2022-06-18 22:15:00+00:00,6039.093632496983
2022-06-19 00:00:00+00:00,6026.42102401425
2022-06-19 05:15:00+00:00,6013.681486583695
2022-06-19 07:15:00+00:00,5988.184956001921
2022-06-19 08:00:00+00:00,5990.497874481919
2022-06-19 12:30:00+00:00,5977.773571808543
2022-06-19 17:15:00+00:00,5980.107214999289
2022-06-19 18:15:00+00:00,6017.397115879734
2022-06-19 18:45:00+00:00,6056.82981349062
2022-06-20 02:15:00+00:00,6043.987989487851
2022-06-20 07:15:00+00:00,6046.194999159447
2022-06-20 08:30:00+00:00,6033.372021629286
2022-06-20 09:45:00+00:00,6033.318124116176
2022-06-20 10:45:00+00:00,6070.483283975149
2022-06-20 11:30:00+00:00,6107.740494281692
2022-06-20 12:15:00+00:00,6094.982702600034
2022-06-20 15:15:00+00:00,6084.524510943376
2022-06-20 17:45:00+00:00,6086.680123204616
2022-06-20 18:00:00+00:00,6073.847707034548
2022-06-21 00:30:00+00:00,6063.2584433981365
2022-06-21 07:00:00+00:00,6100.330048096513
2022-06-21 08:45:00+00:00,6087.3526112467
2022-06-21 09:30:00+00:00,6089.559317544914
2022-06-21 09:45:00+00:00,6091.753720974101
2022-06-21 13:15:00+00:00,6093.8714739298475
2022-06-21 14:00:00+00:00,6083.424040809068
2022-06-21 17:30:00+00:00,6070.604542499552
2022-06-21 19:15:00+00:00,6057.886933296718
2022-06-21 23:15:00+00:00,6095.0485014811475
2022-06-22 01:45:00+00:00,6132.145647165805
2022-06-22 02:00:00+00:00,6169.429075338656
2022-06-22 05:00:00+00:00,6171.678041294867
2022-06-22 09:00:00+00:00,6173.89282759383
2022-06-22 09:30:00+00:00,6176.130632085107
2022-06-22 10:00:00+00:00,6150.36315445678
2022-06-22 11:15:00+00:00,6137.399034416253
2022-06-22 13:15:00+00:00,6128.701531685256
2022-06-22 13:45:00+00:00,6130.712209198074
2022-06-22 21:45:00+00:00,6135.056150660883
2022-06-22 22:45:00+00:00,6137.297485888801
2022-06-23 00:15:00+00:00,6126.756795001274
2022-06-23 04:30:00+00:00,6113.99072751993
2022-06-23 05:30:00+00:00,6101.015657625006
2022-06-23 06:30:00+00:00,6088.080630118795
2022-06-23 10:15:00+00:00,6090.147140648355
2022-06-23 12:45:00+00:00,6077.152310194009
2022-06-23 13:45:00+00:00,6066.262155360825
2022-06-23 15:30:00+00:00,6042.696326066097
2022-06-23 16:15:00+00:00,6029.6805516275945
2022-06-23 17:00:00+00:00,6031.913013460166
2022-06-23 19:15:00+00:00,6019.072254565372
2022-06-23 20:15:00+00:00,5993.290302144833
2022-06-23 22:45:00+00:00,5995.153588348437
2022-06-24 04:30:00+00:00,5982.308432045754
2022-06-24 05:45:00+00:00,5969.462052724302
2022-06-24 07:00:00+00:00,5956.732191664592
2022-06-24 09:45:00+00:00,5958.833590816271
2022-06-24 10:45:00+00:00,5961.0810001155405
2022-06-24 12:00:00+00:00,5998.236871476746
2022-06-24 14:30:00+00:00,6000.491369607728
2022-06-24 14:45:00+00:00,5987.714556510129
2022-06-24 19:30:00+00:00,5976.718333791658
2022-06-24 20:00:00+00:00,6001.10277536173
2022-06-25 12:15:00+00:00,6003.262714038965
2022-06-25 14:15:00+00:00,6040.374073481351
2022-06-25 16:30:00+00:00,6042.529979672817
2022-06-25 17:30:00+00:00,6033.868339929909
2022-06-25 19:00:00+00:00,5994.932327306151
2022-06-25 21:00:00+00:00,5981.981933349388
2022-06-25 21:15:00+00:00,5971.050415569095
2022-06-25 21:30:00+00:00,5958.084290108523
2022-06-25 21:45:00+00:00,5944.995896028796
2022-06-25 22:30:00+00:00,5932.165501061245
2022-06-26 00:00:00+00:00,5933.852975047226
2022-06-26 02:45:00+00:00,5920.5665985948535
2022-06-26 03:45:00+00:00,5922.509995261969
2022-06-26 06:30:00+00:00,5924.6018741612215
2022-06-26 07:30:00+00:00,5926.216219102885
2022-06-26 10:00:00+00:00,5950.264666281552
2022-06-26 10:30:00+00:00,5937.401225607271
2022-06-26 11:30:00+00:00,5924.518154000148
2022-06-26 11:45:00+00:00,5911.625727251901
2022-06-26 12:45:00+00:00,5898.833632444484
2022-06-26 16:15:00+00:00,5902.997339401195
2022-06-26 17:15:00+00:00,5940.161253334825
2022-06-26 18:15:00+00:00,5942.364083713203
2022-06-26 19:45:00+00:00,5944.410360440016
2022-06-26 21:45:00+00:00,5981.60719440957
2022-06-27 03:45:00+00:00,5968.561096000974
2022-06-27 06:45:00+00:00,5955.452596484983
2022-06-27 07:00:00+00:00,5942.329991996704
2022-06-27 11:45:00+00:00,5929.29088662755
2022-06-27 12:00:00+00:00,5916.383873894827
2022-06-27 12:15:00+00:00,5902.969242739524
2022-06-27 12:45:00+00:00,5889.841285564428
2022-06-27 13:15:00+00:00,5891.665449492575
2022-06-27 13:30:00+00:00,5878.571704059605
2022-06-27 15:45:00+00:00,5852.606461856242
2022-06-27 18:00:00+00:00,5839.666285621185
2022-06-27 18:15:00+00:00,5826.541439664014
2022-06-27 18:30:00+00:00,5813.7077157797285
2022-06-27 22:00:00+00:00,5800.839631366238
2022-06-28 02:00:00+00:00,5840.1192798734855
2022-06-28 05:00:00+00:00,5827.188367333919
2022-06-28 10:15:00+00:00,5829.036413940446
2022-06-28 13:00:00+00:00,5817.525968106571
2022-06-28 14:00:00+00:00,5819.690949759758
2022-06-28 14:30:00+00:00,5821.6596797597085
2022-06-28 14:45:00+00:00,5796.132541019945
2022-06-28 15:15:00+00:00,5783.380391768908
2022-06-28 21:30:00+00:00,5759.571657444971
2022-06-28 22:30:00+00:00,5796.771750742985
2022-06-29 00:30:00+00:00,5798.724519501889
2022-06-29 05:30:00+00:00,5835.955952478183
2022-06-29 06:45:00+00:00,5873.024560813473
2022-06-29 11:45:00+00:00,5875.10633873218
2022-06-29 17:00:00+00:00,5862.330796993456
2022-06-29 18:00:00+00:00,5864.545258202325
2022-06-29 18:15:00+00:00,5851.7855609600765
2022-06-29 19:45:00+00:00,5838.920695640028
2022-06-29 20:00:00+00:00,5826.068800479164
2022-06-30 00:00:00+00:00,5828.328468336859
2022-06-30 01:15:00+00:00,5865.481216229157
2022-06-30 06:30:00+00:00,5902.552032041626
2022-06-30 07:15:00+00:00,5889.594722558336
2022-06-30 08:00:00+00:00,5876.687872126432
2022-06-30 08:15:00+00:00,5863.623879849074
2022-06-30 08:45:00+00:00,5850.717341970102
2022-06-30 09:00:00+00:00,5824.6906145993335
2022-06-30 09:15:00+00:00,5811.841147399636
2022-06-30 10:30:00+00:00,5814.06189066558
2022-06-30 11:15:00+00:00,5801.181454423367
2022-06-30 13:30:00+00:00,5803.199872407113
2022-06-30 19:15:00+00:00,5790.233459014148
2022-06-30 20:00:00+00:00,5777.4306164300815
2022-06-30 20:30:00+00:00,5764.6347340128705
2022-06-30 20:45:00+00:00,5751.7730270751445
2022-07-01 00:15:00+00:00,5739.007325855848
2022-07-01 00:30:00+00:00,5700.788985678345
2022-07-01 05:15:00+00:00,5725.339986416786
2022-07-01 07:30:00+00:00,5712.602870117562
2022-07-01 08:00:00+00:00,5714.906609237012
2022-07-01 13:45:00+00:00,5717.161298151155
2022-07-01 19:45:00+00:00,5704.403499264909
2022-07-01 20:00:00+00:00,5691.371778474896
2022-07-02 06:00:00+00:00,5678.558208468494
2022-07-02 09:15:00+00:00,5715.791919937836
2022-07-02 18:30:00+00:00,5717.775160454687
2022-07-02 21:45:00+00:00,5704.5929024946545
2022-07-03 03:45:00+00:00,5691.335893833281
2022-07-04 11:45:00+00:00,5728.22151235447
2022-07-04 12:45:00+00:00,5715.23253714098
2022-07-04 13:30:00+00:00,5702.10366203013
2022-07-04 14:00:00+00:00,5689.126116280685
2022-07-04 15:00:00+00:00,5725.96008874113
2022-07-04 17:15:00+00:00,5799.794359271912
2022-07-04 18:30:00+00:00,5801.796267151489
2022-07-04 23:30:00+00:00,5838.738527110553
2022-07-04 23:45:00+00:00,5875.580009947396
2022-07-05 06:30:00+00:00,5877.183187991025
2022-07-05 07:15:00+00:00,5863.999243481162
2022-07-05 08:00:00+00:00,5850.844321303318
2022-07-05 08:30:00+00:00,5839.852220750529
2022-07-05 09:15:00+00:00,5813.731929988875
2022-07-05 09:30:00+00:00,5800.652588692308
2022-07-05 11:45:00+00:00,5774.67396264887
2022-07-05 12:00:00+00:00,5748.731058934535
2022-07-05 13:30:00+00:00,5735.697094835427
2022-07-05 18:30:00+00:00,5722.69679919998
2022-07-05 18:45:00+00:00,5709.729679954669
2022-07-05 19:30:00+00:00,5696.6345630977075
2022-07-05 20:00:00+00:00,5683.648142225507
2022-07-05 21:15:00+00:00,5670.711864822401
2022-07-05 23:15:00+00:00,5672.903588687442
2022-07-05 23:30:00+00:00,5659.992121673983
2022-07-06 01:30:00+00:00,5647.026794584223
2022-07-06 04:00:00+00:00,5651.319435355546
2022-07-06 05:30:00+00:00,5653.378162046053
2022-07-06 06:15:00+00:00,5640.394150469147
2022-07-06 11:45:00+00:00,5627.575475013398
2022-07-06 18:30:00+00:00,5664.5677200445625
2022-07-06 20:15:00+00:00,5689.0028967583075
2022-07-06 23:00:00+00:00,5726.167246916322
2022-07-07 01:15:00+00:00,5719.275123967647
2022-07-07 04:15:00+00:00,5706.078638142773
2022-07-07 05:45:00+00:00,5695.03596957652
2022-07-07 09:45:00+00:00,5731.585105035424
2022-07-07 10:45:00+00:00,5733.255704736247
2022-07-07 11:00:00+00:00,5720.047036884135
2022-07-07 12:15:00+00:00,5706.831099558419
2022-07-07 12:30:00+00:00,5707.432118172832
2022-07-07 14:00:00+00:00,5744.491784095474
2022-07-07 14:15:00+00:00,5781.064112540865
2022-07-07 17:00:00+00:00,5785.22656875275
2022-07-07 19:30:00+00:00,5821.990458185576
2022-07-07 20:00:00+00:00,5824.0800911415745
2022-07-07 22:15:00+00:00,5797.987768296046
2022-07-08 00:15:00+00:00,5785.006430738458
2022-07-08 01:15:00+00:00,5822.06620906036
2022-07-08 01:45:00+00:00,5846.055252199528
2022-07-08 02:15:00+00:00,5848.008816241132
2022-07-08 05:45:00+00:00,5835.063499384317
2022-07-08 07:15:00+00:00,5809.1396843167195
2022-07-08 08:30:00+00:00,5796.13483338771
2022-07-08 09:00:00+00:00,5783.22520952875
2022-07-08 10:45:00+00:00,5770.3809323065525
2022-07-08 12:30:00+00:00,5757.525064218511
2022-07-08 14:30:00+00:00,5744.566162130739
2022-07-08 20:30:00+00:00,5731.649421231866
2022-07-08 21:45:00+00:00,5718.847405669701
2022-07-08 22:15:00+00:00,5719.118803549459
2022-07-09 04:30:00+00:00,5706.216599937994
2022-07-09 10:00:00+00:00,5693.121594522538
2022-07-09 11:45:00+00:00,5679.956363525817
2022-07-09 14:00:00+00:00,5653.6669223346025
2022-07-09 16:15:00+00:00,5640.5383045525095
2022-07-09 17:30:00+00:00,5642.49362159973
2022-07-09 19:45:00+00:00,5644.104416554922
2022-07-10 00:00:00+00:00,5646.057119727597
2022-07-10 02:15:00+00:00,5682.725182905526
2022-07-10 19:45:00+00:00,5669.741272349853
2022-07-11 10:15:00+00:00,5661.23732701263
2022-07-11 12:30:00+00:00,5662.876357300096
2022-07-11 12:45:00+00:00,5649.569995083905
2022-07-11 13:15:00+00:00,5651.352672509164
2022-07-11 14:00:00+00:00,5653.223143418154
2022-07-11 14:30:00+00:00,5655.159907101495
2022-07-11 16:15:00+00:00,5642.203118575544
2022-07-11 16:30:00+00:00,5643.955402552554
2022-07-11 17:00:00+00:00,5630.894997545572
2022-07-11 17:30:00+00:00,5617.599658238731
2022-07-11 18:00:00+00:00,5604.609246579036
2022-07-11 21:45:00+00:00,5641.604318859052
2022-07-12 08:15:00+00:00,5678.669068363037
2022-07-12 12:00:00+00:00,5680.507121748033
2022-07-12 12:15:00+00:00,5682.351168538319
2022-07-12 13:00:00+00:00,5669.233792369694
2022-07-12 13:30:00+00:00,5655.899949161457
2022-07-12 14:45:00+00:00,5644.587228452715
2022-07-12 15:00:00+00:00,5631.561501059706
2022-07-12 19:15:00+00:00,5668.557740118302
2022-07-12 20:15:00+00:00,5655.690558256344
2022-07-13 02:00:00+00:00,5642.733236736215
2022-07-13 02:15:00+00:00,5634.676220038168
2022-07-13 02:30:00+00:00,5621.809943535987
2022-07-13 05:30:00+00:00,5608.909149946691
2022-07-13 07:00:00+00:00,5595.851740604163
2022-07-13 07:30:00+00:00,5569.567408869988
2022-07-13 08:30:00+00:00,5556.434923065589
2022-07-13 12:00:00+00:00,5543.334785572642
2022-07-13 14:30:00+00:00,5530.444133426582
2022-07-13 16:45:00+00:00,5519.831620659566
2022-07-13 21:15:00+00:00,5515.42585745631
2022-07-14 07:30:00+00:00,5502.336432537041
2022-07-14 08:30:00+00:00,5489.239342092028
2022-07-14 09:30:00+00:00,5476.170727081456
2022-07-14 11:30:00+00:00,5463.107794574746
2022-07-14 15:30:00+00:00,5500.067562500123
2022-07-14 19:30:00+00:00,5537.125316472763
2022-07-14 22:15:00+00:00,5524.178374877698
2022-07-15 06:30:00+00:00,5511.309032623384
2022-07-15 11:00:00+00:00,5513.424125864454
2022-07-15 12:30:00+00:00,5500.426355741667
2022-07-15 13:30:00+00:00,5487.399541144955
2022-07-15 15:30:00+00:00,5474.39952611344
2022-07-15 20:15:00+00:00,5511.508137009167
2022-07-15 21:15:00+00:00,5513.45739542267
2022-07-15 23:15:00+00:00,5500.638753782078
2022-07-16 00:30:00+00:00,5474.711865015596
2022-07-16 05:45:00+00:00,5448.676299774906
2022-07-16 06:15:00+00:00,5435.795781765782
2022-07-16 15:00:00+00:00,5472.47890790363
2022-07-16 15:15:00+00:00,5509.1641193997175
2022-07-16 16:00:00+00:00,5546.063409303398
2022-07-16 18:30:00+00:00,5584.801767527276
2022-07-16 20:00:00+00:00,5571.700442733626
2022-07-17 01:15:00+00:00,5572.829270098172
2022-07-17 06:30:00+00:00,5613.842700438017
2022-07-18 10:45:00+00:00,5615.862760418997
2022-07-18 11:45:00+00:00,5602.95740790461
2022-07-18 16:30:00+00:00,5605.073547529193
2022-07-18 17:15:00+00:00,5594.385023975785
2022-07-18 17:45:00+00:00,5581.5693476564675
2022-07-18 18:45:00+00:00,5568.722362329642
2022-07-18 19:00:00+00:00,5555.917576471794
2022-07-18 19:45:00+00:00,5543.10698946023
2022-07-20 08:45:00+00:00,5530.34166089637
2022-07-20 15:30:00+00:00,5531.091188528527
2022-07-21 11:30:00+00:00,5518.224618577409
2022-07-21 13:15:00+00:00,5518.893192394125
2022-07-21 14:15:00+00:00,5493.03386300127
2022-07-21 20:00:00+00:00,5480.1532509732
2022-07-22 05:45:00+00:00,5482.234308415663
2022-07-22 15:15:00+00:00,5519.299561686295
2022-07-22 19:45:00+00:00,5556.183131373759
2022-07-23 00:00:00+00:00,5593.278748727092
2022-07-23 00:30:00+00:00,5580.34504214231
2022-07-23 00:45:00+00:00,5567.37686162005
2022-07-23 02:00:00+00:00,5554.453507418104
2022-07-23 04:30:00+00:00,5545.666732156164
2022-07-23 10:30:00+00:00,5582.346552556139
2022-07-23 11:15:00+00:00,5656.3844975976335
2022-07-23 12:00:00+00:00,5658.4137856498155
2022-07-23 13:45:00+00:00,5645.50766373707
2022-07-23 15:00:00+00:00,5647.420613910473
2022-07-23 17:45:00+00:00,5686.55414130981
2022-07-23 18:00:00+00:00,5688.446168935058
2022-07-23 18:15:00+00:00,5690.504912418036
2022-07-23 20:15:00+00:00,5677.546727233064
2022-07-23 22:15:00+00:00,5664.434582129016
2022-07-24 00:00:00+00:00,5638.382721292376
2022-07-24 02:30:00+00:00,5625.383796360882
2022-07-24 05:00:00+00:00,5622.6462402069865
2022-07-24 08:30:00+00:00,5609.647740325258
2022-07-24 09:15:00+00:00,5646.693828731422
2022-07-24 10:30:00+00:00,5633.702750707716
2022-07-24 11:30:00+00:00,5635.738919592545
2022-07-24 14:30:00+00:00,5622.598579675796
2022-07-24 15:00:00+00:00,5609.624802903882
2022-07-24 17:30:00+00:00,5596.7130837821305
2022-07-24 20:15:00+00:00,5598.552114547016
2022-07-24 22:45:00+00:00,5600.577640064147
2022-07-25 00:30:00+00:00,5637.690687657979
2022-07-25 01:45:00+00:00,5674.602280018208
2022-07-25 05:45:00+00:00,5676.557365098257
2022-07-25 08:30:00+00:00,5678.7383167152575
2022-07-25 12:00:00+00:00,5677.922565414313
2022-07-25 14:15:00+00:00,5715.115755964192
2022-07-25 14:45:00+00:00,5716.772417571989
2022-07-25 19:30:00+00:00,5790.638509973679
2022-07-25 19:45:00+00:00,5777.468528396584
2022-07-25 20:00:00+00:00,5779.538529664427
2022-07-25 23:45:00+00:00,5790.332960983581
2022-07-26 03:15:00+00:00,5866.4163624314615
2022-07-26 03:30:00+00:00,5868.583471202175
2022-07-26 04:15:00+00:00,5857.723454350354
2022-07-26 09:45:00+00:00,5859.877715081098
2022-07-26 10:00:00+00:00,5854.604568474004
2022-07-26 12:00:00+00:00,5856.124078105898
2022-07-26 13:30:00+00:00,5860.024617253377
2022-07-26 14:00:00+00:00,5861.977358762624
2022-07-26 15:15:00+00:00,5899.020355954539
2022-07-26 16:45:00+00:00,5901.092336638804
2022-07-26 17:00:00+00:00,5902.872538306507
2022-07-26 20:00:00+00:00,5904.8862230335635
2022-07-26 21:00:00+00:00,5893.817721378723
2022-07-26 22:00:00+00:00,5880.908619517527
2022-07-26 22:15:00+00:00,5869.753684821716
2022-07-26 23:45:00+00:00,5856.593953180158
2022-07-27 01:00:00+00:00,5817.632078987194
2022-07-27 05:00:00+00:00,5819.7868444800615
2022-07-27 07:00:00+00:00,5808.6885270961175
2022-07-28 02:45:00+00:00,5845.797220336818
2022-07-28 09:15:00+00:00,5832.611409691802
2022-07-28 12:15:00+00:00,5834.63480927629
2022-07-28 13:45:00+00:00,5835.7253328952675
2022-07-28 15:30:00+00:00,5872.866123985619
2022-07-29 18:30:00+00:00,5875.045946111115
2022-07-29 23:45:00+00:00,5862.220894933297
2022-07-30 09:45:00+00:00,5849.425378701224
2022-07-30 19:00:00+00:00,5851.607063020062
2022-07-30 19:45:00+00:00,5838.747475417233
2022-07-30 22:00:00+00:00,5825.936048536702
2022-07-31 04:45:00+00:00,5811.402794775763
2022-08-02 10:00:00+00:00,5813.434961908743
2022-08-02 16:15:00+00:00,5800.526321695131
2022-08-03 01:45:00+00:00,5802.497281948478
2022-08-03 03:00:00+00:00,5789.540876575304
2022-08-03 05:15:00+00:00,5776.571624459024
2022-08-03 05:30:00+00:00,5763.309295049152
2022-08-03 06:15:00+00:00,5736.798654067163
2022-08-03 07:15:00+00:00,5723.626524703774
2022-08-03 08:00:00+00:00,5710.096032683304
2022-08-03 08:30:00+00:00,5696.986496334826
2022-08-03 09:15:00+00:00,5684.007415389103
2022-08-03 10:15:00+00:00,5670.795606904642
2022-08-03 12:15:00+00:00,5708.022029568115
2022-08-03 21:00:00+00:00,5686.601926155487
2022-08-03 22:30:00+00:00,5673.712637979211
2022-08-03 23:30:00+00:00,5660.840740409394
2022-08-04 00:15:00+00:00,5647.604904244581
2022-08-04 01:00:00+00:00,5608.514578293065
2022-08-04 01:15:00+00:00,5595.286770811075
2022-08-04 05:00:00+00:00,5582.273805161595
2022-08-04 12:00:00+00:00,5571.026116994431
2022-08-04 13:30:00+00:00,5557.925499232451
2022-08-04 13:45:00+00:00,5561.798394656537
2022-08-04 15:45:00+00:00,5563.871911093427
2022-08-04 16:00:00+00:00,5565.738434776398
2022-08-04 16:45:00+00:00,5602.70507596346
2022-08-04 18:15:00+00:00,5604.573999060641
2022-08-04 23:45:00+00:00,5606.640841649004
2022-08-05 01:00:00+00:00,5601.831679516318
2022-08-05 01:30:00+00:00,5588.337433490541
2022-08-05 01:45:00+00:00,5549.015599927716
2022-08-05 02:30:00+00:00,5535.627323308061
2022-08-05 06:00:00+00:00,5522.122207921792
2022-08-05 14:00:00+00:00,5508.865605517173
2022-08-05 19:45:00+00:00,5510.6648857112295
2022-08-05 20:00:00+00:00,5497.638236351335
2022-08-05 21:00:00+00:00,5484.1934127126015
2022-08-05 22:30:00+00:00,5470.730593509604
2022-08-06 17:00:00+00:00,5457.752668176586
2022-08-06 20:15:00+00:00,5459.825833927511
2022-08-06 22:30:00+00:00,5461.889413082445
2022-08-06 23:15:00+00:00,5448.920911457629
2022-08-07 00:00:00+00:00,5451.013920268742
2022-08-07 00:45:00+00:00,5438.147604388399
2022-08-07 02:45:00+00:00,5461.774653300716
2022-08-07 05:30:00+00:00,5463.937825191242
2022-08-07 07:45:00+00:00,5450.668223524306
2022-08-07 09:00:00+00:00,5437.695591436351
2022-08-07 10:45:00+00:00,5424.134492921176
2022-08-07 12:00:00+00:00,5410.4735365267
2022-08-07 12:45:00+00:00,5396.906365030658
2022-08-07 16:15:00+00:00,5398.378428856538
2022-08-07 16:30:00+00:00,5400.509555000168
2022-08-07 17:00:00+00:00,5386.959313107793
2022-08-07 23:00:00+00:00,5389.0645928719305
2022-08-08 00:00:00+00:00,5391.033025853318
2022-08-08 00:30:00+00:00,5378.016027777679
2022-08-08 00:45:00+00:00,5380.044101871587
2022-08-08 05:15:00+00:00,5366.060776154355
2022-08-08 06:00:00+00:00,5403.083700501669
2022-08-08 09:45:00+00:00,5441.872652914081
2022-08-08 10:30:00+00:00,5478.834996238059
2022-08-08 12:15:00+00:00,5480.490979424962
2022-08-08 13:15:00+00:00,5482.614185304321
2022-08-08 14:15:00+00:00,5469.657340537364
2022-08-08 14:30:00+00:00,5456.5702815900095
2022-08-08 15:15:00+00:00,5443.190464509283
2022-08-08 16:00:00+00:00,5432.05891453742
2022-08-08 18:00:00+00:00,5419.214544154696
2022-08-08 19:15:00+00:00,5405.94477434021
2022-08-08 21:15:00+00:00,5407.82745341883
2022-08-08 22:30:00+00:00,5394.942632850897
2022-08-09 06:15:00+00:00,5396.7808137852135
2022-08-09 07:15:00+00:00,5383.849363241316
2022-08-09 08:15:00+00:00,5370.947102577622
2022-08-09 08:45:00+00:00,5358.033147524981
2022-08-09 09:15:00+00:00,5345.142051819922
2022-08-09 14:00:00+00:00,5381.738792357697
2022-08-09 20:45:00+00:00,5407.763951326947
2022-08-09 21:15:00+00:00,5409.762758334598
2022-08-09 22:45:00+00:00,5411.392338362166
2022-08-10 00:30:00+00:00,5447.796143833211
2022-08-10 00:45:00+00:00,5521.438604453504
2022-08-10 01:15:00+00:00,5508.132311212395
2022-08-10 02:45:00+00:00,5497.00136798745
2022-08-10 04:30:00+00:00,5483.70342274949
2022-08-10 07:00:00+00:00,5470.6456305034435
2022-08-10 07:30:00+00:00,5472.673278913886
2022-08-10 08:00:00+00:00,5459.558275268299
2022-08-10 08:30:00+00:00,5446.361038766067
2022-08-10 08:45:00+00:00,5432.883361380214
2022-08-10 11:15:00+00:00,5406.023196552203
2022-08-10 12:00:00+00:00,5392.804354560784
2022-08-10 12:30:00+00:00,5394.751819584616
2022-08-10 12:45:00+00:00,5368.329998539241
2022-08-10 18:30:00+00:00,5355.21925622726
2022-08-11 00:00:00+00:00,5391.992427545652
2022-08-11 02:15:00+00:00,5378.735425748624
2022-08-11 06:45:00+00:00,5380.585933101434
2022-08-11 07:45:00+00:00,5367.25206503223
2022-08-11 09:15:00+00:00,5354.337546542477
2022-08-11 09:45:00+00:00,5341.371543564165
2022-08-11 11:00:00+00:00,5328.412729876244
2022-08-11 13:00:00+00:00,5315.544897222027
2022-08-11 14:30:00+00:00,5317.3176803258975
2022-08-12 09:30:00+00:00,5303.967056965245
2022-08-12 10:45:00+00:00,5340.673253478416
2022-08-12 13:30:00+00:00,5327.524779759372
2022-08-12 15:15:00+00:00,5314.358179557462
2022-08-12 19:15:00+00:00,5301.166133886282
2022-08-13 05:45:00+00:00,5337.977593859778
2022-08-13 06:30:00+00:00,5324.997790651438
2022-08-13 07:45:00+00:00,5327.156710581598
2022-08-13 08:45:00+00:00,5314.183414803899
2022-08-13 10:15:00+00:00,5301.284011139494
2022-08-13 11:30:00+00:00,5288.35459442128
2022-08-13 12:30:00+00:00,5262.384304279018
2022-08-13 15:15:00+00:00,5249.4384966770795
2022-08-13 15:30:00+00:00,5251.318386600198
2022-08-13 18:15:00+00:00,5238.242655413069
2022-08-14 05:00:00+00:00,5240.3367589446825
2022-08-14 06:45:00+00:00,5277.45402803477
2022-08-14 08:00:00+00:00,5264.6448080613945
2022-08-14 11:30:00+00:00,5251.678004041643
2022-08-14 11:45:00+00:00,5253.862972865284
2022-08-14 15:45:00+00:00,5291.060165877144
2022-08-14 16:45:00+00:00,5293.296411878691
2022-08-15 00:00:00+00:00,5295.6004956974475
2022-08-15 00:30:00+00:00,5297.632027963904
2022-08-15 02:15:00+00:00,5284.456778424728
2022-08-15 05:45:00+00:00,5258.808259789813
2022-08-15 06:15:00+00:00,5332.775921692927
2022-08-15 06:30:00+00:00,5319.959084901105
2022-08-15 07:15:00+00:00,5322.072107064959
2022-08-15 08:00:00+00:00,5309.268998533688
2022-08-15 10:45:00+00:00,5296.225611752967
2022-08-15 13:00:00+00:00,5298.078926702363
2022-08-15 13:30:00+00:00,5299.856151372607
2022-08-15 13:45:00+00:00,5286.99665774721
2022-08-15 15:45:00+00:00,5274.08465084758
2022-08-15 16:45:00+00:00,5261.138359399849
2022-08-15 20:15:00+00:00,5252.496853588477
2022-08-15 23:15:00+00:00,5254.452767998369
2022-08-15 23:30:00+00:00,5241.480692666836
2022-08-16 01:00:00+00:00,5228.472922441082
2022-08-16 01:15:00+00:00,5215.515034875979
2022-08-16 03:30:00+00:00,5202.622074679544
2022-08-16 09:00:00+00:00,5189.624439403599
2022-08-16 10:30:00+00:00,5180.961971882435
2022-08-16 11:00:00+00:00,5182.91187489842
2022-08-16 14:00:00+00:00,5219.891496015162
2022-08-16 14:15:00+00:00,5222.1717082225
2022-08-16 15:45:00+00:00,5224.175034651575
2022-08-16 17:00:00+00:00,5226.101867660573
2022-08-16 19:00:00+00:00,5228.177877488322
2022-08-16 20:00:00+00:00,5215.30173420022
2022-08-17 00:15:00+00:00,5202.3336809546
2022-08-17 00:45:00+00:00,5206.692926909164
2022-08-17 03:30:00+00:00,5193.645508349368
2022-08-17 05:00:00+00:00,5180.671940399388
2022-08-17 05:45:00+00:00,5167.545136311289
2022-08-17 07:15:00+00:00,5169.775265297998
2022-08-17 09:30:00+00:00,5156.800219902833
2022-08-17 12:15:00+00:00,5230.69175856263
2022-08-17 12:30:00+00:00,5232.524657522926
2022-08-17 14:45:00+00:00,5269.543577603705
2022-08-17 18:30:00+00:00,5271.532402432044
2022-08-17 20:00:00+00:00,5295.355782766552
2022-08-18 00:15:00+00:00,5332.241331257776
2022-08-18 00:30:00+00:00,5334.281838956309
2022-08-18 02:45:00+00:00,5328.2283644518775
2022-08-18 07:00:00+00:00,5322.218128225207
2022-08-18 07:15:00+00:00,5315.234976953787
2022-08-18 09:30:00+00:00,5312.67408243758
2022-08-18 09:45:00+00:00,5299.308513015377
2022-08-18 15:00:00+00:00,5335.990717303366
2022-08-18 18:45:00+00:00,5372.941006066127
2022-08-18 20:15:00+00:00,5374.769111097208
2022-08-18 23:00:00+00:00,5411.804100560433
2022-08-18 23:15:00+00:00,5448.5665816943665
2022-08-19 06:30:00+00:00,5485.687090350033
2022-08-22 03:45:00+00:00,5472.6693243091595
2022-08-22 07:30:00+00:00,5459.577234780697
2022-08-22 08:30:00+00:00,5446.504140218212
2022-08-23 01:15:00+00:00,5433.574972820928
2022-08-23 05:15:00+00:00,5420.601886116509
2022-08-23 07:00:00+00:00,5407.280056213094
2022-08-23 09:15:00+00:00,5394.044633631296
2022-08-23 10:00:00+00:00,5395.811094996291
2022-08-23 13:30:00+00:00,5384.963472263186
2022-08-23 13:45:00+00:00,5385.723450772215
2022-08-23 14:00:00+00:00,5422.711324529279
2022-08-23 14:45:00+00:00,5409.579723645487
2022-08-23 15:00:00+00:00,5396.661643306938
2022-08-23 17:00:00+00:00,5383.756088579488
2022-08-23 18:15:00+00:00,5420.80906124289
2022-08-23 20:30:00+00:00,5407.901900994995
2022-08-23 21:30:00+00:00,5403.43226502337
2022-08-24 00:15:00+00:00,5405.455600838556
2022-08-24 00:30:00+00:00,5392.008084307115
2022-08-24 01:30:00+00:00,5380.702638137842
2022-08-24 01:45:00+00:00,5354.58208782796
2022-08-24 07:00:00+00:00,5341.543000998258
2022-08-24 07:30:00+00:00,5343.257733200103
2022-08-24 08:30:00+00:00,5330.240157304177
2022-08-24 14:00:00+00:00,5317.112016770871
2022-08-24 14:30:00+00:00,5318.569874210893
2022-08-24 15:45:00+00:00,5355.447351114313
2022-08-24 16:00:00+00:00,5391.954162109888
2022-08-24 16:30:00+00:00,5393.922334845418
2022-08-24 17:45:00+00:00,5380.647797830336
2022-08-24 21:45:00+00:00,5354.326797763261
2022-08-24 22:15:00+00:00,5343.251036180976
2022-08-24 22:30:00+00:00,5303.408472090205
2022-08-24 23:30:00+00:00,5276.8464253307975
2022-08-25 03:30:00+00:00,5278.752919867741
2022-08-25 05:00:00+00:00,5267.608383483848
2022-08-25 06:15:00+00:00,5254.512943605649
2022-08-25 07:00:00+00:00,5291.352855969333
2022-08-25 09:15:00+00:00,5293.203307079085
2022-08-25 10:45:00+00:00,5279.58269637903
2022-08-25 12:15:00+00:00,5281.45070376105
2022-08-25 13:00:00+00:00,5267.732522094394
2022-08-25 14:00:00+00:00,5254.587872588308
2022-08-25 15:15:00+00:00,5256.393443452871
2022-08-25 20:30:00+00:00,5258.442685031685
2022-08-25 22:00:00+00:00,5256.347025929484
2022-08-25 22:45:00+00:00,5230.1015737811
2022-08-25 23:45:00+00:00,5231.9548174537895
2022-08-26 00:00:00+00:00,5268.8386725093105
2022-08-26 00:15:00+00:00,5255.70511848416
2022-08-26 01:45:00+00:00,5242.635658611819
2022-08-26 05:15:00+00:00,5229.436342723227
2022-08-26 06:15:00+00:00,5231.476565291482
2022-08-26 08:45:00+00:00,5305.345312512929
2022-08-26 09:45:00+00:00,5292.461964889071
2022-08-26 10:30:00+00:00,5266.527719833238
2022-08-26 11:00:00+00:00,5253.641104157011
2022-08-26 13:00:00+00:00,5227.702348245449
2022-08-26 14:00:00+00:00,5229.846420180366
2022-08-26 14:30:00+00:00,5219.122705295947
2022-08-26 15:00:00+00:00,5206.320170481379
2022-08-26 21:15:00+00:00,5243.536767570155
2022-08-27 05:00:00+00:00,5280.700745773634
2022-08-27 14:30:00+00:00,5304.822193054018
2022-08-27 15:45:00+00:00,5341.901202389668
2022-08-28 07:15:00+00:00,5328.8156288776345
2022-08-28 16:00:00+00:00,5315.886245808392
2022-08-28 21:45:00+00:00,5352.894476665112
2022-08-28 23:15:00+00:00,5340.057266539742
2022-08-29 01:00:00+00:00,5327.279987857363
2022-08-29 04:45:00+00:00,5329.526640813787
2022-08-29 05:30:00+00:00,5316.68103002838
2022-08-29 12:15:00+00:00,5353.878440066978
2022-08-29 14:15:00+00:00,5391.023138411532
2022-08-30 01:30:00+00:00,5393.170157479121
2022-08-30 06:00:00+00:00,5380.337983579449
2022-08-30 08:45:00+00:00,5382.473765288407
2022-08-30 10:45:00+00:00,5384.568052968824
2022-08-30 11:15:00+00:00,5371.46328967967
2022-08-30 12:15:00+00:00,5358.579944135826
2022-08-30 12:45:00+00:00,5345.51146503348
2022-08-30 13:45:00+00:00,5332.450716823312
2022-08-30 14:00:00+00:00,5319.575417562078
2022-08-30 14:30:00+00:00,5306.560163142598
2022-08-30 16:15:00+00:00,5280.557603767987
2022-08-30 16:30:00+00:00,5267.759763959904
2022-08-30 18:30:00+00:00,5254.692625837395
2022-08-30 19:00:00+00:00,5241.532611211991
2022-08-31 00:15:00+00:00,5243.458626492393
2022-08-31 01:00:00+00:00,5230.4533217868
2022-08-31 02:00:00+00:00,5217.266066378137
2022-08-31 06:30:00+00:00,5204.031384837614
2022-08-31 08:15:00+00:00,5190.809020623412
2022-08-31 14:30:00+00:00,5192.655712416424
2022-08-31 15:00:00+00:00,5179.634298692313
2022-09-01 11:00:00+00:00,5166.344785499861
2022-09-01 13:30:00+00:00,5168.011375529814
2022-09-01 14:45:00+00:00,5204.840922087461
2022-09-01 17:15:00+00:00,5191.700702925903
2022-09-01 19:00:00+00:00,5178.690431468555
2022-09-01 20:00:00+00:00,5165.59252691666
2022-09-01 20:30:00+00:00,5139.578489519585
2022-09-01 22:00:00+00:00,5126.577729440045
2022-09-02 01:00:00+00:00,5113.622206728208
2022-09-02 03:00:00+00:00,5100.461908035331
2022-09-02 05:00:00+00:00,5102.490563547061
2022-09-02 06:00:00+00:00,5089.344167263119
2022-09-02 10:30:00+00:00,5091.290968954731
2022-09-02 12:30:00+00:00,5166.5699764899655
2022-09-02 16:30:00+00:00,5168.684576360076
2022-09-02 16:45:00+00:00,5155.782408584752
2022-09-02 17:15:00+00:00,5142.832299256857
2022-09-02 18:15:00+00:00,5118.785132969401
2022-09-02 19:15:00+00:00,5092.846291873033
2022-09-02 21:00:00+00:00,5079.677669888759
2022-09-02 22:30:00+00:00,5081.702525917041
2022-09-02 23:45:00+00:00,5068.408418965377
2022-09-03 00:00:00+00:00,5055.3168813302045
2022-09-03 05:15:00+00:00,5042.253511633685
2022-09-03 06:15:00+00:00,5029.243579032125
2022-09-03 07:45:00+00:00,5016.226158415982
2022-09-03 12:15:00+00:00,5002.917349620332
2022-09-03 13:45:00+00:00,4989.174093575914
2022-09-03 15:30:00+00:00,5026.176228362334
2022-09-03 16:45:00+00:00,5028.136679290518
2022-09-03 18:45:00+00:00,5030.105061926722
2022-09-03 19:15:00+00:00,5031.240383889926
2022-09-03 21:00:00+00:00,5033.93090945925
2022-09-03 23:30:00+00:00,5035.882936310061
2022-09-03 23:45:00+00:00,5021.991118256058
2022-09-04 00:15:00+00:00,5008.655545431268
2022-09-04 01:15:00+00:00,5032.275566068283
2022-09-04 02:00:00+00:00,5018.807107738661
2022-09-04 07:45:00+00:00,5054.709809108225
2022-09-04 08:00:00+00:00,5056.706528407687
2022-09-04 08:30:00+00:00,5042.7434601060295
2022-09-04 09:00:00+00:00,5028.892729032295
2022-09-04 09:45:00+00:00,5030.846005478265
2022-09-04 11:00:00+00:00,5017.711583083325
2022-09-04 11:15:00+00:00,5004.178001666875
2022-09-04 11:45:00+00:00,4990.85836432838
2022-09-04 12:00:00+00:00,4977.088080378076
2022-09-04 12:15:00+00:00,4975.668377733503
2022-09-04 13:30:00+00:00,4962.557782784013
2022-09-04 13:45:00+00:00,4964.490156225631
2022-09-04 18:45:00+00:00,4953.545519108147
2022-09-04 19:30:00+00:00,4955.577489739063
2022-09-04 20:30:00+00:00,4955.771296590425
2022-09-04 21:45:00+00:00,4942.725910236354
2022-09-04 23:30:00+00:00,4944.406673688889
2022-09-05 00:00:00+00:00,4931.148758651124
2022-09-05 00:30:00+00:00,4932.991850277128
2022-09-05 02:00:00+00:00,4936.666410856783
2022-09-05 05:00:00+00:00,4938.609411659883
2022-09-05 07:15:00+00:00,4927.438842612279
2022-09-05 08:00:00+00:00,4929.369513785699
2022-09-05 09:15:00+00:00,4966.1657323695135
2022-09-05 10:30:00+00:00,4953.186225636346
2022-09-05 11:45:00+00:00,4941.619495019005
2022-09-05 13:00:00+00:00,4928.110471158672
2022-09-05 14:45:00+00:00,4914.575193709546
2022-09-05 15:30:00+00:00,4951.585398832207
2022-09-05 17:00:00+00:00,4939.871064851766
2022-09-06 01:45:00+00:00,4926.873352139358
2022-09-06 12:45:00+00:00,4915.733724527036
2022-09-06 13:45:00+00:00,4902.657142583034
2022-09-06 14:30:00+00:00,4889.596273687177
2022-09-06 15:45:00+00:00,4926.605314641225
2022-09-06 17:00:00+00:00,4950.667544313838
2022-09-06 20:45:00+00:00,4952.682862692948
2022-09-07 00:30:00+00:00,4954.699983262151
2022-09-07 02:15:00+00:00,4991.708004470961
2022-09-07 03:15:00+00:00,4978.811790946573
2022-09-07 07:00:00+00:00,4965.670178142609
2022-09-07 12:45:00+00:00,4967.219474525919
2022-09-07 16:30:00+00:00,4953.891391833573
2022-09-08 00:30:00+00:00,4955.701619646976
2022-09-08 01:30:00+00:00,4942.529483172022
2022-09-08 06:30:00+00:00,4944.3964326714695
2022-09-08 07:00:00+00:00,4932.9744862309735
2022-09-08 07:15:00+00:00,4919.40535351761
2022-09-08 09:45:00+00:00,4907.757038760567
2022-09-08 12:15:00+00:00,4909.427844293341
2022-09-08 12:30:00+00:00,4896.111095625219
2022-09-08 13:00:00+00:00,4882.934401685506
2022-09-08 14:45:00+00:00,4893.479676348494
2022-09-08 16:00:00+00:00,4895.341145352631
2022-09-08 16:15:00+00:00,4897.206688402587
2022-09-08 19:00:00+00:00,4884.3492845567125
2022-09-09 00:15:00+00:00,4921.394705800727
2022-09-09 03:00:00+00:00,4958.274393475331
2022-09-09 03:30:00+00:00,4995.240374163809
2022-09-09 04:00:00+00:00,5032.0422042088785
2022-09-09 05:15:00+00:00,5069.076570000502
2022-09-09 06:15:00+00:00,5105.725446651589
2022-09-09 08:45:00+00:00,5142.701778913222
2022-09-09 09:00:00+00:00,5144.732518919375
2022-09-09 12:30:00+00:00,5218.4390083007
2022-09-09 13:00:00+00:00,5220.487054716888
2022-09-09 13:15:00+00:00,5207.325903773546
2022-09-09 14:30:00+00:00,5194.395850779635
2022-09-09 16:00:00+00:00,5181.473056805568
2022-09-09 17:30:00+00:00,5168.552336925959
2022-09-09 23:00:00+00:00,5205.486879183234
2022-09-09 23:15:00+00:00,5244.235087856082
2022-09-10 00:15:00+00:00,5231.131279673776
2022-09-10 07:45:00+00:00,5233.027117371969
2022-09-10 12:15:00+00:00,5219.691637339973
2022-09-12 12:00:00+00:00,5256.477495571718
2022-09-12 13:30:00+00:00,5258.648480899234
2022-09-12 14:30:00+00:00,5245.8030191396
2022-09-12 15:00:00+00:00,5232.794859905112
2022-09-12 15:30:00+00:00,5219.8954559584645
2022-09-12 15:45:00+00:00,5193.986130865355
2022-09-12 16:00:00+00:00,5181.1382557169645
2022-09-13 00:15:00+00:00,5183.316675053716
2022-09-13 17:15:00+00:00,5170.5151208169555
2022-09-13 19:30:00+00:00,5172.597428059938
2022-09-13 20:00:00+00:00,5174.7655634311
2022-09-13 20:30:00+00:00,5176.8984414117
2022-09-13 23:00:00+00:00,5163.906888108104
2022-09-14 01:00:00+00:00,5166.017439964409
2022-09-14 02:00:00+00:00,5153.040586040671
2022-09-14 03:00:00+00:00,5140.043989729346
2022-09-14 04:15:00+00:00,5126.957669074087
2022-09-14 04:30:00+00:00,5129.1097286666445
2022-09-14 07:00:00+00:00,5102.626249075525
2022-09-14 08:00:00+00:00,5103.041070277908
2022-09-14 08:30:00+00:00,5091.571256091608
2022-09-14 12:30:00+00:00,5093.608110953191
2022-09-14 16:30:00+00:00,5097.055954148026
2022-09-14 18:00:00+00:00,5134.076401971642
2022-09-14 18:30:00+00:00,5136.154781404247
2022-09-14 19:45:00+00:00,5103.23264318712
2022-09-14 20:30:00+00:00,5090.3299762486295
2022-09-14 21:45:00+00:00,5077.3612247262445
2022-09-14 22:30:00+00:00,5051.276918462952
2022-09-15 03:00:00+00:00,5088.360222299409
2022-09-15 05:00:00+00:00,5149.27079031745
2022-09-15 06:30:00+00:00,5136.4103033201945
2022-09-15 06:45:00+00:00,5140.271983998199
2022-09-15 07:15:00+00:00,5101.680223539424
2022-09-15 10:00:00+00:00,5103.706617096943
2022-09-15 12:30:00+00:00,5105.830160377658
2022-09-15 14:45:00+00:00,5143.060190110224
2022-09-15 15:15:00+00:00,5216.81720455334
2022-09-15 15:30:00+00:00,5218.9490202452025
2022-09-15 16:30:00+00:00,5205.942375576648
2022-09-15 19:30:00+00:00,5192.91740953429
2022-09-15 20:00:00+00:00,5179.897353248091
2022-09-15 23:30:00+00:00,5181.845832663807
2022-09-16 00:15:00+00:00,5183.5276044186785
2022-09-16 00:30:00+00:00,5183.865072146099
2022-09-16 02:00:00+00:00,5220.58749778384
2022-09-16 04:00:00+00:00,5222.729545639672
2022-09-16 07:00:00+00:00,5219.182054165555
2022-09-16 09:15:00+00:00,5206.016202914228
2022-09-16 10:30:00+00:00,5208.052181889204
2022-09-17 15:45:00+00:00,5210.1306195255875
2022-09-17 19:00:00+00:00,5212.280822527874
2022-09-17 20:00:00+00:00,5199.401237028329
2022-09-18 00:00:00+00:00,5201.492210899846
2022-09-18 01:30:00+00:00,5188.55550836978
2022-09-19 13:45:00+00:00,5190.643809118866
2022-09-19 14:30:00+00:00,5177.637186844141
2022-09-19 19:30:00+00:00,5164.655558856342
2022-09-20 15:30:00+00:00,5201.497601937997
2022-09-20 16:15:00+00:00,5188.51443502522
2022-09-20 17:15:00+00:00,5175.558045167283
2022-09-20 21:30:00+00:00,5162.583893767574
2022-09-21 14:45:00+00:00,5149.106526760088
2022-09-21 15:15:00+00:00,5135.901945315649
2022-09-21 17:15:00+00:00,5137.591970902321
2022-09-21 17:45:00+00:00,5174.427891970761
2022-09-21 19:15:00+00:00,5198.543277574657
2022-09-22 05:30:00+00:00,5185.72284866364
2022-09-22 07:15:00+00:00,5172.726860517165
2022-09-22 08:00:00+00:00,5159.819359165365
2022-09-22 11:00:00+00:00,5161.832706013437
2022-09-22 13:15:00+00:00,5148.85829866113
2022-09-22 13:45:00+00:00,5135.798352521344
2022-09-22 14:45:00+00:00,5122.81181742422
2022-09-22 19:30:00+00:00,5159.876302997828
2022-09-22 23:15:00+00:00,5161.782508407289
2022-09-23 02:00:00+00:00,5198.80794312762
2022-09-23 02:15:00+00:00,5200.124886978619
2022-09-23 05:15:00+00:00,5237.0898037355655
2022-09-23 07:00:00+00:00,5224.054568207791
2022-09-23 07:30:00+00:00,5211.030420216907
2022-09-23 08:15:00+00:00,5197.611112134682
2022-09-23 09:30:00+00:00,5158.1911375081445
2022-09-23 10:45:00+00:00,5159.800860600949
2022-09-23 13:45:00+00:00,5133.515901878561
2022-09-23 19:15:00+00:00,5170.673652857042
2022-09-23 21:00:00+00:00,5157.914798426601
2022-09-24 00:15:00+00:00,5160.132794623768
2022-09-24 01:45:00+00:00,5197.29741119718
2022-09-24 03:15:00+00:00,5184.538851637807
2022-09-24 04:00:00+00:00,5186.64523562413
2022-09-24 04:45:00+00:00,5223.259206952512
2022-09-24 06:30:00+00:00,5224.8767156732
2022-09-24 07:00:00+00:00,5211.96027458147
2022-09-24 10:00:00+00:00,5196.525819640185
2022-09-24 12:45:00+00:00,5183.653999926416
2022-09-24 13:30:00+00:00,5185.779917316544
2022-09-24 13:45:00+00:00,5183.781623462044
2022-09-24 14:00:00+00:00,5185.773170405392
2022-09-24 14:15:00+00:00,5172.473792946348
2022-09-24 15:00:00+00:00,5159.515939182758
2022-09-24 18:00:00+00:00,5146.6759535542005
2022-09-24 20:45:00+00:00,5141.108082999576
2022-09-24 21:15:00+00:00,5132.734419326078
2022-09-24 22:00:00+00:00,5106.3817207691
2022-09-25 12:45:00+00:00,5093.448153721364
2022-09-25 13:45:00+00:00,5080.484532202384
2022-09-25 22:15:00+00:00,5082.3579186648685
2022-09-26 00:00:00+00:00,5069.31642601662
2022-09-26 01:30:00+00:00,5056.310332650692
2022-09-26 14:30:00+00:00,5043.30718403672
2022-09-26 22:00:00+00:00,5045.074650363475
2022-09-27 01:30:00+00:00,5081.930244267894
2022-09-27 03:00:00+00:00,5118.76316706438
2022-09-27 05:15:00+00:00,5105.77323787858
2022-09-27 09:00:00+00:00,5107.700676845904
2022-09-27 11:00:00+00:00,5109.36706452228
2022-09-27 12:00:00+00:00,5112.799274274794
2022-09-27 12:45:00+00:00,5099.902514447326
2022-09-27 13:00:00+00:00,5086.320954400894
2022-09-27 13:45:00+00:00,5088.150775964108
2022-09-27 14:00:00+00:00,5089.730853556431
2022-09-27 15:45:00+00:00,5065.332805905433
2022-09-27 16:00:00+00:00,5052.251744230653
2022-09-27 16:15:00+00:00,5039.003487534181
2022-09-27 16:30:00+00:00,5026.033576973901
2022-09-27 22:15:00+00:00,5000.152404799057
2022-09-27 23:30:00+00:00,4990.018748237684
2022-09-28 01:30:00+00:00,5063.938434937382
2022-09-28 05:45:00+00:00,5066.127991779881
2022-09-28 07:30:00+00:00,5068.075339254643
2022-09-28 10:00:00+00:00,5070.026893285231
2022-09-28 10:15:00+00:00,5068.550749770078
2022-09-28 10:30:00+00:00,5070.498150637316
2022-09-28 14:30:00+00:00,5044.692823671134
2022-09-28 18:30:00+00:00,5046.837136082967
2022-09-29 05:30:00+00:00,5033.315617446125
2022-09-29 07:00:00+00:00,5019.789858762777
2022-09-29 08:30:00+00:00,5006.342485427482
2022-09-29 12:00:00+00:00,5007.943518854106
2022-09-30 14:45:00+00:00,4994.872329097945
2022-10-01 08:00:00+00:00,4994.4707735763905
2022-10-01 16:30:00+00:00,5031.520013088861
2022-10-01 17:15:00+00:00,5068.129160981346
2022-10-01 18:45:00+00:00,5069.965913309252
2022-10-01 20:30:00+00:00,5071.77332725292
2022-10-02 00:15:00+00:00,5058.600964488346
2022-10-02 01:45:00+00:00,5045.186685034783
2022-10-02 04:00:00+00:00,5031.954343685141
2022-10-02 05:30:00+00:00,5018.597312073163
2022-10-02 11:15:00+00:00,5005.1687697118205
2022-10-02 16:00:00+00:00,5006.8587743984735
2022-10-02 16:45:00+00:00,5008.491793267088
2022-10-02 19:00:00+00:00,4983.321564500101
2022-10-02 21:45:00+00:00,4985.034918682098
2022-10-02 22:00:00+00:00,4986.763632302679
2022-10-02 23:00:00+00:00,5023.490182274033
2022-10-03 00:15:00+00:00,5095.103401712725
2022-10-03 01:15:00+00:00,5084.872134870034
2022-10-03 01:45:00+00:00,5071.811183895529
2022-10-03 02:00:00+00:00,5058.813424203773
2022-10-03 05:45:00+00:00,5060.561192534312
2022-10-03 06:00:00+00:00,5062.428097066691
2022-10-03 10:30:00+00:00,5063.141366131998
2022-10-03 13:15:00+00:00,5036.7151821894095
2022-10-04 14:30:00+00:00,5038.45144512554
2022-10-04 16:45:00+00:00,5075.479581986199
2022-10-04 17:15:00+00:00,5062.198381807478
2022-10-04 19:00:00+00:00,5063.928152123456
2022-10-04 22:15:00+00:00,5065.673606066658
2022-10-05 00:30:00+00:00,5052.090809785956
2022-10-05 01:00:00+00:00,5038.713378694247
2022-10-05 03:30:00+00:00,5025.184185219794
2022-10-05 07:15:00+00:00,5026.457941635632
2022-10-05 08:00:00+00:00,5028.672620408174
2022-10-05 12:15:00+00:00,5001.873658856478
2022-10-05 13:00:00+00:00,4988.89020179869
2022-10-05 16:00:00+00:00,5025.957447569712
2022-10-05 22:45:00+00:00,5025.308535573537
2022-10-07 19:30:00+00:00,5024.989295050521
2022-10-08 00:15:00+00:00,5026.423916641748
2022-10-08 07:00:00+00:00,5021.652746651618
2022-10-08 14:45:00+00:00,5017.988062194705
2022-10-08 16:30:00+00:00,5003.770001404092
2022-10-08 21:00:00+00:00,5039.449995068101
2022-10-08 21:30:00+00:00,5075.573503184355
2022-10-09 05:15:00+00:00,5072.251137147372
2022-10-09 06:45:00+00:00,5058.276920785968
2022-10-09 10:15:00+00:00,5044.137666549175
2022-10-09 14:30:00+00:00,5044.894447480934
2022-10-09 15:30:00+00:00,5030.654020496502
2022-10-09 19:00:00+00:00,5066.377406883364
2022-10-09 22:15:00+00:00,5039.029334664888
2022-10-10 00:45:00+00:00,5025.101649948151
2022-10-10 10:00:00+00:00,4997.886370994132
2022-10-10 12:30:00+00:00,4970.859320676751
2022-10-10 21:30:00+00:00,5007.414612456246
2022-10-10 22:00:00+00:00,5044.060169433672
2022-10-10 23:45:00+00:00,5080.903576329012
2022-10-11 00:00:00+00:00,5117.573735142296
2022-10-11 06:45:00+00:00,5141.2791022203155
2022-10-11 07:30:00+00:00,5127.697485931585
2022-10-11 11:00:00+00:00,5115.758138673711
2022-10-11 12:00:00+00:00,5102.157005328246
2022-10-11 12:15:00+00:00,5075.354797653371
2022-10-11 14:00:00+00:00,5111.762805176376
2022-10-11 14:15:00+00:00,5107.997775177908
2022-10-11 15:15:00+00:00,5109.763135917695
2022-10-11 15:30:00+00:00,5096.471759254194
2022-10-11 16:45:00+00:00,5083.548279466981
2022-10-11 20:15:00+00:00,5085.585793767913
2022-10-12 00:15:00+00:00,5072.460512858677
2022-10-12 00:45:00+00:00,5074.132993364384
2022-10-12 04:15:00+00:00,5060.9975508292655
2022-10-12 15:15:00+00:00,5063.105815504399
2022-10-13 13:45:00+00:00,5050.381779120312
2022-10-14 01:30:00+00:00,5087.513951320158
2022-10-14 05:30:00+00:00,5074.364435434173
2022-10-14 07:15:00+00:00,5060.914963329052
2022-10-14 07:30:00+00:00,5034.709653434722
2022-10-14 11:30:00+00:00,5036.253091165049
2022-10-14 12:30:00+00:00,5037.93956619917
2022-10-14 14:00:00+00:00,5043.046876295719
2022-10-14 15:15:00+00:00,5029.845112709317
2022-10-14 16:00:00+00:00,5003.599031811869
2022-10-14 18:15:00+00:00,4977.607684047465
2022-10-14 21:30:00+00:00,4951.559731335897
2022-10-14 21:45:00+00:00,4938.49732004464
2022-10-15 08:30:00+00:00,4940.304613868593
2022-10-15 21:00:00+00:00,4941.929540775366
2022-10-17 10:15:00+00:00,4928.786032370969
2022-10-17 11:15:00+00:00,4915.587328422481
2022-10-17 12:30:00+00:00,4902.388049862265
2022-10-17 13:30:00+00:00,4889.247172013587
2022-10-17 22:45:00+00:00,4885.239711300778
2022-10-18 01:30:00+00:00,4871.032929930688
2022-10-18 03:30:00+00:00,4857.97255517937
2022-10-18 07:45:00+00:00,4844.707564149636
2022-10-18 08:30:00+00:00,4830.650710752315
2022-10-18 13:45:00+00:00,4831.629788306326
2022-10-18 14:15:00+00:00,4818.283660742031
2022-10-18 16:15:00+00:00,4820.117249320923
2022-10-18 17:45:00+00:00,4807.033863992099
2022-10-18 18:30:00+00:00,4780.833234446298
2022-10-18 19:00:00+00:00,4817.702553093701
2022-10-18 20:00:00+00:00,4804.639806236529
2022-10-18 20:45:00+00:00,4791.544615581856
2022-10-19 06:15:00+00:00,4793.573611450954
2022-10-19 06:30:00+00:00,4830.494986979606
2022-10-19 12:45:00+00:00,4832.310305098477
2022-10-19 13:30:00+00:00,4819.037397286131
2022-10-19 14:15:00+00:00,4805.801304610659
2022-10-19 15:45:00+00:00,4792.6608038168715
2022-10-19 20:00:00+00:00,4779.499656257814
2022-10-19 22:30:00+00:00,4753.4535785675425
2022-10-20 00:00:00+00:00,4791.878535591958
2022-10-20 01:15:00+00:00,4793.86421788902
2022-10-20 02:15:00+00:00,4782.748792208559
2022-10-20 02:30:00+00:00,4769.741243626602
2022-10-20 04:00:00+00:00,4756.623059293654
2022-10-20 04:15:00+00:00,4743.538428941312
2022-10-20 04:45:00+00:00,4730.469786521406
2022-10-20 09:00:00+00:00,4717.110113004894
2022-10-20 11:30:00+00:00,4713.820681026244
2022-10-20 12:30:00+00:00,4700.412641619587
2022-10-20 14:15:00+00:00,4702.15592474701
2022-10-20 16:00:00+00:00,4688.760573907931
2022-10-20 17:45:00+00:00,4690.319709001757
2022-10-20 18:00:00+00:00,4726.794674285378
2022-10-20 19:45:00+00:00,4713.595227798028
2022-10-20 20:45:00+00:00,4714.044658494317
2022-10-20 21:45:00+00:00,4716.009038293957
2022-10-21 00:15:00+00:00,4752.861051057131
2022-10-21 01:15:00+00:00,4739.887638208998
2022-10-21 02:00:00+00:00,4741.933500676543
2022-10-21 04:30:00+00:00,4741.267378439644
2022-10-21 07:30:00+00:00,4737.355510356405
2022-10-21 08:30:00+00:00,4774.215911424143
2022-10-21 09:45:00+00:00,4761.016588794939
2022-10-21 12:00:00+00:00,4796.693941931817
2022-10-21 12:15:00+00:00,4835.0114201130555
2022-10-21 12:30:00+00:00,4836.948955046044
2022-10-21 12:45:00+00:00,4823.498395026119
2022-10-21 13:00:00+00:00,4810.2943044854455
2022-10-21 13:45:00+00:00,4797.003571062341
2022-10-21 16:00:00+00:00,4757.712323928936
2022-10-21 17:30:00+00:00,4746.780889794042
2022-10-22 13:30:00+00:00,4748.331951893875
2022-10-22 16:00:00+00:00,4735.078522443762
2022-10-22 16:30:00+00:00,4721.631572436035
2022-10-22 19:00:00+00:00,4723.112009228526
2022-10-22 23:30:00+00:00,4724.604618102827
2022-10-23 00:30:00+00:00,4711.25171592756
2022-10-23 01:00:00+00:00,4712.969918357143
2022-10-23 03:30:00+00:00,4714.659860949982
2022-10-23 11:00:00+00:00,4701.1440730770055
2022-10-24 01:00:00+00:00,4687.798924021668
2022-10-24 01:15:00+00:00,4688.955157496139
2022-10-24 01:45:00+00:00,4675.796065429112
2022-10-24 03:00:00+00:00,4661.923694635221
2022-10-24 04:00:00+00:00,4621.443925333399
2022-10-24 12:15:00+00:00,4622.539000382727
2022-10-25 05:15:00+00:00,4609.339387087931
2022-10-25 15:30:00+00:00,4645.385788664637
2022-10-25 16:00:00+00:00,4682.272160055796
2022-10-25 16:15:00+00:00,4718.885052880335
2022-10-25 17:00:00+00:00,4755.4494150441415
2022-10-25 17:30:00+00:00,4865.639210030198
2022-10-25 18:00:00+00:00,4867.816425912652
2022-10-25 20:00:00+00:00,4869.523544009411
2022-10-25 20:15:00+00:00,4843.876391795777
2022-10-25 20:30:00+00:00,4845.699820263861
2022-10-25 23:45:00+00:00,4832.51788847705
2022-10-26 03:00:00+00:00,4869.69398719667
2022-10-26 09:00:00+00:00,4906.41667337094
2022-10-26 10:00:00+00:00,4908.353545920015
2022-10-26 12:00:00+00:00,4910.5681648011405
2022-10-26 12:15:00+00:00,4897.418236082568
2022-10-26 13:30:00+00:00,4871.592152199328
2022-10-26 14:15:00+00:00,4895.529404672378
2022-10-26 14:30:00+00:00,4897.5642512945315
2022-10-26 15:45:00+00:00,4884.729441736271
2022-10-26 17:00:00+00:00,4921.887945418484
2022-10-26 17:15:00+00:00,4909.054865397665
2022-10-26 23:00:00+00:00,4945.745593957126
2022-10-27 00:00:00+00:00,4983.013753669976
2022-10-27 03:30:00+00:00,5020.274675914264
2022-10-27 06:30:00+00:00,5057.528999068882
2022-10-27 09:00:00+00:00,5044.826444967087
2022-10-27 10:00:00+00:00,5032.116287285888
2022-10-27 19:00:00+00:00,5069.396275144441
2022-10-27 19:45:00+00:00,5071.672233839365
2022-10-27 20:15:00+00:00,5059.002024430628
2022-10-29 02:45:00+00:00,5096.04956957516
2022-10-29 05:45:00+00:00,5083.007794655472
2022-10-29 10:15:00+00:00,5084.919268175745
2022-10-30 04:30:00+00:00,5087.013139941906
2022-10-30 08:30:00+00:00,5074.094945539282
2022-10-30 09:45:00+00:00,5061.176103565011
2022-10-30 14:15:00+00:00,5047.9605882979085
2022-10-31 02:15:00+00:00,5084.742725222966
2022-10-31 03:00:00+00:00,5071.675263840299
2022-10-31 04:45:00+00:00,5058.581986725069
2022-10-31 13:15:00+00:00,5095.715735264865
2022-10-31 13:45:00+00:00,5082.877438776613
2022-10-31 14:30:00+00:00,5119.7267843875015
2022-10-31 20:30:00+00:00,5106.711346650074
2022-11-01 16:00:00+00:00,5093.610120365695
2022-11-01 18:45:00+00:00,5080.470082919855
2022-11-02 00:00:00+00:00,5117.304012367058
2022-11-02 07:15:00+00:00,5153.975805219142
2022-11-02 08:45:00+00:00,5177.043149628838
2022-11-02 09:00:00+00:00,5163.831153337565
2022-11-02 10:00:00+00:00,5200.570988889914
2022-11-02 14:00:00+00:00,5224.262184700278
2022-11-02 14:15:00+00:00,5211.251477555056
2022-11-02 14:45:00+00:00,5198.161262189298
2022-11-02 16:45:00+00:00,5184.988263248457
2022-11-02 18:00:00+00:00,5162.836512797007
2022-11-02 18:30:00+00:00,5200.002336402446
2022-11-02 19:15:00+00:00,5237.1448814488695
2022-11-02 20:15:00+00:00,5311.555680921075
2022-11-03 00:30:00+00:00,5298.80847729873
2022-11-03 01:45:00+00:00,5298.399065404102
2022-11-03 02:00:00+00:00,5296.883730824801
2022-11-03 03:45:00+00:00,5284.2007912664985
2022-11-03 08:45:00+00:00,5286.0678094769655
2022-11-03 09:30:00+00:00,5272.738980616608
2022-11-03 09:45:00+00:00,5274.16990381483
2022-11-03 11:30:00+00:00,5312.3396468056635
2022-11-03 11:45:00+00:00,5349.005206973739
2022-11-03 13:00:00+00:00,5352.019474076013
2022-11-03 14:15:00+00:00,5338.355711328449
2022-11-04 00:15:00+00:00,5328.780952148287
2022-11-04 03:15:00+00:00,5330.8661023298355
2022-11-04 03:45:00+00:00,5319.786435449401
2022-11-04 04:15:00+00:00,5293.734163127824
2022-11-04 06:00:00+00:00,5280.771251368009
2022-11-04 10:30:00+00:00,5270.21814922261
2022-11-04 11:00:00+00:00,5257.414942240209
2022-11-04 12:00:00+00:00,5244.46133711087
2022-11-04 12:30:00+00:00,5246.771236537364
2022-11-04 13:15:00+00:00,5234.0458325608715
2022-11-04 14:15:00+00:00,5221.337799795542
2022-11-04 15:15:00+00:00,5223.458748368494
2022-11-04 15:45:00+00:00,5225.657354462436
2022-11-04 20:45:00+00:00,5227.956089604868
2022-11-04 22:30:00+00:00,5215.160065698727
2022-11-05 00:30:00+00:00,5217.345818743072
2022-11-05 04:30:00+00:00,5204.54813839908
2022-11-05 13:15:00+00:00,5206.683260412115
2022-11-05 16:30:00+00:00,5208.893189297185
2022-11-05 23:00:00+00:00,5211.055012847405
2022-11-07 07:00:00+00:00,5248.232665261875
2022-11-07 08:45:00+00:00,5250.39386629673
2022-11-07 09:15:00+00:00,5237.548146752578
2022-11-07 10:15:00+00:00,5224.605604036171
2022-11-07 14:30:00+00:00,5226.81479122656
2022-11-07 15:15:00+00:00,5214.003193817157
2022-11-07 15:30:00+00:00,5215.970558841444
2022-11-07 15:45:00+00:00,5203.15529416099
2022-11-07 16:15:00+00:00,5190.125606780491
2022-11-07 19:00:00+00:00,5177.1757078206
2022-11-07 22:15:00+00:00,5214.415483968055
2022-11-07 23:15:00+00:00,5238.56989933921
2022-11-08 03:15:00+00:00,5275.509087469084
2022-11-08 04:00:00+00:00,5387.038763566841
2022-11-08 04:15:00+00:00,5374.274757749128
2022-11-08 05:00:00+00:00,5411.489419931648
2022-11-08 05:45:00+00:00,5413.516871337774
2022-11-08 06:30:00+00:00,5415.727687442498
2022-11-08 07:45:00+00:00,5403.039557606586
2022-11-08 09:30:00+00:00,5390.297244241682
2022-11-08 14:45:00+00:00,5377.441374015834
2022-11-08 15:45:00+00:00,5379.350574273454
2022-11-08 16:00:00+00:00,5381.548963148035
2022-11-08 16:30:00+00:00,5370.855034992253
2022-11-08 17:15:00+00:00,5358.225434820451
2022-11-08 18:30:00+00:00,5360.580304124482
2022-11-08 19:15:00+00:00,5397.834707378349
2022-11-08 19:30:00+00:00,5435.196183218646
2022-11-09 01:30:00+00:00,5471.373443684196
2022-11-09 02:00:00+00:00,5468.48685106846
2022-11-09 02:15:00+00:00,5467.021671864453
2022-11-09 03:45:00+00:00,5469.2238689986725
2022-11-09 09:30:00+00:00,5506.521481838219
2022-11-09 10:00:00+00:00,5543.705105777767
2022-11-09 10:30:00+00:00,5583.36645311781
2022-11-09 10:45:00+00:00,5570.704801766937
2022-11-09 11:45:00+00:00,5558.077613886057
2022-11-09 12:00:00+00:00,5545.424219300231
2022-11-09 12:45:00+00:00,5532.648396326333
2022-11-09 14:45:00+00:00,5519.913644157533
2022-11-09 18:30:00+00:00,5559.522466902961
2022-11-09 21:15:00+00:00,5596.868177237903
2022-11-09 22:15:00+00:00,5621.631111368993
2022-11-10 03:00:00+00:00,5623.975433979694
2022-11-10 12:00:00+00:00,5626.280783302782
2022-11-10 13:30:00+00:00,5613.53968151198
2022-11-10 15:00:00+00:00,5600.838448663046
2022-11-12 06:45:00+00:00,5587.927219626031
2022-11-12 07:15:00+00:00,5575.170466497956
2022-11-12 13:30:00+00:00,5562.5365936325525
2022-11-12 20:15:00+00:00,5563.32528147915
2022-11-12 23:00:00+00:00,5550.556195106313
2022-11-13 06:15:00+00:00,5552.843210611516
2022-11-14 00:15:00+00:00,5590.024078548434
2022-11-14 08:00:00+00:00,5577.241816543331
2022-11-15 09:15:00+00:00,5579.425632672032
2022-11-15 18:30:00+00:00,5581.610453940883
2022-11-16 01:15:00+00:00,5585.573252579036
2022-11-16 01:45:00+00:00,5572.4687997300125
2022-11-16 08:30:00+00:00,5574.601084582777
2022-11-16 13:30:00+00:00,5576.352403111232
2022-11-16 14:30:00+00:00,5578.254831471768
2022-11-16 16:15:00+00:00,5580.31815050658
2022-11-16 22:00:00+00:00,5577.678936019408
2022-11-16 23:00:00+00:00,5572.642419067706
2022-11-17 00:45:00+00:00,5545.630872018462
2022-11-17 04:00:00+00:00,5582.53659060993
2022-11-17 05:15:00+00:00,5606.204688639327
2022-11-17 09:30:00+00:00,5629.889517669198
2022-11-17 09:45:00+00:00,5666.72321193405
2022-11-17 11:00:00+00:00,5653.655295529035
2022-11-17 12:00:00+00:00,5640.5293683480595
2022-11-17 13:30:00+00:00,5642.28490198246
2022-11-17 16:00:00+00:00,5644.168737480875
2022-11-19 00:00:00+00:00,5645.396395339231
2022-11-19 11:45:00+00:00,5632.034182247683
2022-11-19 22:15:00+00:00,5668.216696716199
2022-11-20 00:00:00+00:00,5654.7760629720515
2022-11-20 06:15:00+00:00,5641.379711946747
2022-11-20 11:30:00+00:00,5678.242178769118
2022-11-20 20:15:00+00:00,5715.285059827319
2022-11-20 21:45:00+00:00,5752.34523548648
2022-11-21 00:45:00+00:00,5754.431991628452
2022-11-21 04:15:00+00:00,5741.29068853879
2022-11-21 09:45:00+00:00,5730.365596208268
2022-11-21 13:00:00+00:00,5717.1640814431585
2022-11-21 13:15:00+00:00,5706.315625588789
2022-11-21 18:45:00+00:00,5708.365722767482
2022-11-21 19:15:00+00:00,5745.107805253668
2022-11-21 20:00:00+00:00,5769.2108136358265
2022-11-21 22:15:00+00:00,5771.21072869128
2022-11-22 05:00:00+00:00,5756.534746768616
2022-11-22 05:45:00+00:00,5743.660239888072
2022-11-22 06:30:00+00:00,5730.779598393378
2022-11-22 13:00:00+00:00,5767.921228161866
2022-11-22 17:30:00+00:00,5770.091804606531
2022-11-22 22:15:00+00:00,5772.22559103553
2022-11-23 02:15:00+00:00,5809.142549439248
2022-11-23 05:00:00+00:00,5848.2940616179
2022-11-23 08:00:00+00:00,5885.192547857249
2022-11-23 08:15:00+00:00,5887.063960544441
2022-11-23 09:30:00+00:00,5889.141129624141
2022-11-23 10:00:00+00:00,5891.273654682216
2022-11-23 12:15:00+00:00,5892.764906489287
2022-11-23 12:30:00+00:00,5879.779798411305
2022-11-23 12:45:00+00:00,5881.611465131572
2022-11-23 13:45:00+00:00,5868.1125683454675
2022-11-23 15:15:00+00:00,5856.8797028402305
2022-11-23 16:45:00+00:00,5843.422565818847
2022-11-23 18:45:00+00:00,5867.29197024196
2022-11-23 19:00:00+00:00,5903.823999998335
2022-11-24 01:45:00+00:00,5977.730730054984
2022-11-24 07:45:00+00:00,5979.750834849709
2022-11-24 08:15:00+00:00,5966.733179846142
2022-11-24 14:15:00+00:00,5953.599965237127
2022-11-24 16:30:00+00:00,5957.271291080553
2022-11-24 18:15:00+00:00,5946.314562814025
2022-11-24 23:15:00+00:00,5947.831984978312
2022-11-25 00:00:00+00:00,5934.3941877261095
2022-11-25 02:00:00+00:00,5923.2239936626665
2022-11-25 04:30:00+00:00,5909.972541520834
2022-11-25 08:15:00+00:00,5897.1263973459245
2022-11-25 09:45:00+00:00,5898.833810341406
2022-11-25 11:00:00+00:00,5935.865102962295
2022-11-25 11:15:00+00:00,5972.531065532505
2022-11-25 11:30:00+00:00,5959.758020848865
2022-11-25 13:00:00+00:00,5946.934359807141
2022-11-25 20:45:00+00:00,5935.920203918593
2022-11-26 00:30:00+00:00,5973.079734020925
2022-11-26 01:00:00+00:00,6009.8383021334
2022-11-26 02:30:00+00:00,6012.063956880801
2022-11-26 04:00:00+00:00,5999.292795753399
2022-11-26 11:45:00+00:00,6000.724174186937
2022-11-26 14:45:00+00:00,6002.79145283337
2022-11-27 23:00:00+00:00,6005.097247365377
2022-11-28 04:15:00+00:00,5992.161536543425
2022-11-28 07:45:00+00:00,5979.241735512407
2022-11-28 09:00:00+00:00,5966.007160911664
2022-11-28 11:15:00+00:00,5966.3413327341195
2022-11-28 14:00:00+00:00,5968.055789963859
2022-11-28 14:30:00+00:00,5954.621375545493
2022-11-28 16:30:00+00:00,5942.986102277518
2022-11-28 17:00:00+00:00,5931.694790960336
2022-11-29 01:45:00+00:00,5933.672512242978
2022-11-29 04:15:00+00:00,5920.471850651104
2022-11-30 08:00:00+00:00,5907.545936801259
2022-11-30 17:15:00+00:00,5944.448945010978
2022-11-30 18:30:00+00:00,5968.318611512674
2022-11-30 19:00:00+00:00,5931.08234364191
2022-11-30 19:15:00+00:00,5918.005666019308
2022-11-30 22:45:00+00:00,5905.132886759236
2022-12-01 08:15:00+00:00,5885.950260820603
2022-12-01 11:00:00+00:00,5871.658239517815
2022-12-01 22:00:00+00:00,5869.609096572694
2022-12-02 01:45:00+00:00,5906.170208967603
2022-12-02 02:15:00+00:00,5892.988737581791
2022-12-02 05:00:00+00:00,5894.830394096079
2022-12-02 09:15:00+00:00,5881.587111720546
2022-12-02 11:30:00+00:00,5868.071904986252
2022-12-02 13:30:00+00:00,5904.546316635648
2022-12-02 14:45:00+00:00,5893.2300060513135
2022-12-02 15:00:00+00:00,5880.301279743438
2022-12-02 17:00:00+00:00,5853.906674770371
2022-12-02 20:15:00+00:00,5845.612294067676
2022-12-02 21:15:00+00:00,5832.225704931209
2022-12-03 02:00:00+00:00,5819.040610412917
2022-12-03 06:00:00+00:00,5805.830309576674
2022-12-03 10:00:00+00:00,5792.613820181103
2022-12-03 11:00:00+00:00,5779.430132782183
2022-12-03 14:15:00+00:00,5781.246117932025
2022-12-03 19:45:00+00:00,5817.991437185192
2022-12-03 20:45:00+00:00,5804.81857601702
2022-12-03 21:00:00+00:00,5801.575764571352
2022-12-03 22:30:00+00:00,5788.440156900375
2022-12-03 23:30:00+00:00,5775.347510943701
2022-12-04 01:30:00+00:00,5812.243488736313
2022-12-04 02:15:00+00:00,5799.141357194995
2022-12-04 04:45:00+00:00,5785.982532000445
2022-12-04 09:15:00+00:00,5772.637904028277
2022-12-04 12:45:00+00:00,5774.432905974266
2022-12-04 13:45:00+00:00,5776.121474758149
2022-12-05 00:00:00+00:00,5812.758993577901
2022-12-05 02:15:00+00:00,5849.512015873856
2022-12-05 07:00:00+00:00,5851.397318148806
2022-12-05 09:00:00+00:00,5853.201612792127
2022-12-05 12:00:00+00:00,5840.062424710201
2022-12-05 12:45:00+00:00,5826.842351163667
2022-12-05 14:15:00+00:00,5813.642901291239
2022-12-05 21:15:00+00:00,5800.540785950834
2022-12-05 21:30:00+00:00,5787.098427117948
2022-12-06 00:45:00+00:00,5773.597870619377
2022-12-06 01:00:00+00:00,5759.935571655754
2022-12-06 04:45:00+00:00,5763.040299116776
2022-12-06 07:15:00+00:00,5764.752474149593
2022-12-06 08:45:00+00:00,5766.333255824674
2022-12-06 09:30:00+00:00,5753.190450351068
2022-12-06 10:00:00+00:00,5789.555695263954
2022-12-06 11:00:00+00:00,5786.955602009661
2022-12-06 11:15:00+00:00,5773.774046873814
2022-12-06 11:30:00+00:00,5767.8039038622765
2022-12-06 13:15:00+00:00,5754.739995496255
2022-12-06 15:15:00+00:00,5756.299646858916
2022-12-06 17:00:00+00:00,5794.895476249165
2022-12-06 18:00:00+00:00,5796.706557004213
2022-12-06 19:15:00+00:00,5833.635813947961
2022-12-06 20:30:00+00:00,5835.306032379821
2022-12-06 23:00:00+00:00,5821.862603724366
2022-12-06 23:30:00+00:00,5860.686490336592
2022-12-07 00:30:00+00:00,5847.640467295267
2022-12-07 00:45:00+00:00,5821.243806762791
2022-12-07 03:15:00+00:00,5807.998174457774
2022-12-07 04:15:00+00:00,5809.854874990364
2022-12-07 05:30:00+00:00,5796.45887690994
2022-12-07 06:45:00+00:00,5782.999331243166
2022-12-07 07:00:00+00:00,5819.970527061691
2022-12-07 07:45:00+00:00,5806.800072844327
2022-12-07 08:15:00+00:00,5803.6637071716395
2022-12-07 08:30:00+00:00,5805.457905845509
2022-12-07 09:30:00+00:00,5792.6391014697165
2022-12-07 13:15:00+00:00,5778.99622869215
2022-12-07 14:30:00+00:00,5765.745464413286
2022-12-07 22:00:00+00:00,5766.218974793609
2022-12-08 00:15:00+00:00,5752.609582588668
2022-12-08 07:15:00+00:00,5756.384831170642
2022-12-09 03:30:00+00:00,5757.643212010125
2022-12-09 08:00:00+00:00,5760.70103386133
2022-12-09 10:15:00+00:00,5761.526270537092
2022-12-09 13:30:00+00:00,5748.12038720527
2022-12-11 22:30:00+00:00,5784.82473245137
2022-12-12 02:45:00+00:00,5821.8208812973935
2022-12-12 07:00:00+00:00,5845.509507391853
2022-12-12 09:00:00+00:00,5846.866008971179
2022-12-12 09:30:00+00:00,5843.894077224707
2022-12-12 10:15:00+00:00,5816.790156010021
2022-12-12 12:15:00+00:00,5853.028403486637
2022-12-12 13:00:00+00:00,5854.7196152484685
2022-12-12 14:15:00+00:00,5856.249465273705
2022-12-12 18:00:00+00:00,5844.316205172613
2022-12-12 19:45:00+00:00,5846.258067476663
2022-12-12 20:45:00+00:00,5832.859683469088
2022-12-12 21:00:00+00:00,5812.1802896943445
2022-12-12 21:30:00+00:00,5798.692619131407
2022-12-12 23:45:00+00:00,5799.963422358734
2022-12-13 00:00:00+00:00,5786.854224899965
2022-12-13 02:15:00+00:00,5823.714462638009
2022-12-13 03:45:00+00:00,5860.616013832293
2022-12-13 04:00:00+00:00,5897.040024362092
2022-12-13 06:30:00+00:00,5933.984662636395
2022-12-13 07:00:00+00:00,5957.349162823933
2022-12-13 07:30:00+00:00,5943.824567305482
2022-12-13 08:30:00+00:00,5930.656301567122
2022-12-13 09:15:00+00:00,5917.50255895753
2022-12-13 09:45:00+00:00,5906.110735731753
2022-12-13 15:15:00+00:00,5879.755187920785
2022-12-14 02:00:00+00:00,5881.688320815277
2022-12-14 12:30:00+00:00,5918.248942599548
2022-12-14 13:30:00+00:00,5905.0085500257555
2022-12-14 15:15:00+00:00,5941.792531014282
2022-12-14 16:30:00+00:00,5978.743703050074
2022-12-14 18:45:00+00:00,5967.200054966818
2022-12-14 19:30:00+00:00,5954.4012611288945
2022-12-15 01:30:00+00:00,5941.63249680651
2022-12-15 09:30:00+00:00,5936.972621511343
2022-12-15 13:00:00+00:00,5939.106858517209
2022-12-15 18:45:00+00:00,5975.890011332603
2022-12-15 19:15:00+00:00,5999.286801826698
2022-12-16 00:30:00+00:00,6001.099859190123
2022-12-16 00:45:00+00:00,6003.004780345828
2022-12-16 02:30:00+00:00,5990.089038988971
2022-12-16 06:45:00+00:00,5982.944456100873
2022-12-16 07:00:00+00:00,5969.680957792182
2022-12-16 07:45:00+00:00,5955.053811262299
2022-12-16 08:45:00+00:00,5991.084732351534
2022-12-16 10:30:00+00:00,6101.222025396178
2022-12-16 14:15:00+00:00,6103.229403286757
2022-12-16 14:30:00+00:00,6100.823380183826
2022-12-16 16:00:00+00:00,6132.221177047839
2022-12-16 16:45:00+00:00,6168.754408868879
2022-12-16 20:15:00+00:00,6155.750363595686
2022-12-16 22:30:00+00:00,6179.353664908489
2022-12-16 22:45:00+00:00,6253.230394037727
2022-12-16 23:45:00+00:00,6255.391304176706
2022-12-17 00:00:00+00:00,6256.970239983377
2022-12-17 03:45:00+00:00,6258.692075329847
2022-12-17 06:30:00+00:00,6232.147464710862
2022-12-17 07:00:00+00:00,6206.132227542697
2022-12-17 07:45:00+00:00,6193.061870459979
2022-12-17 10:45:00+00:00,6180.01660266675
2022-12-17 11:00:00+00:00,6166.735546204712
2022-12-17 16:00:00+00:00,6167.373743058041
2022-12-17 23:45:00+00:00,6152.7755054245845
2022-12-18 04:15:00+00:00,6138.289906133853
2022-12-18 09:15:00+00:00,6174.681164956378
2022-12-18 16:30:00+00:00,6166.754764599561
2022-12-18 18:00:00+00:00,6203.50883124168
2022-12-18 22:45:00+00:00,6205.463128777578
2022-12-19 01:00:00+00:00,6192.458307571514
2022-12-19 03:30:00+00:00,6179.442286446823
2022-12-19 12:30:00+00:00,6181.273245699425
2022-12-22 11:30:00+00:00,6218.02336617614
2022-12-22 13:30:00+00:00,6204.438469954129
2022-12-22 14:30:00+00:00,6193.5515695892
2022-12-22 15:00:00+00:00,6180.679912569824
2022-12-23 00:15:00+00:00,6217.811445862379
2022-12-23 01:00:00+00:00,6219.7552391151185
2022-12-23 03:00:00+00:00,6206.77052713066
2022-12-23 05:45:00+00:00,6193.6649126558
2022-12-23 08:45:00+00:00,6195.724869265881
2022-12-23 11:15:00+00:00,6197.545889449432
2022-12-23 13:15:00+00:00,6184.122060226529
2022-12-23 13:30:00+00:00,6170.998722541415
2022-12-23 14:15:00+00:00,6157.822126666419
2022-12-23 14:30:00+00:00,6144.505994806935
2022-12-23 21:00:00+00:00,6144.066235656939
2022-12-24 00:15:00+00:00,6181.013243467971
2022-12-24 05:15:00+00:00,6217.422947207104
2022-12-24 08:00:00+00:00,6219.271664205199
2022-12-24 08:45:00+00:00,6205.479515331713
2022-12-26 00:15:00+00:00,6191.911663145531
2022-12-26 14:45:00+00:00,6192.826717803733
2022-12-26 16:00:00+00:00,6229.22657315707
2022-12-26 17:45:00+00:00,6265.83425880334
2022-12-26 20:00:00+00:00,6267.681751021556
2022-12-26 23:15:00+00:00,6303.5442350367975
2022-12-27 00:00:00+00:00,6290.4484908808345
2022-12-27 00:15:00+00:00,6291.461480432276
2022-12-27 01:15:00+00:00,6278.407804920174
2022-12-27 01:30:00+00:00,6264.690205585846
2022-12-27 03:30:00+00:00,6251.577648743899
2022-12-27 03:45:00+00:00,6237.81252947516
2022-12-27 06:45:00+00:00,6274.592277423599
2022-12-27 09:00:00+00:00,6260.72513424744
2022-12-27 11:30:00+00:00,6262.588069845596
2022-12-27 12:45:00+00:00,6248.940353375811
2022-12-27 14:30:00+00:00,6235.781750674658
2022-12-27 17:15:00+00:00,6237.650118275933
2022-12-27 19:30:00+00:00,6238.567320302653
2022-12-27 23:15:00+00:00,6240.47908256538
2022-12-28 00:45:00+00:00,6227.244291727285
2022-12-28 01:30:00+00:00,6213.128255437027
2022-12-28 03:00:00+00:00,6235.107411081405
2022-12-28 03:30:00+00:00,6245.39751702771
2022-12-28 05:30:00+00:00,6282.434483502277
2022-12-28 08:30:00+00:00,6284.700300985047
2022-12-28 09:45:00+00:00,6278.122088941256
2022-12-28 10:30:00+00:00,6265.320951739162
2022-12-28 14:30:00+00:00,6267.18629574545
2022-12-28 15:30:00+00:00,6262.970322693041
2022-12-28 17:30:00+00:00,6223.004860017252
2022-12-28 21:15:00+00:00,6258.918509088726
2022-12-28 23:15:00+00:00,6281.709190503523
2022-12-29 00:45:00+00:00,6283.252857568642
2022-12-29 02:00:00+00:00,6285.480801178557
2022-12-29 02:45:00+00:00,6286.859550693316
2022-12-29 06:00:00+00:00,6277.069556239476
2022-12-29 07:00:00+00:00,6279.221869229034
2022-12-29 08:15:00+00:00,6266.258102994387
2022-12-29 08:45:00+00:00,6253.363992841799
2022-12-29 09:00:00+00:00,6253.175076606524
2022-12-29 09:15:00+00:00,6254.4603254415315
2022-12-29 12:00:00+00:00,6256.602530233089
2022-12-29 12:45:00+00:00,6241.935609240897
2022-12-29 14:15:00+00:00,6229.051066272443
2022-12-29 16:00:00+00:00,6216.183140468031
2022-12-29 17:30:00+00:00,6215.654018249542
2022-12-29 18:00:00+00:00,6202.7388857352025
2022-12-29 18:15:00+00:00,6189.131336758645
2022-12-29 18:45:00+00:00,6176.215195077902
2022-12-29 19:15:00+00:00,6162.492170608648
2022-12-29 19:45:00+00:00,6136.150272530413
2022-12-29 20:00:00+00:00,6123.3716630510335
2022-12-29 20:15:00+00:00,6110.054091595224
2022-12-29 20:30:00+00:00,6083.132816125941
2022-12-29 22:30:00+00:00,6120.47068897258
2022-12-29 23:30:00+00:00,6157.425673570479
2022-12-30 01:00:00+00:00,6144.405587938163
2022-12-30 01:30:00+00:00,6145.453230014118
2022-12-30 05:45:00+00:00,6131.467888112485
2022-12-30 07:00:00+00:00,6133.879920061961
2022-12-30 07:15:00+00:00,6106.637649951474
2022-12-30 09:45:00+00:00,6093.48819363805
2022-12-30 12:30:00+00:00,6130.829168150246
2022-12-30 14:45:00+00:00,6117.591089311374
2022-12-30 21:00:00+00:00,6154.439466266228
2022-12-31 14:15:00+00:00,6190.983106322745
2023-01-01 09:30:00+00:00,6191.7199341251535
2023-01-01 10:00:00+00:00,6177.946143287428
2023-01-01 11:45:00+00:00,6164.149110779978
2023-01-01 16:15:00+00:00,6159.307524100941
2023-01-01 17:00:00+00:00,6145.475095626902
2023-01-01 17:15:00+00:00,6130.565360897695
2023-01-01 17:45:00+00:00,6116.6595083749
2023-01-01 18:30:00+00:00,6102.507777383655
2023-01-01 23:15:00+00:00,6103.466757253628
2023-01-02 01:30:00+00:00,6089.701329455877
2023-01-02 03:30:00+00:00,6076.054539002272
2023-01-02 07:00:00+00:00,6113.358466792124
2023-01-02 11:30:00+00:00,6100.843725162037
2023-01-02 13:45:00+00:00,6099.563040509482
2023-01-02 16:30:00+00:00,6136.266112414182
2023-01-02 18:15:00+00:00,6133.737172887608
2023-01-02 21:45:00+00:00,6168.367820827156
2023-01-02 22:00:00+00:00,6168.556082941832
2023-01-02 22:45:00+00:00,6155.046970419621
2023-01-03 14:00:00+00:00,6192.227212445773
2023-01-03 16:00:00+00:00,6229.4711683097285
2023-01-03 16:45:00+00:00,6266.276613065632
2023-01-03 17:30:00+00:00,6253.603856360035
2023-01-03 23:30:00+00:00,6246.077587552204
2023-01-04 00:45:00+00:00,6246.976978885525
2023-01-04 01:00:00+00:00,6233.453991805984
2023-01-04 02:15:00+00:00,6220.084866727609
2023-01-04 03:00:00+00:00,6257.398680585557
2023-01-04 04:00:00+00:00,6244.349986438917
2023-01-04 08:30:00+00:00,6242.0041494053385
2023-01-04 11:00:00+00:00,6245.855900511767
2023-01-04 12:30:00+00:00,6231.4542755194925
2023-01-04 14:45:00+00:00,6231.255883653063
2023-01-04 15:15:00+00:00,6226.6282654558145
2023-01-04 17:00:00+00:00,6213.65901730885
2023-01-04 17:45:00+00:00,6215.536362277729
2023-01-05 10:15:00+00:00,6202.268732070149
2023-01-05 15:00:00+00:00,6203.954709063054
2023-01-05 23:30:00+00:00,6205.654770575852
2023-01-06 13:00:00+00:00,6242.47513105059
2023-01-06 19:00:00+00:00,6244.262910611698
2023-01-07 05:15:00+00:00,6245.885486139103
2023-01-07 10:15:00+00:00,6230.084261696715
2023-01-08 20:45:00+00:00,6217.120336321458
2023-01-08 23:15:00+00:00,6204.188999801473
2023-01-09 00:00:00+00:00,6191.469199177176
2023-01-09 00:45:00+00:00,6178.194420316178
2023-01-09 01:30:00+00:00,6165.5031969678985
2023-01-09 02:00:00+00:00,6152.839701798568
2023-01-09 09:30:00+00:00,6154.9839248348735
2023-01-09 11:45:00+00:00,6156.634899208755
2023-01-09 13:45:00+00:00,6130.6520943749465
2023-01-09 14:00:00+00:00,6117.602177703214
2023-01-09 17:00:00+00:00,6119.592633493366
2023-01-09 18:30:00+00:00,6106.631870962975
2023-01-09 20:00:00+00:00,6092.604662835553
2023-01-09 20:45:00+00:00,6067.255763453809
2023-01-09 21:45:00+00:00,6053.984893981247
2023-01-09 23:00:00+00:00,6040.03444158158
2023-01-11 05:15:00+00:00,6026.989114512694
2023-01-11 06:30:00+00:00,6014.007105217692
2023-01-11 13:30:00+00:00,6015.139422951493
2023-01-11 14:00:00+00:00,6001.40246148616
2023-01-11 14:15:00+00:00,6038.436709994401
2023-01-11 15:30:00+00:00,6039.815647500803
2023-01-11 15:45:00+00:00,6026.883167496702
2023-01-11 18:45:00+00:00,6064.06284662823
2023-01-11 20:00:00+00:00,6066.1800387407475
2023-01-11 22:30:00+00:00,6103.462507261255
2023-01-11 22:45:00+00:00,6139.949472396081
2023-01-12 01:00:00+00:00,6142.2772531922
2023-01-12 05:45:00+00:00,6129.256736488525
2023-01-12 07:00:00+00:00,6116.610883517361
2023-01-12 08:30:00+00:00,6103.7199175750075
2023-01-12 10:00:00+00:00,6090.971319567803
2023-01-12 12:30:00+00:00,6064.579624532148
2023-01-12 13:15:00+00:00,6066.3379188322715
2023-01-12 13:30:00+00:00,6103.609827167657
2023-01-12 19:45:00+00:00,6090.67455952761
2023-01-13 07:15:00+00:00,6092.728503634533
2023-01-13 10:30:00+00:00,6078.756401412856
2023-01-13 14:45:00+00:00,6080.163786397114
2023-01-14 01:15:00+00:00,6117.19587939959
2023-01-14 01:45:00+00:00,6104.389811047339
2023-01-14 08:15:00+00:00,6106.6323563201695
2023-01-14 08:45:00+00:00,6108.030647309475
2023-01-14 09:00:00+00:00,6110.223143470893
2023-01-14 09:15:00+00:00,6147.103664109012
2023-01-14 14:30:00+00:00,6134.251568161868
2023-01-14 14:45:00+00:00,6136.503003890001
2023-01-14 21:15:00+00:00,6136.210423057359
2023-01-14 21:45:00+00:00,6137.266327115526
2023-01-15 17:15:00+00:00,6139.31745434434
2023-01-15 18:15:00+00:00,6141.37474788946
2023-01-16 00:30:00+00:00,6143.4903349981605
2023-01-16 18:30:00+00:00,6145.61232114701
2023-01-16 21:15:00+00:00,6132.466376912408
2023-01-17 00:00:00+00:00,6119.354953045973
2023-01-17 00:45:00+00:00,6106.2752578771415
2023-01-17 01:00:00+00:00,6093.191406853613
2023-01-17 14:15:00+00:00,6130.087090874958
2023-01-17 15:30:00+00:00,6154.336142557459
2023-01-17 17:15:00+00:00,6141.592205686234
2023-01-17 20:45:00+00:00,6128.49326879661
2023-01-18 06:45:00+00:00,6115.643372245452
2023-01-18 08:15:00+00:00,6102.794573603928
2023-01-18 13:45:00+00:00,6089.736622389791
2023-01-18 15:30:00+00:00,6076.575267751601
2023-01-18 16:15:00+00:00,6051.005418418858
2023-01-18 20:30:00+00:00,6038.189550214709
2023-01-18 22:15:00+00:00,6040.543878554585
2023-01-19 11:30:00+00:00,6001.917776846613
2023-01-19 13:00:00+00:00,6003.806470979982
2023-01-19 14:00:00+00:00,5990.911955444613
2023-01-19 15:00:00+00:00,5992.603989277483
2023-01-19 17:45:00+00:00,5979.534182121076
2023-01-19 20:15:00+00:00,6016.4458258790355
2023-01-19 21:45:00+00:00,6003.342276855217
2023-01-20 00:15:00+00:00,5999.123945289966
2023-01-20 12:45:00+00:00,5985.852737446336
2023-01-20 14:45:00+00:00,5987.276053937341
2023-01-20 16:30:00+00:00,5973.834288913338
2023-01-20 18:15:00+00:00,5975.542798547557
2023-01-20 19:45:00+00:00,5977.039132198956
2023-01-20 20:00:00+00:00,6013.849792191802
2023-01-20 23:30:00+00:00,6038.081902100426
2023-01-21 10:15:00+00:00,6074.952549900704
2023-01-21 15:15:00+00:00,6061.987935828864
2023-01-22 14:45:00+00:00,6048.398678203749
2023-01-22 15:15:00+00:00,6084.970951506163
2023-01-22 17:30:00+00:00,6087.02160610011
2023-01-22 19:00:00+00:00,6074.257458417588
2023-01-22 20:00:00+00:00,6111.340645618722
2023-01-23 06:15:00+00:00,6113.457147251957
2023-01-23 10:00:00+00:00,6115.594108523573
2023-01-23 13:00:00+00:00,6112.027244263374
2023-01-23 14:45:00+00:00,6114.054883890671
2023-01-23 18:30:00+00:00,6103.198144651449
2023-01-23 21:00:00+00:00,6105.327983690423
2023-01-23 23:00:00+00:00,6092.5897053573635
2023-01-24 03:15:00+00:00,6129.493308592748
2023-01-24 06:15:00+00:00,6116.496759595333
2023-01-24 08:00:00+00:00,6103.415940416968
2023-01-24 09:00:00+00:00,6090.256323362932
2023-01-25 03:15:00+00:00,6077.500351157732
2023-01-25 07:00:00+00:00,6064.564974668541
2023-01-25 08:30:00+00:00,6051.544004602295
2023-01-25 08:45:00+00:00,6043.511216970593
2023-01-25 09:45:00+00:00,6037.19429275446
2023-01-25 14:45:00+00:00,6038.598663840754
2023-01-25 15:30:00+00:00,6025.254772142499
2023-01-25 15:45:00+00:00,6012.224945570684
2023-01-25 18:45:00+00:00,5998.896756409887
2023-01-25 19:45:00+00:00,5985.716054427717
2023-01-26 20:15:00+00:00,6022.814604024702
2023-01-27 00:45:00+00:00,6009.957439420165
2023-01-27 15:30:00+00:00,5996.865397089906
2023-01-27 17:00:00+00:00,5983.851349316946
2023-01-27 19:45:00+00:00,6020.924467612653
2023-01-27 20:00:00+00:00,6007.823802004566
2023-01-27 20:45:00+00:00,6009.986814674736
2023-01-27 22:00:00+00:00,5998.763703488814
2023-01-27 23:00:00+00:00,6036.0167202556795
2023-01-28 00:15:00+00:00,6023.3253017669485
2023-01-28 01:00:00+00:00,6024.900088177104
2023-01-28 01:30:00+00:00,6012.220006948811
2023-01-28 06:00:00+00:00,6048.817356222518
2023-01-28 06:15:00+00:00,6050.891960314155
2023-01-28 07:15:00+00:00,6037.546316815184
2023-01-28 08:15:00+00:00,6027.597314038317
2023-01-28 09:00:00+00:00,6014.292480444693
2023-01-28 09:15:00+00:00,6001.478065758302
2023-01-28 12:00:00+00:00,5988.572801152289
2023-01-29 00:30:00+00:00,5992.09890632474
2023-01-29 01:45:00+00:00,5978.548289988687
2023-01-29 11:00:00+00:00,6015.202235149673
2023-01-29 11:15:00+00:00,6002.682076746897
2023-01-29 12:15:00+00:00,6004.506206460142
2023-01-29 12:30:00+00:00,5991.250693282882
2023-01-29 14:15:00+00:00,5992.899137577498
2023-01-29 16:30:00+00:00,5979.652088727079
2023-01-29 19:30:00+00:00,6016.2756037609915
2023-01-29 20:00:00+00:00,6003.146791776646
2023-01-29 20:15:00+00:00,6007.172515190014
2023-01-29 20:45:00+00:00,5994.077612206947
2023-01-30 00:15:00+00:00,5995.990590608542
2023-01-30 01:15:00+00:00,5983.222055120309
2023-01-30 02:00:00+00:00,5957.131885671603
2023-01-30 06:30:00+00:00,5943.817580083347
2023-01-30 08:30:00+00:00,5930.975268290394
2023-01-30 09:00:00+00:00,5967.759135477893
2023-01-30 10:15:00+00:00,5968.255387919507
2023-01-30 14:45:00+00:00,5970.1719962082225
2023-01-30 17:00:00+00:00,5969.437252373545
2023-01-30 17:30:00+00:00,5956.595414481692
2023-01-30 19:00:00+00:00,6030.40175271341
2023-01-31 01:45:00+00:00,6018.953826267398
2023-01-31 04:00:00+00:00,6006.237848905909
2023-01-31 06:00:00+00:00,6008.487445729331
2023-01-31 08:30:00+00:00,6010.713255531851
2023-01-31 16:15:00+00:00,6012.159905299912
2023-01-31 17:15:00+00:00,5999.265987780412
2023-01-31 20:15:00+00:00,6001.474638029634
2023-02-02 06:00:00+00:00,6038.356327535342
2023-02-02 06:15:00+00:00,6025.317891538013
2023-02-02 07:30:00+00:00,6012.554306210994
2023-02-02 07:45:00+00:00,5999.543360526447
2023-02-02 12:45:00+00:00,6000.300657892713
2023-02-02 14:30:00+00:00,6033.544098162077
2023-02-03 14:30:00+00:00,6020.1618416615365
2023-02-04 23:30:00+00:00,6007.349115038466
2023-02-05 13:30:00+00:00,5994.356495450562
2023-02-05 19:15:00+00:00,6031.230476844012
2023-02-05 20:30:00+00:00,6033.104782250214
2023-02-05 22:15:00+00:00,6020.047431398838
2023-02-06 00:15:00+00:00,6022.051221832553
2023-02-06 00:30:00+00:00,6008.808180281467
2023-02-06 05:15:00+00:00,6045.58558311315
2023-02-06 07:30:00+00:00,6047.217802827956
2023-02-08 05:15:00+00:00,6048.922350226366
2023-02-08 12:00:00+00:00,6040.459169048525
2023-02-08 16:30:00+00:00,6078.695619001255
2023-02-08 21:45:00+00:00,6080.69154515336
2023-02-09 00:45:00+00:00,6067.442393174856
2023-02-09 01:00:00+00:00,6069.581139971071
2023-02-09 05:30:00+00:00,6056.616651255654
2023-02-09 08:00:00+00:00,6043.523414931136
2023-02-09 08:30:00+00:00,6080.6767910795
2023-02-09 09:15:00+00:00,6067.911208285149
2023-02-09 15:15:00+00:00,6069.78903477979
2023-02-09 15:30:00+00:00,6059.017365453417
2023-02-09 16:15:00+00:00,6095.686162920731
2023-02-09 16:30:00+00:00,6082.62085421531
2023-02-09 16:45:00+00:00,6069.623936402733
2023-02-09 19:00:00+00:00,6056.643709895243
2023-02-09 19:15:00+00:00,6043.677298738434
2023-02-09 20:15:00+00:00,6030.851804453002
2023-02-11 21:45:00+00:00,6017.553644336919
2023-02-11 23:15:00+00:00,6003.144165703818
2023-02-12 08:30:00+00:00,6003.950651148295
2023-02-12 10:15:00+00:00,5990.9445921628485
2023-02-12 12:45:00+00:00,5977.939729616933
2023-02-12 21:30:00+00:00,5964.719327721805
2023-02-12 23:15:00+00:00,5951.434020908387
2023-02-13 00:45:00+00:00,5938.247941416284
2023-02-13 01:45:00+00:00,5940.211672479954
2023-02-13 02:45:00+00:00,5942.265022173945
2023-02-13 04:00:00+00:00,5929.077008874109
2023-02-13 04:15:00+00:00,5916.1426811729425
2023-02-13 07:00:00+00:00,5903.332958712181
2023-02-13 12:15:00+00:00,5890.3678201913
2023-02-13 16:15:00+00:00,5864.294699386075
2023-02-14 13:30:00+00:00,5866.347127596964
2023-02-14 14:15:00+00:00,5854.344232148718
2023-02-14 14:45:00+00:00,5951.981040976572
2023-02-14 15:30:00+00:00,5925.98088793848
2023-02-15 00:45:00+00:00,5928.101193606404
2023-02-15 02:45:00+00:00,5929.756517442854
2023-02-15 03:30:00+00:00,5919.014950890531
2023-02-15 07:30:00+00:00,5920.03600008869
2023-02-15 07:45:00+00:00,5920.945620399947
2023-02-15 13:00:00+00:00,5922.6717295818735
2023-02-15 14:15:00+00:00,5909.3511126424655
2023-02-15 16:30:00+00:00,5897.600966608737
2023-02-15 19:00:00+00:00,5934.462765404761
2023-02-15 19:15:00+00:00,5971.236998574448
2023-02-15 19:45:00+00:00,6008.284329968843
2023-02-15 20:30:00+00:00,6045.042349978498
2023-02-16 00:15:00+00:00,6081.930672526843
2023-02-16 01:00:00+00:00,6155.663448827061
2023-02-16 07:45:00+00:00,6144.616256183067
2023-02-17 14:00:00+00:00,6146.333584748004
2023-02-17 15:30:00+00:00,6148.169636923258
2023-02-17 17:00:00+00:00,6135.16649829746
2023-02-17 23:45:00+00:00,6136.94164874359
2023-02-18 00:45:00+00:00,6124.112564431575
2023-02-18 19:15:00+00:00,6115.501755150013
2023-02-19 23:45:00+00:00,6102.746284499128
2023-02-20 00:15:00+00:00,6089.467440148492
2023-02-20 00:45:00+00:00,6076.680599818668
2023-02-20 02:00:00+00:00,6063.7055298685345
2023-02-20 16:15:00+00:00,6065.95898448714
2023-02-20 22:45:00+00:00,6052.946112758975
2023-02-21 09:15:00+00:00,6039.49887118688
2023-02-21 09:30:00+00:00,6026.246258257133
2023-02-21 13:45:00+00:00,6014.799061945454
2023-02-21 14:15:00+00:00,6016.71721312358
2023-02-21 14:30:00+00:00,6018.580384914881
2023-02-21 15:30:00+00:00,6020.345387505743
2023-02-21 17:45:00+00:00,6023.946388712242
2023-02-21 18:00:00+00:00,6012.614982578099
2023-02-21 21:15:00+00:00,6049.4290673176765
2023-02-21 22:15:00+00:00,6036.3029658490905
2023-02-22 00:00:00+00:00,6023.196231047429
2023-02-22 01:45:00+00:00,6060.048362362801
2023-02-22 02:00:00+00:00,6096.938048921698
2023-02-22 02:45:00+00:00,6083.712419651186
2023-02-22 03:00:00+00:00,6070.5444124012665
2023-02-22 09:15:00+00:00,6072.554798889819
2023-02-22 10:30:00+00:00,6074.427037738821
2023-02-24 10:45:00+00:00,6076.12764761881
2023-02-24 15:15:00+00:00,6112.915654482481
2023-02-24 16:00:00+00:00,6149.846008307766
2023-02-24 17:15:00+00:00,6151.795968245876
2023-02-24 19:30:00+00:00,6153.651660533674
2023-02-24 22:30:00+00:00,6190.733397656563
2023-02-24 23:00:00+00:00,6192.663756424629
2023-02-25 00:00:00+00:00,6183.919776861446
2023-02-26 18:30:00+00:00,6220.694049806294
2023-02-26 22:00:00+00:00,6222.59512108849
2023-02-27 05:45:00+00:00,6209.118560158598
2023-02-27 15:30:00+00:00,6210.492696750885
2023-02-27 16:00:00+00:00,6170.9554007218785
2023-02-27 18:00:00+00:00,6157.954950287775
2023-02-27 22:45:00+00:00,6145.004531610559
2023-02-27 23:45:00+00:00,6131.850309534327
2023-02-28 00:30:00+00:00,6118.37929338583
2023-02-28 01:00:00+00:00,6119.858196572026
2023-02-28 04:45:00+00:00,6106.511171312783
2023-02-28 06:00:00+00:00,6108.250500238746
2023-02-28 07:15:00+00:00,6094.836831044431
2023-02-28 07:45:00+00:00,6081.542344022483
2023-02-28 13:00:00+00:00,6068.012138121628
2023-02-28 19:30:00+00:00,6069.567809842488
2023-02-28 21:00:00+00:00,6056.288107301282
2023-03-01 09:00:00+00:00,6057.776387355995
2023-03-01 09:15:00+00:00,6059.4644257397695
2023-03-01 13:30:00+00:00,6046.105573290458
2023-03-01 14:30:00+00:00,6019.226473338594
2023-03-01 15:00:00+00:00,6020.4402193414635
2023-03-02 00:15:00+00:00,6006.1150155791875
2023-03-02 04:30:00+00:00,5992.439639317397
2023-03-02 08:30:00+00:00,6028.581562458855
2023-03-02 14:30:00+00:00,6030.397898441353
2023-03-02 15:00:00+00:00,6032.129935166308
2023-03-02 18:30:00+00:00,6033.387516232724
2023-03-02 19:00:00+00:00,6020.264999859909
2023-03-02 22:15:00+00:00,6022.0351706890615
2023-03-03 01:15:00+00:00,6058.901914415046
2023-03-03 08:45:00+00:00,6094.278896099982
2023-03-04 01:45:00+00:00,6081.134506077268
2023-03-04 04:45:00+00:00,6067.794950478645
2023-03-06 13:45:00+00:00,6069.32082988079
2023-03-06 15:45:00+00:00,6056.038119858794
2023-03-06 16:30:00+00:00,6041.927513776479
2023-03-06 19:15:00+00:00,6027.887803937155
2023-03-06 20:45:00+00:00,6064.743793897909
2023-03-06 23:15:00+00:00,6051.614943094659
2023-03-07 00:30:00+00:00,6053.362576013553
2023-03-07 01:00:00+00:00,6055.114662128995
2023-03-07 06:30:00+00:00,6041.452378696973
2023-03-07 08:00:00+00:00,6027.556034265538
2023-03-07 10:45:00+00:00,6050.679041013073
2023-03-07 12:00:00+00:00,6052.412447628478
2023-03-07 14:00:00+00:00,6089.002243919514
2023-03-07 15:00:00+00:00,6125.795556129723
2023-03-07 15:30:00+00:00,6112.88595057711
2023-03-07 17:30:00+00:00,6060.9160932940185
2023-03-07 21:45:00+00:00,6062.901821620138
2023-03-07 23:00:00+00:00,6064.941649101937
2023-03-07 23:15:00+00:00,6066.935100915112
2023-03-08 03:15:00+00:00,6053.848459666195
2023-03-08 05:30:00+00:00,6040.657663404506
2023-03-08 10:30:00+00:00,6027.677186972802
2023-03-08 13:00:00+00:00,6014.435029062372
2023-03-08 13:45:00+00:00,5988.543823351509
2023-03-08 15:00:00+00:00,5962.330514961569
2023-03-08 17:30:00+00:00,5964.452185348812
2023-03-08 18:00:00+00:00,5938.241745366245
2023-03-08 18:30:00+00:00,5925.403961544015
2023-03-08 22:30:00+00:00,5912.0826381511315
2023-03-09 07:00:00+00:00,5909.647230526803
2023-03-09 11:00:00+00:00,5909.393145408257
2023-03-09 14:15:00+00:00,5946.128486817815
2023-03-09 15:15:00+00:00,5932.996265634533
2023-03-09 16:45:00+00:00,5919.887892777324
2023-03-09 18:30:00+00:00,5943.448376365267
2023-03-10 12:45:00+00:00,5980.489230142523
2023-03-10 13:30:00+00:00,6017.348771806381
2023-03-10 13:45:00+00:00,6054.457280575582
2023-03-10 14:30:00+00:00,6078.678541057318
2023-03-10 16:45:00+00:00,6068.004001079792
2023-03-10 17:00:00+00:00,6070.175283249536
2023-03-11 02:15:00+00:00,6057.237538250873
2023-03-11 04:00:00+00:00,6044.312908492817
2023-03-11 06:30:00+00:00,6031.360589225638
2023-03-11 07:30:00+00:00,6018.387092852146
2023-03-12 00:15:00+00:00,6022.321565958794
2023-03-12 03:30:00+00:00,6024.11850809652
2023-03-12 04:15:00+00:00,6025.951516403064
2023-03-12 07:45:00+00:00,6012.682651390762
2023-03-13 00:15:00+00:00,6049.684867042002
2023-03-13 05:00:00+00:00,6036.86306915603
2023-03-13 06:30:00+00:00,6039.031048963862
2023-03-13 08:15:00+00:00,6040.695536133789
2023-03-13 09:30:00+00:00,6027.843749199485
2023-03-13 10:45:00+00:00,6014.823624228591
2023-03-13 14:00:00+00:00,6001.8008576250795
2023-03-13 14:45:00+00:00,6038.942625637075
2023-03-13 21:30:00+00:00,6033.573735128491
2023-03-14 12:30:00+00:00,6020.563658032805
2023-03-14 13:00:00+00:00,6007.716371552217
2023-03-14 17:15:00+00:00,6009.77842214704
2023-03-14 18:00:00+00:00,5996.982276346398
2023-03-15 16:00:00+00:00,6034.184280346645
2023-03-15 16:45:00+00:00,6071.3978632642575
2023-03-15 18:30:00+00:00,6058.65412358856
2023-03-15 20:30:00+00:00,6045.904360378073
2023-03-15 22:45:00+00:00,6042.354521379592
2023-03-16 02:15:00+00:00,6044.630518079683
2023-03-16 02:30:00+00:00,6046.804811910096
2023-03-16 07:00:00+00:00,6083.595742608158
2023-03-16 09:00:00+00:00,6070.546775666162
2023-03-16 10:00:00+00:00,6072.535945998555
2023-03-16 12:00:00+00:00,6059.591825587337
2023-03-17 00:30:00+00:00,6061.787221554091
2023-03-17 10:30:00+00:00,6098.72872800659
2023-03-17 12:30:00+00:00,6085.74690409142
2023-03-17 14:30:00+00:00,6072.809559660186
2023-03-17 18:00:00+00:00,6074.887362667681
2023-03-18 00:15:00+00:00,6061.771258631417
2023-03-18 02:00:00+00:00,6048.810801873955
2023-03-18 08:00:00+00:00,6036.073433522791
2023-03-18 13:00:00+00:00,6038.131414985679
2023-03-18 13:15:00+00:00,6040.287001710166
2023-03-20 07:00:00+00:00,6027.222119726114
2023-03-20 07:30:00+00:00,6001.174213246855
2023-03-20 07:45:00+00:00,5988.1717993192515
2023-03-20 10:45:00+00:00,5975.441528722468
2023-03-20 11:30:00+00:00,5962.379645529839
2023-03-20 13:15:00+00:00,5964.597815931471
2023-03-20 15:00:00+00:00,5951.840545394951
2023-03-20 16:45:00+00:00,5939.085572222483
2023-03-20 17:45:00+00:00,5926.3430097930295
2023-03-20 18:00:00+00:00,5963.269675204235
2023-03-20 18:30:00+00:00,5965.3732412344
2023-03-20 20:45:00+00:00,5967.465662598448
2023-03-21 00:30:00+00:00,5963.4195373769935
2023-03-21 00:45:00+00:00,5950.497756050651
2023-03-21 08:45:00+00:00,5954.117343573954
2023-03-21 09:30:00+00:00,5941.154962351723
2023-03-21 14:15:00+00:00,5928.238109260901
2023-03-21 17:00:00+00:00,5965.440513173137
2023-03-21 17:15:00+00:00,6002.563988482239
2023-03-21 18:00:00+00:00,5991.631211848247
2023-03-21 20:00:00+00:00,6028.7852916730735
2023-03-21 20:30:00+00:00,6066.071281564249
2023-03-21 21:15:00+00:00,6068.299968695362
2023-03-22 01:00:00+00:00,6055.635461987068
2023-03-22 04:00:00+00:00,6057.284391193427
2023-03-22 06:15:00+00:00,6044.440656423352
2023-03-22 07:45:00+00:00,6031.607445082182
2023-03-22 12:15:00+00:00,6033.562041094477
2023-03-22 14:30:00+00:00,6020.492082376184
2023-03-22 17:30:00+00:00,6022.372285976035
2023-03-22 18:00:00+00:00,6009.203981653567
2023-03-22 18:45:00+00:00,6009.464555026545
2023-03-22 20:45:00+00:00,6011.5403981343325
2023-03-23 03:15:00+00:00,6007.844738977132
2023-03-23 05:45:00+00:00,6007.848369559095
2023-03-23 15:00:00+00:00,6044.696565337432
2023-03-23 17:00:00+00:00,6031.710164111777
2023-03-23 17:15:00+00:00,6018.727063430126
2023-03-23 18:30:00+00:00,6005.735251445393
2023-03-23 18:45:00+00:00,5979.776479094327
2023-03-24 04:45:00+00:00,5980.852712908992
2023-03-24 12:00:00+00:00,5982.764749760019
2023-03-24 14:00:00+00:00,5984.832947667861
2023-03-24 16:15:00+00:00,5986.918324609194
2023-03-24 17:45:00+00:00,6024.043209942767
2023-03-24 18:45:00+00:00,6013.268560864848
2023-03-25 01:00:00+00:00,6000.427316929492
2023-03-25 20:30:00+00:00,5987.35320161774
2023-03-25 23:30:00+00:00,5974.263455903464
2023-03-27 15:00:00+00:00,6011.061063658684
2023-03-27 16:15:00+00:00,5998.076147600552
2023-03-27 23:00:00+00:00,5986.615073269269
2023-03-28 05:15:00+00:00,5988.437603934053
2023-03-28 06:00:00+00:00,5990.500527129182
2023-03-28 09:45:00+00:00,5992.373088485161
2023-03-28 13:30:00+00:00,6029.194952893571
2023-03-28 14:30:00+00:00,6031.153103665105
2023-03-28 16:15:00+00:00,6017.978336728623
2023-03-28 17:15:00+00:00,6005.012454444148
2023-03-28 18:45:00+00:00,6028.823632117642
2023-03-28 19:30:00+00:00,6065.644209688995
2023-03-28 19:45:00+00:00,6102.630492860354
2023-03-28 20:30:00+00:00,6104.49587747092
2023-03-28 21:30:00+00:00,6091.5734789001435
2023-03-28 21:45:00+00:00,6078.477342502914
2023-03-29 03:45:00+00:00,6079.990442975656
2023-03-29 05:00:00+00:00,6116.773785084838
2023-03-29 10:30:00+00:00,6153.487657793087
2023-03-31 12:30:00+00:00,6140.291236882176
2023-03-31 16:30:00+00:00,6127.161086816911
2023-03-31 19:30:00+00:00,6114.244400881511
2023-03-31 20:45:00+00:00,6101.0301714113275
2023-04-03 07:00:00+00:00,6087.930516329057
2023-04-03 07:15:00+00:00,6074.485470054448
2023-04-03 08:00:00+00:00,6046.770373460953
2023-04-03 13:30:00+00:00,6020.702613244318
2023-04-03 14:45:00+00:00,6056.7353044130405
2023-04-03 15:15:00+00:00,6043.050714540677
2023-04-03 17:15:00+00:00,6045.01113101808
2023-04-03 17:30:00+00:00,6046.360355135189
2023-04-03 18:30:00+00:00,6032.667520983046
2023-04-03 19:45:00+00:00,6020.068857065669
2023-04-03 20:00:00+00:00,6056.560171899566
2023-04-03 21:15:00+00:00,6043.587177317307
2023-04-03 21:45:00+00:00,6045.671823713531
2023-04-03 23:00:00+00:00,6019.703546609885
2023-04-04 04:00:00+00:00,6005.079730231334
2023-04-04 05:15:00+00:00,5991.65994537499
2023-04-04 05:45:00+00:00,5987.115764874552
2023-04-04 06:45:00+00:00,5974.078082916221
2023-04-04 08:30:00+00:00,5962.135397720051
2023-04-04 10:15:00+00:00,5948.521401075617
2023-04-04 11:00:00+00:00,5934.9558985999
2023-04-04 13:30:00+00:00,5936.8198320444835
2023-04-04 20:30:00+00:00,5938.236551468812
2023-04-04 23:15:00+00:00,5924.912792709602
2023-04-05 11:30:00+00:00,5920.490371767999
2023-04-05 12:30:00+00:00,5907.316189060332
2023-04-05 19:15:00+00:00,5894.091100485552
2023-04-06 10:30:00+00:00,5930.797586645281
2023-04-06 11:00:00+00:00,5932.446054884484
2023-04-06 11:45:00+00:00,5919.304793394061
2023-04-06 12:15:00+00:00,5905.630194707139
2023-04-06 12:30:00+00:00,5892.427907709356
2023-04-06 14:00:00+00:00,5893.2442233114
2023-04-06 15:00:00+00:00,5879.730126444719
2023-04-06 15:30:00+00:00,5853.251909120716
2023-04-06 20:45:00+00:00,5889.957654307582
2023-04-06 21:15:00+00:00,5891.573951535982
2023-04-06 23:00:00+00:00,5893.0563114881725
2023-04-07 00:45:00+00:00,5866.311620588828
2023-04-07 01:00:00+00:00,5852.858283168423
2023-04-07 02:45:00+00:00,5889.391244211002
2023-04-07 04:15:00+00:00,5890.950712520333
2023-04-07 12:30:00+00:00,5892.414499350991
2023-04-07 12:45:00+00:00,5893.877559485728
2023-04-07 14:15:00+00:00,5880.345778938171
2023-04-07 21:30:00+00:00,5881.232553681201
2023-04-08 00:30:00+00:00,5917.864704187744
2023-04-08 03:15:00+00:00,5904.243672787052
2023-04-08 05:45:00+00:00,5890.635824202395
2023-04-08 23:15:00+00:00,5877.154146400552
2023-04-09 00:15:00+00:00,5863.629325581317
2023-04-09 02:00:00+00:00,5850.065815087584
2023-04-09 05:15:00+00:00,5851.3986329655145
2023-04-09 09:00:00+00:00,5837.915741989027
2023-04-09 12:15:00+00:00,5825.514190367318
2023-04-09 18:30:00+00:00,5826.686879966272
2023-04-10 05:30:00+00:00,5828.083870472814
2023-04-10 17:15:00+00:00,5829.81026701933
2023-04-10 22:00:00+00:00,5866.650692850547
2023-04-11 01:45:00+00:00,5939.4490987069175
2023-04-11 02:30:00+00:00,5925.800155387102
2023-04-11 03:00:00+00:00,5912.773545229642
2023-04-11 03:15:00+00:00,5949.199192465037
2023-04-11 04:30:00+00:00,5986.050354062149
2023-04-11 05:15:00+00:00,5974.826862508641
2023-04-11 06:45:00+00:00,6011.503853797936
2023-04-11 08:45:00+00:00,5998.32407385052
2023-04-11 09:45:00+00:00,5998.8232815954925
2023-04-11 12:15:00+00:00,6000.937267970324
2023-04-11 12:30:00+00:00,6002.335277733178
2023-04-11 14:00:00+00:00,6039.332848311733
2023-04-11 15:15:00+00:00,6036.696587173307
2023-04-11 16:15:00+00:00,6038.771522284958
2023-04-11 16:30:00+00:00,6025.104352600805
2023-04-11 23:00:00+00:00,6019.239201698154
2023-04-12 01:00:00+00:00,5991.84268863633
2023-04-12 01:30:00+00:00,5993.923640990662
2023-04-12 02:00:00+00:00,5981.061255114502
2023-04-12 07:15:00+00:00,6018.238431272919
2023-04-12 08:45:00+00:00,6005.421260039631
2023-04-12 12:30:00+00:00,6042.59567437497
2023-04-12 13:30:00+00:00,6031.396461914175
2023-04-12 15:00:00+00:00,6018.596568377347
2023-04-12 17:30:00+00:00,6020.288316327442
2023-04-12 19:45:00+00:00,6021.940394227876
2023-04-12 22:45:00+00:00,6024.163762811036
2023-04-12 23:15:00+00:00,6010.837003760588
2023-04-13 02:15:00+00:00,6012.3420023523595
2023-04-13 06:15:00+00:00,5998.730962444251
2023-04-13 10:30:00+00:00,5985.8083633681545
2023-04-13 19:00:00+00:00,5987.940605153021
2023-04-14 00:30:00+00:00,6024.832031217753
2023-04-14 01:15:00+00:00,6061.705760574513
2023-04-14 01:45:00+00:00,6048.714908141808
2023-04-14 02:45:00+00:00,6035.826915001894
2023-04-14 07:00:00+00:00,6037.952326644543
2023-04-14 07:45:00+00:00,6025.006730472783
2023-04-14 12:45:00+00:00,6012.055658016423
2023-04-14 14:45:00+00:00,5999.017502027897
2023-04-14 15:15:00+00:00,5986.101679123218
2023-04-15 00:00:00+00:00,5981.679252222579
2023-04-17 02:30:00+00:00,5968.235710241887
2023-04-17 07:00:00+00:00,5942.15666831457
2023-04-17 07:15:00+00:00,5943.874522599809
2023-04-17 11:30:00+00:00,5980.367605968068
2023-04-17 13:45:00+00:00,5968.987237219727
2023-04-17 14:30:00+00:00,5971.066286864186
2023-04-17 15:45:00+00:00,5958.212102854445
2023-04-17 17:45:00+00:00,5945.347325412215
2023-04-17 18:00:00+00:00,5931.94937523472
2023-04-17 18:30:00+00:00,5933.424573088032
2023-04-18 00:30:00+00:00,5931.459911925037
2023-04-18 00:45:00+00:00,5931.436276769298
2023-04-18 01:00:00+00:00,5967.718012388328
2023-04-18 01:30:00+00:00,5954.055094166628
2023-04-18 04:30:00+00:00,5940.3953843915
2023-04-18 05:30:00+00:00,5926.2692720377245
2023-04-18 06:15:00+00:00,5912.097964325832
2023-04-18 07:30:00+00:00,5898.137499896287
2023-04-18 09:30:00+00:00,5884.19698800423
2023-04-18 11:15:00+00:00,5870.309943894456
2023-04-19 08:00:00+00:00,5906.752889242758
2023-04-19 08:30:00+00:00,5893.929471342035
2023-04-19 11:15:00+00:00,5881.219577221213
2023-04-19 14:00:00+00:00,5883.287559531571
2023-04-19 14:30:00+00:00,5870.493782970663
2023-04-19 15:00:00+00:00,5864.201289789615
2023-04-19 16:15:00+00:00,5865.767005773387
2023-04-19 17:45:00+00:00,5867.376319835252
2023-04-19 18:00:00+00:00,5869.3318010666435
2023-04-19 21:30:00+00:00,5905.929873863603
2023-04-19 21:45:00+00:00,5892.6148889714295
2023-04-19 23:15:00+00:00,5929.423362761215
2023-04-20 00:15:00+00:00,5968.659574993632
2023-04-20 00:30:00+00:00,5955.61040510894
2023-04-20 04:00:00+00:00,5957.7414967822215
2023-04-20 06:00:00+00:00,5952.512204719545
2023-04-20 06:15:00+00:00,5954.535075631963
2023-04-20 10:30:00+00:00,5954.835727942257
2023-04-20 12:15:00+00:00,5991.404457234249
2023-04-20 12:30:00+00:00,5981.727801191929
2023-04-20 13:15:00+00:00,5968.798863072181
2023-04-20 14:00:00+00:00,5955.580432312203
2023-04-20 16:00:00+00:00,6103.436710441061
2023-04-20 16:15:00+00:00,6105.329936558056
2023-04-20 20:30:00+00:00,6107.3214038717
2023-04-20 22:00:00+00:00,6109.524087916825
2023-04-21 00:00:00+00:00,6096.47209302493
2023-04-21 03:15:00+00:00,6096.316596382607
2023-04-21 06:30:00+00:00,6133.151097185845
2023-04-21 07:30:00+00:00,6134.776772112376
2023-04-21 07:45:00+00:00,6121.644480972117
2023-04-21 13:00:00+00:00,6123.582757289752
2023-04-21 19:00:00+00:00,6160.559484744843
2023-04-22 01:45:00+00:00,6156.339705775442
2023-04-26 07:15:00+00:00,6159.859480920557
2023-04-26 07:45:00+00:00,6132.999787800973
2023-04-26 08:15:00+00:00,6169.1060673430175
2023-04-26 09:15:00+00:00,6205.673231006711
2023-04-26 09:30:00+00:00,6242.22681705944
2023-04-26 10:30:00+00:00,6278.638407900937
2023-04-26 11:00:00+00:00,6280.337589355711
2023-04-26 12:15:00+00:00,6316.972831971666
2023-04-26 13:00:00+00:00,6353.563136178052
2023-04-26 13:30:00+00:00,6340.429072547708
2023-04-26 14:15:00+00:00,6314.0169803006165
2023-04-26 14:30:00+00:00,6302.690959912662
2023-04-26 19:00:00+00:00,6289.643941079327
2023-04-26 19:15:00+00:00,6276.515322248272
2023-04-26 19:30:00+00:00,6224.053344776279
2023-04-26 19:45:00+00:00,6211.113595981149
2023-04-26 20:00:00+00:00,6159.604197043649
2023-04-27 00:15:00+00:00,6196.760952251326
2023-04-27 01:15:00+00:00,6258.291294176056
2023-04-27 06:45:00+00:00,6232.628723089676
2023-04-27 07:45:00+00:00,6220.026138031612
2023-04-27 09:00:00+00:00,6207.067318152108
2023-04-27 12:30:00+00:00,6180.874802004495
2023-04-27 15:15:00+00:00,6204.628656308527
2023-04-27 15:45:00+00:00,6206.42685710622
2023-04-27 19:00:00+00:00,6210.290525064826
2023-04-27 22:45:00+00:00,6186.2720571977425
2023-04-28 06:00:00+00:00,6188.039369718551
2023-04-28 06:30:00+00:00,6188.800679095037
2023-04-28 08:15:00+00:00,6175.163349558594
2023-04-28 08:30:00+00:00,6177.007379362378
2023-04-28 11:15:00+00:00,6163.633731851759
2023-04-28 17:00:00+00:00,6200.645450269903
2023-04-28 20:45:00+00:00,6187.382591385555
2023-04-29 03:45:00+00:00,6188.587388989715
2023-04-29 12:45:00+00:00,6225.689342036686
2023-04-29 15:45:00+00:00,6212.219572989981
2023-04-29 17:30:00+00:00,6247.967925474431
2023-04-29 19:30:00+00:00,6220.484244047822
2023-05-01 06:30:00+00:00,6207.381877633961
2023-05-01 13:30:00+00:00,6205.2778424785165
2023-05-01 16:45:00+00:00,6206.795699668519
2023-05-01 19:15:00+00:00,6243.5956934586
2023-05-01 19:30:00+00:00,6244.114428256016
2023-05-01 20:00:00+00:00,6230.884225361817
2023-05-01 21:00:00+00:00,6267.539844417745
2023-05-02 02:00:00+00:00,6268.359239672493
2023-05-02 03:45:00+00:00,6262.599867194412
2023-05-02 04:00:00+00:00,6256.4639400941705
2023-05-02 08:45:00+00:00,6242.826396931184
2023-05-02 11:15:00+00:00,6243.9390324766
2023-05-02 14:15:00+00:00,6245.195491835956
2023-05-02 17:15:00+00:00,6246.8478092821215
2023-05-02 18:30:00+00:00,6233.523687044194
2023-05-03 06:30:00+00:00,6220.034394537152
2023-05-03 13:00:00+00:00,6221.590395212304
2023-05-03 17:30:00+00:00,6208.200122215824
2023-05-03 18:00:00+00:00,6194.930495772425
2023-05-03 19:00:00+00:00,6181.726491157711
2023-05-03 21:15:00+00:00,6168.62294537308
2023-05-05 15:00:00+00:00,6170.496419207146
2023-05-05 16:00:00+00:00,6207.413122779023
2023-05-05 18:45:00+00:00,6194.361583432958
2023-05-05 22:45:00+00:00,6193.664524281911
2023-05-06 00:30:00+00:00,6230.189208769455
2023-05-06 01:00:00+00:00,6232.095141470786
2023-05-06 03:00:00+00:00,6205.569076525336
2023-05-06 03:30:00+00:00,6192.271166297602
2023-05-06 05:30:00+00:00,6178.923300623247
2023-05-06 06:00:00+00:00,6165.473188019312
2023-05-08 01:30:00+00:00,6202.201844422022
2023-05-08 11:00:00+00:00,6188.93691064199
2023-05-08 13:15:00+00:00,6190.4871253102365
2023-05-08 14:45:00+00:00,6192.016914533898
2023-05-08 18:00:00+00:00,6228.69616457501
2023-05-08 19:00:00+00:00,6215.790552927673
2023-05-08 20:15:00+00:00,6217.595731096444
2023-05-08 21:45:00+00:00,6204.092157381023
2023-05-09 01:00:00+00:00,6190.860690673752
2023-05-09 01:45:00+00:00,6171.450702299849
2023-05-09 07:45:00+00:00,6172.972685959933
2023-05-09 11:45:00+00:00,6175.171196032976
2023-05-09 14:00:00+00:00,6211.4333912493175
2023-05-09 16:45:00+00:00,6212.999652461688
2023-05-09 19:00:00+00:00,6249.047796295345
2023-05-09 20:00:00+00:00,6235.144001116008
2023-05-10 00:45:00+00:00,6221.219879679499
2023-05-10 11:45:00+00:00,6206.7723328950005
2023-05-10 12:30:00+00:00,6192.346659686604
2023-05-10 16:00:00+00:00,6193.494007117768
2023-05-12 05:45:00+00:00,6180.60928991423
2023-05-12 15:00:00+00:00,6180.292044539741
2023-05-13 04:45:00+00:00,6172.034076255537
2023-05-13 10:00:00+00:00,6158.589349924906
2023-05-13 11:45:00+00:00,6160.341970032305
2023-05-13 13:00:00+00:00,6146.915330515742
2023-05-13 13:30:00+00:00,6132.923206327862
2023-05-13 14:15:00+00:00,6119.37199595416
2023-05-13 19:00:00+00:00,6100.942356048464
2023-05-14 00:30:00+00:00,6087.553359449492
2023-05-14 07:45:00+00:00,6073.801335291881
2023-05-14 14:00:00+00:00,6074.94266554398
2023-05-14 15:45:00+00:00,6076.381455511113
2023-05-14 16:45:00+00:00,6062.952067344917
2023-05-14 18:15:00+00:00,6049.5283376215375
2023-05-14 19:15:00+00:00,6036.05326286237
2023-05-15 00:15:00+00:00,6037.575716364236
2023-05-15 05:00:00+00:00,6024.149952420169
2023-05-15 10:15:00+00:00,6025.746677465177
2023-05-15 11:45:00+00:00,6027.300729969627
2023-05-15 13:45:00+00:00,6001.356169069081
2023-05-15 14:00:00+00:00,5987.324651415574
2023-05-15 16:30:00+00:00,5959.857805130556
2023-05-15 17:00:00+00:00,5996.046067021679
2023-05-15 19:15:00+00:00,6018.850851695914
2023-05-15 22:30:00+00:00,5978.618713279773
2023-05-15 23:45:00+00:00,5937.849529539794
2023-05-16 00:30:00+00:00,5910.687323745746
2023-05-16 07:15:00+00:00,5897.471585145292
2023-05-16 12:30:00+00:00,5933.908382961521
2023-05-16 14:30:00+00:00,5935.475704423097
2023-05-16 21:30:00+00:00,5937.086726634769
2023-05-17 01:30:00+00:00,5960.539386377595
2023-05-17 06:00:00+00:00,5947.653507812425
2023-05-17 06:45:00+00:00,5934.657116133019
2023-05-17 08:45:00+00:00,5921.672668339274
2023-05-17 14:00:00+00:00,5923.709884922634
2023-05-17 14:30:00+00:00,5910.642924040081
2023-05-18 05:45:00+00:00,5896.998536889616
2023-05-18 07:45:00+00:00,5932.743621842797
2023-05-18 12:15:00+00:00,5933.82087462446
2023-05-18 13:00:00+00:00,5920.005665350217
2023-05-18 14:45:00+00:00,5907.106060967438
2023-05-18 17:45:00+00:00,5943.855210318374
2023-05-18 19:30:00+00:00,5930.7613932734985
2023-05-18 19:45:00+00:00,5904.507552005391
2023-05-18 21:15:00+00:00,5891.297424924467
2023-05-18 21:30:00+00:00,5878.168150990088
2023-05-19 05:45:00+00:00,5866.758289797105
2023-05-19 07:15:00+00:00,5868.507273187636
2023-05-19 08:30:00+00:00,5854.798190691561
2023-05-19 11:00:00+00:00,5855.918924779272
2023-05-19 15:15:00+00:00,5857.700875340032
2023-05-19 20:45:00+00:00,5859.319180047212
2023-05-20 09:00:00+00:00,5857.031078830278
2023-05-20 15:15:00+00:00,5843.126743336158
2023-05-20 17:30:00+00:00,5843.975984830623
2023-05-21 00:00:00+00:00,5844.9523970848195
2023-05-21 01:00:00+00:00,5830.864101443183
2023-05-21 13:00:00+00:00,5816.8052214455165
2023-05-21 14:15:00+00:00,5802.915922584978
2023-05-21 15:00:00+00:00,5804.111524967479
2023-05-21 15:30:00+00:00,5840.413386578232
2023-05-21 21:30:00+00:00,5842.109799792029
2023-05-21 21:45:00+00:00,5828.562373878463
2023-05-21 23:00:00+00:00,5825.170782593946
2023-05-22 00:30:00+00:00,5861.203816030367
2023-05-22 01:00:00+00:00,5862.732961080441
2023-05-22 02:30:00+00:00,5849.346904804622
2023-05-22 06:15:00+00:00,5822.787876129069
2023-05-22 08:00:00+00:00,5795.824512315922
2023-05-22 08:30:00+00:00,5782.39251302087
2023-05-22 09:00:00+00:00,5767.6840982975555
2023-05-22 09:15:00+00:00,5753.819047662675
2023-05-22 09:45:00+00:00,5740.0247934257295
2023-05-22 12:45:00+00:00,5726.499284735613
2023-05-23 00:45:00+00:00,5728.154480120209
2023-05-23 02:45:00+00:00,5764.398518591326
2023-05-23 03:15:00+00:00,5800.707510265606
2023-05-23 04:30:00+00:00,5788.7218644801815
2023-05-23 05:30:00+00:00,5787.544613904592
2023-05-23 06:15:00+00:00,5773.5616757385615
2023-05-23 07:15:00+00:00,5759.964518494166
2023-05-23 07:30:00+00:00,5746.541801540972
2023-05-23 13:30:00+00:00,5718.752552812631
2023-05-23 13:45:00+00:00,5705.027356682062
2023-05-23 14:15:00+00:00,5699.122171181991
2023-05-23 16:30:00+00:00,5700.444784959459
2023-05-23 17:15:00+00:00,5701.587590282919
2023-05-23 17:45:00+00:00,5687.630932714839
2023-05-23 18:00:00+00:00,5672.961666387616
2023-05-23 19:00:00+00:00,5659.037039421736
2023-05-24 00:15:00+00:00,5659.3402563282425
2023-05-24 01:45:00+00:00,5657.223829897624
2023-05-24 09:15:00+00:00,5643.4473527880145
2023-05-24 11:00:00+00:00,5644.185085596506
2023-05-24 12:45:00+00:00,5630.397314564215
2023-05-24 13:45:00+00:00,5666.498767625961
2023-05-24 15:15:00+00:00,5740.858999055999
2023-05-24 17:00:00+00:00,5742.753103687682
2023-05-24 19:15:00+00:00,5729.532025194542
2023-05-24 19:30:00+00:00,5716.218403512604
2023-05-24 20:15:00+00:00,5689.531237866207
2023-05-24 20:45:00+00:00,5675.97658509006
2023-05-25 00:45:00+00:00,5712.4427406219165
2023-05-25 01:15:00+00:00,5749.145179853634
2023-05-25 02:30:00+00:00,5809.027770774258
2023-05-25 03:00:00+00:00,5769.388494371359
2023-05-25 05:45:00+00:00,5756.108301903769
2023-05-25 09:15:00+00:00,5757.553721748233
2023-05-25 09:45:00+00:00,5749.628631300106
2023-05-25 11:45:00+00:00,5751.343394727123
2023-05-25 12:00:00+00:00,5737.5612274672085
2023-05-25 14:00:00+00:00,5738.727064900312
2023-05-25 15:45:00+00:00,5775.127935783223
2023-05-25 19:00:00+00:00,5761.595187297676
2023-05-25 22:45:00+00:00,5735.834900272062
2023-05-27 07:45:00+00:00,5721.647251973478
2023-05-27 16:30:00+00:00,5722.861715156848
2023-05-27 21:00:00+00:00,5759.061873389708
2023-05-27 22:15:00+00:00,5795.452148232616
2023-05-28 02:30:00+00:00,5797.225117501074
2023-05-28 09:45:00+00:00,5798.754381625673
2023-05-28 14:45:00+00:00,5800.149657620518
2023-05-28 18:15:00+00:00,5836.703485696963
2023-05-28 23:15:00+00:00,5838.39017902232
2023-05-29 03:45:00+00:00,5825.239431224558
2023-05-29 04:45:00+00:00,5797.247672595113
2023-05-29 11:00:00+00:00,5798.097200325659
2023-05-29 11:30:00+00:00,5789.994473138236
2023-05-29 14:30:00+00:00,5790.9861664894715
2023-05-31 05:00:00+00:00,5827.620760081271
2023-05-31 14:45:00+00:00,5829.047774714045
2023-05-31 22:00:00+00:00,5830.471466426247
2023-06-01 00:00:00+00:00,5816.464767953411
2023-06-01 02:45:00+00:00,5852.718025418402
2023-06-01 11:30:00+00:00,5838.922031955595
2023-06-01 13:00:00+00:00,5825.2146688078865
2023-06-01 16:45:00+00:00,5811.541559555659
2023-06-01 19:45:00+00:00,5811.233040152238
2023-06-04 23:15:00+00:00,5813.029977599292
2023-06-04 23:45:00+00:00,5799.805034875214
2023-06-05 15:45:00+00:00,5835.857865708924
2023-06-05 23:15:00+00:00,5874.336167519773
2023-06-06 02:30:00+00:00,5878.09508152173
2023-06-06 07:30:00+00:00,5880.095765369166
2023-06-06 09:15:00+00:00,5873.397604572515
2023-06-06 09:45:00+00:00,5845.018317735262
2023-06-06 10:45:00+00:00,5831.20323990241
2023-06-06 12:00:00+00:00,5866.645947830556
2023-06-06 12:45:00+00:00,5903.95556875932
2023-06-06 13:30:00+00:00,5905.326815246553
2023-06-06 13:45:00+00:00,5909.108442733062
2023-06-06 14:00:00+00:00,5883.219785654002
2023-06-06 14:45:00+00:00,5857.343125558848
2023-06-06 16:00:00+00:00,5844.232126450558
2023-06-06 17:15:00+00:00,5831.364701062103
2023-06-06 18:00:00+00:00,5818.439402514995
2023-06-06 19:15:00+00:00,5805.398157980377
2023-06-06 19:30:00+00:00,5792.528566732058
2023-06-07 02:00:00+00:00,5829.314501662377
2023-06-07 02:30:00+00:00,5816.103526216621
2023-06-07 03:30:00+00:00,5802.7685581712385
2023-06-07 09:15:00+00:00,5789.445795670606
2023-06-07 17:00:00+00:00,5826.492045092959
2023-06-07 21:45:00+00:00,5863.37752023133
2023-06-08 00:45:00+00:00,5850.220252983864
2023-06-08 03:15:00+00:00,5887.378672580544
2023-06-10 06:00:00+00:00,5889.657661683947
2023-06-10 13:00:00+00:00,5889.337747841599
2023-06-10 15:00:00+00:00,5887.042760597319
2023-06-10 16:00:00+00:00,5874.080256911307
2023-06-10 17:00:00+00:00,5875.460744111508
2023-06-10 17:15:00+00:00,5877.596791427104
2023-06-10 17:30:00+00:00,5901.314601387414
2023-06-10 19:45:00+00:00,5903.449961750647
2023-06-10 22:30:00+00:00,5905.373639307931
2023-06-11 05:15:00+00:00,5900.781509756025
2023-06-12 05:30:00+00:00,5902.89092659763
2023-06-12 17:15:00+00:00,5890.082317730441
2023-06-13 21:00:00+00:00,5877.316620866896
2023-06-14 07:15:00+00:00,5901.385794973567
2023-06-14 09:45:00+00:00,5888.380724403175
2023-06-14 12:30:00+00:00,5875.280745724141
2023-06-14 13:15:00+00:00,5877.254250565158
2023-06-14 18:00:00+00:00,5914.015028804901
2023-06-14 19:00:00+00:00,5901.03045582982
2023-06-14 19:45:00+00:00,5887.970459268293
2023-06-14 20:00:00+00:00,5925.011667449851
2023-06-14 20:45:00+00:00,5962.2011153927715
2023-06-15 03:30:00+00:00,5961.116642361707
2023-06-15 04:00:00+00:00,5961.274185553116
2023-06-15 06:15:00+00:00,5962.698027752027
2023-06-15 07:00:00+00:00,5999.6543126698725
2023-06-15 07:15:00+00:00,6000.899326188012
2023-06-15 10:00:00+00:00,6003.857609721915
2023-06-15 11:30:00+00:00,5992.294321242626
2023-06-15 13:30:00+00:00,5978.706019638704
2023-06-15 17:45:00+00:00,5965.007250412666
2023-06-15 19:00:00+00:00,5951.390686366357
2023-06-17 01:45:00+00:00,5953.210234529105
2023-06-17 02:30:00+00:00,5949.95534848865
2023-06-17 05:30:00+00:00,5985.93326834826
2023-06-17 06:45:00+00:00,6008.41229720462
2023-06-17 07:45:00+00:00,5994.864718272433
2023-06-17 11:15:00+00:00,5981.230694543127
2023-06-17 12:00:00+00:00,5953.911710841115
2023-06-17 14:15:00+00:00,5926.379495990319
2023-06-17 15:00:00+00:00,5912.575989865745
2023-06-17 15:15:00+00:00,5898.587918993783
2023-06-18 11:00:00+00:00,5900.211194764022
2023-06-18 16:00:00+00:00,5886.909395288353
2023-06-18 20:00:00+00:00,5873.406125188014
2023-06-19 00:45:00+00:00,5860.195089456459
2023-06-19 17:45:00+00:00,5847.031292590787
2023-06-20 08:15:00+00:00,5833.829162448282
2023-06-20 11:00:00+00:00,5820.519005007729
2023-06-20 15:45:00+00:00,5807.413998807364
2023-06-20 19:15:00+00:00,5809.321296397306
2023-06-20 22:45:00+00:00,5846.3149180400305
2023-06-21 00:15:00+00:00,5883.264550703161
2023-06-21 12:45:00+00:00,5885.137222995413
2023-06-21 14:00:00+00:00,5873.91169089523
2023-06-21 16:15:00+00:00,5910.801675780658
2023-06-21 16:45:00+00:00,5897.85476781691
2023-06-22 00:30:00+00:00,5934.960671501236
2023-06-22 01:15:00+00:00,5971.997998314974
2023-06-22 03:30:00+00:00,5973.975800509743
2023-06-22 11:00:00+00:00,5975.89779859855
2023-06-22 11:45:00+00:00,5949.982608835525
2023-06-22 14:30:00+00:00,5986.876041863939
2023-06-22 16:30:00+00:00,5960.993082073845
2023-06-22 21:30:00+00:00,5962.430894107538
2023-06-23 04:30:00+00:00,5964.383492553368
2023-06-23 06:00:00+00:00,5950.827386773515
2023-06-23 07:45:00+00:00,5952.195193211765
2023-06-23 11:00:00+00:00,5938.598637077394
2023-06-23 12:30:00+00:00,5975.34331862438
2023-06-23 13:00:00+00:00,5963.839430376293
2023-06-23 14:45:00+00:00,5937.416438309958
2023-06-23 15:15:00+00:00,5974.347292964518
2023-06-23 15:45:00+00:00,5935.125164270142
2023-06-23 18:00:00+00:00,5924.129394583475
2023-06-24 00:15:00+00:00,5911.24782167112
2023-06-24 06:15:00+00:00,5911.012648454919
2023-06-24 10:15:00+00:00,5912.558721372776
2023-06-24 12:15:00+00:00,5898.991777043418
2023-06-24 13:30:00+00:00,5900.387593035673
2023-06-24 15:30:00+00:00,5937.11337731628
2023-06-24 18:15:00+00:00,5960.726733157538
2023-06-24 19:00:00+00:00,5947.618443079949
2023-06-24 21:30:00+00:00,5949.701128035491
2023-06-24 22:00:00+00:00,5951.420404670865
2023-06-25 01:00:00+00:00,5948.889825492731
2023-06-25 01:30:00+00:00,5935.8776063126315
2023-06-25 02:00:00+00:00,5922.430401240206
2023-06-25 02:45:00+00:00,5909.29232318257
2023-06-25 03:00:00+00:00,5896.064234554817
2023-06-25 04:00:00+00:00,5882.9234144709
2023-06-25 04:15:00+00:00,5869.545672613253
2023-06-25 05:30:00+00:00,5871.14262939119
2023-06-25 06:30:00+00:00,5858.020142092642
2023-06-25 07:45:00+00:00,5845.016169687733
2023-06-26 11:30:00+00:00,5846.582470884774
2023-06-26 13:30:00+00:00,5833.097895244774
2023-06-26 16:45:00+00:00,5869.811326359262
2023-06-26 23:45:00+00:00,5871.791192263069
2023-06-27 00:00:00+00:00,5873.683722257355
2023-06-27 00:45:00+00:00,5875.783245222683
2023-06-27 01:30:00+00:00,5862.559185243939
2023-06-27 02:45:00+00:00,5836.2742758283275
2023-06-27 03:00:00+00:00,5823.151619032413
2023-06-27 04:15:00+00:00,5810.049225181082
2023-06-27 07:15:00+00:00,5811.888750317357
2023-06-27 07:45:00+00:00,5813.611555628224
2023-06-28 09:15:00+00:00,5800.593300472198
2023-06-28 10:15:00+00:00,5787.353629014027
2023-06-28 11:45:00+00:00,5788.787766528266
2023-06-28 14:00:00+00:00,5789.779552391839
2023-06-28 14:30:00+00:00,5791.001824116457
2023-06-28 19:30:00+00:00,5815.627702333574
2023-06-28 21:00:00+00:00,5839.6394931588475
2023-06-28 21:45:00+00:00,5826.687311967575
2023-06-29 01:00:00+00:00,5828.67030522375
2023-06-29 01:15:00+00:00,5815.756271892409
2023-06-29 04:30:00+00:00,5817.673323325824
2023-06-29 07:00:00+00:00,5819.299540494084
2023-06-29 08:00:00+00:00,5798.028831136572
2023-06-29 09:00:00+00:00,5783.981154099797
2023-06-29 09:15:00+00:00,5770.675359972675
2023-06-29 10:00:00+00:00,5756.733349696537
2023-06-29 10:15:00+00:00,5743.230121609005
2023-06-29 11:00:00+00:00,5780.307682676126
2023-06-29 11:15:00+00:00,5767.00009416457
2023-06-29 13:30:00+00:00,5754.204138553443
2023-06-29 13:45:00+00:00,5740.81645616506
2023-06-29 20:15:00+00:00,5742.047485179182
2023-06-30 00:00:00+00:00,5779.155914255175
2023-06-30 01:15:00+00:00,5781.320890260354
2023-06-30 02:30:00+00:00,5768.133152302715
2023-06-30 02:45:00+00:00,5770.340257155188
2023-06-30 07:15:00+00:00,5772.572730695263
2023-06-30 09:15:00+00:00,5774.795816136186
2023-06-30 13:30:00+00:00,5776.982259988009
2023-06-30 16:30:00+00:00,5751.363836122131
2023-06-30 16:45:00+00:00,5738.624653701805
2023-06-30 17:15:00+00:00,5725.6244575299825
2023-06-30 17:30:00+00:00,5712.799636700397
2023-07-01 10:30:00+00:00,5699.2610483166
2023-07-01 13:00:00+00:00,5735.798745389652
2023-07-01 17:00:00+00:00,5737.475119378898
2023-07-01 19:30:00+00:00,5739.108925200909
2023-07-01 23:15:00+00:00,5740.602095320378
2023-07-02 01:15:00+00:00,5742.058015165182
2023-07-02 02:15:00+00:00,5728.66260895102
2023-07-02 03:30:00+00:00,5715.285560578719
2023-07-02 04:30:00+00:00,5702.3342185314505
2023-07-02 11:15:00+00:00,5694.978206658938
2023-07-02 14:15:00+00:00,5696.618659496832
2023-07-02 15:15:00+00:00,5683.5088474105105
2023-07-03 19:30:00+00:00,5719.928457629674
2023-07-03 21:00:00+00:00,5706.574716557175
2023-07-04 04:30:00+00:00,5708.192497237621
2023-07-06 02:00:00+00:00,5694.942424992834
2023-07-06 04:00:00+00:00,5681.694834531599
2023-07-06 14:15:00+00:00,5718.660064215927
2023-07-06 15:30:00+00:00,5705.5789718047245
2023-07-07 00:00:00+00:00,5742.48876356547
2023-07-07 01:30:00+00:00,5766.274029646461
2023-07-07 05:15:00+00:00,5768.380006128448
2023-07-07 05:30:00+00:00,5755.090466539089
2023-07-07 08:15:00+00:00,5755.659299963662
2023-07-07 12:15:00+00:00,5750.376606693137
2023-07-07 15:15:00+00:00,5752.610114301906
2023-07-07 22:30:00+00:00,5754.860469678018
2023-07-08 06:15:00+00:00,5741.921959978185
2023-07-08 19:15:00+00:00,5744.013778148723
2023-07-08 20:00:00+00:00,5730.953398688984
2023-07-13 12:15:00+00:00,5732.499905316872
2023-07-13 14:00:00+00:00,5719.238367865286
2023-07-13 15:30:00+00:00,5755.997690747339
2023-07-13 15:45:00+00:00,5743.339417398433
2023-07-13 16:30:00+00:00,5732.064396239514
2023-07-13 17:00:00+00:00,5768.773499509394
2023-07-13 18:00:00+00:00,5805.482057868288
2023-07-13 18:15:00+00:00,5879.817385940034
2023-07-13 20:15:00+00:00,5916.927030221034
2023-07-13 20:45:00+00:00,5918.806778070257
2023-07-13 21:00:00+00:00,5906.012114023541
2023-07-14 00:30:00+00:00,5943.185537456098
2023-07-14 01:00:00+00:00,5930.289805427504
2023-07-14 07:30:00+00:00,5932.2722442535605
2023-07-14 09:00:00+00:00,5921.525181840069
2023-07-14 10:15:00+00:00,5922.852961446153
2023-07-14 16:15:00+00:00,5925.2668971407775
2023-07-14 16:30:00+00:00,5926.514502413203
2023-07-16 08:45:00+00:00,5925.994495065715
2023-07-16 10:00:00+00:00,5912.695967028379
2023-07-16 11:15:00+00:00,5914.603392452189
2023-07-16 14:15:00+00:00,5916.55446571858
2023-07-17 21:15:00+00:00,5903.790317934528
2023-07-17 23:15:00+00:00,5890.949097561157
2023-07-18 07:45:00+00:00,5928.094079655105
2023-07-20 12:45:00+00:00,5930.367415829942
2023-07-20 14:30:00+00:00,5917.658405194404
2023-07-20 21:45:00+00:00,5904.765332135772
2023-07-21 00:30:00+00:00,5907.058535804131
2023-07-21 02:15:00+00:00,5909.134568833677
2023-07-21 06:15:00+00:00,5911.153006843576
2023-07-21 12:15:00+00:00,5898.079966080639
2023-07-23 21:30:00+00:00,5884.262012871224
2023-07-24 15:15:00+00:00,5885.762961518891
2023-07-24 18:15:00+00:00,5887.418482020885
2023-07-25 14:30:00+00:00,5874.339714236858
2023-07-26 01:00:00+00:00,5876.325741213762
2023-07-26 01:30:00+00:00,5862.996296768919
2023-07-26 04:15:00+00:00,5864.692918306547
2023-07-27 11:30:00+00:00,5850.332679737973
2023-07-30 19:45:00+00:00,5886.945792146345
2023-07-30 20:30:00+00:00,5873.948604135924
2023-07-31 03:15:00+00:00,5872.091993880468
2023-07-31 12:30:00+00:00,5872.799975137027
2023-07-31 17:00:00+00:00,5874.401979263699
2023-07-31 17:30:00+00:00,5861.045547169858
2023-07-31 19:30:00+00:00,5847.717199494351
2023-08-01 02:00:00+00:00,5884.67866019088
2023-08-01 04:45:00+00:00,5871.748808907395
2023-08-01 05:30:00+00:00,5858.782978699606
2023-08-01 06:30:00+00:00,5845.284629806755
2023-08-01 12:30:00+00:00,5846.8882250680135
2023-08-01 13:15:00+00:00,5843.256705474868
2023-08-01 15:30:00+00:00,5843.688680312435
2023-08-01 18:00:00+00:00,5845.410250752798
2023-08-01 18:15:00+00:00,5831.670710756468
2023-08-02 15:30:00+00:00,5833.412113881345
2023-08-02 16:45:00+00:00,5834.808717106809
2023-08-02 17:15:00+00:00,5836.481828884541
2023-08-02 23:00:00+00:00,5873.30298616942
2023-08-02 23:30:00+00:00,5869.131737458365
2023-08-03 01:30:00+00:00,5855.933725213966
2023-08-03 01:45:00+00:00,5857.834338291904
2023-08-03 05:45:00+00:00,5859.524517033795
2023-08-03 08:00:00+00:00,5860.654937321085
2023-08-03 08:15:00+00:00,5896.94969829627
2023-08-03 10:45:00+00:00,5883.821830115809
2023-08-08 00:45:00+00:00,5870.348952136785
2023-08-08 06:00:00+00:00,5857.199561063301
2023-08-08 12:30:00+00:00,5859.001069551521
2023-08-08 13:30:00+00:00,5845.75016464819
2023-08-08 16:30:00+00:00,5881.995695127054
2023-08-08 17:00:00+00:00,5883.844842739177
2023-08-08 18:15:00+00:00,5920.754428808621
2023-08-08 18:45:00+00:00,5922.131895396928
2023-08-08 19:45:00+00:00,5910.0278269255905
2023-08-08 21:00:00+00:00,5912.038183365067
2023-08-08 21:30:00+00:00,5912.27773831781
2023-08-08 22:30:00+00:00,5899.321211404197
2023-08-08 23:30:00+00:00,5886.125567855168
2023-08-09 02:30:00+00:00,5873.037253373805
2023-08-09 05:15:00+00:00,5870.435385356101
2023-08-09 06:15:00+00:00,5856.013594142569
2023-08-09 10:30:00+00:00,5857.0127407862055
2023-08-09 13:00:00+00:00,5892.824029454438
2023-08-09 13:30:00+00:00,5915.982971235083
2023-08-09 13:45:00+00:00,5901.3943839975045
2023-08-09 14:00:00+00:00,5875.459911381322
2023-08-09 14:45:00+00:00,5861.103739739609
2023-08-09 16:45:00+00:00,5835.099850790299
2023-08-09 19:30:00+00:00,5822.140850269913
2023-08-09 19:45:00+00:00,5809.169499882332
2023-08-09 21:00:00+00:00,5811.21471530555
2023-08-10 02:15:00+00:00,5806.278077578963
2023-08-11 10:00:00+00:00,5806.146972066018
2023-08-11 17:15:00+00:00,5791.922141102115
2023-08-11 23:15:00+00:00,5777.923780881557
2023-08-13 00:30:00+00:00,5763.557502586743
2023-08-13 23:00:00+00:00,5765.048133871418
2023-08-14 04:00:00+00:00,5751.567732757473
2023-08-14 08:30:00+00:00,5737.911023467735
2023-08-14 14:30:00+00:00,5724.24484552727
2023-08-14 20:00:00+00:00,5710.608128026939
2023-08-15 16:45:00+00:00,5709.1328884699415
2023-08-15 18:00:00+00:00,5745.664416811014
2023-08-15 19:00:00+00:00,5782.386410840501
2023-08-15 19:15:00+00:00,5804.840116919284
2023-08-16 01:45:00+00:00,5800.024732597756
2023-08-16 05:30:00+00:00,5836.837757087845
2023-08-16 06:00:00+00:00,5870.797234094271
2023-08-16 09:00:00+00:00,5907.499886917751
2023-08-16 10:15:00+00:00,5909.309808114534
2023-08-16 10:30:00+00:00,5908.537893101441
2023-08-16 11:15:00+00:00,5895.146925936491
2023-08-16 12:15:00+00:00,5931.94998273084
2023-08-16 12:45:00+00:00,5954.934105434873
2023-08-16 14:00:00+00:00,5956.590130814254
2023-08-16 17:15:00+00:00,5958.542633956204
2023-08-16 18:30:00+00:00,5945.4972891596535
2023-08-16 20:15:00+00:00,5982.445359914242
2023-08-16 21:30:00+00:00,5984.5758586274
2023-08-17 00:45:00+00:00,5971.70325161347
2023-08-17 07:15:00+00:00,5966.046893939506
2023-08-17 09:15:00+00:00,5966.620777808915
2023-08-17 12:30:00+00:00,5967.065538214436
2023-08-17 15:30:00+00:00,6003.452709875046
2023-08-17 21:30:00+00:00,6040.215714880264
2023-08-18 02:30:00+00:00,6042.4553607275075
2023-08-18 04:45:00+00:00,6044.360917944006
2023-08-18 14:45:00+00:00,6031.284085268265
2023-08-18 15:45:00+00:00,6018.238960907987
2023-08-18 16:45:00+00:00,6007.341262340957
2023-08-18 18:15:00+00:00,6009.165249316862
2023-08-19 01:00:00+00:00,6006.393565856505
2023-08-19 03:00:00+00:00,6008.4376569851165
2023-08-21 10:30:00+00:00,6010.776688759038
2023-08-23 12:30:00+00:00,5997.479667854737
2023-08-23 13:00:00+00:00,5984.029500636896
2023-08-23 14:15:00+00:00,5985.653080251523
2023-08-23 16:15:00+00:00,6022.179899184151
2023-08-23 21:30:00+00:00,6023.76882488155
2023-08-24 08:30:00+00:00,6012.460631331164
2023-08-24 12:00:00+00:00,6014.079429559074
2023-08-24 13:00:00+00:00,6000.773003286428
2023-08-24 14:15:00+00:00,5987.536276515713
2023-08-24 14:30:00+00:00,5973.94916740563
2023-08-24 15:30:00+00:00,5960.521784974311
2023-08-24 15:45:00+00:00,5947.174304875933
2023-08-24 17:30:00+00:00,5933.8926935902555
2023-08-24 23:15:00+00:00,5935.691549870643
2023-08-25 22:15:00+00:00,5934.329891483491
2023-08-26 02:15:00+00:00,5931.457170580699
2023-08-26 05:00:00+00:00,5926.2836588959235
2023-08-26 07:00:00+00:00,5912.66184804027
2023-08-26 15:15:00+00:00,5897.643114408893
2023-08-26 16:15:00+00:00,5882.711439376961
2023-08-26 17:00:00+00:00,5882.8656199352645
2023-08-27 00:15:00+00:00,5918.402895411656
2023-08-27 05:30:00+00:00,5919.203116391052
2023-08-28 19:15:00+00:00,5905.983993477736
2023-08-29 03:00:00+00:00,5907.808037566681
2023-08-29 08:30:00+00:00,5894.540066595905
2023-08-29 10:15:00+00:00,5881.040869709216
2023-08-29 14:15:00+00:00,5917.589166024503
2023-08-29 14:45:00+00:00,5878.501181873993
2023-08-29 15:00:00+00:00,5915.458215475407
2023-08-29 15:15:00+00:00,5902.654137416122
2023-08-29 20:45:00+00:00,5889.766480100171
2023-08-29 23:15:00+00:00,5878.737498866656
2023-08-30 01:00:00+00:00,5854.244074476197
2023-08-30 02:15:00+00:00,5840.910604578645
2023-08-30 07:45:00+00:00,5840.096585887495
2023-08-30 09:30:00+00:00,5834.826481783871
2023-08-30 17:00:00+00:00,5821.696809997665
2023-08-30 22:30:00+00:00,5808.459218596571
2023-08-31 16:45:00+00:00,5844.921483061492
2023-08-31 23:00:00+00:00,5883.861441302934
2023-08-31 23:30:00+00:00,5876.930434834921
2023-09-01 00:15:00+00:00,5878.698426121034
2023-09-01 05:45:00+00:00,5878.561906092151
2023-09-01 06:30:00+00:00,5915.10079253018
2023-09-01 06:45:00+00:00,5916.461424453589
2023-09-01 09:00:00+00:00,5902.684132806053
2023-09-01 09:15:00+00:00,5889.134872318337
2023-09-01 11:30:00+00:00,5890.222951676743
2023-09-01 12:15:00+00:00,5876.148974306819
2023-09-01 14:45:00+00:00,5912.265618957608
2023-09-01 18:00:00+00:00,5899.172377700988
2023-09-07 01:00:00+00:00,5897.178683636224
2023-09-07 03:30:00+00:00,5883.350250930935
2023-09-07 11:00:00+00:00,5919.263235684224
2023-09-07 13:00:00+00:00,5920.183125915669
2023-09-07 13:30:00+00:00,5906.251734364345
2023-09-07 15:00:00+00:00,5892.508850977408
2023-09-07 16:15:00+00:00,5878.828388822055
2023-09-07 20:30:00+00:00,5865.075664730316
2023-09-07 21:15:00+00:00,5851.354525569135
2023-09-07 23:15:00+00:00,5852.980860049842
2023-09-08 01:45:00+00:00,5854.453683019638
2023-09-08 02:30:00+00:00,5856.097347541274
2023-09-08 05:45:00+00:00,5857.493886542127
2023-09-08 08:30:00+00:00,5851.845052063571
2023-09-08 09:00:00+00:00,5837.975769460541
2023-09-08 09:30:00+00:00,5823.526876556795
2023-09-08 09:45:00+00:00,5809.453339837881
2023-09-08 10:00:00+00:00,5781.020382541468
2023-09-08 13:30:00+00:00,5767.402022256616
2023-09-08 16:15:00+00:00,5768.9876662992165
2023-09-08 17:45:00+00:00,5755.378587002037
2023-09-08 19:30:00+00:00,5756.4898531862755
2023-09-08 23:15:00+00:00,5742.657227002838
2023-09-09 00:15:00+00:00,5728.271421699312
2023-09-09 02:15:00+00:00,5718.6946097919035
2023-09-09 03:00:00+00:00,5704.473773810245
2023-09-09 03:30:00+00:00,5690.11087118961
2023-09-09 04:00:00+00:00,5691.191704653334
2023-09-09 05:00:00+00:00,5676.866290618008
2023-09-09 05:45:00+00:00,5662.871875920737
2023-09-10 04:15:00+00:00,5698.78186674795
2023-09-10 06:00:00+00:00,5685.59501687094
2023-09-10 13:30:00+00:00,5687.33961419281
2023-09-10 16:45:00+00:00,5674.132122835252
2023-09-10 22:45:00+00:00,5676.038690923759
2023-09-11 00:30:00+00:00,5662.771673336469
2023-09-11 00:45:00+00:00,5664.52751048416
2023-09-11 05:45:00+00:00,5651.298963570558
2023-09-11 09:15:00+00:00,5637.880962201592
2023-09-12 00:45:00+00:00,5624.79877284435
2023-09-12 03:00:00+00:00,5611.567285187981
2023-09-14 01:15:00+00:00,5598.074245730458
2023-09-14 08:15:00+00:00,5596.48780465758
2023-09-14 16:30:00+00:00,5583.112854037056
2023-09-14 21:00:00+00:00,5556.217168135662
2023-09-15 02:00:00+00:00,5592.730994148977
2023-09-15 17:30:00+00:00,5579.325764990612
2023-09-15 22:30:00+00:00,5615.86787146096
2023-09-15 23:15:00+00:00,5602.3510679580395
2023-09-16 02:15:00+00:00,5638.878208632479
2023-09-16 09:00:00+00:00,5629.467741987612
2023-09-16 11:30:00+00:00,5616.017623447592
2023-09-16 14:45:00+00:00,5602.424726345745
2023-09-16 16:15:00+00:00,5603.765868766006
2023-09-17 00:15:00+00:00,5605.157470494141
2023-09-17 16:30:00+00:00,5590.837366292423
2023-09-17 18:00:00+00:00,5576.520947408273
2023-09-17 20:30:00+00:00,5562.0059745488525
2023-09-18 00:30:00+00:00,5562.763701879136
2023-09-18 01:15:00+00:00,5598.660539534646
2023-09-18 17:30:00+00:00,5600.800049406875
2023-09-19 18:45:00+00:00,5573.974941790881
2023-09-20 12:00:00+00:00,5560.059464456294
2023-09-20 13:45:00+00:00,5545.946800826029
2023-09-20 18:30:00+00:00,5532.22905375085
2023-09-20 19:15:00+00:00,5568.648253620325
2023-09-20 20:15:00+00:00,5592.217512668116
2023-09-20 20:45:00+00:00,5578.887497187841
2023-09-20 21:30:00+00:00,5565.778502604586
2023-09-21 03:30:00+00:00,5567.3312933539355
2023-09-21 04:15:00+00:00,5564.476172790557
2023-09-21 08:45:00+00:00,5565.425912943102
2023-09-21 14:00:00+00:00,5567.18065958466
2023-09-21 14:15:00+00:00,5553.675061834082
2023-09-21 17:00:00+00:00,5555.306398488685
2023-09-21 17:45:00+00:00,5541.825324386903
2023-09-22 00:15:00+00:00,5578.465380057736
2023-09-22 00:30:00+00:00,5581.07535923966
2023-09-22 01:15:00+00:00,5567.565611870731
2023-09-22 07:45:00+00:00,5554.031473530623
2023-09-25 12:45:00+00:00,5542.3142046788635
2023-09-26 00:15:00+00:00,5544.238895587037
2023-09-26 17:30:00+00:00,5545.651850033251
2023-09-26 21:30:00+00:00,5532.155297606111
2023-09-27 03:45:00+00:00,5518.834356896035
2023-09-27 11:45:00+00:00,5554.999363074237
2023-09-27 13:45:00+00:00,5541.359029502098
2023-09-27 14:15:00+00:00,5527.7637214109445
2023-09-27 18:00:00+00:00,5500.6955864297
2023-09-28 10:30:00+00:00,5536.627152916654
2023-09-28 11:15:00+00:00,5522.991199027887
2023-09-28 14:30:00+00:00,5559.388726343046
2023-09-28 16:00:00+00:00,5595.82509612044
2023-09-28 16:30:00+00:00,5632.463093584504
2023-09-28 18:30:00+00:00,5605.591531153936
2023-09-28 18:45:00+00:00,5578.994293690917
2023-09-28 21:15:00+00:00,5565.6920187306205
2023-09-29 02:30:00+00:00,5553.613886979614
2023-09-29 07:30:00+00:00,5590.202843956724
2023-09-29 07:45:00+00:00,5626.7667696136905
2023-09-29 08:15:00+00:00,5613.167138161686
2023-09-29 08:30:00+00:00,5599.573912718838
2023-09-29 11:15:00+00:00,5572.395839425877
2023-09-29 11:30:00+00:00,5558.837519802882
2023-09-29 12:00:00+00:00,5560.23081374115
2023-09-29 12:30:00+00:00,5547.31673205953
2023-09-29 13:15:00+00:00,5534.46356487673
2023-09-29 13:45:00+00:00,5535.830750540977
2023-09-29 14:00:00+00:00,5522.289776147336
2023-09-29 16:30:00+00:00,5509.008899706516
2023-09-29 17:30:00+00:00,5495.7359487105205
2023-09-29 21:45:00+00:00,5496.903958958463
2023-10-01 14:30:00+00:00,5483.73400849908
2023-10-01 16:45:00+00:00,5470.513297617877
2023-10-02 10:00:00+00:00,5456.982372975327
2023-10-02 13:30:00+00:00,5443.365955705065
2023-10-02 14:00:00+00:00,5429.718998739079
2023-10-02 16:15:00+00:00,5431.8289024762835
2023-10-02 20:00:00+00:00,5418.8540523524825
2023-10-02 21:30:00+00:00,5455.924305923292
2023-10-03 01:15:00+00:00,5443.037397546281
2023-10-03 02:00:00+00:00,5429.955094639019
2023-10-03 06:30:00+00:00,5416.968023208182
2023-10-03 13:30:00+00:00,5418.886304649362
2023-10-03 17:15:00+00:00,5420.954670665572
2023-10-03 20:15:00+00:00,5423.008590949173
2023-10-03 20:30:00+00:00,5409.529067450871
2023-10-04 00:30:00+00:00,5446.6050239370015
2023-10-04 00:45:00+00:00,5433.258734012232
2023-10-04 02:15:00+00:00,5420.136789642734
2023-10-04 07:30:00+00:00,5410.630668484509
2023-10-04 08:30:00+00:00,5397.405297891294
2023-10-04 14:45:00+00:00,5399.469749548066
2023-10-04 16:30:00+00:00,5436.471669124709
2023-10-04 22:45:00+00:00,5474.528674361919
2023-10-05 04:00:00+00:00,5461.637401984429
2023-10-05 09:15:00+00:00,5498.656619264906
2023-10-05 12:15:00+00:00,5485.689744485386
2023-10-09 08:30:00+00:00,5521.671125995578
2023-10-09 09:45:00+00:00,5558.345268617534
2023-10-09 14:15:00+00:00,5596.575651540999
2023-10-09 16:15:00+00:00,5598.488898725673
2023-10-09 17:30:00+00:00,5587.379203262588
2023-10-09 18:00:00+00:00,5576.392047982522
2023-10-10 00:30:00+00:00,5577.653825757486
2023-10-10 02:45:00+00:00,5577.513524942158
2023-10-10 07:00:00+00:00,5566.496038262487
2023-10-11 09:45:00+00:00,5552.721379565473
2023-10-11 19:30:00+00:00,5554.234730633344
2023-10-11 23:45:00+00:00,5540.667486894203
2023-10-12 02:30:00+00:00,5541.619438412863
2023-10-15 21:00:00+00:00,5542.20992574247
2023-10-15 22:45:00+00:00,5543.680531168909
2023-10-16 05:45:00+00:00,5544.825746120494
2023-10-16 06:15:00+00:00,5531.179801959781
2023-10-16 06:45:00+00:00,5517.458261450618
2023-10-16 09:00:00+00:00,5519.274141745326
2023-10-16 12:00:00+00:00,5493.506130579676
2023-10-16 12:30:00+00:00,5530.33673343362
2023-10-16 13:15:00+00:00,5566.817747693286
2023-10-16 13:45:00+00:00,5535.780303392481
2023-10-16 21:00:00+00:00,5524.207602554965
2023-10-17 00:15:00+00:00,5525.746381561406
2023-10-17 03:45:00+00:00,5512.16423716798
2023-10-17 04:00:00+00:00,5514.123963174463
2023-10-17 05:30:00+00:00,5500.031745252246
2023-10-17 08:45:00+00:00,5485.6759098053635
2023-10-17 10:30:00+00:00,5486.8244346682395
2023-10-18 19:15:00+00:00,5472.945912312609
2023-10-18 22:15:00+00:00,5459.591901914708
2023-10-19 01:30:00+00:00,5461.8788563389335
2023-10-19 19:30:00+00:00,5498.073833257229
2023-10-19 20:30:00+00:00,5534.140677497434
2023-10-19 21:00:00+00:00,5571.052032559574
2023-10-20 00:00:00+00:00,5608.153706712559
2023-10-20 01:00:00+00:00,5595.339106990985
2023-10-20 04:00:00+00:00,5581.902322208669
2023-10-20 05:15:00+00:00,5568.209928660299
2023-10-20 06:15:00+00:00,5554.9786664504345
2023-10-20 07:45:00+00:00,5545.564604270063
2023-10-20 10:45:00+00:00,5546.924979808503
2023-10-20 11:00:00+00:00,5520.321799303633
2023-10-20 12:15:00+00:00,5495.396324010374
2023-10-20 13:30:00+00:00,5482.102275612908
2023-10-20 15:15:00+00:00,5518.9967810778535
2023-10-20 15:30:00+00:00,5505.854409821094
2023-10-20 16:15:00+00:00,5492.751156311233
2023-10-20 17:00:00+00:00,5479.723676163115
2023-10-20 23:45:00+00:00,5470.389131836042
2023-10-21 12:15:00+00:00,5506.619561583628
2023-10-21 12:45:00+00:00,5493.029793492777
2023-10-21 13:00:00+00:00,5479.453570530151
2023-10-21 14:15:00+00:00,5515.981939634949
2023-10-21 15:15:00+00:00,5539.155515340907
2023-10-21 17:30:00+00:00,5575.917081011153
2023-10-21 18:00:00+00:00,5562.83441728771
2023-10-21 18:15:00+00:00,5564.529971090645
2023-10-21 20:15:00+00:00,5566.806584365546
2023-10-21 22:30:00+00:00,5553.614133981693
2023-10-22 01:30:00+00:00,5555.8356416286215
2023-10-22 02:15:00+00:00,5551.280232636641
2023-10-22 04:15:00+00:00,5575.305892417028
2023-10-22 07:30:00+00:00,5577.136385646815
2023-10-22 11:30:00+00:00,5564.413039304584
2023-10-23 06:45:00+00:00,5565.94777748951
2023-10-23 07:45:00+00:00,5552.587892218229
2023-10-23 09:45:00+00:00,5539.249911346632
2023-10-23 13:30:00+00:00,5525.858317640959
2023-10-26 16:45:00+00:00,5562.999373447772
2023-10-26 17:45:00+00:00,5550.2730035959685
2023-10-26 21:45:00+00:00,5537.468996284429
2023-10-26 23:00:00+00:00,5524.534589484529
2023-10-27 23:30:00+00:00,5521.455140380517
2023-10-28 02:45:00+00:00,5508.334149804284
2023-10-28 05:15:00+00:00,5510.381966247778
2023-10-28 07:15:00+00:00,5497.141972235382
2023-10-28 08:30:00+00:00,5498.753310263273
2023-10-28 12:15:00+00:00,5485.36498789996
2023-10-30 22:30:00+00:00,5472.3902722542825
2023-10-31 03:30:00+00:00,5459.205570586891
2023-10-31 05:00:00+00:00,5445.930566113025
2023-10-31 05:30:00+00:00,5431.7776133387615
2023-10-31 06:45:00+00:00,5426.89198264727
2023-10-31 08:15:00+00:00,5428.017762811061
2023-10-31 11:30:00+00:00,5414.351956958481
2023-10-31 12:45:00+00:00,5401.559165350043
2023-10-31 13:45:00+00:00,5388.770384834506
2023-10-31 15:00:00+00:00,5375.985695685426
2023-11-01 07:30:00+00:00,5413.050842309546
2023-11-01 16:15:00+00:00,5400.254184136932
2023-11-01 19:45:00+00:00,5387.244066194503
2023-11-02 04:45:00+00:00,5389.270758842447
2023-11-02 05:00:00+00:00,5383.9742284933545
2023-11-02 06:15:00+00:00,5370.753110364085
2023-11-02 06:45:00+00:00,5361.947144254976
2023-11-02 08:30:00+00:00,5349.173072223873
2023-11-02 12:00:00+00:00,5350.705901015365
2023-11-02 13:00:00+00:00,5352.257710407942
2023-11-02 13:30:00+00:00,5354.496962954583
2023-11-02 14:30:00+00:00,5328.238006304518
2023-11-02 15:00:00+00:00,5365.340777658382
2023-11-02 15:15:00+00:00,5352.273790632813
2023-11-02 16:30:00+00:00,5339.2495096351395
2023-11-02 16:45:00+00:00,5341.43011288155
2023-11-02 19:45:00+00:00,5343.734931973944
2023-11-02 20:30:00+00:00,5332.906983968877
2023-11-02 23:45:00+00:00,5335.023784618357
2023-11-03 00:45:00+00:00,5321.808446736279
2023-11-03 01:00:00+00:00,5359.132737564662
2023-11-03 07:45:00+00:00,5359.590342327775
2023-11-03 12:30:00+00:00,5346.208856420827
2023-11-03 13:45:00+00:00,5334.93190498626
2023-11-03 14:15:00+00:00,5321.454382094148
2023-11-03 20:45:00+00:00,5323.669069492901
2023-11-03 22:45:00+00:00,5310.822703366376
2023-11-04 06:30:00+00:00,5299.630805455699
2023-11-04 11:15:00+00:00,5286.2034591472175
2023-11-04 14:15:00+00:00,5287.796377316643
2023-11-04 15:15:00+00:00,5274.372859766607
2023-11-05 01:00:00+00:00,5310.914781086009
2023-11-06 11:15:00+00:00,5310.330200029412
2023-11-07 16:45:00+00:00,5347.359885218976
2023-11-07 17:30:00+00:00,5334.391110301588
2023-11-07 17:45:00+00:00,5321.524226626793
2023-11-07 18:00:00+00:00,5308.558496720289
2023-11-07 19:00:00+00:00,5295.701578579696
2023-11-07 20:45:00+00:00,5282.845045965752
2023-11-07 23:30:00+00:00,5284.953102500354
2023-11-08 10:15:00+00:00,5286.98256378439
2023-11-08 16:45:00+00:00,5273.895215701389
2023-11-08 21:00:00+00:00,5260.79699831018
2023-11-08 21:45:00+00:00,5247.725242376785
2023-11-09 02:15:00+00:00,5234.588864998367
2023-11-09 04:30:00+00:00,5221.402909495774
2023-11-09 10:15:00+00:00,5208.307229123776
2023-11-09 12:30:00+00:00,5245.278237616021
2023-11-09 14:15:00+00:00,5282.454658227768
2023-11-09 14:45:00+00:00,5269.583252201281
2023-11-09 16:00:00+00:00,5306.725584553369
2023-11-09 22:45:00+00:00,5300.368373856601
2023-11-09 23:30:00+00:00,5287.653187324597
2023-11-10 00:15:00+00:00,5276.099900338902
2023-11-10 01:00:00+00:00,5263.313321438118
2023-11-10 05:30:00+00:00,5262.355238654344
2023-11-10 08:00:00+00:00,5264.044570454036
2023-11-10 08:45:00+00:00,5251.241608989455
2023-11-10 10:45:00+00:00,5238.44472064268
2023-11-10 11:00:00+00:00,5225.44387408393
2023-11-10 13:15:00+00:00,5227.62529870736
2023-11-10 14:00:00+00:00,5264.566952580178
2023-11-10 16:15:00+00:00,5251.646844069773
2023-11-11 12:45:00+00:00,5238.76594986577
2023-11-11 13:30:00+00:00,5225.793466008654
2023-11-11 14:00:00+00:00,5212.838902457756
2023-11-12 05:45:00+00:00,5200.051327904292
2023-11-12 22:45:00+00:00,5237.36695882496
2023-11-13 08:45:00+00:00,5224.5598763969565
2023-11-13 09:30:00+00:00,5211.686724122307
2023-11-13 12:45:00+00:00,5198.691728618295
2023-11-13 14:15:00+00:00,5185.700112340094
2023-11-13 14:30:00+00:00,5222.849486299143
2023-11-13 15:00:00+00:00,5209.910235324094
2023-11-13 16:15:00+00:00,5197.1676744662755
2023-11-13 20:00:00+00:00,5199.328345643741
2023-11-13 20:45:00+00:00,5186.3543264237205
2023-11-13 21:45:00+00:00,5175.619684789965
2023-11-14 00:00:00+00:00,5212.80784709813
2023-11-14 01:00:00+00:00,5200.087834803779
2023-11-14 02:30:00+00:00,5202.247737584639
2023-11-14 02:45:00+00:00,5189.527032682965
2023-11-14 04:45:00+00:00,5191.641236989826
2023-11-14 06:00:00+00:00,5178.879961976477
2023-11-14 09:15:00+00:00,5169.22785751318
2023-11-14 18:45:00+00:00,5206.383472552149
2023-11-14 20:15:00+00:00,5193.627478093712
2023-11-14 20:30:00+00:00,5180.878254974389
2023-11-15 01:30:00+00:00,5174.750356571444
2023-11-15 03:00:00+00:00,5172.310364889925
2023-11-15 05:45:00+00:00,5158.875254153275
2023-11-15 07:45:00+00:00,5160.576231550542
2023-11-15 10:00:00+00:00,5147.022760484594
2023-11-15 13:00:00+00:00,5183.531117295667
2023-11-15 14:30:00+00:00,5185.245036186976
2023-11-15 18:15:00+00:00,5187.139729462192
2023-11-15 21:15:00+00:00,5174.067235212577
2023-11-16 08:30:00+00:00,5175.84646913429
2023-11-16 20:00:00+00:00,5178.088268715528
2023-11-16 21:30:00+00:00,5165.344912307891
2023-11-17 00:15:00+00:00,5167.460740877379
2023-11-17 01:30:00+00:00,5154.6935455232815
2023-11-17 01:45:00+00:00,5141.94548373429
2023-11-17 06:30:00+00:00,5143.6315609989315
2023-11-17 09:30:00+00:00,5180.773744096779
2023-11-17 13:00:00+00:00,5182.883216034211
2023-11-17 14:15:00+00:00,5219.659976964472
2023-11-25 04:30:00+00:00,5206.773748677251
2023-11-26 20:45:00+00:00,5193.794117563875
2023-11-27 11:30:00+00:00,5230.447042814038
2023-11-27 15:00:00+00:00,5232.505846501807
2023-11-27 15:15:00+00:00,5234.320279695508
2023-11-27 16:15:00+00:00,5236.140928383497
2023-11-27 16:30:00+00:00,5238.235850377431
2023-11-27 16:45:00+00:00,5224.871971595834
2023-11-27 17:00:00+00:00,5211.6907584415685
2023-11-27 21:30:00+00:00,5213.804119446898
2023-11-27 23:00:00+00:00,5217.477419113394
2023-11-27 23:15:00+00:00,5204.431601371813
2023-11-28 00:15:00+00:00,5191.467683346482
2023-11-28 04:00:00+00:00,5193.412796398465
2023-11-28 05:15:00+00:00,5230.367934519976
2023-11-28 06:30:00+00:00,5232.264492971059
2023-11-28 07:00:00+00:00,5233.830807896222
2023-11-28 09:30:00+00:00,5220.835128857907
2023-11-30 11:30:00+00:00,5207.524972262375
2023-11-30 13:45:00+00:00,5209.10697322085
2023-11-30 16:00:00+00:00,5195.857520705075
2023-11-30 23:30:00+00:00,5191.130653388054
2023-12-02 14:15:00+00:00,5191.354848868305
2023-12-03 07:30:00+00:00,5192.808708340129
2023-12-03 09:45:00+00:00,5178.736794385836
2023-12-03 12:45:00+00:00,5214.605275296886
2023-12-03 14:30:00+00:00,5215.855548596839
2023-12-03 21:15:00+00:00,5213.734161440186
2023-12-03 22:00:00+00:00,5199.506168727591
2023-12-05 09:15:00+00:00,5201.47525358882
2023-12-05 12:00:00+00:00,5188.406832858511
2023-12-05 13:15:00+00:00,5175.352130752365
2023-12-05 16:00:00+00:00,5162.350552476884
2023-12-05 18:00:00+00:00,5149.453522552951
2023-12-06 17:00:00+00:00,5123.313391692135
2023-12-07 01:00:00+00:00,5125.5243498847285
2023-12-07 06:15:00+00:00,5112.441513678425
2023-12-07 07:45:00+00:00,5109.0490340274655
2023-12-07 08:15:00+00:00,5095.99666947459
2023-12-07 09:15:00+00:00,5133.053890692215
2023-12-07 15:15:00+00:00,5120.230580166732
2023-12-08 00:00:00+00:00,5122.326115358836
2023-12-08 11:15:00+00:00,5123.44722448167
2023-12-08 16:00:00+00:00,5160.684598515674
2023-12-08 17:00:00+00:00,5147.974872929273
2023-12-09 03:15:00+00:00,5185.274137671297
2023-12-10 21:15:00+00:00,5172.579975522531
2023-12-11 01:00:00+00:00,5159.894789966856
2023-12-11 08:45:00+00:00,5159.844455664023
2023-12-11 09:15:00+00:00,5155.624892095739
2023-12-11 14:15:00+00:00,5143.761227378602
2023-12-11 16:00:00+00:00,5180.382508466981
2023-12-11 16:15:00+00:00,5182.577964438733
2023-12-11 18:15:00+00:00,5219.674877020747
2023-12-11 19:00:00+00:00,5206.913312554809
2023-12-11 20:45:00+00:00,5194.143043945799
2023-12-11 21:00:00+00:00,5196.324188081177
2023-12-11 21:15:00+00:00,5183.335338622781
2023-12-12 00:15:00+00:00,5172.256419667932
2023-12-12 02:15:00+00:00,5133.173423186054
2023-12-12 07:00:00+00:00,5136.717129859179
2023-12-12 17:15:00+00:00,5176.077610287774
2023-12-12 18:00:00+00:00,5178.172080562159
2023-12-12 18:15:00+00:00,5165.368149173622
2023-12-12 21:00:00+00:00,5167.49954951327
2023-12-12 22:30:00+00:00,5154.336902523453
2023-12-12 23:00:00+00:00,5156.429102899968
2023-12-13 01:00:00+00:00,5154.891486166904
2023-12-13 02:15:00+00:00,5228.383751949823
2023-12-13 07:00:00+00:00,5215.570863871378
2023-12-13 07:15:00+00:00,5217.820263180767
2023-12-13 11:00:00+00:00,5205.079045765966
2023-12-17 06:00:00+00:00,5206.916187887393
2023-12-17 06:45:00+00:00,5208.751711116888
2023-12-17 08:15:00+00:00,5210.6586866603975
2023-12-17 15:30:00+00:00,5212.556710443555
2023-12-18 09:30:00+00:00,5214.045164454635
2023-12-18 13:45:00+00:00,5200.9525409830485
2023-12-20 16:45:00+00:00,5189.911551732535
2023-12-20 20:00:00+00:00,5176.721935097858
2023-12-21 14:15:00+00:00,5213.848030866948
2023-12-21 17:45:00+00:00,5251.094788081481
2023-12-22 03:30:00+00:00,5253.369491110676
2023-12-22 15:45:00+00:00,5240.5382229681545
2023-12-22 16:45:00+00:00,5227.51484329901
2023-12-22 18:30:00+00:00,5214.67352703621
2023-12-22 19:45:00+00:00,5201.596221856871
2023-12-26 09:45:00+00:00,5225.250085317026
2023-12-26 10:15:00+00:00,5212.327042295251
2023-12-26 11:30:00+00:00,5198.910823144105
2023-12-26 12:30:00+00:00,5172.613755547735
2023-12-26 15:15:00+00:00,5174.049268147877
2023-12-26 16:15:00+00:00,5210.521336503945
2023-12-26 17:15:00+00:00,5249.580490505064
2023-12-26 17:30:00+00:00,5286.263455372388
2023-12-26 18:45:00+00:00,5273.405421855301
2023-12-26 20:15:00+00:00,5260.5694414473055
2023-12-26 22:15:00+00:00,5234.3866034998855
2023-12-26 22:45:00+00:00,5221.681503988776
2023-12-27 03:15:00+00:00,5258.815480439286
2023-12-27 05:00:00+00:00,5260.353289267641
2023-12-27 05:15:00+00:00,5249.764903057312
2023-12-27 16:15:00+00:00,5286.966665525799
2023-12-27 18:00:00+00:00,5274.251944891751
2023-12-27 20:45:00+00:00,5261.529060350244
2023-12-28 00:15:00+00:00,5250.945138546877
2023-12-28 02:30:00+00:00,5288.167280479432
2023-12-28 04:15:00+00:00,5275.414268359025
2023-12-28 06:15:00+00:00,5262.624642067253
2023-12-28 07:45:00+00:00,5264.808877666083
2023-12-29 22:30:00+00:00,5266.932188136478
2023-12-29 23:30:00+00:00,5240.678792524499
2023-12-29 23:45:00+00:00,5242.484250545685
2024-01-01 18:00:00+00:00,5244.323662493733
2024-01-01 22:15:00+00:00,5230.833544969769
2024-01-01 23:30:00+00:00,5267.335550473321
2024-01-02 00:45:00+00:00,5303.941415176068
2024-01-02 15:15:00+00:00,5305.878309604252
2024-01-02 16:15:00+00:00,5292.776946627646
2024-01-02 19:15:00+00:00,5279.6631912853345
2024-01-02 22:00:00+00:00,5275.888983364481
2024-01-02 22:45:00+00:00,5262.921662515475
2024-01-03 05:15:00+00:00,5249.878466241557
2024-01-03 11:45:00+00:00,5287.00667605296
2024-01-03 12:00:00+00:00,5323.984577397959
2024-01-03 15:45:00+00:00,5348.4214265019455
2024-01-03 18:45:00+00:00,5348.4927651192575
2024-01-03 21:15:00+00:00,5350.852256157545
2024-01-04 03:00:00+00:00,5338.118962569006
2024-01-05 12:15:00+00:00,5340.277320582224
2024-01-05 16:45:00+00:00,5377.4465437907265
2024-01-05 19:00:00+00:00,5364.688742262874
2024-01-05 20:45:00+00:00,5351.881910886963
2024-01-05 23:00:00+00:00,5339.053893531606
2024-01-06 05:45:00+00:00,5376.22448744998
2024-01-06 11:15:00+00:00,5378.21900465284
2024-01-07 04:30:00+00:00,5365.407753822984
2024-01-08 02:45:00+00:00,5352.64049886872
2024-01-08 10:00:00+00:00,5339.857743955692
2024-01-08 14:30:00+00:00,5326.782946840541
2024-01-08 17:45:00+00:00,5363.976582072908
2024-01-08 19:00:00+00:00,5400.859751859949
2024-01-08 20:00:00+00:00,5437.93986556059
2024-01-09 00:15:00+00:00,5424.866892712363
2024-01-09 00:30:00+00:00,5414.102500067305
2024-01-09 07:00:00+00:00,5410.411210168446
2024-01-09 08:45:00+00:00,5405.356467409853
2024-01-09 09:45:00+00:00,5392.458013991952
2024-01-09 12:45:00+00:00,5379.617734008137
2024-01-09 14:45:00+00:00,5341.137863494205
2024-01-09 20:30:00+00:00,5315.650905114488
2024-01-10 02:45:00+00:00,5302.83281086124
2024-01-10 04:45:00+00:00,5301.683649107767
2024-01-10 11:45:00+00:00,5288.7892748101385
2024-01-10 12:15:00+00:00,5290.882773387546
2024-01-10 12:45:00+00:00,5265.0294012503555
2024-01-10 19:30:00+00:00,5302.131787274222
2024-01-10 20:00:00+00:00,5289.268671254578
2024-01-10 22:15:00+00:00,5326.506371493711
2024-01-10 23:00:00+00:00,5313.752530688076
2024-01-10 23:30:00+00:00,5353.226100631658
2024-01-11 05:30:00+00:00,5357.807193319871
2024-01-11 05:45:00+00:00,5360.0891721432545
2024-01-11 06:00:00+00:00,5347.114975071715
2024-01-11 07:30:00+00:00,5371.503231969434
2024-01-11 10:15:00+00:00,5358.382603962173
2024-01-11 11:30:00+00:00,5432.586428817165
2024-01-11 13:30:00+00:00,5434.748946301374
2024-01-11 14:15:00+00:00,5421.914211870369
2024-01-11 14:30:00+00:00,5424.006704039303
2024-01-11 15:15:00+00:00,5411.199446499364
2024-01-11 15:30:00+00:00,5398.38821851414
2024-01-11 16:15:00+00:00,5360.03009309817
2024-01-11 23:00:00+00:00,5334.341549742795
2024-01-11 23:30:00+00:00,5333.2536898049775
2024-01-12 00:00:00+00:00,5334.469016514859
2024-01-12 01:15:00+00:00,5321.623522625042
2024-01-12 08:00:00+00:00,5319.856109706294
2024-01-12 11:15:00+00:00,5321.484831550883
2024-01-12 12:00:00+00:00,5323.5608770532335
2024-01-12 14:15:00+00:00,5310.670282436372
2024-01-12 15:15:00+00:00,5334.40623492168
2024-01-12 16:45:00+00:00,5371.395522407772
2024-01-12 18:00:00+00:00,5395.769303374043
2024-01-12 22:00:00+00:00,5435.010441084605
2024-01-12 22:15:00+00:00,5472.270291924688
2024-01-12 23:00:00+00:00,5496.727978197982
2024-01-12 23:45:00+00:00,5484.046666347954
2024-01-13 00:00:00+00:00,5471.158199649329
2024-01-13 02:15:00+00:00,5473.437579107646
2024-01-13 05:00:00+00:00,5460.455512325492
2024-01-13 05:45:00+00:00,5457.574179735955
2024-01-13 07:15:00+00:00,5444.805833880952
2024-01-13 08:15:00+00:00,5431.545930435318
2024-01-13 10:30:00+00:00,5432.996036433537
2024-01-13 15:00:00+00:00,5434.786310163337
2024-01-13 22:00:00+00:00,5438.4214999754295
2024-01-14 07:00:00+00:00,5440.443674463093
2024-01-14 11:00:00+00:00,5426.699558794339
2024-01-14 11:30:00+00:00,5413.029166117111
2024-01-14 17:45:00+00:00,5450.126975619788
2024-01-14 19:30:00+00:00,5437.164860200797
2024-01-14 19:45:00+00:00,5438.562330255675
2024-01-14 21:30:00+00:00,5425.226988384632
2024-01-14 22:30:00+00:00,5411.934865356913
2024-01-14 23:00:00+00:00,5414.019190181584
2024-01-15 02:45:00+00:00,5437.827093889314
2024-01-15 04:15:00+00:00,5474.612347021701
2024-01-15 06:30:00+00:00,5461.792859739212
2024-01-15 07:45:00+00:00,5463.679130067261
2024-01-15 09:15:00+00:00,5456.135970118387
2024-01-15 12:00:00+00:00,5458.144362279212
2024-01-15 12:30:00+00:00,5445.187344611592
2024-01-15 14:15:00+00:00,5447.251484871049
2024-01-15 14:45:00+00:00,5434.264609374223
2024-01-15 15:45:00+00:00,5421.416769635231
2024-01-15 21:45:00+00:00,5423.445812438102
2024-01-15 22:15:00+00:00,5410.100759892793
2024-01-16 00:30:00+00:00,5411.825111509405
2024-01-16 02:30:00+00:00,5413.526118727277
2024-01-16 14:30:00+00:00,5415.258508029724
2024-01-17 03:30:00+00:00,5417.298434615219
2024-01-17 05:30:00+00:00,5404.341302742329
2024-01-17 05:45:00+00:00,5406.360389999869
2024-01-17 08:00:00+00:00,5393.415835630017
2024-01-17 12:30:00+00:00,5367.571665269842
2024-01-17 14:00:00+00:00,5354.685273125766
2024-01-17 15:30:00+00:00,5341.848843004635
2024-01-17 16:45:00+00:00,5343.919376819641
2024-01-17 18:00:00+00:00,5330.607168624104
2024-01-18 12:30:00+00:00,5332.3244349661945
2024-01-18 13:45:00+00:00,5334.154256084726
2024-01-18 15:00:00+00:00,5320.894971093936
2024-01-18 15:30:00+00:00,5307.6355326440935
2024-01-18 19:45:00+00:00,5344.736828475284
2024-01-18 21:45:00+00:00,5331.9102323479765
2024-01-19 06:45:00+00:00,5334.047851028247
2024-01-19 15:00:00+00:00,5321.155409594992
2024-01-20 03:15:00+00:00,5318.974973969752
2024-01-20 08:00:00+00:00,5305.850622992183
2024-01-20 08:15:00+00:00,5292.448322717072
2024-01-20 14:00:00+00:00,5278.949937529702
2024-01-20 14:15:00+00:00,5280.884423417212
2024-01-20 17:30:00+00:00,5267.797453015794
2024-01-20 19:30:00+00:00,5304.558372528819
2024-01-20 20:00:00+00:00,5341.506158875354
2024-01-20 21:45:00+00:00,5343.629374976894
2024-01-20 23:00:00+00:00,5380.770104188813
2024-01-20 23:45:00+00:00,5367.988859716326
2024-01-21 03:30:00+00:00,5355.246986044905
2024-01-21 07:00:00+00:00,5342.502296493463
2024-01-21 14:30:00+00:00,5379.64375569928
2024-01-21 15:15:00+00:00,5366.710526970951
2024-01-21 16:30:00+00:00,5355.684378505083
2024-01-21 20:45:00+00:00,5342.498067378948
2024-01-21 22:45:00+00:00,5329.179990925119
2024-01-22 00:15:00+00:00,5315.890630475246
2024-01-22 01:00:00+00:00,5302.712590405601
2024-01-22 02:45:00+00:00,5289.647550053563
2024-01-22 04:15:00+00:00,5276.649273694135
2024-01-22 05:45:00+00:00,5263.252602254474
2024-01-22 09:45:00+00:00,5299.798665392932
2024-01-22 19:15:00+00:00,5336.626368418538
2024-01-22 19:30:00+00:00,5323.804867100364
2024-01-22 21:00:00+00:00,5311.014056746477
2024-01-22 22:45:00+00:00,5298.217227121849
2024-01-23 07:15:00+00:00,5300.079504447028
2024-01-23 09:15:00+00:00,5337.10606997591
2024-01-23 14:00:00+00:00,5324.313752871438
2024-01-23 15:00:00+00:00,5326.480251945761
2024-01-23 18:30:00+00:00,5328.624401940224
2024-01-23 18:45:00+00:00,5330.858396960991
2024-01-23 23:15:00+00:00,5368.05800382779
2024-01-24 01:30:00+00:00,5355.234736818846
2024-01-24 09:00:00+00:00,5392.352020264495
2024-01-24 10:00:00+00:00,5429.5250284994545
2024-01-24 11:30:00+00:00,5431.452139428977
2024-01-24 12:45:00+00:00,5432.99687229325
2024-01-24 13:45:00+00:00,5422.042957629295
2024-01-24 14:15:00+00:00,5408.619104696032
2024-01-24 14:45:00+00:00,5395.788686633404
2024-01-24 18:00:00+00:00,5399.933003075855
2024-01-24 18:15:00+00:00,5373.682902703593
2024-01-24 20:30:00+00:00,5360.883102593598
2024-01-24 21:00:00+00:00,5347.624626378859
2024-01-25 00:15:00+00:00,5384.725194560949
2024-01-25 01:45:00+00:00,5371.817238990337
2024-01-25 05:00:00+00:00,5358.276362782995
2024-01-25 05:15:00+00:00,5345.3757051322855
2024-01-25 10:00:00+00:00,5347.419052610383
2024-01-25 11:00:00+00:00,5385.635582817329
2024-01-25 12:00:00+00:00,5371.713003276462
2024-01-25 12:30:00+00:00,5359.919023385741
2024-01-25 15:15:00+00:00,5361.980145441285
2024-01-25 17:00:00+00:00,5349.08468492274
2024-01-25 18:00:00+00:00,5350.709677998333
2024-01-25 18:30:00+00:00,5337.82317381631
2024-01-25 20:45:00+00:00,5324.932364921514
2024-01-26 01:00:00+00:00,5314.19117325154
2024-01-26 07:15:00+00:00,5300.275976360188
2024-01-26 09:45:00+00:00,5301.003893161274
2024-01-26 11:30:00+00:00,5337.4724628457525
2024-01-26 12:45:00+00:00,5324.584940055971
2024-01-26 13:30:00+00:00,5311.068685615214
2024-01-26 13:45:00+00:00,5297.813595617249
2024-01-26 15:30:00+00:00,5299.562034810691
2024-01-26 18:00:00+00:00,5336.083014156592
2024-01-27 00:45:00+00:00,5329.935696140229
2024-01-27 05:45:00+00:00,5332.050429824796
2024-01-27 06:30:00+00:00,5333.582954308935
2024-01-27 08:45:00+00:00,5335.378067759145
2024-01-27 09:00:00+00:00,5321.553199771026
2024-01-27 20:30:00+00:00,5357.734007911435
2024-01-28 06:30:00+00:00,5344.464231372744
2024-01-28 11:30:00+00:00,5346.1844110114625
2024-01-29 08:15:00+00:00,5348.144308396078
2024-01-29 13:15:00+00:00,5335.217943987516
2024-01-29 22:15:00+00:00,5330.275171946175
2024-01-30 00:45:00+00:00,5331.957068776543
2024-01-30 02:45:00+00:00,5368.9395681279075
2024-01-30 11:30:00+00:00,5369.482631814125
2024-01-30 12:15:00+00:00,5356.132466489239
2024-01-30 12:30:00+00:00,5357.992805972224
2024-01-30 13:00:00+00:00,5344.824755381548
2024-01-30 14:45:00+00:00,5346.733758483078
2024-01-30 15:45:00+00:00,5370.225987217164
2024-01-30 17:00:00+00:00,5356.87598605707
2024-01-30 19:15:00+00:00,5393.617041173084
2024-01-30 21:30:00+00:00,5430.3428119009195
2024-01-30 22:30:00+00:00,5418.37966482848
2024-01-30 22:45:00+00:00,5404.995492675494
2024-01-30 23:30:00+00:00,5391.504620052218
2024-01-31 00:15:00+00:00,5428.351219259417
2024-01-31 01:00:00+00:00,5430.192296187211
2024-01-31 01:45:00+00:00,5416.849547707774
2024-01-31 04:00:00+00:00,5453.834473076404
2024-01-31 06:45:00+00:00,5452.427125939559
2024-01-31 09:15:00+00:00,5446.432172878681
2024-01-31 10:45:00+00:00,5470.208352938583
2024-01-31 11:15:00+00:00,5456.907822916716
2024-01-31 11:30:00+00:00,5458.810369990496
2024-01-31 12:00:00+00:00,5445.73630559562
2024-01-31 13:30:00+00:00,5447.698924068536
2024-01-31 14:00:00+00:00,5449.784447628999
2024-01-31 14:30:00+00:00,5451.697353087191
2024-01-31 15:30:00+00:00,5437.946264846286
2024-01-31 22:45:00+00:00,5442.3263278427785
2024-02-01 14:15:00+00:00,5444.388349393308
2024-02-01 15:00:00+00:00,5446.596509940872
2024-02-01 16:30:00+00:00,5483.581440065274
2024-02-01 17:15:00+00:00,5470.076391293394
2024-02-01 19:45:00+00:00,5459.141216747029
2024-02-02 00:00:00+00:00,5498.422167255722
2024-02-02 00:15:00+00:00,5471.428985828307
2024-02-02 07:30:00+00:00,5508.599465221747
2024-02-02 09:00:00+00:00,5495.764138161292
2024-02-02 13:45:00+00:00,5497.95671989964
2024-02-02 15:15:00+00:00,5535.124605750802
2024-02-02 17:30:00+00:00,5537.242035176009
2024-02-02 18:00:00+00:00,5524.491866838048
2024-02-03 01:15:00+00:00,5526.446782422633
2024-02-03 06:00:00+00:00,5512.628411179061
2024-02-03 07:45:00+00:00,5498.474162758512
2024-02-03 08:45:00+00:00,5484.197491983007
2024-02-04 00:45:00+00:00,5485.748494478237
2024-02-04 02:15:00+00:00,5472.377231376348
2024-02-04 11:30:00+00:00,5473.896761569058
2024-02-05 03:45:00+00:00,5475.597402069571
2024-02-05 19:15:00+00:00,5462.55719886048
2024-02-05 20:45:00+00:00,5464.435749550196
2024-02-05 23:15:00+00:00,5465.992477656588
2024-02-05 23:30:00+00:00,5467.629331654182
2024-02-06 02:00:00+00:00,5454.119924075379
2024-02-06 02:30:00+00:00,5440.480119070716
2024-02-06 08:15:00+00:00,5426.76883203488
2024-02-06 10:30:00+00:00,5399.90508562362
2024-02-06 12:00:00+00:00,5423.5510082886
2024-02-06 12:45:00+00:00,5409.999711514683
2024-02-06 14:30:00+00:00,5396.98917899048
2024-02-06 15:15:00+00:00,5383.992786593079
2024-02-06 17:00:00+00:00,5385.613532881862
2024-02-07 04:15:00+00:00,5387.329056841206
2024-02-07 10:45:00+00:00,5388.612486091629
2024-02-07 14:45:00+00:00,5424.708641500764
2024-02-07 20:45:00+00:00,5461.30204552503
2024-02-08 02:30:00+00:00,5497.580074177338
2024-02-08 03:30:00+00:00,5494.918003962008
2024-02-08 06:45:00+00:00,5467.375647135406
2024-02-08 08:00:00+00:00,5503.773940817804
2024-02-08 11:30:00+00:00,5505.515759198139
2024-02-08 13:15:00+00:00,5507.567021393199
2024-02-08 13:45:00+00:00,5544.226605307337
2024-02-08 14:30:00+00:00,5530.582529573203
2024-02-08 15:30:00+00:00,5532.46964066334
2024-02-08 15:45:00+00:00,5568.600697351965
2024-02-08 16:30:00+00:00,5570.613157704412
2024-02-08 16:45:00+00:00,5556.909682364941
2024-02-08 17:45:00+00:00,5593.913266809303
2024-02-08 22:30:00+00:00,5595.956164928346
2024-02-09 00:30:00+00:00,5593.036372552914
2024-02-09 01:15:00+00:00,5579.875344871529
2024-02-09 02:15:00+00:00,5616.577592587709
2024-02-09 02:30:00+00:00,5653.403256131908
2024-02-09 04:15:00+00:00,5654.937195092376
2024-02-09 07:45:00+00:00,5641.700418295183
2024-02-09 08:15:00+00:00,5628.3905714226275
2024-02-09 08:45:00+00:00,5664.6410945341095
2024-02-09 11:00:00+00:00,5701.27200378906
2024-02-09 12:15:00+00:00,5702.8018972710815
2024-02-09 14:15:00+00:00,5704.34678877302
2024-02-09 18:45:00+00:00,5706.259954043859
2024-02-09 21:00:00+00:00,5700.852794864929
2024-02-10 06:00:00+00:00,5687.84208503639
2024-02-10 08:45:00+00:00,5674.796368366615
2024-02-10 10:45:00+00:00,5661.719855155136
2024-02-10 13:15:00+00:00,5648.678895621014
2024-02-10 15:30:00+00:00,5685.548044544435
2024-02-10 17:15:00+00:00,5672.4769774751285
2024-02-10 20:00:00+00:00,5674.354824486759
2024-02-10 20:45:00+00:00,5711.190908705163
2024-02-10 22:15:00+00:00,5713.21744800801
2024-02-10 23:30:00+00:00,5700.325612288385
2024-02-11 10:45:00+00:00,5702.430757736296
2024-02-11 13:15:00+00:00,5675.672529096651
2024-02-12 04:15:00+00:00,5662.487300523819
2024-02-14 15:15:00+00:00,5649.283495826041
2024-02-14 17:15:00+00:00,5636.302671977016
2024-02-14 18:15:00+00:00,5623.192615349951
2024-02-15 00:30:00+00:00,5659.909122705563
2024-02-15 05:00:00+00:00,5661.964932316449
2024-02-15 21:45:00+00:00,5698.954646944173
2024-02-16 02:45:00+00:00,5686.009689908146
2024-02-16 08:00:00+00:00,5722.954559981121
2024-02-16 09:30:00+00:00,5724.82836649037
2024-02-16 10:30:00+00:00,5726.753886857056
2024-02-16 10:45:00+00:00,5713.693878114155
2024-02-16 11:45:00+00:00,5687.417778518183
2024-02-16 14:45:00+00:00,5724.321531147402
2024-02-16 16:00:00+00:00,5748.380670753421
2024-02-16 19:15:00+00:00,5737.546661961342
2024-02-16 23:30:00+00:00,5725.907043080594
2024-02-17 02:45:00+00:00,5727.591868611832
2024-02-17 03:15:00+00:00,5729.400530785029
2024-02-17 07:30:00+00:00,5731.237817473676
2024-02-17 13:00:00+00:00,5754.539050081228
2024-02-17 15:00:00+00:00,5756.075044174988
2024-02-17 15:15:00+00:00,5757.995396945381
2024-02-17 15:30:00+00:00,5744.852647414948
2024-02-17 19:15:00+00:00,5731.4350747613225
2024-02-17 20:15:00+00:00,5718.4409753191685
2024-02-17 21:15:00+00:00,5704.74304448215
2024-02-18 12:30:00+00:00,5678.546601274791
2024-02-18 17:00:00+00:00,5664.91754927782
2024-02-18 19:45:00+00:00,5666.31081365403
2024-02-18 22:00:00+00:00,5652.655120392118
2024-02-19 00:15:00+00:00,5639.137296004112
2024-02-19 07:15:00+00:00,5638.558634551223
2024-02-19 07:45:00+00:00,5625.03477612174
2024-02-19 11:15:00+00:00,5626.56201674314
2024-02-19 15:15:00+00:00,5613.480799789005
2024-02-19 16:00:00+00:00,5600.11756400727
2024-02-19 16:15:00+00:00,5586.9677564144795
2024-02-19 17:15:00+00:00,5588.884316358582
2024-02-19 20:45:00+00:00,5575.887785173414
2024-02-19 22:00:00+00:00,5562.584887272728
2024-02-20 01:00:00+00:00,5563.878542139788
2024-02-20 01:15:00+00:00,5600.7626863210435
2024-02-20 02:15:00+00:00,5587.3842672768515
2024-02-20 02:45:00+00:00,5574.290237498986
2024-02-20 09:45:00+00:00,5611.159141944299
2024-02-20 10:00:00+00:00,5597.726966726705
2024-02-20 10:30:00+00:00,5599.6606926185095
2024-02-20 10:45:00+00:00,5586.510862502098
2024-02-20 11:00:00+00:00,5560.067111839949
2024-02-20 12:00:00+00:00,5547.003270185192
2024-02-20 12:15:00+00:00,5533.7132958381535
2024-02-20 13:15:00+00:00,5534.813870525935
2024-02-20 14:00:00+00:00,5521.701043941703
2024-02-20 14:30:00+00:00,5558.634747596053
2024-02-20 15:15:00+00:00,5632.827083939338
2024-02-20 19:00:00+00:00,5671.986597955705
2024-02-20 20:00:00+00:00,5658.895137443799
2024-02-20 21:30:00+00:00,5646.125224174248
2024-02-20 22:00:00+00:00,5639.250429674379
2024-02-21 05:00:00+00:00,5641.057289354701
2024-02-21 07:00:00+00:00,5678.066021251959
2024-02-21 09:00:00+00:00,5714.793805009748
2024-02-21 09:15:00+00:00,5751.689122142321
2024-02-21 10:15:00+00:00,5753.572518929357
2024-02-21 10:45:00+00:00,5740.140479801691
2024-02-21 11:00:00+00:00,5742.040037833193
2024-02-21 12:15:00+00:00,5743.591881986658
2024-02-21 14:15:00+00:00,5745.60266919779
2024-02-21 15:15:00+00:00,5747.337926031191
2024-02-21 15:30:00+00:00,5734.306180025043
2024-02-21 18:15:00+00:00,5721.377379588011
2024-02-21 19:45:00+00:00,5760.1674215804605
2024-02-21 20:30:00+00:00,5747.234689531761
2024-02-21 21:15:00+00:00,5734.357679958152
2024-02-21 21:30:00+00:00,5721.343781446878
2024-02-21 22:00:00+00:00,5707.9989359421415
2024-02-21 23:00:00+00:00,5694.584931954571
2024-02-21 23:30:00+00:00,5668.499379587588
2024-02-21 23:45:00+00:00,5641.834976258395
2024-02-22 01:45:00+00:00,5628.835461828534
2024-02-22 02:15:00+00:00,5615.533845336566
2024-02-22 05:15:00+00:00,5602.3778861805495
2024-02-22 06:30:00+00:00,5605.78899912356
2024-02-22 14:45:00+00:00,5592.320299958148
2024-02-22 15:30:00+00:00,5552.506260614066
2024-02-22 18:30:00+00:00,5539.462459512052
2024-02-22 20:30:00+00:00,5526.42765758337
2024-02-23 04:30:00+00:00,5499.701570527149
2024-02-23 06:30:00+00:00,5501.733476184036
2024-02-23 08:00:00+00:00,5502.953769821762
2024-02-23 10:15:00+00:00,5504.906175938481
2024-02-23 11:00:00+00:00,5506.750297692401
2024-02-23 11:45:00+00:00,5492.9804905304245
2024-02-23 13:45:00+00:00,5479.894176475787
2024-02-23 14:15:00+00:00,5466.111504453025
2024-02-23 14:45:00+00:00,5452.598436873144
2024-02-23 15:30:00+00:00,5454.497977758449
2024-02-23 16:30:00+00:00,5456.113354903302
2024-02-23 17:30:00+00:00,5460.165226138263
2024-02-23 17:45:00+00:00,5434.224959835784
2024-02-24 04:00:00+00:00,5435.983492678835
2024-02-24 04:30:00+00:00,5437.644722610327
2024-02-24 04:45:00+00:00,5439.7477577056725
2024-02-24 08:45:00+00:00,5426.741352410491
2024-02-24 09:15:00+00:00,5413.501760811896
2024-02-24 12:45:00+00:00,5400.248256944576
2024-02-24 14:30:00+00:00,5387.033146818707
2024-02-24 16:15:00+00:00,5373.854231212979
2024-02-24 17:00:00+00:00,5375.539886422434
2024-02-24 17:45:00+00:00,5362.187565867977
2024-02-24 23:30:00+00:00,5364.048788279087
2024-02-26 10:00:00+00:00,5350.5124154574
2024-02-26 12:45:00+00:00,5337.087288318706
2024-02-26 14:45:00+00:00,5323.619551230258
2024-02-26 15:30:00+00:00,5310.105020757092
2024-02-26 20:00:00+00:00,5346.881617490763
2024-02-27 01:45:00+00:00,5383.681607659683
2024-02-27 02:00:00+00:00,5420.690032329212
2024-02-27 03:45:00+00:00,5407.673498504281
2024-02-27 07:00:00+00:00,5381.604456351929
2024-02-27 09:15:00+00:00,5418.612274547135
2024-02-27 10:00:00+00:00,5420.692263211712
2024-02-27 11:30:00+00:00,5407.8292806340305
2024-02-27 15:45:00+00:00,5394.837732319735
2024-02-27 19:15:00+00:00,5419.0844444069735
2024-02-27 20:15:00+00:00,5406.205672219072
2024-02-27 21:00:00+00:00,5393.462406510047
2024-02-28 00:30:00+00:00,5380.147147227032
2024-02-28 01:15:00+00:00,5381.151158588035
2024-02-28 02:15:00+00:00,5369.133211307893
2024-02-28 04:00:00+00:00,5370.891779887574
2024-02-28 05:30:00+00:00,5357.086635573686
2024-02-28 07:30:00+00:00,5343.750231154917
2024-02-28 07:45:00+00:00,5329.741246975288
2024-02-28 09:00:00+00:00,5316.643750972321
2024-02-28 09:15:00+00:00,5318.326049372893
2024-02-28 11:30:00+00:00,5320.295730101776
2024-02-28 13:15:00+00:00,5307.298863567626
2024-02-28 14:15:00+00:00,5294.415172296548
2024-02-28 16:15:00+00:00,5281.381492330637
2024-02-28 17:00:00+00:00,5318.430557084841
2024-02-28 17:15:00+00:00,5305.651409306309
2024-02-28 19:00:00+00:00,5310.023190333146
2024-02-28 21:30:00+00:00,5312.357152871233
2024-02-29 00:00:00+00:00,5299.632124072916
2024-02-29 05:30:00+00:00,5330.721652194989
2024-02-29 05:45:00+00:00,5317.838292777195
2024-02-29 06:00:00+00:00,5319.880746488583
2024-02-29 08:00:00+00:00,5307.2498583512015
2024-02-29 08:30:00+00:00,5344.481474847613
2024-02-29 09:45:00+00:00,5331.750670912047
2024-02-29 13:30:00+00:00,5318.930548807359
2024-02-29 15:15:00+00:00,5321.130456079912
2024-02-29 16:15:00+00:00,5323.384747435045
2024-02-29 17:45:00+00:00,5349.37252314296
2024-02-29 20:15:00+00:00,5351.5510425002285
2024-02-29 21:30:00+00:00,5338.827033869545
2024-03-01 00:00:00+00:00,5378.1320152460985
2024-03-01 00:15:00+00:00,5382.474362268782
2024-03-01 01:00:00+00:00,5369.667829733477
2024-03-01 05:15:00+00:00,5356.832603676065
2024-03-01 07:00:00+00:00,5350.31541048822
2024-03-01 07:15:00+00:00,5341.973115341958
2024-03-01 08:15:00+00:00,5328.708084359682
2024-03-01 08:30:00+00:00,5330.399030282915
2024-03-01 12:30:00+00:00,5319.5110218693135
2024-03-01 14:30:00+00:00,5321.739307397176
2024-03-01 17:00:00+00:00,5323.707155155523
2024-03-01 18:30:00+00:00,5325.3629534786205
2024-03-01 20:00:00+00:00,5327.417628705265
2024-03-01 22:00:00+00:00,5314.409191529712
2024-03-01 22:30:00+00:00,5301.389556912431
2024-03-02 00:15:00+00:00,5288.397419908893
2024-03-02 01:45:00+00:00,5290.386330761465
2024-03-02 06:15:00+00:00,5292.47569525614
2024-03-02 08:45:00+00:00,5294.512070646093
2024-03-02 12:15:00+00:00,5281.641073449522
2024-03-02 14:45:00+00:00,5285.6924926656875
2024-03-02 18:15:00+00:00,5272.990645665406
2024-03-02 19:00:00+00:00,5260.0875259154545
2024-03-02 21:30:00+00:00,5260.108066272013
2024-03-02 22:15:00+00:00,5247.046837362166
2024-03-02 23:30:00+00:00,5234.099876932118
2024-03-03 02:45:00+00:00,5236.16625489703
2024-03-03 04:00:00+00:00,5223.421009774793
2024-03-03 07:15:00+00:00,5260.522091412412
2024-03-03 07:45:00+00:00,5322.022796653886
2024-03-03 09:00:00+00:00,5309.258427372326
2024-03-03 10:15:00+00:00,5296.602695820578
2024-03-03 12:00:00+00:00,5283.83300046937
2024-03-03 12:15:00+00:00,5271.034419529705
2024-03-03 16:30:00+00:00,5258.107930234872
2024-03-03 19:45:00+00:00,5259.790743067914
2024-03-03 22:00:00+00:00,5246.798133066088
2024-03-04 00:15:00+00:00,5233.642355420722
2024-03-04 02:00:00+00:00,5207.744387792157
2024-03-04 02:30:00+00:00,5194.797569012075
2024-03-04 08:00:00+00:00,5196.850479835754
2024-03-04 17:30:00+00:00,5183.934018511451
2024-03-04 18:45:00+00:00,5171.064346461893
2024-03-04 23:00:00+00:00,5158.223254651727
2024-03-05 03:45:00+00:00,5160.233352703177
2024-03-05 05:15:00+00:00,5162.620537275854
2024-03-05 06:30:00+00:00,5137.06865466761
2024-03-05 09:45:00+00:00,5124.304398576525
2024-03-05 11:30:00+00:00,5111.481273223388
2024-03-05 12:00:00+00:00,5108.120925876465
2024-03-05 17:00:00+00:00,5145.3450018288495
2024-03-05 17:45:00+00:00,5184.839293564213
2024-03-05 19:45:00+00:00,5224.504040845428
2024-03-05 21:00:00+00:00,5338.801009787599
2024-03-05 21:15:00+00:00,5326.147778148492
2024-03-05 23:30:00+00:00,5313.548426082298
2024-03-06 02:30:00+00:00,5312.690489763632
2024-03-06 04:30:00+00:00,5299.841880667924
2024-03-06 04:45:00+00:00,5287.646507192204
2024-03-06 05:00:00+00:00,5274.733925142926
2024-03-06 07:45:00+00:00,5261.857654602353
2024-03-06 09:45:00+00:00,5248.998262711497
2024-03-06 12:30:00+00:00,5236.176498581068
2024-03-06 20:00:00+00:00,5240.751328963729
2024-03-07 01:00:00+00:00,5242.85411263624
2024-03-07 01:15:00+00:00,5279.959559769481
2024-03-07 02:45:00+00:00,5279.94957058791
2024-03-07 04:00:00+00:00,5266.8054387176035
2024-03-07 05:30:00+00:00,5240.797317655201
2024-03-07 07:30:00+00:00,5243.11035428161
2024-03-07 08:00:00+00:00,5280.016415602688
2024-03-07 08:45:00+00:00,5266.956512246464
2024-03-07 11:00:00+00:00,5253.854727710055
2024-03-07 13:45:00+00:00,5290.778802017028
2024-03-07 14:00:00+00:00,5277.691586136589
2024-03-07 14:15:00+00:00,5264.563370483045
2024-03-07 14:45:00+00:00,5266.805886886196
2024-03-07 17:00:00+00:00,5290.757408441163
2024-03-07 21:15:00+00:00,5327.790886360427
2024-03-07 21:30:00+00:00,5325.622445071254
2024-03-08 00:30:00+00:00,5327.610833245997
2024-03-08 02:45:00+00:00,5314.677105583192
2024-03-08 08:00:00+00:00,5301.620407414369
2024-03-08 13:15:00+00:00,5288.666763488898
2024-03-08 15:15:00+00:00,5290.493203688477
2024-03-08 15:30:00+00:00,5292.54135397229
2024-03-08 15:45:00+00:00,5279.728567999714
2024-03-08 16:15:00+00:00,5266.978764200136
2024-03-09 00:45:00+00:00,5253.940428114027
2024-03-09 21:00:00+00:00,5240.36462298046
2024-03-10 09:30:00+00:00,5277.031769415443
2024-03-10 11:30:00+00:00,5263.53117948254
2024-03-10 13:45:00+00:00,5250.0553478782485
2024-03-10 14:30:00+00:00,5236.636349474488
2024-03-10 16:15:00+00:00,5275.562735050238
2024-03-10 22:30:00+00:00,5312.005099901177
2024-03-10 23:00:00+00:00,5313.90446213243
2024-03-10 23:15:00+00:00,5300.878247628962
2024-03-11 00:00:00+00:00,5325.001065402616
2024-03-11 00:45:00+00:00,5362.166365373203
2024-03-11 02:45:00+00:00,5438.240842387489
2024-03-11 03:00:00+00:00,5425.324057577094
2024-03-11 05:00:00+00:00,5412.562109265875
2024-03-11 13:30:00+00:00,5414.518905211791
2024-03-11 15:45:00+00:00,5401.796463364344
2024-03-11 16:00:00+00:00,5389.016076858187
2024-03-11 16:30:00+00:00,5376.322728178147
2024-03-11 20:45:00+00:00,5376.414811653013
2024-03-11 23:15:00+00:00,5378.362447230918
2024-03-12 00:45:00+00:00,5365.044998912338
2024-03-12 08:00:00+00:00,5389.2887577696365
2024-03-12 09:00:00+00:00,5376.381051754949
2024-03-12 09:15:00+00:00,5363.441681624768
2024-03-12 11:15:00+00:00,5337.63139149043
2024-03-12 12:30:00+00:00,5339.604137072591
2024-03-12 12:45:00+00:00,5336.91330305941
2024-03-12 14:00:00+00:00,5323.966089394179
2024-03-12 16:30:00+00:00,5326.122846288662
2024-03-12 17:15:00+00:00,5313.462696556725
2024-03-12 17:30:00+00:00,5389.931840975706
2024-03-12 19:15:00+00:00,5377.168590312743
2024-03-12 19:45:00+00:00,5364.489796142654
2024-03-12 22:30:00+00:00,5366.8600475717585
2024-03-13 01:30:00+00:00,5353.804418752315
2024-03-13 14:00:00+00:00,5355.751788302311
2024-03-13 15:15:00+00:00,5359.718457901111
2024-03-13 16:15:00+00:00,5346.852066110985
2024-03-13 18:00:00+00:00,5333.968074893217
2024-03-13 18:30:00+00:00,5320.936202725561
2024-03-13 23:00:00+00:00,5307.786931471412
2024-03-13 23:15:00+00:00,5298.902305866144
2024-03-14 02:15:00+00:00,5272.506163188428
2024-03-14 05:15:00+00:00,5274.351684574125
2024-03-14 06:15:00+00:00,5261.062075264649
2024-03-14 08:15:00+00:00,5247.91902588666
2024-03-14 09:00:00+00:00,5234.8202746536
2024-03-14 13:30:00+00:00,5271.495147684075
2024-03-14 14:15:00+00:00,5258.445222390531
2024-03-14 15:45:00+00:00,5247.702821877243
2024-03-14 16:45:00+00:00,5248.494379384497
2024-03-14 19:30:00+00:00,5287.59390664499
2024-03-14 20:00:00+00:00,5312.024334532134
2024-03-14 20:15:00+00:00,5275.947893372905
2024-03-15 00:15:00+00:00,5263.105675304035
2024-03-15 00:30:00+00:00,5237.51481794967
2024-03-15 02:30:00+00:00,5274.530192237443
2024-03-15 02:45:00+00:00,5348.679400247894
2024-03-15 03:30:00+00:00,5350.79007149777
2024-03-15 03:45:00+00:00,5355.113108331601
2024-03-15 06:15:00+00:00,5357.363917704128
2024-03-15 07:45:00+00:00,5344.6927269062735
2024-03-15 09:00:00+00:00,5381.952429830182
2024-03-15 10:00:00+00:00,5406.527890543559
2024-03-15 10:15:00+00:00,5393.871328220158
2024-03-15 12:15:00+00:00,5396.085415889183
2024-03-15 15:00:00+00:00,5383.364453705868
2024-03-15 16:15:00+00:00,5384.619339787013
2024-03-15 18:30:00+00:00,5371.709561890922
2024-03-15 18:45:00+00:00,5358.893921527446
2024-03-15 22:30:00+00:00,5346.0624563265965
2024-03-15 23:15:00+00:00,5333.219967971713
2024-03-16 06:30:00+00:00,5320.464227512649
2024-03-16 11:00:00+00:00,5322.692213016985
2024-03-16 18:15:00+00:00,5324.95287223694
2024-03-17 00:00:00+00:00,5327.062729724083
2024-03-17 02:15:00+00:00,5329.09852680546
2024-03-17 08:15:00+00:00,5316.244919979046
2024-03-17 08:30:00+00:00,5318.286957180528
2024-03-17 11:00:00+00:00,5305.441777190724
2024-03-18 02:45:00+00:00,5307.53318149848
2024-03-18 06:00:00+00:00,5294.661082004054
2024-03-18 17:00:00+00:00,5331.762070922284
2024-03-18 17:30:00+00:00,5318.948034495922
2024-03-18 23:15:00+00:00,5306.148127249859
2024-03-18 23:30:00+00:00,5343.287550352665
2024-03-19 00:30:00+00:00,5330.5408201607725
2024-03-19 03:45:00+00:00,5332.693157118565
2024-03-19 08:45:00+00:00,5369.897844350452
2024-03-19 14:15:00+00:00,5357.143924067785
2024-03-19 15:45:00+00:00,5344.291931911014
2024-03-19 20:45:00+00:00,5331.536971136201
2024-03-19 22:15:00+00:00,5333.722405884892
2024-03-20 00:15:00+00:00,5336.010747302129
2024-03-20 07:15:00+00:00,5323.328418514419
2024-03-20 07:30:00+00:00,5325.63095150227
2024-03-20 13:30:00+00:00,5327.864509060666
2024-03-20 14:15:00+00:00,5329.959675726302
2024-03-20 15:30:00+00:00,5317.107470670561
2024-03-20 17:15:00+00:00,5304.380892513478
2024-03-20 20:45:00+00:00,5306.6889352321
2024-03-21 00:00:00+00:00,5293.819245102093
2024-03-21 03:45:00+00:00,5280.886816257091
2024-03-21 05:00:00+00:00,5268.054206976125
2024-03-21 08:45:00+00:00,5307.438368456086
2024-03-21 09:30:00+00:00,5296.6567536583
2024-03-21 15:00:00+00:00,5283.673581577893
2024-03-21 15:15:00+00:00,5322.914761638202
2024-03-21 17:15:00+00:00,5324.959329323856
2024-03-21 18:30:00+00:00,5316.4389084031545
2024-03-21 20:00:00+00:00,5318.68130536482
2024-03-21 21:30:00+00:00,5305.8872554491845
2024-03-22 00:30:00+00:00,5293.1462292392125
2024-03-22 01:30:00+00:00,5280.37338693695
2024-03-22 15:00:00+00:00,5282.506058342898
2024-03-22 17:30:00+00:00,5284.70906732124
2024-03-22 23:00:00+00:00,5286.883981239801
2024-03-22 23:45:00+00:00,5273.890440352045
2024-03-23 19:15:00+00:00,5261.137595713266
2024-03-25 15:15:00+00:00,5263.065959737495
2024-03-25 21:15:00+00:00,5265.03424433199
2024-03-26 12:45:00+00:00,5266.918600265268
2024-03-26 13:30:00+00:00,5255.845725567337
2024-03-26 22:45:00+00:00,5256.5156121351565
2024-03-27 06:30:00+00:00,5258.134594095736
2024-03-27 08:45:00+00:00,5294.910187575215
2024-03-27 09:30:00+00:00,5281.870202999221
2024-03-27 09:45:00+00:00,5268.622204255028
2024-03-27 11:45:00+00:00,5242.347884807956
2024-03-27 13:00:00+00:00,5231.150039094255
2024-03-27 14:15:00+00:00,5233.2886702072865
2024-03-27 14:30:00+00:00,5207.489359579578
2024-03-27 17:00:00+00:00,5209.529031937264
2024-03-27 19:00:00+00:00,5213.900808447412
2024-03-27 20:00:00+00:00,5215.866776284716
2024-03-27 20:45:00+00:00,5202.946072543328
2024-03-28 04:30:00+00:00,5189.8195177292055
2024-03-28 05:15:00+00:00,5193.696713835564
2024-03-28 06:15:00+00:00,5180.545717781987
2024-03-28 06:45:00+00:00,5167.528466626527
2024-03-28 07:45:00+00:00,5128.02156642329
2024-03-28 08:00:00+00:00,5114.811458551568
2024-03-28 08:45:00+00:00,5101.611659631659
2024-03-28 11:00:00+00:00,5103.862087501826
2024-03-28 12:00:00+00:00,5105.674266373159
2024-03-28 13:00:00+00:00,5092.978196256039
2024-03-28 13:15:00+00:00,5096.603169939573
2024-03-28 14:45:00+00:00,5083.546419338287
2024-03-28 20:00:00+00:00,5085.812823381446
2024-03-29 03:00:00+00:00,5072.586084017169
2024-03-29 04:15:00+00:00,5059.40166564106
2024-03-29 08:00:00+00:00,5061.091029040781
2024-03-29 10:00:00+00:00,5047.833551344751
2024-03-29 15:15:00+00:00,5049.7503483217315
2024-03-29 22:15:00+00:00,5036.626684684019
2024-03-29 22:30:00+00:00,5023.4083335742735
2024-03-30 09:15:00+00:00,5010.569759479821
2024-03-30 16:15:00+00:00,5047.702421611025
2024-03-30 16:45:00+00:00,5034.861971081723
2024-03-30 18:15:00+00:00,5022.052769630351
2024-03-30 19:45:00+00:00,5008.727500155424
2024-03-31 01:00:00+00:00,5000.800970674352
2024-03-31 18:30:00+00:00,4986.945765914276
2024-03-31 20:00:00+00:00,4973.226967208582
2024-04-01 02:30:00+00:00,4960.053202295325
2024-04-01 05:30:00+00:00,4996.424650881079
2024-04-01 05:45:00+00:00,5033.302124732272
2024-04-01 06:15:00+00:00,5057.441910416357
2024-04-01 11:00:00+00:00,5044.690950218276
2024-04-01 12:45:00+00:00,5040.733379338973
2024-04-01 13:45:00+00:00,5040.082577187027
2024-04-01 14:30:00+00:00,5027.138718583428
2024-04-01 15:00:00+00:00,5064.160163379687
2024-04-01 15:15:00+00:00,5051.1272192183915
2024-04-01 16:15:00+00:00,5052.956570188522
2024-04-01 17:45:00+00:00,5040.205457362255
2024-04-01 19:30:00+00:00,5027.304077248497
2024-04-01 19:45:00+00:00,5014.087784487664
2024-04-01 20:45:00+00:00,5001.094578655555
2024-04-02 02:30:00+00:00,5038.230396668376
2024-04-02 03:00:00+00:00,5099.127879189505
2024-04-02 04:30:00+00:00,5101.402403349328
2024-04-02 06:00:00+00:00,5103.562317960102
2024-04-02 09:15:00+00:00,5105.609024667222
2024-04-02 11:00:00+00:00,5107.5135316581645
2024-04-02 11:15:00+00:00,5144.643337514615
2024-04-02 12:15:00+00:00,5131.605260225564
2024-04-02 14:00:00+00:00,5133.529843901222
2024-04-02 14:30:00+00:00,5122.975591560188
2024-04-02 15:45:00+00:00,5110.109135986012
2024-04-02 16:45:00+00:00,5112.078310321638
2024-04-02 17:00:00+00:00,5099.271223128468
2024-04-02 20:00:00+00:00,5086.362416164515
2024-04-02 23:30:00+00:00,5084.114614494571
2024-04-03 00:00:00+00:00,5071.094670137558
2024-04-03 00:30:00+00:00,5058.138404048616
2024-04-03 00:45:00+00:00,5060.372905815809
2024-04-03 01:30:00+00:00,5047.645251796989
2024-04-03 08:00:00+00:00,5034.554243067936
2024-04-03 10:30:00+00:00,5036.614900306746
2024-04-03 11:00:00+00:00,5012.330584621443
2024-04-03 12:30:00+00:00,4999.254209881409
2024-04-03 15:00:00+00:00,4986.25382432873
2024-04-03 15:15:00+00:00,4988.158501155259
2024-04-04 13:15:00+00:00,4975.233974182722
2024-04-04 14:00:00+00:00,4961.99219865406
2024-04-04 17:45:00+00:00,4998.426477218376
2024-04-04 18:30:00+00:00,5022.236203656009
2024-04-04 18:45:00+00:00,5008.757376702285
2024-04-04 20:00:00+00:00,4995.580589253225
2024-04-04 22:45:00+00:00,4956.408439795232
2024-04-05 01:30:00+00:00,4958.368719662501
2024-04-05 02:30:00+00:00,4945.15270381071
2024-04-05 05:15:00+00:00,4931.961832706855
2024-04-05 13:15:00+00:00,4934.098099910498
2024-04-05 22:00:00+00:00,4933.899583421944
2024-04-06 00:00:00+00:00,4920.573559371014
2024-04-06 07:15:00+00:00,4907.129782685013
2024-04-07 09:30:00+00:00,4893.296107162969
2024-04-07 10:30:00+00:00,4894.808012878938
2024-04-07 12:45:00+00:00,4880.998112300829
2024-04-07 17:30:00+00:00,4867.611419281158
2024-04-08 00:30:00+00:00,4854.279197488957
2024-04-08 05:00:00+00:00,4840.649771821981
2024-04-08 05:15:00+00:00,4827.1727255493115
2024-04-08 07:30:00+00:00,4813.583757543034
2024-04-08 08:00:00+00:00,4800.188714010043
2024-04-08 08:30:00+00:00,4786.985734621493
2024-04-08 09:15:00+00:00,4773.739317922445
2024-04-08 12:00:00+00:00,4797.498381154345
2024-04-08 13:15:00+00:00,4799.401515700735
2024-04-08 13:30:00+00:00,4786.300950111011
2024-04-08 14:30:00+00:00,4773.110078973373
2024-04-08 17:00:00+00:00,4759.967347561978
2024-04-08 18:00:00+00:00,4746.811359804254
2024-04-08 18:45:00+00:00,4748.622326894015
2024-04-08 21:15:00+00:00,4748.7839591378015
2024-04-09 01:15:00+00:00,4735.332680681859
2024-04-09 02:15:00+00:00,4737.083975486719
2024-04-09 03:45:00+00:00,4773.886024166659
2024-04-09 05:15:00+00:00,4760.675625119707
2024-04-09 07:15:00+00:00,4798.88141643095
2024-04-09 08:00:00+00:00,4835.655257810431
2024-04-09 08:30:00+00:00,4874.568998291324
2024-04-09 08:45:00+00:00,4861.512622155884
2024-04-09 09:00:00+00:00,4848.482854215075
2024-04-09 14:30:00+00:00,4885.448283992001
2024-04-09 14:45:00+00:00,4959.530740718404
2024-04-09 15:30:00+00:00,4961.543510225118
2024-04-09 16:00:00+00:00,4948.659623829093
2024-04-09 16:30:00+00:00,4935.7043614258
2024-04-09 19:15:00+00:00,4937.636384831505
2024-04-09 23:45:00+00:00,4939.662148302387
2024-04-10 00:45:00+00:00,4926.454348002603
2024-04-10 02:00:00+00:00,4919.039693790543
2024-04-10 02:45:00+00:00,4956.190239845897
2024-04-10 03:15:00+00:00,4957.886983887974
2024-04-10 03:45:00+00:00,4959.894119270123
2024-04-10 04:00:00+00:00,4947.056749671507
2024-04-10 04:45:00+00:00,4934.064337894461
2024-04-10 12:30:00+00:00,4971.069844464698
2024-04-10 13:45:00+00:00,5032.234716527268
2024-04-10 14:30:00+00:00,5019.288135328139
2024-04-10 16:45:00+00:00,4980.469814859569
2024-04-10 20:00:00+00:00,4982.486026471831
2024-04-11 02:45:00+00:00,5019.429766438814
2024-04-11 04:30:00+00:00,5006.225597741672
2024-04-11 06:15:00+00:00,4992.961732086108
2024-04-11 08:00:00+00:00,4979.611875906675
2024-04-11 16:30:00+00:00,4966.730300340718
2024-04-11 23:15:00+00:00,4958.29715681048
2024-04-12 13:00:00+00:00,4994.894922050711
2024-04-12 14:00:00+00:00,4981.842212924381
2024-04-12 16:15:00+00:00,5018.469110290239
2024-04-12 17:15:00+00:00,5055.239266815028
2024-04-12 18:30:00+00:00,5129.2058321424465
2024-04-12 18:45:00+00:00,5153.833885348658
2024-04-13 01:15:00+00:00,5152.747680717375
2024-04-13 01:45:00+00:00,5154.1080003257175
2024-04-13 03:45:00+00:00,5140.9935005303505
2024-04-13 04:30:00+00:00,5127.786464905628
2024-04-13 08:00:00+00:00,5114.927227492371
2024-04-13 11:15:00+00:00,5115.348947695939
2024-04-13 16:45:00+00:00,5117.739815353612
2024-04-13 20:00:00+00:00,5154.990162882994
2024-04-13 20:15:00+00:00,5142.400216343122
2024-04-14 09:30:00+00:00,5179.808339203325
2024-04-14 11:15:00+00:00,5166.903448246081
2024-04-14 17:15:00+00:00,5153.992242508936
2024-04-14 22:00:00+00:00,5191.391368763181
2024-04-14 23:15:00+00:00,5228.7926768891
2024-04-15 06:15:00+00:00,5265.95133016602
2024-04-15 11:30:00+00:00,5252.801339435258
2024-04-15 13:30:00+00:00,5239.706560064628
2024-04-16 06:00:00+00:00,5241.694117814708
2024-04-16 11:45:00+00:00,5228.748134351521
2024-04-17 14:30:00+00:00,5215.848824830176
2024-04-17 14:45:00+00:00,5217.818785032977
2024-04-17 16:00:00+00:00,5206.807030330017
2024-04-17 17:15:00+00:00,5211.181545442459
2024-04-17 18:00:00+00:00,5185.592381742197
2024-04-17 21:15:00+00:00,5175.052879808914
2024-04-18 00:45:00+00:00,5177.195824532482
2024-04-18 01:00:00+00:00,5178.610027392832
2024-04-18 06:00:00+00:00,5165.610761051678
2024-04-18 09:00:00+00:00,5152.683013642245
2024-04-18 11:00:00+00:00,5141.9132943828
2024-04-18 12:30:00+00:00,5129.133963838968
2024-04-18 17:15:00+00:00,5116.383471544107
2024-04-18 17:30:00+00:00,5103.420881484671
2024-04-18 18:00:00+00:00,5090.678198024564
2024-04-19 00:15:00+00:00,5092.636192052379
2024-04-19 01:00:00+00:00,5094.647947630746
2024-04-19 02:45:00+00:00,5096.7855595483215
2024-04-19 03:00:00+00:00,5100.968986987845
2024-04-19 13:15:00+00:00,5090.32944920212
2024-04-19 13:30:00+00:00,5090.783432851696
2024-04-19 14:15:00+00:00,5077.807742592456
2024-04-19 22:30:00+00:00,5075.121017448961
2024-04-19 23:45:00+00:00,5077.117295877658
2024-04-20 00:15:00+00:00,5064.134468037931
2024-04-20 01:30:00+00:00,5051.255584652948
2024-04-20 01:45:00+00:00,5038.311704095867
2024-04-20 02:00:00+00:00,5075.499411188639
2024-04-20 13:30:00+00:00,5077.508837369471
2024-04-20 15:30:00+00:00,5051.4844108205425
2024-04-20 17:15:00+00:00,5038.534972417888
2024-04-21 15:15:00+00:00,5040.461194921707
2024-04-21 16:30:00+00:00,5077.283768347083
2024-04-21 17:30:00+00:00,5064.320825780642
2024-04-21 19:30:00+00:00,5051.310233565214
2024-04-21 20:15:00+00:00,5053.244298410896
2024-04-21 20:45:00+00:00,5040.143119691286
2024-04-21 23:00:00+00:00,5027.050060294591
2024-04-22 03:15:00+00:00,5063.69908714453
2024-04-22 03:45:00+00:00,5050.646028678374
2024-04-22 07:00:00+00:00,5037.778995736759
2024-04-22 11:00:00+00:00,5024.874913519868
2024-04-22 12:45:00+00:00,5026.838977559726
2024-04-22 15:30:00+00:00,5028.726469407946
2024-04-22 19:15:00+00:00,5015.433727419997
2024-04-22 20:45:00+00:00,5002.339879887335
2024-04-22 22:15:00+00:00,4989.121201286377
2024-04-23 00:30:00+00:00,4990.827344410291
2024-04-23 02:45:00+00:00,4992.419297346398
2024-04-23 03:45:00+00:00,4994.1224028042525
2024-04-23 08:45:00+00:00,4995.995014726642
2024-04-23 13:30:00+00:00,4997.881723895783
2024-04-23 14:00:00+00:00,4984.6838272031855
2024-04-23 22:00:00+00:00,4955.7572884423425
2024-04-24 04:30:00+00:00,4942.573018523194
2024-04-24 05:00:00+00:00,4944.583794769742
2024-04-24 13:00:00+00:00,4946.200366177856
2024-04-24 13:30:00+00:00,5020.120668306424
2024-04-24 14:15:00+00:00,5056.89479494815
2024-04-24 14:30:00+00:00,5093.911986694503
2024-04-24 16:45:00+00:00,5132.6481418598
2024-04-24 17:00:00+00:00,5119.613509189091
2024-04-24 17:30:00+00:00,5108.85149589665
2024-04-24 19:15:00+00:00,5110.987346237605
2024-04-25 01:45:00+00:00,5102.740520769856
2024-04-25 04:00:00+00:00,5139.731680632898
2024-04-25 04:30:00+00:00,5141.537098830139
2024-04-25 09:00:00+00:00,5143.302747935298
2024-04-25 10:00:00+00:00,5130.115031244498
2024-04-25 10:15:00+00:00,5166.985105353088
2024-04-25 13:15:00+00:00,5153.8400371733305
2024-04-25 15:30:00+00:00,5155.928794518579
2024-04-26 00:45:00+00:00,5146.393378726115
2024-04-26 08:45:00+00:00,5148.333008583248
2024-04-26 10:15:00+00:00,5135.311605695646
2024-04-26 13:00:00+00:00,5122.247700980578
2024-04-26 14:00:00+00:00,5108.8459572453685
2024-04-26 15:00:00+00:00,5095.953765385895
2024-04-26 17:30:00+00:00,5084.781462461806
2024-04-26 21:45:00+00:00,5081.986660514933
2024-04-26 22:15:00+00:00,5084.068634694149
2024-04-27 00:30:00+00:00,5120.779942972859
2024-04-27 02:15:00+00:00,5107.598452466725
2024-04-27 04:30:00+00:00,5094.435795865087
2024-04-27 12:15:00+00:00,5094.521193317636
2024-04-27 13:45:00+00:00,5081.15693539041
2024-04-27 17:30:00+00:00,5117.607079418639
2024-04-27 18:15:00+00:00,5106.144367729619
2024-04-27 20:15:00+00:00,5093.09805056539
2024-04-28 02:45:00+00:00,5129.925560279298
2024-04-28 04:30:00+00:00,5116.848316816274
2024-04-28 06:15:00+00:00,5105.466677539233
2024-04-28 07:15:00+00:00,5107.1628921676665
2024-04-28 08:30:00+00:00,5093.981367652821
2024-04-28 10:00:00+00:00,5068.920107131834
2024-04-28 10:15:00+00:00,5042.4250216096
2024-04-28 11:15:00+00:00,5029.022365693008
2024-04-28 14:15:00+00:00,5004.1855708228595
2024-04-28 22:00:00+00:00,4990.781737438734
2024-04-29 09:45:00+00:00,4977.383911649767
2024-04-29 10:00:00+00:00,4964.2399860245205
2024-04-29 12:30:00+00:00,4965.996203950959
2024-04-29 12:45:00+00:00,4967.413890265663
2024-04-29 13:00:00+00:00,4969.415595383863
2024-04-29 14:15:00+00:00,4970.827917421582
2024-04-29 16:30:00+00:00,4959.841240413445
2024-04-29 20:00:00+00:00,4946.826539612667
2024-04-29 21:15:00+00:00,4933.945241259911
2024-04-30 01:30:00+00:00,4935.499211609185
2024-04-30 02:00:00+00:00,4922.2596987367415
2024-04-30 09:00:00+00:00,4924.219624951289
2024-04-30 09:30:00+00:00,4961.027077055454
2024-04-30 11:30:00+00:00,4998.058078905249
2024-04-30 12:00:00+00:00,5034.737216784623
2024-04-30 12:15:00+00:00,5036.739566094113
2024-04-30 14:30:00+00:00,5038.573226583307
2024-04-30 16:00:00+00:00,5075.656766357215
2024-04-30 16:30:00+00:00,5077.703387874007
2024-04-30 19:15:00+00:00,5114.59142509958
2024-04-30 20:00:00+00:00,5116.546458009781
2024-04-30 20:45:00+00:00,5092.958206032877
2024-04-30 21:30:00+00:00,5080.0032390415545
2024-04-30 22:15:00+00:00,5066.969685996442
2024-05-01 02:45:00+00:00,5067.20164418555
2024-05-01 04:00:00+00:00,5069.250678164883
2024-05-01 07:00:00+00:00,5106.226531835745
2024-05-01 07:30:00+00:00,5108.122582544483
2024-05-01 09:00:00+00:00,5110.2101829473395
2024-05-01 10:15:00+00:00,5099.439411181753
2024-05-01 12:00:00+00:00,5086.567309086806
2024-05-01 16:00:00+00:00,5060.779136461167
2024-05-01 17:45:00+00:00,5062.787339381477
2024-05-01 19:15:00+00:00,5050.059010827937
2024-05-01 19:30:00+00:00,5024.4682458993
2024-05-02 01:15:00+00:00,5026.755462410751
2024-05-02 01:30:00+00:00,5019.3676892926715
2024-05-02 06:30:00+00:00,5021.384273504635
2024-05-02 11:00:00+00:00,5058.380656490464
2024-05-02 11:15:00+00:00,5095.584787810561
2024-05-02 13:00:00+00:00,5119.4783732680935
2024-05-02 13:30:00+00:00,5106.561885038213
2024-05-02 13:45:00+00:00,5080.524447642044
2024-05-02 20:30:00+00:00,5082.689864833741
2024-05-02 21:00:00+00:00,5119.538383085128
2024-05-03 01:00:00+00:00,5121.436573268855
2024-05-03 01:30:00+00:00,5158.550261573386
2024-05-03 03:30:00+00:00,5145.420409819073
2024-05-03 09:30:00+00:00,5132.243991513924
2024-05-03 12:30:00+00:00,5133.97469128409
2024-05-03 14:15:00+00:00,5135.8595780871865
2024-05-03 14:30:00+00:00,5122.840300138655
2024-05-03 20:15:00+00:00,5159.737620783443
2024-05-04 00:30:00+00:00,5233.891945562512
2024-05-04 04:00:00+00:00,5235.697244771045
2024-05-04 10:45:00+00:00,5272.603296328928
2024-05-04 11:45:00+00:00,5296.273383247819
2024-05-04 12:30:00+00:00,5270.267925482745
2024-05-04 13:00:00+00:00,5307.521354750552
2024-05-04 13:15:00+00:00,5294.1388543787325
2024-05-04 14:45:00+00:00,5295.938082380525
2024-05-04 17:15:00+00:00,5282.630892000016
2024-05-05 07:15:00+00:00,5256.759396471268
2024-05-05 08:45:00+00:00,5243.353432568103
2024-05-05 13:15:00+00:00,5230.218500386233
2024-05-05 13:45:00+00:00,5217.120088215596
2024-05-05 14:45:00+00:00,5203.767418950066
2024-05-05 16:00:00+00:00,5190.709426193703
2024-05-05 16:15:00+00:00,5177.4307439793365
2024-05-05 23:30:00+00:00,5179.10240828156
2024-05-06 08:00:00+00:00,5215.302549006369
2024-05-06 08:45:00+00:00,5201.6206272909685
2024-05-06 09:30:00+00:00,5188.08122140262
2024-05-06 10:15:00+00:00,5174.536865536323
2024-05-06 10:30:00+00:00,5161.570487083386
2024-05-06 12:45:00+00:00,5148.676354826579
2024-05-06 13:30:00+00:00,5150.547382099559
2024-05-06 14:00:00+00:00,5137.735943483059
2024-05-06 14:30:00+00:00,5139.900130461018
2024-05-06 14:45:00+00:00,5177.053612029449
2024-05-06 15:15:00+00:00,5179.065794428534
2024-05-06 15:45:00+00:00,5165.937588285861
2024-05-07 00:15:00+00:00,5166.437160164977
2024-05-07 01:30:00+00:00,5153.0195472613495
2024-05-07 03:15:00+00:00,5189.918189807691
2024-05-07 05:30:00+00:00,5176.745715691749
2024-05-07 07:15:00+00:00,5178.386029089548
2024-05-07 08:15:00+00:00,5180.556263382614
2024-05-07 12:15:00+00:00,5182.670233544169
2024-05-07 13:45:00+00:00,5219.667531956655
2024-05-07 14:45:00+00:00,5221.463794629876
2024-05-07 22:00:00+00:00,5258.285356180714
2024-05-07 22:30:00+00:00,5259.890257871133
2024-05-08 01:15:00+00:00,5261.536645871572
2024-05-08 03:30:00+00:00,5263.208243878021
2024-05-08 06:15:00+00:00,5300.066800026295
2024-05-08 13:00:00+00:00,5336.584059988171
2024-05-08 13:45:00+00:00,5336.059017183948
2024-05-08 14:30:00+00:00,5310.0441033974375
2024-05-08 14:45:00+00:00,5297.091145236218
2024-05-08 15:15:00+00:00,5299.161325261392
2024-05-08 15:45:00+00:00,5300.932467100735
2024-05-08 18:15:00+00:00,5287.7663867119245
2024-05-08 20:00:00+00:00,5311.93594291747
2024-05-08 21:00:00+00:00,5299.111357013473
2024-05-08 21:15:00+00:00,5286.022226699084
2024-05-08 22:00:00+00:00,5322.729508948913
2024-05-08 22:45:00+00:00,5309.867252397827
2024-05-09 01:00:00+00:00,5296.95872272987
2024-05-09 03:00:00+00:00,5283.745492296822
2024-05-09 04:00:00+00:00,5274.296907808315
2024-05-09 08:30:00+00:00,5276.093867889525
2024-05-09 09:15:00+00:00,5262.888048475644
2024-05-09 10:15:00+00:00,5249.774884876413
2024-05-09 11:00:00+00:00,5286.174440746837
2024-05-09 13:15:00+00:00,5287.999415828641
2024-05-09 13:30:00+00:00,5289.964194124648
2024-05-09 15:15:00+00:00,5326.839927523655
2024-05-09 22:30:00+00:00,5363.780491438073
2024-05-09 23:00:00+00:00,5350.642107884586
2024-05-10 00:15:00+00:00,5352.594045946201
2024-05-10 04:30:00+00:00,5389.227060577014
2024-05-10 05:00:00+00:00,5412.722159826512
2024-05-10 09:00:00+00:00,5414.748822476587
2024-05-10 09:15:00+00:00,5416.41345189434
2024-05-10 13:15:00+00:00,5403.3438641241955
2024-05-10 16:15:00+00:00,5398.138938878316
2024-05-10 18:45:00+00:00,5401.949820122657
2024-05-11 01:00:00+00:00,5390.769569365502
2024-05-11 01:30:00+00:00,5385.685622467118
2024-05-11 05:15:00+00:00,5387.273844440689
2024-05-11 08:15:00+00:00,5384.1678803559025
2024-05-12 16:45:00+00:00,5385.76956458574
2024-05-12 18:30:00+00:00,5372.4702343488225
2024-05-12 21:15:00+00:00,5359.0861959043505
2024-05-13 01:15:00+00:00,5345.56299270226
2024-05-13 02:15:00+00:00,5332.248096542438
2024-05-13 03:00:00+00:00,5319.165832894881
2024-05-13 05:45:00+00:00,5306.155400805178
2024-05-13 06:30:00+00:00,5293.203287774214
2024-05-13 10:00:00+00:00,5294.893115751271
2024-05-13 10:30:00+00:00,5281.736382365655
2024-05-13 12:00:00+00:00,5255.693426510093
2024-05-13 17:00:00+00:00,5257.427001068344
2024-05-13 17:15:00+00:00,5239.066921907433
2024-05-13 18:00:00+00:00,5225.809580339464
2024-05-13 18:15:00+00:00,5212.814995527681
2024-05-13 22:15:00+00:00,5214.54536917425
2024-05-13 22:30:00+00:00,5188.723302296275
2024-05-14 00:45:00+00:00,5190.019640736479
2024-05-14 02:00:00+00:00,5176.935126396414
2024-05-14 06:00:00+00:00,5215.006680234754
2024-05-14 06:30:00+00:00,5201.436371098411
2024-05-14 13:00:00+00:00,5237.918807507677
2024-05-14 14:00:00+00:00,5274.55854966111
2024-05-14 17:30:00+00:00,5261.472625584725
2024-05-15 06:00:00+00:00,5248.049654950481
2024-05-15 07:00:00+00:00,5234.655132765307
2024-05-15 07:45:00+00:00,5221.208165160652
2024-05-15 09:45:00+00:00,5207.837242064227
2024-05-15 10:45:00+00:00,5209.731709580817
2024-05-15 12:30:00+00:00,5211.636057048315
2024-05-15 14:00:00+00:00,5235.576850883907
2024-05-15 16:30:00+00:00,5237.618925978771
2024-05-15 23:30:00+00:00,5274.658225976739
2024-05-16 06:30:00+00:00,5261.345764184876
2024-05-16 09:45:00+00:00,5262.991312026184
2024-05-16 13:30:00+00:00,5264.760116639537
2024-05-16 17:15:00+00:00,5251.542554320668
2024-05-16 20:30:00+00:00,5238.764228269609
2024-05-16 21:45:00+00:00,5275.980901349441
2024-05-16 23:15:00+00:00,5277.965756948566
2024-05-17 03:00:00+00:00,5317.338270115093
2024-05-17 03:30:00+00:00,5304.149872880988
2024-05-17 10:30:00+00:00,5341.000807850108
2024-05-17 13:30:00+00:00,5327.952286181639
2024-05-17 16:45:00+00:00,5329.520606729073
2024-05-17 18:00:00+00:00,5316.103968246134
2024-05-17 20:15:00+00:00,5315.835740392222
2024-05-18 00:45:00+00:00,5314.376785281586
2024-05-18 14:15:00+00:00,5300.939107873707
2024-05-18 15:15:00+00:00,5287.601068821969
2024-05-18 18:15:00+00:00,5274.2272601756595
2024-05-19 03:00:00+00:00,5275.722036429266
2024-05-19 06:45:00+00:00,5311.927674081668
2024-05-19 07:30:00+00:00,5298.027605154491
2024-05-19 08:15:00+00:00,5335.276575385429
2024-05-19 10:30:00+00:00,5336.418267193977
2024-05-19 11:45:00+00:00,5322.933264341388
2024-05-19 12:30:00+00:00,5324.730123573861
2024-05-19 15:00:00+00:00,5360.784898690884
2024-05-19 16:45:00+00:00,5397.412848016015
2024-05-19 21:30:00+00:00,5433.824688932361
2024-05-20 00:30:00+00:00,5420.240770819245
2024-05-20 01:30:00+00:00,5456.979248956743
2024-05-20 01:45:00+00:00,5494.945559531322
2024-05-20 02:00:00+00:00,5481.258347543594
2024-05-20 02:15:00+00:00,5468.025032538905
2024-05-20 04:15:00+00:00,5454.797678185437
2024-05-20 04:30:00+00:00,5428.066620835003
2024-05-20 07:00:00+00:00,5429.501952227068
2024-05-20 07:15:00+00:00,5416.3686276533645
2024-05-20 07:30:00+00:00,5403.4289727495125
2024-05-20 08:00:00+00:00,5389.88306337062
2024-05-20 14:00:00+00:00,5376.893781673804
2024-05-20 15:00:00+00:00,5378.302249251404
2024-05-20 19:15:00+00:00,5365.351273747085
2024-05-20 20:00:00+00:00,5352.03191262223
2024-05-20 20:15:00+00:00,5339.049984480336
2024-05-20 21:00:00+00:00,5340.786324281524
2024-05-20 21:45:00+00:00,5377.963015548107
2024-05-20 22:30:00+00:00,5365.1522485789665
2024-05-20 23:15:00+00:00,5401.9275861739225
2024-05-21 00:30:00+00:00,5403.885320070945
2024-05-21 01:00:00+00:00,5405.750545891882
2024-05-21 01:15:00+00:00,5408.005610343074
2024-05-21 07:00:00+00:00,5445.002866905171
2024-05-21 07:45:00+00:00,5445.212515410209
2024-05-21 08:00:00+00:00,5440.101557879266
2024-05-21 08:30:00+00:00,5427.105641655332
2024-05-21 11:00:00+00:00,5463.964762619094
2024-05-21 12:30:00+00:00,5451.037225572844
2024-05-21 13:30:00+00:00,5490.086578410599
2024-05-21 13:45:00+00:00,5477.153583314021
2024-05-21 15:00:00+00:00,5479.391213979763
2024-05-21 15:45:00+00:00,5466.508420829309
2024-05-21 19:30:00+00:00,5461.716564483252
2024-05-21 20:15:00+00:00,5463.775203635194
2024-05-21 22:30:00+00:00,5465.419563446851
2024-05-21 22:45:00+00:00,5452.1409895526995
2024-05-22 00:15:00+00:00,5439.0916898939195
2024-05-22 03:00:00+00:00,5440.5036393969385
2024-05-22 06:00:00+00:00,5442.036658934699
2024-05-22 06:15:00+00:00,5443.9077466959025
2024-05-22 13:15:00+00:00,5430.83262222178
2024-05-22 14:15:00+00:00,5417.759070209675
2024-05-22 15:30:00+00:00,5404.789923173229
2024-05-22 17:15:00+00:00,5378.790910741074
2024-05-23 04:15:00+00:00,5378.352739161719
2024-05-23 12:00:00+00:00,5365.292569067251
2024-05-23 13:30:00+00:00,5352.176015170081
2024-05-23 13:45:00+00:00,5389.150075706389
2024-05-23 14:00:00+00:00,5413.5572444427635
2024-05-23 19:00:00+00:00,5415.782282685186
2024-05-23 20:00:00+00:00,5452.979537329611
2024-05-23 20:15:00+00:00,5492.005238975759
2024-05-23 21:00:00+00:00,5440.666090263815
2024-05-24 00:30:00+00:00,5427.868910112107
2024-05-24 03:45:00+00:00,5418.5643604673905
2024-05-24 06:30:00+00:00,5452.243098967789
2024-05-24 06:45:00+00:00,5488.7045382677925
2024-05-24 07:45:00+00:00,5475.712028482106
2024-05-24 11:45:00+00:00,5462.788249190775
2024-05-24 12:00:00+00:00,5464.884292358826
2024-05-24 13:45:00+00:00,5466.736025491998
2024-05-24 14:15:00+00:00,5468.682661008024
2024-05-24 14:30:00+00:00,5455.703232576704
2024-05-24 16:00:00+00:00,5442.953411322803
2024-05-24 17:15:00+00:00,5444.900675676196
2024-05-24 18:00:00+00:00,5420.981480808141
2024-05-25 03:30:00+00:00,5422.491912676271
2024-05-25 11:30:00+00:00,5424.38954801139
2024-05-26 02:15:00+00:00,5410.786298815783
2024-05-26 10:30:00+00:00,5397.593130010531
2024-05-26 13:15:00+00:00,5399.363749988254
2024-05-26 14:00:00+00:00,5386.1112644928235
2024-05-26 14:45:00+00:00,5422.572191256152
2024-05-26 15:45:00+00:00,5396.081309220822
2024-05-26 17:15:00+00:00,5397.87058485212
2024-05-26 18:00:00+00:00,5434.717200726556
2024-05-26 19:45:00+00:00,5421.592537733793
2024-05-26 21:30:00+00:00,5408.39513258575
2024-05-26 21:45:00+00:00,5410.167752330755
2024-05-26 23:15:00+00:00,5397.8738212702865
2024-05-27 00:15:00+00:00,5384.6469060684885
2024-05-27 01:15:00+00:00,5370.895242470213
2024-05-27 05:15:00+00:00,5407.00136439218
2024-05-27 08:00:00+00:00,5408.401120024384
2024-05-27 08:15:00+00:00,5446.637863034723
2024-05-27 17:15:00+00:00,5433.271996701239
2024-05-27 19:00:00+00:00,5406.059870599794
2024-05-27 19:30:00+00:00,5392.629136623123
2024-05-27 19:45:00+00:00,5378.914373929625
2024-05-28 00:15:00+00:00,5339.901124938455
2024-05-28 01:45:00+00:00,5341.712236477399
2024-05-28 05:00:00+00:00,5330.308806140186
2024-05-28 06:45:00+00:00,5317.012967269166
2024-05-28 08:45:00+00:00,5303.536082517143
2024-05-28 09:30:00+00:00,5290.091201247243
2024-05-28 09:45:00+00:00,5276.354039819489
2024-05-28 10:00:00+00:00,5278.183077472184
2024-05-28 13:30:00+00:00,5253.451348343227
2024-05-28 14:00:00+00:00,5291.857586164988
2024-05-28 18:00:00+00:00,5278.842377015825
2024-05-28 19:00:00+00:00,5280.578178612174
2024-05-29 06:45:00+00:00,5254.443914896653
2024-05-29 07:15:00+00:00,5256.3119666706425
2024-05-29 08:00:00+00:00,5243.218173994802
2024-05-29 08:30:00+00:00,5229.922527751639
2024-05-29 09:45:00+00:00,5216.654805996833
2024-05-29 12:15:00+00:00,5218.417996365547
2024-05-29 12:45:00+00:00,5219.804448371702
2024-05-29 13:00:00+00:00,5206.5500644586045
2024-05-29 13:15:00+00:00,5180.400310228718
2024-05-29 16:00:00+00:00,5216.624413184803
2024-05-29 16:45:00+00:00,5203.617367011916
2024-05-29 21:45:00+00:00,5198.789364035219
2024-05-29 23:30:00+00:00,5193.333552776001
2024-05-30 06:15:00+00:00,5230.208472553912
2024-05-30 06:45:00+00:00,5268.815781816794
2024-05-30 08:15:00+00:00,5270.514630169267
2024-05-30 08:45:00+00:00,5272.35383580311
2024-05-30 11:15:00+00:00,5274.331831198907
2024-05-30 13:45:00+00:00,5261.304897203284
2024-05-30 16:00:00+00:00,5263.302903956572
2024-05-30 17:15:00+00:00,5250.099232184235
2024-05-30 17:30:00+00:00,5287.002738160013
2024-05-30 19:15:00+00:00,5273.911194252626
2024-05-31 02:30:00+00:00,5273.154663432632
2024-05-31 05:15:00+00:00,5309.9153686535265
2024-05-31 06:15:00+00:00,5311.753493051232
2024-05-31 08:00:00+00:00,5298.445575654763
2024-05-31 10:00:00+00:00,5298.982172175149
2024-05-31 11:15:00+00:00,5285.703249913516
2024-05-31 12:30:00+00:00,5287.7285776971285
2024-05-31 16:30:00+00:00,5274.787818235127
2024-05-31 17:15:00+00:00,5261.530046445821
2024-05-31 17:30:00+00:00,5248.394987356625
2024-05-31 19:30:00+00:00,5235.078131274805
2024-05-31 19:45:00+00:00,5221.873236994718
2024-05-31 22:15:00+00:00,5208.606642146292
2024-05-31 23:30:00+00:00,5194.997949804657
2024-06-01 05:30:00+00:00,5181.498447659732
2024-06-01 17:45:00+00:00,5167.420599939217
2024-06-01 20:45:00+00:00,5202.529884052569
2024-06-01 21:45:00+00:00,5188.507838883779
2024-06-01 22:30:00+00:00,5174.612509264531
2024-06-02 02:45:00+00:00,5175.708360058132
2024-06-02 06:30:00+00:00,5176.886808692351
2024-06-02 12:00:00+00:00,5213.469518730857
2024-06-02 12:45:00+00:00,5200.173999649624
2024-06-02 15:15:00+00:00,5201.923366897132
2024-06-02 16:15:00+00:00,5188.626087162474
2024-06-02 17:15:00+00:00,5175.326294698315
2024-06-02 18:00:00+00:00,5211.862035554702
2024-06-03 00:30:00+00:00,5198.472379556263
2024-06-03 04:30:00+00:00,5234.3473412585045
2024-06-03 06:00:00+00:00,5271.104205202694
2024-06-03 06:15:00+00:00,5307.515327265172
2024-06-03 06:45:00+00:00,5294.4205897291
2024-06-03 07:30:00+00:00,5280.754283256441
2024-06-03 08:30:00+00:00,5267.527825700715
2024-06-03 09:15:00+00:00,5268.848686146008
2024-06-03 13:30:00+00:00,5305.075298222455
2024-06-03 14:30:00+00:00,5291.616710038017
2024-06-03 15:15:00+00:00,5267.077253829524
2024-06-03 17:00:00+00:00,5268.889102654718
2024-06-03 19:45:00+00:00,5305.599042070533
2024-06-03 21:15:00+00:00,5299.168057365516
2024-06-03 23:00:00+00:00,5294.666550323864
2024-06-03 23:30:00+00:00,5281.415750363194
2024-06-04 00:15:00+00:00,5317.650016383428
2024-06-04 00:30:00+00:00,5319.469296621767
2024-06-04 01:30:00+00:00,5305.983151755478
2024-06-04 06:45:00+00:00,5292.452081373664
2024-06-04 07:00:00+00:00,5293.883091495467
2024-06-04 08:45:00+00:00,5280.193084718657
2024-06-04 10:30:00+00:00,5267.879734249199
2024-06-04 12:30:00+00:00,5254.408611293171
2024-06-04 19:00:00+00:00,5256.093818025986
2024-06-04 19:30:00+00:00,5257.685634225228
2024-06-05 01:30:00+00:00,5244.322695282734
2024-06-05 02:30:00+00:00,5246.062538046179
2024-06-05 06:15:00+00:00,5282.821445278716
2024-06-05 09:15:00+00:00,5275.999348520344
2024-06-05 10:30:00+00:00,5277.792478669824
2024-06-05 14:00:00+00:00,5279.433037203488
2024-06-05 15:15:00+00:00,5253.006725279939
2024-06-05 18:15:00+00:00,5239.835178194118
2024-06-06 07:00:00+00:00,5241.540643992866
2024-06-06 08:30:00+00:00,5243.145291375778
2024-06-06 11:00:00+00:00,5243.964916305197
2024-06-06 12:30:00+00:00,5229.8652754239965
2024-06-06 13:00:00+00:00,5231.333867699791
2024-06-06 13:30:00+00:00,5217.362603186337
2024-06-06 14:45:00+00:00,5203.963645201936
2024-06-06 15:30:00+00:00,5177.076798479099
2024-06-06 19:30:00+00:00,5213.673150339935
2024-06-06 20:00:00+00:00,5249.803396830607
2024-06-06 20:15:00+00:00,5288.211118430648
2024-06-07 03:00:00+00:00,5286.270164522816
2024-06-07 04:30:00+00:00,5288.01583139392
2024-06-07 05:30:00+00:00,5274.331349192141
2024-06-07 17:45:00+00:00,5310.968588419692
2024-06-07 18:00:00+00:00,5347.536374733167
2024-06-07 18:15:00+00:00,5382.653932837023
2024-06-07 19:15:00+00:00,5369.959540673467
2024-06-08 00:45:00+00:00,5360.631285813806
2024-06-08 02:30:00+00:00,5353.726415889535
2024-06-08 07:15:00+00:00,5340.228487570978
2024-06-08 07:30:00+00:00,5331.091596662112
2024-06-08 09:15:00+00:00,5323.3453879421795
2024-06-08 11:45:00+00:00,5359.88531347376
2024-06-08 13:30:00+00:00,5394.770143465857
2024-06-08 13:45:00+00:00,5396.331880255992
2024-06-09 17:15:00+00:00,5382.915434064696
2024-06-10 00:30:00+00:00,5384.41698277126
2024-06-10 12:00:00+00:00,5421.192396817903
2024-06-10 13:30:00+00:00,5408.143043153099
2024-06-10 15:15:00+00:00,5395.042294846124
2024-06-10 16:15:00+00:00,5381.331833050787
2024-06-10 18:30:00+00:00,5367.712623683938
2024-06-10 19:00:00+00:00,5353.969007012056
2024-06-10 20:00:00+00:00,5340.337211720796
2024-06-11 01:45:00+00:00,5350.385693951027
2024-06-11 02:30:00+00:00,5339.163797660575
2024-06-11 03:15:00+00:00,5326.01215025132
2024-06-11 04:15:00+00:00,5362.761300900959
2024-06-11 06:45:00+00:00,5399.806018454791
2024-06-11 13:45:00+00:00,5436.838352748741
2024-06-11 15:30:00+00:00,5473.788480801933
2024-06-11 16:00:00+00:00,5586.824925258368
2024-06-11 18:30:00+00:00,5573.839270017484
2024-06-11 19:45:00+00:00,5547.654837760762
2024-06-11 22:00:00+00:00,5534.814156125505
2024-06-12 01:15:00+00:00,5535.91808792702
2024-06-12 01:45:00+00:00,5537.697854737374
2024-06-12 02:00:00+00:00,5526.35231206666
2024-06-12 02:15:00+00:00,5513.293955463979
2024-06-12 02:30:00+00:00,5500.311361280139
2024-06-12 04:00:00+00:00,5487.283199825248
2024-06-12 04:15:00+00:00,5474.285669624374
2024-06-12 14:00:00+00:00,5511.191122367947
2024-06-12 18:00:00+00:00,5485.349995039703
2024-06-12 18:30:00+00:00,5474.286567736705
2024-06-12 18:45:00+00:00,5461.454378196556
2024-06-12 19:15:00+00:00,5463.562199819448
2024-06-12 19:45:00+00:00,5450.7462729574945
2024-06-13 01:45:00+00:00,5437.9305519680365
2024-06-13 04:15:00+00:00,5424.929107274547
2024-06-13 11:45:00+00:00,5461.951075747834
2024-06-13 12:30:00+00:00,5448.862558744042
2024-06-13 13:30:00+00:00,5435.859311308029
2024-06-13 17:00:00+00:00,5422.796235713856
2024-06-13 17:15:00+00:00,5409.828119000324
2024-06-13 17:45:00+00:00,5411.891135952821
2024-06-13 19:15:00+00:00,5398.794976587273
2024-06-13 22:30:00+00:00,5400.823480620574
2024-06-14 01:45:00+00:00,5402.716339268884
2024-06-14 02:45:00+00:00,5389.333097973236
2024-06-14 05:30:00+00:00,5376.336980586647
2024-06-14 07:45:00+00:00,5378.315070139637
2024-06-14 16:00:00+00:00,5415.220031694701
2024-06-15 15:15:00+00:00,5451.470502798853
2024-06-15 19:45:00+00:00,5438.284704403148
2024-06-15 20:00:00+00:00,5424.940093716544
2024-06-16 03:30:00+00:00,5426.321115885285
2024-06-16 11:45:00+00:00,5412.958669868418
2024-06-16 21:45:00+00:00,5414.65081396697
2024-06-16 22:30:00+00:00,5401.174544420719
2024-06-17 00:30:00+00:00,5437.919851325433
2024-06-17 01:15:00+00:00,5424.484847051173
2024-06-17 02:15:00+00:00,5397.9726693081275
2024-06-17 03:45:00+00:00,5384.8201959163525
2024-06-17 06:00:00+00:00,5371.602719197513
2024-06-17 09:15:00+00:00,5373.395185420422
2024-06-17 09:45:00+00:00,5410.0360489140985
2024-06-17 10:00:00+00:00,5412.068986684575
2024-06-17 10:30:00+00:00,5414.028854705936
2024-06-17 11:15:00+00:00,5400.6599091467015
2024-06-17 14:15:00+00:00,5402.70415027976
2024-06-17 14:30:00+00:00,5439.8108469531135
2024-06-17 16:15:00+00:00,5426.973517569478
2024-06-17 16:30:00+00:00,5466.063633453025
2024-06-17 23:00:00+00:00,5462.697455914731
2024-06-18 01:15:00+00:00,5449.405642199473
2024-06-18 01:30:00+00:00,5486.2986947486
2024-06-18 01:45:00+00:00,5497.695900782784
2024-06-18 04:15:00+00:00,5484.794526229505
2024-06-18 09:30:00+00:00,5486.876131399123
2024-06-18 11:15:00+00:00,5486.766835068154
2024-06-18 12:00:00+00:00,5488.832991702842
2024-06-18 14:15:00+00:00,5477.973536724357
2024-06-18 20:00:00+00:00,5479.949056508964
2024-06-18 20:45:00+00:00,5467.104034555252
2024-06-18 21:15:00+00:00,5468.85177841111
2024-06-19 01:30:00+00:00,5455.907005394446
2024-06-19 03:15:00+00:00,5442.721041509033
2024-06-19 08:30:00+00:00,5429.786098426165
2024-06-19 09:30:00+00:00,5416.673518034204
2024-06-19 11:15:00+00:00,5404.807951412725
2024-06-19 14:30:00+00:00,5391.723327294361
2024-06-19 20:00:00+00:00,5378.698797040674
2024-06-19 23:30:00+00:00,5380.7761332693335
2024-06-20 01:30:00+00:00,5366.745167929421
2024-06-20 05:30:00+00:00,5352.856222613007
2024-06-20 11:45:00+00:00,5339.132191995988
2024-06-20 13:00:00+00:00,5325.483941910791
2024-06-20 17:30:00+00:00,5327.626409732727
2024-06-20 23:45:00+00:00,5314.120329036479
2024-06-21 01:15:00+00:00,5300.686616149123
2024-06-21 02:00:00+00:00,5302.815757246445
2024-06-21 09:30:00+00:00,5289.258233392681
2024-06-21 09:45:00+00:00,5290.902693992777
2024-06-21 10:00:00+00:00,5292.83478212425
2024-06-21 14:15:00+00:00,5294.388688500018
2024-06-21 18:30:00+00:00,5297.7502168267365
2024-06-21 20:00:00+00:00,5286.76065979541
2024-06-22 01:15:00+00:00,5286.775636872131
2024-06-22 05:00:00+00:00,5323.722520433678
2024-06-22 05:45:00+00:00,5323.475279570609
2024-06-22 12:00:00+00:00,5310.711137252589
2024-06-22 12:45:00+00:00,5312.672810788491
2024-06-22 13:30:00+00:00,5314.475727845705
2024-06-23 01:00:00+00:00,5301.291963980848
2024-06-23 13:15:00+00:00,5337.981041355743
2024-06-23 15:15:00+00:00,5324.394283013187
2024-06-23 15:45:00+00:00,5361.317812877218
2024-06-23 17:15:00+00:00,5347.975512040052
2024-06-23 20:45:00+00:00,5349.132811750904
2024-06-23 21:30:00+00:00,5337.375660048548
2024-06-24 00:30:00+00:00,5340.902290173203
2024-06-24 03:15:00+00:00,5344.544798347091
2024-06-24 04:30:00+00:00,5346.1389080893505
2024-06-24 05:00:00+00:00,5383.030537457063
2024-06-24 05:15:00+00:00,5420.107405858688
2024-06-24 06:45:00+00:00,5407.07159806582
2024-06-24 09:30:00+00:00,5443.701207864086
2024-06-24 10:00:00+00:00,5445.81446856313
2024-06-24 13:30:00+00:00,5432.963163950362
2024-06-24 15:45:00+00:00,5420.083342312032
2024-06-24 17:45:00+00:00,5422.172317740603
2024-06-24 18:15:00+00:00,5459.118210315243
2024-06-24 20:30:00+00:00,5496.122712208995
2024-06-24 20:45:00+00:00,5498.19721305446
2024-06-24 22:30:00+00:00,5485.269816571168
2024-06-24 23:15:00+00:00,5472.401242568136
2024-06-25 00:45:00+00:00,5459.31783530123
2024-06-25 03:00:00+00:00,5446.077760247887
2024-06-25 03:30:00+00:00,5483.133602500289
2024-06-25 08:15:00+00:00,5507.259832527877
2024-06-25 09:45:00+00:00,5531.207520827206
2024-06-25 11:30:00+00:00,5569.943035798081
2024-06-25 12:00:00+00:00,5556.779923937121
2024-06-25 13:45:00+00:00,5543.434158455967
2024-06-25 14:15:00+00:00,5545.150621218586
2024-06-25 15:00:00+00:00,5531.6879350018335
2024-06-25 16:15:00+00:00,5518.5404542412825
2024-06-25 16:45:00+00:00,5505.251400933306
2024-06-25 19:00:00+00:00,5480.455908066268
2024-06-25 22:45:00+00:00,5482.034554768578
2024-06-26 01:45:00+00:00,5483.527063315529
2024-06-26 17:00:00+00:00,5470.525508426681
2024-06-26 19:30:00+00:00,5457.4086242776275
2024-06-27 06:15:00+00:00,5444.04878880995
2024-06-27 14:00:00+00:00,5430.584863169669
2024-06-27 15:15:00+00:00,5432.768444106205
2024-06-28 00:45:00+00:00,5434.970660701988
2024-06-28 01:15:00+00:00,5436.625496145019
2024-06-28 02:00:00+00:00,5438.540466714928
2024-06-28 08:00:00+00:00,5424.64347447627
2024-06-28 09:00:00+00:00,5410.965187021639
2024-06-28 10:15:00+00:00,5448.063825681805
2024-06-28 12:30:00+00:00,5434.505518280906
2024-06-28 13:15:00+00:00,5423.519484018564
2024-06-28 15:15:00+00:00,5410.042598687523
2024-06-29 01:00:00+00:00,5411.697536185702
2024-06-29 07:15:00+00:00,5397.897541502231
2024-06-29 19:00:00+00:00,5371.589116438253
2024-06-29 20:15:00+00:00,5358.172319033394
2024-06-30 00:30:00+00:00,5359.804961453358
2024-06-30 02:30:00+00:00,5361.438708786693
2024-06-30 03:30:00+00:00,5348.079931047694
2024-06-30 06:00:00+00:00,5334.781103307408
2024-06-30 07:00:00+00:00,5321.516555628412
2024-06-30 07:45:00+00:00,5294.182578413934
2024-06-30 15:30:00+00:00,5331.1158696470875
2024-06-30 22:15:00+00:00,5367.038775478359
2024-07-01 00:00:00+00:00,5353.125534048967
2024-07-01 01:00:00+00:00,5389.308073097274
2024-07-01 02:00:00+00:00,5375.871850123758
2024-07-01 04:30:00+00:00,5349.328206277833
2024-07-01 06:30:00+00:00,5335.730184386016
2024-07-01 08:15:00+00:00,5322.368341614683
2024-07-01 08:30:00+00:00,5310.864583595125
2024-07-01 10:15:00+00:00,5296.869163929323
2024-07-01 10:30:00+00:00,5283.384963000728
2024-07-01 11:00:00+00:00,5270.209078432075
2024-07-01 11:30:00+00:00,5256.736075899838
2024-07-01 11:45:00+00:00,5242.817466523404
2024-07-01 13:30:00+00:00,5244.723271446214
2024-07-01 13:45:00+00:00,5246.494801720894
2024-07-01 15:15:00+00:00,5233.11567717491
2024-07-01 16:15:00+00:00,5235.039379878255
2024-07-01 19:30:00+00:00,5237.033433441242
2024-07-01 22:00:00+00:00,5232.43974173209
2024-07-02 10:00:00+00:00,5268.685923484984
2024-07-02 11:30:00+00:00,5255.296632428602
2024-07-02 13:30:00+00:00,5241.950053895297
2024-07-02 14:15:00+00:00,5228.761408173108
2024-07-03 05:45:00+00:00,5215.398395526467
2024-07-03 06:00:00+00:00,5202.002473023543
2024-07-03 10:00:00+00:00,5238.34051467282
2024-07-03 10:15:00+00:00,5311.286038572017
2024-07-03 10:45:00+00:00,5306.887326609884
2024-07-03 13:00:00+00:00,5302.7388584190285
2024-07-03 13:15:00+00:00,5304.3831475495
2024-07-03 13:45:00+00:00,5306.041522184272
2024-07-03 16:00:00+00:00,5342.813274230419
2024-07-03 16:15:00+00:00,5344.5268643274985
2024-07-03 21:00:00+00:00,5381.228356361396
2024-07-03 21:45:00+00:00,5382.965238490688
2024-07-03 23:15:00+00:00,5384.98036696598
2024-07-04 00:15:00+00:00,5386.816458990792
2024-07-04 01:30:00+00:00,5423.877412140713
2024-07-04 01:45:00+00:00,5460.895651221567
2024-07-04 02:00:00+00:00,5535.0529105447395
2024-07-04 02:30:00+00:00,5524.32237177617
2024-07-04 08:45:00+00:00,5526.52010012819
2024-07-04 10:45:00+00:00,5529.997555127428
2024-07-04 11:00:00+00:00,5532.044055201223
2024-07-04 13:15:00+00:00,5569.088206987382
2024-07-04 13:45:00+00:00,5580.3645075119275
2024-07-04 15:30:00+00:00,5567.496273661994
2024-07-04 15:45:00+00:00,5554.589391993755
2024-07-04 23:00:00+00:00,5591.724718675886
2024-07-05 08:45:00+00:00,5579.0628542684735
2024-07-05 11:30:00+00:00,5616.285151533343
2024-07-05 12:30:00+00:00,5618.495232830323
2024-07-05 12:45:00+00:00,5605.703591377048
2024-07-05 16:15:00+00:00,5642.9239285561225
2024-07-06 00:30:00+00:00,5680.161631118659
2024-07-06 01:00:00+00:00,5681.378270551501
2024-07-06 15:45:00+00:00,5718.124115103363
2024-07-06 16:30:00+00:00,5755.2347196425835
2024-07-07 00:45:00+00:00,5757.362632808337
2024-07-08 09:00:00+00:00,5794.509828807702
2024-07-08 10:45:00+00:00,5781.6639242043675
2024-07-08 13:30:00+00:00,5770.94015774107
2024-07-08 14:15:00+00:00,5745.282046702892
2024-07-08 21:30:00+00:00,5741.310597482901
2024-07-09 01:30:00+00:00,5743.081462651072
2024-07-09 08:30:00+00:00,5730.199011976223
2024-07-09 11:00:00+00:00,5716.977791048839
2024-07-09 13:00:00+00:00,5692.353293845825
2024-07-09 14:15:00+00:00,5682.663363223832
2024-07-09 14:45:00+00:00,5669.567005969974
2024-07-09 18:30:00+00:00,5706.4758455675355
2024-07-09 22:30:00+00:00,5693.406373921853
2024-07-09 22:45:00+00:00,5680.375347406461
2024-07-10 01:00:00+00:00,5682.323413957591
2024-07-10 03:00:00+00:00,5684.112858471308
2024-07-10 04:00:00+00:00,5720.802771239553
2024-07-10 08:00:00+00:00,5694.5407338857785
2024-07-10 10:00:00+00:00,5681.268668539494
2024-07-10 12:30:00+00:00,5668.155030581432
2024-07-10 13:30:00+00:00,5705.065704797251
2024-07-10 16:15:00+00:00,5678.942664260412
2024-07-10 22:15:00+00:00,5665.761452250637
2024-07-11 00:30:00+00:00,5702.806244769817
2024-07-11 01:30:00+00:00,5704.46564075525
2024-07-11 03:00:00+00:00,5691.407726458842
2024-07-11 10:15:00+00:00,5692.03744560995
2024-07-11 12:00:00+00:00,5678.70126238756
2024-07-11 12:30:00+00:00,5715.691522082091
2024-07-11 13:00:00+00:00,5717.333897658282
2024-07-11 14:15:00+00:00,5706.156030108893
2024-07-11 15:30:00+00:00,5693.168375467489
2024-07-11 18:00:00+00:00,5695.182070526942
2024-07-11 20:00:00+00:00,5697.243073298163
2024-07-12 01:15:00+00:00,5734.161823370682
2024-07-12 02:15:00+00:00,5721.030126828916
2024-07-12 10:15:00+00:00,5745.067376560266
2024-07-12 12:15:00+00:00,5747.116652540779
2024-07-12 13:15:00+00:00,5749.070963538434
2024-07-12 14:00:00+00:00,5751.191367848779
2024-07-12 15:15:00+00:00,5738.2553235784335
2024-07-12 20:00:00+00:00,5739.97052401907
2024-07-12 20:15:00+00:00,5726.755459703592
2024-07-12 22:00:00+00:00,5763.772851405572
2024-07-12 23:45:00+00:00,5750.620017821937
2024-07-13 02:45:00+00:00,5787.405893984346
2024-07-13 04:15:00+00:00,5824.212870038152
2024-07-13 05:30:00+00:00,5861.183225563524
2024-07-13 06:45:00+00:00,5898.146820184243
2024-07-13 08:45:00+00:00,5884.7503694006455
2024-07-13 09:45:00+00:00,5921.442358011524
2024-07-13 10:30:00+00:00,5907.724930467779
2024-07-13 14:15:00+00:00,5895.9317500001325
2024-07-13 15:00:00+00:00,5933.022716405563
2024-07-13 16:15:00+00:00,5934.279106976061
2024-07-13 16:30:00+00:00,5936.367924034726
2024-07-13 19:45:00+00:00,5973.508401154389
2024-07-13 22:15:00+00:00,5959.832784138971
2024-07-13 22:45:00+00:00,5997.317480121083
2024-07-13 23:15:00+00:00,5983.966316977649
2024-07-14 02:15:00+00:00,5985.689158211708
2024-07-14 05:15:00+00:00,5987.683185790986
2024-07-14 05:45:00+00:00,5974.609510725848
2024-07-14 09:30:00+00:00,5961.569730308674
2024-07-14 10:30:00+00:00,5963.51813770582
2024-07-14 12:15:00+00:00,5950.33576101304
2024-07-14 18:00:00+00:00,5989.0029214248225
2024-07-14 21:15:00+00:00,6025.687214315144
2024-07-14 23:30:00+00:00,6098.973567668062
2024-07-15 01:15:00+00:00,6085.9423295279585
2024-07-15 02:15:00+00:00,6109.68299657846
2024-07-15 06:00:00+00:00,6111.483873575535
2024-07-15 07:00:00+00:00,6098.21211656404
2024-07-15 08:45:00+00:00,6100.126058990112
2024-07-15 12:15:00+00:00,6087.038839770863
2024-07-15 12:30:00+00:00,6123.757158406243
2024-07-15 14:45:00+00:00,6110.636726675208
2024-07-15 16:00:00+00:00,6112.485635443171
2024-07-15 19:15:00+00:00,6099.392064317624
2024-07-15 22:00:00+00:00,6086.349431341408
2024-07-15 22:30:00+00:00,6123.199706698811
2024-07-16 05:45:00+00:00,6160.108223058909
2024-07-16 06:15:00+00:00,6162.117370368932
2024-07-16 07:00:00+00:00,6164.183901157131
2024-07-16 08:15:00+00:00,6201.164837544422
2024-07-16 10:00:00+00:00,6188.280484038058
2024-07-16 10:30:00+00:00,6177.474971715597
2024-07-16 13:30:00+00:00,6164.475137613662
2024-07-16 14:15:00+00:00,6151.468297075081
2024-07-17 11:30:00+00:00,6138.326169974191
2024-07-17 13:45:00+00:00,6125.3336348060675
2024-07-17 17:30:00+00:00,6127.355283324424
2024-07-17 22:45:00+00:00,6128.980116931546
2024-07-18 00:30:00+00:00,6115.642464921784
2024-07-18 00:45:00+00:00,6117.7303507012675
2024-07-18 02:00:00+00:00,6106.423118498735
2024-07-18 05:45:00+00:00,6095.052219401489
2024-07-18 06:30:00+00:00,6081.797518113023
2024-07-18 06:45:00+00:00,6068.52415834454
2024-07-18 08:30:00+00:00,6105.283515939269
2024-07-18 12:30:00+00:00,6107.215988265697
2024-07-18 15:15:00+00:00,6144.088663058548
2024-07-18 16:15:00+00:00,6143.633310668316
2024-07-18 19:30:00+00:00,6145.31349514521
2024-07-18 22:15:00+00:00,6132.016753032532
2024-07-19 00:15:00+00:00,6156.073549917171
2024-07-19 01:30:00+00:00,6157.52983500155
2024-07-19 03:00:00+00:00,6159.045326632277
2024-07-19 03:15:00+00:00,6145.872203091784
2024-07-19 04:00:00+00:00,6133.008164303012
2024-07-19 13:30:00+00:00,6119.744215859255
2024-07-19 14:15:00+00:00,6156.375497431318
2024-07-19 15:30:00+00:00,6193.069814745067
2024-07-19 16:00:00+00:00,6230.142944667469
2024-07-19 17:00:00+00:00,6232.138188635766
2024-07-19 21:45:00+00:00,6219.270795109836
2024-07-20 00:15:00+00:00,6206.030297317927
2024-07-20 07:15:00+00:00,6207.92109225339
2024-07-20 08:00:00+00:00,6194.903517416514
2024-07-20 13:15:00+00:00,6195.044070215804
2024-07-20 16:45:00+00:00,6197.148088255606
2024-07-20 19:15:00+00:00,6198.541271771849
2024-07-21 00:15:00+00:00,6202.047417515942
2024-07-21 00:30:00+00:00,6188.726634163971
2024-07-21 02:30:00+00:00,6225.620863765903
2024-07-21 05:00:00+00:00,6212.557958661938
2024-07-21 10:45:00+00:00,6199.353385617513
2024-07-21 13:15:00+00:00,6201.277962927545
2024-07-21 13:30:00+00:00,6203.0907853417975
2024-07-21 14:30:00+00:00,6240.076074512035
2024-07-21 15:00:00+00:00,6276.9318539405995
2024-07-21 15:15:00+00:00,6279.036191159855
2024-07-21 15:45:00+00:00,6266.039310212166
2024-07-21 17:30:00+00:00,6268.10206611282
2024-07-21 17:45:00+00:00,6270.235405989854
2024-07-21 18:15:00+00:00,6257.275622798919
2024-07-21 20:00:00+00:00,6244.371536598146
2024-07-22 01:00:00+00:00,6246.39276745713
2024-07-22 02:00:00+00:00,6233.395894512627
2024-07-22 03:30:00+00:00,6235.090659304954
2024-07-22 05:30:00+00:00,6222.160450461232
2024-07-22 11:45:00+00:00,6208.773111249301
2024-07-22 12:15:00+00:00,6195.060102839524
2024-07-22 13:30:00+00:00,6181.2844165818915
2024-07-22 14:30:00+00:00,6204.527089164502
2024-07-22 15:45:00+00:00,6206.015012006717
2024-07-22 16:45:00+00:00,6192.641944777318
2024-07-22 18:00:00+00:00,6179.3028800451775
2024-07-22 19:15:00+00:00,6165.852922275976
2024-07-22 22:00:00+00:00,6239.264165561503
2024-07-23 00:45:00+00:00,6226.005688894899
2024-07-23 05:00:00+00:00,6264.507722673835
2024-07-23 08:00:00+00:00,6266.570760746843
2024-07-23 08:30:00+00:00,6253.54755076005
2024-07-23 09:30:00+00:00,6242.013457500756
2024-07-23 13:45:00+00:00,6316.04696508705
2024-07-23 14:30:00+00:00,6303.120309852271
2024-07-23 16:45:00+00:00,6329.077547885851
2024-07-23 18:00:00+00:00,6368.270186926028
2024-07-23 18:15:00+00:00,6355.426996176716
2024-07-23 19:15:00+00:00,6342.479201425679
2024-07-23 23:15:00+00:00,6338.694744556574
2024-07-24 01:30:00+00:00,6340.119344437856
2024-07-24 02:45:00+00:00,6341.677559783229
2024-07-24 08:00:00+00:00,6328.131048651711
2024-07-24 12:45:00+00:00,6315.198988862008
2024-07-24 15:15:00+00:00,6302.24588026328
2024-07-24 19:45:00+00:00,6338.902593198749
2024-07-24 21:00:00+00:00,6375.709415708553
2024-07-24 21:30:00+00:00,6362.780847918013
2024-07-25 01:00:00+00:00,6399.731605135675
2024-07-25 04:45:00+00:00,6425.466807838787
2024-07-25 08:45:00+00:00,6426.3361363439435
2024-07-25 09:15:00+00:00,6413.228923837415
2024-07-25 11:00:00+00:00,6414.869063414327
2024-07-25 12:00:00+00:00,6416.357949632371
2024-07-25 14:15:00+00:00,6417.671840755347
2024-07-25 14:30:00+00:00,6404.738307894401
2024-07-25 18:45:00+00:00,6441.840480813838
2024-07-25 20:15:00+00:00,6443.676941140972
2024-07-25 20:45:00+00:00,6430.738156074658
2024-07-25 23:45:00+00:00,6417.796764962355
2024-07-26 04:15:00+00:00,6454.675588713169
2024-07-26 09:30:00+00:00,6456.522205564573
2024-07-26 10:00:00+00:00,6458.582591978596
2024-07-26 10:15:00+00:00,6459.770042367942
2024-07-26 12:45:00+00:00,6461.515446550349
2024-07-26 13:45:00+00:00,6498.289727958609
2024-07-26 14:15:00+00:00,6485.279641679994
2024-07-26 14:30:00+00:00,6475.782020492429
2024-07-26 15:15:00+00:00,6477.715717543791
2024-07-26 21:45:00+00:00,6476.301841031522
2024-07-27 08:00:00+00:00,6513.322201850814
2024-07-27 13:15:00+00:00,6550.221269451853
2024-07-27 14:15:00+00:00,6536.6893512267325
2024-07-27 15:00:00+00:00,6523.316925775165
2024-07-27 15:45:00+00:00,6510.033718752579
2024-07-29 02:45:00+00:00,6546.24202501699
2024-07-29 03:30:00+00:00,6532.689660099948
2024-07-29 04:00:00+00:00,6569.287447834414
2024-07-29 12:00:00+00:00,6570.301929325871
2024-07-29 13:45:00+00:00,6571.986345703329
2024-07-29 14:00:00+00:00,6558.51963727892
2024-07-29 17:00:00+00:00,6547.387167451743
2024-07-29 18:15:00+00:00,6534.301975415846
2024-07-29 22:45:00+00:00,6571.086536702491
2024-07-30 00:00:00+00:00,6557.791072952295
2024-07-30 01:00:00+00:00,6544.6721438418945
2024-07-30 01:45:00+00:00,6581.69308719765
2024-07-30 07:15:00+00:00,6568.34623064252
2024-07-30 10:30:00+00:00,6556.823996247679
2024-07-30 12:45:00+00:00,6558.148990534431
2024-07-30 13:45:00+00:00,6545.33999257639
2024-07-30 14:30:00+00:00,6547.197372878965
2024-07-30 18:00:00+00:00,6584.207902941485
2024-07-30 20:00:00+00:00,6621.224389699133
2024-07-30 20:30:00+00:00,6622.960473506754
2024-07-30 21:45:00+00:00,6609.928023343031
2024-07-31 00:45:00+00:00,6596.922664773162
2024-07-31 03:00:00+00:00,6597.568077759392
2024-07-31 03:15:00+00:00,6599.683817619854
2024-07-31 04:45:00+00:00,6586.811728320909
2024-07-31 05:45:00+00:00,6625.504725199805
2024-07-31 15:15:00+00:00,6627.1691092412575
2024-07-31 16:30:00+00:00,6629.279253758769
2024-07-31 17:45:00+00:00,6616.116444211534
2024-07-31 18:30:00+00:00,6602.991796726725
2024-08-01 04:15:00+00:00,6639.928661324666
2024-08-01 04:45:00+00:00,6676.921350723666
2024-08-01 05:15:00+00:00,6678.990931084661
2024-08-01 09:00:00+00:00,6665.965636355565
2024-08-01 12:00:00+00:00,6661.052817166379
2024-08-01 14:45:00+00:00,6697.9264862661885
2024-08-01 15:00:00+00:00,6771.500101448014
2024-08-01 18:00:00+00:00,6808.555297564287
2024-08-01 19:30:00+00:00,6795.465536067838
2024-08-01 20:30:00+00:00,6797.526079625299
2024-08-01 20:45:00+00:00,6771.585423846542
2024-08-01 21:45:00+00:00,6758.740970995451
2024-08-01 22:00:00+00:00,6745.851297722601
2024-08-01 22:15:00+00:00,6732.707985966638
2024-08-02 01:45:00+00:00,6719.740365422314
2024-08-02 02:15:00+00:00,6706.7228459297385
2024-08-02 05:15:00+00:00,6743.824966897047
2024-08-02 05:45:00+00:00,6730.8671435597535
2024-08-02 06:15:00+00:00,6754.935691736759
2024-08-02 06:30:00+00:00,6741.937308823359
2024-08-02 11:30:00+00:00,6728.951526848249
2024-08-02 12:30:00+00:00,6715.991633100196
2024-08-02 13:30:00+00:00,6703.001078736559
2024-08-02 14:00:00+00:00,6705.0089225532465
2024-08-02 15:00:00+00:00,6744.0303229560195
2024-08-02 15:45:00+00:00,6731.158341605007
2024-08-02 20:00:00+00:00,6733.42146259748
2024-08-02 21:30:00+00:00,6720.665482354056
2024-08-02 21:45:00+00:00,6718.3671741844155
2024-08-03 00:30:00+00:00,6755.316803797275
2024-08-03 03:30:00+00:00,6742.407604383415
2024-08-03 08:30:00+00:00,6737.244169231341
2024-08-03 11:45:00+00:00,6739.143187078136
2024-08-03 15:15:00+00:00,6725.934821023187
2024-08-03 16:00:00+00:00,6728.078961486462
2024-08-03 17:00:00+00:00,6715.123367519291
2024-08-03 18:30:00+00:00,6702.2445477805495
2024-08-03 21:00:00+00:00,6689.398554833727
2024-08-04 08:00:00+00:00,6691.5366709980535
2024-08-04 14:30:00+00:00,6728.4522134243825
2024-08-04 16:45:00+00:00,6715.565575918781
2024-08-04 17:00:00+00:00,6752.608606234746
2024-08-04 17:30:00+00:00,6739.776114432457
2024-08-04 19:00:00+00:00,6714.166285858844
2024-08-04 20:00:00+00:00,6751.3759609229155
2024-08-04 23:15:00+00:00,6738.572301241776
2024-08-05 00:00:00+00:00,6775.624102403995
2024-08-05 00:15:00+00:00,6762.794128915668
2024-08-05 00:45:00+00:00,6800.00399620019
2024-08-05 02:00:00+00:00,6774.591796635741
2024-08-05 02:15:00+00:00,6761.976547522582
2024-08-05 06:15:00+00:00,6749.37661225089
2024-08-05 11:15:00+00:00,6761.520861795398
2024-08-05 12:30:00+00:00,6766.295788745438
2024-08-05 14:00:00+00:00,6803.6549140850775
2024-08-05 14:15:00+00:00,6841.041862119933
2024-08-05 15:30:00+00:00,6878.3856133337995
2024-08-05 19:15:00+00:00,6865.718181453646
2024-08-05 21:45:00+00:00,6868.069938795591
2024-08-06 05:30:00+00:00,6905.396356742682
2024-08-06 12:45:00+00:00,6907.546382810668
2024-08-06 13:15:00+00:00,6894.660480634561
2024-08-06 14:15:00+00:00,6931.813226020796
2024-08-06 16:00:00+00:00,6969.0872776538035
2024-08-06 22:45:00+00:00,6966.527751882625
2024-08-07 07:00:00+00:00,6968.656011059229
2024-08-07 11:00:00+00:00,6970.621426183586
2024-08-07 13:15:00+00:00,6957.54101782146
2024-08-07 14:30:00+00:00,6959.724761363431
2024-08-07 20:00:00+00:00,6946.93943211845
2024-08-07 20:30:00+00:00,6934.2986562840915
2024-08-07 22:15:00+00:00,6936.686695866388
2024-08-08 00:15:00+00:00,6924.083446477824
2024-08-08 09:45:00+00:00,6923.431285934429
2024-08-08 12:30:00+00:00,6910.356617973778
2024-08-08 14:00:00+00:00,6949.77811901195
2024-08-08 14:45:00+00:00,6936.895209545979
2024-08-08 16:00:00+00:00,6973.789569898035
2024-08-08 21:30:00+00:00,7010.849342114142
2024-08-08 22:45:00+00:00,7048.010824442751
2024-08-09 04:15:00+00:00,7072.085111792277
2024-08-09 06:30:00+00:00,7073.76804170186
2024-08-09 09:30:00+00:00,7076.147891983882
2024-08-09 11:15:00+00:00,7078.137576765038
2024-08-09 13:45:00+00:00,7065.144031325946
2024-08-09 14:00:00+00:00,7067.104879145975
2024-08-09 14:45:00+00:00,7071.053939827951
2024-08-09 15:00:00+00:00,7073.046346002904
2024-08-09 16:15:00+00:00,7075.138117283768
2024-08-09 17:30:00+00:00,7062.275771678374
2024-08-09 21:30:00+00:00,7044.22655157049
2024-08-09 22:30:00+00:00,7031.338854469532
2024-08-10 00:15:00+00:00,7005.400437745511
2024-08-10 13:15:00+00:00,6991.485907688596
2024-08-10 13:45:00+00:00,6977.653844173401
2024-08-10 15:15:00+00:00,6964.198775058874
2024-08-10 15:45:00+00:00,6965.529134126641
2024-08-10 18:30:00+00:00,7001.913927044604
2024-08-10 21:00:00+00:00,6988.366481326122
2024-08-11 00:30:00+00:00,6990.146021236158
2024-08-11 03:00:00+00:00,7028.167084296941
2024-08-11 03:15:00+00:00,7001.158868512052
2024-08-11 03:45:00+00:00,6987.642233342849
2024-08-11 04:00:00+00:00,6989.636833406533
2024-08-11 05:45:00+00:00,6991.280647780369
2024-08-11 07:00:00+00:00,6977.925513500964
2024-08-11 07:45:00+00:00,6964.371716354402
2024-08-11 08:45:00+00:00,6950.713662425355
2024-08-11 09:30:00+00:00,6937.578428662524
2024-08-11 10:00:00+00:00,6939.111828414537
2024-08-11 11:00:00+00:00,6926.063459156252
2024-08-11 11:45:00+00:00,6913.039939968399
2024-08-11 14:45:00+00:00,6949.825086882049
2024-08-11 16:45:00+00:00,6951.898566996918
2024-08-11 20:00:00+00:00,6988.945855539083
2024-08-11 21:00:00+00:00,7025.859558439865
2024-08-12 00:15:00+00:00,7012.883130024305
2024-08-12 00:45:00+00:00,6999.81181676007
2024-08-12 01:00:00+00:00,7001.865299302597
2024-08-12 07:00:00+00:00,6997.115255044525
2024-08-12 07:30:00+00:00,6999.0303332710755
2024-08-12 08:00:00+00:00,6988.081688967984
2024-08-12 10:15:00+00:00,6990.183217480614
2024-08-12 11:00:00+00:00,6978.985573555394
2024-08-12 13:45:00+00:00,6976.848599218168
2024-08-12 14:00:00+00:00,7050.782205531545
2024-08-12 14:30:00+00:00,7037.872489400941
2024-08-12 18:45:00+00:00,6999.405067496223
2024-08-12 23:15:00+00:00,6986.597328506674
2024-08-13 00:45:00+00:00,6973.548621076907
2024-08-13 03:00:00+00:00,6975.642516546937
2024-08-13 06:45:00+00:00,6977.585956460526
2024-08-13 09:45:00+00:00,7016.5181077898305
2024-08-13 19:15:00+00:00,7003.4976513276515
2024-08-13 20:00:00+00:00,6990.447418352053
2024-08-14 02:00:00+00:00,6980.94975799175
2024-08-14 09:00:00+00:00,6977.248574233761
2024-08-14 12:15:00+00:00,7014.034261302606
2024-08-14 12:30:00+00:00,7000.758972286663
2024-08-14 13:30:00+00:00,6987.664888447466
2024-08-14 21:30:00+00:00,6983.271705765497
2024-08-14 22:30:00+00:00,6985.234501438617
2024-08-15 08:45:00+00:00,6986.746355301351
2024-08-15 10:30:00+00:00,6988.584994560795
2024-08-15 11:15:00+00:00,6975.393266545724
2024-08-15 12:30:00+00:00,6962.1205955433925
2024-08-15 14:00:00+00:00,6964.189982673932
2024-08-15 17:00:00+00:00,6965.856419112465
2024-08-15 17:45:00+00:00,6939.555708730111
2024-08-15 19:00:00+00:00,6926.451918846156
2024-08-15 21:45:00+00:00,6913.520563976841
2024-08-15 22:30:00+00:00,6900.515092930016
2024-08-16 02:30:00+00:00,6887.576926753774
2024-08-16 05:15:00+00:00,6867.02569681108
2024-08-16 07:15:00+00:00,6903.758294163664
2024-08-16 07:30:00+00:00,6890.585472574761
2024-08-16 09:00:00+00:00,6877.388712999907
2024-08-16 10:00:00+00:00,6864.099031628039
2024-08-16 10:30:00+00:00,6865.787904887023
2024-08-16 10:45:00+00:00,6902.714354589893
2024-08-16 11:45:00+00:00,6889.704748300354
2024-08-16 12:30:00+00:00,6876.762639638626
2024-08-16 12:45:00+00:00,6863.423378460163
2024-08-16 13:00:00+00:00,6850.23994490154
2024-08-16 13:15:00+00:00,6887.116841132141
2024-08-16 14:00:00+00:00,6875.675668997249
2024-08-16 16:15:00+00:00,6862.6397453035515
2024-08-16 17:15:00+00:00,6849.767440957834
2024-08-16 18:00:00+00:00,6836.910427820423
2024-08-16 19:15:00+00:00,6823.865110987183
2024-08-17 00:00:00+00:00,6810.908876468664
2024-08-17 03:45:00+00:00,6812.730577840082
2024-08-17 10:45:00+00:00,6814.4064985375235
2024-08-17 15:00:00+00:00,6850.718650351205
2024-08-17 20:00:00+00:00,6887.319820641386
2024-08-17 21:15:00+00:00,6873.977063095317
2024-08-18 01:00:00+00:00,6860.705290330596
2024-08-18 03:00:00+00:00,6862.2612598812775
2024-08-18 12:45:00+00:00,6898.752497811506
2024-08-18 13:45:00+00:00,6885.514159522821
2024-08-18 16:30:00+00:00,6895.716083712251
2024-08-18 17:15:00+00:00,6870.984647219259
2024-08-18 18:45:00+00:00,6857.885761251296
2024-08-18 20:00:00+00:00,6844.722400228721
2024-08-18 21:45:00+00:00,6831.5147115291065
2024-08-18 22:00:00+00:00,6833.24703481791
2024-08-18 23:00:00+00:00,6835.112970002889
2024-08-18 23:45:00+00:00,6871.862121715403
2024-08-19 09:15:00+00:00,6908.4856831089055
2024-08-19 09:45:00+00:00,6895.338189137122
2024-08-19 10:00:00+00:00,6931.68330884832
2024-08-19 10:15:00+00:00,6918.412488596933
2024-08-19 11:15:00+00:00,6920.351027309203
2024-08-19 11:45:00+00:00,6907.078410228306
2024-08-19 13:00:00+00:00,6894.062078073761
2024-08-19 13:15:00+00:00,6880.557174022145
2024-08-19 13:45:00+00:00,6869.173392166192
2024-08-19 14:00:00+00:00,6870.772178604742
2024-08-19 14:45:00+00:00,6859.215871513502
2024-08-19 15:30:00+00:00,6861.142788869608
2024-08-19 15:45:00+00:00,6863.126600307359
2024-08-19 16:30:00+00:00,6850.054717685423
2024-08-19 17:30:00+00:00,6823.572459665582
2024-08-19 20:00:00+00:00,6862.596967379408
2024-08-19 20:30:00+00:00,6849.476328415931
2024-08-19 22:30:00+00:00,6836.401786057101
2024-08-20 01:00:00+00:00,6873.094528659017
2024-08-20 02:30:00+00:00,6910.107442254173
2024-08-20 03:45:00+00:00,6896.91338810182
2024-08-20 05:15:00+00:00,6883.821481400311
2024-08-20 10:30:00+00:00,6877.571121319074
2024-08-20 11:45:00+00:00,6873.665980052638
2024-08-20 13:30:00+00:00,6875.755122067268
2024-08-20 14:00:00+00:00,6862.289232568108
2024-08-20 15:00:00+00:00,6836.041798004547
2024-08-20 15:15:00+00:00,6859.740976376652
2024-08-20 16:15:00+00:00,6846.796784088977
2024-08-20 17:45:00+00:00,6820.664956204274
2024-08-20 18:15:00+00:00,6807.670107856304
2024-08-20 18:45:00+00:00,6794.479999715345
2024-08-20 20:00:00+00:00,6781.31205099184
2024-08-20 22:00:00+00:00,6783.106987715483
2024-08-21 01:45:00+00:00,6786.547761963124
2024-08-21 02:00:00+00:00,6773.251171800292
2024-08-21 05:15:00+00:00,6760.220044925577
2024-08-21 06:00:00+00:00,6762.074038024027
2024-08-21 09:00:00+00:00,6764.052039873506
2024-08-21 13:45:00+00:00,6750.852241096737
2024-08-21 14:15:00+00:00,6752.856228551782
2024-08-21 14:45:00+00:00,6739.964244783003
2024-08-21 15:45:00+00:00,6741.954531588267
2024-08-21 17:15:00+00:00,6728.964374268446
2024-08-21 20:45:00+00:00,6732.915083138312
2024-08-22 02:30:00+00:00,6719.60359734237
2024-08-22 09:30:00+00:00,6719.514706807631
2024-08-22 13:00:00+00:00,6756.638597058052
2024-08-22 23:30:00+00:00,6743.374538044617
2024-08-23 01:15:00+00:00,6730.105800695409
2024-08-23 06:30:00+00:00,6731.814709233768
2024-08-23 07:15:00+00:00,6733.28993615335
2024-08-23 11:00:00+00:00,6719.7830949826775
2024-08-23 14:00:00+00:00,6706.111118367588
2024-08-23 14:15:00+00:00,6742.499380416909
2024-08-23 15:15:00+00:00,6729.3174511271045
2024-08-23 22:00:00+00:00,6766.3135355489385
2024-08-23 22:45:00+00:00,6753.311230887139
2024-08-23 23:45:00+00:00,6755.467599480789
2024-08-24 09:45:00+00:00,6792.483094920037
2024-08-24 12:45:00+00:00,6794.29434575644
2024-08-24 13:30:00+00:00,6781.337917698294
2024-08-24 16:15:00+00:00,6818.139774035815
2024-08-24 17:45:00+00:00,6820.181310896981
2024-08-24 18:30:00+00:00,6807.0069954391465
2024-08-24 21:00:00+00:00,6793.920834370207
2024-08-24 21:45:00+00:00,6780.84659436231
2024-08-25 00:00:00+00:00,6767.825467064393
2024-08-25 00:45:00+00:00,6769.857729260323
2024-08-25 02:15:00+00:00,6756.884151828057
2024-08-25 07:30:00+00:00,6780.873303117242
2024-08-25 08:15:00+00:00,6767.635104812109
2024-08-25 11:30:00+00:00,6754.629928445281
2024-08-25 13:15:00+00:00,6741.441438421215
2024-08-25 13:30:00+00:00,6728.204064584301
2024-08-25 16:45:00+00:00,6730.200092466906
2024-08-26 03:45:00+00:00,6732.217088319929
2024-08-26 08:00:00+00:00,6733.7627896299955
2024-08-26 09:45:00+00:00,6735.597452134657
2024-08-26 10:00:00+00:00,6737.164651742802
2024-08-26 12:30:00+00:00,6760.226155428705
2024-08-26 17:45:00+00:00,6833.676448123876
2024-08-27 00:15:00+00:00,6868.045894720154
2024-08-27 00:30:00+00:00,6866.581176523423
2024-08-27 01:15:00+00:00,6853.145681138351
2024-08-27 01:30:00+00:00,6839.896106054043
2024-08-27 03:30:00+00:00,6841.502370268566
2024-08-27 05:15:00+00:00,6828.242562659805
2024-08-27 05:30:00+00:00,6814.791373262142
2024-08-27 07:15:00+00:00,6803.217530685452
2024-08-27 10:30:00+00:00,6839.681688060318
2024-08-27 11:15:00+00:00,6877.877226560801
2024-08-27 14:00:00+00:00,6901.433604506829
2024-08-27 14:15:00+00:00,6888.372718815921
2024-08-27 14:30:00+00:00,6875.241311159474
2024-08-27 15:30:00+00:00,6911.5496265094425
2024-08-27 18:15:00+00:00,6898.204944021199
2024-08-27 18:30:00+00:00,6900.169934806677
2024-08-27 21:30:00+00:00,6936.775827795025
2024-08-27 21:45:00+00:00,7010.625799173377
2024-08-27 22:00:00+00:00,7121.624081027016
2024-08-27 22:15:00+00:00,7145.7319840655355
2024-08-27 23:15:00+00:00,7132.899199523417
2024-08-27 23:30:00+00:00,7134.997572402095
2024-08-28 05:15:00+00:00,7122.122747241034
2024-08-28 05:30:00+00:00,7124.220483535276
2024-08-28 08:15:00+00:00,7126.0262289494385
2024-08-28 08:30:00+00:00,7115.040819487059
2024-08-28 09:30:00+00:00,7117.161436080522
2024-08-28 09:45:00+00:00,7078.129380974584
2024-08-28 12:15:00+00:00,7066.778538213252
2024-08-28 15:00:00+00:00,7103.775845725432
2024-08-28 15:15:00+00:00,7140.87899381824
2024-08-28 16:45:00+00:00,7102.00826747712
2024-08-28 18:45:00+00:00,7104.057464450549
2024-08-29 00:15:00+00:00,7106.165053894448
2024-08-29 06:30:00+00:00,7080.261000992166
2024-08-29 10:45:00+00:00,7067.025923035156
2024-08-29 12:00:00+00:00,7065.322545214374
2024-08-29 16:15:00+00:00,7067.140733783341
2024-08-29 16:45:00+00:00,7053.936876132514
2024-08-29 18:00:00+00:00,7040.773247655544
2024-08-29 18:15:00+00:00,7027.553893287993
2024-08-29 22:45:00+00:00,7014.519870917491
2024-08-30 00:30:00+00:00,7016.364189715212
2024-08-30 01:00:00+00:00,7016.051968331173
2024-08-30 09:15:00+00:00,7002.524184387587
2024-08-30 17:00:00+00:00,6989.5104107580555
2024-08-30 17:15:00+00:00,6976.630022906093
2024-08-30 18:15:00+00:00,6963.575679295327
2024-08-31 01:00:00+00:00,6947.898029300926
2024-08-31 08:45:00+00:00,6934.341190861094
2024-08-31 12:15:00+00:00,6935.662701274022
2024-08-31 13:45:00+00:00,6921.9675724328035
2024-08-31 16:45:00+00:00,6908.341647426436
2024-08-31 18:45:00+00:00,6909.923856006321
2024-09-01 02:00:00+00:00,6946.533180270761
2024-09-01 02:45:00+00:00,6933.321820605923
2024-09-01 05:15:00+00:00,6969.661671613961
2024-09-01 05:30:00+00:00,7006.4874829090295
2024-09-01 06:15:00+00:00,6992.7122784915155
2024-09-01 06:45:00+00:00,6979.418544749687
2024-09-01 07:45:00+00:00,6966.3160093814795
2024-09-01 09:30:00+00:00,6954.7270272825135
2024-09-01 13:15:00+00:00,6952.164697227856
2024-09-01 13:45:00+00:00,6988.763930370175
2024-09-01 15:45:00+00:00,6975.616958607284
2024-09-01 18:15:00+00:00,6977.54901854689
2024-09-01 21:15:00+00:00,6964.555388517113
2024-09-02 01:00:00+00:00,6951.584792282776
2024-09-02 05:45:00+00:00,6953.6160841452975
2024-09-02 06:00:00+00:00,6951.401469630637
2024-09-02 07:30:00+00:00,6988.277938225385
2024-09-02 08:15:00+00:00,6975.141372240097
2024-09-02 09:45:00+00:00,7011.887572284508
2024-09-02 11:15:00+00:00,7000.772165611567
2024-09-02 14:00:00+00:00,6987.655199972673
2024-09-02 16:30:00+00:00,6976.3933956755845
2024-09-02 20:45:00+00:00,7013.171058739218
2024-09-03 02:00:00+00:00,7087.13623507981
2024-09-03 04:45:00+00:00,7073.804410866533
2024-09-03 05:45:00+00:00,7075.4159544943595
2024-09-03 13:30:00+00:00,7076.610232874651
2024-09-03 17:00:00+00:00,7113.4941012279005
2024-09-03 17:15:00+00:00,7115.361923201936
2024-09-03 19:45:00+00:00,7089.231993280511
2024-09-04 00:45:00+00:00,7126.144050722253
2024-09-04 01:00:00+00:00,7163.121396729003
2024-09-04 01:45:00+00:00,7150.241515114403
2024-09-04 03:15:00+00:00,7124.440852444069
2024-09-04 07:00:00+00:00,7111.457776632348
2024-09-04 07:45:00+00:00,7100.9383028863585
2024-09-04 10:30:00+00:00,7102.810469538886
2024-09-04 11:30:00+00:00,7089.736855290982
2024-09-04 14:00:00+00:00,7078.652159009396
2024-09-04 14:30:00+00:00,7065.631429365451
2024-09-04 16:00:00+00:00,7052.688148258689
2024-09-05 01:30:00+00:00,7041.876577577683
2024-09-05 12:00:00+00:00,7078.688519668003
2024-09-05 13:15:00+00:00,7115.461503604771
2024-09-05 14:15:00+00:00,7102.434629195737
2024-09-05 15:00:00+00:00,7089.512185092367
2024-09-05 17:45:00+00:00,7091.462655540251
2024-09-05 19:15:00+00:00,7078.58372285652
2024-09-05 20:15:00+00:00,7080.558065045279
2024-09-06 07:45:00+00:00,7067.381582396735
2024-09-06 10:30:00+00:00,7054.228872924918
2024-09-06 12:30:00+00:00,7027.745099509637
2024-09-06 15:00:00+00:00,7001.589721682228
2024-09-06 15:15:00+00:00,7038.626376152891
2024-09-06 17:30:00+00:00,7075.712208614572
2024-09-06 19:30:00+00:00,7112.857283131853
2024-09-06 21:00:00+00:00,7150.003623993514
2024-09-06 21:45:00+00:00,7152.175369359464
2024-09-06 22:15:00+00:00,7154.318416571298
2024-09-06 22:30:00+00:00,7141.557665602882
2024-09-07 04:45:00+00:00,7128.605539402505
2024-09-07 05:00:00+00:00,7115.777174830915
2024-09-07 06:15:00+00:00,7110.944803355171
2024-09-07 06:45:00+00:00,7097.6105486843635
2024-09-07 07:15:00+00:00,7084.3082785879005
2024-09-07 17:15:00+00:00,7070.932970163857
2024-09-07 21:45:00+00:00,7057.5968448795165
2024-09-08 05:30:00+00:00,7044.4127982417585
2024-09-08 11:45:00+00:00,7030.8643223019635
2024-09-08 12:15:00+00:00,7017.343384565583
2024-09-08 12:45:00+00:00,6990.144057947055
2024-09-08 17:15:00+00:00,6976.4958825599915
2024-09-08 17:30:00+00:00,6978.485763143678
2024-09-08 18:45:00+00:00,6964.879190764746
2024-09-08 21:45:00+00:00,6951.835623334068
2024-09-08 22:15:00+00:00,6938.098994970168
2024-09-09 04:00:00+00:00,6925.075869375074
2024-09-09 10:00:00+00:00,6926.655187114297
2024-09-09 10:30:00+00:00,6913.629616234375
2024-09-09 12:00:00+00:00,6900.0890273189825
2024-09-09 12:15:00+00:00,6886.523893791621
2024-09-09 15:30:00+00:00,6860.590289683088
2024-09-09 16:30:00+00:00,6847.659520450236
2024-09-09 21:00:00+00:00,6884.510495165813
2024-09-09 21:15:00+00:00,6921.275405470274
2024-09-09 21:45:00+00:00,6908.167842523945
2024-09-10 00:00:00+00:00,6895.069378390781
2024-09-10 02:15:00+00:00,6883.934635172102
2024-09-10 09:00:00+00:00,6885.59664635143
2024-09-10 13:30:00+00:00,6887.352487336515
2024-09-10 15:45:00+00:00,6889.083367552914
2024-09-11 10:30:00+00:00,6875.944828123415
2024-09-11 12:30:00+00:00,6862.716299372601
2024-09-11 12:45:00+00:00,6864.079762849062
2024-09-11 14:30:00+00:00,6900.994837920296
2024-09-11 14:45:00+00:00,6887.9710582604985
2024-09-11 15:00:00+00:00,6875.027178156252
2024-09-11 15:15:00+00:00,6861.749640564749
2024-09-11 15:30:00+00:00,6835.858051214409
2024-09-11 15:45:00+00:00,6809.952537723457
2024-09-11 16:45:00+00:00,6797.033015256515
2024-09-11 17:00:00+00:00,6784.085933460156
2024-09-11 21:15:00+00:00,6771.010835678669
2024-09-11 22:45:00+00:00,6808.025872906713
2024-09-12 00:45:00+00:00,6810.079370288181
2024-09-12 01:00:00+00:00,6846.796592488152
2024-09-12 02:00:00+00:00,6833.609216497103
2024-09-12 02:15:00+00:00,6834.223266981455
2024-09-12 09:15:00+00:00,6836.199628428302
2024-09-12 11:45:00+00:00,6822.956397589967
2024-09-12 12:45:00+00:00,6823.974326377141
2024-09-12 15:15:00+00:00,6825.68038984698
2024-09-12 15:30:00+00:00,6812.851342985839
2024-09-12 17:30:00+00:00,6799.667162049118
2024-09-13 01:00:00+00:00,6801.379154487554
2024-09-13 06:45:00+00:00,6788.269077016742
2024-09-13 09:30:00+00:00,6790.178714218014
2024-09-13 13:15:00+00:00,6791.946395706056
2024-09-13 14:15:00+00:00,6778.61279077798
2024-09-13 14:30:00+00:00,6780.5545955765
2024-09-13 16:45:00+00:00,6782.421048565746
2024-09-13 20:15:00+00:00,6806.452809593553
2024-09-13 23:00:00+00:00,6808.312672141981
2024-09-13 23:15:00+00:00,6796.880239201448
2024-09-14 05:30:00+00:00,6783.604381081822
2024-09-14 05:45:00+00:00,6783.525773718283
2024-09-14 06:00:00+00:00,6785.393712914632
2024-09-14 09:30:00+00:00,6772.050772965595
2024-09-14 12:00:00+00:00,6773.687474867519
2024-09-14 14:15:00+00:00,6760.084948792276
2024-09-14 18:00:00+00:00,6746.924436668604
2024-09-14 18:45:00+00:00,6746.248010982709
2024-09-14 23:30:00+00:00,6747.658461129563
2024-09-15 01:15:00+00:00,6749.506121416977
2024-09-15 10:15:00+00:00,6736.098675921996
2024-09-15 11:00:00+00:00,6722.731588190254
2024-09-15 14:15:00+00:00,6724.390144888166
2024-09-15 14:30:00+00:00,6725.912656948668
2024-09-15 16:15:00+00:00,6727.600115170461
2024-09-15 16:45:00+00:00,6764.096533846055
2024-09-15 17:00:00+00:00,6787.48485992208
2024-09-15 18:45:00+00:00,6774.208290675425
2024-09-15 22:00:00+00:00,6810.95938625201
2024-09-15 23:00:00+00:00,6847.595447971517
2024-09-15 23:15:00+00:00,6886.145125249775
2024-09-16 01:30:00+00:00,6923.091760593903
2024-09-16 02:45:00+00:00,6996.797832561408
2024-09-16 03:00:00+00:00,6998.668085435588
2024-09-16 05:45:00+00:00,6985.6829541069665
2024-09-16 06:00:00+00:00,6972.361205615307
2024-09-16 07:45:00+00:00,6959.403431075717
2024-09-16 08:00:00+00:00,6945.959925459957
2024-09-16 08:15:00+00:00,6932.4410029600385
2024-09-16 13:30:00+00:00,6942.135046354985
2024-09-16 14:15:00+00:00,6978.723786725247
2024-09-16 14:30:00+00:00,7015.496291721234
2024-09-16 16:30:00+00:00,7052.273748407407
2024-09-16 17:00:00+00:00,7088.850412791593
2024-09-16 17:45:00+00:00,7062.506831524057
2024-09-16 20:00:00+00:00,7036.148618058623
2024-09-16 23:15:00+00:00,7024.7828205697715
2024-09-17 00:45:00+00:00,7024.821769637056
2024-09-17 02:30:00+00:00,7026.4023595607105
2024-09-17 02:45:00+00:00,7027.896804737137
2024-09-17 05:00:00+00:00,7014.4342128216995
2024-09-17 05:45:00+00:00,7000.7023351920125
2024-09-17 08:00:00+00:00,7002.25011114067
2024-09-17 18:15:00+00:00,6989.260111417564
2024-09-18 10:30:00+00:00,6975.933223498567
2024-09-18 12:45:00+00:00,6964.422456982587
2024-09-18 13:00:00+00:00,6951.113882220675
2024-09-18 15:15:00+00:00,6987.799107486804
2024-09-18 16:00:00+00:00,6974.704573709514
2024-09-18 17:30:00+00:00,6998.376207142221
2024-09-18 18:00:00+00:00,6972.203265533767
2024-09-18 18:30:00+00:00,6959.236437869408
2024-09-18 23:15:00+00:00,6946.309887723922
2024-09-19 01:00:00+00:00,6933.272972193571
2024-09-19 01:30:00+00:00,6920.27807264036
2024-09-19 06:45:00+00:00,6907.2304945085425
2024-09-19 07:00:00+00:00,6905.656527195574
2024-09-19 07:45:00+00:00,6907.5853040743805
2024-09-19 21:30:00+00:00,6909.478067487386
2024-09-19 21:45:00+00:00,6902.892676210069
2024-09-20 00:30:00+00:00,6904.73634702576
2024-09-20 01:00:00+00:00,6906.733228531719
2024-09-20 11:15:00+00:00,6908.773702091012
2024-09-20 13:00:00+00:00,6895.799229561101
2024-09-20 14:00:00+00:00,6882.836316237904
2024-09-21 00:15:00+00:00,6869.364513872914
2024-09-21 10:15:00+00:00,6855.954445638892
2024-09-21 16:00:00+00:00,6842.47854167227
2024-09-21 18:00:00+00:00,6829.393699129513
2024-09-21 21:00:00+00:00,6816.336083386564
2024-09-21 22:45:00+00:00,6815.627625722131
2024-09-22 08:45:00+00:00,6802.260640208856
2024-09-22 12:00:00+00:00,6803.864462914091
2024-09-22 12:45:00+00:00,6790.529692962111
2024-09-22 15:45:00+00:00,6777.081405340768
2024-09-22 16:00:00+00:00,6813.720142620603
2024-09-22 16:30:00+00:00,6800.294932811716
2024-09-22 17:00:00+00:00,6801.946878799719
2024-09-22 17:15:00+00:00,6788.746384335875
2024-09-22 17:30:00+00:00,6775.512197928958
2024-09-22 17:45:00+00:00,6748.967570626029
2024-09-22 19:45:00+00:00,6750.654674717988
2024-09-22 20:15:00+00:00,6754.170784014131
2024-09-22 21:45:00+00:00,6790.87879941563
2024-09-22 22:15:00+00:00,6792.607730845339
2024-09-22 22:30:00+00:00,6779.368636239068
2024-09-23 00:30:00+00:00,6756.919779649772
2024-09-23 00:45:00+00:00,6747.848978951119
2024-09-23 01:00:00+00:00,6734.855019016927
2024-09-23 01:30:00+00:00,6721.925157905215
2024-09-23 03:00:00+00:00,6708.968253973123
2024-09-23 06:15:00+00:00,6670.0670020224825
2024-09-23 09:15:00+00:00,6657.007523830761
2024-09-23 09:30:00+00:00,6644.034538006734
2024-09-23 14:00:00+00:00,6645.961095771731
2024-09-23 14:15:00+00:00,6619.316185477544
2024-09-23 15:00:00+00:00,6616.834664672065
2024-09-23 15:30:00+00:00,6603.510050490388
2024-09-23 18:15:00+00:00,6607.544753033843
2024-09-23 21:30:00+00:00,6609.563543327126
2024-09-23 23:15:00+00:00,6606.936944139269
2024-09-23 23:30:00+00:00,6593.771200373292
2024-09-24 06:00:00+00:00,6580.617310321376
2024-09-24 06:15:00+00:00,6581.9105929506095
2024-09-24 07:00:00+00:00,6583.892952487216
2024-09-24 08:00:00+00:00,6570.413952468745
2024-09-24 08:30:00+00:00,6556.909717316364
2024-09-24 14:00:00+00:00,6595.2969423405275
2024-09-24 14:15:00+00:00,6597.11015738327
2024-09-24 14:45:00+00:00,6583.867358791716
2024-09-24 15:00:00+00:00,6570.38337328404
2024-09-24 16:45:00+00:00,6557.140273736068
2024-09-24 17:30:00+00:00,6543.831344128068
2024-09-24 18:00:00+00:00,6580.854497890073
2024-09-24 21:30:00+00:00,6567.495174090233
2024-09-24 22:00:00+00:00,6554.2419264708515
2024-09-25 00:15:00+00:00,6555.766799802394
2024-09-25 00:45:00+00:00,6542.258774690412
2024-09-25 03:00:00+00:00,6543.784368539378
2024-09-25 04:45:00+00:00,6530.77155828535
2024-09-25 06:15:00+00:00,6517.266908403549
2024-09-25 06:30:00+00:00,6519.312447674407
2024-09-25 08:45:00+00:00,6505.5920550485935
2024-09-25 10:30:00+00:00,6491.786433357085
2024-09-25 13:15:00+00:00,6493.265477525361
2024-09-25 16:45:00+00:00,6495.15957488179
2024-09-25 17:00:00+00:00,6531.687601494118
2024-09-25 17:15:00+00:00,6568.150508203868
2024-09-25 19:15:00+00:00,6555.171200187409
2024-09-25 23:00:00+00:00,6556.073827374457
2024-09-26 00:00:00+00:00,6557.668415159051
2024-09-26 01:30:00+00:00,6593.892644550062
2024-09-26 01:45:00+00:00,6595.228045923467
2024-09-26 02:00:00+00:00,6581.869166988549
2024-09-26 06:30:00+00:00,6618.57050693625
2024-09-26 07:30:00+00:00,6620.595275830768
2024-09-26 08:00:00+00:00,6657.399917552937
2024-09-26 08:45:00+00:00,6644.131525525903
2024-09-26 11:45:00+00:00,6646.165088285843
2024-09-26 12:00:00+00:00,6682.908722063206
2024-09-26 13:15:00+00:00,6684.775100031622
2024-09-26 14:15:00+00:00,6721.042786045108
2024-09-26 15:00:00+00:00,6707.71362767576
2024-09-26 15:30:00+00:00,6744.661375526157
2024-09-26 16:00:00+00:00,6781.635626625034
2024-09-26 17:30:00+00:00,6783.69640377673
2024-09-26 18:00:00+00:00,6785.463402692628
2024-09-26 20:15:00+00:00,6787.535864132164
2024-09-26 23:15:00+00:00,6774.604994867436
2024-09-27 08:15:00+00:00,6813.53199626912
2024-09-27 08:45:00+00:00,6815.611523989904
2024-09-27 12:30:00+00:00,6802.054374905082
2024-09-27 16:45:00+00:00,6788.951421812414
2024-09-28 00:00:00+00:00,6780.610570999006
2024-09-28 09:00:00+00:00,6817.253245919405
2024-09-28 11:00:00+00:00,6854.278511558923
2024-09-28 16:30:00+00:00,6848.664220715384
2024-09-28 21:15:00+00:00,6846.474061677511
2024-09-29 00:30:00+00:00,6833.289530397833
2024-09-29 09:00:00+00:00,6819.558408361587
2024-09-29 11:15:00+00:00,6821.32593898814
2024-09-29 12:00:00+00:00,6807.5922712696
2024-09-29 13:15:00+00:00,6809.237360750968
2024-09-29 14:30:00+00:00,6796.042517540933
2024-09-29 15:00:00+00:00,6782.181388561003
2024-09-29 15:45:00+00:00,6768.904089433023
2024-09-29 16:00:00+00:00,6755.633778409836
2024-09-29 16:45:00+00:00,6757.392381859698
2024-09-29 17:00:00+00:00,6744.324376952726
2024-09-29 17:15:00+00:00,6730.671218213638
2024-09-29 19:15:00+00:00,6717.641122534942
2024-09-29 19:45:00+00:00,6704.367941862411
2024-09-29 20:00:00+00:00,6691.197311350401
2024-09-29 21:00:00+00:00,6678.024643159491
2024-09-29 22:30:00+00:00,6679.871027348027
2024-09-29 23:15:00+00:00,6666.709807113098
2024-09-30 01:00:00+00:00,6668.570846905147
2024-09-30 01:45:00+00:00,6707.327777398498
2024-09-30 03:00:00+00:00,6694.302557972954
2024-09-30 05:00:00+00:00,6681.051275334465
2024-09-30 10:00:00+00:00,6717.770913019828
2024-09-30 11:00:00+00:00,6741.425380074016
2024-09-30 11:15:00+00:00,6728.151044822015
2024-09-30 12:45:00+00:00,6714.672108166825
2024-09-30 14:30:00+00:00,6703.034266707626
2024-09-30 18:15:00+00:00,6739.527895498499
2024-09-30 19:30:00+00:00,6726.293287595047
2024-09-30 20:15:00+00:00,6713.0178514101935
2024-09-30 22:45:00+00:00,6750.030804634516
2024-09-30 23:30:00+00:00,6773.618700635343
2024-09-30 23:45:00+00:00,6775.636458216873
2024-10-01 00:30:00+00:00,6762.537321137744
2024-10-01 01:00:00+00:00,6764.056387436898
2024-10-01 03:00:00+00:00,6751.018378522331
2024-10-01 04:30:00+00:00,6787.9823541835685
2024-10-01 06:15:00+00:00,6761.570335560848
2024-10-01 14:45:00+00:00,6785.058192351878
2024-10-01 15:00:00+00:00,6821.88892025432
2024-10-01 15:30:00+00:00,6846.130835928674
2024-10-01 17:15:00+00:00,6870.324647944481
2024-10-01 18:00:00+00:00,6909.31371149095
2024-10-01 18:15:00+00:00,6896.549247723067
2024-10-01 18:30:00+00:00,6883.751953864343
2024-10-01 18:45:00+00:00,6870.970053864075
2024-10-02 02:45:00+00:00,6857.945531020738
2024-10-02 03:30:00+00:00,6858.482902882103
2024-10-02 04:15:00+00:00,6845.475271273673
2024-10-02 06:30:00+00:00,6847.350938554317
2024-10-02 09:15:00+00:00,6834.321033421619
2024-10-02 10:30:00+00:00,6821.23640781811
2024-10-02 10:45:00+00:00,6808.163823816443
2024-10-02 11:30:00+00:00,6810.091889228342
2024-10-02 13:00:00+00:00,6797.084577516449
2024-10-02 13:30:00+00:00,6834.162198243583
2024-10-02 13:45:00+00:00,6821.243110161133
2024-10-02 16:00:00+00:00,6808.341055361023
2024-10-02 16:30:00+00:00,6810.405795198863
2024-10-02 18:30:00+00:00,6808.457644873122
2024-10-02 19:45:00+00:00,6810.5967988916955
2024-10-02 20:45:00+00:00,6797.705278422717
2024-10-02 22:15:00+00:00,6834.909993826393
2024-10-02 22:45:00+00:00,6822.177413038553
2024-10-03 01:15:00+00:00,6809.341627666972
2024-10-03 07:30:00+00:00,6805.439721716434
2024-10-03 08:15:00+00:00,6842.43306425143
2024-10-03 08:45:00+00:00,6879.522130551362
2024-10-03 09:15:00+00:00,6881.5339896032265
2024-10-03 10:45:00+00:00,6868.1902785878765
2024-10-03 13:15:00+00:00,6870.299910429671
2024-10-03 13:30:00+00:00,6872.382680255907
2024-10-03 14:00:00+00:00,6861.588417204407
2024-10-03 15:45:00+00:00,6850.792330993206
2024-10-03 19:45:00+00:00,6825.132134731441
2024-10-03 21:15:00+00:00,6812.283117406259
2024-10-03 23:00:00+00:00,6799.349351337708
2024-10-04 01:15:00+00:00,6786.31355315976
2024-10-04 02:30:00+00:00,6776.606859020968
2024-10-04 09:15:00+00:00,6778.502237219065
2024-10-04 12:30:00+00:00,6780.397870231813
2024-10-04 13:00:00+00:00,6767.371976624253
2024-10-04 23:15:00+00:00,6754.027823694595
2024-10-05 02:45:00+00:00,6740.183233250432
2024-10-05 03:00:00+00:00,6728.407834382713
2024-10-05 06:45:00+00:00,6764.553988564631
2024-10-05 13:45:00+00:00,6750.819952223062
2024-10-05 16:30:00+00:00,6787.106420384043
2024-10-05 17:00:00+00:00,6788.031843751414
2024-10-05 19:15:00+00:00,6789.055158767966
2024-10-05 20:45:00+00:00,6775.162312501776
2024-10-05 22:15:00+00:00,6776.738979849098
2024-10-06 01:15:00+00:00,6763.367914177212
2024-10-06 09:45:00+00:00,6764.885411014455
2024-10-06 11:30:00+00:00,6751.0636966624315
2024-10-06 14:15:00+00:00,6737.309074744613
2024-10-06 14:45:00+00:00,6773.524956415711
2024-10-07 00:00:00+00:00,6768.479909672077
2024-10-07 00:15:00+00:00,6755.190262283003
2024-10-07 00:30:00+00:00,6741.954204402757
2024-10-07 01:30:00+00:00,6728.845543896375
2024-10-07 03:30:00+00:00,6730.5283140447455
2024-10-07 04:00:00+00:00,6719.278561058487
2024-10-07 05:00:00+00:00,6705.959070577664
2024-10-07 07:30:00+00:00,6692.668128040288
2024-10-07 08:45:00+00:00,6679.513608649913
2024-10-07 09:00:00+00:00,6665.665383836685
2024-10-07 09:15:00+00:00,6638.890715594057
2024-10-07 10:15:00+00:00,6611.9419852564715
2024-10-07 11:00:00+00:00,6598.394756251604
2024-10-07 11:30:00+00:00,6621.757610913272
2024-10-07 13:45:00+00:00,6608.6674756124985
2024-10-07 14:00:00+00:00,6645.155466698864
2024-10-07 14:15:00+00:00,6618.965372038829
2024-10-07 15:00:00+00:00,6605.667533055086
2024-10-07 15:30:00+00:00,6594.323560431118
2024-10-07 16:30:00+00:00,6581.167330305436
2024-10-07 18:30:00+00:00,6567.902374329872
2024-10-07 19:00:00+00:00,6554.96719859629
2024-10-07 19:15:00+00:00,6542.011118050702
2024-10-07 21:30:00+00:00,6529.090887940236
2024-10-07 22:45:00+00:00,6515.681465068388
2024-10-08 00:00:00+00:00,6517.597889792017
2024-10-08 03:00:00+00:00,6519.600138307727
2024-10-08 06:30:00+00:00,6521.539770306131
2024-10-08 08:15:00+00:00,6523.479712551187
2024-10-08 11:45:00+00:00,6525.396714567709
2024-10-08 12:30:00+00:00,6562.388080892399
2024-10-08 13:00:00+00:00,6549.07947447531
2024-10-08 13:15:00+00:00,6535.730570924799
2024-10-08 13:30:00+00:00,6537.6723380769035
2024-10-08 14:30:00+00:00,6526.101157942147
2024-10-08 15:30:00+00:00,6549.807838721684
2024-10-08 16:30:00+00:00,6573.450131844978
2024-10-08 17:30:00+00:00,6575.254600311898
2024-10-08 20:15:00+00:00,6562.253954380824
2024-10-08 22:15:00+00:00,6564.035567228886
2024-10-09 00:15:00+00:00,6565.023454970529
2024-10-09 00:30:00+00:00,6551.5193133821895
2024-10-09 01:15:00+00:00,6553.41259585925
2024-10-09 03:45:00+00:00,6555.182826311096
2024-10-09 10:15:00+00:00,6591.994598770644
2024-10-09 11:00:00+00:00,6578.423524930421
2024-10-09 12:30:00+00:00,6615.161473158674
2024-10-09 13:15:00+00:00,6616.789169851266
2024-10-09 15:00:00+00:00,6603.5479281295065
2024-10-09 15:15:00+00:00,6605.225738734198
2024-10-09 19:15:00+00:00,6641.78091361306
2024-10-09 20:45:00+00:00,6678.625028308835
2024-10-09 23:00:00+00:00,6717.269531436051
2024-10-10 00:15:00+00:00,6704.282887999292
2024-10-10 01:30:00+00:00,6691.012835623968
2024-10-10 03:30:00+00:00,6677.73678861956
2024-10-10 03:45:00+00:00,6664.445016034684
2024-10-10 05:45:00+00:00,6666.045253538113
2024-10-10 09:15:00+00:00,6702.6639570208135
2024-10-10 09:30:00+00:00,6740.049467849053
2024-10-10 10:15:00+00:00,6726.786542150674
2024-10-10 14:45:00+00:00,6728.732383665404
2024-10-10 19:00:00+00:00,6730.527662116998
2024-10-10 20:15:00+00:00,6721.349674867698
2024-10-10 21:45:00+00:00,6708.143311823814
2024-10-10 23:30:00+00:00,6681.969867180679
2024-10-11 00:00:00+00:00,6668.678802653197
2024-10-11 01:45:00+00:00,6655.525289884564
2024-10-11 10:30:00+00:00,6643.201293400413
2024-10-11 11:15:00+00:00,6644.834873697957
2024-10-11 19:00:00+00:00,6681.411874321888
2024-10-11 21:15:00+00:00,6668.063627939644
2024-10-11 22:00:00+00:00,6654.684363365815
2024-10-11 23:45:00+00:00,6641.132662619137
2024-10-12 00:00:00+00:00,6639.000973897459
2024-10-12 00:45:00+00:00,6625.76977745274
2024-10-12 01:30:00+00:00,6612.60024723253
2024-10-12 02:30:00+00:00,6599.630805969413
2024-10-12 03:15:00+00:00,6586.273727544764
2024-10-12 09:15:00+00:00,6565.823371078091
2024-10-12 13:30:00+00:00,6602.588588873755
2024-10-12 13:45:00+00:00,6604.041723780984
2024-10-12 16:30:00+00:00,6590.534850083671
2024-10-12 16:45:00+00:00,6577.19547673991
2024-10-12 18:15:00+00:00,6564.0994020060525
2024-10-12 19:15:00+00:00,6550.748016503004
2024-10-12 20:30:00+00:00,6537.648929925173
2024-10-12 22:00:00+00:00,6539.1702966473085
2024-10-13 01:00:00+00:00,6537.119116344834
2024-10-13 03:15:00+00:00,6523.499646430104
2024-10-13 10:45:00+00:00,6524.884642690712
2024-10-13 14:30:00+00:00,6511.505677114454
2024-10-13 15:15:00+00:00,6547.551272126502
2024-10-13 16:15:00+00:00,6507.230604416496
2024-10-13 18:00:00+00:00,6508.969497178159
2024-10-13 19:30:00+00:00,6495.341011767822
2024-10-13 21:15:00+00:00,6481.559873689359
2024-10-14 00:00:00+00:00,6483.3590424098375
2024-10-14 03:15:00+00:00,6520.10554091651
2024-10-14 05:15:00+00:00,6507.02376687589
2024-10-14 05:30:00+00:00,6480.276338132877
2024-10-14 14:15:00+00:00,6517.100369016393
2024-10-14 16:00:00+00:00,6577.701377986497
2024-10-14 16:45:00+00:00,6564.300531346264
2024-10-14 21:00:00+00:00,6561.348410727372
2024-10-14 23:45:00+00:00,6561.533661954365
2024-10-15 00:30:00+00:00,6563.017458594373
2024-10-15 02:45:00+00:00,6600.890601687486
2024-10-15 03:30:00+00:00,6587.344424755685
2024-10-15 05:00:00+00:00,6574.2095836055205
2024-10-15 09:30:00+00:00,6610.925419456494
2024-10-15 11:00:00+00:00,6612.51585382589
2024-10-15 11:15:00+00:00,6614.378405638352
2024-10-15 11:30:00+00:00,6601.270371530886
2024-10-15 11:45:00+00:00,6587.859667454713
2024-10-15 13:15:00+00:00,6589.840615530609
2024-10-15 13:45:00+00:00,6626.5488799258665
2024-10-15 14:15:00+00:00,6650.61903561671
2024-10-15 14:30:00+00:00,6637.520853585461
2024-10-15 15:15:00+00:00,6639.7155792747635
2024-10-15 16:15:00+00:00,6626.958021096671
2024-10-15 16:30:00+00:00,6614.170629193053
2024-10-15 18:45:00+00:00,6601.4243958719
2024-10-15 20:45:00+00:00,6603.568036762267
2024-10-15 21:00:00+00:00,6590.586596467375
2024-10-15 23:30:00+00:00,6577.729665782962
2024-10-16 00:00:00+00:00,6579.913764272296
2024-10-16 02:00:00+00:00,6581.947113853353
2024-10-16 05:30:00+00:00,6583.891861449501
2024-10-16 09:30:00+00:00,6621.034000445915
2024-10-16 11:30:00+00:00,6624.893738201153
2024-10-16 15:00:00+00:00,6612.12728458143
2024-10-16 20:45:00+00:00,6598.7369708028955
2024-10-16 21:15:00+00:00,6600.972068688518
2024-10-17 00:15:00+00:00,6588.157345190901
2024-10-17 11:15:00+00:00,6574.996591902137
2024-10-17 12:30:00+00:00,6561.684211966004
2024-10-17 13:30:00+00:00,6563.57746234951
2024-10-17 15:30:00+00:00,6550.332300675505
2024-10-17 19:45:00+00:00,6552.289036438642
2024-10-17 20:45:00+00:00,6539.21388851876
2024-10-18 01:15:00+00:00,6512.8584320935715
2024-10-18 02:30:00+00:00,6499.599846662772
2024-10-18 05:45:00+00:00,6501.333521267138
2024-10-18 11:45:00+00:00,6503.027421651428
2024-10-18 12:45:00+00:00,6489.4591439536
2024-10-18 14:15:00+00:00,6490.974932694998
2024-10-18 16:00:00+00:00,6477.537618175315
2024-10-18 20:15:00+00:00,6452.575450617541
2024-10-18 21:45:00+00:00,6426.019403364003
2024-10-19 02:45:00+00:00,6462.512810638806
2024-10-19 03:30:00+00:00,6449.264329693925
2024-10-19 03:45:00+00:00,6435.8406025781105
2024-10-19 04:30:00+00:00,6422.424193439459
2024-10-19 10:15:00+00:00,6416.554191422757
2024-10-19 10:45:00+00:00,6403.049424764277
2024-10-19 11:30:00+00:00,6389.627234763527
2024-10-19 13:30:00+00:00,6376.331617138179
2024-10-20 00:45:00+00:00,6362.965541779953
2024-10-20 06:00:00+00:00,6364.652091966303
2024-10-20 11:15:00+00:00,6351.06432249157
2024-10-20 11:30:00+00:00,6337.270454666166
2024-10-20 12:45:00+00:00,6336.660823023347
2024-10-20 13:30:00+00:00,6322.755709349162
2024-10-20 14:00:00+00:00,6324.109327848711
2024-10-20 14:45:00+00:00,6325.444090063494
2024-10-20 15:30:00+00:00,6327.128868402111
2024-10-20 17:15:00+00:00,6314.06231229581
2024-10-20 18:30:00+00:00,6315.774864717965
2024-10-20 20:30:00+00:00,6302.326615874887
2024-10-20 22:00:00+00:00,6338.859989872551
2024-10-20 23:00:00+00:00,6312.137041666494
2024-10-21 11:30:00+00:00,6313.892292767006
2024-10-21 13:15:00+00:00,6350.000154996776
2024-10-21 15:45:00+00:00,6351.55835408281
2024-10-21 16:45:00+00:00,6353.260077274537
2024-10-21 17:30:00+00:00,6340.21626592334
2024-10-21 19:00:00+00:00,6341.8180596992925
2024-10-21 19:45:00+00:00,6328.680749499079
2024-10-22 00:15:00+00:00,6365.238411084966
2024-10-22 00:45:00+00:00,6366.964443309939
2024-10-22 01:15:00+00:00,6353.584604369966
2024-10-22 01:30:00+00:00,6355.1479659405695
2024-10-22 01:45:00+00:00,6341.9110323094055
2024-10-22 05:00:00+00:00,6343.682372808854
2024-10-22 06:30:00+00:00,6330.350828448676
2024-10-22 08:15:00+00:00,6317.256479221871
2024-10-22 09:15:00+00:00,6355.262271927095
2024-10-22 10:15:00+00:00,6357.016641545029
2024-10-22 11:00:00+00:00,6343.345747276201
2024-10-22 12:30:00+00:00,6331.784341708552
2024-10-22 13:45:00+00:00,6368.557195692508
2024-10-22 14:00:00+00:00,6343.075731222554
2024-10-22 16:45:00+00:00,6330.088460757052
2024-10-22 18:00:00+00:00,6331.99504160987
2024-10-22 18:15:00+00:00,6334.116268154193
2024-10-22 20:15:00+00:00,6336.249472798422
2024-10-22 23:30:00+00:00,6338.242890136136
2024-10-23 04:00:00+00:00,6325.226807028262
2024-10-23 08:00:00+00:00,6361.213382187293
2024-10-23 08:45:00+00:00,6398.047843685194
2024-10-23 09:30:00+00:00,6399.400174025684
2024-10-23 10:15:00+00:00,6385.769767473937
2024-10-23 12:45:00+00:00,6387.066696985717
2024-10-23 13:15:00+00:00,6374.133041791131
2024-10-23 13:45:00+00:00,6360.489422841766
2024-10-23 14:45:00+00:00,6349.372605872722
2024-10-23 16:00:00+00:00,6385.571179097125
2024-10-23 16:30:00+00:00,6372.627004341714
2024-10-23 16:45:00+00:00,6409.362916629005
2024-10-23 18:30:00+00:00,6410.856771153695
2024-10-23 18:45:00+00:00,6412.444393784443
2024-10-23 19:30:00+00:00,6400.977384678305
2024-10-23 22:15:00+00:00,6390.101039828437
2024-10-23 23:45:00+00:00,6376.727130793284
2024-10-24 00:45:00+00:00,6363.488002458135
2024-10-24 09:00:00+00:00,6351.7144661617085
2024-10-24 11:30:00+00:00,6338.560826443758
2024-10-24 13:15:00+00:00,6325.322382437798
2024-10-24 14:45:00+00:00,6327.1895708318425
2024-10-24 15:30:00+00:00,6328.985059394731
2024-10-24 16:00:00+00:00,6315.992909413434
2024-10-24 23:30:00+00:00,6318.029467393004
2024-10-25 07:15:00+00:00,6354.130232032265
2024-10-25 09:00:00+00:00,6340.5370792309
2024-10-25 13:45:00+00:00,6341.805983422702
2024-10-25 17:45:00+00:00,6378.220846838175
2024-10-25 21:15:00+00:00,6380.280215931736
2024-10-25 23:00:00+00:00,6417.131422213718
2024-10-25 23:45:00+00:00,6478.361937534517
2024-10-26 00:30:00+00:00,6465.5761227113235
2024-10-26 04:15:00+00:00,6452.773187863638
2024-10-26 06:30:00+00:00,6439.805972877674
2024-10-26 13:45:00+00:00,6413.726109339091
2024-10-26 14:15:00+00:00,6400.150255752024
2024-10-26 14:45:00+00:00,6386.825696147161
2024-10-26 17:15:00+00:00,6360.051390168961
2024-10-27 00:45:00+00:00,6346.720882975404
2024-10-27 18:45:00+00:00,6348.115931567046
2024-10-27 23:00:00+00:00,6384.541849565128
2024-10-28 01:00:00+00:00,6386.038400395078
2024-10-28 03:30:00+00:00,6372.413717576127
2024-10-28 08:30:00+00:00,6358.494041355553
2024-10-28 09:00:00+00:00,6395.136575858441
2024-10-28 11:00:00+00:00,6432.248222657425
2024-10-28 12:00:00+00:00,6433.908013249925
2024-10-28 12:30:00+00:00,6469.944703741389
2024-10-28 13:30:00+00:00,6456.658263241557
2024-10-28 13:45:00+00:00,6458.750335783245
2024-10-28 14:00:00+00:00,6453.3208533982115
2024-10-28 14:15:00+00:00,6440.153913199932
2024-10-28 15:15:00+00:00,6412.708608754991
2024-10-28 15:30:00+00:00,6401.392686745516
2024-10-28 17:00:00+00:00,6389.277707439969
2024-10-28 18:45:00+00:00,6375.6925653399685
2024-10-28 19:00:00+00:00,6412.865932373969
2024-10-28 22:00:00+00:00,6449.485889349702
2024-10-29 00:15:00+00:00,6523.172696306677
2024-10-29 01:00:00+00:00,6525.389912951945
2024-10-29 02:00:00+00:00,6561.887737354561
2024-10-29 02:15:00+00:00,6598.3420500861985
2024-10-29 03:45:00+00:00,6584.875263319867
2024-10-29 05:00:00+00:00,6572.116139293769
2024-10-29 09:00:00+00:00,6572.846742864323
2024-10-29 10:30:00+00:00,6565.293585665462
2024-10-29 11:45:00+00:00,6551.931793362007
2024-10-29 12:00:00+00:00,6538.640746741656
2024-10-29 13:30:00+00:00,6525.075446025159
2024-10-29 14:15:00+00:00,6511.593930812543
2024-10-29 15:45:00+00:00,6499.8906702145705
2024-10-29 16:45:00+00:00,6486.712767350799
2024-10-29 17:00:00+00:00,6560.129047428481
2024-10-29 18:00:00+00:00,6546.902002194728
2024-10-29 18:15:00+00:00,6533.705855797124
2024-10-29 19:15:00+00:00,6535.490101442156
2024-10-29 20:15:00+00:00,6572.369653302566
2024-10-29 22:00:00+00:00,6559.373944447206
2024-10-30 08:30:00+00:00,6546.228582630501
2024-10-30 09:00:00+00:00,6583.144234198788
2024-10-30 11:00:00+00:00,6619.802030754575
2024-10-30 14:00:00+00:00,6656.515894041345
2024-10-30 15:00:00+00:00,6682.15020310545
2024-10-30 16:30:00+00:00,6669.18164324188
2024-10-30 18:45:00+00:00,6706.093038446248
2024-10-30 19:15:00+00:00,6693.040282354209
2024-10-30 20:00:00+00:00,6680.112443004314
2024-10-30 20:45:00+00:00,6667.039408138188
2024-10-31 01:30:00+00:00,6669.069491435984
2024-10-31 02:30:00+00:00,6655.336139064383
2024-10-31 04:45:00+00:00,6657.166976886802
2024-10-31 06:30:00+00:00,6693.442257907022
2024-10-31 06:45:00+00:00,6680.369240920559
2024-10-31 08:15:00+00:00,6716.394342286695
2024-10-31 08:45:00+00:00,6689.342010672109
2024-10-31 09:00:00+00:00,6676.094125043689
2024-10-31 10:45:00+00:00,6662.329232532361
2024-10-31 12:00:00+00:00,6648.661506457045
2024-10-31 13:30:00+00:00,6635.4345067398
2024-10-31 13:45:00+00:00,6622.267896448711
2024-10-31 14:00:00+00:00,6658.587205644803
2024-10-31 14:15:00+00:00,6646.805018484575
2024-10-31 15:00:00+00:00,6648.417338161702
2024-10-31 15:45:00+00:00,6650.055696461345
2024-10-31 16:30:00+00:00,6686.853060798636
2024-10-31 16:45:00+00:00,6688.555615569851
2024-10-31 20:45:00+00:00,6725.732437394623
2024-10-31 21:15:00+00:00,6727.4002221347655
2024-10-31 22:30:00+00:00,6714.626558482193
2024-11-01 02:00:00+00:00,6751.325490662963
2024-11-01 07:00:00+00:00,6825.421344816461
2024-11-01 08:30:00+00:00,6812.584095114504
2024-11-01 08:45:00+00:00,6810.602177943839
2024-11-01 10:15:00+00:00,6794.867752500971
2024-11-01 10:30:00+00:00,6781.9953930974525
2024-11-01 11:00:00+00:00,6768.377908107676
2024-11-01 12:30:00+00:00,6755.096041161528
2024-11-01 13:30:00+00:00,6741.46629704616
2024-11-01 23:15:00+00:00,6742.674899037825
2024-11-02 04:30:00+00:00,6729.524387880606
2024-11-02 05:30:00+00:00,6716.38484616347
2024-11-03 00:00:00+00:00,6715.327199215508
2024-11-03 03:00:00+00:00,6702.471345347207
2024-11-03 09:30:00+00:00,6693.85038415176
2024-11-03 09:45:00+00:00,6695.524012070866
2024-11-03 11:45:00+00:00,6682.406493363199
2024-11-03 12:15:00+00:00,6684.4069072103075
2024-11-03 13:45:00+00:00,6671.285889213056
2024-11-03 14:30:00+00:00,6658.230246653107
2024-11-03 15:45:00+00:00,6662.451411775348
2024-11-03 17:30:00+00:00,6649.487613499049
2024-11-03 20:00:00+00:00,6686.467704264694
2024-11-03 20:30:00+00:00,6723.459140883037
2024-11-03 20:45:00+00:00,6710.630911814168
2024-11-03 21:15:00+00:00,6697.579496135203
2024-11-03 23:00:00+00:00,6699.490307853975
2024-11-04 00:30:00+00:00,6686.325246470976
2024-11-04 01:15:00+00:00,6688.504454686191
2024-11-04 05:15:00+00:00,6692.308162394595
2024-11-04 06:45:00+00:00,6678.6378721271885
2024-11-04 07:30:00+00:00,6680.328752365004
2024-11-04 14:00:00+00:00,6717.3282043620475
2024-11-04 14:30:00+00:00,6718.708423191105
2024-11-04 15:30:00+00:00,6707.41607803489
2024-11-04 16:15:00+00:00,6694.343199333211
2024-11-04 16:45:00+00:00,6680.849444658304
2024-11-04 17:30:00+00:00,6678.651664848373
2024-11-04 20:30:00+00:00,6680.611426912382
2024-11-04 21:15:00+00:00,6717.420179071793
2024-11-04 21:30:00+00:00,6754.415546698221
2024-11-04 22:00:00+00:00,6741.439382486644
2024-11-04 22:45:00+00:00,6728.4853600596525
2024-11-04 23:15:00+00:00,6715.242808523252
2024-11-05 03:15:00+00:00,6702.246485241319
2024-11-05 03:45:00+00:00,6676.103348327085
2024-11-05 04:15:00+00:00,6662.439255648527
2024-11-05 05:45:00+00:00,6648.940868365268
2024-11-05 07:00:00+00:00,6635.841206869441
2024-11-05 12:45:00+00:00,6638.012389012933
2024-11-05 14:15:00+00:00,6624.344474771313
2024-11-05 16:30:00+00:00,6625.815429568801
2024-11-05 20:00:00+00:00,6612.727339429842
2024-11-05 20:30:00+00:00,6614.3661610264435
2024-11-06 00:15:00+00:00,6601.244810070132
2024-11-06 02:30:00+00:00,6638.294914511439
2024-11-06 02:45:00+00:00,6675.229002826896
2024-11-06 03:00:00+00:00,6712.310075487926
2024-11-06 03:15:00+00:00,6751.452354765719
2024-11-06 04:15:00+00:00,6790.34911052575
2024-11-06 06:45:00+00:00,6794.60483989902
2024-11-06 07:30:00+00:00,6781.695370157818
2024-11-06 07:45:00+00:00,6783.840959270694
2024-11-06 08:00:00+00:00,6770.987885775874
2024-11-06 13:15:00+00:00,6760.064540851728
2024-11-06 14:45:00+00:00,6764.126824935705
2024-11-06 15:00:00+00:00,6766.140171886502
2024-11-06 20:00:00+00:00,6803.096016616749
2024-11-06 22:45:00+00:00,6840.134534182916
2024-11-07 01:00:00+00:00,6877.109809512307
2024-11-07 01:30:00+00:00,6913.714667455915
2024-11-07 04:15:00+00:00,6915.5039996374935
2024-11-07 06:00:00+00:00,6917.513854012647
2024-11-07 06:30:00+00:00,6906.471460270341
2024-11-07 13:15:00+00:00,6901.382325972998
2024-11-07 15:00:00+00:00,6888.560495627757
2024-11-07 22:00:00+00:00,6925.63979644318
2024-11-07 23:00:00+00:00,6912.742526277004
2024-11-08 01:30:00+00:00,6899.944001995675
2024-11-08 06:15:00+00:00,6937.1716322452585
2024-11-08 07:00:00+00:00,6924.419279478239
2024-11-08 08:00:00+00:00,6911.675352724424
2024-11-08 15:30:00+00:00,6948.9118008119285
2024-11-08 16:30:00+00:00,6936.174278455662
2024-11-09 00:15:00+00:00,6973.190177871333
2024-11-09 04:30:00+00:00,6976.579525713367
2024-11-09 06:30:00+00:00,6978.566493752456
2024-11-09 10:15:00+00:00,6965.503844965899
2024-11-09 12:00:00+00:00,6952.656883653282
2024-11-09 15:30:00+00:00,6954.142742474686
2024-11-09 17:30:00+00:00,6955.330446447565
2024-11-09 20:45:00+00:00,6942.041308685435
2024-11-09 22:15:00+00:00,6928.727723614977
2024-11-09 22:30:00+00:00,6965.686426553093
2024-11-09 23:00:00+00:00,6952.138942370635
2024-11-09 23:15:00+00:00,6938.720029132676
2024-11-09 23:30:00+00:00,6925.670852272234
2024-11-10 00:30:00+00:00,6912.326400654274
2024-11-10 00:45:00+00:00,6951.104390365901
2024-11-10 02:45:00+00:00,6937.834732693742
2024-11-10 04:15:00+00:00,6924.929082477287
2024-11-10 04:45:00+00:00,6911.6500137888415
2024-11-10 05:30:00+00:00,6948.774095439334
2024-11-10 09:15:00+00:00,6935.566728704936
2024-11-10 10:30:00+00:00,6922.707662399496
2024-11-10 12:30:00+00:00,6909.766959528243
2024-11-10 12:45:00+00:00,6896.88183266575
2024-11-10 13:00:00+00:00,6934.126524994584
2024-11-10 13:45:00+00:00,6921.254407509061
2024-11-10 14:00:00+00:00,6908.202682556991
2024-11-10 14:15:00+00:00,6895.21520951316
2024-11-10 14:30:00+00:00,6882.388009482646
2024-11-10 16:00:00+00:00,6869.370004138323
2024-11-10 16:45:00+00:00,6871.483553190289
2024-11-10 18:45:00+00:00,6858.649326048119
2024-11-10 20:00:00+00:00,6895.8207452329
2024-11-10 20:45:00+00:00,6920.175636312131
2024-11-10 21:30:00+00:00,6894.712439258585
2024-11-10 22:15:00+00:00,6884.210315662656
2024-11-11 00:30:00+00:00,6871.298949168843
2024-11-11 05:15:00+00:00,6873.61110163161
2024-11-11 05:30:00+00:00,6910.784741017142
2024-11-11 06:30:00+00:00,6912.894933967301
2024-11-11 09:45:00+00:00,6900.032689773252
2024-11-11 10:00:00+00:00,6887.238788296752
2024-11-11 10:15:00+00:00,6874.30888672281
2024-11-11 12:30:00+00:00,6876.380983718454
2024-11-11 15:00:00+00:00,6878.398161545227
2024-11-11 15:15:00+00:00,6867.493416322938
2024-11-11 16:15:00+00:00,6854.646388553043
2024-11-11 20:30:00+00:00,6841.963021984204
2024-11-11 21:15:00+00:00,6829.019765771565
2024-11-11 22:45:00+00:00,6831.089767663234
2024-11-11 23:15:00+00:00,6870.614370909355
2024-11-12 00:00:00+00:00,6857.790667681392
2024-11-12 01:00:00+00:00,6859.916741192985
2024-11-12 03:45:00+00:00,6847.0985582174235
2024-11-12 04:15:00+00:00,6849.256611325719
2024-11-12 06:45:00+00:00,6836.32833928004
2024-11-12 07:15:00+00:00,6825.746472524578
2024-11-12 08:15:00+00:00,6812.85495862515
2024-11-12 09:00:00+00:00,6800.169077358181
2024-11-12 10:00:00+00:00,6837.1841635847995
2024-11-12 10:30:00+00:00,6874.332437518852
2024-11-12 11:00:00+00:00,6876.363878318113
2024-11-12 12:30:00+00:00,6913.553063865039
2024-11-12 13:45:00+00:00,6900.912935092637
2024-11-12 15:00:00+00:00,6903.045664921074
2024-11-12 17:15:00+00:00,6902.163530365129
2024-11-12 18:15:00+00:00,6889.2995887566185
2024-11-12 20:00:00+00:00,6926.646059652253
2024-11-12 20:45:00+00:00,6913.976676760005
2024-11-12 22:45:00+00:00,6901.243081533812
2024-11-12 23:15:00+00:00,6905.979312135799
2024-11-13 00:30:00+00:00,6908.306783868649
2024-11-13 01:00:00+00:00,6912.696665309919
2024-11-13 02:15:00+00:00,6900.041156546546
2024-11-13 04:30:00+00:00,6937.311528139842
2024-11-13 08:00:00+00:00,6939.711696714627
2024-11-13 11:15:00+00:00,6926.993275125289
2024-11-13 13:30:00+00:00,6914.206457727992
2024-11-13 13:45:00+00:00,6916.2827265390515
2024-11-13 14:15:00+00:00,6903.540492028434
2024-11-13 19:30:00+00:00,6940.696696208731
2024-11-14 01:45:00+00:00,6927.875559640859
2024-11-14 04:45:00+00:00,6930.107625715565
2024-11-14 06:15:00+00:00,6919.587941783865
2024-11-14 07:45:00+00:00,6906.802141950453
2024-11-14 08:15:00+00:00,6893.976459083902
2024-11-14 08:30:00+00:00,6891.344281670691
2024-11-14 10:00:00+00:00,6893.231757873338
2024-11-14 11:15:00+00:00,6930.437736884066
2024-11-14 14:30:00+00:00,6917.659576003567
2024-11-14 16:15:00+00:00,6944.093047746303
2024-11-14 16:45:00+00:00,6931.300522504878
2024-11-15 06:15:00+00:00,6933.515848914102
2024-11-15 08:45:00+00:00,6920.682196114106
2024-11-15 09:00:00+00:00,6922.794570676569
2024-11-15 12:00:00+00:00,6909.903613341996
2024-11-15 13:00:00+00:00,6896.958548578649
2024-11-15 13:15:00+00:00,6899.262823957708
2024-11-15 13:45:00+00:00,6886.38606320842
2024-11-15 15:15:00+00:00,6888.6954611229185
2024-11-15 16:00:00+00:00,6890.574330135813
2024-11-15 16:15:00+00:00,6877.672090788606
2024-11-15 20:45:00+00:00,6864.629298087477
2024-11-16 00:15:00+00:00,6851.677797697883
2024-11-16 03:30:00+00:00,6853.820045458936
2024-11-16 05:00:00+00:00,6891.169205730893
2024-11-16 06:30:00+00:00,6878.500179844921
2024-11-16 10:00:00+00:00,6880.5323273380445
2024-11-16 23:30:00+00:00,6882.453610505169
2024-11-17 00:15:00+00:00,6869.568338858461
2024-11-17 00:45:00+00:00,6906.76640399419
2024-11-17 01:00:00+00:00,6900.777448789005
2024-11-17 02:00:00+00:00,6937.967641377197
2024-11-17 03:45:00+00:00,6924.929027746803
2024-11-17 04:30:00+00:00,6912.195446290114
2024-11-17 05:00:00+00:00,6899.481387808205
2024-11-17 06:45:00+00:00,6886.774421650957
2024-11-17 09:15:00+00:00,6888.994241934256
2024-11-17 09:30:00+00:00,6876.045808957008
2024-11-17 10:30:00+00:00,6863.310757496725
2024-11-17 11:00:00+00:00,6850.348402143728
2024-11-17 11:45:00+00:00,6837.507212470689
2024-11-17 20:30:00+00:00,6839.35749825193
2024-11-18 00:15:00+00:00,6841.378954512372
2024-11-18 00:30:00+00:00,6828.306336222305
2024-11-18 01:15:00+00:00,6830.455559368918
2024-11-18 01:30:00+00:00,6817.716020714572
2024-11-18 01:45:00+00:00,6804.800306879565
2024-11-18 03:45:00+00:00,6779.1492152924375
2024-11-18 04:00:00+00:00,6766.383646986169
2024-11-18 06:30:00+00:00,6753.53125170026
2024-11-18 06:45:00+00:00,6740.661879809275
2024-11-18 09:30:00+00:00,6714.874531837576
2024-11-18 11:45:00+00:00,6751.61809458349
2024-11-18 12:30:00+00:00,6738.458591990624
2024-11-18 13:00:00+00:00,6775.568690116012
2024-11-18 13:30:00+00:00,6777.395465267269
2024-11-18 13:45:00+00:00,6779.635747193811
2024-11-18 14:00:00+00:00,6766.550514885125
2024-11-18 14:30:00+00:00,6753.412457474053
2024-11-18 15:30:00+00:00,6740.589607428307
2024-11-18 17:15:00+00:00,6715.076906149187
2024-11-18 19:00:00+00:00,6702.096794428295
2024-11-18 20:15:00+00:00,6689.347032276774
2024-11-18 21:30:00+00:00,6676.6016725107065
2024-11-18 23:45:00+00:00,6678.832293169369
2024-11-19 00:30:00+00:00,6665.870969612269
2024-11-19 05:15:00+00:00,6702.968234571056
2024-11-19 07:45:00+00:00,6705.167344354261
2024-11-19 10:15:00+00:00,6706.61650988028
2024-11-19 12:30:00+00:00,6693.698730462768
2024-11-19 13:15:00+00:00,6695.183022097681
2024-11-19 15:15:00+00:00,6734.053916335357
2024-11-19 18:15:00+00:00,6735.530354992411
2024-11-19 18:45:00+00:00,6722.58874014157
2024-11-19 19:45:00+00:00,6709.841759351882
2024-11-19 20:45:00+00:00,6711.7300779267625
2024-11-19 22:30:00+00:00,6698.694070313795
2024-11-20 01:00:00+00:00,6685.637734126236
2024-11-20 05:15:00+00:00,6687.800268654196
2024-11-20 08:15:00+00:00,6674.698569684963
2024-11-20 08:30:00+00:00,6711.921829939222
2024-11-20 11:00:00+00:00,6699.097157044017
2024-11-20 12:00:00+00:00,6701.346439064239
2024-11-20 12:30:00+00:00,6688.537207656354
2024-11-20 12:45:00+00:00,6675.816568721726
2024-11-20 13:15:00+00:00,6712.266820165793
2024-11-20 16:15:00+00:00,6698.853299817284
2024-11-20 17:45:00+00:00,6686.13356916618
2024-11-20 21:15:00+00:00,6688.342900286017
2024-11-20 21:45:00+00:00,6675.573454588234
2024-11-21 02:00:00+00:00,6662.676195063973
2024-11-21 03:15:00+00:00,6649.87038959552
2024-11-21 04:30:00+00:00,6687.017923791799
2024-11-21 10:15:00+00:00,6661.447377258285
2024-11-21 12:00:00+00:00,6698.526106439083
2024-11-21 14:30:00+00:00,6672.948987414746
2024-11-21 15:00:00+00:00,6636.000760474661
2024-11-21 15:15:00+00:00,6638.079871484198
2024-11-21 20:45:00+00:00,6627.541711458674
2024-11-22 00:30:00+00:00,6629.104427807106
2024-11-22 00:45:00+00:00,6627.33422283292
2024-11-22 01:30:00+00:00,6666.422569096407
2024-11-22 02:30:00+00:00,6668.756601067121
2024-11-22 06:15:00+00:00,6655.700051379154
2024-11-22 07:15:00+00:00,6658.048005270128
2024-11-22 08:30:00+00:00,6660.165654815221
2024-11-22 12:30:00+00:00,6697.474608640867
2024-11-22 13:00:00+00:00,6684.773792629288
2024-11-22 18:15:00+00:00,6672.1012324138155
2024-11-22 18:45:00+00:00,6659.408785878543
2024-11-23 01:30:00+00:00,6646.654468641256
2024-11-23 04:00:00+00:00,6683.904502361226
2024-11-23 09:45:00+00:00,6685.894641910697
2024-11-23 10:00:00+00:00,6688.209180373892
2024-11-23 12:30:00+00:00,6725.512859355825
2024-11-23 12:45:00+00:00,6712.79395919909
2024-11-23 15:15:00+00:00,6750.1208321319555
2024-11-23 15:30:00+00:00,6737.251730954803
2024-11-23 16:00:00+00:00,6739.288303653785
2024-11-23 16:15:00+00:00,6778.784808348476
2024-11-23 17:15:00+00:00,6764.965040549667
2024-11-23 21:00:00+00:00,6767.314432953394
2024-11-23 21:15:00+00:00,6769.579686012848
2024-11-23 22:00:00+00:00,6756.876780580348
2024-11-23 23:00:00+00:00,6758.647715133069
2024-11-24 00:00:00+00:00,6759.783566036386
2024-11-24 00:30:00+00:00,6747.157600816571
2024-11-24 01:00:00+00:00,6733.312761426726
2024-11-24 02:30:00+00:00,6719.582085774056
2024-11-24 05:00:00+00:00,6708.982355366526
2024-11-24 05:45:00+00:00,6696.176958973661
2024-11-24 10:15:00+00:00,6698.361503888335
2024-11-24 11:00:00+00:00,6735.588110931403
2024-11-24 11:45:00+00:00,6772.8166614930915
2024-11-24 12:30:00+00:00,6810.014564230449
2024-11-24 13:15:00+00:00,6812.242296921262
2024-11-24 14:30:00+00:00,6799.256998256024
2024-11-24 16:45:00+00:00,6785.955463347168
2024-11-24 18:30:00+00:00,6773.265880266031
2024-11-24 18:45:00+00:00,6759.992056522988
2024-11-24 20:45:00+00:00,6746.59402031436
2024-11-24 21:00:00+00:00,6733.899176887371
2024-11-24 22:00:00+00:00,6720.301971411578
2024-11-24 23:00:00+00:00,6706.722041071647
2024-11-24 23:15:00+00:00,6693.968529702853
2024-11-25 04:00:00+00:00,6681.167915127259
2024-11-25 11:30:00+00:00,6685.287493187173
2024-11-25 13:00:00+00:00,6672.492895980012
2024-11-25 14:30:00+00:00,6674.4533333467725
2024-11-25 14:45:00+00:00,6661.700812339482
2024-11-25 15:00:00+00:00,6698.689094661173
2024-11-25 15:15:00+00:00,6700.293337750628
2024-11-25 15:45:00+00:00,6687.45958456559
2024-11-25 16:30:00+00:00,6661.7508525255835
2024-11-25 17:00:00+00:00,6664.0565055598745
2024-11-25 18:15:00+00:00,6666.179305303747
2024-11-25 21:45:00+00:00,6703.089707489992
2024-11-25 22:45:00+00:00,6694.585534022594
2024-11-26 00:15:00+00:00,6696.601738827854
2024-11-26 05:30:00+00:00,6685.957103611265
2024-11-26 07:00:00+00:00,6681.797471241397
2024-11-26 08:45:00+00:00,6668.5913522782785
2024-11-26 09:15:00+00:00,6655.64120698118
2024-11-26 11:30:00+00:00,6692.4610369007
2024-11-26 12:00:00+00:00,6694.679648790196
2024-11-26 13:15:00+00:00,6696.882852678779
2024-11-26 14:30:00+00:00,6684.100428628513
2024-11-26 14:45:00+00:00,6658.438222482415
2024-11-26 20:00:00+00:00,6632.842449327442
2024-11-27 02:45:00+00:00,6621.438849886379
2024-11-27 12:00:00+00:00,6623.673007399546
2024-11-27 15:30:00+00:00,6660.583430535646
2024-11-27 22:00:00+00:00,6697.5631819184355
2024-11-28 06:00:00+00:00,6699.480101352531
2024-11-28 07:45:00+00:00,6701.400920904601
2024-11-28 15:00:00+00:00,6703.33792125936
2024-11-28 17:00:00+00:00,6690.464545106771
2024-11-28 18:00:00+00:00,6677.6368096428
2024-11-28 23:15:00+00:00,6679.7093690515685
2024-11-29 04:15:00+00:00,6681.945204390566
2024-11-29 06:45:00+00:00,6719.108477224262
2024-11-29 07:45:00+00:00,6706.295592883418
2024-11-29 09:15:00+00:00,6693.248808779712
2024-11-29 12:15:00+00:00,6694.9816447892135
2024-11-29 12:45:00+00:00,6682.00545426105
2024-11-29 13:15:00+00:00,6719.215878524743
2024-11-29 14:45:00+00:00,6706.281323982615
2024-11-29 15:30:00+00:00,6708.183136794124
2024-11-29 16:15:00+00:00,6710.4181435295595
2024-11-29 21:15:00+00:00,6712.602401564398
2024-11-29 22:30:00+00:00,6704.99013687769
2024-11-29 23:30:00+00:00,6692.005217836739
2024-11-29 23:45:00+00:00,6729.282814707391
2024-11-30 00:00:00+00:00,6716.438550933939
2024-11-30 17:00:00+00:00,6715.970619135824
2024-11-30 18:00:00+00:00,6717.871568248168
2024-11-30 19:30:00+00:00,6705.0066103149975
2024-12-01 00:30:00+00:00,6706.610962515836
2024-12-01 01:30:00+00:00,6693.273444028413
2024-12-01 02:30:00+00:00,6730.370783425883
2024-12-01 03:15:00+00:00,6732.108217834427
2024-12-01 03:45:00+00:00,6719.264643452465
2024-12-01 08:15:00+00:00,6706.378133964304
2024-12-01 08:30:00+00:00,6680.09557781786
2024-12-01 13:15:00+00:00,6681.811208258674
2024-12-01 15:15:00+00:00,6668.414794155146
2024-12-01 15:45:00+00:00,6642.282432640138
2024-12-01 16:45:00+00:00,6629.371628793504
2024-12-01 19:15:00+00:00,6631.378218638342
2024-12-01 20:30:00+00:00,6668.041202011961
2024-12-01 21:00:00+00:00,6670.033349104002
2024-12-01 21:45:00+00:00,6656.802892400771
2024-12-01 22:00:00+00:00,6643.903506824833
2024-12-01 22:30:00+00:00,6630.644604907083
2024-12-02 00:45:00+00:00,6617.808522766165
2024-12-02 01:15:00+00:00,6604.627090124657
2024-12-02 01:45:00+00:00,6591.569089643647
2024-12-02 02:00:00+00:00,6578.719046246571
2024-12-02 02:45:00+00:00,6565.895883165528
2024-12-02 03:45:00+00:00,6590.151438960905
2024-12-02 04:30:00+00:00,6577.397523276812
2024-12-02 05:00:00+00:00,6564.495389344372
2024-12-02 07:00:00+00:00,6566.557452321258
2024-12-02 08:30:00+00:00,6603.818303094929
2024-12-02 08:45:00+00:00,6628.077760088431
2024-12-02 09:45:00+00:00,6630.089797040188
2024-12-02 13:15:00+00:00,6632.362631637828
2024-12-02 14:00:00+00:00,6619.329393726011
2024-12-02 14:30:00+00:00,6606.348722344719
2024-12-02 14:45:00+00:00,6593.18228552026
2024-12-02 15:15:00+00:00,6581.675152942946
2024-12-02 15:30:00+00:00,6555.60756980853
2024-12-02 15:45:00+00:00,6592.955068755625
2024-12-02 17:15:00+00:00,6595.300143696191
2024-12-02 17:30:00+00:00,6632.364272830063
2024-12-02 20:00:00+00:00,6619.665378996861
2024-12-02 20:15:00+00:00,6657.014319811085
2024-12-02 20:30:00+00:00,6644.029835328983
2024-12-02 21:30:00+00:00,6646.389688820645
2024-12-02 22:00:00+00:00,6633.672480294447
2024-12-03 00:00:00+00:00,6620.879353189877
2024-12-03 02:30:00+00:00,6595.181347402681
2024-12-03 08:45:00+00:00,6584.892100590914
2024-12-03 10:15:00+00:00,6572.049273404006
2024-12-03 11:15:00+00:00,6574.377927992869
2024-12-03 11:45:00+00:00,6561.51670886459
2024-12-03 13:45:00+00:00,6588.505868280284
2024-12-03 14:00:00+00:00,6612.6428645510805
2024-12-03 14:30:00+00:00,6648.967595121259
2024-12-03 14:45:00+00:00,6645.552582009653
2024-12-03 15:00:00+00:00,6633.012557475981
2024-12-03 18:30:00+00:00,6634.979936240779
2024-12-03 20:15:00+00:00,6672.076336061961
2024-12-03 21:15:00+00:00,6659.49042993219
2024-12-03 21:30:00+00:00,6648.955842958342
2024-12-03 22:00:00+00:00,6651.096913168624
2024-12-03 22:45:00+00:00,6653.331671075927
2024-12-04 00:30:00+00:00,6640.536514343391
2024-12-04 03:15:00+00:00,6627.753824308736
2024-12-04 05:30:00+00:00,6630.105253045195
2024-12-04 09:45:00+00:00,6667.339164483467
2024-12-04 12:15:00+00:00,6654.511310318067
2024-12-04 14:00:00+00:00,6641.699798406643
2024-12-04 15:00:00+00:00,6628.676734727052
2024-12-04 16:45:00+00:00,6665.964851368143
2024-12-04 17:45:00+00:00,6653.089387375233
2024-12-04 18:00:00+00:00,6626.982125690076
2024-12-04 19:15:00+00:00,6613.728829723247
2024-12-04 20:15:00+00:00,6600.867538298832
2024-12-04 22:00:00+00:00,6603.208493140329
2024-12-05 01:15:00+00:00,6640.553046795343
2024-12-05 02:00:00+00:00,6642.6722382086255
2024-12-05 02:30:00+00:00,6679.542612680346
2024-12-05 06:15:00+00:00,6668.932397472785
2024-12-05 06:30:00+00:00,6671.299766330843
2024-12-05 08:00:00+00:00,6658.64058759394
2024-12-05 08:15:00+00:00,6645.891550370969
2024-12-05 15:15:00+00:00,6635.172239854798
2024-12-05 22:30:00+00:00,6637.303158444463
2024-12-05 22:45:00+00:00,6624.580863457477
2024-12-06 01:15:00+00:00,6611.8657948851005
2024-12-06 05:45:00+00:00,6594.496267616996
2024-12-06 12:00:00+00:00,6581.69332251874
2024-12-07 02:45:00+00:00,6583.9077127254495
2024-12-07 03:45:00+00:00,6586.07943280044
2024-12-07 04:30:00+00:00,6573.303662115879
2024-12-07 07:45:00+00:00,6560.539829250896
2024-12-07 17:45:00+00:00,6547.710653362806
2024-12-07 18:30:00+00:00,6549.7767961850805
2024-12-07 22:45:00+00:00,6536.910182266463
2024-12-07 23:45:00+00:00,6574.07542389525
2024-12-08 04:15:00+00:00,6561.250622648106
2024-12-08 04:30:00+00:00,6548.397408469107
2024-12-08 05:15:00+00:00,6535.571581690793
2024-12-08 14:30:00+00:00,6537.807152733634
2024-12-08 18:15:00+00:00,6539.854272035235
2024-12-09 01:15:00+00:00,6541.938281850731
2024-12-09 07:45:00+00:00,6528.677851041022
2024-12-09 08:30:00+00:00,6565.785989339797
2024-12-09 10:45:00+00:00,6567.956775686721
2024-12-09 12:15:00+00:00,6570.149287645873
2024-12-09 13:15:00+00:00,6545.881831160439
2024-12-09 14:15:00+00:00,6548.068054671968
2024-12-09 14:30:00+00:00,6534.892811617892
2024-12-09 15:00:00+00:00,6522.105562583941
2024-12-09 15:30:00+00:00,6509.2972010352
2024-12-09 16:45:00+00:00,6496.318394342238
2024-12-09 20:00:00+00:00,6483.552433724475
2024-12-09 20:15:00+00:00,6470.571579666164
2024-12-09 21:00:00+00:00,6507.518170508882
2024-12-09 22:00:00+00:00,6532.208186698398
2024-12-09 22:15:00+00:00,6519.573404660531
2024-12-09 22:30:00+00:00,6515.154226737978
2024-12-10 02:45:00+00:00,6517.534741506006
2024-12-10 03:15:00+00:00,6504.931240142683
2024-12-10 04:45:00+00:00,6507.070199091342
2024-12-10 12:15:00+00:00,6507.824294851339
2024-12-10 12:30:00+00:00,6510.182236397111
2024-12-10 15:30:00+00:00,6512.519459047647
2024-12-10 17:30:00+00:00,6517.113492463585
2024-12-10 19:15:00+00:00,6504.2063431538345
2024-12-11 01:15:00+00:00,6506.312815303765
2024-12-11 09:15:00+00:00,6507.925950271161
2024-12-11 11:15:00+00:00,6545.261495657635
2024-12-11 13:30:00+00:00,6582.375964841952
2024-12-11 13:45:00+00:00,6621.352714493186
2024-12-11 14:00:00+00:00,6608.570179432285
2024-12-11 16:30:00+00:00,6610.802870518308
2024-12-11 17:45:00+00:00,6597.512051596351
2024-12-11 23:15:00+00:00,6599.514654054487
2024-12-11 23:45:00+00:00,6601.436889930641
2024-12-12 01:30:00+00:00,6588.110199293905
2024-12-12 01:45:00+00:00,6589.674994328686
2024-12-12 02:45:00+00:00,6626.269167595572
2024-12-12 04:45:00+00:00,6613.155180689422
2024-12-12 09:45:00+00:00,6615.43697129652
2024-12-12 11:45:00+00:00,6611.757096266611
2024-12-12 16:00:00+00:00,6648.539867722884
2024-12-12 18:30:00+00:00,6650.816347215017
2024-12-12 22:00:00+00:00,6653.089148588488
2024-12-13 00:15:00+00:00,6652.5531191801565
2024-12-13 01:15:00+00:00,6639.877171358007
2024-12-13 02:45:00+00:00,6677.1827806513975
2024-12-13 05:00:00+00:00,6664.518855378319
2024-12-13 10:45:00+00:00,6666.612489456294
2024-12-13 14:30:00+00:00,6653.681010168029
2024-12-13 22:30:00+00:00,6645.895853787003
2024-12-13 23:45:00+00:00,6632.914107388232
2024-12-14 02:15:00+00:00,6625.794015188164
2024-12-14 05:15:00+00:00,6612.34753974914
2024-12-14 05:45:00+00:00,6649.365466297744
2024-12-14 06:30:00+00:00,6636.416350302761
2024-12-14 09:00:00+00:00,6623.453909101552
2024-12-14 12:30:00+00:00,6660.082207056129
2024-12-14 13:15:00+00:00,6696.799831164136
2024-12-14 14:15:00+00:00,6720.80235847236
2024-12-14 16:00:00+00:00,6709.91613849761
2024-12-14 18:15:00+00:00,6697.163678300401
2024-12-14 18:30:00+00:00,6734.106934126305
2024-12-14 19:45:00+00:00,6736.150293304395
2024-12-14 20:00:00+00:00,6723.172376228801
2024-12-14 21:15:00+00:00,6709.803991219126
2024-12-14 22:45:00+00:00,6696.758004237307
2024-12-14 23:00:00+00:00,6683.355939810138
2024-12-15 01:45:00+00:00,6656.782273519392
2024-12-15 04:15:00+00:00,6643.273337574922
2024-12-15 07:30:00+00:00,6668.974853746435
2024-12-15 08:15:00+00:00,6655.489730316787
2024-12-15 11:30:00+00:00,6641.9987812125
2024-12-15 15:15:00+00:00,6644.159385243816
2024-12-15 20:00:00+00:00,6631.337348943432
2024-12-15 23:15:00+00:00,6618.237831313722
2024-12-16 00:30:00+00:00,6605.221863000348
2024-12-16 06:15:00+00:00,6592.330453485758
2024-12-16 09:45:00+00:00,6629.363511399602
2024-12-16 11:45:00+00:00,6666.3915441648805
2024-12-16 13:15:00+00:00,6668.229467508099
2024-12-16 16:00:00+00:00,6642.171711542722
2024-12-16 19:00:00+00:00,6643.9547705959985
2024-12-16 19:15:00+00:00,6630.936452461152
2024-12-16 20:45:00+00:00,6618.128116106853
2024-12-16 21:00:00+00:00,6605.129249699489
2024-12-16 23:15:00+00:00,6592.102396091336
2024-12-17 00:15:00+00:00,6594.005773712065
2024-12-17 01:15:00+00:00,6595.98030245521
2024-12-17 03:00:00+00:00,6597.3387054858085
2024-12-17 07:30:00+00:00,6597.135681594642
2024-12-17 08:00:00+00:00,6590.300162247363
2024-12-17 10:15:00+00:00,6627.357525561387
2024-12-17 12:00:00+00:00,6629.524044841599
2024-12-17 13:15:00+00:00,6631.628366637637
2024-12-17 14:30:00+00:00,6633.288456509738
2024-12-17 15:00:00+00:00,6594.39067285981
2024-12-17 15:15:00+00:00,6581.635508574086
2024-12-17 17:00:00+00:00,6583.753465700952
2024-12-17 21:00:00+00:00,6570.875668771657
2024-12-17 22:30:00+00:00,6607.7954233195
2024-12-17 23:15:00+00:00,6597.038440161145
2024-12-18 00:00:00+00:00,6583.98043265068
2024-12-18 02:00:00+00:00,6585.946658105856
2024-12-18 04:15:00+00:00,6623.073579466991
2024-12-18 04:30:00+00:00,6660.078777027003
2024-12-18 06:45:00+00:00,6696.891437510005
2024-12-18 07:00:00+00:00,6698.96919896034
2024-12-18 08:00:00+00:00,6686.022653745309
2024-12-18 11:30:00+00:00,6672.801800083474
2024-12-18 12:30:00+00:00,6674.939442099802
2024-12-18 16:15:00+00:00,6711.367640568081
2024-12-18 17:30:00+00:00,6698.070373167034
2024-12-18 19:45:00+00:00,6721.871745333435
2024-12-18 20:00:00+00:00,6759.0401177829635
2024-12-18 20:45:00+00:00,6761.03762277001
2024-12-19 03:00:00+00:00,6763.331602787153
2024-12-19 03:15:00+00:00,6765.420298303634
2024-12-19 06:30:00+00:00,6767.604095102899
2024-12-19 10:00:00+00:00,6758.213663140167
2024-12-19 12:30:00+00:00,6745.351198429457
2024-12-19 14:45:00+00:00,6733.9022648400605
2024-12-19 17:15:00+00:00,6721.1666551602475
2024-12-19 17:45:00+00:00,6758.1491126386345
2024-12-19 18:15:00+00:00,6782.67325926646
2024-12-19 19:00:00+00:00,6769.788828962065
2024-12-19 20:00:00+00:00,6757.129521411564
2024-12-19 21:00:00+00:00,6744.307523165416
2024-12-20 05:45:00+00:00,6731.5774991704475
2024-12-20 06:45:00+00:00,6721.119064575784
2024-12-20 07:00:00+00:00,6723.230712117708
2024-12-20 08:00:00+00:00,6710.46218696648
2024-12-20 11:45:00+00:00,6697.800981592712
2024-12-20 13:30:00+00:00,6735.17601113744
2024-12-20 14:30:00+00:00,6772.515174909197
2024-12-20 19:15:00+00:00,6809.864271077889
2024-12-21 05:30:00+00:00,6847.234755432636
2024-12-21 05:45:00+00:00,6884.5628598228805
2024-12-21 06:15:00+00:00,6921.831413155636
2024-12-21 20:00:00+00:00,6909.048872195299
2024-12-22 05:00:00+00:00,6896.187594320108
2024-12-22 14:15:00+00:00,6898.272754812125
2024-12-22 21:00:00+00:00,6900.386851412635
2024-12-23 03:00:00+00:00,6902.5524398348025
2024-12-23 06:30:00+00:00,6889.800985521773
2024-12-23 08:45:00+00:00,6892.004214506446
2024-12-23 13:00:00+00:00,6879.197560050422
2024-12-23 14:30:00+00:00,6866.007325924596
2024-12-23 15:15:00+00:00,6902.735576273083
2024-12-23 15:30:00+00:00,6889.635168289974
2024-12-23 16:45:00+00:00,6876.56163589393
2024-12-23 19:00:00+00:00,6850.885200370602
2024-12-23 20:30:00+00:00,6887.77462964593
2024-12-23 21:15:00+00:00,6874.728131097342
2024-12-23 22:00:00+00:00,6861.938786373065
2024-12-24 00:00:00+00:00,6863.725137129934
2024-12-24 01:30:00+00:00,6850.990994007667
2024-12-24 04:15:00+00:00,6853.169608602928
2024-12-24 05:15:00+00:00,6855.067876313288
2024-12-24 08:30:00+00:00,6857.122609633585
2024-12-24 09:00:00+00:00,6844.226607871524
2024-12-24 09:15:00+00:00,6831.1131164473145
2024-12-24 10:00:00+00:00,6818.049900390068
2024-12-24 13:00:00+00:00,6805.084836480123
2024-12-24 15:15:00+00:00,6842.0223193143975
2024-12-24 15:30:00+00:00,6878.989597356175
2024-12-24 16:30:00+00:00,6881.087760955484
2024-12-24 16:45:00+00:00,6868.2260619865165
2024-12-24 18:15:00+00:00,6870.123203906316
2024-12-24 20:00:00+00:00,6843.908170980342
2024-12-25 02:00:00+00:00,6818.018362572655
2024-12-25 05:00:00+00:00,6805.12331815323
2024-12-25 07:45:00+00:00,6792.128364763672
2024-12-25 09:45:00+00:00,6779.07923465885
2024-12-25 10:15:00+00:00,6816.022591627526
2024-12-25 14:15:00+00:00,6818.080170923523
2024-12-25 14:30:00+00:00,6819.977496221323
2024-12-25 19:45:00+00:00,6821.989517805869
2024-12-25 23:15:00+00:00,6824.004298452569
2024-12-26 00:00:00+00:00,6825.91904907238
2024-12-26 04:00:00+00:00,6862.941614864435
2024-12-26 07:00:00+00:00,6899.959156207272
2024-12-26 07:15:00+00:00,6886.777670766014
2024-12-26 07:30:00+00:00,6923.843709960155
2024-12-26 08:00:00+00:00,6910.744651142054
2024-12-26 08:15:00+00:00,6984.771230383602
2024-12-26 08:30:00+00:00,7021.709513879655
2024-12-26 11:30:00+00:00,7023.701251218501
2024-12-26 12:30:00+00:00,7010.698482960142
2024-12-26 14:00:00+00:00,7012.43999743632
2024-12-26 16:45:00+00:00,7001.466758306846
2024-12-26 21:15:00+00:00,6988.473018727824
2024-12-26 22:15:00+00:00,6975.3598047618625
2024-12-27 04:00:00+00:00,6967.81187775385
2024-12-27 09:00:00+00:00,6954.847388020675
2024-12-27 15:15:00+00:00,6991.950734217883
2024-12-27 17:30:00+00:00,6979.073334130428
2024-12-27 17:45:00+00:00,6980.994747560018
2024-12-27 18:00:00+00:00,6982.82700383497
2024-12-28 01:45:00+00:00,6983.7290583587055
2024-12-28 11:30:00+00:00,6970.436191579906
2024-12-28 14:30:00+00:00,6972.115320488151
2024-12-28 21:30:00+00:00,6973.971366427132
2024-12-28 23:30:00+00:00,6960.477013428077
2024-12-29 11:15:00+00:00,6947.124614629753
2024-12-29 12:30:00+00:00,6933.168971183798
2024-12-29 13:00:00+00:00,6919.643901578667
2024-12-29 14:15:00+00:00,6920.646536016579
2024-12-29 22:00:00+00:00,6958.913502772189
2024-12-30 01:15:00+00:00,6945.872521535067
2024-12-30 08:00:00+00:00,6983.0597687756335
2024-12-30 11:00:00+00:00,6971.736677010271
2024-12-30 12:00:00+00:00,6958.715699169198
2024-12-30 13:00:00+00:00,6945.307677982476
2024-12-30 15:00:00+00:00,6947.425403677205
2024-12-30 15:45:00+00:00,6934.167094451848
2024-12-30 17:30:00+00:00,6908.019223453607
2024-12-30 21:30:00+00:00,6932.268359966484
2024-12-30 21:45:00+00:00,6969.191541459411
2024-12-31 04:15:00+00:00,6968.5744859353545
2024-12-31 07:30:00+00:00,6967.231337484401
2024-12-31 08:15:00+00:00,6956.267667165665
2024-12-31 14:45:00+00:00,6957.882640693084
2024-12-31 15:00:00+00:00,6944.606806861079
2024-12-31 16:30:00+00:00,6931.388130012591
2024-12-31 17:30:00+00:00,6918.287908368238
2025-01-01 00:30:00+00:00,6894.3241775073575
2025-01-01 00:45:00+00:00,6882.703164426531
2025-01-01 06:00:00+00:00,6884.525830471095
2025-01-01 07:00:00+00:00,6885.530142914201
2025-01-01 07:45:00+00:00,6872.409998435452
2025-01-01 08:45:00+00:00,6859.2811983191095
2025-01-01 09:15:00+00:00,6846.152698505319
2025-01-01 10:15:00+00:00,6832.835761677638
2025-01-01 15:45:00+00:00,6869.793055637404
2025-01-01 17:00:00+00:00,6856.905179775209
2025-01-01 18:45:00+00:00,6894.06516922063
2025-01-01 19:30:00+00:00,6881.244286590536
2025-01-02 00:15:00+00:00,6918.416003084262
2025-01-02 00:45:00+00:00,6905.629995687086
2025-01-02 04:30:00+00:00,6892.63933436499
2025-01-02 06:15:00+00:00,6879.866541324049
2025-01-02 06:45:00+00:00,6866.935653828786
2025-01-02 08:15:00+00:00,6868.95635594338
2025-01-02 12:30:00+00:00,6870.966765872407
2025-01-02 14:00:00+00:00,6872.397137187265
2025-01-02 14:30:00+00:00,6895.86648642977
2025-01-02 14:45:00+00:00,6896.113598759941
2025-01-02 15:15:00+00:00,6886.383402237127
2025-01-02 15:30:00+00:00,6860.575042275681
2025-01-02 17:30:00+00:00,6862.274823049859
2025-01-02 17:45:00+00:00,6849.1075400258305
2025-01-02 22:15:00+00:00,6850.932213792332
2025-01-03 00:15:00+00:00,6846.567919572019
2025-01-03 01:45:00+00:00,6833.090198716329
2025-01-03 02:00:00+00:00,6819.924897241873
2025-01-03 04:30:00+00:00,6806.016573902068
2025-01-03 05:00:00+00:00,6802.2331835759405
2025-01-03 06:00:00+00:00,6789.1571297323835
2025-01-03 09:00:00+00:00,6790.274993642109
2025-01-03 11:30:00+00:00,6827.47295629891
2025-01-03 11:45:00+00:00,6850.701318694474
2025-01-03 13:15:00+00:00,6852.909369129601
2025-01-03 13:45:00+00:00,6842.005301501246
2025-01-03 17:30:00+00:00,6844.134938127218
2025-01-03 21:30:00+00:00,6831.208156665065
2025-01-04 01:15:00+00:00,6833.444275253563
2025-01-04 16:15:00+00:00,6820.436685094512
2025-01-05 07:00:00+00:00,6822.367107296832
2025-01-05 10:00:00+00:00,6859.157862067352
2025-01-05 10:30:00+00:00,6860.9842116880955
2025-01-05 10:45:00+00:00,6861.731409905755
2025-01-05 12:15:00+00:00,6848.621130085837
2025-01-05 12:45:00+00:00,6835.507144665889
2025-01-05 13:30:00+00:00,6822.337867483845
2025-01-05 14:30:00+00:00,6824.13291487369
2025-01-05 14:45:00+00:00,6825.976158319368
2025-01-05 15:00:00+00:00,6826.967160500813
2025-01-05 18:30:00+00:00,6813.8459257732
2025-01-05 20:15:00+00:00,6815.456118420254
2025-01-05 22:15:00+00:00,6803.018886047587
2025-01-06 01:30:00+00:00,6789.914956942818
2025-01-06 01:45:00+00:00,6791.30304881083
2025-01-06 07:15:00+00:00,6792.5391885874
2025-01-06 08:00:00+00:00,6779.490139821283
2025-01-06 10:00:00+00:00,6765.727336100584
2025-01-06 11:00:00+00:00,6752.620459609356
2025-01-06 11:30:00+00:00,6739.411950885707
2025-01-06 13:00:00+00:00,6740.560335691241
2025-01-06 14:15:00+00:00,6727.6020429405025
2025-01-06 14:30:00+00:00,6729.277858699044
2025-01-06 16:30:00+00:00,6731.44462293197
2025-01-06 16:45:00+00:00,6733.527145647738
2025-01-06 17:15:00+00:00,6720.221315323945
2025-01-06 17:30:00+00:00,6707.4049824866115
2025-01-06 20:30:00+00:00,6744.177367252347
2025-01-06 22:00:00+00:00,6745.848158440519
2025-01-06 23:15:00+00:00,6732.556127746676
2025-01-07 00:30:00+00:00,6769.297822420348
2025-01-07 00:45:00+00:00,6769.628802827002
2025-01-07 01:00:00+00:00,6756.32995443354
2025-01-07 03:45:00+00:00,6742.802909925311
2025-01-07 07:30:00+00:00,6729.669052639652
2025-01-07 08:30:00+00:00,6766.505389494943
2025-01-07 09:45:00+00:00,6768.100806406581
2025-01-07 11:30:00+00:00,6804.417120248016
2025-01-07 11:45:00+00:00,6791.408462331439
2025-01-07 13:15:00+00:00,6792.920645852405
2025-01-07 14:45:00+00:00,6829.101498274004
2025-01-07 15:30:00+00:00,6939.456561941574
2025-01-07 16:15:00+00:00,6932.564404654588
2025-01-08 01:45:00+00:00,6969.660520251557
2025-01-08 06:15:00+00:00,7006.650093283042
2025-01-08 06:30:00+00:00,7043.545639722663
2025-01-08 06:45:00+00:00,7080.718334544619
2025-01-08 08:00:00+00:00,7067.664670378822
2025-01-08 08:15:00+00:00,7041.876087153552
2025-01-08 12:00:00+00:00,7044.093992867441
2025-01-08 13:00:00+00:00,7046.057187148121
2025-01-08 14:30:00+00:00,7048.24725250999
2025-01-08 17:15:00+00:00,7085.47369479947
2025-01-08 22:00:00+00:00,7087.7454129951775
2025-01-08 22:30:00+00:00,7074.887377837309
2025-01-09 02:00:00+00:00,7062.024909158851
2025-01-09 07:15:00+00:00,7049.0997963022255
2025-01-09 15:00:00+00:00,7036.143678591067
2025-01-09 21:00:00+00:00,7023.051006554041
2025-01-10 01:30:00+00:00,7010.182858382251
2025-01-10 15:45:00+00:00,6997.278061196643
2025-01-11 00:30:00+00:00,6993.006067588
2025-01-11 02:15:00+00:00,6979.901086275783
2025-01-11 03:45:00+00:00,6966.756686111287
2025-01-11 11:30:00+00:00,7003.418451405789
2025-01-11 12:00:00+00:00,6990.305928128684
2025-01-11 13:00:00+00:00,6977.264615098191
2025-01-11 13:30:00+00:00,6964.070855753912
2025-01-11 16:45:00+00:00,7001.027734504374
2025-01-11 20:30:00+00:00,7038.103301495153
2025-01-11 21:30:00+00:00,7025.2593296277655
2025-01-11 22:30:00+00:00,7012.409651076425
2025-01-12 01:00:00+00:00,6999.557869020671
2025-01-12 03:00:00+00:00,7001.532974128685
2025-01-12 03:15:00+00:00,7003.691639465146
2025-01-12 04:30:00+00:00,6990.579265811955
2025-01-12 07:00:00+00:00,6977.726394852271
2025-01-12 07:30:00+00:00,6979.508281879751
2025-01-12 10:15:00+00:00,7016.3215004127405
2025-01-12 15:15:00+00:00,7003.079120869234
2025-01-12 18:30:00+00:00,7004.871361494001
2025-01-13 00:45:00+00:00,7006.777090843391
2025-01-13 04:00:00+00:00,7008.162102643086
2025-01-13 06:45:00+00:00,7044.640426165298
2025-01-13 07:30:00+00:00,7068.2697100512005
2025-01-13 09:15:00+00:00,7104.8194011595715
2025-01-13 10:15:00+00:00,7129.001206767029
2025-01-13 11:30:00+00:00,7116.119418251842
2025-01-13 13:15:00+00:00,7117.820851940033
2025-01-13 14:30:00+00:00,7154.705386628484
2025-01-13 15:15:00+00:00,7180.95711452282
2025-01-13 16:45:00+00:00,7168.184650589828
2025-01-13 17:45:00+00:00,7155.405128735179
2025-01-13 19:45:00+00:00,7157.47942428661
2025-01-13 20:45:00+00:00,7144.66559526316
2025-01-14 03:30:00+00:00,7131.755996559008
2025-01-14 07:30:00+00:00,7133.833199474896
2025-01-14 09:15:00+00:00,7171.030462612086
2025-01-14 09:30:00+00:00,7244.255673669493
2025-01-14 10:00:00+00:00,7231.273219177753
2025-01-14 10:30:00+00:00,7217.938242746256
2025-01-14 11:15:00+00:00,7204.907576825857
2025-01-14 11:30:00+00:00,7191.956346192334
2025-01-14 12:15:00+00:00,7178.795203034687
2025-01-14 14:00:00+00:00,7154.310080971389
2025-01-14 14:45:00+00:00,7142.851173759692
2025-01-14 16:00:00+00:00,7144.645922943737
2025-01-14 20:00:00+00:00,7130.668623952996
2025-01-15 00:45:00+00:00,7116.488048339701
2025-01-15 01:15:00+00:00,7116.3694781272225
2025-01-15 09:45:00+00:00,7118.359348477664
2025-01-15 11:30:00+00:00,7105.308271897481
2025-01-15 19:45:00+00:00,7142.26656879084
2025-01-15 21:00:00+00:00,7129.18702420376
2025-01-15 22:45:00+00:00,7166.205217523323
2025-01-15 23:00:00+00:00,7168.240285799786
2025-01-16 00:15:00+00:00,7170.127708202096
2025-01-16 00:30:00+00:00,7157.023627818058
2025-01-16 03:15:00+00:00,7143.958975186676
2025-01-16 08:45:00+00:00,7180.919690172278
2025-01-16 10:00:00+00:00,7167.998952943276
2025-01-16 11:00:00+00:00,7154.947216523634
2025-01-16 11:45:00+00:00,7128.985925465034
2025-01-16 12:30:00+00:00,7116.039002123029
2025-01-16 13:15:00+00:00,7118.164444466806
2025-01-16 14:30:00+00:00,7120.39600165233
2025-01-16 15:30:00+00:00,7122.542721842084
2025-01-16 20:00:00+00:00,7124.853348462637
2025-01-16 22:15:00+00:00,7119.687633748506
2025-01-17 00:30:00+00:00,7106.779723236115
2025-01-17 01:30:00+00:00,7093.97661526943
2025-01-17 02:00:00+00:00,7118.25463027756
2025-01-17 08:00:00+00:00,7155.300662024934
2025-01-17 08:45:00+00:00,7147.594476688864
2025-01-17 09:30:00+00:00,7134.738247109372
2025-01-17 13:30:00+00:00,7121.935488246417
2025-01-17 14:00:00+00:00,7123.859649840982
2025-01-17 15:00:00+00:00,7160.9533807817725
2025-01-17 15:15:00+00:00,7147.964342980696
2025-01-17 16:30:00+00:00,7134.962542697467
2025-01-17 17:30:00+00:00,7122.158558932668
2025-01-17 18:30:00+00:00,7124.201834305112
2025-01-17 19:15:00+00:00,7111.256471778479
2025-01-17 22:45:00+00:00,7097.768547522592
2025-01-18 00:45:00+00:00,7134.875564631372
2025-01-18 02:30:00+00:00,7121.286048954718
2025-01-18 03:15:00+00:00,7108.4491328061995
2025-01-18 03:30:00+00:00,7145.380713124044
2025-01-18 06:30:00+00:00,7147.535290380799
2025-01-18 08:00:00+00:00,7184.6409148274215
2025-01-18 08:30:00+00:00,7186.838367514017
2025-01-18 11:00:00+00:00,7189.024812184122
2025-01-18 11:45:00+00:00,7176.290358012883
2025-01-18 13:30:00+00:00,7163.486783650674
2025-01-18 13:45:00+00:00,7165.634090702935
2025-01-18 16:15:00+00:00,7152.943221641949
2025-01-18 16:30:00+00:00,7155.035719186408
2025-01-18 19:00:00+00:00,7142.266082136615
2025-01-18 20:45:00+00:00,7144.608963402798
2025-01-18 23:30:00+00:00,7146.692789390884
2025-01-19 00:00:00+00:00,7133.890201403013
2025-01-19 01:00:00+00:00,7120.674826144115
2025-01-19 01:15:00+00:00,7107.646325882464
2025-01-19 05:45:00+00:00,7094.787475252296
2025-01-19 07:00:00+00:00,7131.858700116782
2025-01-19 09:00:00+00:00,7169.0340611892725
2025-01-19 09:15:00+00:00,7206.174078246669
2025-01-19 09:45:00+00:00,7230.428893962271
2025-01-19 12:15:00+00:00,7219.831592024946
2025-01-19 12:30:00+00:00,7221.702547391675
2025-01-19 13:45:00+00:00,7210.785151684893
2025-01-19 14:00:00+00:00,7185.223908669722
2025-01-19 14:30:00+00:00,7172.476504879537
2025-01-19 18:15:00+00:00,7159.325314483094
2025-01-19 21:30:00+00:00,7195.9278117304975
2025-01-19 22:15:00+00:00,7172.235249488442
2025-01-19 23:30:00+00:00,7209.3272763246805
2025-01-20 00:15:00+00:00,7196.397755502545
2025-01-20 02:15:00+00:00,7198.730081032119
2025-01-20 06:30:00+00:00,7201.034763446692
2025-01-20 06:45:00+00:00,7188.071452072213
2025-01-20 07:00:00+00:00,7225.315156974946
2025-01-20 09:30:00+00:00,7212.632982102107
2025-01-20 10:45:00+00:00,7199.942157249434
2025-01-20 12:00:00+00:00,7187.2172295775235
2025-01-20 12:15:00+00:00,7174.446309448231
2025-01-20 16:00:00+00:00,7161.765888500503
2025-01-20 17:00:00+00:00,7198.939983937571
2025-01-20 17:45:00+00:00,7201.194113204865
2025-01-20 21:45:00+00:00,7183.017356926864
2025-01-21 07:30:00+00:00,7184.000578442657
2025-01-21 11:00:00+00:00,7186.307573718337
2025-01-21 13:00:00+00:00,7173.581997227908
2025-01-22 04:30:00+00:00,7175.8516740178875
2025-01-22 06:15:00+00:00,7162.255371523024
2025-01-22 08:15:00+00:00,7148.543519570972
2025-01-22 10:15:00+00:00,7149.793735621476
2025-01-22 13:30:00+00:00,7151.756783149384
2025-01-22 14:45:00+00:00,7153.752003737671
2025-01-22 15:45:00+00:00,7140.813102957981
2025-01-22 21:45:00+00:00,7128.044982962571
2025-01-22 23:15:00+00:00,7120.696933345542
2025-01-23 13:45:00+00:00,7122.7875120355
2025-01-24 00:45:00+00:00,7109.901554500801
2025-01-24 02:45:00+00:00,7096.973869675456
2025-01-24 06:00:00+00:00,7133.955324374423
2025-01-24 12:15:00+00:00,7135.181834787543
2025-01-24 12:45:00+00:00,7133.855967041199
2025-01-24 14:30:00+00:00,7120.621562921637
2025-01-24 15:30:00+00:00,7107.4859131169105
2025-01-24 20:15:00+00:00,7094.59848292129
2025-01-24 20:30:00+00:00,7096.655059933259
2025-01-25 01:15:00+00:00,7083.49617148104
2025-01-25 11:45:00+00:00,7085.287854266073
2025-01-25 16:30:00+00:00,7087.232870233277
2025-01-25 23:00:00+00:00,7089.273951410165
2025-01-26 01:30:00+00:00,7075.96979468983
2025-01-26 02:30:00+00:00,7077.908640968594
2025-01-26 06:15:00+00:00,7063.013096127899
2025-01-26 08:30:00+00:00,7047.84461635013
2025-01-26 09:30:00+00:00,7049.483855333858
2025-01-26 22:45:00+00:00,7084.92700930731
2025-01-26 23:15:00+00:00,7121.672296607424
2025-01-27 00:00:00+00:00,7124.767228962804
2025-01-27 02:00:00+00:00,7148.239195392113
2025-01-27 03:15:00+00:00,7187.242722353836
2025-01-27 04:45:00+00:00,7224.374724293767
2025-01-27 06:30:00+00:00,7261.193384115732
2025-01-27 07:30:00+00:00,7302.010018592634
2025-01-27 09:00:00+00:00,7304.319543159998
2025-01-27 12:30:00+00:00,7341.253533608407
2025-01-27 12:45:00+00:00,7343.393304464446
2025-01-27 14:30:00+00:00,7332.770797918327
2025-01-27 14:45:00+00:00,7334.742400469524
2025-01-27 17:00:00+00:00,7324.203746526704
2025-01-27 17:15:00+00:00,7311.103772580831
2025-01-27 20:30:00+00:00,7298.327938634809
2025-01-27 20:45:00+00:00,7300.405068867825
2025-01-27 21:15:00+00:00,7337.257426965782
2025-01-27 21:30:00+00:00,7339.403192448544
2025-01-28 03:15:00+00:00,7334.182521939193
2025-01-28 06:15:00+00:00,7321.137217130776
2025-01-28 08:30:00+00:00,7322.900798513835
2025-01-28 13:45:00+00:00,7324.864413029141
2025-01-28 19:00:00+00:00,7326.92474421001
2025-01-29 02:00:00+00:00,7314.027599183866
2025-01-30 01:15:00+00:00,7301.182478036676
2025-01-30 02:00:00+00:00,7288.3647016374325
2025-01-30 12:45:00+00:00,7287.759312533269
2025-01-30 13:15:00+00:00,7324.514073982471
2025-01-30 15:15:00+00:00,7326.278938662527
2025-01-30 16:00:00+00:00,7328.17171853595
2025-01-30 17:30:00+00:00,7329.994531629949
2025-01-30 20:30:00+00:00,7303.873125552342
2025-01-31 03:00:00+00:00,7305.7258739513845
2025-01-31 06:00:00+00:00,7296.437122725823
2025-01-31 16:15:00+00:00,7283.372640189867
2025-01-31 18:00:00+00:00,7270.330891266824
2025-01-31 21:15:00+00:00,7257.429540262168
2025-01-31 21:45:00+00:00,7244.273441938622
2025-02-01 00:00:00+00:00,7231.023970682106
2025-02-01 00:15:00+00:00,7233.09919929452
2025-02-01 01:00:00+00:00,7219.939300378844
2025-02-01 06:45:00+00:00,7218.386658167071
2025-02-01 07:45:00+00:00,7205.4359043866525
2025-02-01 09:30:00+00:00,7192.491525407681
2025-02-01 09:45:00+00:00,7228.272553832888
2025-02-01 12:45:00+00:00,7214.107263272183
2025-02-01 13:30:00+00:00,7216.171206047963
2025-02-01 15:15:00+00:00,7203.187377807654
2025-02-01 17:15:00+00:00,7190.007311236234
2025-02-01 19:30:00+00:00,7228.841582061995
2025-02-01 19:45:00+00:00,7265.743083399707
2025-02-01 21:00:00+00:00,7267.809575077934
2025-02-01 21:15:00+00:00,7241.046672928209
2025-02-01 22:30:00+00:00,7278.059139910062
2025-02-01 23:30:00+00:00,7266.678825336503
2025-02-02 00:00:00+00:00,7253.316882123255
2025-02-02 00:30:00+00:00,7240.438692138562
2025-02-02 00:45:00+00:00,7242.492167559712
2025-02-02 01:00:00+00:00,7229.163396653336
2025-02-02 01:15:00+00:00,7231.301779669081
2025-02-02 03:00:00+00:00,7267.914716224737
2025-02-02 03:45:00+00:00,7341.962181099776
2025-02-02 05:30:00+00:00,7329.128942445072
2025-02-02 06:15:00+00:00,7316.133896911541
2025-02-02 08:30:00+00:00,7303.304399717801
2025-02-02 11:45:00+00:00,7341.622653431816
2025-02-02 13:45:00+00:00,7328.7458067675425
2025-02-02 16:30:00+00:00,7353.073094678499
2025-02-02 16:45:00+00:00,7390.2350528316165
2025-02-02 17:30:00+00:00,7429.558567835155
2025-02-02 19:00:00+00:00,7466.819963243557
2025-02-02 19:30:00+00:00,7491.329232079031
2025-02-02 20:00:00+00:00,7478.664304633361
2025-02-02 23:45:00+00:00,7468.389216386518
2025-02-03 00:30:00+00:00,7505.761785552792
2025-02-03 01:45:00+00:00,7493.028528153122
2025-02-03 02:00:00+00:00,7517.787342881187
2025-02-03 15:15:00+00:00,7555.224888192747
2025-02-03 19:00:00+00:00,7592.644792701658
2025-02-03 21:45:00+00:00,7630.0242223176065
2025-02-04 02:45:00+00:00,7631.842382395574
2025-02-04 04:00:00+00:00,7618.570132028178
2025-02-04 05:00:00+00:00,7605.249011238824
2025-02-04 19:45:00+00:00,7569.21040421845
2025-02-06 07:45:00+00:00,7556.2181333517665
2025-02-06 08:45:00+00:00,7558.308206816133
2025-02-06 09:00:00+00:00,7545.290937085569
2025-02-06 11:15:00+00:00,7532.184233924594
2025-02-06 11:30:00+00:00,7519.203606135637
2025-02-06 12:15:00+00:00,7506.234960086521
2025-02-06 14:15:00+00:00,7493.297546839907
2025-02-06 15:30:00+00:00,7480.432927079635
2025-02-06 17:30:00+00:00,7482.543224849493
2025-02-06 19:15:00+00:00,7471.92356904781
2025-02-06 20:45:00+00:00,7459.054384065851
2025-02-06 22:45:00+00:00,7445.878463047024
2025-02-07 01:45:00+00:00,7432.669150664331
2025-02-07 07:15:00+00:00,7434.720460043797
2025-02-07 08:45:00+00:00,7421.774869050006
2025-02-07 09:15:00+00:00,7421.755802881288
2025-02-07 15:00:00+00:00,7395.637858657113
2025-02-07 15:15:00+00:00,7370.016132962887
2025-02-07 17:15:00+00:00,7357.294435236207
2025-02-08 00:00:00+00:00,7344.432306771124
2025-02-08 08:30:00+00:00,7344.350725241128
2025-02-08 12:00:00+00:00,7381.167727066883
2025-02-08 13:30:00+00:00,7417.59451895597
2025-02-08 14:45:00+00:00,7454.322541904236
2025-02-08 15:30:00+00:00,7441.298323425033
2025-02-08 16:45:00+00:00,7478.256330611331
2025-02-08 19:15:00+00:00,7479.928691490948
2025-02-08 20:30:00+00:00,7516.945592478906
2025-02-08 21:45:00+00:00,7503.969972203376
2025-02-08 22:30:00+00:00,7490.797835686732
2025-02-09 00:15:00+00:00,7492.266708359783
2025-02-09 00:30:00+00:00,7494.102059218278
2025-02-09 01:00:00+00:00,7480.998390454468
2025-02-09 03:00:00+00:00,7482.91841115066
2025-02-09 03:30:00+00:00,7519.7474464421475
2025-02-09 03:45:00+00:00,7556.665423689661
2025-02-09 04:15:00+00:00,7543.613591614152
2025-02-09 06:30:00+00:00,7530.571107829106
2025-02-09 07:45:00+00:00,7517.520643746382
2025-02-09 08:45:00+00:00,7504.460872287853
2025-02-09 09:30:00+00:00,7506.411268012792
2025-02-09 10:30:00+00:00,7502.787245143674
2025-02-09 11:00:00+00:00,7489.8132860670985
2025-02-09 12:00:00+00:00,7476.879352087699
2025-02-09 13:15:00+00:00,7463.7401307223445
2025-02-09 13:30:00+00:00,7437.238737297502
2025-02-09 15:00:00+00:00,7424.228214079152
2025-02-09 21:30:00+00:00,7461.251419611843
2025-02-10 00:00:00+00:00,7448.460577487614
2025-02-10 03:15:00+00:00,7435.635183344676
2025-02-10 03:30:00+00:00,7422.840675187695
2025-02-10 12:45:00+00:00,7409.11804267837
2025-02-10 14:30:00+00:00,7410.930878240138
2025-02-10 19:00:00+00:00,7398.079483790873
2025-02-10 22:45:00+00:00,7400.022385888008
2025-02-11 00:30:00+00:00,7436.744963032276
2025-02-11 02:15:00+00:00,7410.574269530332
2025-02-11 02:30:00+00:00,7412.015261925777
2025-02-11 03:45:00+00:00,7449.144747753066
2025-02-11 04:45:00+00:00,7486.3285154480645
2025-02-11 06:30:00+00:00,7488.600388596907
2025-02-11 09:30:00+00:00,7490.869559641649
2025-02-11 12:15:00+00:00,7479.882583674042
2025-02-11 13:15:00+00:00,7466.90133678246
2025-02-11 14:00:00+00:00,7456.231135655938
2025-02-11 15:00:00+00:00,7443.3217679999625
2025-02-11 18:45:00+00:00,7480.435571242901
2025-02-11 20:30:00+00:00,7467.548111088689
2025-02-11 21:15:00+00:00,7454.596024217979
2025-02-11 21:30:00+00:00,7456.726476456413
2025-02-11 23:15:00+00:00,7458.697208013077
2025-02-12 01:00:00+00:00,7460.29219468391
2025-02-12 03:15:00+00:00,7462.296080461668
2025-02-12 05:15:00+00:00,7463.787347538331
2025-02-12 05:30:00+00:00,7456.375237535004
2025-02-12 07:30:00+00:00,7443.344628901155
2025-02-12 08:00:00+00:00,7429.742776772738
2025-02-12 14:45:00+00:00,7426.319628388033
2025-02-12 16:45:00+00:00,7407.958561462228
2025-02-12 20:15:00+00:00,7382.278255899506
2025-02-12 22:15:00+00:00,7369.3587414833555
2025-02-13 08:15:00+00:00,7406.4689586748855
2025-02-13 10:00:00+00:00,7393.460093192171
2025-02-13 13:00:00+00:00,7430.531444394095
2025-02-13 13:30:00+00:00,7417.308138166268
2025-02-13 14:30:00+00:00,7419.135105219321
2025-02-13 15:15:00+00:00,7421.055469348834
2025-02-13 19:00:00+00:00,7423.135741729007
2025-02-14 07:15:00+00:00,7422.997271889368
2025-02-14 08:15:00+00:00,7460.011792219312
2025-02-14 08:45:00+00:00,7461.875544487651
2025-02-14 10:00:00+00:00,7448.819383175896
2025-02-14 12:00:00+00:00,7450.992592442232
2025-02-14 15:15:00+00:00,7455.169509827999
2025-02-14 17:15:00+00:00,7492.020588968729
2025-02-14 17:45:00+00:00,7493.952655873839
2025-02-14 19:30:00+00:00,7495.895698354742
2025-02-14 19:45:00+00:00,7482.979273572747
2025-02-14 20:45:00+00:00,7469.704807039715
2025-02-14 21:00:00+00:00,7456.65899174928
2025-02-14 21:30:00+00:00,7445.924498127306
2025-02-14 22:45:00+00:00,7432.955003898154
2025-02-15 03:30:00+00:00,7420.0829906377385
2025-02-15 03:45:00+00:00,7421.380100562761
2025-02-15 13:00:00+00:00,7423.214476790656
2025-02-15 15:00:00+00:00,7410.173052542599
2025-02-16 09:30:00+00:00,7383.993759171756
2025-02-16 11:30:00+00:00,7370.862444698638
2025-02-16 13:30:00+00:00,7357.616055922645
2025-02-16 14:00:00+00:00,7394.457494747694
2025-02-16 14:45:00+00:00,7381.377869321321
2025-02-16 16:45:00+00:00,7383.185748982479
2025-02-16 21:00:00+00:00,7419.920994661597
2025-02-17 01:30:00+00:00,7421.83192318523
2025-02-17 03:00:00+00:00,7423.697953157185
2025-02-17 05:00:00+00:00,7460.588181416278
2025-02-17 06:00:00+00:00,7498.6971597652055
2025-02-17 07:00:00+00:00,7459.954462736288
2025-02-17 08:00:00+00:00,7446.999409243834
2025-02-17 08:45:00+00:00,7447.9812723397545
2025-02-17 09:00:00+00:00,7437.044256239884
2025-02-17 12:15:00+00:00,7424.220718348248
2025-02-17 14:00:00+00:00,7410.167103859646
2025-02-17 15:45:00+00:00,7435.342196754022
2025-02-17 16:00:00+00:00,7472.332933462959
2025-02-17 16:30:00+00:00,7459.412196902328
2025-02-17 20:45:00+00:00,7445.772386421552
2025-02-17 21:15:00+00:00,7432.8705372012355
2025-02-17 21:45:00+00:00,7419.9692730350425
2025-02-18 00:15:00+00:00,7407.116769178821
2025-02-18 01:00:00+00:00,7408.384169938478
2025-02-18 06:00:00+00:00,7445.37294996183
2025-02-18 07:15:00+00:00,7447.376424945634
2025-02-18 09:30:00+00:00,7436.288510629353
2025-02-18 09:45:00+00:00,7423.364780187884
2025-02-18 10:00:00+00:00,7410.418610494029
2025-02-18 14:15:00+00:00,7397.481496669585
2025-02-18 18:15:00+00:00,7384.625838022794
2025-02-18 20:00:00+00:00,7386.830471915451
2025-02-18 21:00:00+00:00,7373.53419913681
2025-02-18 21:15:00+00:00,7360.645181184825
2025-02-18 23:15:00+00:00,7347.736483842539
2025-02-19 01:00:00+00:00,7349.836536481981
2025-02-19 04:30:00+00:00,7351.819727347969
2025-02-19 04:45:00+00:00,7338.837657379714
2025-02-19 07:00:00+00:00,7325.898077755088
2025-02-19 11:45:00+00:00,7362.82176634166
2025-02-19 12:45:00+00:00,7349.810884682095
2025-02-19 14:00:00+00:00,7336.795789063351
2025-02-19 14:30:00+00:00,7323.820943118187
2025-02-19 19:00:00+00:00,7325.912804614287
2025-02-19 19:15:00+00:00,7327.915115914207
2025-02-19 22:45:00+00:00,7329.91792682265
2025-02-20 00:45:00+00:00,7316.927171836538
2025-02-20 10:30:00+00:00,7318.79043050634
2025-02-20 14:00:00+00:00,7354.532104901329
2025-02-20 14:45:00+00:00,7340.213127400751
2025-02-20 23:15:00+00:00,7342.210326103076
2025-02-21 02:15:00+00:00,7344.091837442838
2025-02-21 06:00:00+00:00,7330.8836582600625
2025-02-21 07:15:00+00:00,7319.650021468392
2025-02-21 08:30:00+00:00,7306.412929048299
2025-02-21 09:15:00+00:00,7293.2328634652595
2025-02-21 09:30:00+00:00,7295.075721824797
2025-02-21 10:15:00+00:00,7305.051710561678
2025-02-21 11:15:00+00:00,7291.911967794998
2025-02-21 13:00:00+00:00,7278.834936178933
2025-02-21 14:30:00+00:00,7267.16214712178
2025-02-21 15:00:00+00:00,7269.182626373435
2025-02-21 15:15:00+00:00,7255.763264957116
2025-02-21 17:30:00+00:00,7292.916019698487
2025-02-21 18:30:00+00:00,7295.121124565181
2025-02-21 19:15:00+00:00,7332.3333359262815
2025-02-21 21:30:00+00:00,7369.511705120877
2025-02-21 22:45:00+00:00,7356.688850607703
2025-02-22 00:30:00+00:00,7343.861068478252
2025-02-22 01:00:00+00:00,7333.129585043602
2025-02-22 07:15:00+00:00,7327.198512033241
2025-02-22 07:45:00+00:00,7324.672964437574
2025-02-22 13:00:00+00:00,7311.437603892168
2025-02-22 17:45:00+00:00,7298.081914347244
2025-02-23 01:00:00+00:00,7299.959824022961
2025-02-23 15:45:00+00:00,7336.139595518532
2025-02-23 17:15:00+00:00,7322.4080382454085
2025-02-23 23:00:00+00:00,7308.682372918784
2025-02-24 00:00:00+00:00,7294.85852467554
2025-02-24 03:00:00+00:00,7331.109846045235
2025-02-24 04:30:00+00:00,7367.969238204459
2025-02-24 05:00:00+00:00,7355.0409751482475
2025-02-24 05:30:00+00:00,7341.752702966669
2025-02-24 09:15:00+00:00,7332.801528167327
2025-02-24 09:30:00+00:00,7334.829969795679
2025-02-24 10:30:00+00:00,7371.780766056608
2025-02-24 11:15:00+00:00,7358.8030167598445
2025-02-24 11:45:00+00:00,7360.846323369246
2025-02-24 13:00:00+00:00,7347.914794085024
2025-02-24 13:30:00+00:00,7334.93649026491
2025-02-24 14:00:00+00:00,7321.96191950313
2025-02-24 15:00:00+00:00,7359.013753131453
2025-02-24 16:00:00+00:00,7362.572331012325
2025-02-24 17:15:00+00:00,7349.762225176851
2025-02-24 17:30:00+00:00,7324.047574759287
2025-02-24 21:30:00+00:00,7326.192824398539
2025-02-24 22:00:00+00:00,7363.3839195115825
2025-02-24 22:45:00+00:00,7387.79866918324
2025-02-25 00:00:00+00:00,7424.661846925716
2025-02-25 00:15:00+00:00,7426.917026943762
2025-02-25 06:45:00+00:00,7427.43538784397
2025-02-25 07:15:00+00:00,7464.691021487325
2025-02-25 07:30:00+00:00,7501.578154096663
2025-02-25 08:15:00+00:00,7503.932778439103
2025-02-25 10:30:00+00:00,7506.254921101964
2025-02-25 11:45:00+00:00,7508.288424542481
2025-02-25 15:45:00+00:00,7485.217109611381
2025-02-26 05:45:00+00:00,7487.444097340459
2025-02-26 12:45:00+00:00,7474.502069466085
2025-02-26 14:15:00+00:00,7461.605265510511
2025-02-26 15:00:00+00:00,7498.70135858092
2025-02-26 17:45:00+00:00,7500.859792828041
2025-02-26 20:30:00+00:00,7488.103490452574
2025-02-27 13:15:00+00:00,7487.727267789667
2025-02-27 13:30:00+00:00,7482.945699480899
2025-02-27 14:45:00+00:00,7456.872599610279
2025-02-27 16:30:00+00:00,7461.10900618474
2025-02-27 16:45:00+00:00,7448.095910001764
2025-02-27 18:00:00+00:00,7435.220827244563
2025-02-27 20:00:00+00:00,7422.331443089975
2025-02-27 21:30:00+00:00,7409.482184691207
2025-02-28 02:00:00+00:00,7411.658047615542
2025-02-28 03:00:00+00:00,7413.885065333246
2025-02-28 09:00:00+00:00,7418.330349660377
2025-02-28 09:30:00+00:00,7405.567621277577
2025-02-28 13:30:00+00:00,7407.836972338159
2025-02-28 14:00:00+00:00,7445.044354177197
2025-02-28 20:15:00+00:00,7449.417108643136
2025-02-28 20:45:00+00:00,7449.996845450654
2025-02-28 23:15:00+00:00,7450.822595481373
2025-03-01 00:45:00+00:00,7437.878921165373
2025-03-01 02:45:00+00:00,7440.0337817158825
2025-03-01 06:15:00+00:00,7442.096458331182
2025-03-01 10:15:00+00:00,7429.0911756354
2025-03-01 11:00:00+00:00,7416.106464721365
2025-03-01 11:15:00+00:00,7403.124728290097
2025-03-01 13:15:00+00:00,7390.137012990252
2025-03-01 13:45:00+00:00,7377.132608624673
2025-03-01 17:30:00+00:00,7379.130964980579
2025-03-01 18:30:00+00:00,7416.153185143856
2025-03-02 15:15:00+00:00,7453.204467905405
2025-03-02 15:45:00+00:00,7440.590712126194
2025-03-02 16:30:00+00:00,7477.993580409465
2025-03-02 18:30:00+00:00,7480.298423249872
2025-03-03 01:15:00+00:00,7477.591913792782
2025-03-03 01:30:00+00:00,7480.025173212399
2025-03-03 02:15:00+00:00,7467.183108436435
2025-03-03 06:30:00+00:00,7456.711038248449
2025-03-03 09:30:00+00:00,7446.26296389072
2025-03-03 10:15:00+00:00,7448.423899430022
2025-03-03 12:00:00+00:00,7422.792483391736
2025-03-03 13:30:00+00:00,7409.908724064107
2025-03-03 15:00:00+00:00,7384.025221102222
2025-03-03 15:15:00+00:00,7373.419157820598
2025-03-03 18:45:00+00:00,7410.425152052486
2025-03-03 19:00:00+00:00,7484.987447311981
2025-03-03 21:30:00+00:00,7487.073595074008
2025-03-03 22:30:00+00:00,7474.189285032658
2025-03-04 01:00:00+00:00,7511.483705088191
2025-03-04 01:30:00+00:00,7548.569758010417
2025-03-04 02:00:00+00:00,7623.14501568613
2025-03-04 02:15:00+00:00,7623.614545113109
2025-03-04 05:00:00+00:00,7610.952605005009
2025-03-04 08:45:00+00:00,7594.118259018795
2025-03-04 10:45:00+00:00,7581.43089920672
2025-03-04 11:00:00+00:00,7568.65934561709
2025-03-04 11:45:00+00:00,7569.932243188369
2025-03-04 14:00:00+00:00,7572.231926680985
2025-03-04 15:45:00+00:00,7574.5952398319705
2025-03-05 01:30:00+00:00,7576.126430954078
2025-03-05 09:30:00+00:00,7563.35073756339
2025-03-05 13:15:00+00:00,7550.599109415694
2025-03-05 23:30:00+00:00,7587.8138448377385
2025-03-06 06:30:00+00:00,7589.902780362886
2025-03-06 07:30:00+00:00,7577.060473420347
2025-03-06 10:15:00+00:00,7614.196304607003
2025-03-06 12:00:00+00:00,7601.364821844307
2025-03-07 00:30:00+00:00,7638.568096073129
2025-03-07 01:00:00+00:00,7625.890626890924
2025-03-07 01:15:00+00:00,7613.155435140729
2025-03-07 01:30:00+00:00,7600.391902857191
2025-03-07 08:00:00+00:00,7596.968926388695
2025-03-07 14:45:00+00:00,7599.164161006485
2025-03-07 16:00:00+00:00,7636.411470498193
2025-03-07 17:45:00+00:00,7623.740198855273
2025-03-07 18:30:00+00:00,7610.987049722674
2025-03-07 21:15:00+00:00,7613.250911226999
2025-03-08 01:00:00+00:00,7615.4682491302265
2025-03-08 10:15:00+00:00,7617.686518182571
2025-03-08 12:15:00+00:00,7619.875100157517
2025-03-08 17:30:00+00:00,7606.8543806940215
2025-03-08 22:00:00+00:00,7609.0182947019575
2025-03-09 06:00:00+00:00,7595.924367260634
2025-03-09 09:15:00+00:00,7582.820183604947
2025-03-09 12:00:00+00:00,7620.128160600259
2025-03-09 15:00:00+00:00,7606.757922215436
2025-03-09 16:15:00+00:00,7608.474221632508
2025-03-09 18:15:00+00:00,7682.422672233746
2025-03-10 01:00:00+00:00,7669.486098139321
2025-03-10 02:15:00+00:00,7656.5676694550475
2025-03-10 09:15:00+00:00,7658.623476132718
2025-03-10 10:15:00+00:00,7660.880968998365
2025-03-10 18:45:00+00:00,7697.965858642076
2025-03-10 23:45:00+00:00,7685.252466952367
2025-03-11 00:15:00+00:00,7672.497505879197
2025-03-11 00:30:00+00:00,7709.65370050996
2025-03-11 00:45:00+00:00,7746.9707765595995
2025-03-11 01:30:00+00:00,7734.170286565631
2025-03-11 02:00:00+00:00,7758.755115437314
2025-03-11 04:15:00+00:00,7745.902281647731
2025-03-11 12:30:00+00:00,7748.172001660414
2025-03-11 13:00:00+00:00,7733.114988710494
2025-03-11 13:30:00+00:00,7735.284420991962
2025-03-11 14:00:00+00:00,7724.63619829297
2025-03-11 14:30:00+00:00,7699.119063263363
2025-03-11 16:15:00+00:00,7736.432207344608
2025-03-11 17:15:00+00:00,7723.725061191415
2025-03-11 18:00:00+00:00,7760.966435967282
2025-03-11 23:15:00+00:00,7763.21901461
2025-03-12 03:15:00+00:00,7765.505212640789
2025-03-12 03:45:00+00:00,7767.6208973661705
2025-03-12 04:30:00+00:00,7754.445793242217
2025-03-12 12:15:00+00:00,7791.7216715969425
2025-03-12 12:30:00+00:00,7828.853337516733
2025-03-12 15:00:00+00:00,7816.0772189668905
2025-03-13 04:30:00+00:00,7803.102573711454
2025-03-13 12:30:00+00:00,7840.042012866573
2025-03-13 13:30:00+00:00,7827.211548649175
2025-03-13 13:45:00+00:00,7814.285445823563
2025-03-13 15:30:00+00:00,7801.432361017079
2025-03-13 22:30:00+00:00,7788.567211318711
2025-03-14 08:30:00+00:00,7775.722844778404
2025-03-14 14:00:00+00:00,7777.641960352854
2025-03-14 15:00:00+00:00,7774.824541330304
2025-03-14 15:45:00+00:00,7776.740612537149
2025-03-14 16:00:00+00:00,7763.880399390857
2025-03-14 16:30:00+00:00,7750.751345673445
2025-03-14 17:30:00+00:00,7737.8395266887055
2025-03-14 19:45:00+00:00,7740.1487669665075
2025-03-14 20:15:00+00:00,7742.285912918239
2025-03-14 23:00:00+00:00,7744.34485473461
2025-03-14 23:45:00+00:00,7731.217121053748
2025-03-15 01:30:00+00:00,7718.227164120692
2025-03-15 05:00:00+00:00,7720.178216649601
2025-03-15 05:30:00+00:00,7721.477727344152
2025-03-15 07:30:00+00:00,7709.930186603354
2025-03-15 08:15:00+00:00,7711.759022477339
2025-03-15 13:00:00+00:00,7748.607700270914
2025-03-15 14:00:00+00:00,7735.424058074015
2025-03-15 14:45:00+00:00,7736.649787962269
2025-03-15 15:15:00+00:00,7738.488962341091
2025-03-15 16:30:00+00:00,7774.755199179121
2025-03-15 17:00:00+00:00,7776.621297760181
2025-03-15 21:00:00+00:00,7813.135743483189
2025-03-16 01:00:00+00:00,7814.715368981823
2025-03-16 02:45:00+00:00,7801.312269612241
2025-03-16 04:30:00+00:00,7787.929100964693
2025-03-16 11:00:00+00:00,7824.897082707063
2025-03-16 14:45:00+00:00,7826.929649194567
2025-03-16 16:00:00+00:00,7813.941987599961
2025-03-16 23:30:00+00:00,7803.156094902618
2025-03-17 05:15:00+00:00,7790.0678167291435
2025-03-17 06:45:00+00:00,7792.003711784106
2025-03-17 07:00:00+00:00,7794.014653338536
2025-03-17 07:30:00+00:00,7795.941412897549
2025-03-17 07:45:00+00:00,7782.9037081143915
2025-03-17 09:15:00+00:00,7769.78136881489
2025-03-17 11:45:00+00:00,7771.70131962344
2025-03-17 13:15:00+00:00,7758.6623463017195
2025-03-17 15:45:00+00:00,7760.63630973886
2025-03-17 23:15:00+00:00,7747.423167649544
2025-03-18 01:00:00+00:00,7734.056493269224
2025-03-18 03:30:00+00:00,7770.934978830794
2025-03-18 05:00:00+00:00,7772.874225277076
2025-03-18 07:00:00+00:00,7774.802917916327
2025-03-18 08:30:00+00:00,7734.934581433887
2025-03-18 13:30:00+00:00,7758.588578267384
2025-03-18 14:30:00+00:00,7745.1276776516515
2025-03-18 16:45:00+00:00,7732.281237455397
2025-03-18 18:45:00+00:00,7733.923185842902
2025-03-18 19:15:00+00:00,7720.746159172427
2025-03-18 19:45:00+00:00,7707.460002266341
2025-03-18 22:45:00+00:00,7709.415402474359
2025-03-18 23:15:00+00:00,7696.101051325616
2025-03-19 00:30:00+00:00,7682.4950073697055
2025-03-19 05:30:00+00:00,7719.586580443782
2025-03-19 07:30:00+00:00,7721.196498519077
2025-03-19 10:15:00+00:00,7708.17787822623
2025-03-19 10:30:00+00:00,7744.526294447047
2025-03-19 11:00:00+00:00,7781.259549341867
2025-03-19 12:30:00+00:00,7768.228008626721
2025-03-19 13:30:00+00:00,7772.043313835562
2025-03-19 14:00:00+00:00,7758.8551291933845
2025-03-19 14:30:00+00:00,7761.095991054515
2025-03-19 15:30:00+00:00,7763.17114600682
2025-03-19 16:30:00+00:00,7750.257627385584
2025-03-19 17:30:00+00:00,7724.188455623744
2025-03-19 18:00:00+00:00,7726.176634899205
2025-03-19 18:15:00+00:00,7715.3410170796615
2025-03-19 18:45:00+00:00,7702.181272465752
2025-03-19 19:15:00+00:00,7704.299228068771
2025-03-20 00:45:00+00:00,7678.527353125841
2025-03-20 02:00:00+00:00,7667.62765978956
2025-03-20 04:00:00+00:00,7669.808683321039
2025-03-20 08:15:00+00:00,7667.634955287418
2025-03-20 09:00:00+00:00,7668.947193170841
2025-03-20 09:15:00+00:00,7670.869775632016
2025-03-20 10:00:00+00:00,7657.719377596702
2025-03-20 10:15:00+00:00,7644.555721192756
2025-03-20 14:00:00+00:00,7681.45992591237
2025-03-20 14:15:00+00:00,7668.319386472299
2025-03-20 16:15:00+00:00,7705.259764265681
2025-03-20 18:30:00+00:00,7692.295590446792
2025-03-21 00:00:00+00:00,7694.242325984717
2025-03-21 00:45:00+00:00,7681.209385318757
2025-03-21 01:00:00+00:00,7668.093997499526
2025-03-21 01:45:00+00:00,7654.992178206131
2025-03-21 04:30:00+00:00,7656.77720688721
2025-03-21 08:00:00+00:00,7658.685398176217
2025-03-21 22:30:00+00:00,7660.605927637012
2025-03-22 01:30:00+00:00,7662.604634211814
2025-03-22 19:30:00+00:00,7699.537410441186
2025-03-22 20:45:00+00:00,7686.397461808036
2025-03-23 11:00:00+00:00,7722.73824896898
2025-03-23 11:45:00+00:00,7708.991889012911
2025-03-23 14:15:00+00:00,7710.222534847788
2025-03-23 14:45:00+00:00,7698.439813664189
2025-03-23 16:00:00+00:00,7685.020771295565
2025-03-23 16:30:00+00:00,7685.676609346686
2025-03-23 17:15:00+00:00,7672.308926534283
2025-03-23 17:30:00+00:00,7658.329406198137
2025-03-23 20:00:00+00:00,7681.796716918635
2025-03-23 20:45:00+00:00,7668.512921174225
2025-03-23 23:45:00+00:00,7704.596185145415
2025-03-24 00:45:00+00:00,7705.751462363435
2025-03-24 01:00:00+00:00,7692.463050173792
2025-03-24 05:00:00+00:00,7728.846245038317
2025-03-24 10:00:00+00:00,7715.683504329014
2025-03-24 11:00:00+00:00,7701.894153378448
2025-03-24 11:45:00+00:00,7738.945167302814
2025-03-24 12:00:00+00:00,7725.248456163525
2025-03-24 14:00:00+00:00,7762.09017001209
2025-03-24 14:15:00+00:00,7748.508436472982
2025-03-24 15:00:00+00:00,7735.056756839702
2025-03-24 16:00:00+00:00,7723.891563786498
2025-03-24 16:15:00+00:00,7710.9786500619275
2025-03-24 16:30:00+00:00,7697.949957543944
2025-03-24 19:00:00+00:00,7735.043387061595
2025-03-24 20:45:00+00:00,7721.795185593549
2025-03-24 22:15:00+00:00,7723.870891730195
2025-03-24 23:00:00+00:00,7723.017656535648
2025-03-25 01:00:00+00:00,7711.783813973479
2025-03-25 01:15:00+00:00,7713.608629795088
2025-03-25 03:15:00+00:00,7700.344617379461
2025-03-25 03:30:00+00:00,7689.280131977748
2025-03-25 06:00:00+00:00,7726.206903994429
2025-03-25 06:30:00+00:00,7727.9001285250615
2025-03-25 10:00:00+00:00,7714.257434105684
2025-03-25 11:15:00+00:00,7700.734983956608
2025-03-25 11:30:00+00:00,7702.67338193237
2025-03-25 12:30:00+00:00,7739.679218242068
2025-03-26 12:30:00+00:00,7726.430220559185
2025-03-26 13:30:00+00:00,7713.242531448807
2025-03-26 13:45:00+00:00,7700.287908501089
2025-03-26 14:15:00+00:00,7674.236965377444
2025-03-26 20:30:00+00:00,7676.042347729361
2025-03-26 21:45:00+00:00,7679.688734156385
2025-03-27 00:15:00+00:00,7666.508098794451
2025-03-27 01:00:00+00:00,7655.182263684301
2025-03-27 02:00:00+00:00,7642.087743176287
2025-03-27 07:30:00+00:00,7645.829951637841
2025-03-27 08:15:00+00:00,7647.64468020964
2025-03-27 10:15:00+00:00,7649.565043230447
2025-03-27 11:45:00+00:00,7636.249428890732
2025-03-27 12:00:00+00:00,7623.166091979168
2025-03-27 13:15:00+00:00,7609.9918268568645
2025-03-27 13:45:00+00:00,7633.186749866935
2025-03-27 14:30:00+00:00,7620.29223629309
2025-03-27 17:30:00+00:00,7609.296891747531
2025-03-27 19:15:00+00:00,7645.924527678712
2025-03-27 21:45:00+00:00,7647.925414765965
2025-03-28 00:15:00+00:00,7649.865303851753
2025-03-28 01:30:00+00:00,7651.836305522537
2025-03-28 05:45:00+00:00,7688.732789005612
2025-03-28 11:00:00+00:00,7725.719019106309
2025-03-28 11:15:00+00:00,7762.760674075377
2025-03-28 12:00:00+00:00,7749.758086349426
2025-03-28 13:15:00+00:00,7736.2649058359
2025-03-28 16:00:00+00:00,7772.835198848392
2025-03-28 20:45:00+00:00,7809.935527500628
2025-03-28 22:00:00+00:00,7811.96737053834
2025-03-28 22:30:00+00:00,7798.944241683003
2025-03-28 22:45:00+00:00,7789.1983821046315
2025-03-29 02:45:00+00:00,7826.000436607525
2025-03-29 03:30:00+00:00,7827.685522494261
2025-03-29 03:45:00+00:00,7829.026041394856
2025-03-29 08:15:00+00:00,7830.981321470135
2025-03-29 09:30:00+00:00,7867.921719081104
2025-03-29 11:15:00+00:00,7904.952718930559
2025-03-29 11:30:00+00:00,7941.97090086972
2025-03-29 23:30:00+00:00,7943.9658459454395
2025-03-30 02:30:00+00:00,7930.977968787851
2025-03-30 08:30:00+00:00,7917.908440896981
2025-03-30 17:30:00+00:00,7904.8773200102305
2025-03-30 18:15:00+00:00,7891.839469427599
2025-03-30 22:00:00+00:00,7928.798812004526
2025-03-31 07:45:00+00:00,7965.853352870627
2025-03-31 08:45:00+00:00,8002.545128404532
2025-03-31 09:00:00+00:00,7989.535912077684
2025-03-31 10:45:00+00:00,7976.608621612903
2025-03-31 13:45:00+00:00,7980.753917532716
2025-03-31 14:45:00+00:00,7967.887275011777
2025-03-31 17:30:00+00:00,7954.932794161124
2025-03-31 17:45:00+00:00,7941.87103412766
2025-03-31 19:45:00+00:00,7928.733726445597
2025-03-31 21:30:00+00:00,7928.055431878407
2025-03-31 23:15:00+00:00,7915.04833572645
2025-04-01 00:15:00+00:00,7912.4411307346045
2025-04-01 02:15:00+00:00,7899.377102787042
2025-04-01 03:00:00+00:00,7892.707188263852
2025-04-01 17:00:00+00:00,7879.371494859536
2025-04-01 20:30:00+00:00,7866.320169088964
2025-04-02 00:15:00+00:00,7853.151555197058
2025-04-02 12:00:00+00:00,7840.305542096141
2025-04-03 01:00:00+00:00,7827.538856229279
2025-04-03 04:30:00+00:00,7827.690143166279
2025-04-03 06:30:00+00:00,7829.914269088481
2025-04-03 07:30:00+00:00,7816.999987015139
2025-04-03 10:15:00+00:00,7804.097205673988
2025-04-03 12:30:00+00:00,7791.176298644093
2025-04-03 12:45:00+00:00,7828.42541271024
2025-04-03 15:30:00+00:00,7830.570370841802
2025-04-04 05:00:00+00:00,7817.550041153878
2025-04-04 06:00:00+00:00,7854.680484146843
2025-04-04 07:45:00+00:00,7891.63294133419
2025-04-04 08:15:00+00:00,7928.515718158502
2025-04-04 09:30:00+00:00,7930.4767158933755
2025-04-04 10:00:00+00:00,7917.434372585223
2025-04-04 10:45:00+00:00,7878.271511053104
2025-04-04 11:15:00+00:00,7839.212767979677
2025-04-04 14:30:00+00:00,7841.382937647296
2025-04-04 15:00:00+00:00,7878.424117702144
2025-04-04 15:30:00+00:00,7865.655740234934
2025-04-04 16:15:00+00:00,7839.993625769454
2025-04-04 16:30:00+00:00,7827.250617980293
2025-04-04 23:00:00+00:00,7825.294687893926
2025-04-04 23:30:00+00:00,7827.450692648514
2025-04-05 03:15:00+00:00,7829.335878364627
2025-04-05 04:45:00+00:00,7816.029718003178
2025-04-05 06:30:00+00:00,7817.6748053728825
2025-04-05 11:30:00+00:00,7854.354787113791
2025-04-05 12:45:00+00:00,7843.375713281256
2025-04-05 13:30:00+00:00,7830.264725523962
2025-04-05 20:15:00+00:00,7822.854689890084
2025-04-06 14:45:00+00:00,7809.223114691556
2025-04-06 17:00:00+00:00,7845.707195615665
2025-04-06 17:45:00+00:00,7847.808144483257
2025-04-07 01:15:00+00:00,7837.100398116661
2025-04-07 06:15:00+00:00,7874.192341153252
2025-04-07 06:30:00+00:00,7948.584071615811
2025-04-07 06:45:00+00:00,7985.8635952697105
2025-04-07 07:00:00+00:00,7973.090236595593
2025-04-07 08:15:00+00:00,7960.321730471028
2025-04-07 08:30:00+00:00,7922.065746101473
2025-04-07 10:15:00+00:00,7909.1866695270655
2025-04-07 14:15:00+00:00,7896.530205043803
2025-04-08 01:00:00+00:00,7897.3090578444835
2025-04-08 06:00:00+00:00,7884.47332413323
2025-04-08 12:00:00+00:00,7921.526743648949
2025-04-08 13:30:00+00:00,7908.640193802317
2025-04-08 14:45:00+00:00,7895.80236916633
2025-04-08 16:00:00+00:00,7898.155238887407
2025-04-08 16:30:00+00:00,7885.344751911439
2025-04-09 00:30:00+00:00,7887.593162014388
2025-04-09 01:30:00+00:00,7889.753648288905
2025-04-09 01:45:00+00:00,7878.957790650816
2025-04-09 02:00:00+00:00,7866.219121148876
2025-04-09 04:00:00+00:00,7868.293179178339
2025-04-09 04:30:00+00:00,7855.558539337565
2025-04-09 05:00:00+00:00,7829.857125823613
2025-04-09 07:00:00+00:00,7816.932431448561
2025-04-09 13:30:00+00:00,7818.953487587426
2025-04-10 00:30:00+00:00,7819.2916113006095
2025-04-10 00:45:00+00:00,7808.132189371755
2025-04-10 03:00:00+00:00,7795.2823726057495
2025-04-10 03:15:00+00:00,7784.671721312501
2025-04-10 07:30:00+00:00,7786.360138806745
2025-04-10 10:30:00+00:00,7773.963654065107
2025-04-10 11:00:00+00:00,7760.445829939971
2025-04-10 12:15:00+00:00,7760.624376252482
2025-04-10 12:45:00+00:00,7762.204123334906
2025-04-10 13:30:00+00:00,7751.309837939151
2025-04-10 14:45:00+00:00,7753.458536557623
2025-04-10 16:45:00+00:00,7740.634053725431
2025-04-10 20:45:00+00:00,7727.79677407764
2025-04-11 00:00:00+00:00,7702.082446335236
2025-04-11 06:45:00+00:00,7697.428083128638
2025-04-11 14:15:00+00:00,7684.556998138681
2025-04-11 17:00:00+00:00,7721.019457861636
2025-04-11 18:45:00+00:00,7723.171088850363
2025-04-11 21:30:00+00:00,7725.275379470951
2025-04-11 23:15:00+00:00,7726.559336513398
2025-04-12 00:15:00+00:00,7712.492126508497
2025-04-12 00:45:00+00:00,7698.4259774194925
2025-04-12 02:45:00+00:00,7700.398351830727
2025-04-12 04:15:00+00:00,7686.641743640313
2025-04-12 04:30:00+00:00,7723.627163736868
2025-04-12 13:30:00+00:00,7710.415770054617
2025-04-12 14:00:00+00:00,7697.313815977229
2025-04-12 14:30:00+00:00,7684.303976005429
2025-04-12 23:00:00+00:00,7685.600277171264
2025-04-13 21:30:00+00:00,7722.655983362332
2025-04-14 08:30:00+00:00,7709.808064509665
2025-04-14 11:00:00+00:00,7746.834225939674
2025-04-14 13:30:00+00:00,7733.8711830216735
2025-04-16 00:00:00+00:00,7770.957511511636
2025-04-16 04:30:00+00:00,7757.900649375952
2025-04-16 05:15:00+00:00,7744.810828123168
2025-04-16 08:00:00+00:00,7731.804551496363
2025-04-16 08:30:00+00:00,7733.719766069379
2025-04-16 13:30:00+00:00,7720.714612777472
2025-04-16 13:45:00+00:00,7720.248622465947
2025-04-16 15:15:00+00:00,7757.241855019644
2025-04-16 16:15:00+00:00,7744.332135037598
2025-04-16 17:30:00+00:00,7746.423623640696
2025-04-16 19:45:00+00:00,7733.600039451312
2025-04-16 23:30:00+00:00,7720.76140560234
2025-04-17 05:15:00+00:00,7757.953777119953
2025-04-17 06:30:00+00:00,7794.972282514898
2025-04-17 07:45:00+00:00,7781.887688882314
2025-04-17 08:45:00+00:00,7768.765769496201
2025-04-17 14:00:00+00:00,7729.503597208423
2025-04-20 10:45:00+00:00,7765.676343078372
2025-04-20 11:30:00+00:00,7802.313641835659
2025-04-20 14:00:00+00:00,7788.699636729097
2025-04-20 16:15:00+00:00,7762.311219155021
2025-04-20 19:30:00+00:00,7748.750102574159
2025-04-20 20:00:00+00:00,7735.477331556334
2025-04-20 20:15:00+00:00,7722.288484925392
2025-04-21 00:15:00+00:00,7723.999807641484
2025-04-21 04:45:00+00:00,7727.674176772854
2025-04-21 05:45:00+00:00,7714.6059222855065
2025-04-21 06:00:00+00:00,7716.423982761235
2025-04-21 08:00:00+00:00,7703.203870791348
2025-04-21 10:15:00+00:00,7689.981168127381
2025-04-21 11:00:00+00:00,7691.431039807087
2025-04-21 11:15:00+00:00,7678.067574588649
2025-04-21 12:45:00+00:00,7714.832548598897
2025-04-21 13:00:00+00:00,7715.967419187048
2025-04-21 13:45:00+00:00,7702.629816154953
2025-04-21 14:15:00+00:00,7689.412878700732
2025-04-21 16:45:00+00:00,7676.125065735893
2025-04-21 23:30:00+00:00,7711.610814175613
2025-04-22 00:30:00+00:00,7748.580127611538
2025-04-22 00:45:00+00:00,7750.1091453374365
2025-04-22 01:15:00+00:00,7752.0951050058375
2025-04-22 04:00:00+00:00,7754.038713943397
2025-04-22 07:30:00+00:00,7740.903540286106
2025-04-22 08:15:00+00:00,7701.186401268846
2025-04-22 10:30:00+00:00,7703.135350134513
2025-04-22 13:00:00+00:00,7690.028845794816
2025-04-22 13:45:00+00:00,7713.846344793663
2025-04-22 14:45:00+00:00,7700.808664532574
2025-04-22 15:00:00+00:00,7737.756261424136
2025-04-22 16:45:00+00:00,7724.90053003438
2025-04-22 21:15:00+00:00,7761.918560660579
2025-04-22 21:30:00+00:00,7763.484293496654
2025-04-22 21:45:00+00:00,7800.601237782571
2025-04-23 01:45:00+00:00,7802.73426821545
2025-04-23 07:00:00+00:00,7804.86269794631
2025-04-23 07:45:00+00:00,7793.938469627813
2025-04-23 09:00:00+00:00,7780.999485891229
2025-04-23 11:15:00+00:00,7768.030963723573
2025-04-23 13:30:00+00:00,7804.618988003264
2025-04-23 13:45:00+00:00,7806.669359316224
2025-04-23 16:45:00+00:00,7808.276096264626
2025-04-23 17:00:00+00:00,7810.421432373833
2025-04-23 22:30:00+00:00,7797.5789017302295
2025-04-23 22:45:00+00:00,7784.5141538926555
2025-04-24 00:15:00+00:00,7786.483803296087
2025-04-24 01:30:00+00:00,7788.281209141562
2025-04-24 03:45:00+00:00,7825.2615655650925
2025-04-24 07:15:00+00:00,7862.1270558106435
2025-04-24 08:30:00+00:00,7898.782508041194
2025-04-24 09:30:00+00:00,7900.66970178357
2025-04-24 12:30:00+00:00,7887.571623452598
2025-04-24 12:45:00+00:00,7889.62088884599
2025-04-24 13:30:00+00:00,7876.394142865422
2025-04-24 14:00:00+00:00,7850.246372980721
2025-04-24 14:45:00+00:00,7837.2670248063505
2025-04-24 15:00:00+00:00,7823.9743602104245
2025-04-24 15:45:00+00:00,7811.168904895
2025-04-24 18:00:00+00:00,7813.2686753985045
2025-04-25 01:00:00+00:00,7800.211891338637
2025-04-25 03:30:00+00:00,7802.213878200627
2025-04-25 06:30:00+00:00,7789.197808338625
2025-04-25 07:00:00+00:00,7776.119451852017
2025-04-25 11:15:00+00:00,7778.095212524237
2025-04-25 14:00:00+00:00,7780.145895355441
2025-04-26 01:30:00+00:00,7781.750726567293
2025-04-27 00:15:00+00:00,7818.646962684036
2025-04-27 01:15:00+00:00,7855.459922280613
2025-04-27 01:45:00+00:00,7829.269068539381
2025-04-27 02:15:00+00:00,7830.986865652734
2025-04-27 08:45:00+00:00,7831.747507567825
2025-04-27 09:00:00+00:00,7823.441589412798
2025-04-28 01:15:00+00:00,7810.397648886502
2025-04-28 02:30:00+00:00,7797.431784175729
2025-04-28 10:00:00+00:00,7784.356694137748
2025-04-28 12:45:00+00:00,7786.277584824506
2025-04-28 14:15:00+00:00,7773.277277395848
2025-04-28 18:00:00+00:00,7775.333336110368
2025-04-28 19:00:00+00:00,7762.360826140247
2025-04-28 22:00:00+00:00,7766.308961758574
2025-04-28 23:30:00+00:00,7752.855482441978
2025-04-29 01:00:00+00:00,7726.440839154803
2025-04-29 01:15:00+00:00,7713.087198664811
2025-04-29 02:00:00+00:00,7699.937722983783
2025-04-29 03:45:00+00:00,7686.8842799590475
2025-04-29 06:15:00+00:00,7688.697574194843
2025-04-29 06:45:00+00:00,7677.268423494436
2025-04-29 07:45:00+00:00,7664.070672271303
2025-04-29 11:00:00+00:00,7665.943137460436
2025-04-29 11:15:00+00:00,7667.683356139587
2025-04-29 13:15:00+00:00,7654.466114690224
2025-04-29 14:00:00+00:00,7656.326467802934
2025-04-29 14:30:00+00:00,7643.130368118703
2025-04-29 16:15:00+00:00,7629.972260512665
2025-04-29 23:45:00+00:00,7616.820021550588
2025-04-30 00:00:00+00:00,7602.649877035777
2025-04-30 02:00:00+00:00,7606.388357386696
2025-04-30 02:15:00+00:00,7592.732142826565
2025-04-30 03:45:00+00:00,7578.960838023925
2025-04-30 04:45:00+00:00,7552.693346082034
2025-04-30 07:45:00+00:00,7589.3393687970965
2025-04-30 09:30:00+00:00,7576.102874326693
2025-04-30 10:45:00+00:00,7577.926547868794
2025-04-30 12:30:00+00:00,7614.661305415316
2025-04-30 13:15:00+00:00,7653.019579932216
2025-04-30 13:30:00+00:00,7689.879896483184
2025-04-30 14:15:00+00:00,7728.674689308525
2025-04-30 14:30:00+00:00,7719.728692623231
2025-04-30 18:00:00+00:00,7706.852403980746
2025-04-30 20:00:00+00:00,7680.911521610861
2025-04-30 20:15:00+00:00,7654.641843656871
2025-05-01 01:00:00+00:00,7656.673124989397
2025-05-01 02:15:00+00:00,7642.720343673901
2025-05-01 02:30:00+00:00,7633.646061812717
2025-05-01 02:45:00+00:00,7625.369565181865
2025-05-01 05:00:00+00:00,7627.1180530326465
2025-05-01 07:00:00+00:00,7613.765614147124
2025-05-01 08:30:00+00:00,7600.46914639632
2025-05-01 11:00:00+00:00,7637.079219846224
2025-05-01 13:30:00+00:00,7623.749956025404
2025-05-01 14:45:00+00:00,7610.581850183173
2025-05-01 15:00:00+00:00,7647.3657652154325
2025-05-01 15:45:00+00:00,7634.258630693025
2025-05-01 16:30:00+00:00,7636.176950751583
2025-05-01 18:15:00+00:00,7622.723478179511
2025-05-01 23:00:00+00:00,7609.233428029979
2025-05-02 01:00:00+00:00,7598.415141121404
2025-05-02 01:30:00+00:00,7600.185521164558
2025-05-02 02:15:00+00:00,7585.778483478459
2025-05-02 04:15:00+00:00,7587.628088433467
2025-05-02 05:45:00+00:00,7623.257560914919
2025-05-02 07:00:00+00:00,7625.118819091697
2025-05-02 08:00:00+00:00,7625.664443880201
2025-05-02 10:00:00+00:00,7611.402624355375
2025-05-02 12:45:00+00:00,7598.322779535281
2025-05-03 01:30:00+00:00,7599.561732143644
2025-05-03 11:15:00+00:00,7599.203851589929
2025-05-03 12:30:00+00:00,7584.024363617565
2025-05-03 13:15:00+00:00,7568.569995715025
2025-05-03 15:00:00+00:00,7553.241769177569
2025-05-03 17:00:00+00:00,7539.878998230859
2025-05-03 22:00:00+00:00,7541.649878209559
2025-05-04 01:45:00+00:00,7528.396984240879
2025-05-04 02:00:00+00:00,7515.369868813974
2025-05-04 07:30:00+00:00,7502.294709937646
2025-05-04 08:30:00+00:00,7489.152520968754
2025-05-04 15:00:00+00:00,7474.481950160072
2025-05-04 19:30:00+00:00,7475.653202766619
2025-05-04 22:30:00+00:00,7510.693175555516
2025-05-05 02:15:00+00:00,7497.561910811416
2025-05-05 04:30:00+00:00,7486.381429876433
2025-05-05 05:45:00+00:00,7472.620369473796
2025-05-05 13:45:00+00:00,7495.453357984433
2025-05-05 17:15:00+00:00,7481.748342050082
2025-05-05 18:30:00+00:00,7468.081704516301
2025-05-05 21:15:00+00:00,7469.336166618808
2025-05-06 11:45:00+00:00,7506.236561288609
2025-05-06 14:00:00+00:00,7507.943409838968
2025-05-06 18:45:00+00:00,7494.784351240422
2025-05-07 02:30:00+00:00,7496.8074803683385
2025-05-07 03:15:00+00:00,7483.761894076831
2025-05-07 13:00:00+00:00,7469.30940399967
2025-05-07 14:15:00+00:00,7454.942817891
2025-05-07 16:30:00+00:00,7491.741820460767
2025-05-07 18:00:00+00:00,7478.502712966985
2025-05-07 18:15:00+00:00,7465.434579620569
2025-05-07 22:00:00+00:00,7452.336173241433
2025-05-07 23:45:00+00:00,7438.181641624752
2025-05-08 01:00:00+00:00,7423.896405127997
2025-05-08 04:45:00+00:00,7410.899592477743
2025-05-08 11:15:00+00:00,7397.077811764051
2025-05-08 13:45:00+00:00,7383.976768565413
2025-05-08 15:15:00+00:00,7420.808014029641
2025-05-08 17:30:00+00:00,7480.344092959295
2025-05-09 03:00:00+00:00,7467.40302411761
2025-05-09 06:15:00+00:00,7469.461992002111
2025-05-09 07:00:00+00:00,7443.477782917045
2025-05-09 07:30:00+00:00,7417.443939739883
2025-05-09 07:45:00+00:00,7403.742051999174
2025-05-09 08:15:00+00:00,7390.801589372076
2025-05-09 08:45:00+00:00,7351.5083935702
2025-05-09 09:00:00+00:00,7325.477424540592
2025-05-09 10:45:00+00:00,7312.3668483480515
2025-05-09 11:15:00+00:00,7286.817081355007
2025-05-09 13:45:00+00:00,7273.645817548651
2025-05-09 17:15:00+00:00,7260.824977636701
2025-05-10 00:00:00+00:00,7247.858916349419
2025-05-10 00:15:00+00:00,7250.107438813263
2025-05-10 01:15:00+00:00,7252.061008464503
2025-05-10 02:30:00+00:00,7241.072504851357
2025-05-10 05:45:00+00:00,7243.098981547905
2025-05-10 06:15:00+00:00,7245.313443846826
2025-05-10 07:15:00+00:00,7232.268642247029
2025-05-10 07:45:00+00:00,7219.241740166653
2025-05-10 09:30:00+00:00,7221.26008503103
2025-05-10 17:30:00+00:00,7207.995320730831
2025-05-11 06:30:00+00:00,7245.0904581517925
2025-05-11 08:15:00+00:00,7247.225164227935
2025-05-11 10:30:00+00:00,7234.359623968816
2025-05-11 14:45:00+00:00,7236.214769145021
2025-05-11 17:45:00+00:00,7238.108805326016
2025-05-11 18:30:00+00:00,7227.272532384305
2025-05-11 18:45:00+00:00,7214.319467756993
2025-05-11 22:00:00+00:00,7216.369737287439
2025-05-12 00:30:00+00:00,7203.367925038104
2025-05-12 01:00:00+00:00,7192.082777765891
2025-05-12 01:45:00+00:00,7193.643557034156
2025-05-12 02:00:00+00:00,7195.708146357209
2025-05-12 02:15:00+00:00,7182.647435859438
2025-05-12 02:30:00+00:00,7171.7494770676285
2025-05-12 04:00:00+00:00,7158.39798581603
2025-05-12 04:45:00+00:00,7145.518697435141
2025-05-12 06:45:00+00:00,7132.630035878927
2025-05-12 15:00:00+00:00,7169.8671708653155
2025-05-12 18:45:00+00:00,7207.1676789395915
2025-05-12 20:45:00+00:00,7209.456587106314
2025-05-13 04:15:00+00:00,7211.60587473211
2025-05-13 04:30:00+00:00,7213.7073314854215
2025-05-13 09:15:00+00:00,7200.263566839582
2025-05-13 09:30:00+00:00,7187.41816355355
2025-05-14 20:45:00+00:00,7184.547916651193
2025-05-14 21:45:00+00:00,7171.403157871956
2025-05-15 00:00:00+00:00,7173.23942744184
2025-05-15 00:15:00+00:00,7160.769557211454
2025-05-15 01:45:00+00:00,7197.594051941098
2025-05-15 07:15:00+00:00,7271.308302088844
2025-05-15 08:30:00+00:00,7294.298763834387
2025-05-15 08:45:00+00:00,7281.458897395428
2025-05-15 11:15:00+00:00,7282.510117707063
2025-05-15 12:30:00+00:00,7270.716059750716
2025-05-15 14:00:00+00:00,7274.747063579471
2025-05-15 14:30:00+00:00,7311.764729869828
2025-05-15 14:45:00+00:00,7348.031442588738
2025-05-15 15:15:00+00:00,7322.2801517939815
2025-05-15 15:30:00+00:00,7311.095644544042
2025-05-15 16:45:00+00:00,7298.209681703724
2025-05-15 17:15:00+00:00,7272.553284355475
2025-05-15 21:00:00+00:00,7309.59884966542
2025-05-15 21:15:00+00:00,7346.745873301662
2025-05-15 23:30:00+00:00,7348.930993644342
2025-05-16 02:00:00+00:00,7335.982105863854
2025-05-16 03:45:00+00:00,7340.222937812159
2025-05-17 02:15:00+00:00,7341.690495899778
2025-05-17 02:30:00+00:00,7343.680823498805
2025-05-17 03:30:00+00:00,7330.691341021349
2025-05-17 03:45:00+00:00,7317.254823918232
2025-05-17 10:30:00+00:00,7319.087048722865
2025-05-17 14:15:00+00:00,7320.933845012545
2025-05-17 16:45:00+00:00,7357.2928439821735
2025-05-17 17:00:00+00:00,7359.114729522717
2025-05-17 18:15:00+00:00,7360.917140134141
2025-05-17 20:45:00+00:00,7347.737223336324
2025-05-17 23:30:00+00:00,7347.802095661031
2025-05-18 00:45:00+00:00,7349.610846792919
2025-05-18 05:15:00+00:00,7336.3277925331195
2025-05-18 12:00:00+00:00,7338.290331228668
2025-05-18 14:30:00+00:00,7375.188667627444
2025-05-18 16:15:00+00:00,7377.14929692516
2025-05-18 17:45:00+00:00,7350.67066151905
2025-05-18 19:30:00+00:00,7337.800158976691
2025-05-18 20:00:00+00:00,7374.899299143301
2025-05-18 20:15:00+00:00,7364.18965484019
2025-05-18 21:15:00+00:00,7366.3197916627505
2025-05-18 22:30:00+00:00,7353.520511330308
2025-05-18 23:45:00+00:00,7377.896294674092
2025-05-19 00:30:00+00:00,7379.581023889124
2025-05-19 04:45:00+00:00,7416.795573446571
2025-05-19 07:15:00+00:00,7403.950959516299
2025-05-19 07:30:00+00:00,7406.0742772733865
2025-05-19 13:45:00+00:00,7393.214069946428
2025-05-19 14:00:00+00:00,7388.567069646728
2025-05-19 14:45:00+00:00,7375.016892022726
2025-05-19 16:45:00+00:00,7364.220494289998
2025-05-19 17:00:00+00:00,7350.6325306290955
2025-05-20 02:15:00+00:00,7387.6432607634315
2025-05-20 03:30:00+00:00,7389.1089143697445
2025-05-20 07:30:00+00:00,7375.644256550647
2025-05-20 07:45:00+00:00,7362.708338207475
2025-05-20 13:30:00+00:00,7349.137246351748
2025-05-20 21:00:00+00:00,7336.209119700215
2025-05-20 23:15:00+00:00,7323.284241329932
2025-05-21 07:15:00+00:00,7324.935795033957
2025-05-21 17:00:00+00:00,7312.055690826195
2025-05-21 17:15:00+00:00,7298.86171884621
2025-05-22 09:00:00+00:00,7335.860832369015
2025-05-22 13:00:00+00:00,7337.890408531371
2025-05-22 15:30:00+00:00,7339.444608314651
2025-05-22 21:00:00+00:00,7334.387989467197
2025-05-23 02:30:00+00:00,7358.071801986294
2025-05-23 03:30:00+00:00,7345.181726302328
2025-05-23 04:15:00+00:00,7332.129110207116
2025-05-23 06:30:00+00:00,7306.308118127328
2025-05-23 11:00:00+00:00,7308.270572799158
2025-05-23 11:30:00+00:00,7310.153129615974
2025-05-23 11:45:00+00:00,7297.1151047914445
2025-05-23 12:30:00+00:00,7293.146386965387
2025-05-23 13:30:00+00:00,7295.1206442051425
2025-05-23 13:45:00+00:00,7269.496263860168
2025-05-23 14:45:00+00:00,7256.7086020022525
2025-05-23 22:45:00+00:00,7293.930503180398
2025-05-23 23:30:00+00:00,7330.986513241056
2025-05-24 00:30:00+00:00,7317.901404341002
2025-05-24 03:15:00+00:00,7304.966666915833
2025-05-24 05:45:00+00:00,7307.01130823057
2025-05-24 08:45:00+00:00,7309.012889007923
2025-05-24 12:00:00+00:00,7310.829924009365
2025-05-24 13:00:00+00:00,7297.5844010608935
2025-05-24 14:00:00+00:00,7284.321513576043
2025-05-24 15:30:00+00:00,7286.054210296576
2025-05-24 18:45:00+00:00,7287.792017285613
2025-05-24 21:15:00+00:00,7274.517153213981
2025-05-24 22:30:00+00:00,7261.228874974963
2025-05-25 00:30:00+00:00,7248.008144245527
2025-05-25 07:30:00+00:00,7249.938845829609
2025-05-25 08:00:00+00:00,7236.6532559458865
2025-05-27 13:00:00+00:00,7223.074023680033
2025-05-27 13:45:00+00:00,7224.859284156421
2025-05-27 14:30:00+00:00,7211.430198386611
2025-05-27 16:45:00+00:00,7198.460738406916
2025-05-27 17:00:00+00:00,7235.362965460025
2025-05-27 17:45:00+00:00,7222.352925451273
2025-05-27 18:15:00+00:00,7224.318377168891
2025-05-27 21:30:00+00:00,7211.073350765914
2025-05-27 22:15:00+00:00,7198.064133703006
2025-05-28 00:00:00+00:00,7184.3832763627015
2025-05-28 00:15:00+00:00,7171.246027248057
2025-05-28 17:00:00+00:00,7173.001433239794
2025-05-28 21:15:00+00:00,7161.832646337007
2025-05-28 21:45:00+00:00,7163.807025171089
2025-05-28 23:00:00+00:00,7165.037487886124
2025-05-28 23:30:00+00:00,7138.647991212309
2025-05-29 00:15:00+00:00,7139.824204942514
2025-05-29 00:45:00+00:00,7126.497223356097
2025-05-29 02:30:00+00:00,7099.48548014534
2025-05-29 02:45:00+00:00,7085.808032690322
2025-05-29 08:15:00+00:00,7087.08786874897
2025-05-29 14:00:00+00:00,7123.931780819597
2025-05-30 00:45:00+00:00,7160.493620127535
2025-05-30 02:30:00+00:00,7184.133392597959
2025-05-30 10:45:00+00:00,7159.843803042284
2025-05-30 12:30:00+00:00,7162.643321908922
2025-05-30 14:15:00+00:00,7199.639895480159
2025-05-30 15:00:00+00:00,7201.014259088251
2025-05-30 18:15:00+00:00,7203.026373081382
2025-05-30 22:30:00+00:00,7239.549413034768
2025-05-31 00:45:00+00:00,7241.212359123335
2025-05-31 06:30:00+00:00,7228.3525489501035
2025-05-31 07:15:00+00:00,7215.540466370639
2025-05-31 11:30:00+00:00,7202.419947049971
2025-05-31 16:15:00+00:00,7239.2171013641855
2025-05-31 17:45:00+00:00,7225.912104734155
2025-05-31 22:45:00+00:00,7212.580114217843
2025-05-31 23:30:00+00:00,7199.084507835056
2025-06-01 00:00:00+00:00,7185.880779743495
2025-06-01 01:45:00+00:00,7172.365356561271
2025-06-01 14:00:00+00:00,7160.743436189853
2025-06-01 16:00:00+00:00,7147.3419431135135
2025-06-01 23:15:00+00:00,7133.317637047565
2025-06-02 01:00:00+00:00,7119.306944652648
2025-06-02 04:00:00+00:00,7155.487773778716
2025-06-03 08:15:00+00:00,7142.031261418501
2025-06-03 13:30:00+00:00,7128.491755742765
2025-06-03 15:30:00+00:00,7165.039525858681
2025-06-03 17:45:00+00:00,7151.867437050633
2025-06-03 20:00:00+00:00,7138.82142043709
2025-06-03 20:15:00+00:00,7127.612474392021
2025-06-03 21:45:00+00:00,7114.506763344545
2025-06-04 00:30:00+00:00,7101.451356296909
2025-06-04 07:15:00+00:00,7091.026173225688
2025-06-04 07:30:00+00:00,7071.137073121899
2025-06-04 09:30:00+00:00,7072.831522640316
2025-06-04 10:30:00+00:00,7059.489948669165
2025-06-04 11:30:00+00:00,7046.225201781599
2025-06-04 13:00:00+00:00,7047.681526872563
2025-06-04 14:00:00+00:00,7034.181949269575
2025-06-04 17:00:00+00:00,7020.870673032534
2025-06-04 17:30:00+00:00,7007.754652595852
2025-06-05 21:30:00+00:00,6994.936392871462
2025-06-05 21:45:00+00:00,6997.085169632484
2025-06-06 02:45:00+00:00,6983.959042412191
2025-06-06 04:30:00+00:00,6970.3889741125195
2025-06-06 04:45:00+00:00,6959.126574599161
2025-06-06 06:00:00+00:00,6945.288094734819
2025-06-06 13:00:00+00:00,6982.296904451391
2025-06-06 15:30:00+00:00,6982.063216994283
2025-06-06 16:45:00+00:00,6970.250688419723
2025-06-06 17:00:00+00:00,6956.727907245226
2025-06-06 18:15:00+00:00,6943.694571604783
2025-06-06 22:00:00+00:00,6916.797361868508
2025-06-06 23:45:00+00:00,6910.94696112331
2025-06-07 05:45:00+00:00,6946.71463324985
2025-06-07 12:30:00+00:00,6982.217400860769
2025-06-07 16:00:00+00:00,7018.380848492715
2025-06-07 16:15:00+00:00,7020.271344259356
2025-06-07 17:30:00+00:00,7007.1294224055
2025-06-07 22:00:00+00:00,7008.758362582753
2025-06-07 22:30:00+00:00,6995.220442212187
2025-06-08 00:30:00+00:00,7031.810504384768
2025-06-08 01:45:00+00:00,7033.1484076307715
2025-06-08 06:15:00+00:00,7019.531318124195
2025-06-08 08:30:00+00:00,7021.200091549572
2025-06-08 09:00:00+00:00,7023.103850398579
2025-06-08 09:15:00+00:00,7059.807598706021
2025-06-08 11:00:00+00:00,7056.418444692219
2025-06-08 12:00:00+00:00,7043.023647060726
2025-06-08 13:30:00+00:00,7029.858599227538
2025-06-08 14:15:00+00:00,6989.858255548037
2025-06-08 14:45:00+00:00,6976.602445104663
2025-06-08 16:15:00+00:00,6963.374816573749
2025-06-08 19:45:00+00:00,6950.121223250855
2025-06-08 22:00:00+00:00,6951.988687167797
2025-06-09 00:15:00+00:00,6938.745377921984
2025-06-09 01:00:00+00:00,6962.166725051599
2025-06-09 02:15:00+00:00,6963.759342289422
2025-06-09 06:45:00+00:00,6965.402848288577
2025-06-09 09:30:00+00:00,6967.363776475196
2025-06-09 10:15:00+00:00,6954.279485177704
2025-06-09 12:00:00+00:00,6941.113810282894
2025-06-09 13:30:00+00:00,6927.966682201967
2025-06-09 14:00:00+00:00,6929.897271545754
2025-06-09 21:00:00+00:00,6966.779237673101
2025-06-10 00:00:00+00:00,7003.643029625005
2025-06-10 01:45:00+00:00,7005.494396487186
2025-06-10 02:00:00+00:00,6992.3962624650685
2025-06-10 03:00:00+00:00,6979.309629276194
2025-06-10 05:15:00+00:00,6966.177731514728
2025-06-10 06:00:00+00:00,6940.005364962246
2025-06-10 11:15:00+00:00,6976.812551304834
2025-06-10 11:30:00+00:00,7013.5465549410965
2025-06-10 12:00:00+00:00,7000.527986859672
2025-06-10 18:45:00+00:00,6987.656257486806
2025-06-10 22:00:00+00:00,6974.7190638119655
2025-06-11 03:15:00+00:00,6976.762738971578
2025-06-11 04:30:00+00:00,6978.795500563236
2025-06-11 07:15:00+00:00,6965.670291932752
2025-06-11 09:30:00+00:00,6967.673385009094
2025-06-11 11:30:00+00:00,7004.555734420024
2025-06-11 13:45:00+00:00,7006.463372514143
2025-06-11 14:30:00+00:00,7043.5843587725685
2025-06-11 22:00:00+00:00,7080.668001727409
2025-06-12 19:45:00+00:00,7117.761348973438
2025-06-13 01:00:00+00:00,7154.742349505748
2025-06-13 01:30:00+00:00,7191.911958480937
2025-06-13 03:45:00+00:00,7193.646689298641
2025-06-13 07:45:00+00:00,7184.814639913551
2025-06-13 08:00:00+00:00,7171.470325434729
2025-06-13 10:15:00+00:00,7172.187926775897
2025-06-13 11:00:00+00:00,7174.162544004381
2025-06-13 14:45:00+00:00,7175.833607842913
2025-06-13 21:30:00+00:00,7177.185729255446
2025-06-14 08:15:00+00:00,7176.911722940495
2025-06-14 10:00:00+00:00,7163.655934510842
2025-06-14 15:15:00+00:00,7150.355188435704
2025-06-14 16:45:00+00:00,7137.089850387797
2025-06-16 14:00:00+00:00,7138.808419339897
2025-06-16 16:00:00+00:00,7175.641891615611
2025-06-16 21:30:00+00:00,7177.6622955808625
2025-06-16 22:30:00+00:00,7164.547509880764
2025-06-16 23:45:00+00:00,7151.535282877983
2025-06-17 14:45:00+00:00,7188.574750033704
2025-06-17 17:30:00+00:00,7175.599700001075
2025-06-17 18:45:00+00:00,7177.529195626779
2025-06-17 19:00:00+00:00,7164.14198341019
2025-06-18 00:30:00+00:00,7153.181561447767
2025-06-18 01:00:00+00:00,7156.7680873259105
2025-06-18 04:15:00+00:00,7143.114279923285
2025-06-18 04:45:00+00:00,7129.984746773733
2025-06-18 08:00:00+00:00,7130.934443972067
2025-06-18 10:00:00+00:00,7167.628064126762
2025-06-18 10:30:00+00:00,7203.742881007033
2025-06-18 14:00:00+00:00,7190.706707173582
2025-06-18 15:30:00+00:00,7192.735848940538
2025-06-20 09:45:00+00:00,7177.981022891176
2025-06-20 13:30:00+00:00,7213.243872095114
2025-06-20 14:45:00+00:00,7250.0657910403115
2025-06-20 17:30:00+00:00,7323.839009773458
2025-06-20 18:30:00+00:00,7310.74719574451
2025-06-20 20:00:00+00:00,7297.880331360966
2025-06-20 20:15:00+00:00,7284.52351975937
2025-06-21 00:00:00+00:00,7285.68583353238
2025-06-21 01:15:00+00:00,7287.502440252099
2025-06-21 03:00:00+00:00,7289.009490548298
2025-06-21 06:45:00+00:00,7281.022883784725
2025-06-21 08:00:00+00:00,7267.269703924211
2025-06-21 08:45:00+00:00,7267.784988587389
2025-06-21 09:00:00+00:00,7255.186018323809
2025-06-21 09:45:00+00:00,7239.901379589501
2025-06-21 21:15:00+00:00,7263.053338325304
2025-06-22 00:30:00+00:00,7250.189242184382
2025-06-22 03:00:00+00:00,7251.821790954864
2025-06-22 09:45:00+00:00,7238.8812933131085
2025-06-22 13:30:00+00:00,7225.444437143664
2025-06-22 14:15:00+00:00,7212.132444288008
2025-06-22 14:45:00+00:00,7214.336436163607
2025-06-22 15:15:00+00:00,7216.159094030283
2025-06-22 20:00:00+00:00,7203.0172458529
2025-06-22 20:45:00+00:00,7205.235145722777
2025-06-22 22:30:00+00:00,7241.9496750328735
2025-06-23 05:15:00+00:00,7218.405263157518
2025-06-23 07:00:00+00:00,7205.2509137941515
2025-06-23 09:15:00+00:00,7206.816378225878
2025-06-23 10:15:00+00:00,7193.616920505984
2025-06-23 11:15:00+00:00,7195.36447273849
2025-06-23 11:45:00+00:00,7197.316245272175
2025-06-23 12:30:00+00:00,7184.1618979962905
2025-06-23 13:30:00+00:00,7184.977962882017
2025-06-23 14:15:00+00:00,7145.1795754062205
2025-06-23 15:45:00+00:00,7131.778617566321
2025-06-23 16:15:00+00:00,7205.916789166484
2025-06-23 17:00:00+00:00,7179.676309015755
2025-06-23 17:15:00+00:00,7153.9916019285765
2025-06-23 20:15:00+00:00,7190.727520981375
2025-06-23 22:00:00+00:00,7215.053392295549
2025-06-24 05:00:00+00:00,7194.611768957186
2025-06-24 05:15:00+00:00,7193.582893459637
2025-06-24 07:30:00+00:00,7195.460447233964
2025-06-24 09:30:00+00:00,7197.4092313487
2025-06-24 13:30:00+00:00,7198.8230697201225
2025-06-24 15:45:00+00:00,7200.164058595254
2025-06-24 19:00:00+00:00,7201.548825747434
2025-06-24 19:45:00+00:00,7203.561063058626
2025-06-25 00:45:00+00:00,7240.206540429804
2025-06-25 04:00:00+00:00,7227.086601276107
2025-06-25 04:15:00+00:00,7229.034350335519
2025-06-25 09:00:00+00:00,7265.393734302732
2025-06-25 10:15:00+00:00,7252.292093329608
2025-06-25 11:45:00+00:00,7239.133424610882
2025-06-25 13:30:00+00:00,7275.146683197155
2025-06-25 14:15:00+00:00,7263.205000905271
2025-06-25 15:15:00+00:00,7249.561716693799
2025-06-25 17:30:00+00:00,7324.635292439898
2025-06-25 21:30:00+00:00,7326.029943449415
2025-06-25 23:00:00+00:00,7313.0449606109305
2025-06-26 07:15:00+00:00,7315.003186568767
2025-06-26 07:30:00+00:00,7301.955352605359
2025-06-26 12:45:00+00:00,7338.775503389387
2025-06-26 14:30:00+00:00,7325.588321257855
2025-06-26 20:30:00+00:00,7312.5253667701345
2025-06-27 01:00:00+00:00,7314.435115673577
2025-06-27 01:15:00+00:00,7314.122206303908
2025-06-28 12:45:00+00:00,7315.732766868154
2025-06-28 13:30:00+00:00,7303.608731814931
2025-06-28 15:45:00+00:00,7340.1003253059625
2025-06-28 17:45:00+00:00,7376.870403810326
2025-06-28 18:15:00+00:00,7378.151029768217
2025-06-29 00:30:00+00:00,7374.686844254359
2025-06-29 02:00:00+00:00,7361.322913066841
2025-06-29 09:30:00+00:00,7397.8715603475775
2025-06-30 04:30:00+00:00,7384.717710577087
2025-06-30 06:45:00+00:00,7371.495019799321
2025-06-30 09:30:00+00:00,7358.306960012712
2025-06-30 12:45:00+00:00,7345.064705191498
2025-06-30 13:00:00+00:00,7346.70718612707
2025-06-30 14:00:00+00:00,7333.422576784214
2025-06-30 14:45:00+00:00,7320.232984429329
2025-06-30 15:15:00+00:00,7307.068977445124
2025-06-30 15:45:00+00:00,7342.644400558296
2025-06-30 20:15:00+00:00,7329.691304126388
2025-06-30 21:45:00+00:00,7330.563318625853
2025-07-01 02:30:00+00:00,7317.3219462710385
2025-07-01 03:15:00+00:00,7302.8717458514475
2025-07-01 03:45:00+00:00,7288.435413331363
2025-07-01 07:30:00+00:00,7285.166944525557
2025-07-01 10:30:00+00:00,7320.505277459993
2025-07-01 12:15:00+00:00,7307.201705914856
2025-07-01 13:30:00+00:00,7292.439757119814
2025-07-01 14:00:00+00:00,7315.8136906736
2025-07-01 15:00:00+00:00,7303.419978786115
2025-07-01 16:30:00+00:00,7305.262839821738
2025-07-01 19:15:00+00:00,7307.075807473046
2025-07-01 20:30:00+00:00,7293.8991759254495
2025-07-01 20:45:00+00:00,7295.204742141531
2025-07-02 02:15:00+00:00,7297.101645194637
2025-07-02 03:15:00+00:00,7290.370122721641
2025-07-02 04:15:00+00:00,7327.023130219975
2025-07-02 04:45:00+00:00,7313.6121217027
2025-07-02 06:30:00+00:00,7286.959358715964
2025-07-02 08:15:00+00:00,7273.601399604832
2025-07-02 10:30:00+00:00,7275.287261811539
2025-07-02 11:45:00+00:00,7276.736138596382
2025-07-02 12:15:00+00:00,7262.487168843631
2025-07-02 12:30:00+00:00,7248.874805596061
2025-07-02 13:45:00+00:00,7270.8829653575
2025-07-02 16:00:00+00:00,7343.848842080821
2025-07-02 16:15:00+00:00,7380.596300313989
2025-07-02 22:45:00+00:00,7452.935305919768
2025-07-03 05:00:00+00:00,7490.57177474222
2025-07-03 07:30:00+00:00,7475.769535377458
2025-07-03 08:30:00+00:00,7512.544422034965
2025-07-03 09:30:00+00:00,7497.547622366166
2025-07-03 10:15:00+00:00,7499.118545407577
2025-07-03 11:30:00+00:00,7485.983599272538
2025-07-03 12:30:00+00:00,7472.666596546525
2025-07-03 14:30:00+00:00,7476.546075399011
2025-07-03 15:15:00+00:00,7477.377881638051
2025-07-03 18:00:00+00:00,7464.44417516281
2025-07-03 20:15:00+00:00,7451.4955046813
2025-07-03 21:00:00+00:00,7438.43474213409
2025-07-04 01:15:00+00:00,7440.19995635021
2025-07-04 06:00:00+00:00,7441.356498442021
2025-07-04 08:30:00+00:00,7427.976163594081
2025-07-04 09:30:00+00:00,7413.468618021714
2025-07-04 10:00:00+00:00,7386.856636893485
2025-07-04 12:30:00+00:00,7373.228365946417
2025-07-04 13:45:00+00:00,7408.639806554919
2025-07-04 14:00:00+00:00,7443.609583319857
2025-07-04 14:15:00+00:00,7429.4114958614855
2025-07-04 17:00:00+00:00,7430.444681833373
2025-07-04 22:15:00+00:00,7417.339609929543
2025-07-04 22:30:00+00:00,7419.041621336077
2025-07-05 01:30:00+00:00,7407.592662514593
2025-07-05 02:30:00+00:00,7394.055505052023
2025-07-05 08:00:00+00:00,7395.68276792625
2025-07-05 17:15:00+00:00,7394.218951937805
2025-07-06 01:30:00+00:00,7391.471333131792
2025-07-06 07:00:00+00:00,7392.926010279021
2025-07-06 08:45:00+00:00,7428.4974158850255
2025-07-06 10:15:00+00:00,7430.676566325014
2025-07-06 10:30:00+00:00,7466.96671501061
2025-07-06 13:30:00+00:00,7436.344670582838
2025-07-06 13:45:00+00:00,7445.725981556279
2025-07-06 14:30:00+00:00,7468.929988079251
2025-07-06 15:00:00+00:00,7454.1251941183555
2025-07-06 16:30:00+00:00,7440.650918077914
2025-07-06 18:15:00+00:00,7427.1904378599165
2025-07-06 18:30:00+00:00,7428.85293600969
2025-07-06 20:30:00+00:00,7430.894810916781
2025-07-06 21:15:00+00:00,7466.30664919352
2025-07-06 21:45:00+00:00,7468.126190334063
2025-07-06 22:00:00+00:00,7440.517681202456
2025-07-06 23:00:00+00:00,7427.243194196397
2025-07-07 02:00:00+00:00,7401.018481221127
2025-07-07 02:30:00+00:00,7387.799390440809
2025-07-07 04:30:00+00:00,7373.621117610796
2025-07-07 06:30:00+00:00,7359.150902452722
2025-07-07 07:00:00+00:00,7395.964746890282
2025-07-07 10:30:00+00:00,7432.146955916084
2025-07-07 12:45:00+00:00,7418.607361162542
2025-07-07 13:45:00+00:00,7404.316997329434
2025-07-07 15:15:00+00:00,7426.985193405925
2025-07-07 16:15:00+00:00,7462.77946141202
2025-07-07 17:30:00+00:00,7463.833266153283
2025-07-07 18:15:00+00:00,7500.736552515119
2025-07-07 18:45:00+00:00,7501.91270575293
2025-07-07 19:15:00+00:00,7474.364820825206
2025-07-07 21:30:00+00:00,7448.222967353425
2025-07-08 00:30:00+00:00,7435.112440149163
2025-07-08 02:30:00+00:00,7433.593232469957
2025-07-08 06:00:00+00:00,7435.405803446455
2025-07-08 11:00:00+00:00,7471.943249652309
2025-07-08 14:00:00+00:00,7471.822925845194
2025-07-08 14:15:00+00:00,7459.867583661121
2025-07-08 15:15:00+00:00,7446.533826319341
2025-07-08 15:30:00+00:00,7432.295054919324
2025-07-08 17:00:00+00:00,7468.830182552167
2025-07-08 19:30:00+00:00,7507.511714850304
2025-07-08 23:45:00+00:00,7508.648956991371
2025-07-09 00:15:00+00:00,7507.701092544811
2025-07-09 03:15:00+00:00,7494.091920067903
2025-07-09 05:00:00+00:00,7480.626699590338
2025-07-09 08:15:00+00:00,7480.114504115069
2025-07-09 09:00:00+00:00,7481.98154478023
2025-07-09 11:15:00+00:00,7518.403238505009
2025-07-09 11:45:00+00:00,7502.806699658475
2025-07-09 12:45:00+00:00,7541.425497520057
2025-07-09 13:30:00+00:00,7541.224526471883
2025-07-09 13:45:00+00:00,7542.675846822298
2025-07-09 14:00:00+00:00,7529.269865339499
2025-07-09 14:30:00+00:00,7514.941604249092
2025-07-09 15:15:00+00:00,7501.747598611356
2025-07-09 16:00:00+00:00,7488.598505852804
2025-07-09 18:00:00+00:00,7490.431612599278
2025-07-09 19:15:00+00:00,7477.2418805773095
2025-07-09 19:30:00+00:00,7464.136473981818
2025-07-09 19:45:00+00:00,7500.208358884211
2025-07-09 20:30:00+00:00,7524.009815313945
2025-07-09 20:45:00+00:00,7497.507804863615
2025-07-10 02:00:00+00:00,7499.411423994962
2025-07-10 03:30:00+00:00,7498.861478633872
2025-07-10 06:00:00+00:00,7502.265374143002
2025-07-10 08:15:00+00:00,7538.753937751089
2025-07-10 14:00:00+00:00,7525.455115264616
2025-07-10 16:15:00+00:00,7512.230441200414
2025-07-10 16:30:00+00:00,7549.0515380711695
2025-07-10 17:00:00+00:00,7535.9769996154
2025-07-10 18:15:00+00:00,7537.997863525817
2025-07-10 18:30:00+00:00,7538.869164877208
2025-07-10 21:15:00+00:00,7572.748856677538
2025-07-10 21:30:00+00:00,7607.624424253707
2025-07-10 22:15:00+00:00,7594.59795526663
2025-07-11 02:00:00+00:00,7596.7578586056725
2025-07-11 02:15:00+00:00,7583.790421579692
2025-07-11 04:00:00+00:00,7575.49712592714
2025-07-11 05:00:00+00:00,7562.441853190907
2025-07-11 05:45:00+00:00,7549.317309062001
2025-07-11 08:15:00+00:00,7585.639805970041
2025-07-11 08:30:00+00:00,7587.550630955124
2025-07-11 09:30:00+00:00,7573.961535660526
2025-07-11 12:45:00+00:00,7575.744294579437
2025-07-11 13:00:00+00:00,7612.862509754742
2025-07-11 13:30:00+00:00,7614.8402637048075
2025-07-11 15:45:00+00:00,7601.895220135511
2025-07-11 17:30:00+00:00,7591.208632090579
2025-07-11 18:15:00+00:00,7578.5507219042065
2025-07-11 21:30:00+00:00,7580.826500709015
2025-07-11 23:00:00+00:00,7582.991562454954
2025-07-12 01:15:00+00:00,7585.291999731171
2025-07-12 04:30:00+00:00,7559.6008240689835
2025-07-12 06:30:00+00:00,7560.7354245967645
2025-07-12 12:30:00+00:00,7562.876990819326
2025-07-12 13:45:00+00:00,7564.527759758539
2025-07-12 17:45:00+00:00,7566.267178950694
2025-07-13 01:30:00+00:00,7553.16639549998
2025-07-13 02:45:00+00:00,7538.309596651719
2025-07-13 04:45:00+00:00,7525.10439096904
2025-07-13 07:15:00+00:00,7498.799023180831
2025-07-13 07:30:00+00:00,7485.742202227803
2025-07-13 09:15:00+00:00,7472.821894443712
2025-07-13 11:30:00+00:00,7474.200908505801
2025-07-13 12:15:00+00:00,7460.936107129782
2025-07-13 13:30:00+00:00,7447.693624996762
2025-07-13 14:15:00+00:00,7434.612916700306
2025-07-13 14:30:00+00:00,7436.577904995253
2025-07-13 15:00:00+00:00,7437.578115217421
2025-07-13 15:15:00+00:00,7474.358533318958
2025-07-13 17:30:00+00:00,7476.3373312329295
2025-07-13 19:30:00+00:00,7462.520259171009
2025-07-13 21:30:00+00:00,7451.318066166539
2025-07-13 22:30:00+00:00,7453.023013168086
2025-07-14 00:00:00+00:00,7440.1064188815535
2025-07-14 00:15:00+00:00,7427.116139709436
2025-07-14 02:00:00+00:00,7400.886046670387
2025-07-14 02:45:00+00:00,7387.67963544501
2025-07-14 03:15:00+00:00,7424.667210660613
2025-07-14 03:30:00+00:00,7461.7014116246855
2025-07-14 05:30:00+00:00,7463.572537652661
2025-07-14 05:45:00+00:00,7450.624922396272
2025-07-14 07:00:00+00:00,7439.2877615680045
2025-07-14 09:00:00+00:00,7426.148253757197
2025-07-14 09:30:00+00:00,7463.282778167389
2025-07-14 12:00:00+00:00,7450.222737301188
2025-07-14 13:45:00+00:00,7449.095022193255
2025-07-14 14:15:00+00:00,7451.108029092442
2025-07-14 15:30:00+00:00,7487.484169309485
2025-07-14 15:45:00+00:00,7474.676588407989
2025-07-14 18:45:00+00:00,7461.78204455653
2025-07-14 20:00:00+00:00,7448.886522882669
2025-07-14 22:15:00+00:00,7442.231854906125
2025-07-15 01:15:00+00:00,7479.1773811356625
2025-07-15 04:00:00+00:00,7552.112973371894
2025-07-15 04:30:00+00:00,7539.275467776139
2025-07-15 06:00:00+00:00,7526.252741716811
2025-07-15 09:15:00+00:00,7527.990160347178
2025-07-15 12:00:00+00:00,7529.678804449639
2025-07-15 12:30:00+00:00,7516.116908533701
2025-07-15 14:30:00+00:00,7504.839064467994
2025-07-15 14:45:00+00:00,7506.828555139483
2025-07-15 17:15:00+00:00,7543.953049275764
2025-07-15 18:30:00+00:00,7546.021414761294
2025-07-15 20:00:00+00:00,7520.22032447006
2025-07-15 20:30:00+00:00,7522.3088691849525
2025-07-15 21:00:00+00:00,7509.447325398698
2025-07-16 02:15:00+00:00,7496.22429321622
2025-07-16 09:00:00+00:00,7532.879189361968
2025-07-16 09:30:00+00:00,7533.737129850913
2025-07-16 10:45:00+00:00,7519.8443301677125
2025-07-16 12:30:00+00:00,7506.717816897991
2025-07-16 14:30:00+00:00,7543.624218456328
2025-07-16 15:15:00+00:00,7545.44850731087
2025-07-16 15:30:00+00:00,7531.989293573477
2025-07-16 18:45:00+00:00,7570.923306521275
2025-07-16 19:00:00+00:00,7572.950746316857
2025-07-16 20:30:00+00:00,7609.56410994816
2025-07-16 21:45:00+00:00,7611.635309816146
2025-07-17 06:15:00+00:00,7598.420612865001
2025-07-17 07:00:00+00:00,7600.509704257142
2025-07-17 09:00:00+00:00,7637.5885636990615
2025-07-17 13:15:00+00:00,7661.841301449301
2025-07-17 13:45:00+00:00,7648.073367169739
2025-07-17 15:30:00+00:00,7634.493998566842
2025-07-17 17:45:00+00:00,7638.564691682277
2025-07-17 20:00:00+00:00,7640.717495365194
2025-07-17 20:45:00+00:00,7642.721098334461
2025-07-17 21:00:00+00:00,7644.925586382321
2025-07-17 21:30:00+00:00,7646.465769953916
2025-07-17 22:30:00+00:00,7633.6506453183765
2025-07-17 22:45:00+00:00,7657.869615879546
2025-07-18 00:00:00+00:00,7645.083700377376
2025-07-18 01:30:00+00:00,7632.293239396055
2025-07-18 02:00:00+00:00,7634.509252456538
2025-07-18 04:00:00+00:00,7636.18635481579
2025-07-18 04:30:00+00:00,7623.267462163246
2025-07-18 05:00:00+00:00,7597.142325650307
2025-07-18 05:45:00+00:00,7570.905757124173
2025-07-18 07:00:00+00:00,7558.112278398216
2025-07-18 12:30:00+00:00,7559.8004092477495
2025-07-18 13:30:00+00:00,7546.736293538
2025-07-18 14:00:00+00:00,7548.745068859491
2025-07-18 14:15:00+00:00,7585.902092131545
2025-07-18 16:00:00+00:00,7588.006801161051
2025-07-18 17:15:00+00:00,7590.079247139851
2025-07-18 17:30:00+00:00,7577.181900945359
2025-07-18 19:15:00+00:00,7579.376953863268
2025-07-18 21:00:00+00:00,7580.970505755412
2025-07-19 04:00:00+00:00,7618.192291144513
2025-07-19 04:15:00+00:00,7620.261163470551
2025-07-19 11:00:00+00:00,7616.358220686739
2025-07-19 15:15:00+00:00,7618.341038428009
2025-07-19 19:15:00+00:00,7655.342732373229
2025-07-19 19:30:00+00:00,7642.076811717735
2025-07-19 21:00:00+00:00,7615.965241301137
2025-07-19 22:30:00+00:00,7602.863173916384
2025-07-19 23:30:00+00:00,7604.880476361363
2025-07-20 03:30:00+00:00,7641.6041074559835
2025-07-20 04:15:00+00:00,7628.686707826593
2025-07-20 05:15:00+00:00,7615.110047258578
2025-07-20 08:30:00+00:00,7601.930912305305
2025-07-20 08:45:00+00:00,7638.914029964921
2025-07-20 11:30:00+00:00,7640.60461451451
2025-07-20 14:00:00+00:00,7642.624667126388
2025-07-20 16:00:00+00:00,7678.9753651862175
2025-07-20 17:00:00+00:00,7680.904180198739
2025-07-20 18:45:00+00:00,7682.734283014352
2025-07-20 20:45:00+00:00,7684.778911274939
2025-07-20 22:45:00+00:00,7686.8003113698205
2025-07-20 23:45:00+00:00,7688.846813574767
2025-07-21 02:00:00+00:00,7675.272360699432
2025-07-21 03:00:00+00:00,7662.372321472234
2025-07-21 07:45:00+00:00,7699.553238266763
2025-07-21 08:45:00+00:00,7701.504489208561
2025-07-21 09:30:00+00:00,7687.714349226069
2025-07-21 11:15:00+00:00,7671.505223841312
2025-07-21 14:00:00+00:00,7708.547717749669
2025-07-21 16:00:00+00:00,7684.698979979092
2025-07-21 18:30:00+00:00,7671.958941752453
2025-07-21 19:30:00+00:00,7659.046261604102
2025-07-21 22:30:00+00:00,7645.583775558156
2025-07-21 23:30:00+00:00,7634.463927835524
2025-07-22 01:30:00+00:00,7635.747029273093
2025-07-22 01:45:00+00:00,7674.735079782026
2025-07-22 04:45:00+00:00,7648.771304449023
2025-07-22 06:15:00+00:00,7687.618021468287
2025-07-22 06:30:00+00:00,7674.638487492024
2025-07-22 07:45:00+00:00,7661.830955133997
2025-07-22 08:15:00+00:00,7649.044946723514
2025-07-22 10:30:00+00:00,7638.117087215261
2025-07-22 13:45:00+00:00,7624.262059896838
2025-07-22 14:45:00+00:00,7626.18371840243
2025-07-22 17:00:00+00:00,7628.3146411373655
2025-07-22 19:45:00+00:00,7630.346742576609
2025-07-22 20:45:00+00:00,7617.540539968147
2025-07-22 23:30:00+00:00,7654.734186798564
2025-07-23 01:00:00+00:00,7660.851032214094
2025-07-23 02:00:00+00:00,7647.781601673456
2025-07-23 10:00:00+00:00,7684.792265477316
2025-07-23 12:45:00+00:00,7758.828696413562
2025-07-23 13:15:00+00:00,7795.714399726966
2025-07-23 13:45:00+00:00,7832.499439462343
2025-07-23 14:15:00+00:00,7856.67605621579
2025-07-23 14:45:00+00:00,7842.970272704171
2025-07-23 15:30:00+00:00,7830.13362836739
2025-07-23 17:15:00+00:00,7867.253120567899
2025-07-23 18:00:00+00:00,7869.424730660494
2025-07-23 20:30:00+00:00,7906.623381057528
2025-07-23 21:15:00+00:00,7880.990899663475
2025-07-23 21:45:00+00:00,7883.096869613408
2025-07-24 04:15:00+00:00,7885.23720051951
2025-07-24 05:00:00+00:00,7872.360005873197
2025-07-24 05:45:00+00:00,7859.4634512605035
2025-07-24 06:30:00+00:00,7833.806995564484
2025-07-24 06:45:00+00:00,7871.074102560206
2025-07-24 09:45:00+00:00,7873.322492617181
2025-07-24 11:30:00+00:00,7860.59418156983
2025-07-24 14:00:00+00:00,7846.668953654477
2025-07-24 14:30:00+00:00,7883.8822580888145
2025-07-24 14:45:00+00:00,7920.88525211598
2025-07-24 15:30:00+00:00,7907.949334026719
2025-07-24 16:30:00+00:00,7894.3523891247605
2025-07-24 21:30:00+00:00,7868.564132695923
2025-07-25 01:30:00+00:00,7857.701419852898
2025-07-25 02:45:00+00:00,7894.7392756737745
2025-07-25 03:00:00+00:00,7930.751036216036
2025-07-25 04:30:00+00:00,7932.056481223802
2025-07-25 06:00:00+00:00,7921.331081488593
2025-07-25 07:15:00+00:00,7908.4349790352135
2025-07-25 08:30:00+00:00,7910.57609694269
2025-07-25 09:15:00+00:00,7897.724903890835
2025-07-25 14:15:00+00:00,7884.805106366515
2025-07-25 16:45:00+00:00,7886.926988136175
2025-07-25 17:00:00+00:00,7874.126280037329
2025-07-25 20:30:00+00:00,7861.288989158366
2025-07-26 00:45:00+00:00,7847.671361836551
2025-07-26 01:45:00+00:00,7834.414357100616
2025-07-26 02:15:00+00:00,7871.5025160130745
2025-07-26 05:00:00+00:00,7869.4293367646915
2025-07-26 09:00:00+00:00,7906.128569432925
2025-07-26 10:30:00+00:00,7941.8316076228575
2025-07-26 14:45:00+00:00,7928.533047686484
2025-07-26 19:15:00+00:00,7915.59152186567
2025-07-26 22:15:00+00:00,7902.333048966789
2025-07-26 23:00:00+00:00,7889.08008945286
2025-07-27 02:45:00+00:00,7875.605022246884
2025-07-27 04:30:00+00:00,7876.838423106151
2025-07-27 04:45:00+00:00,7877.955996830208
2025-07-27 05:15:00+00:00,7864.472688088041
2025-07-27 06:45:00+00:00,7866.392156933687
2025-07-27 07:15:00+00:00,7867.877547063362
2025-07-27 09:45:00+00:00,7854.029681911924
2025-07-27 11:15:00+00:00,7877.433344665495
2025-07-27 12:30:00+00:00,7879.154708164595
2025-07-27 14:45:00+00:00,7865.719258117106
2025-07-27 15:15:00+00:00,7865.242472808974
2025-07-27 15:45:00+00:00,7866.928697648538
2025-07-27 16:00:00+00:00,7853.629847573211
2025-07-27 16:30:00+00:00,7840.363065567521
2025-07-27 16:45:00+00:00,7825.981075754954
2025-07-27 21:15:00+00:00,7786.889776344199
2025-07-27 22:00:00+00:00,7823.77034195671
2025-07-28 00:15:00+00:00,7860.600032513629
2025-07-28 00:30:00+00:00,7862.555233292906
2025-07-28 01:00:00+00:00,7863.371128875861
2025-07-28 01:30:00+00:00,7850.35510800143
2025-07-28 03:15:00+00:00,7837.23006983414
2025-07-28 05:45:00+00:00,7824.127779687788
2025-07-28 06:45:00+00:00,7826.11604583678
2025-07-28 07:00:00+00:00,7828.093864007575
2025-07-28 12:15:00+00:00,7829.869424132088
2025-07-28 13:00:00+00:00,7866.824873205633
2025-07-28 14:00:00+00:00,7853.933177124014
2025-07-28 14:15:00+00:00,7840.884871588453
2025-07-28 18:45:00+00:00,7879.980085705442
2025-07-28 19:00:00+00:00,7881.91355628557
2025-07-28 21:30:00+00:00,7883.031238846944
2025-07-28 22:30:00+00:00,7870.088976092239
2025-07-29 00:00:00+00:00,7872.037101829774
2025-07-29 00:30:00+00:00,7859.097084565215
2025-07-29 02:45:00+00:00,7860.415590545508
2025-07-29 03:30:00+00:00,7862.383074163366
2025-07-29 06:00:00+00:00,7849.442390542181
2025-07-29 10:15:00+00:00,7836.255879290375
2025-07-29 10:45:00+00:00,7823.202175874329
2025-07-29 11:30:00+00:00,7812.073474686602
2025-07-29 12:15:00+00:00,7813.942162903356
2025-07-29 13:45:00+00:00,7815.893841988352
2025-07-29 14:45:00+00:00,7839.760992092859
2025-07-29 17:15:00+00:00,7841.72575277502
2025-07-29 20:00:00+00:00,7828.876051815979
2025-07-29 22:00:00+00:00,7825.396995392424
2025-07-30 00:30:00+00:00,7827.501493458678
2025-07-30 01:30:00+00:00,7814.3798328825615
2025-07-30 01:45:00+00:00,7816.274844016118
2025-07-30 04:45:00+00:00,7813.263564040326
2025-07-30 10:45:00+00:00,7800.206552488672
2025-07-30 11:30:00+00:00,7787.187945914011
2025-07-30 12:15:00+00:00,7824.010609167889
2025-07-30 14:45:00+00:00,7810.958031781853
2025-07-30 15:15:00+00:00,7784.375348139481
2025-07-30 18:00:00+00:00,7770.716319277864
2025-07-30 19:00:00+00:00,7868.690153255568
2025-07-30 19:45:00+00:00,7855.230578875676
2025-07-30 20:00:00+00:00,7829.4928307021255
2025-07-30 20:15:00+00:00,7816.541923356094
2025-07-31 00:00:00+00:00,7803.116755075111
2025-07-31 01:30:00+00:00,7790.263894403413
2025-07-31 03:45:00+00:00,7827.436513367204
2025-07-31 09:30:00+00:00,7827.811903039414
2025-07-31 11:15:00+00:00,7814.228960499908
2025-07-31 11:45:00+00:00,7800.677400671292
2025-07-31 12:00:00+00:00,7787.048017263171
2025-07-31 12:15:00+00:00,7773.5221328286525
2025-07-31 12:30:00+00:00,7760.035323975647
2025-07-31 12:45:00+00:00,7746.761830950757
2025-07-31 13:15:00+00:00,7733.277034406048
2025-07-31 14:00:00+00:00,7720.1370915366115
2025-07-31 16:15:00+00:00,7707.022498603155
2025-07-31 16:30:00+00:00,7693.993824621104
2025-07-31 16:45:00+00:00,7696.001344771344
2025-07-31 17:45:00+00:00,7682.866861554656
2025-07-31 19:45:00+00:00,7693.692993113269
2025-07-31 21:45:00+00:00,7667.829432669943
2025-07-31 22:30:00+00:00,7654.887090302376
2025-08-01 00:00:00+00:00,7641.966212099806
2025-08-01 00:45:00+00:00,7715.460646018581
2025-08-01 01:30:00+00:00,7676.384775965928
2025-08-01 02:00:00+00:00,7663.447630547281
2025-08-01 02:15:00+00:00,7650.565794377268
2025-08-01 03:15:00+00:00,7637.272520043115
2025-08-01 05:15:00+00:00,7639.439796015708
2025-08-01 11:45:00+00:00,7626.505373327934
2025-08-01 12:30:00+00:00,7628.040083819025
2025-08-01 13:45:00+00:00,7702.098142952113
2025-08-01 14:15:00+00:00,7689.188651146361
2025-08-01 16:15:00+00:00,7726.313310683707
2025-08-01 22:30:00+00:00,7763.518009469538
2025-08-01 23:15:00+00:00,7750.699588491243
2025-08-02 00:00:00+00:00,7752.846339142503
2025-08-02 00:45:00+00:00,7754.921066531293
2025-08-02 06:30:00+00:00,7751.233718633483
2025-08-02 07:30:00+00:00,7747.564115341594
2025-08-02 09:30:00+00:00,7749.435201438858
2025-08-02 15:45:00+00:00,7786.399078996841
2025-08-02 16:30:00+00:00,7823.590565516078
2025-08-02 17:45:00+00:00,7810.734632899682
2025-08-02 18:45:00+00:00,7834.81087267742
2025-08-02 23:15:00+00:00,7821.716360188801
2025-08-03 00:15:00+00:00,7823.833383028593
2025-08-03 00:30:00+00:00,7810.986778939301
2025-08-03 00:45:00+00:00,7803.285004587598
2025-08-03 09:00:00+00:00,7794.465316707085
2025-08-03 10:00:00+00:00,7781.1857425999615
2025-08-03 10:45:00+00:00,7767.8611404874155
2025-08-03 11:00:00+00:00,7754.377092690168
2025-08-03 12:45:00+00:00,7755.89690643634
2025-08-03 14:30:00+00:00,7792.422355982698
2025-08-03 15:00:00+00:00,7828.93362918918
2025-08-03 15:30:00+00:00,7815.599702353324
2025-08-03 19:15:00+00:00,7850.9563348149695
2025-08-04 00:15:00+00:00,7837.641927529069
2025-08-04 00:30:00+00:00,7874.255714009591
2025-08-04 00:45:00+00:00,7910.459442387637
2025-08-04 02:30:00+00:00,7897.2728715618205
2025-08-04 04:30:00+00:00,7885.976985998472
2025-08-04 05:30:00+00:00,7872.737973743613
2025-08-04 08:00:00+00:00,7874.5282656204
2025-08-04 09:15:00+00:00,7868.481195532811
2025-08-04 10:00:00+00:00,7870.256203776503
2025-08-04 14:00:00+00:00,7906.827288367991
2025-08-04 14:45:00+00:00,7929.398421515622
2025-08-04 15:00:00+00:00,7931.30913284153
2025-08-04 18:15:00+00:00,7932.497617504394
2025-08-04 18:45:00+00:00,7934.34202417331
2025-08-04 20:00:00+00:00,7936.155927000842
2025-08-05 02:00:00+00:00,7938.081169004694
2025-08-05 03:00:00+00:00,7939.84188994751
2025-08-05 04:30:00+00:00,7926.462232478106
2025-08-05 06:15:00+00:00,7913.246853354702
2025-08-05 06:45:00+00:00,7950.079582871008
2025-08-05 07:30:00+00:00,7936.899721002146
2025-08-05 08:30:00+00:00,7975.3473901163115
2025-08-05 09:00:00+00:00,7962.281229881238
2025-08-05 10:15:00+00:00,7997.937570398847
2025-08-05 12:15:00+00:00,7999.285061989272
2025-08-05 12:30:00+00:00,8036.187817150948
2025-08-05 13:45:00+00:00,8022.614801468688
2025-08-05 14:00:00+00:00,8059.4016102523
2025-08-05 22:00:00+00:00,8096.259350902093
2025-08-05 22:45:00+00:00,8083.168908565958
2025-08-06 05:15:00+00:00,8088.99814767843
2025-08-06 05:45:00+00:00,8075.931346735119
2025-08-06 08:30:00+00:00,8077.903006542445
2025-08-06 12:00:00+00:00,8064.816245846913
2025-08-06 14:15:00+00:00,8066.698906682272
2025-08-06 14:45:00+00:00,8070.577665502925
2025-08-06 19:45:00+00:00,8072.013325327209
2025-08-06 21:30:00+00:00,8059.508230754216
2025-08-07 01:45:00+00:00,8045.374620643529
2025-08-07 02:30:00+00:00,8047.371613768982
2025-08-07 09:00:00+00:00,8033.837815351771
2025-08-07 10:00:00+00:00,8070.323216423036
2025-08-07 12:45:00+00:00,8092.738150698741
2025-08-07 13:30:00+00:00,8129.60395046166
2025-08-07 14:00:00+00:00,8118.221025780406
2025-08-07 14:30:00+00:00,8104.947645005385
2025-08-07 16:45:00+00:00,8091.055105485388
2025-08-07 19:15:00+00:00,8079.790955727775
2025-08-07 19:30:00+00:00,8066.764933035079
2025-08-07 20:30:00+00:00,8053.512742755223
2025-08-07 21:15:00+00:00,8040.370648309831
2025-08-07 21:30:00+00:00,8027.140025881304
2025-08-07 22:45:00+00:00,8063.60111038361
2025-08-08 00:30:00+00:00,8039.374199020132
2025-08-08 02:30:00+00:00,8026.517556934218
2025-08-08 05:15:00+00:00,8028.650623412151
2025-08-08 07:15:00+00:00,8025.63328458772
2025-08-08 08:45:00+00:00,8027.750972659862
2025-08-08 12:45:00+00:00,8014.701168501647
2025-08-08 13:30:00+00:00,8051.804534701157
2025-08-08 14:00:00+00:00,8038.621983241563
2025-08-08 19:00:00+00:00,8075.576568843028
2025-08-08 19:45:00+00:00,8062.584247923627
2025-08-08 23:30:00+00:00,8049.495120640447
2025-08-09 01:45:00+00:00,8036.143684389448
2025-08-09 04:30:00+00:00,8059.300780527928
2025-08-09 05:00:00+00:00,8045.90549909835
2025-08-09 05:15:00+00:00,8081.701223125879
2025-08-09 07:45:00+00:00,8120.2114908540525
2025-08-09 08:00:00+00:00,8121.988531173572
2025-08-09 08:30:00+00:00,8107.193273239286
2025-08-09 09:00:00+00:00,8092.53073784645
2025-08-09 09:45:00+00:00,8079.326219584933
2025-08-09 10:00:00+00:00,8064.83639019202
2025-08-09 12:00:00+00:00,8051.594977127653
2025-08-09 12:15:00+00:00,8053.348810323546
2025-08-09 17:30:00+00:00,8040.228130312091
2025-08-09 20:30:00+00:00,8042.669834222415
2025-08-09 22:15:00+00:00,8044.540860060204
2025-08-10 00:30:00+00:00,8031.401408659956
2025-08-10 04:15:00+00:00,8033.372507948236
2025-08-10 04:30:00+00:00,8035.311335301787
2025-08-10 05:00:00+00:00,8029.744072710729
2025-08-10 05:15:00+00:00,8015.720953986672
2025-08-10 06:15:00+00:00,8001.789488756081
2025-08-10 07:45:00+00:00,8038.814511190638
2025-08-10 08:15:00+00:00,8040.763856098843
2025-08-10 08:45:00+00:00,8027.5434055771875
2025-08-10 09:45:00+00:00,8029.496329582552
2025-08-10 14:15:00+00:00,8031.456019231481
2025-08-10 17:00:00+00:00,8033.356358825162
2025-08-11 02:45:00+00:00,8035.438917455727
2025-08-11 05:00:00+00:00,8037.061107108993
2025-08-11 07:45:00+00:00,8038.551828388647
2025-08-11 08:00:00+00:00,8012.104505130858
2025-08-11 09:30:00+00:00,7998.405719514161
2025-08-11 09:45:00+00:00,7972.357987206547
2025-08-11 10:00:00+00:00,7959.105875753617
2025-08-11 11:00:00+00:00,7946.102876885118
2025-08-11 11:15:00+00:00,7933.094528917019
2025-08-11 13:00:00+00:00,7920.170248115279
2025-08-11 13:30:00+00:00,7907.189748011475
2025-08-11 13:45:00+00:00,7894.124541237985
2025-08-11 16:00:00+00:00,7881.096012489005
2025-08-11 17:15:00+00:00,7892.149474946633
2025-08-11 19:30:00+00:00,7866.324795645117
2025-08-11 19:45:00+00:00,7853.342731212806
2025-08-11 21:30:00+00:00,7890.363119735376
2025-08-12 02:00:00+00:00,7864.469968133045
2025-08-12 02:15:00+00:00,7851.348389002553
2025-08-12 02:30:00+00:00,7838.297983830986
2025-08-12 09:00:00+00:00,7840.287248147201
2025-08-12 09:45:00+00:00,7827.292452219494
2025-08-12 10:00:00+00:00,7864.0458715398045
2025-08-12 11:00:00+00:00,7866.0638794786855
2025-08-12 12:15:00+00:00,7852.96725983543
2025-08-12 13:00:00+00:00,7840.132985358751
2025-08-12 13:45:00+00:00,7827.347463541512
2025-08-12 14:30:00+00:00,7814.324480968229
2025-08-12 17:00:00+00:00,7851.362999553721
2025-08-12 17:15:00+00:00,7838.424227228128
2025-08-12 19:30:00+00:00,7875.464298622874
2025-08-12 19:45:00+00:00,7864.742647448213
2025-08-12 22:45:00+00:00,7866.770705039936
2025-08-13 00:45:00+00:00,7853.648441368864
2025-08-13 02:30:00+00:00,7855.638651668713
2025-08-13 02:45:00+00:00,7857.5429806435
2025-08-13 03:00:00+00:00,7859.586993863248
2025-08-13 04:00:00+00:00,7846.575534678413
2025-08-13 09:30:00+00:00,7833.431748529572
2025-08-13 11:15:00+00:00,7820.589707776345
2025-08-13 12:45:00+00:00,7806.406143807253
2025-08-13 13:30:00+00:00,7792.294974786449
2025-08-13 14:30:00+00:00,7794.162400549609
2025-08-13 14:45:00+00:00,7780.6329832073825
2025-08-13 15:15:00+00:00,7754.09492896579
2025-08-13 16:15:00+00:00,7741.144103053023
2025-08-13 19:30:00+00:00,7728.286931927296
2025-08-13 19:45:00+00:00,7715.443714251562
2025-08-13 22:30:00+00:00,7752.145311298919
2025-08-14 01:00:00+00:00,7739.301408424771
2025-08-14 02:30:00+00:00,7726.262309272484
2025-08-14 04:45:00+00:00,7713.22418852264
2025-08-14 05:00:00+00:00,7700.15203201994
2025-08-14 06:00:00+00:00,7724.349318900424
2025-08-14 06:15:00+00:00,7711.452103482069
2025-08-14 08:00:00+00:00,7713.675847031042
2025-08-14 10:30:00+00:00,7715.759101558467
2025-08-14 12:30:00+00:00,7726.983314648238
2025-08-14 13:45:00+00:00,7714.255346039481
2025-08-14 14:30:00+00:00,7718.366007230789
2025-08-15 01:30:00+00:00,7707.493335069011
2025-08-15 05:45:00+00:00,7712.05868368208
2025-08-15 06:45:00+00:00,7699.1892934109665
2025-08-15 09:15:00+00:00,7686.318373613216
2025-08-15 13:00:00+00:00,7687.946144631985
2025-08-15 13:45:00+00:00,7674.990508706139
2025-08-15 14:45:00+00:00,7649.109969057567
2025-08-15 15:15:00+00:00,7610.380179840613
2025-08-15 18:30:00+00:00,7612.4777261135505
2025-08-15 22:45:00+00:00,7614.337266367792
2025-08-16 00:30:00+00:00,7638.473407216804
2025-08-16 00:45:00+00:00,7625.503192950835
2025-08-16 07:30:00+00:00,7611.861316754362
2025-08-16 11:15:00+00:00,7598.5026477363
2025-08-16 13:15:00+00:00,7600.673398963892
2025-08-16 15:15:00+00:00,7637.77385756995
2025-08-16 17:15:00+00:00,7624.60157250444
2025-08-16 18:00:00+00:00,7612.938485817319
2025-08-16 19:00:00+00:00,7599.933792021629
2025-08-16 19:30:00+00:00,7595.900020402807
2025-08-17 02:00:00+00:00,7597.5904896953325
2025-08-17 02:45:00+00:00,7601.10737046511
2025-08-17 09:15:00+00:00,7637.36280275459
2025-08-17 13:00:00+00:00,7624.020633563403
2025-08-17 13:30:00+00:00,7623.540724743476
2025-08-17 14:30:00+00:00,7660.6371720750685
2025-08-17 15:15:00+00:00,7697.3245242119765
2025-08-17 16:15:00+00:00,7698.889541069988
2025-08-17 17:15:00+00:00,7689.171938189561
2025-08-17 18:15:00+00:00,7675.868403422593
2025-08-17 18:45:00+00:00,7662.780391592935
2025-08-17 22:15:00+00:00,7649.829092055857
2025-08-18 00:15:00+00:00,7686.160334294302
2025-08-18 01:30:00+00:00,7721.727674742627
2025-08-18 02:00:00+00:00,7758.165403895669
2025-08-18 03:45:00+00:00,7794.251259843373
2025-08-18 06:15:00+00:00,7831.196486135976
2025-08-18 06:45:00+00:00,7868.310465078496
2025-08-18 07:15:00+00:00,7870.435168175108
2025-08-18 09:30:00+00:00,7857.474122527312
2025-08-18 10:30:00+00:00,7844.549075485704
2025-08-18 12:30:00+00:00,7831.290807101038
2025-08-18 12:45:00+00:00,7818.276637655083
2025-08-18 13:15:00+00:00,7804.441198585704
2025-08-18 14:15:00+00:00,7806.255173442173
2025-08-19 03:30:00+00:00,7794.992585181514
2025-08-19 05:00:00+00:00,7796.78068840577
2025-08-19 06:15:00+00:00,7783.644773381592
2025-08-19 06:30:00+00:00,7770.841374381854
2025-08-19 11:15:00+00:00,7758.00090897172
2025-08-19 12:45:00+00:00,7760.148884219848
2025-08-19 14:15:00+00:00,7747.065200893134
2025-08-19 15:00:00+00:00,7785.943011770136
2025-08-19 16:30:00+00:00,7773.016326807092
2025-08-19 18:30:00+00:00,7760.096092416853
2025-08-19 19:15:00+00:00,7747.137102789762
2025-08-19 20:45:00+00:00,7748.547571916351
2025-08-19 23:45:00+00:00,7785.511345678556
2025-08-20 01:45:00+00:00,7787.228746059843
2025-08-20 02:00:00+00:00,7789.280776420983
2025-08-20 02:45:00+00:00,7790.552245277471
2025-08-20 11:15:00+00:00,7792.4675535467695
2025-08-20 11:30:00+00:00,7779.247927274978
2025-08-20 13:45:00+00:00,7770.000458517859
2025-08-20 15:00:00+00:00,7756.743243616485
2025-08-20 15:15:00+00:00,7793.959406367736
2025-08-20 18:00:00+00:00,7796.054496798085
2025-08-20 19:00:00+00:00,7832.858725146218
2025-08-20 19:45:00+00:00,7869.915339826994
2025-08-21 00:15:00+00:00,7893.950258204855
2025-08-21 02:15:00+00:00,7894.918922925634
2025-08-21 02:30:00+00:00,7896.669914945517
2025-08-21 09:00:00+00:00,7898.749231276531
2025-08-21 14:15:00+00:00,7884.684007956051
2025-08-21 15:30:00+00:00,7886.049064597511
2025-08-21 19:00:00+00:00,7888.058927813249
2025-08-21 20:30:00+00:00,7875.072701484672
2025-08-21 23:30:00+00:00,7862.0223543491375
2025-08-22 00:00:00+00:00,7848.9281233648035
2025-08-22 02:15:00+00:00,7851.147712379107
2025-08-22 04:30:00+00:00,7852.991425521916
2025-08-22 08:15:00+00:00,7840.011965089325
2025-08-22 09:15:00+00:00,7826.803182332075
2025-08-22 10:45:00+00:00,7828.661808546985
2025-08-22 11:00:00+00:00,7865.597969695628
2025-08-22 12:30:00+00:00,7902.608728338966
2025-08-22 13:30:00+00:00,7889.5767218430765
2025-08-22 14:00:00+00:00,7863.532231474446
2025-08-22 17:00:00+00:00,7924.399767090321
2025-08-22 18:15:00+00:00,7911.594113869217
2025-08-22 19:45:00+00:00,7948.791153082136
2025-08-22 22:00:00+00:00,7950.852093224411
2025-08-22 22:30:00+00:00,7953.012804174681
2025-08-23 04:30:00+00:00,7940.0630121683425
2025-08-23 05:30:00+00:00,7927.078946880906
2025-08-23 11:45:00+00:00,7928.862940549863
2025-08-23 15:15:00+00:00,7929.177857502964
2025-08-23 17:30:00+00:00,7914.656813469923
2025-08-23 18:45:00+00:00,7901.773824719709
2025-08-23 20:30:00+00:00,7897.689057376151
2025-08-23 23:15:00+00:00,7883.575391803832
2025-08-23 23:45:00+00:00,7868.897535568422
2025-08-24 00:15:00+00:00,7854.865084170745
2025-08-24 02:45:00+00:00,7890.952943264289
2025-08-24 03:45:00+00:00,7877.282700937177
2025-08-24 05:45:00+00:00,7879.267175360269
2025-08-24 08:00:00+00:00,7865.856657033138
2025-08-24 08:30:00+00:00,7889.143054828564
2025-08-24 12:00:00+00:00,7890.899912742361
2025-08-24 13:00:00+00:00,7892.742742922447
2025-08-24 13:45:00+00:00,7894.491036404806
2025-08-24 15:00:00+00:00,7895.805382166222
2025-08-24 15:15:00+00:00,7869.455519571878
2025-08-24 17:00:00+00:00,7870.790373231696
2025-08-24 18:00:00+00:00,7858.128806563376
2025-08-24 18:15:00+00:00,7845.142613915768
2025-08-24 19:30:00+00:00,7880.941104010666
2025-08-24 20:15:00+00:00,7922.084958583681
2025-08-25 00:30:00+00:00,7911.496079909692
2025-08-25 02:15:00+00:00,7898.588402060772
2025-08-25 06:45:00+00:00,7937.945711104603
2025-08-25 07:45:00+00:00,7974.9964521546135
2025-08-25 11:30:00+00:00,7977.009971140357
2025-08-25 12:45:00+00:00,7963.973504640576
2025-08-25 13:45:00+00:00,7965.332271845815
2025-08-25 15:15:00+00:00,7951.948407121522
2025-08-25 16:00:00+00:00,7989.025140290097
2025-08-25 19:30:00+00:00,8025.916279073681
2025-08-25 20:30:00+00:00,7999.992305614451
2025-08-25 21:45:00+00:00,7986.9747063539935
2025-08-26 00:15:00+00:00,7988.969598594144
2025-08-26 01:15:00+00:00,7990.949726443
2025-08-26 04:00:00+00:00,7993.04741793941
2025-08-26 06:15:00+00:00,7995.179301702378
2025-08-26 15:30:00+00:00,7997.211181072471
2025-08-26 19:30:00+00:00,8034.026543524671
2025-08-26 21:30:00+00:00,8035.277086625699
2025-08-26 23:30:00+00:00,8037.207598778519
2025-08-27 01:30:00+00:00,8038.685250201465
2025-08-27 03:45:00+00:00,8075.576425980319
2025-08-27 06:45:00+00:00,8062.674041365139
2025-08-27 07:15:00+00:00,8048.798566313326
2025-08-27 07:30:00+00:00,8050.935243964014
2025-08-27 12:00:00+00:00,8037.7503669853995
2025-08-27 12:45:00+00:00,8024.512424646837
2025-08-27 13:30:00+00:00,8026.5298353974395
2025-08-27 15:30:00+00:00,8013.570583868709
2025-08-27 17:30:00+00:00,8015.487402020634
2025-08-27 19:00:00+00:00,8001.860548858934
2025-08-27 20:15:00+00:00,7988.8667269018815
2025-08-27 21:30:00+00:00,7992.790695214821
2025-08-27 22:00:00+00:00,7979.414289792116
2025-08-28 01:15:00+00:00,7981.504328239572
2025-08-28 01:30:00+00:00,7968.5787626903475
2025-08-28 04:30:00+00:00,7970.679166039283
2025-08-28 07:45:00+00:00,7957.4435148613165
2025-08-28 11:15:00+00:00,7956.437990115619
2025-08-28 13:15:00+00:00,7958.429980226659
2025-08-28 13:45:00+00:00,7944.7072830579755
2025-08-28 14:15:00+00:00,7946.146826910223
2025-08-28 15:15:00+00:00,7919.994799735182
2025-08-28 16:15:00+00:00,7894.1563004815835
2025-08-28 18:30:00+00:00,7896.112300843622
2025-08-28 18:45:00+00:00,7882.891076270111
2025-08-28 22:15:00+00:00,7869.758638026471
2025-08-28 22:30:00+00:00,7871.637593279218
2025-08-29 03:30:00+00:00,7873.3426175863115
2025-08-29 04:45:00+00:00,7909.942068557113
2025-08-29 06:15:00+00:00,7897.033281867334
2025-08-29 06:30:00+00:00,7920.7810431425
2025-08-29 07:00:00+00:00,7907.757572704258
2025-08-29 08:45:00+00:00,7944.655417164659
2025-08-29 09:45:00+00:00,7946.36617685843
2025-08-29 11:00:00+00:00,7948.390841899805
2025-08-29 12:30:00+00:00,7935.2388862245
2025-08-29 13:45:00+00:00,7944.6522735526105
2025-08-29 16:00:00+00:00,7981.786790724251
2025-08-29 21:45:00+00:00,7983.995298872371
2025-08-29 23:15:00+00:00,7985.70511153782
2025-08-29 23:30:00+00:00,7987.268983244898
2025-08-30 02:00:00+00:00,7974.082641941779
2025-08-30 12:15:00+00:00,7960.811429587013
2025-08-30 12:30:00+00:00,7946.397159674735
2025-08-30 13:00:00+00:00,7983.0600223875035
2025-08-30 13:45:00+00:00,7969.616791721146
2025-08-30 14:30:00+00:00,7955.520341834344
2025-08-30 14:45:00+00:00,7942.340443637477
2025-08-30 15:45:00+00:00,7929.232113339314
2025-08-30 20:15:00+00:00,7930.962126554434
2025-08-31 00:00:00+00:00,7967.651496806718
2025-08-31 04:15:00+00:00,7969.142300092046
2025-08-31 05:00:00+00:00,7955.716148323354
2025-08-31 06:45:00+00:00,7942.2576947378575
2025-08-31 10:00:00+00:00,7943.788339167994
2025-08-31 10:30:00+00:00,7930.5089017681785
2025-08-31 13:00:00+00:00,7967.114250488218
2025-08-31 14:00:00+00:00,7968.480401759183
2025-08-31 16:15:00+00:00,7940.685665116671
2025-08-31 19:45:00+00:00,7941.204587156315
2025-08-31 22:30:00+00:00,7941.901410633741
2025-08-31 22:45:00+00:00,7927.252810135793
2025-08-31 23:15:00+00:00,7912.728327541692
2025-08-31 23:30:00+00:00,7949.310999017292
2025-09-01 00:15:00+00:00,7935.032183614683
2025-09-01 00:45:00+00:00,7936.720738570163
2025-09-01 01:00:00+00:00,7938.484330868064
2025-09-01 01:30:00+00:00,7925.385753562586
2025-09-01 01:45:00+00:00,7912.263283115604
2025-09-01 02:15:00+00:00,7935.850253310654
2025-09-01 04:30:00+00:00,7922.749088597682
2025-09-01 05:30:00+00:00,7924.705896307014
2025-09-01 07:15:00+00:00,7911.129924775111
2025-09-01 07:30:00+00:00,7913.086169496931
2025-09-01 07:45:00+00:00,7950.046756374708
2025-09-01 10:00:00+00:00,7952.194443811167
2025-09-01 10:15:00+00:00,7938.590867338786
2025-09-01 10:30:00+00:00,7940.598862818066
2025-09-01 10:45:00+00:00,7927.66732325266
2025-09-01 11:30:00+00:00,7914.636657550339
2025-09-01 13:15:00+00:00,7901.417867409082
2025-09-01 13:30:00+00:00,7888.457761611941
2025-09-01 17:00:00+00:00,7889.911575731695
2025-09-01 20:30:00+00:00,7926.708426848485
2025-09-01 23:00:00+00:00,7913.659165636042
2025-09-02 00:30:00+00:00,7900.58742892521
2025-09-02 09:45:00+00:00,7886.585852103278
2025-09-02 11:00:00+00:00,7885.706088457791
2025-09-02 11:15:00+00:00,7872.412233513322
2025-09-02 11:30:00+00:00,7871.187460594209
2025-09-02 11:45:00+00:00,7857.743717078893
2025-09-02 12:45:00+00:00,7844.277292024192
2025-09-02 13:30:00+00:00,7831.163101475884
2025-09-02 15:30:00+00:00,7818.081093174357
2025-09-02 15:45:00+00:00,7805.146401638743
2025-09-02 20:15:00+00:00,7807.1299070296855
2025-09-03 06:00:00+00:00,7794.101868155968
2025-09-03 12:45:00+00:00,7767.623847783458
2025-09-03 13:15:00+00:00,7754.481475588141
2025-09-03 14:00:00+00:00,7741.115063624943
2025-09-03 14:30:00+00:00,7764.465411553482
2025-09-03 14:45:00+00:00,7799.902346379547
2025-09-03 15:30:00+00:00,7786.618250791699
2025-09-03 16:45:00+00:00,7773.151784864409
2025-09-03 18:30:00+00:00,7759.6051931436905
2025-09-03 21:15:00+00:00,7759.179956209882
2025-09-04 00:45:00+00:00,7746.00276692936
2025-09-04 02:15:00+00:00,7732.585772570249
2025-09-04 03:00:00+00:00,7769.0155233367905
2025-09-04 06:15:00+00:00,7805.602710516375
2025-09-04 10:00:00+00:00,7807.344763252282
2025-09-04 12:15:00+00:00,7808.939139841017
2025-09-04 12:30:00+00:00,7804.357131897225
2025-09-04 12:45:00+00:00,7805.006581638794
2025-09-04 15:00:00+00:00,7841.8071645582195
2025-09-04 17:00:00+00:00,7843.646506702381
2025-09-04 20:15:00+00:00,7845.364687414348
2025-09-04 22:45:00+00:00,7831.854963601436
2025-09-05 00:00:00+00:00,7872.300485950069
2025-09-05 01:30:00+00:00,7859.051761499912
2025-09-05 02:00:00+00:00,7860.597021895365
2025-09-05 02:30:00+00:00,7847.367660538172
2025-09-05 07:00:00+00:00,7882.956237999338
2025-09-05 09:15:00+00:00,7842.033700918938
2025-09-05 09:30:00+00:00,7828.542731857178
2025-09-05 11:00:00+00:00,7829.930436157634
2025-09-05 12:30:00+00:00,7831.461308348676
2025-09-05 12:45:00+00:00,7903.953355058149
2025-09-05 13:45:00+00:00,7890.818394697859
2025-09-05 14:00:00+00:00,7894.178699821842
2025-09-05 14:15:00+00:00,7881.131089409757
2025-09-05 14:30:00+00:00,7868.050283372187
2025-09-05 19:15:00+00:00,7855.102526256501
2025-09-05 21:15:00+00:00,7857.017578539825
2025-09-06 03:30:00+00:00,7880.116662999625
2025-09-06 04:45:00+00:00,7865.67925268029
2025-09-06 14:15:00+00:00,7901.582649698485
2025-09-06 15:30:00+00:00,7887.577508893483
2025-09-06 16:15:00+00:00,7888.332721719837
2025-09-06 16:45:00+00:00,7889.523085642567
2025-09-06 21:00:00+00:00,7912.068996752032
2025-09-06 21:30:00+00:00,7913.426984185549
2025-09-06 23:30:00+00:00,7908.583363493837
2025-09-07 00:45:00+00:00,7892.0910752237205
2025-09-07 01:00:00+00:00,7878.241340816366
2025-09-07 01:15:00+00:00,7861.734343246748
2025-09-07 01:45:00+00:00,7848.071163229157
2025-09-07 02:45:00+00:00,7831.765303567073
2025-09-07 06:15:00+00:00,7831.522812993541
2025-09-07 06:30:00+00:00,7833.01501341412
2025-09-07 07:30:00+00:00,7867.604676077458
2025-09-07 07:45:00+00:00,7860.956275227583
2025-09-07 09:30:00+00:00,7863.22021718511
2025-09-07 11:30:00+00:00,7849.508599456265
2025-09-07 12:15:00+00:00,7835.995302927743
2025-09-07 13:00:00+00:00,7872.492743118616
2025-09-07 13:30:00+00:00,7907.616478927618
2025-09-07 13:45:00+00:00,7944.431596075239
2025-09-07 14:00:00+00:00,7980.585010117933
2025-09-07 14:15:00+00:00,8015.4239115169175
2025-09-07 14:45:00+00:00,8017.151594311347
2025-09-07 15:00:00+00:00,8004.160108716722
2025-09-07 17:15:00+00:00,7988.940065621638
2025-09-07 17:45:00+00:00,7979.215657479097
2025-09-07 18:30:00+00:00,7950.878049348774
2025-09-07 22:45:00+00:00,7987.330630741878
2025-09-08 00:00:00+00:00,7973.986633944399
2025-09-08 00:45:00+00:00,7960.695092624864
2025-09-08 01:30:00+00:00,7961.587956592672
2025-09-08 04:00:00+00:00,7948.388103998078
2025-09-08 07:00:00+00:00,7950.154686828113
2025-09-08 09:00:00+00:00,7936.428405337335
2025-09-08 09:45:00+00:00,7973.113427096416
2025-09-08 11:15:00+00:00,7959.46064925727
2025-09-08 13:30:00+00:00,7961.16100472382
2025-09-08 14:30:00+00:00,7997.981094169446
2025-09-08 15:15:00+00:00,8034.750245130326
2025-09-08 16:30:00+00:00,8036.373344161469
2025-09-08 17:45:00+00:00,8023.10227094949
2025-09-08 20:45:00+00:00,8009.853095832045
2025-09-08 21:45:00+00:00,8009.12866745476
2025-09-09 00:30:00+00:00,7996.144708291658
2025-09-09 01:00:00+00:00,7982.947457835634
2025-09-09 07:45:00+00:00,7969.855225522359
2025-09-09 08:15:00+00:00,7956.303099197389
2025-09-09 12:00:00+00:00,7942.759594608785
2025-09-09 13:00:00+00:00,7930.124285021513
2025-09-09 14:00:00+00:00,7917.216853690708
2025-09-09 17:15:00+00:00,7906.097505336011
2025-09-09 18:15:00+00:00,7893.077913359636
2025-09-09 19:30:00+00:00,7880.22969592383
2025-09-09 21:00:00+00:00,7865.999021965629
2025-09-09 21:15:00+00:00,7867.044191964999
2025-09-10 01:30:00+00:00,7853.986645265686
2025-09-10 02:00:00+00:00,7840.730644070317
2025-09-10 09:00:00+00:00,7826.598320256148
2025-09-10 12:30:00+00:00,7828.371630073483
2025-09-10 12:45:00+00:00,7814.761291291597
2025-09-10 13:00:00+00:00,7850.566877686523
2025-09-10 13:30:00+00:00,7837.096542526447
2025-09-10 14:00:00+00:00,7838.45349910289
2025-09-10 14:30:00+00:00,7840.195722789247
2025-09-10 15:15:00+00:00,7826.746591797925
2025-09-10 16:45:00+00:00,7863.836498324509
2025-09-10 17:15:00+00:00,7864.998247258809
2025-09-10 19:15:00+00:00,7851.628225243287
2025-09-11 05:30:00+00:00,7825.485418738478
2025-09-11 09:00:00+00:00,7812.12373808466
2025-09-11 12:00:00+00:00,7848.560329757311
2025-09-11 12:30:00+00:00,7850.443529121763
2025-09-11 13:00:00+00:00,7824.272717646947
2025-09-11 13:30:00+00:00,7826.212280722848
2025-09-11 14:00:00+00:00,7828.248826781542
2025-09-11 19:00:00+00:00,7814.908577033776
2025-09-11 20:45:00+00:00,7815.40379055404
2025-09-12 00:30:00+00:00,7851.05113770993
2025-09-12 01:45:00+00:00,7873.474894206193
2025-09-12 03:15:00+00:00,7910.1126513011195
2025-09-12 05:15:00+00:00,7911.786762364398
2025-09-12 08:15:00+00:00,7913.6201129831825
2025-09-12 11:45:00+00:00,7950.3786882101185
2025-09-12 12:00:00+00:00,7952.071145352723
2025-09-12 14:00:00+00:00,7938.482927925429
2025-09-12 14:30:00+00:00,7940.0976695543895
2025-09-12 15:30:00+00:00,7926.822506296379
2025-09-12 16:15:00+00:00,7963.785728506655
2025-09-12 16:30:00+00:00,7949.483695691124
2025-09-12 17:15:00+00:00,7936.141646719184
2025-09-12 20:00:00+00:00,7922.8093155303495
2025-09-12 20:15:00+00:00,7909.557990626118
2025-09-12 21:30:00+00:00,7911.212805700537
2025-09-12 22:15:00+00:00,7947.837342409393
2025-09-13 00:00:00+00:00,7934.717624400672
2025-09-13 00:45:00+00:00,7920.9850427017645
2025-09-13 01:00:00+00:00,7958.078625350912
2025-09-13 07:00:00+00:00,7958.993547101369
2025-09-13 08:30:00+00:00,7959.962084295385
2025-09-13 10:15:00+00:00,7946.0339781220755
2025-09-13 11:00:00+00:00,7932.60194742063
2025-09-13 13:00:00+00:00,7919.740546505004
2025-09-13 13:45:00+00:00,7956.429587879028
2025-09-13 15:00:00+00:00,7957.702480436329
2025-09-13 16:30:00+00:00,7944.806846454924
2025-09-13 17:00:00+00:00,7932.077155825561
2025-09-13 21:00:00+00:00,7918.803635987483
2025-09-13 21:15:00+00:00,7905.478586742597
2025-09-13 23:45:00+00:00,7899.172266665636
2025-09-14 02:00:00+00:00,7885.574978091667
2025-09-14 02:45:00+00:00,7887.023673534711
2025-09-14 04:15:00+00:00,7923.873014582649
2025-09-14 10:15:00+00:00,7907.360610576144
2025-09-14 11:30:00+00:00,7890.917471183212
2025-09-14 12:30:00+00:00,7927.602183202537
2025-09-14 13:15:00+00:00,7911.458237346526
2025-09-14 13:30:00+00:00,7948.3424561595675
2025-09-14 13:45:00+00:00,7935.017398383223
2025-09-14 16:30:00+00:00,7935.067281584478
2025-09-14 17:45:00+00:00,7922.230695893658
2025-09-14 20:00:00+00:00,7907.55706019884
2025-09-14 21:30:00+00:00,7894.2025317988355
2025-09-14 21:45:00+00:00,7895.775483284932
2025-09-14 23:00:00+00:00,7882.761266462117
2025-09-15 01:15:00+00:00,7883.35256342088
2025-09-15 03:15:00+00:00,7856.099141788625
2025-09-15 04:30:00+00:00,7847.012447718515
2025-09-15 06:45:00+00:00,7832.795780899471
2025-09-15 07:30:00+00:00,7869.609682480501
2025-09-15 08:45:00+00:00,7943.248172494263
2025-09-15 10:30:00+00:00,7967.222199029745
2025-09-15 11:30:00+00:00,7953.296451765308
2025-09-15 14:15:00+00:00,7954.330415055683
2025-09-15 17:15:00+00:00,7941.271411996671
2025-09-15 18:45:00+00:00,7943.327988795858
2025-09-15 21:45:00+00:00,7945.449228867966
2025-09-16 00:30:00+00:00,7947.490078636235
2025-09-16 06:30:00+00:00,7934.312324192813
2025-09-16 08:30:00+00:00,7919.905674803579
2025-09-16 10:45:00+00:00,7905.507768070221
2025-09-16 12:00:00+00:00,7892.554485303195
2025-09-16 13:15:00+00:00,7878.519382540025
2025-09-16 13:45:00+00:00,7865.380972939218
2025-09-16 14:30:00+00:00,7867.405097235769
2025-09-16 14:45:00+00:00,7868.600620220182
2025-09-16 15:15:00+00:00,7855.673687567546
2025-09-16 15:45:00+00:00,7830.410066866768
2025-09-16 17:00:00+00:00,7803.9799204543515
2025-09-16 21:45:00+00:00,7790.758845360031
2025-09-17 00:15:00+00:00,7791.435315639023
2025-09-17 03:45:00+00:00,7828.118029678123
2025-09-17 04:45:00+00:00,7829.793396408339
2025-09-17 06:15:00+00:00,7853.0714107274425
2025-09-17 06:30:00+00:00,7839.6979407376375
2025-09-17 07:15:00+00:00,7812.464885379379
2025-09-17 08:00:00+00:00,7798.977474574189
2025-09-17 10:15:00+00:00,7785.510561656825
2025-09-17 12:30:00+00:00,7772.282034769639
2025-09-17 13:15:00+00:00,7758.888415951546
2025-09-17 15:30:00+00:00,7745.851068840787
2025-09-17 17:30:00+00:00,7731.717875338488
2025-09-17 18:00:00+00:00,7705.989721619197
2025-09-17 19:00:00+00:00,7667.936480062029
2025-09-17 20:00:00+00:00,7644.303900150671
2025-09-17 22:00:00+00:00,7631.425054251319
2025-09-17 22:15:00+00:00,7618.533429584036
2025-09-17 22:45:00+00:00,7605.256757625357
2025-09-18 01:15:00+00:00,7592.357860410369
2025-09-18 05:00:00+00:00,7593.325153209231
2025-09-18 05:30:00+00:00,7580.12974599254
2025-09-18 06:00:00+00:00,7582.239951492635
2025-09-18 10:15:00+00:00,7583.987860270001
2025-09-18 12:30:00+00:00,7585.620881516626
2025-09-18 13:30:00+00:00,7572.594808055208
2025-09-19 00:15:00+00:00,7609.6360851170775
2025-09-19 02:30:00+00:00,7611.427815284497
2025-09-19 04:00:00+00:00,7598.310209188741
2025-09-19 05:15:00+00:00,7600.220373236202
2025-09-19 06:45:00+00:00,7587.381544892037
2025-09-19 08:00:00+00:00,7588.88094570173
2025-09-19 09:15:00+00:00,7590.835851067954
2025-09-19 10:15:00+00:00,7577.3511894231115
2025-09-19 13:45:00+00:00,7578.582799072535
2025-09-19 14:15:00+00:00,7578.508372946234
2025-09-19 16:45:00+00:00,7578.867811529332
2025-09-19 17:30:00+00:00,7616.006536871408
2025-09-19 21:45:00+00:00,7617.820178561457
2025-09-19 23:15:00+00:00,7654.513127152407
2025-09-20 00:00:00+00:00,7641.347409890083
2025-09-20 00:45:00+00:00,7630.019821571171
2025-09-20 01:45:00+00:00,7616.851103218344
2025-09-20 02:30:00+00:00,7618.007388308387
2025-09-20 04:00:00+00:00,7619.812900740287
2025-09-20 06:45:00+00:00,7605.979931581726
2025-09-20 08:45:00+00:00,7642.946175491028
2025-09-20 10:45:00+00:00,7679.722894664412
2025-09-20 13:45:00+00:00,7666.521516632236
2025-09-20 14:45:00+00:00,7702.864637694021
2025-09-20 17:00:00+00:00,7688.41519093983
2025-09-20 18:15:00+00:00,7690.0865261867275
2025-09-20 21:30:00+00:00,7691.775547193879
2025-09-21 07:45:00+00:00,7677.714866234179
2025-09-21 09:15:00+00:00,7713.985879456082
2025-09-21 09:30:00+00:00,7686.727914051045
2025-09-21 09:45:00+00:00,7672.186177303102
2025-09-21 10:45:00+00:00,7673.76692558069
2025-09-21 11:00:00+00:00,7660.1620481039645
2025-09-21 12:15:00+00:00,7646.776982180617
2025-09-21 12:45:00+00:00,7648.212255392131
2025-09-21 15:45:00+00:00,7634.909126681468
2025-09-21 16:15:00+00:00,7621.53530908364
2025-09-21 17:45:00+00:00,7622.895471531615
2025-09-21 18:00:00+00:00,7624.675575219486
2025-09-21 21:00:00+00:00,7625.466736561385
2025-09-21 22:00:00+00:00,7612.242331813352
2025-09-21 22:45:00+00:00,7613.747888429832
2025-09-22 00:15:00+00:00,7600.537592924273
2025-09-22 00:30:00+00:00,7637.160686243231
2025-09-22 00:45:00+00:00,7747.202062841104
2025-09-22 02:15:00+00:00,7734.87050924096
2025-09-22 02:30:00+00:00,7721.842081735051
2025-09-22 04:00:00+00:00,7723.957410283963
2025-09-22 05:45:00+00:00,7760.824187047143
2025-09-22 06:00:00+00:00,7797.852398855227
2025-09-22 07:00:00+00:00,7821.932882150943
2025-09-22 10:15:00+00:00,7809.228393194227
2025-09-22 10:45:00+00:00,7811.253270364571
2025-09-22 15:00:00+00:00,7813.217960245597
2025-09-22 19:30:00+00:00,7850.170083030628
2025-09-22 22:45:00+00:00,7887.318055812153
2025-09-23 01:00:00+00:00,7874.050875065902
2025-09-23 04:15:00+00:00,7861.316543836003
2025-09-23 06:30:00+00:00,7848.296657515008
2025-09-23 11:00:00+00:00,7834.959854482396
2025-09-23 14:00:00+00:00,7832.830247608552
2025-09-23 15:00:00+00:00,7869.960612561747
2025-09-23 21:30:00+00:00,7871.879328682526
2025-09-24 03:15:00+00:00,7908.80854319417
2025-09-24 04:00:00+00:00,7944.852193512467
2025-09-24 04:30:00+00:00,7970.430190252373
2025-09-24 05:15:00+00:00,7957.529429294097
2025-09-24 06:45:00+00:00,7944.637337630929
2025-09-24 14:15:00+00:00,7981.601285237147
2025-09-24 14:45:00+00:00,8018.289344799341
2025-09-24 18:15:00+00:00,8019.228853439188
2025-09-24 19:30:00+00:00,8005.081888593559
2025-09-24 19:45:00+00:00,8041.682546304572
2025-09-24 20:45:00+00:00,8078.500389069412
2025-09-24 21:45:00+00:00,8065.289873293772
2025-09-24 22:00:00+00:00,8102.190426590148
2025-09-24 23:00:00+00:00,8089.008024955173
2025-09-24 23:30:00+00:00,8091.025828882017
2025-09-25 01:00:00+00:00,8093.054042110597
2025-09-25 02:00:00+00:00,8094.666445780939
2025-09-25 02:30:00+00:00,8081.42895559465
2025-09-25 04:00:00+00:00,8068.347541774947
2025-09-25 04:45:00+00:00,8105.209612336398
2025-09-25 05:15:00+00:00,8079.188645484313
2025-09-25 12:15:00+00:00,8153.323222870694
2025-09-25 12:30:00+00:00,8190.1771207117445
2025-09-25 13:30:00+00:00,8177.265068776733
2025-09-25 17:00:00+00:00,8214.381237466732
2025-09-25 18:15:00+00:00,8216.375834181292
2025-09-25 18:45:00+00:00,8220.51584652883
2025-09-25 19:15:00+00:00,8207.676538255557
2025-09-25 23:30:00+00:00,8244.82335677781
2025-09-26 00:15:00+00:00,8246.938115054956
2025-09-26 07:30:00+00:00,8244.393759456005
2025-09-26 09:30:00+00:00,8240.541748362804
2025-09-26 11:00:00+00:00,8277.583453764737
2025-09-26 12:00:00+00:00,8314.71346017186
2025-09-26 12:30:00+00:00,8301.72195574577
2025-09-26 14:15:00+00:00,8288.734405572286
2025-09-26 15:30:00+00:00,8290.86742299927
2025-09-26 22:00:00+00:00,8327.958860102866
2025-09-27 04:00:00+00:00,8314.850265907247
2025-09-27 05:00:00+00:00,8316.897451914327
2025-09-27 08:45:00+00:00,8303.410271616194
2025-09-27 14:30:00+00:00,8326.622885498024
2025-09-27 15:00:00+00:00,8328.338891852634
2025-09-27 15:30:00+00:00,8314.730551912146
2025-09-27 16:45:00+00:00,8301.216211427623
2025-09-27 17:00:00+00:00,8287.640847863007
2025-09-27 17:15:00+00:00,8289.718164063619
2025-09-27 17:45:00+00:00,8275.692685137992
2025-09-27 20:00:00+00:00,8277.114179199614
2025-09-27 21:00:00+00:00,8263.393545886918
2025-09-28 00:00:00+00:00,8264.863788824574
2025-09-28 01:00:00+00:00,8301.134590310148
2025-09-28 01:30:00+00:00,8337.248151894404
2025-09-28 08:15:00+00:00,8333.954676789745
2025-09-28 10:00:00+00:00,8335.719042397535
2025-09-28 12:30:00+00:00,8322.027249260718
2025-09-28 13:30:00+00:00,8323.539877634863
2025-09-28 16:00:00+00:00,8359.395252877972
2025-09-28 16:15:00+00:00,8346.33828555348
2025-09-28 20:30:00+00:00,8381.42787971355
2025-09-28 22:00:00+00:00,8454.196270054472
2025-09-28 22:15:00+00:00,8526.060813826727
2025-09-28 23:00:00+00:00,8512.467941345465
2025-09-28 23:15:00+00:00,8513.228569793251
2025-09-29 01:45:00+00:00,8499.117827716611
2025-09-29 02:00:00+00:00,8472.525776536959
2025-09-29 03:00:00+00:00,8473.982137246243
2025-09-29 05:00:00+00:00,8510.641551966994
2025-09-29 06:00:00+00:00,8497.319793383913
2025-09-29 08:15:00+00:00,8498.914106186385
2025-09-29 08:45:00+00:00,8485.440813032475
2025-09-29 11:00:00+00:00,8473.455696696843
2025-09-29 12:30:00+00:00,8475.10228532533
2025-09-29 12:45:00+00:00,8461.52084561997
2025-09-29 13:30:00+00:00,8497.444942879269
2025-09-29 14:15:00+00:00,8471.359979374432
2025-09-29 15:45:00+00:00,8458.144176092841
2025-09-29 17:00:00+00:00,8444.950582233212
2025-09-29 19:45:00+00:00,8446.954957341606
2025-09-30 00:15:00+00:00,8433.542116822406
2025-09-30 01:00:00+00:00,8425.319327182902
2025-09-30 05:30:00+00:00,8412.01826284018
2025-09-30 07:30:00+00:00,8413.33109422883
2025-09-30 09:00:00+00:00,8450.34948513291
2025-09-30 11:30:00+00:00,8452.067917669516
2025-09-30 13:30:00+00:00,8438.824547941842
2025-09-30 13:45:00+00:00,8435.87715501025
2025-09-30 14:00:00+00:00,8423.379509233953
2025-09-30 17:30:00+00:00,8410.323262376007
2025-09-30 18:15:00+00:00,8412.21346506826
2025-09-30 19:30:00+00:00,8399.140469577353
2025-09-30 19:45:00+00:00,8385.799775936295
2025-10-01 00:00:00+00:00,8372.323355014349
2025-10-01 02:15:00+00:00,8370.925392122634
2025-10-01 04:15:00+00:00,8364.872961924428
2025-10-01 08:30:00+00:00,8401.689223735028
2025-10-01 12:15:00+00:00,8440.164468863373
2025-10-01 17:45:00+00:00,8428.746443014923
2025-10-01 23:45:00+00:00,8465.71107337951
2025-10-02 11:45:00+00:00,8452.25381869547
2025-10-02 13:00:00+00:00,8455.740045178174
2025-10-02 13:15:00+00:00,8492.4314894401
2025-10-02 14:15:00+00:00,8479.314702385172
2025-10-02 15:00:00+00:00,8515.998418284571
2025-10-02 15:15:00+00:00,8502.88459415784
2025-10-02 15:45:00+00:00,8489.789591110673
2025-10-02 16:00:00+00:00,8526.008929366333
2025-10-02 17:45:00+00:00,8512.951181657574
2025-10-02 18:15:00+00:00,8549.923263702523
2025-10-02 18:45:00+00:00,8536.839262474838
2025-10-02 19:00:00+00:00,8573.673398969167
2025-10-03 00:00:00+00:00,8575.43064478773
2025-10-03 03:30:00+00:00,8612.258416631103
2025-10-03 06:45:00+00:00,8649.167210391923
2025-10-03 07:30:00+00:00,8650.58754607165
2025-10-03 11:15:00+00:00,8652.42679058933
2025-10-03 13:00:00+00:00,8640.92668289262
2025-10-03 13:30:00+00:00,8642.67353533514
2025-10-03 14:30:00+00:00,8643.511460938635
2025-10-03 16:00:00+00:00,8680.482556978268
2025-10-03 16:45:00+00:00,8667.4395925979
2025-10-03 17:00:00+00:00,8654.142788300624
2025-10-03 17:45:00+00:00,8640.956312966206
2025-10-03 18:45:00+00:00,8642.974378071118
2025-10-04 00:30:00+00:00,8644.463907773583
2025-10-04 01:30:00+00:00,8632.41098620647
2025-10-04 02:15:00+00:00,8619.241711301476
2025-10-04 03:00:00+00:00,8606.070066615615
2025-10-04 07:15:00+00:00,8579.469195817419
2025-10-04 08:30:00+00:00,8565.551355736216
2025-10-04 09:45:00+00:00,8538.665033030844
2025-10-04 11:15:00+00:00,8539.541237395002
2025-10-04 14:00:00+00:00,8528.17740867349
2025-10-04 14:45:00+00:00,8529.179846668232
2025-10-04 22:00:00+00:00,8521.376484156757
2025-10-05 00:00:00+00:00,8523.072721121458
2025-10-05 00:15:00+00:00,8509.642340835695
2025-10-05 02:30:00+00:00,8546.385222468256
2025-10-05 02:45:00+00:00,8619.596047423754
2025-10-05 03:00:00+00:00,8592.857231227537
2025-10-05 03:45:00+00:00,8579.346730823529
2025-10-05 04:45:00+00:00,8615.498872977236
2025-10-05 07:00:00+00:00,8589.051244963914
2025-10-05 07:45:00+00:00,8625.6681847246
2025-10-05 08:30:00+00:00,8627.473801038488
2025-10-05 09:00:00+00:00,8614.023104919685
2025-10-05 09:30:00+00:00,8600.792040872208
2025-10-05 10:00:00+00:00,8574.36656831446
2025-10-05 13:15:00+00:00,8521.864579844807
2025-10-05 14:45:00+00:00,8508.776923290241
2025-10-05 16:45:00+00:00,8510.554327828115
2025-10-05 17:45:00+00:00,8497.325842440749
2025-10-05 20:00:00+00:00,8499.260202329015
2025-10-05 22:00:00+00:00,8486.198428594722
2025-10-05 23:30:00+00:00,8473.12546250905
2025-10-06 00:15:00+00:00,8459.809052671135
2025-10-06 01:15:00+00:00,8446.589591682377
2025-10-06 02:00:00+00:00,8433.37355959482
2025-10-06 06:00:00+00:00,8470.221366555088
2025-10-06 07:00:00+00:00,8457.201800927513
2025-10-06 07:30:00+00:00,8444.237088081376
2025-10-06 09:00:00+00:00,8481.056998433742
2025-10-06 13:30:00+00:00,8482.029061925648
2025-10-06 13:45:00+00:00,8518.552012225313
2025-10-06 14:45:00+00:00,8504.853768764746
2025-10-06 16:00:00+00:00,8506.273695415184
2025-10-06 21:15:00+00:00,8507.649022351965
2025-10-07 01:15:00+00:00,8494.027776623536
2025-10-07 04:00:00+00:00,8495.863377010295
2025-10-07 04:45:00+00:00,8532.926511177244
2025-10-07 05:45:00+00:00,8534.831105041847
2025-10-07 06:15:00+00:00,8536.366823368311
2025-10-07 08:00:00+00:00,8523.096036287605
2025-10-07 08:30:00+00:00,8524.921483481978
2025-10-07 11:15:00+00:00,8561.969985557704
2025-10-07 12:45:00+00:00,8548.907560624471
2025-10-07 13:30:00+00:00,8571.559072015421
2025-10-07 14:00:00+00:00,8645.160222254393
2025-10-07 15:00:00+00:00,8717.886659751246
2025-10-07 16:45:00+00:00,8756.997912442504
2025-10-07 20:30:00+00:00,8744.26188722999
2025-10-08 02:45:00+00:00,8743.67357764108
2025-10-08 03:15:00+00:00,8780.75283960017
2025-10-08 14:45:00+00:00,8767.787996577592
2025-10-08 17:15:00+00:00,8769.837971054949
2025-10-08 20:45:00+00:00,8756.416156950281
2025-10-09 00:00:00+00:00,8760.398757227094
2025-10-09 01:00:00+00:00,8747.282409049536
2025-10-09 02:00:00+00:00,8734.095094322947
2025-10-09 02:15:00+00:00,8735.893386893029
2025-10-09 06:00:00+00:00,8737.74508186328
2025-10-09 07:00:00+00:00,8739.68358863319
2025-10-09 07:30:00+00:00,8726.510715094095
2025-10-09 08:15:00+00:00,8728.281223085181
2025-10-09 08:30:00+00:00,8715.14375977034
2025-10-09 11:00:00+00:00,8702.010962381999
2025-10-09 12:30:00+00:00,8688.793732806542
2025-10-09 13:45:00+00:00,8712.43613538411
2025-10-09 14:30:00+00:00,8699.374313603266
2025-10-09 16:15:00+00:00,8736.462275887918
2025-10-09 16:45:00+00:00,8723.45330941111
2025-10-09 20:45:00+00:00,8725.149778576873
2025-10-09 21:00:00+00:00,8712.267660173853
2025-10-09 22:30:00+00:00,8700.39130322899
2025-10-10 03:15:00+00:00,8702.038041819114
2025-10-10 03:30:00+00:00,8690.295895893567
2025-10-10 05:45:00+00:00,8676.982507459836
2025-10-10 09:45:00+00:00,8715.329233444043
2025-10-10 11:15:00+00:00,8717.225505292874
2025-10-10 13:15:00+00:00,8754.137384781552
2025-10-10 13:45:00+00:00,8756.071569511056
2025-10-10 14:30:00+00:00,8743.071158194229
2025-10-10 14:45:00+00:00,8729.976269900058
2025-10-10 15:00:00+00:00,8717.030549896954
2025-10-10 15:30:00+00:00,8753.91268403548
2025-10-10 15:45:00+00:00,8786.043750601513
2025-10-10 16:30:00+00:00,8787.61224520711
2025-10-10 19:15:00+00:00,8824.772869390707
2025-10-10 20:45:00+00:00,8861.585586970796
2025-10-10 21:15:00+00:00,8923.261749445443
2025-10-11 04:00:00+00:00,8900.826341539787
2025-10-12 01:30:00+00:00,8901.610879235473
2025-10-12 02:30:00+00:00,8888.23544253309
2025-10-12 03:00:00+00:00,8874.946045674407
2025-10-12 03:15:00+00:00,8862.097567009941
2025-10-12 04:45:00+00:00,8848.911781325274
2025-10-12 05:30:00+00:00,8836.071573941103
2025-10-12 06:00:00+00:00,8823.239029996686
2025-10-12 10:15:00+00:00,8821.69347768448
2025-10-12 15:00:00+00:00,8810.314116906913
2025-10-12 15:45:00+00:00,8821.8468584325
2025-10-12 16:00:00+00:00,8808.62274234753
2025-10-12 16:45:00+00:00,8782.663139560205
2025-10-12 19:45:00+00:00,8769.853558320066
2025-10-12 20:15:00+00:00,8756.738620929851
2025-10-12 22:00:00+00:00,8761.069748995227
2025-10-12 22:30:00+00:00,8759.5473350761
2025-10-13 01:00:00+00:00,8746.735452089182
2025-10-13 07:15:00+00:00,8733.818098275618
2025-10-13 09:00:00+00:00,8720.71332510138
2025-10-13 10:00:00+00:00,8710.061332282072
2025-10-13 11:00:00+00:00,8697.27843269575
2025-10-13 11:15:00+00:00,8734.372609243046
2025-10-13 13:30:00+00:00,8771.34559909161
2025-10-13 14:15:00+00:00,8773.528701078189
2025-10-13 17:45:00+00:00,8810.71136460042
2025-10-13 18:15:00+00:00,8847.783117157129
2025-10-14 01:00:00+00:00,8834.671436870138
2025-10-14 01:45:00+00:00,8836.893841676243
2025-10-14 02:15:00+00:00,8823.75474956113
2025-10-14 03:00:00+00:00,8812.811708566136
2025-10-14 04:30:00+00:00,8799.861042601578
2025-10-14 05:30:00+00:00,8786.800610519966
2025-10-14 06:30:00+00:00,8760.83515887659
2025-10-14 07:00:00+00:00,8747.354800674646
2025-10-14 10:00:00+00:00,8783.857883573204
2025-10-14 10:15:00+00:00,8770.961901306138
2025-10-14 10:30:00+00:00,8758.144393526376
2025-10-14 11:00:00+00:00,8744.773966335433
2025-10-14 13:45:00+00:00,8746.472591149208
2025-10-14 14:15:00+00:00,8733.670041934065
2025-10-14 15:45:00+00:00,8720.467972509938
2025-10-14 18:15:00+00:00,8681.715136553528
2025-10-14 20:30:00+00:00,8683.95587573168
2025-10-14 22:15:00+00:00,8679.053806484595
2025-10-15 09:15:00+00:00,8681.064151222181
2025-10-15 10:30:00+00:00,8668.071937831648
2025-10-15 11:15:00+00:00,8655.146071793633
2025-10-15 12:15:00+00:00,8629.14970424385
2025-10-15 13:30:00+00:00,8616.18444892817
2025-10-15 14:30:00+00:00,8618.136044839139
2025-10-15 16:15:00+00:00,8620.1533548143
2025-10-15 18:45:00+00:00,8606.933063611024
2025-10-15 20:30:00+00:00,8593.986265443775
2025-10-16 00:00:00+00:00,8589.067777122347
2025-10-16 00:15:00+00:00,8591.136864369933
2025-10-16 01:45:00+00:00,8578.19908355066
2025-10-16 02:15:00+00:00,8565.176595880543
2025-10-16 03:00:00+00:00,8564.564080321526
2025-10-16 06:30:00+00:00,8566.602329784382
2025-10-16 09:00:00+00:00,8568.566555364512
2025-10-16 09:30:00+00:00,8605.577599480459
2025-10-16 09:45:00+00:00,8604.199358428683
2025-10-16 14:15:00+00:00,8591.218511890533
2025-10-16 16:45:00+00:00,8578.191926365327
2025-10-16 22:00:00+00:00,8580.419104856579
2025-10-16 23:30:00+00:00,8581.962243064529
2025-10-17 00:30:00+00:00,8568.621017262278
2025-10-17 01:00:00+00:00,8555.782560686705
2025-10-17 06:30:00+00:00,8592.407227906111
2025-10-17 07:00:00+00:00,8629.587853818115
2025-10-17 07:30:00+00:00,8690.842185290592
2025-10-17 07:45:00+00:00,8677.977190630592
2025-10-17 08:00:00+00:00,8665.114801477905
2025-10-17 08:15:00+00:00,8639.39025122763
2025-10-17 10:15:00+00:00,8641.554979127612
2025-10-17 10:30:00+00:00,8643.774630608912
2025-10-17 15:45:00+00:00,8646.010856606279
2025-10-17 16:00:00+00:00,8633.244091840706
2025-10-17 22:30:00+00:00,8634.524695528966
2025-10-18 04:30:00+00:00,8622.657846964237
2025-10-18 07:00:00+00:00,8659.472370918511
2025-10-18 08:45:00+00:00,8661.300724289486
2025-10-18 13:15:00+00:00,8648.238291541247
2025-10-18 14:00:00+00:00,8636.87723636185
2025-10-18 18:00:00+00:00,8673.655078687168
2025-10-18 21:15:00+00:00,8675.484375765018
2025-10-19 00:30:00+00:00,8677.395706718873
2025-10-19 00:45:00+00:00,8668.859892585233
2025-10-19 05:45:00+00:00,8670.245092624262
2025-10-19 06:30:00+00:00,8671.789768995875
2025-10-19 06:45:00+00:00,8644.758507097798
2025-10-19 09:30:00+00:00,8631.482129622142
2025-10-19 11:00:00+00:00,8618.030760975482
2025-10-19 18:00:00+00:00,8619.999112078616
2025-10-19 23:30:00+00:00,8622.145507924504
2025-10-20 00:15:00+00:00,8659.039817796907
2025-10-20 02:00:00+00:00,8649.059233107615
2025-10-20 02:30:00+00:00,8635.976483334243
2025-10-20 03:30:00+00:00,8622.935405748314
2025-10-20 03:45:00+00:00,8583.587571657425
2025-10-20 05:30:00+00:00,8570.62051738756
2025-10-20 06:30:00+00:00,8557.569404677053
2025-10-20 08:15:00+00:00,8559.583818858328
2025-10-20 10:45:00+00:00,8546.463486599263
2025-10-20 12:15:00+00:00,8583.549598310436
2025-10-20 15:00:00+00:00,8585.33978928116
2025-10-20 15:45:00+00:00,8587.066772001903
2025-10-20 16:45:00+00:00,8588.728124984922
2025-10-21 01:00:00+00:00,8590.717844784638
2025-10-21 02:00:00+00:00,8627.56568067
2025-10-21 02:15:00+00:00,8614.30943884347
2025-10-21 03:45:00+00:00,8601.058987189184
2025-10-21 04:00:00+00:00,8637.93486488072
2025-10-21 04:30:00+00:00,8611.595951690937
2025-10-21 08:30:00+00:00,8598.53964043499
2025-10-21 10:45:00+00:00,8622.320988085483
2025-10-21 12:15:00+00:00,8608.771977135842
2025-10-21 14:00:00+00:00,8584.148473580999
2025-10-21 14:45:00+00:00,8572.8532394819
2025-10-21 15:00:00+00:00,8609.897422058986
2025-10-21 16:45:00+00:00,8596.991291786984
2025-10-21 20:15:00+00:00,8573.350987908007
2025-10-21 21:15:00+00:00,8547.571950242684
2025-10-21 23:30:00+00:00,8534.64363946123
2025-10-22 00:30:00+00:00,8521.70688747231
2025-10-22 04:00:00+00:00,8508.67570107129
2025-10-22 05:15:00+00:00,8532.699756288037
2025-10-22 11:00:00+00:00,8569.728963829579
2025-10-22 11:15:00+00:00,8571.633598638386
2025-10-22 13:45:00+00:00,8558.642343906467
2025-10-22 15:00:00+00:00,8545.711009679046
2025-10-23 03:15:00+00:00,8532.807255565596
2025-10-23 06:15:00+00:00,8569.48048176393
2025-10-23 06:45:00+00:00,8605.660814057037
2025-10-23 09:00:00+00:00,8607.397612059736
2025-10-23 11:00:00+00:00,8609.1277284202
2025-10-23 11:45:00+00:00,8595.79345009259
2025-10-23 12:00:00+00:00,8582.432171998204
2025-10-23 13:30:00+00:00,8572.281686920429
2025-10-23 14:15:00+00:00,8574.02575011005
2025-10-23 16:45:00+00:00,8610.39798386507
2025-10-23 17:00:00+00:00,8612.323997213703
2025-10-23 18:15:00+00:00,8614.27039163921
2025-10-23 18:45:00+00:00,8601.207718484608
2025-10-23 20:00:00+00:00,8587.94932263327
2025-10-23 20:45:00+00:00,8576.899210348067
2025-10-24 01:30:00+00:00,8578.679671109554
2025-10-24 04:30:00+00:00,8615.486182097973
2025-10-24 07:45:00+00:00,8602.207148011288
2025-10-24 09:45:00+00:00,8603.96044496501
2025-10-24 11:15:00+00:00,8605.47501837589
2025-10-24 11:30:00+00:00,8591.651518544548
2025-10-24 12:30:00+00:00,8614.75636001832
2025-10-24 13:30:00+00:00,8601.67269014545
2025-10-24 13:45:00+00:00,8590.280054267163
2025-10-24 14:15:00+00:00,8577.220883155263
2025-10-24 18:45:00+00:00,8579.119570912097
2025-10-25 01:15:00+00:00,8617.765606952082
2025-10-25 08:30:00+00:00,8616.374252901041
2025-10-25 09:45:00+00:00,8602.801822560214
2025-10-25 12:15:00+00:00,8604.079950600679
2025-10-25 15:00:00+00:00,8604.448814706633
2025-10-25 18:00:00+00:00,8590.860911530646
2025-10-25 18:30:00+00:00,8627.893551594916
2025-10-26 03:45:00+00:00,8600.599814466996
2025-10-26 08:45:00+00:00,8586.85789864425
2025-10-26 09:15:00+00:00,8622.44540794443
2025-10-26 10:00:00+00:00,8630.751830031008
2025-10-26 10:30:00+00:00,8617.165575560215
2025-10-26 11:30:00+00:00,8640.059892462816
2025-10-26 11:45:00+00:00,8676.656990810769
2025-10-26 14:15:00+00:00,8649.900549520657
2025-10-26 16:15:00+00:00,8651.539873429287
2025-10-26 16:45:00+00:00,8638.098272082016
2025-10-26 17:00:00+00:00,8639.825166956161
2025-10-26 20:15:00+00:00,8626.532683982166
2025-10-26 21:15:00+00:00,8612.670114812345
2025-10-26 22:00:00+00:00,8635.990654292043
2025-10-27 04:00:00+00:00,8659.484237997824
2025-10-27 08:15:00+00:00,8648.312304417514
2025-10-27 08:45:00+00:00,8634.437166702779
2025-10-27 09:00:00+00:00,8621.418086304644
2025-10-27 13:30:00+00:00,8644.434583743721
2025-10-27 14:15:00+00:00,8631.420723354682
2025-10-27 15:00:00+00:00,8633.21522433426
2025-10-27 16:00:00+00:00,8620.181539443225
2025-10-27 18:00:00+00:00,8594.068046457774
2025-10-27 19:30:00+00:00,8596.040919263707
2025-10-28 01:30:00+00:00,8597.957972405085
2025-10-28 04:00:00+00:00,8584.752560674115
2025-10-28 06:30:00+00:00,8586.633914855245
2025-10-28 07:00:00+00:00,8572.644813515639
2025-10-28 09:00:00+00:00,8545.275241220697
2025-10-28 10:15:00+00:00,8532.127248128636
2025-10-28 13:00:00+00:00,8518.801940565138
2025-10-28 13:30:00+00:00,8504.259657202443
2025-10-28 14:45:00+00:00,8614.820808369863
2025-10-28 15:30:00+00:00,8601.69260500714
2025-10-28 16:45:00+00:00,8588.707918970564
2025-10-28 19:15:00+00:00,8575.42394122328
2025-10-28 20:00:00+00:00,8612.464941931123
2025-10-28 20:30:00+00:00,8688.573438008387
2025-10-28 22:15:00+00:00,8690.576646044818
2025-10-28 22:30:00+00:00,8677.730173871287
2025-10-29 02:45:00+00:00,8674.688124214115
2025-10-29 05:00:00+00:00,8667.949882968174
2025-10-29 05:30:00+00:00,8669.704072956889
2025-10-29 08:00:00+00:00,8655.763828537669
2025-10-29 10:15:00+00:00,8642.576849469557
2025-10-29 14:00:00+00:00,8629.168573804232
2025-10-29 17:30:00+00:00,8615.708320230193
2025-10-29 18:30:00+00:00,8617.215271432531
2025-10-29 18:45:00+00:00,8604.311289259467
2025-10-29 21:30:00+00:00,8591.246231435984
2025-10-29 23:30:00+00:00,8580.585219153796
2025-10-30 02:15:00+00:00,8582.646625046884
2025-10-30 04:15:00+00:00,8606.838470187013
2025-10-30 05:30:00+00:00,8667.841119147102
2025-10-30 05:45:00+00:00,8654.963432575561
2025-10-30 07:15:00+00:00,8629.22818612417
2025-10-30 12:15:00+00:00,8666.315615087211
2025-10-30 12:30:00+00:00,8740.40393355683
2025-10-30 13:00:00+00:00,8727.319970056786
2025-10-30 13:45:00+00:00,8729.411615634082
2025-10-30 15:15:00+00:00,8766.471163522678
2025-10-30 18:45:00+00:00,8803.384080583506
2025-10-30 23:30:00+00:00,8805.17851433135
2025-10-31 00:45:00+00:00,8792.258959102337
2025-10-31 04:00:00+00:00,8781.249732816472
2025-10-31 07:30:00+00:00,8759.846899576009
2025-10-31 09:00:00+00:00,8746.5909447785
2025-10-31 11:00:00+00:00,8733.446621068293
2025-10-31 12:30:00+00:00,8720.134153733701
2025-10-31 15:45:00+00:00,8709.024648857094
2025-10-31 16:45:00+00:00,8669.902167908227
2025-10-31 21:00:00+00:00,8671.881968928064
2025-11-01 07:15:00+00:00,8708.895796633195
2025-11-01 13:30:00+00:00,8694.847080906218
2025-11-01 14:00:00+00:00,8668.294772661995
2025-11-01 14:15:00+00:00,8654.086159746746
2025-11-01 17:00:00+00:00,8640.306232741534
2025-11-01 18:00:00+00:00,8642.176045490623
2025-11-02 01:45:00+00:00,8628.804015819442
2025-11-02 04:30:00+00:00,8665.18403353786
2025-11-02 04:45:00+00:00,8651.755078815459
2025-11-02 05:15:00+00:00,8653.196359043788
2025-11-02 08:15:00+00:00,8654.778415772962
2025-11-02 10:15:00+00:00,8656.461468292766
2025-11-02 10:30:00+00:00,8642.151294014828
2025-11-02 11:30:00+00:00,8665.598356894503
2025-11-02 13:15:00+00:00,8666.290041771606
2025-11-02 14:15:00+00:00,8702.818610217953
2025-11-02 16:30:00+00:00,8706.615828330152
2025-11-02 16:45:00+00:00,8708.528585683951
2025-11-02 19:15:00+00:00,8695.520153790962
2025-11-02 20:45:00+00:00,8682.11749396845
2025-11-02 21:00:00+00:00,8683.936302983322
2025-11-03 00:45:00+00:00,8672.631937806107
2025-11-03 01:30:00+00:00,8708.710164203902
2025-11-03 01:45:00+00:00,8697.144493352711
2025-11-03 02:00:00+00:00,8683.970236721862
2025-11-03 02:15:00+00:00,8670.782735645518
2025-11-03 03:00:00+00:00,8707.073730388413
2025-11-03 03:15:00+00:00,8780.500810966392
2025-11-03 10:45:00+00:00,8817.441444175547
2025-11-03 12:00:00+00:00,8819.020578353651
2025-11-03 14:00:00+00:00,8820.9807622704
2025-11-03 15:15:00+00:00,8857.895855222969
2025-11-03 19:45:00+00:00,8897.08063253776
2025-11-03 20:15:00+00:00,8899.274048424306
2025-11-03 20:30:00+00:00,8901.5374992552
2025-11-04 05:45:00+00:00,8888.67948009764
2025-11-04 06:30:00+00:00,8890.749060926619
2025-11-04 07:00:00+00:00,8892.790985333491
2025-11-04 12:30:00+00:00,8896.989107707011
2025-11-04 14:45:00+00:00,8934.151390306191
2025-11-04 16:00:00+00:00,8936.255658708102
2025-11-04 16:45:00+00:00,8923.476412425729
2025-11-04 17:30:00+00:00,8925.67468434128
2025-11-04 18:00:00+00:00,8927.845026809706
2025-11-04 18:30:00+00:00,8917.282912774532
2025-11-04 18:45:00+00:00,8917.892222674463
2025-11-04 19:45:00+00:00,8920.072825385145
2025-11-04 20:00:00+00:00,8907.362378894637
2025-11-04 20:15:00+00:00,8881.824819268018
2025-11-04 21:30:00+00:00,8869.091963859852
2025-11-05 00:30:00+00:00,8845.988628594003
2025-11-05 01:30:00+00:00,8835.625086344433
2025-11-05 13:45:00+00:00,8872.868159141843
2025-11-05 14:45:00+00:00,8874.953660043662
2025-11-05 16:45:00+00:00,8862.033471685727
2025-11-05 17:15:00+00:00,8849.138189885318
2025-11-05 18:15:00+00:00,8836.218875396946
2025-11-05 18:45:00+00:00,8823.262685724629
2025-11-06 00:30:00+00:00,8813.200623878887
2025-11-06 03:15:00+00:00,8815.235092282493
2025-11-06 03:45:00+00:00,8817.17846619351
2025-11-06 05:30:00+00:00,8818.670224771264
2025-11-06 13:15:00+00:00,8820.650319894481
2025-11-06 14:15:00+00:00,8822.547904655628
2025-11-06 14:30:00+00:00,8859.551236675894
2025-11-06 15:30:00+00:00,8846.49544084125
2025-11-06 15:45:00+00:00,8833.358939419433
2025-11-06 16:30:00+00:00,8820.292261408704
2025-11-06 16:45:00+00:00,8822.432746346203
2025-11-06 18:30:00+00:00,8824.467416820396
2025-11-06 23:15:00+00:00,8826.399257367459
2025-11-07 01:15:00+00:00,8813.107913782087
2025-11-07 02:30:00+00:00,8850.180035703115
2025-11-07 02:45:00+00:00,8837.221817560494
2025-11-07 03:00:00+00:00,8874.40066071317
2025-11-07 05:00:00+00:00,8876.507241227335
2025-11-07 07:45:00+00:00,8863.56177854245
2025-11-07 11:00:00+00:00,8900.342115997006
2025-11-07 12:15:00+00:00,8974.176292226106
2025-11-07 12:30:00+00:00,8961.180717327006
2025-11-07 14:00:00+00:00,8948.243417182954
2025-11-07 14:30:00+00:00,8935.46567123618
2025-11-07 14:45:00+00:00,8929.049913791414
2025-11-07 15:00:00+00:00,8957.054164709914
2025-11-07 15:45:00+00:00,8944.29756847268
2025-11-07 16:15:00+00:00,8931.394638449252
2025-11-07 17:15:00+00:00,8905.605641191052
2025-11-07 18:30:00+00:00,8892.673460920616
2025-11-07 22:30:00+00:00,8894.842566342353
2025-11-08 00:00:00+00:00,8896.705145891368
2025-11-08 00:30:00+00:00,8883.646381810382
2025-11-08 01:45:00+00:00,8873.402717158244
2025-11-08 05:45:00+00:00,8875.291656080593
2025-11-08 06:00:00+00:00,8861.928953538141
2025-11-08 07:15:00+00:00,8899.235356988727
2025-11-08 11:30:00+00:00,8901.265851349988
2025-11-08 11:45:00+00:00,8903.198401613421
2025-11-08 22:00:00+00:00,8890.276038011607
2025-11-08 23:45:00+00:00,8892.574445602528
2025-11-09 00:15:00+00:00,8892.73599876129
2025-11-09 01:45:00+00:00,8894.402730285063
2025-11-09 10:45:00+00:00,8881.490433881949
2025-11-09 11:45:00+00:00,8868.596454695624
2025-11-09 12:15:00+00:00,8855.283379658835
2025-11-09 13:30:00+00:00,8855.103628198836
2025-11-09 14:15:00+00:00,8891.758751645631
2025-11-09 15:15:00+00:00,8866.901603265975
2025-11-09 15:45:00+00:00,8853.814483231363
2025-11-09 16:00:00+00:00,8855.2872660297
2025-11-09 16:15:00+00:00,8842.323010302774
2025-11-09 22:00:00+00:00,8844.337538775848
2025-11-09 23:00:00+00:00,8880.888222762818
2025-11-10 01:00:00+00:00,8954.691664385331
2025-11-10 02:00:00+00:00,8941.423563847628
2025-11-10 04:15:00+00:00,8928.419036555826
2025-11-10 05:30:00+00:00,8930.45086157633
2025-11-10 08:30:00+00:00,8932.129898358302
2025-11-10 09:45:00+00:00,8969.146297343183
2025-11-10 11:00:00+00:00,8966.25812552094
2025-11-10 12:00:00+00:00,8968.286585774105
2025-11-10 13:00:00+00:00,8954.893498298443
2025-11-10 14:30:00+00:00,8956.933038512483
2025-11-10 14:45:00+00:00,8995.453611483415
2025-11-10 16:30:00+00:00,8982.522625441617
2025-11-10 16:45:00+00:00,8984.583000422577
2025-11-10 17:15:00+00:00,8986.368340287267
2025-11-10 21:00:00+00:00,8988.459399312722
2025-11-10 21:15:00+00:00,8990.601846150723
2025-11-10 21:30:00+00:00,8992.689654208898
2025-11-11 00:00:00+00:00,8994.693796790669
2025-11-11 01:00:00+00:00,8996.767998518739
2025-11-11 01:15:00+00:00,8983.771333198089
2025-11-11 01:30:00+00:00,8985.926451885136
2025-11-11 02:30:00+00:00,8988.034109341655
2025-11-11 07:30:00+00:00,9025.195181257137
2025-11-11 10:00:00+00:00,9062.312837779986
2025-11-11 11:00:00+00:00,9049.24915051279
2025-11-11 14:45:00+00:00,9051.17221042958
2025-11-11 17:30:00+00:00,9088.33129217482
2025-11-11 21:30:00+00:00,9125.292411043332
2025-11-12 05:30:00+00:00,9159.968479274945
2025-11-12 08:15:00+00:00,9161.883316755853
2025-11-12 08:30:00+00:00,9163.878508116766
2025-11-12 09:00:00+00:00,9137.661411136032
2025-11-12 10:30:00+00:00,9098.012731922847
2025-11-12 11:00:00+00:00,9084.533283006906
2025-11-12 12:00:00+00:00,9071.381778791896
2025-11-12 12:15:00+00:00,9073.347681089692
2025-11-12 13:45:00+00:00,9060.08031927744
2025-11-12 14:30:00+00:00,9061.856677468291
2025-11-12 15:30:00+00:00,9098.616432052962
2025-11-12 22:45:00+00:00,9096.30678685154
2025-11-12 23:45:00+00:00,9097.742973995517
2025-11-13 03:15:00+00:00,9099.370490237718
2025-11-13 07:45:00+00:00,9101.488690861177
2025-11-13 09:00:00+00:00,9088.484457747147
2025-11-13 13:15:00+00:00,9049.479231932592
2025-11-13 14:30:00+00:00,9010.048465547467
2025-11-13 15:15:00+00:00,8998.891171440202
2025-11-13 16:45:00+00:00,8986.054896785083
2025-11-13 17:30:00+00:00,8973.199163521462
2025-11-13 17:45:00+00:00,8960.385417922233
2025-11-13 18:30:00+00:00,8947.54779290613
2025-11-13 22:00:00+00:00,8949.763889008796
2025-11-13 22:15:00+00:00,8936.738816661244
2025-11-13 23:15:00+00:00,8923.90033346299
2025-11-13 23:30:00+00:00,8911.044882325872
2025-11-14 00:00:00+00:00,8913.239147742244
2025-11-14 04:30:00+00:00,9024.519304251187
2025-11-14 08:45:00+00:00,9026.666342843842
2025-11-14 11:30:00+00:00,9013.754809104943
2025-11-14 12:30:00+00:00,9000.82330533741
2025-11-14 12:45:00+00:00,9002.900505330506
2025-11-14 14:30:00+00:00,8990.0739655497
2025-11-14 21:45:00+00:00,8992.28622199529
2025-11-15 00:15:00+00:00,8966.701890600903
2025-11-15 08:45:00+00:00,8953.521948331352
2025-11-15 09:15:00+00:00,8954.128700532538
2025-11-15 16:00:00+00:00,8956.009772513331
2025-11-15 22:15:00+00:00,8959.787782719752
2025-11-16 02:00:00+00:00,8961.495023266554
2025-11-16 02:45:00+00:00,8950.26729182392
2025-11-16 03:15:00+00:00,8936.973295607992
2025-11-16 05:00:00+00:00,8923.948977025851
2025-11-16 09:45:00+00:00,8910.223397545642
2025-11-16 11:00:00+00:00,8921.10179528174
2025-11-16 11:30:00+00:00,8957.728520152683
2025-11-16 12:45:00+00:00,8959.39551430066
2025-11-16 13:45:00+00:00,8996.170436286237
2025-11-16 14:15:00+00:00,8997.876525719135
2025-11-16 16:00:00+00:00,9034.608280588558
2025-11-16 16:15:00+00:00,9071.449858361782
2025-11-16 16:30:00+00:00,9108.359647582958
2025-11-16 17:45:00+00:00,9095.411437684303
2025-11-16 18:00:00+00:00,9082.256373386144
2025-11-16 18:30:00+00:00,9086.31946357698
2025-11-16 22:00:00+00:00,9110.267398667562
2025-11-16 22:45:00+00:00,9097.369683300762
2025-11-16 23:00:00+00:00,9084.50556036274
2025-11-16 23:15:00+00:00,9071.356617334619
2025-11-17 00:15:00+00:00,9058.278506967308
2025-11-17 13:00:00+00:00,9048.39638509782
2025-11-17 13:30:00+00:00,9034.897219876428
2025-11-17 13:45:00+00:00,8997.409841687188
2025-11-17 14:30:00+00:00,8984.242520540745
2025-11-17 15:30:00+00:00,8973.498932241257
2025-11-17 16:30:00+00:00,8975.741848457701
2025-11-17 16:45:00+00:00,8977.8329537816
2025-11-18 08:30:00+00:00,8980.045153770043
2025-11-18 15:15:00+00:00,8982.30079104674
2025-11-18 21:00:00+00:00,8986.671854718066
2025-11-19 00:00:00+00:00,8973.675277939095
2025-11-19 00:15:00+00:00,8975.752858490774
2025-11-19 05:15:00+00:00,8977.734142774027
2025-11-19 07:00:00+00:00,8964.6666806649
2025-11-19 07:45:00+00:00,8940.607849591568
2025-11-19 08:15:00+00:00,8927.604390688919
2025-11-19 14:15:00+00:00,8964.355076616139
2025-11-19 15:00:00+00:00,8990.255993522891
2025-11-19 15:45:00+00:00,9027.019064274924
2025-11-19 17:30:00+00:00,9064.119386716255
2025-11-19 17:45:00+00:00,9066.283805038676
2025-11-19 19:15:00+00:00,9103.431269559082
2025-11-19 20:15:00+00:00,9090.564085880806
2025-11-19 20:45:00+00:00,9077.68177781348
2025-11-19 21:15:00+00:00,9038.85998000806
2025-11-19 23:00:00+00:00,9025.804829597697
2025-11-20 00:15:00+00:00,9000.086163727323
2025-11-20 01:00:00+00:00,8987.166515095461
2025-11-20 06:15:00+00:00,8988.818340589734
2025-11-20 06:30:00+00:00,8990.688705418852
2025-11-20 08:00:00+00:00,9027.600602332963
2025-11-20 09:45:00+00:00,9014.441813097059
2025-11-20 10:00:00+00:00,9001.34985101161
2025-11-20 10:30:00+00:00,8988.261325782014
2025-11-20 11:15:00+00:00,8975.188075214732
2025-11-20 13:00:00+00:00,8974.271270295272
2025-11-20 13:45:00+00:00,8976.009418561694
2025-11-20 15:00:00+00:00,8977.879410173538
2025-11-20 16:00:00+00:00,8964.87852232248
2025-11-21 07:15:00+00:00,9002.10938521693
2025-11-21 07:30:00+00:00,9039.155537418514
2025-11-21 09:45:00+00:00,9026.447939742977
2025-11-21 10:00:00+00:00,9013.71507170896
2025-11-21 23:30:00+00:00,9012.157729402099
2025-11-22 09:30:00+00:00,8999.294543612967
2025-11-22 11:15:00+00:00,9001.342107781391
2025-11-22 14:15:00+00:00,8977.717685666716
2025-11-22 19:15:00+00:00,8979.733919096694
2025-11-22 22:45:00+00:00,8966.550279894767
2025-11-22 23:15:00+00:00,8968.52260576139
2025-11-23 02:30:00+00:00,8955.498132755101
2025-11-23 04:15:00+00:00,8942.139507392028
2025-11-23 06:00:00+00:00,8943.741715943814
2025-11-23 07:00:00+00:00,8930.241688276292
2025-11-23 08:30:00+00:00,8932.216818446379
2025-11-23 10:30:00+00:00,8934.181198520937
2025-11-23 12:15:00+00:00,8935.968995422998
2025-11-23 12:30:00+00:00,8972.52063624119
2025-11-23 14:15:00+00:00,8974.356535949613
2025-11-23 14:45:00+00:00,8975.789071687956
2025-11-23 19:15:00+00:00,8964.641982501375
2025-11-23 19:30:00+00:00,8951.54327499935
2025-11-23 21:45:00+00:00,8938.573079298018
2025-11-24 00:45:00+00:00,8925.482653465833
2025-11-24 01:30:00+00:00,8927.217900640735
2025-11-24 01:45:00+00:00,8915.936449313947
2025-11-24 04:15:00+00:00,8902.818778654946
2025-11-24 05:00:00+00:00,8865.92286022904
2025-11-24 06:00:00+00:00,8853.020808027757
2025-11-24 06:45:00+00:00,8826.97417186357
2025-11-24 09:00:00+00:00,8813.895120350518
2025-11-24 09:15:00+00:00,8800.70866979499
2025-11-24 14:30:00+00:00,8791.671079741653
2025-11-24 17:15:00+00:00,8828.774424628964
2025-11-24 20:00:00+00:00,8902.942046510536
2025-11-25 00:30:00+00:00,8905.07176285796
2025-11-25 01:45:00+00:00,8907.142414702528
2025-11-25 13:45:00+00:00,8930.943581622318
2025-11-25 14:30:00+00:00,8932.887301785386
2025-11-25 15:30:00+00:00,8921.948018885076
2025-11-25 16:15:00+00:00,8923.830883408697
2025-11-25 19:45:00+00:00,8912.918168862327
2025-11-25 20:15:00+00:00,8899.718866995318
2025-11-25 20:30:00+00:00,8886.77286706721
2025-11-25 23:00:00+00:00,8888.568134064508
2025-11-26 00:15:00+00:00,8877.140729019062
2025-11-26 03:30:00+00:00,8864.12971635069
2025-11-26 15:00:00+00:00,8865.888007468799
2025-11-26 20:45:00+00:00,8867.959856507863
2025-11-26 22:00:00+00:00,8904.738996680013
2025-11-27 00:15:00+00:00,8906.312612025664
2025-11-27 03:30:00+00:00,8902.211858910814
2025-11-27 05:30:00+00:00,8903.781313675465
2025-11-27 09:30:00+00:00,8890.314981297908
2025-11-27 15:15:00+00:00,8876.851627455653
2025-11-27 15:45:00+00:00,8878.417429502588
2025-11-27 16:15:00+00:00,8851.799951231676
2025-11-27 18:15:00+00:00,8838.417720766052
2025-11-27 18:30:00+00:00,8840.250312564576
2025-11-28 01:00:00+00:00,8876.976264288485
2025-11-28 08:15:00+00:00,8868.109637738875
2025-11-28 08:45:00+00:00,8869.685875374147
2025-11-28 09:00:00+00:00,8906.27958892018
2025-11-28 09:45:00+00:00,8893.214950435507
2025-11-28 11:00:00+00:00,8894.91469084756
2025-11-28 13:45:00+00:00,8918.495839894358
2025-11-28 14:30:00+00:00,8920.28520720759
2025-11-28 15:15:00+00:00,8921.847437940294
2025-11-28 16:15:00+00:00,8925.652360580161
2025-11-29 08:00:00+00:00,8962.502539522251
2025-11-29 10:15:00+00:00,8948.969036589318
2025-11-29 14:00:00+00:00,8950.202056951484
2025-11-29 16:15:00+00:00,8951.310192864245
2025-11-29 18:30:00+00:00,8988.33850934061
2025-11-29 22:15:00+00:00,8991.750797058283
2025-11-30 03:30:00+00:00,8993.241338390108
2025-11-30 05:15:00+00:00,8979.695930935983
2025-11-30 08:15:00+00:00,8981.51631151864
2025-11-30 09:00:00+00:00,8967.077303507103
2025-11-30 12:15:00+00:00,8967.990948925852
2025-11-30 12:45:00+00:00,8954.375953519262
2025-11-30 13:15:00+00:00,8990.740065254748
2025-11-30 14:30:00+00:00,8977.150224337305
2025-11-30 15:00:00+00:00,8963.82993460648
2025-11-30 17:00:00+00:00,8965.629596690309
2025-11-30 18:00:00+00:00,8967.05595028787
2025-11-30 20:30:00+00:00,8953.530166605924
2025-11-30 21:15:00+00:00,8939.982163324787
2025-11-30 22:00:00+00:00,8926.666752351828
2025-11-30 23:00:00+00:00,8913.52806738456
2025-11-30 23:15:00+00:00,8950.073398235994
2025-11-30 23:45:00+00:00,8936.88537234714
2025-12-01 00:00:00+00:00,9084.320511620408
2025-12-01 00:15:00+00:00,9071.350544754972
2025-12-01 02:30:00+00:00,9108.036983219525
2025-12-01 05:30:00+00:00,9145.1304388718
2025-12-01 12:45:00+00:00,9181.695231053174
2025-12-01 13:15:00+00:00,9167.257762762702
2025-12-01 15:00:00+00:00,9204.334350207635
2025-12-01 15:30:00+00:00,9243.526064862719
2025-12-01 16:00:00+00:00,9219.553535826939
2025-12-01 16:45:00+00:00,9206.607183812539
2025-12-02 01:00:00+00:00,9243.718300090544
2025-12-02 10:45:00+00:00,9232.686409218211
2025-12-02 12:15:00+00:00,9269.748786034426
2025-12-02 13:15:00+00:00,9271.63730266477
2025-12-02 14:45:00+00:00,9345.526529563576
2025-12-02 15:00:00+00:00,9392.774417197386
2025-12-02 15:30:00+00:00,9429.781096576335
2025-12-02 15:45:00+00:00,9466.825033617199
2025-12-02 16:15:00+00:00,9468.700362623975
2025-12-03 00:15:00+00:00,9457.86855565726
2025-12-03 01:45:00+00:00,9446.109636443865
2025-12-03 04:15:00+00:00,9483.123190782895
2025-12-03 05:00:00+00:00,9470.08617432417
2025-12-03 06:00:00+00:00,9456.82071282889
2025-12-03 06:15:00+00:00,9443.776672724156
2025-12-03 13:30:00+00:00,9445.646313474897
2025-12-03 14:00:00+00:00,9432.634977199235
2025-12-03 16:30:00+00:00,9493.403403124992
2025-12-03 17:45:00+00:00,9480.431880057991
2025-12-03 23:00:00+00:00,9469.409954389526
2025-12-04 00:00:00+00:00,9506.290789865625
2025-12-04 05:15:00+00:00,9493.161190957782
2025-12-04 07:00:00+00:00,9494.986816437367
2025-12-04 09:45:00+00:00,9497.112448216272
2025-12-04 13:00:00+00:00,9483.951200726939
2025-12-04 14:45:00+00:00,9470.373086284846
2025-12-04 17:30:00+00:00,9481.015927713563
2025-12-05 06:30:00+00:00,9482.429539890647
2025-12-05 07:00:00+00:00,9484.220318026873
2025-12-05 07:15:00+00:00,9485.476654664955
2025-12-05 10:30:00+00:00,9471.880328031779
2025-12-05 11:00:00+00:00,9458.161095100988
2025-12-05 13:45:00+00:00,9494.458814704016
2025-12-05 14:45:00+00:00,9495.97355938488
2025-12-05 15:00:00+00:00,9497.363799286697
2025-12-05 15:45:00+00:00,9501.165343978406
2025-12-05 16:15:00+00:00,9537.938780669243
2025-12-05 16:30:00+00:00,9574.928759908873
2025-12-05 17:45:00+00:00,9586.021453889782
2025-12-05 18:00:00+00:00,9588.117512032773
2025-12-05 19:45:00+00:00,9590.298933099395
2025-12-06 00:30:00+00:00,9588.312111931022
2025-12-06 00:45:00+00:00,9590.260507283387
2025-12-06 06:30:00+00:00,9590.766400913713
2025-12-06 14:30:00+00:00,9577.527027861044
2025-12-06 19:00:00+00:00,9579.2947200838
2025-12-06 23:00:00+00:00,9615.238576129595
2025-12-07 02:45:00+00:00,9616.723100986845
2025-12-07 03:45:00+00:00,9602.552787056948
2025-12-07 04:30:00+00:00,9604.205658469647
2025-12-07 08:00:00+00:00,9590.902687308968
2025-12-07 09:45:00+00:00,9577.643606189646
2025-12-07 12:45:00+00:00,9579.016550819893
2025-12-07 14:15:00+00:00,9552.345708321358
2025-12-07 14:30:00+00:00,9525.306923058022
2025-12-07 15:00:00+00:00,9512.223271929857
2025-12-07 15:45:00+00:00,9548.742772467536
2025-12-07 17:15:00+00:00,9559.51900330327
2025-12-07 18:00:00+00:00,9583.542389650313
2025-12-07 18:15:00+00:00,9570.341880264672
2025-12-07 20:00:00+00:00,9557.330189162478
2025-12-07 22:00:00+00:00,9594.347319357235
2025-12-07 22:45:00+00:00,9655.675532838712
2025-12-08 01:00:00+00:00,9642.51233861873
2025-12-08 01:15:00+00:00,9629.585362040614
2025-12-08 04:30:00+00:00,9603.698257339935
2025-12-08 07:15:00+00:00,9590.644406353613
2025-12-08 07:30:00+00:00,9577.473523569093
2025-12-08 08:00:00+00:00,9570.80151510154
2025-12-08 12:00:00+00:00,9557.552027353959
2025-12-08 13:15:00+00:00,9543.6424592619
2025-12-08 14:15:00+00:00,9529.894576153407
2025-12-08 14:30:00+00:00,9516.742108434213
2025-12-08 14:45:00+00:00,9517.89671013203
2025-12-08 15:15:00+00:00,9504.904922990214
2025-12-08 15:30:00+00:00,9491.582580043236
2025-12-08 16:00:00+00:00,9478.50535662312
2025-12-08 21:00:00+00:00,9465.349456654232
2025-12-08 22:30:00+00:00,9467.009199440507
2025-12-09 01:15:00+00:00,9454.032412486113
2025-12-09 05:00:00+00:00,9455.773467846571
2025-12-09 09:30:00+00:00,9457.62545265688
2025-12-09 12:15:00+00:00,9444.396769500076
2025-12-09 13:15:00+00:00,9417.427491359495
2025-12-09 15:00:00+00:00,9404.088466640884
2025-12-09 15:45:00+00:00,9441.00056453161
2025-12-09 16:15:00+00:00,9515.189932923837
2025-12-09 16:30:00+00:00,9551.946201529787
2025-12-09 17:00:00+00:00,9589.047477971444
2025-12-09 20:15:00+00:00,9575.940228818994
2025-12-09 21:45:00+00:00,9549.883653772038
2025-12-10 04:15:00+00:00,9539.172689856885
2025-12-10 10:30:00+00:00,9575.331007257379
2025-12-10 13:15:00+00:00,9562.019552285808
2025-12-10 15:00:00+00:00,9563.73198856875
2025-12-10 16:15:00+00:00,9550.349229963385
2025-12-10 17:15:00+00:00,9523.81129992077
2025-12-10 18:30:00+00:00,9510.262786842264
2025-12-10 19:00:00+00:00,9444.50568977588
2025-12-10 19:30:00+00:00,9418.543305109324
2025-12-10 20:00:00+00:00,9405.532450014583
2025-12-11 00:15:00+00:00,9416.884413648331
2025-12-11 08:30:00+00:00,9454.06992281236
2025-12-11 14:30:00+00:00,9491.266249306502
2025-12-11 19:30:00+00:00,9528.305488100126
2025-12-11 20:45:00+00:00,9565.161686088284
2025-12-11 21:15:00+00:00,9567.301650148513
2025-12-11 22:15:00+00:00,9554.271642092996
2025-12-12 00:45:00+00:00,9541.211588080247
2025-12-12 03:00:00+00:00,9545.414661861325
2025-12-12 05:15:00+00:00,9547.369411730226
2025-12-12 09:45:00+00:00,9534.302039103128
2025-12-12 10:45:00+00:00,9534.617895274827
2025-12-12 14:30:00+00:00,9536.45331877587
2025-12-12 17:00:00+00:00,9523.642782018183
2025-12-12 23:15:00+00:00,9516.888795544955
2025-12-13 01:00:00+00:00,9513.723000553318
2025-12-13 03:30:00+00:00,9500.575243072955
2025-12-13 06:00:00+00:00,9487.225230317112
2025-12-13 08:15:00+00:00,9489.238848405415
2025-12-13 09:45:00+00:00,9490.659288867231
2025-12-13 12:45:00+00:00,9476.820337490444
2025-12-13 13:15:00+00:00,9478.322879170442
2025-12-13 14:15:00+00:00,9464.048831970838
2025-12-13 15:00:00+00:00,9486.481229842466
2025-12-13 16:30:00+00:00,9472.708257749293
2025-12-13 17:00:00+00:00,9474.341022014332
2025-12-13 18:45:00+00:00,9460.829391428857
2025-12-13 21:00:00+00:00,9447.499209872281
2025-12-13 21:30:00+00:00,9449.016654127496
2025-12-14 05:00:00+00:00,9450.30933310121
2025-12-14 09:00:00+00:00,9486.68708354954
2025-12-14 10:00:00+00:00,9523.195815536514
2025-12-14 10:15:00+00:00,9509.628565648904
2025-12-14 11:00:00+00:00,9496.188559505255
2025-12-14 11:15:00+00:00,9482.159972563702
2025-12-14 11:45:00+00:00,9468.552179510569
2025-12-14 12:15:00+00:00,9470.098222952229
2025-12-14 13:15:00+00:00,9457.018297826107
2025-12-14 15:00:00+00:00,9443.72124431332
2025-12-14 16:15:00+00:00,9445.475512111478
2025-12-14 17:00:00+00:00,9433.518261562243
2025-12-14 19:00:00+00:00,9420.398438646624
2025-12-14 21:45:00+00:00,9407.268194970062
2025-12-14 22:30:00+00:00,9381.048671997709
2025-12-14 23:30:00+00:00,9382.496055813754
2025-12-15 00:30:00+00:00,9355.902633342297
2025-12-15 01:30:00+00:00,9342.550302577303
2025-12-15 02:15:00+00:00,9316.003161955037
2025-12-15 09:00:00+00:00,9294.726815944961
2025-12-15 09:15:00+00:00,9294.271265125375
2025-12-15 12:00:00+00:00,9280.898812769938
2025-12-15 13:00:00+00:00,9282.4617071723
2025-12-15 14:30:00+00:00,9268.271058848672
2025-12-15 14:45:00+00:00,9243.820272468607
2025-12-15 15:15:00+00:00,9280.473420559822
2025-12-15 17:45:00+00:00,9317.539221541288
2025-12-15 19:00:00+00:00,9304.420220380895
2025-12-15 23:00:00+00:00,9293.702826776049
2025-12-16 00:15:00+00:00,9282.704295299023
2025-12-16 04:00:00+00:00,9284.67838331442
2025-12-16 06:00:00+00:00,9286.532784615389
2025-12-16 13:30:00+00:00,9273.426232839876
2025-12-16 14:00:00+00:00,9260.103531938534
2025-12-16 14:45:00+00:00,9248.951058285893
2025-12-16 15:15:00+00:00,9250.71442136858
2025-12-16 16:00:00+00:00,9254.80828888355
2025-12-16 17:15:00+00:00,9256.656796795802
2025-12-16 23:15:00+00:00,9257.522606056438
2025-12-16 23:30:00+00:00,9252.497148076947
2025-12-17 02:15:00+00:00,9252.844387174413
2025-12-17 04:15:00+00:00,9239.733254958513
2025-12-17 08:15:00+00:00,9226.138888386755
2025-12-17 09:45:00+00:00,9212.519884744512
2025-12-17 14:15:00+00:00,9249.173335802658
2025-12-17 14:30:00+00:00,9250.886540691514
2025-12-17 14:45:00+00:00,9239.16908037366
2025-12-17 15:15:00+00:00,9213.098004211746
2025-12-17 15:30:00+00:00,9186.967941169458
2025-12-17 15:45:00+00:00,9185.364689395752
2025-12-17 16:15:00+00:00,9146.872288746841
2025-12-17 16:30:00+00:00,9133.942103071746
2025-12-17 17:15:00+00:00,9136.09767683429
2025-12-17 17:30:00+00:00,9123.233690811141
2025-12-17 19:00:00+00:00,9110.442728447682
2025-12-17 23:00:00+00:00,9110.884723589921
2025-12-18 01:00:00+00:00,9112.447141053537
2025-12-18 01:30:00+00:00,9109.80652633058
2025-12-18 09:45:00+00:00,9096.554850719856
2025-12-18 12:30:00+00:00,9069.988296850388
2025-12-18 13:00:00+00:00,9056.760300951415
2025-12-18 13:30:00+00:00,9043.59124567134
2025-12-18 14:00:00+00:00,9054.041605017497
2025-12-18 14:30:00+00:00,9027.877148077236
2025-12-18 14:45:00+00:00,9021.0150463394
2025-12-18 15:45:00+00:00,9017.247509797258
2025-12-18 16:15:00+00:00,9019.336013995831
2025-12-18 17:00:00+00:00,9006.478162623
2025-12-19 00:30:00+00:00,8997.83999371834
2025-12-19 02:00:00+00:00,8984.87639135543
2025-12-19 02:30:00+00:00,8986.116672430586
2025-12-19 03:15:00+00:00,9023.118969646988
2025-12-19 14:15:00+00:00,9046.586012630949
2025-12-19 14:45:00+00:00,9019.978531642339
2025-12-19 15:15:00+00:00,9067.57651585207
2025-12-19 16:45:00+00:00,9069.6407948862
2025-12-19 17:30:00+00:00,9071.348532172124
2025-12-19 20:45:00+00:00,9110.06922948656
2025-12-20 04:45:00+00:00,9112.213564774253
2025-12-20 15:45:00+00:00,9113.040739365779
2025-12-20 20:30:00+00:00,9112.251693313914
2025-12-20 22:00:00+00:00,9098.379817033829
2025-12-20 22:45:00+00:00,9084.551424126907
2025-12-21 00:00:00+00:00,9084.640353209426
2025-12-21 00:15:00+00:00,9070.84091583141
2025-12-21 01:30:00+00:00,9072.953885257793
2025-12-21 02:00:00+00:00,9058.203286052723
2025-12-21 03:15:00+00:00,9045.113566571077
2025-12-21 08:30:00+00:00,9046.024653648567
2025-12-21 09:00:00+00:00,9051.811800676547
2025-12-21 09:15:00+00:00,9009.450005415893
2025-12-21 09:30:00+00:00,8994.842047708527
2025-12-21 09:45:00+00:00,9031.349787561103
2025-12-21 12:15:00+00:00,9033.271679481148
2025-12-21 13:00:00+00:00,9069.743619003702
2025-12-21 13:30:00+00:00,9142.910878094577
2025-12-21 14:00:00+00:00,9131.198637509668
2025-12-21 15:45:00+00:00,9104.445521876522
2025-12-21 16:15:00+00:00,9091.416440677069
2025-12-21 17:00:00+00:00,9077.632646985581
2025-12-21 21:45:00+00:00,9066.264030004639
2025-12-21 23:00:00+00:00,9052.426244999697
2025-12-21 23:30:00+00:00,9025.965514670086
2025-12-22 00:00:00+00:00,9012.401063159836
2025-12-22 01:45:00+00:00,9014.309360173256
2025-12-22 03:30:00+00:00,9001.281425067493
2025-12-22 05:00:00+00:00,9003.013645218418
2025-12-22 08:15:00+00:00,8989.458054202183
2025-12-22 09:45:00+00:00,8977.796176964166
2025-12-22 10:15:00+00:00,8964.64297627964
2025-12-22 11:45:00+00:00,8951.427692086301
2025-12-22 13:30:00+00:00,8952.802712357292
2025-12-22 14:30:00+00:00,8939.209004173881
2025-12-22 15:00:00+00:00,8925.786261098177
2025-12-22 15:15:00+00:00,8927.61212844362
2025-12-22 19:00:00+00:00,8916.227532808285
2025-12-22 19:15:00+00:00,8890.324417028902
2025-12-22 22:45:00+00:00,8877.212510376616
2025-12-23 00:30:00+00:00,8851.055037543683
2025-12-23 03:00:00+00:00,8876.580944089097
2025-12-23 06:00:00+00:00,8912.98093843575
2025-12-23 08:00:00+00:00,8914.743836634792
2025-12-23 13:30:00+00:00,8951.468324851885
2025-12-23 14:30:00+00:00,9025.11375601056
2025-12-23 15:15:00+00:00,9027.009113911086
2025-12-23 16:30:00+00:00,9013.841493370395
2025-12-24 01:00:00+00:00,9000.584507198586
2025-12-24 02:00:00+00:00,8987.336439122624
2025-12-24 03:00:00+00:00,9023.991216402424
2025-12-24 05:30:00+00:00,9010.896115335654
2025-12-24 06:00:00+00:00,8997.637178651199
2025-12-24 07:30:00+00:00,8999.22457415234
2025-12-24 11:00:00+00:00,8985.455905947807
2025-12-24 12:00:00+00:00,8986.232195857217
2025-12-24 14:30:00+00:00,9022.07973783382
2025-12-24 14:45:00+00:00,9023.658177177222
2025-12-24 15:30:00+00:00,9010.478964068849
2025-12-24 22:15:00+00:00,8993.786673556204
2025-12-25 00:45:00+00:00,8995.11330226838
2025-12-25 03:30:00+00:00,8980.815805380082
2025-12-25 07:45:00+00:00,8967.215114433095
2025-12-25 08:15:00+00:00,8968.413690308786
2025-12-25 10:30:00+00:00,8956.434727086242
2025-12-25 13:30:00+00:00,8941.890627034423
2025-12-25 14:15:00+00:00,8930.125074038553
2025-12-25 15:15:00+00:00,8915.780390811136
2025-12-25 15:30:00+00:00,8938.82464542914
2025-12-25 15:45:00+00:00,8974.986568958644
2025-12-25 16:45:00+00:00,8960.973301426615
2025-12-25 17:15:00+00:00,8935.39822142365
2025-12-25 20:15:00+00:00,8921.547507778461
2025-12-25 21:30:00+00:00,8922.473928131192
2025-12-25 22:45:00+00:00,8909.278050536628
2025-12-25 23:30:00+00:00,8945.976828355566
2025-12-26 01:00:00+00:00,8947.597365162475
2025-12-26 01:15:00+00:00,8934.185593355718
2025-12-26 02:00:00+00:00,8920.769278962016
2025-12-26 02:15:00+00:00,8895.790667764917
2025-12-26 03:30:00+00:00,8882.385932604904
2025-12-26 07:30:00+00:00,8883.89427882163
2025-12-26 08:45:00+00:00,8850.372684898373
2025-12-26 13:00:00+00:00,8852.01505948045
2025-12-26 14:30:00+00:00,8838.631177672301
2025-12-26 14:45:00+00:00,8830.947652605579
2025-12-26 15:30:00+00:00,8790.800073504113
2025-12-26 16:00:00+00:00,8777.494072407122
2025-12-26 18:30:00+00:00,8779.37799412533
2025-12-26 19:45:00+00:00,8765.94380178353
2025-12-26 22:15:00+00:00,8763.519044459556
2025-12-27 09:15:00+00:00,8749.021208556585
2025-12-27 12:30:00+00:00,8749.769321518657
2025-12-27 13:15:00+00:00,8735.553746275795
2025-12-27 16:15:00+00:00,8720.46222020137
2025-12-27 18:30:00+00:00,8721.464074958982
2025-12-27 22:15:00+00:00,8754.194815608174
2025-12-27 22:45:00+00:00,8741.172154720258
2025-12-27 23:30:00+00:00,8737.193692639761
2025-12-28 04:30:00+00:00,8723.224247618333
2025-12-28 09:30:00+00:00,8697.111958949965
2025-12-28 11:00:00+00:00,8732.099790402786
2025-12-28 14:45:00+00:00,8731.216829690118
2025-12-28 15:45:00+00:00,8767.097149883813
2025-12-28 16:30:00+00:00,8769.0071024838
2025-12-28 18:00:00+00:00,8753.567328972764
2025-12-28 18:15:00+00:00,8739.680748424797
2025-12-28 18:45:00+00:00,8724.380871726424
2025-12-28 20:00:00+00:00,8733.515428019344
2025-12-28 21:00:00+00:00,8706.21467185435
2025-12-28 21:15:00+00:00,8692.402610982388
2025-12-28 22:45:00+00:00,8678.567122629813
2025-12-28 23:45:00+00:00,8664.69694670752
2025-12-29 00:15:00+00:00,8700.990337229687
2025-12-29 00:30:00+00:00,8675.542622130752
2025-12-29 01:15:00+00:00,8661.857168096498
2025-12-29 01:30:00+00:00,8698.6484124421
2025-12-29 02:15:00+00:00,8707.833419392511
2025-12-29 03:30:00+00:00,8744.355048051937
2025-12-29 06:00:00+00:00,8731.34521687766
2025-12-29 07:00:00+00:00,8706.631668197464
2025-12-29 09:30:00+00:00,8679.581191819665
2025-12-29 12:15:00+00:00,8667.833007764157
2025-12-29 12:30:00+00:00,8669.115562940946
2025-12-29 14:30:00+00:00,8656.105104796872
2025-12-29 19:00:00+00:00,8653.693800788078
2025-12-30 01:45:00+00:00,8655.620727214304
2025-12-30 03:45:00+00:00,8657.479464490541
2025-12-30 06:45:00+00:00,8644.286146045582
2025-12-30 14:00:00+00:00,8630.888243919147
2025-12-30 14:45:00+00:00,8618.316880074226
2025-12-30 15:00:00+00:00,8655.818322786301
2025-12-30 16:45:00+00:00,8617.334079513374
2025-12-30 17:45:00+00:00,8603.960220225179
2025-12-30 21:45:00+00:00,8601.945861099284
2025-12-31 00:30:00+00:00,8603.37134327182
2025-12-31 01:15:00+00:00,8605.269215856362
2025-12-31 07:30:00+00:00,8591.43935271835
2025-12-31 08:15:00+00:00,8592.00328786063
2025-12-31 08:30:00+00:00,8578.554708647107
2025-12-31 10:30:00+00:00,8579.128070960207
2025-12-31 14:00:00+00:00,8602.950144847393
2025-12-31 14:30:00+00:00,8589.285706034978
2025-12-31 15:15:00+00:00,8548.438133440402
2025-12-31 16:15:00+00:00,8549.964866458526
2025-12-31 16:30:00+00:00,8573.016844455122
2025-12-31 20:00:00+00:00,8609.421993431197
2025-12-31 20:45:00+00:00,8596.016853346866
2025-12-31 22:00:00+00:00,8582.78995256025
2025-12-31 23:00:00+00:00,8579.015702436145
2026-01-01 02:15:00+00:00,8564.97906003644
2026-01-01 05:00:00+00:00,8566.411079347492
2026-01-01 05:15:00+00:00,8568.21165882892
2026-01-01 12:00:00+00:00,8604.289256596474
2026-01-01 13:00:00+00:00,8605.070236072528
2026-01-01 14:00:00+00:00,8641.747279157338
2026-01-01 15:15:00+00:00,8715.264875014953
2026-01-01 15:45:00+00:00,8751.873808258935
2026-01-01 17:30:00+00:00,8788.897928248536
2026-01-01 19:30:00+00:00,8825.705256239948
2026-01-01 20:00:00+00:00,8862.76068049672
2026-01-01 23:30:00+00:00,8898.948289359276
2026-01-02 02:00:00+00:00,8884.435716206453
2026-01-02 03:30:00+00:00,8920.24884835496
2026-01-02 04:15:00+00:00,8958.287327934122
2026-01-02 04:30:00+00:00,8960.378908124605
2026-01-02 05:15:00+00:00,8946.969632423456
2026-01-02 07:45:00+00:00,8948.214614078412
2026-01-02 09:00:00+00:00,8984.683965747228
2026-01-02 09:45:00+00:00,9020.249335956381
2026-01-02 11:15:00+00:00,9021.58920059725
2026-01-02 11:30:00+00:00,9023.4020824987
2026-01-02 14:00:00+00:00,9024.317366860132
2026-01-02 14:15:00+00:00,9010.848463031716
2026-01-02 14:30:00+00:00,9047.749673171016
2026-01-02 15:15:00+00:00,9034.167217346474
2026-01-02 15:30:00+00:00,9036.162045516028
2026-01-02 16:15:00+00:00,9023.198919763106
2026-01-02 17:00:00+00:00,9010.243831496471
2026-01-02 18:45:00+00:00,9011.916562125254
2026-01-02 20:00:00+00:00,9049.0886586674
2026-01-02 21:30:00+00:00,9036.127935312212
2026-01-02 22:30:00+00:00,9073.211925969175
2026-01-03 00:15:00+00:00,9110.358320469712
2026-01-03 07:15:00+00:00,9147.112090679228
2026-01-03 14:30:00+00:00,9133.969505659976
2026-01-03 15:00:00+00:00,9135.97726598579
2026-01-03 15:45:00+00:00,9121.507539982898
2026-01-03 17:00:00+00:00,9116.630174749554
2026-01-03 21:30:00+00:00,9103.410903362217
2026-01-03 23:15:00+00:00,9090.02309637308
2026-01-04 00:00:00+00:00,9076.314932080562
2026-01-04 00:30:00+00:00,9049.762813787012
2026-01-04 03:00:00+00:00,9038.521499493178
2026-01-04 03:30:00+00:00,9025.519051986157
2026-01-04 04:15:00+00:00,9012.563772456017
2026-01-04 06:45:00+00:00,8999.071379686051
2026-01-04 12:45:00+00:00,8999.181328986879
2026-01-04 14:15:00+00:00,9000.812792370543
2026-01-04 17:15:00+00:00,9002.690348724118
2026-01-04 18:00:00+00:00,9003.900665847672
2026-01-04 19:00:00+00:00,8990.235252083094
2026-01-04 21:00:00+00:00,9013.979474842865
2026-01-04 22:15:00+00:00,9000.960314086507
2026-01-04 22:30:00+00:00,9002.747324292048
2026-01-04 23:00:00+00:00,9004.641304670156
2026-01-05 00:00:00+00:00,8991.353273212002
2026-01-05 00:45:00+00:00,8978.31574051558
2026-01-05 01:00:00+00:00,8965.30201501387
2026-01-05 01:30:00+00:00,8952.109401768692
2026-01-05 04:00:00+00:00,8954.115481072315
2026-01-05 07:00:00+00:00,8955.814991550957
2026-01-05 08:15:00+00:00,8942.710307096919
2026-01-05 09:45:00+00:00,8981.804107036614
2026-01-05 11:00:00+00:00,8968.77320271497
2026-01-05 11:45:00+00:00,8970.72134856774
2026-01-05 12:15:00+00:00,8957.554694388293
2026-01-05 12:30:00+00:00,8943.472072918012
2026-01-05 13:30:00+00:00,8929.419103888667
2026-01-05 14:30:00+00:00,8916.19759186747
2026-01-05 15:15:00+00:00,8953.14664092626
2026-01-05 15:30:00+00:00,8940.06378669635
2026-01-05 16:30:00+00:00,8927.109943846206
2026-01-05 17:15:00+00:00,8928.527098801964
2026-01-05 18:30:00+00:00,8965.460038572839
2026-01-05 20:00:00+00:00,9002.542404849964
2026-01-05 20:15:00+00:00,9039.581062826439
2026-01-05 21:15:00+00:00,9041.145028196595
2026-01-06 00:15:00+00:00,9045.387226587512
2026-01-06 00:30:00+00:00,9032.220123802847
2026-01-06 07:15:00+00:00,9034.36713078073
2026-01-06 13:15:00+00:00,9036.451849792591
2026-01-06 14:00:00+00:00,9038.482957223248
2026-01-06 14:45:00+00:00,9025.137326741024
2026-01-06 15:00:00+00:00,9027.149539647513
2026-01-06 15:30:00+00:00,9029.21160951009
2026-01-06 16:00:00+00:00,9053.118059631382
2026-01-06 16:15:00+00:00,9040.12630858321
2026-01-06 16:30:00+00:00,9077.17781838947
2026-01-06 17:45:00+00:00,9064.230742953576
2026-01-06 20:00:00+00:00,9065.867762952126
2026-01-06 20:30:00+00:00,9052.853080242048
2026-01-06 21:15:00+00:00,9000.430216850742
2026-01-07 00:15:00+00:00,8987.53397802003
2026-01-07 09:00:00+00:00,8973.726844576313
2026-01-07 09:30:00+00:00,8962.652288126768
2026-01-07 09:45:00+00:00,8948.971460849561
2026-01-07 10:30:00+00:00,8922.54427023049
2026-01-07 11:00:00+00:00,8909.32282768905
2026-01-07 11:15:00+00:00,8895.411829015959
2026-01-07 14:00:00+00:00,8932.392464089928
2026-01-07 14:30:00+00:00,8968.954514728784
2026-01-07 14:45:00+00:00,8956.804616130352
2026-01-07 16:15:00+00:00,8943.334460689732
2026-01-07 18:30:00+00:00,8945.163825522264
2026-01-07 22:30:00+00:00,8933.59574284379
2026-01-07 23:15:00+00:00,8935.482888953193
2026-01-08 01:15:00+00:00,8922.404090867894
2026-01-08 02:15:00+00:00,8924.323183494058
2026-01-08 03:30:00+00:00,8911.276225285124
2026-01-08 04:15:00+00:00,8913.246399801146
2026-01-08 06:00:00+00:00,8950.182099623053
2026-01-08 07:15:00+00:00,8953.724145493003
2026-01-08 07:30:00+00:00,8942.694611012788
2026-01-08 14:00:00+00:00,8937.660433209176
2026-01-08 15:15:00+00:00,8939.643082940815
2026-01-08 15:30:00+00:00,8926.552632511437
2026-01-08 16:00:00+00:00,8915.59946570619
2026-01-08 17:45:00+00:00,8889.618707523972
2026-01-08 20:00:00+00:00,8876.58523290546
2026-01-08 21:30:00+00:00,8880.653166765404
2026-01-08 22:00:00+00:00,8867.648675609282
2026-01-09 01:15:00+00:00,8854.587153661687
2026-01-09 01:30:00+00:00,8841.448643062258
2026-01-09 02:00:00+00:00,8828.490235084317
2026-01-09 05:15:00+00:00,8815.399024495046
2026-01-09 09:00:00+00:00,8801.944808206723
2026-01-09 13:45:00+00:00,8803.649786996357
2026-01-09 14:00:00+00:00,8805.23877062377
2026-01-09 14:30:00+00:00,8778.730090601855
2026-01-09 15:15:00+00:00,8801.568512379563
2026-01-09 18:15:00+00:00,8825.31450785558
2026-01-10 01:15:00+00:00,8813.44437644498
2026-01-10 01:45:00+00:00,8815.196430643879
2026-01-10 05:30:00+00:00,8851.77521362056
2026-01-10 08:15:00+00:00,8837.910939548385
2026-01-10 12:00:00+00:00,8874.346535346825
2026-01-10 14:30:00+00:00,8860.683195837426
2026-01-10 17:15:00+00:00,8846.692514776445
2026-01-10 17:45:00+00:00,8847.983724134085
2026-01-10 20:45:00+00:00,8834.005850242958
2026-01-10 21:00:00+00:00,8820.264174098565
2026-01-11 02:45:00+00:00,8803.648205803021
2026-01-11 04:15:00+00:00,8786.621879354505
2026-01-11 05:00:00+00:00,8788.225386292324
2026-01-11 05:45:00+00:00,8771.064895662723
2026-01-11 12:45:00+00:00,8757.239840898177
2026-01-11 13:30:00+00:00,8756.800876188065
2026-01-11 14:30:00+00:00,8740.0300034628
2026-01-11 14:45:00+00:00,8775.93756620426
2026-01-11 15:00:00+00:00,8749.733378045934
2026-01-11 15:45:00+00:00,8735.528418543985
2026-01-11 16:15:00+00:00,8771.991342937727
2026-01-11 16:30:00+00:00,8796.007769355325
2026-01-11 16:45:00+00:00,8769.634797620956
2026-01-11 17:30:00+00:00,8755.902497217478
2026-01-11 20:00:00+00:00,8729.03095974848
2026-01-11 21:45:00+00:00,8730.894842839603
2026-01-11 22:00:00+00:00,8717.777325948637
2026-01-11 23:15:00+00:00,8707.289059508033
2026-01-12 00:00:00+00:00,8691.06213269023
2026-01-12 00:45:00+00:00,8688.939055622253
2026-01-12 01:00:00+00:00,8677.759063730797
2026-01-12 01:30:00+00:00,8664.142719723677
2026-01-12 02:45:00+00:00,8650.51072404766
2026-01-12 07:15:00+00:00,8652.487390619053
2026-01-12 07:45:00+00:00,8640.958632215348
2026-01-12 08:30:00+00:00,8677.826472342367
2026-01-12 11:30:00+00:00,8664.771433295957
2026-01-12 13:30:00+00:00,8651.600649037573
2026-01-12 14:15:00+00:00,8638.493292323432
2026-01-12 14:30:00+00:00,8640.49696626268
2026-01-12 15:15:00+00:00,8613.824054586103
2026-01-12 17:15:00+00:00,8600.62470283555
2026-01-12 17:30:00+00:00,8602.62500841408
2026-01-12 19:15:00+00:00,8588.98032451751
2026-01-12 20:45:00+00:00,8576.027826223486
2026-01-12 21:00:00+00:00,8563.103536819708
2026-01-13 01:30:00+00:00,8549.701917584045
2026-01-13 02:45:00+00:00,8551.439224471756
2026-01-13 03:00:00+00:00,8538.069557707133
2026-01-13 05:15:00+00:00,8524.803982196972
2026-01-13 07:30:00+00:00,8547.553245054001
2026-01-13 09:30:00+00:00,8548.81262242703
2026-01-13 12:00:00+00:00,8535.93422993892
2026-01-13 13:45:00+00:00,8537.254904876341
2026-01-13 14:45:00+00:00,8539.267189938513
2026-01-13 15:00:00+00:00,8525.767934232212
2026-01-13 16:00:00+00:00,8562.878647752603
2026-01-13 20:00:00+00:00,8599.708907985045
2026-01-13 20:15:00+00:00,8636.285255807135
2026-01-13 20:30:00+00:00,8623.185907459852
2026-01-13 22:00:00+00:00,8659.717091520874
2026-01-13 23:45:00+00:00,8683.464548734319
2026-01-14 02:15:00+00:00,8720.395619447
2026-01-14 04:45:00+00:00,8716.980417867335
2026-01-14 06:30:00+00:00,8708.309875989813
2026-01-14 10:00:00+00:00,8695.315687619617
2026-01-14 10:15:00+00:00,8682.09099148107
2026-01-14 14:00:00+00:00,8668.92106930508
2026-01-14 14:45:00+00:00,8644.448205583909
2026-01-14 16:00:00+00:00,8632.286757375292
2026-01-14 18:30:00+00:00,8656.014544718526
2026-01-14 18:45:00+00:00,8657.59954433899
2026-01-14 22:30:00+00:00,8659.455442038687
2026-01-15 01:30:00+00:00,8696.46251642284
2026-01-15 02:30:00+00:00,8683.168974890625
2026-01-15 04:15:00+00:00,8670.00672802654
2026-01-15 05:00:00+00:00,8656.779352812659
2026-01-15 07:15:00+00:00,8643.425727238588
2026-01-15 07:30:00+00:00,8630.213238794453
2026-01-15 09:30:00+00:00,8603.87688737801
2026-01-15 12:45:00+00:00,8605.625907456744
2026-01-15 13:45:00+00:00,8592.271781928821
2026-01-15 14:45:00+00:00,8628.930538195878
2026-01-15 16:00:00+00:00,8630.854389755366
2026-01-15 16:30:00+00:00,8632.623767861014
2026-01-15 22:30:00+00:00,8619.292451324205
2026-01-16 05:30:00+00:00,8620.589640304574
2026-01-16 05:45:00+00:00,8622.505558830366
2026-01-16 10:00:00+00:00,8609.301607955487
2026-01-16 12:00:00+00:00,8609.76540432239
2026-01-16 14:30:00+00:00,8611.271762962631
2026-01-16 15:30:00+00:00,8648.302360830734
2026-01-16 16:30:00+00:00,8671.358222602385
2026-01-16 16:45:00+00:00,8658.102678027413
2026-01-16 17:30:00+00:00,8644.756365645904
2026-01-16 20:30:00+00:00,8631.159634798963
2026-01-16 20:45:00+00:00,8618.022621489852
2026-01-16 23:00:00+00:00,8604.830250171877
2026-01-17 04:45:00+00:00,8603.071533647917
2026-01-17 09:30:00+00:00,8589.917643101111
2026-01-17 10:15:00+00:00,8626.750720039081
2026-01-17 11:45:00+00:00,8613.736653470316
2026-01-17 13:15:00+00:00,8613.879170634129
2026-01-17 14:30:00+00:00,8650.75490045426
2026-01-17 15:15:00+00:00,8652.76454516764
2026-01-17 15:45:00+00:00,8687.80485644001
2026-01-17 16:15:00+00:00,8673.310150697254
2026-01-17 21:30:00+00:00,8645.397298096086
2026-01-17 22:30:00+00:00,8631.735455651358
2026-01-18 00:15:00+00:00,8633.421288302756
2026-01-18 01:00:00+00:00,8619.350480028601
2026-01-18 02:30:00+00:00,8641.572938562125
2026-01-18 03:30:00+00:00,8643.26061152334
2026-01-18 04:00:00+00:00,8644.53976111044
2026-01-18 07:00:00+00:00,8630.753448239751
2026-01-18 08:30:00+00:00,8632.559047433459
2026-01-18 09:15:00+00:00,8633.034848907984
2026-01-18 11:00:00+00:00,8634.194439200624
2026-01-18 13:15:00+00:00,8667.288014859805
2026-01-18 16:00:00+00:00,8666.6574170976
2026-01-18 17:15:00+00:00,8651.191232094077
2026-01-18 18:15:00+00:00,8637.881324296435
2026-01-18 18:30:00+00:00,8624.351993394652
2026-01-18 23:00:00+00:00,8610.567215235176
2026-01-18 23:15:00+00:00,8633.266623838319
2026-01-19 00:00:00+00:00,8815.839201433437
2026-01-19 06:30:00+00:00,8854.16360364914
2026-01-19 06:45:00+00:00,8855.501114010376
2026-01-19 08:15:00+00:00,8857.697511659198
2026-01-19 13:15:00+00:00,8844.652394090017
2026-01-19 21:00:00+00:00,8831.650058198922
2026-01-20 04:15:00+00:00,8818.234609934829
2026-01-20 06:00:00+00:00,8819.889676011398
2026-01-20 08:00:00+00:00,8856.516624132722
2026-01-20 08:30:00+00:00,8843.374320280127
2026-01-20 13:30:00+00:00,8880.055752615232
2026-01-20 14:45:00+00:00,8916.413336844691
2026-01-20 15:00:00+00:00,8918.26540768642
2026-01-20 15:15:00+00:00,8919.809513852293
2026-01-20 16:15:00+00:00,8906.86727909659
2026-01-20 17:45:00+00:00,8943.52733439655
2026-01-20 22:30:00+00:00,8980.464581271268
2026-01-20 22:45:00+00:00,8979.576926765612
2026-01-21 00:00:00+00:00,9016.35811013304
2026-01-21 00:30:00+00:00,9003.251165962432
2026-01-21 05:00:00+00:00,9005.106390946228
2026-01-21 05:15:00+00:00,8991.96713011607
2026-01-21 05:30:00+00:00,8978.546066659617
2026-01-21 11:45:00+00:00,9015.196594380028
2026-01-21 13:00:00+00:00,9038.730054869235
2026-01-21 14:00:00+00:00,9075.641888138965
2026-01-21 14:45:00+00:00,9112.362178056932
2026-01-21 16:15:00+00:00,9099.311078443965
2026-01-21 16:30:00+00:00,9073.040510400353
2026-01-21 16:45:00+00:00,9110.119092105382
2026-01-21 18:00:00+00:00,9097.270145898457
2026-01-21 19:15:00+00:00,9058.52220221371
2026-01-21 19:30:00+00:00,9095.6587889083
2026-01-21 23:30:00+00:00,9082.769061948346
2026-01-21 23:45:00+00:00,9069.933646511374
2026-01-22 03:30:00+00:00,9043.995553196059
2026-01-22 06:30:00+00:00,9047.873379338387
2026-01-22 10:15:00+00:00,9044.958609547215
2026-01-22 11:00:00+00:00,9046.54824242687
2026-01-22 12:00:00+00:00,9048.382887359938
2026-01-22 15:30:00+00:00,9050.208515530074
2026-01-22 16:45:00+00:00,9023.588102643273
2026-01-22 17:45:00+00:00,9010.220068123093
2026-01-22 19:30:00+00:00,8997.157228212354
2026-01-22 22:00:00+00:00,8996.43642433067
2026-01-23 01:15:00+00:00,8969.815738925085
2026-01-23 14:15:00+00:00,8956.602586250312
2026-01-23 14:30:00+00:00,8958.34969725064
2026-01-23 15:00:00+00:00,8945.014976428389
2026-01-23 15:15:00+00:00,8931.61422348244
2026-01-23 15:30:00+00:00,8918.560979583199
2026-01-23 15:45:00+00:00,8905.390987301047
2026-01-23 17:30:00+00:00,8916.152481643425
2026-01-23 18:00:00+00:00,8903.117058541482
2026-01-23 19:00:00+00:00,8904.799249618622
2026-01-23 19:15:00+00:00,8891.805767643134
2026-01-23 19:30:00+00:00,8878.793504980571
2026-01-23 20:30:00+00:00,8865.703222424805
2026-01-23 20:45:00+00:00,8852.464722645735
2026-01-23 22:45:00+00:00,8839.537075924734
2026-01-24 02:00:00+00:00,8838.329204872198
2026-01-24 09:15:00+00:00,8824.602639511608
2026-01-24 11:15:00+00:00,8821.834856423779
2026-01-24 12:00:00+00:00,8806.960509832108
2026-01-24 13:45:00+00:00,8792.046903353537
2026-01-24 15:30:00+00:00,8764.773690607746
2026-01-24 16:45:00+00:00,8750.794137481478
2026-01-24 18:30:00+00:00,8735.65653166511
2026-01-24 22:15:00+00:00,8772.122668224101
2026-01-24 23:30:00+00:00,8772.705461708321
2026-01-25 00:30:00+00:00,8773.651535996787
2026-01-25 01:15:00+00:00,8757.588915749873
2026-01-25 01:30:00+00:00,8743.48837169288
2026-01-25 02:30:00+00:00,8729.706274726585
2026-01-25 03:15:00+00:00,8714.023629742971
2026-01-25 05:30:00+00:00,8699.734564538534
2026-01-25 07:00:00+00:00,8686.07496903663
2026-01-25 07:30:00+00:00,8687.01893030825
2026-01-25 08:30:00+00:00,8672.129989415662
2026-01-25 09:30:00+00:00,8644.752096407628
2026-01-25 10:15:00+00:00,8630.70443248874
2026-01-25 12:00:00+00:00,8618.606152768389
2026-01-25 12:15:00+00:00,8603.80498762235
2026-01-25 13:30:00+00:00,8605.402863766243
2026-01-25 13:45:00+00:00,8590.760989979295
2026-01-25 16:00:00+00:00,8612.275120191132
2026-01-25 18:15:00+00:00,8686.775289258661
2026-01-25 19:00:00+00:00,8688.635283859643
2026-01-25 19:15:00+00:00,8725.486805634424
2026-01-25 21:45:00+00:00,8749.223691496461
2026-01-26 00:15:00+00:00,8751.275163483519
2026-01-26 01:00:00+00:00,8724.98489100957
2026-01-26 07:30:00+00:00,8746.384752046653
2026-01-26 07:45:00+00:00,8740.309123015333
2026-01-26 08:15:00+00:00,8727.279899144873
2026-01-26 14:00:00+00:00,8729.07700052185
2026-01-26 14:45:00+00:00,8730.434044212443
2026-01-26 15:00:00+00:00,8767.00193927694
2026-01-26 15:30:00+00:00,8777.582954032781
2026-01-26 17:00:00+00:00,8764.543450186784
2026-01-26 19:45:00+00:00,8766.512087323652
2026-01-27 00:15:00+00:00,8768.04962481111
2026-01-27 07:00:00+00:00,8754.388740185368
2026-01-27 10:45:00+00:00,8739.972001732307
2026-01-27 12:15:00+00:00,8741.523330388409
2026-01-27 14:15:00+00:00,8743.146019109574
2026-01-27 14:30:00+00:00,8729.61746322665
2026-01-27 15:00:00+00:00,8716.373017570808
2026-01-27 15:15:00+00:00,8717.946867893705
2026-01-27 15:45:00+00:00,8704.78663752352
2026-01-27 16:00:00+00:00,8741.460399326379
2026-01-27 17:00:00+00:00,8743.169648201056
2026-01-27 17:15:00+00:00,8716.51414581014
2026-01-27 18:45:00+00:00,8690.183466100856
2026-01-27 20:15:00+00:00,8679.0886000258
2026-01-28 03:15:00+00:00,8677.499510430991
2026-01-28 03:30:00+00:00,8668.705105969155
2026-01-28 06:45:00+00:00,8655.480292948374
2026-01-28 08:00:00+00:00,8691.494693969331
2026-01-28 08:30:00+00:00,8678.041160114402
2026-01-28 10:15:00+00:00,8714.616788008272
2026-01-28 10:45:00+00:00,8715.618161133216
2026-01-28 11:45:00+00:00,8717.594040338763
2026-01-28 13:45:00+00:00,8704.372710287715
2026-01-28 14:00:00+00:00,8691.137594702646
2026-01-28 14:15:00+00:00,8677.691821196182
2026-01-28 17:45:00+00:00,8664.559128772318
2026-01-28 20:15:00+00:00,8651.49545444996
2026-01-28 21:45:00+00:00,8640.316916492644
2026-01-29 04:00:00+00:00,8714.313025249425
2026-01-29 04:15:00+00:00,8751.161373509429
2026-01-29 13:30:00+00:00,8751.491178022554
2026-01-29 14:45:00+00:00,8788.476323646768
2026-01-29 15:00:00+00:00,8862.204616883324
2026-01-29 15:15:00+00:00,8849.09092570216
2026-01-29 15:30:00+00:00,8859.859602232907
2026-01-29 15:45:00+00:00,8846.86633727981
2026-01-29 16:45:00+00:00,8835.622967064463
2026-01-29 17:00:00+00:00,8824.417672903845
2026-01-30 01:30:00+00:00,8935.474685450356
2026-01-30 02:15:00+00:00,8922.525619250666
2026-01-30 06:30:00+00:00,8896.754791039864
2026-01-30 18:15:00+00:00,8870.81146145062
2026-01-30 20:15:00+00:00,8894.98846243279
2026-01-31 03:00:00+00:00,8889.763707462798
2026-01-31 08:15:00+00:00,8921.126417884108
2026-01-31 08:30:00+00:00,8944.743344740928
2026-01-31 13:15:00+00:00,8931.754672321234
2026-01-31 13:30:00+00:00,8918.76069792757
2026-01-31 14:00:00+00:00,8942.073751811347
2026-01-31 14:15:00+00:00,8928.967067404783
2026-01-31 16:45:00+00:00,8916.074711744823
2026-01-31 18:30:00+00:00,8877.563318078997
2026-02-01 07:00:00+00:00,8854.178970084715
2026-02-01 07:15:00+00:00,8856.507250706129
2026-02-01 15:15:00+00:00,8858.806141997293
2026-02-01 18:00:00+00:00,8845.97455705911
2026-02-01 20:30:00+00:00,8848.153429752423
2026-02-01 22:00:00+00:00,8835.308746763085
2026-02-01 23:00:00+00:00,8837.400691460154
2026-02-01 23:30:00+00:00,8811.843078911706
2026-02-02 00:15:00+00:00,8773.520324341518
2026-02-02 03:45:00+00:00,8775.79034398515
2026-02-02 04:15:00+00:00,8765.265277764536
2026-02-02 04:30:00+00:00,8767.501470716661
2026-02-02 05:15:00+00:00,8754.73258971102
2026-02-02 06:30:00+00:00,8757.003700906864
2026-02-02 14:30:00+00:00,8733.777539026169
2026-02-02 14:45:00+00:00,8735.647152222322
2026-02-02 15:15:00+00:00,8722.725169523383
2026-02-02 21:45:00+00:00,8718.729721806076
2026-02-03 03:45:00+00:00,8720.347561428947
2026-02-03 14:45:00+00:00,8722.642884033137
2026-02-03 15:15:00+00:00,8726.594813203366
2026-02-03 16:15:00+00:00,8700.779622827291
2026-02-03 17:00:00+00:00,8737.678378982931
2026-02-03 18:00:00+00:00,8761.940685144275
2026-02-03 18:15:00+00:00,8799.12968907155
2026-02-03 18:45:00+00:00,8836.15458650612
2026-02-03 19:00:00+00:00,8823.390315008024
2026-02-03 19:30:00+00:00,8860.560788933179
2026-02-03 20:15:00+00:00,8847.694736228717
2026-02-03 20:30:00+00:00,8872.174541405393
2026-02-03 21:45:00+00:00,8859.429745270023
2026-02-04 01:30:00+00:00,8846.549912348906
2026-02-04 03:15:00+00:00,8843.493620993182
2026-02-04 11:00:00+00:00,8867.581891230007
2026-02-04 12:30:00+00:00,8854.574150312794
2026-02-04 13:15:00+00:00,8841.394957923983
2026-02-04 14:00:00+00:00,8828.208839017605
2026-02-04 15:00:00+00:00,8830.2052712823
2026-02-04 15:30:00+00:00,8804.388402736224
2026-02-04 16:00:00+00:00,8806.492733421148
2026-02-04 16:30:00+00:00,8795.785433335166
2026-02-04 17:45:00+00:00,8797.938252503343
2026-02-04 18:00:00+00:00,8834.938578932197
2026-02-04 18:15:00+00:00,8837.106837683443
2026-02-04 18:30:00+00:00,8811.575960704322
2026-02-04 19:45:00+00:00,8798.799553499566
2026-02-04 22:15:00+00:00,8801.09771799356
2026-02-04 22:30:00+00:00,8790.531887801342
2026-02-05 04:00:00+00:00,8777.758334222151
2026-02-05 05:15:00+00:00,8814.923026081568
2026-02-05 06:00:00+00:00,8789.296467599406
2026-02-05 11:00:00+00:00,8763.645079470876
2026-02-05 11:15:00+00:00,8750.789041044107
2026-02-05 12:15:00+00:00,8740.12365990755
2026-02-05 14:45:00+00:00,8729.465849368387
2026-02-05 15:00:00+00:00,8716.67784798148
2026-02-05 15:15:00+00:00,8652.87006827961
2026-02-05 16:00:00+00:00,8659.744059412504
2026-02-05 17:00:00+00:00,8647.056694039527
2026-02-05 17:15:00+00:00,8634.3605638234
2026-02-05 18:15:00+00:00,8609.035505879907
2026-02-05 18:30:00+00:00,8583.65145747088
2026-02-05 20:00:00+00:00,8570.948034745106
2026-02-05 20:15:00+00:00,8558.306312937884
2026-02-05 20:45:00+00:00,8532.904640349683
2026-02-05 21:15:00+00:00,8520.206617518763
2026-02-05 22:15:00+00:00,8507.583316048276
2026-02-05 23:30:00+00:00,8509.918289450352
2026-02-06 00:00:00+00:00,8497.209502295127
2026-02-06 00:15:00+00:00,8471.925650656653
2026-02-06 05:45:00+00:00,8509.27734113139
2026-02-06 13:00:00+00:00,8546.602038160503
2026-02-06 14:30:00+00:00,8583.947616370302
2026-02-06 15:45:00+00:00,8571.10103459197
2026-02-06 16:45:00+00:00,8558.254587913214
2026-02-06 17:30:00+00:00,8545.40873665173
2026-02-06 18:00:00+00:00,8532.72333757819
2026-02-06 22:30:00+00:00,8534.90630650384
2026-02-07 00:00:00+00:00,8537.080510832395
2026-02-07 00:45:00+00:00,8534.575687609502
2026-02-07 06:15:00+00:00,8536.637238854972
2026-02-07 07:00:00+00:00,8538.778845271108
2026-02-07 07:15:00+00:00,8575.81360149788
2026-02-07 08:00:00+00:00,8577.96507807044
2026-02-07 09:30:00+00:00,8565.09887943382
2026-02-07 10:30:00+00:00,8552.23380757959
2026-02-07 12:15:00+00:00,8589.27519176131
2026-02-07 13:30:00+00:00,8591.43209710185
2026-02-07 14:30:00+00:00,8593.475840673249
2026-02-07 16:00:00+00:00,8580.552852096693
2026-02-07 18:30:00+00:00,8567.693035463513
2026-02-08 02:45:00+00:00,8569.656265733314
2026-02-08 08:30:00+00:00,8571.653686603995
2026-02-08 09:30:00+00:00,8558.652102134514
2026-02-08 11:00:00+00:00,8547.461057064049
2026-02-08 11:15:00+00:00,8534.197147794785
2026-02-08 11:30:00+00:00,8521.03741590018
2026-02-08 16:45:00+00:00,8544.947751986016
2026-02-08 18:30:00+00:00,8546.971721488682
2026-02-08 21:30:00+00:00,8537.622945458848
2026-02-08 22:45:00+00:00,8539.612132518343
2026-02-09 01:15:00+00:00,8526.713576322325
2026-02-09 01:45:00+00:00,8563.730807758899
2026-02-09 02:30:00+00:00,8550.889709081244
2026-02-09 10:15:00+00:00,8574.775644013742
2026-02-09 10:30:00+00:00,8648.89227014791
2026-02-09 13:45:00+00:00,8637.718292245556
2026-02-09 14:30:00+00:00,8674.745265734724
2026-02-09 14:45:00+00:00,8676.622091242412
2026-02-09 15:00:00+00:00,8713.557511140158
2026-02-09 17:00:00+00:00,8715.646245227605
2026-02-09 17:30:00+00:00,8752.665950418026
2026-02-09 21:30:00+00:00,8726.978190386653
2026-02-10 03:00:00+00:00,8701.18566682129
2026-02-10 03:15:00+00:00,8675.033857471279
2026-02-10 03:30:00+00:00,8661.875803569368
2026-02-10 05:45:00+00:00,8663.738084566634
2026-02-10 06:30:00+00:00,8665.439706186875
2026-02-10 08:15:00+00:00,8652.349898642811
2026-02-10 13:15:00+00:00,8650.745184980797
2026-02-10 13:30:00+00:00,8652.466272741674
2026-02-10 14:15:00+00:00,8639.138566368149
2026-02-10 14:30:00+00:00,8640.927554935475
2026-02-10 15:00:00+00:00,8627.8325738912
2026-02-10 16:00:00+00:00,8629.697366359735
2026-02-10 17:30:00+00:00,8655.54634221753
2026-02-11 00:30:00+00:00,8655.990629142754
2026-02-11 02:00:00+00:00,8642.72826603895
2026-02-11 03:00:00+00:00,8644.753977717246
2026-02-11 04:30:00+00:00,8646.755225997533
2026-02-11 06:00:00+00:00,8633.665884377051
2026-02-11 10:30:00+00:00,8607.521981398904
2026-02-11 11:15:00+00:00,8596.28905236914
2026-02-11 13:15:00+00:00,8598.187903106533
2026-02-11 13:30:00+00:00,8584.899479478026
2026-02-11 14:00:00+00:00,8621.819024947918
2026-02-11 14:30:00+00:00,8632.486791197503
2026-02-11 14:45:00+00:00,8669.516062081631
2026-02-11 15:30:00+00:00,8671.669703089668
2026-02-11 19:00:00+00:00,8658.789787749338
2026-02-11 21:15:00+00:00,8645.980063373061
2026-02-12 02:15:00+00:00,8648.054163050228
2026-02-12 05:00:00+00:00,8634.847418473893
2026-02-12 06:15:00+00:00,8621.758675876934
2026-02-12 08:45:00+00:00,8623.108294451667
2026-02-12 10:45:00+00:00,8660.276284544041
2026-02-12 12:00:00+00:00,8662.09040882745
2026-02-12 14:45:00+00:00,8648.738380308725
2026-02-12 16:30:00+00:00,8635.878669974263
2026-02-12 17:30:00+00:00,8622.957118710743
2026-02-12 22:45:00+00:00,8610.090599686338
2026-02-12 23:15:00+00:00,8604.299274596584
2026-02-13 02:45:00+00:00,8591.360897585746
2026-02-13 05:00:00+00:00,8578.29180649397
2026-02-13 06:45:00+00:00,8579.961653947114
2026-02-13 07:00:00+00:00,8566.709764309922
2026-02-13 13:15:00+00:00,8555.390432393684
2026-02-13 13:30:00+00:00,8552.55577500115
2026-02-13 13:45:00+00:00,8554.378623901735
2026-02-13 14:30:00+00:00,8541.154450086415
2026-02-13 15:00:00+00:00,8553.437866028751
2026-02-13 15:15:00+00:00,8590.316064586463
2026-02-13 15:30:00+00:00,8614.10660176373
2026-02-13 16:00:00+00:00,8616.069257500683
2026-02-13 17:00:00+00:00,8618.00838726349
2026-02-13 19:00:00+00:00,8605.01643430306
2026-02-13 20:30:00+00:00,8607.059545115999
2026-02-13 21:00:00+00:00,8593.974447393462
2026-02-13 22:00:00+00:00,8580.86164573524
2026-02-13 23:15:00+00:00,8582.07218560275
2026-02-14 07:30:00+00:00,8583.804573403004
2026-02-14 08:00:00+00:00,8570.422704477262
2026-02-14 08:45:00+00:00,8557.063724072152
2026-02-14 09:30:00+00:00,8543.75117202178
2026-02-14 11:00:00+00:00,8530.15710347463
2026-02-14 12:15:00+00:00,8503.39491537742
2026-02-14 13:45:00+00:00,8505.174500234656
2026-02-14 14:30:00+00:00,8507.02438788633
2026-02-14 15:45:00+00:00,8495.414152481608
2026-02-14 16:30:00+00:00,8482.084191467682
2026-02-14 16:45:00+00:00,8468.96933991706
2026-02-14 17:30:00+00:00,8455.95537331178
2026-02-14 18:15:00+00:00,8443.06449439603
2026-02-14 18:30:00+00:00,8430.083284256585
2026-02-14 19:15:00+00:00,8417.196323978615
2026-02-14 19:30:00+00:00,8403.990456509462
2026-02-14 19:45:00+00:00,8391.00481167132
2026-02-14 21:00:00+00:00,8392.76382191602
2026-02-14 22:15:00+00:00,8367.0489353691
2026-02-14 23:15:00+00:00,8353.969372254689
2026-02-15 01:00:00+00:00,8356.156427208925
2026-02-15 03:00:00+00:00,8358.187282932291
2026-02-15 03:30:00+00:00,8395.029842877462
2026-02-15 07:30:00+00:00,8431.576024798589
2026-02-15 08:30:00+00:00,8433.091640830797
2026-02-15 12:45:00+00:00,8470.007150980819
2026-02-15 13:30:00+00:00,8544.19383397495
2026-02-15 17:45:00+00:00,8555.390110947674
2026-02-15 22:30:00+00:00,8542.257679890647
2026-02-15 23:30:00+00:00,8531.355099521354
2026-02-16 00:00:00+00:00,8518.360540422602
2026-02-16 04:15:00+00:00,8520.436852941782
2026-02-16 06:30:00+00:00,8522.511723060978
2026-02-16 07:15:00+00:00,8524.449576065765
2026-02-16 09:15:00+00:00,8525.912168903644
2026-02-16 12:15:00+00:00,8527.717090559285
2026-02-16 13:45:00+00:00,8566.521329021229
2026-02-16 16:00:00+00:00,8568.585465422617
2026-02-16 20:30:00+00:00,8572.544295429772
2026-02-17 01:45:00+00:00,8574.530767347607
2026-02-17 02:00:00+00:00,8561.466942581646
2026-02-17 03:15:00+00:00,8548.323151022687
2026-02-17 05:15:00+00:00,8535.11559970939
2026-02-17 05:30:00+00:00,8523.776964772707
2026-02-17 09:00:00+00:00,8510.61569436101
2026-02-17 10:15:00+00:00,8497.412394606545
2026-02-17 13:00:00+00:00,8484.194589041417
2026-02-17 13:45:00+00:00,8520.957116490245
2026-02-17 14:30:00+00:00,8507.855621669005
2026-02-17 15:45:00+00:00,8494.668623112588
2026-02-17 16:00:00+00:00,8481.65513116845
2026-02-17 16:30:00+00:00,8479.72837695799
2026-02-17 17:00:00+00:00,8481.778413344862
2026-02-17 18:15:00+00:00,8472.886262658136
2026-02-17 18:30:00+00:00,8459.990176178182
2026-02-18 01:00:00+00:00,8447.070970513394
2026-02-18 07:30:00+00:00,8433.681324114177
2026-02-18 08:15:00+00:00,8470.166932006625
2026-02-18 10:15:00+00:00,8443.429474557095
2026-02-18 10:30:00+00:00,8429.945930849344
2026-02-18 11:00:00+00:00,8402.39459536718
2026-02-18 12:45:00+00:00,8390.46733591487
2026-02-18 14:45:00+00:00,8427.276378323344
2026-02-18 15:30:00+00:00,8402.983704964536
2026-02-18 16:00:00+00:00,8391.590410708026
2026-02-18 21:00:00+00:00,8402.568675931307
2026-02-19 01:00:00+00:00,8404.53120183215
2026-02-19 05:15:00+00:00,8441.576834855206
2026-02-19 06:15:00+00:00,8445.312936738448
2026-02-19 13:00:00+00:00,8432.090949854155
2026-02-19 13:30:00+00:00,8391.943986594764
2026-02-19 14:30:00+00:00,8365.41060794883
2026-02-19 15:30:00+00:00,8354.223091641778
2026-02-19 16:00:00+00:00,8341.249374076671
2026-02-19 16:15:00+00:00,8343.016685835559
2026-02-19 16:30:00+00:00,8379.734820250576
2026-02-19 17:15:00+00:00,8366.780957195708
2026-02-19 17:45:00+00:00,8368.85617305448
2026-02-19 18:30:00+00:00,8355.744612811359
2026-02-20 04:15:00+00:00,8357.811138411842
2026-02-20 04:30:00+00:00,8355.76700510157
2026-02-20 09:00:00+00:00,8392.544525390886
2026-02-20 10:00:00+00:00,8403.336808823322
2026-02-20 11:30:00+00:00,8390.138060628575
2026-02-20 12:15:00+00:00,8427.035166546124
2026-02-20 13:15:00+00:00,8413.885269211842
2026-02-20 14:00:00+00:00,8400.829688869084
2026-02-20 14:15:00+00:00,8374.670634111799
2026-02-20 15:00:00+00:00,8450.312375955062
2026-02-20 15:30:00+00:00,8437.44936523768
2026-02-20 17:00:00+00:00,8424.628930402261
2026-02-20 17:45:00+00:00,8413.856735832514
2026-02-20 20:30:00+00:00,8400.942238473737
2026-02-21 08:45:00+00:00,8389.810392166324
2026-02-21 09:15:00+00:00,8363.220653090555
2026-02-21 10:30:00+00:00,8336.971808189888
2026-02-21 11:00:00+00:00,8338.37108888085
2026-02-21 12:15:00+00:00,8324.507967583555
2026-02-21 12:30:00+00:00,8309.917637433438
2026-02-21 14:15:00+00:00,8296.87998150034
2026-02-21 17:30:00+00:00,8298.456858899724
2026-02-22 03:15:00+00:00,8335.101992912863
2026-02-22 03:45:00+00:00,8373.913327785243
2026-02-22 06:00:00+00:00,8360.41589487347
2026-02-22 08:30:00+00:00,8397.13959510216
2026-02-22 09:45:00+00:00,8383.816270602858
2026-02-22 10:00:00+00:00,8382.70703278252
2026-02-22 12:00:00+00:00,8384.166794354733
2026-02-22 12:30:00+00:00,8420.34208615957
2026-02-22 14:15:00+00:00,8457.031665068715
2026-02-22 15:15:00+00:00,8493.502024007083
2026-02-22 15:30:00+00:00,8479.862773250408
2026-02-22 17:30:00+00:00,8466.617442802859
2026-02-22 18:00:00+00:00,8439.820668807859
2026-02-22 21:45:00+00:00,8426.127228803713
2026-02-22 22:15:00+00:00,8427.622372209798
2026-02-22 23:30:00+00:00,8429.211133746938
2026-02-23 00:30:00+00:00,8465.741381486783
2026-02-23 00:45:00+00:00,8501.366334005346
2026-02-23 01:30:00+00:00,8503.067615836919
2026-02-23 05:15:00+00:00,8504.87691943681
2026-02-23 06:45:00+00:00,8491.567715315061
2026-02-23 07:00:00+00:00,8493.593242315426
2026-02-23 09:30:00+00:00,8517.536140831999
2026-02-23 12:30:00+00:00,8504.438584581676
2026-02-23 14:00:00+00:00,8506.372515616393
2026-02-23 14:15:00+00:00,8508.080823747667
2026-02-23 15:30:00+00:00,8468.890508822358
2026-02-23 16:00:00+00:00,8442.827740729408
2026-02-23 17:00:00+00:00,8429.928571812598
2026-02-24 13:15:00+00:00,8416.781061050899
2026-02-24 15:00:00+00:00,8418.662968555525
2026-02-24 21:00:00+00:00,8405.620528792519
2026-02-24 21:45:00+00:00,8398.312637647145
2026-02-24 23:30:00+00:00,8396.130050309519
2026-02-25 00:15:00+00:00,8382.983314622708
2026-02-25 01:00:00+00:00,8456.6598096544
2026-02-25 03:15:00+00:00,8443.728640688947
2026-02-25 04:00:00+00:00,8430.659320760657
2026-02-25 05:15:00+00:00,8417.645730188313
2026-02-25 05:30:00+00:00,8404.730104325741
2026-02-25 11:15:00+00:00,8428.297194936724
2026-02-25 12:15:00+00:00,8465.168820792178
2026-02-25 12:45:00+00:00,8489.188113081424
2026-02-25 13:15:00+00:00,8525.729255543274
2026-02-25 13:30:00+00:00,8562.964690190109
2026-02-25 15:00:00+00:00,8599.795816515723
2026-02-25 15:30:00+00:00,8586.887561835112
2026-02-25 16:15:00+00:00,8622.470394764432
2026-02-25 16:45:00+00:00,8609.552612748043
2026-02-25 17:00:00+00:00,8646.534197686029
2026-02-25 18:15:00+00:00,8683.386268798395
2026-02-25 21:30:00+00:00,8720.443698156347
2026-02-25 22:30:00+00:00,8722.458954216538
2026-02-25 23:30:00+00:00,8709.559008620716
2026-02-26 00:00:00+00:00,8696.912120238287
2026-02-26 00:30:00+00:00,8684.160103960374
2026-02-26 07:15:00+00:00,8686.284283806257
2026-02-26 07:30:00+00:00,8721.082835665813
2026-02-26 09:00:00+00:00,8694.901799717076
2026-02-26 09:15:00+00:00,8696.373119147904
2026-02-26 12:30:00+00:00,8698.27923055449
2026-02-26 14:00:00+00:00,8700.304749025314
2026-02-26 15:00:00+00:00,8702.12682082134
2026-02-26 15:30:00+00:00,8691.0877451954
2026-02-26 16:45:00+00:00,8728.068055666821
2026-02-26 18:30:00+00:00,8715.006383798154
2026-02-26 19:00:00+00:00,8703.940696990832
2026-02-26 22:30:00+00:00,8681.828068910358
2026-02-27 01:45:00+00:00,8683.310673992972
2026-02-27 02:00:00+00:00,8685.217050042938
2026-02-27 04:30:00+00:00,8671.58980283734
2026-02-27 08:00:00+00:00,8673.481340696795
2026-02-27 10:00:00+00:00,8710.227982399541
2026-02-27 13:30:00+00:00,8746.823847614876
2026-02-27 13:45:00+00:00,8748.796631473711
2026-02-27 14:45:00+00:00,8735.805379900068
2026-02-27 19:00:00+00:00,8722.818265588676
2026-02-27 22:45:00+00:00,8723.953420468819
2026-02-27 23:00:00+00:00,8725.647283356315
2026-02-28 02:30:00+00:00,8712.561731178543
2026-02-28 06:15:00+00:00,8786.160542208578
2026-02-28 06:30:00+00:00,8823.345282009788
2026-02-28 06:45:00+00:00,8810.256133130551
2026-02-28 07:30:00+00:00,8812.255541109394
2026-02-28 08:15:00+00:00,8799.30456592164
2026-02-28 09:45:00+00:00,8786.416898139454
2026-02-28 13:45:00+00:00,8860.639670269591
2026-02-28 18:30:00+00:00,8884.595908166093
2026-02-28 20:15:00+00:00,8921.689187845574
2026-03-01 01:00:00+00:00,8910.94616202239
2026-03-01 01:45:00+00:00,8947.90221097191
2026-03-01 02:00:00+00:00,8971.834754080744
2026-03-01 03:45:00+00:00,8958.967737435578
2026-03-01 04:15:00+00:00,8946.130319034835
2026-03-01 06:00:00+00:00,8920.285947615268
2026-03-01 08:45:00+00:00,8907.130797385822
2026-03-01 12:45:00+00:00,8868.268554859722
2026-03-01 13:15:00+00:00,8855.253491220581
2026-03-01 13:45:00+00:00,8842.305355889368
2026-03-01 16:45:00+00:00,8880.939677412991
2026-03-01 22:00:00+00:00,8882.938383568202
2026-03-02 00:30:00+00:00,8887.126451516502
2026-03-02 00:45:00+00:00,8874.193957526528
2026-03-02 03:15:00+00:00,8863.296747423896
2026-03-02 07:00:00+00:00,8902.400821678228
2026-03-02 14:30:00+00:00,8889.477926456648
2026-03-02 15:00:00+00:00,8876.48053250347
2026-03-02 17:00:00+00:00,8878.456176284659
2026-03-02 17:30:00+00:00,8880.582978036882
2026-03-02 18:45:00+00:00,8854.80447644854
2026-03-02 19:00:00+00:00,8856.806923328082
2026-03-03 00:15:00+00:00,8851.369348440148
2026-03-03 01:00:00+00:00,8844.243412776792
2026-03-03 01:30:00+00:00,8843.51379415908
2026-03-03 10:30:00+00:00,8880.385981790818
2026-03-03 12:00:00+00:00,8867.335802694459
2026-03-03 14:45:00+00:00,8892.96324166276
2026-03-03 15:30:00+00:00,8894.97653495183
2026-03-03 16:00:00+00:00,8870.716398606995
2026-03-03 16:30:00+00:00,8859.828734999246
2026-03-03 16:45:00+00:00,8861.891840866465
2026-03-03 21:15:00+00:00,8849.014227395015
2026-03-04 04:15:00+00:00,8836.130233967438
2026-03-04 07:45:00+00:00,8823.178227866692
2026-03-04 08:45:00+00:00,8860.135752026978
2026-03-04 11:30:00+00:00,8936.092117345668
2026-03-04 12:15:00+00:00,8925.255775569978
2026-03-04 14:15:00+00:00,8914.122757265406
2026-03-04 15:15:00+00:00,8988.060597108813
2026-03-04 15:45:00+00:00,9025.162900172587
2026-03-04 17:30:00+00:00,9062.335664108015
2026-03-04 19:15:00+00:00,9049.490771915087
2026-03-04 21:00:00+00:00,9051.649349007828
2026-03-04 21:15:00+00:00,9053.748251965013
2026-03-04 22:30:00+00:00,9040.94514121509
2026-03-05 01:45:00+00:00,9028.022786716429
2026-03-05 05:45:00+00:00,9015.126386553478
2026-03-05 07:45:00+00:00,9002.16420212613
2026-03-05 09:00:00+00:00,8989.004343927403
2026-03-05 09:15:00+00:00,8975.787686751857
2026-03-05 10:15:00+00:00,8962.590197985133
2026-03-05 10:30:00+00:00,8936.17642994048
2026-03-05 11:30:00+00:00,8923.191274508
2026-03-05 15:00:00+00:00,8960.180332319185
2026-03-05 15:30:00+00:00,8997.035770277402
2026-03-05 16:00:00+00:00,9034.047596992328
2026-03-05 19:15:00+00:00,9058.209793388287
2026-03-06 01:30:00+00:00,9047.148430395106
2026-03-06 02:00:00+00:00,9051.111088374779
2026-03-06 10:15:00+00:00,9037.909249188964
2026-03-06 14:30:00+00:00,9074.878788672208
2026-03-06 15:15:00+00:00,9076.738146483729
2026-03-06 17:30:00+00:00,9113.751193268348
2026-03-06 20:45:00+00:00,9113.412455225076
2026-03-07 03:15:00+00:00,9114.741518858928
2026-03-07 14:00:00+00:00,9116.837799792518
2026-03-07 17:15:00+00:00,9103.41313613569
2026-03-07 19:45:00+00:00,9176.734147579291
2026-03-07 21:00:00+00:00,9174.927014208906
2026-03-07 22:15:00+00:00,9160.909861227312
2026-03-08 02:30:00+00:00,9133.767606946107
2026-03-08 04:45:00+00:00,9106.564284656863
2026-03-08 05:15:00+00:00,9093.407173246049
2026-03-08 07:15:00+00:00,9165.825807417643
2026-03-08 08:00:00+00:00,9167.480245797064
2026-03-08 09:00:00+00:00,9153.721537420013
2026-03-08 10:15:00+00:00,9140.225243110472
2026-03-08 12:00:00+00:00,9172.209321145685
2026-03-08 13:45:00+00:00,9247.066849994719
2026-03-08 14:00:00+00:00,9248.736493054801
2026-03-08 19:00:00+00:00,9250.617003137171
2026-03-08 19:15:00+00:00,9252.300460507693
2026-03-08 19:45:00+00:00,9254.213717014662
2026-03-09 02:00:00+00:00,9243.375417140018
2026-03-09 03:45:00+00:00,9230.447338892069
2026-03-09 05:30:00+00:00,9267.43246650179
2026-03-09 06:45:00+00:00,9306.538285391447
2026-03-09 09:15:00+00:00,9293.378838576275
2026-03-09 10:00:00+00:00,9295.137027344357
2026-03-09 13:30:00+00:00,9333.953527750104
2026-03-09 14:00:00+00:00,9320.927640398033
2026-03-09 16:45:00+00:00,9357.924382144474
2026-03-09 17:30:00+00:00,9344.779052606105
2026-03-09 21:30:00+00:00,9333.621461688876
2026-03-09 22:30:00+00:00,9320.70346261995
2026-03-09 23:30:00+00:00,9322.642864379599
2026-03-10 00:30:00+00:00,9309.592388060342
2026-03-10 02:30:00+00:00,9296.482670788875
2026-03-10 03:30:00+00:00,9283.481427662091
2026-03-10 03:45:00+00:00,9270.257340487777
2026-03-10 04:15:00+00:00,9272.213846859115
2026-03-10 08:00:00+00:00,9274.161839736706
2026-03-10 10:30:00+00:00,9275.933873435293
2026-03-10 11:15:00+00:00,9262.704693301517
2026-03-10 12:30:00+00:00,9264.610158780844
2026-03-10 13:00:00+00:00,9301.529034265124
2026-03-10 13:30:00+00:00,9303.302937576225
2026-03-10 14:00:00+00:00,9278.61562991313
2026-03-10 14:15:00+00:00,9265.650895609511
2026-03-10 14:45:00+00:00,9302.608031260337
2026-03-10 15:00:00+00:00,9326.16343571013
2026-03-10 16:15:00+00:00,9363.266362158081
2026-03-10 18:00:00+00:00,9365.369040031119
2026-03-10 18:15:00+00:00,9352.46323386344
2026-03-10 21:45:00+00:00,9326.71798390206
2026-03-10 22:15:00+00:00,9313.651298675497
2026-03-11 00:30:00+00:00,9300.60845800074
2026-03-11 00:45:00+00:00,9293.987898139409
2026-03-11 04:15:00+00:00,9295.771006464416
2026-03-11 07:30:00+00:00,9297.609135599194
2026-03-11 09:45:00+00:00,9299.384628095135
2026-03-11 13:30:00+00:00,9301.433737688336
2026-03-11 15:00:00+00:00,9288.252963685783
2026-03-11 16:15:00+00:00,9275.33964156672
2026-03-11 23:45:00+00:00,9262.390823499703
2026-03-12 00:00:00+00:00,9253.782477684945
2026-03-12 01:45:00+00:00,9255.61721164888
2026-03-12 02:45:00+00:00,9242.266896525878
2026-03-12 07:45:00+00:00,9229.09678213955
2026-03-12 08:15:00+00:00,9215.367796653922
2026-03-12 09:30:00+00:00,9225.368958358411
2026-03-12 09:45:00+00:00,9226.911650214015
2026-03-12 10:30:00+00:00,9213.695665460626
2026-03-12 11:45:00+00:00,9200.478759734027
2026-03-12 14:30:00+00:00,9190.276106992042
2026-03-12 16:00:00+00:00,9216.024568537245
2026-03-12 22:45:00+00:00,9214.166994429183
2026-03-13 00:15:00+00:00,9251.098850870649
2026-03-13 00:45:00+00:00,9252.839654519967
2026-03-13 02:30:00+00:00,9241.785449658573
2026-03-13 02:45:00+00:00,9228.787256891786
2026-03-13 06:30:00+00:00,9202.848600891126
2026-03-13 08:30:00+00:00,9239.658207068987
2026-03-13 09:45:00+00:00,9213.31046017346
2026-03-13 12:30:00+00:00,9250.241996171439
2026-03-13 12:45:00+00:00,9273.569669919852
2026-03-13 14:30:00+00:00,9275.562472236408
2026-03-13 14:45:00+00:00,9249.508847932964
2026-03-13 17:30:00+00:00,9236.670359980353
2026-03-13 21:30:00+00:00,9223.684530950883
2026-03-14 03:15:00+00:00,9225.539549216628
2026-03-14 09:45:00+00:00,9262.609199774188
2026-03-14 18:00:00+00:00,9300.900337931009
2026-03-14 23:00:00+00:00,9302.189481372192
2026-03-14 23:45:00+00:00,9287.97048512923
2026-03-15 02:00:00+00:00,9274.80588775141
2026-03-15 02:30:00+00:00,9261.650035762648
2026-03-15 02:45:00+00:00,9247.598050146547
2026-03-15 03:15:00+00:00,9249.038634168335
2026-03-15 06:30:00+00:00,9235.63424213272
2026-03-15 09:15:00+00:00,9237.158107876921
2026-03-15 09:45:00+00:00,9233.574364836797
2026-03-15 12:00:00+00:00,9234.461217255495
2026-03-15 13:00:00+00:00,9220.21336441336
2026-03-15 13:30:00+00:00,9195.743147431587
2026-03-15 14:30:00+00:00,9182.303905008928
2026-03-15 17:45:00+00:00,9184.082178122895
2026-03-15 18:45:00+00:00,9185.14448781612
2026-03-15 19:00:00+00:00,9186.647712274633
2026-03-15 20:30:00+00:00,9174.827021426912
2026-03-15 21:30:00+00:00,9161.45677408879
2026-03-15 22:30:00+00:00,9198.231955655923
2026-03-15 23:15:00+00:00,9201.85068763067
2026-03-15 23:30:00+00:00,9188.86779504382
2026-03-16 01:15:00+00:00,9162.429219466952
2026-03-16 03:30:00+00:00,9199.41886030255
2026-03-16 04:45:00+00:00,9260.387734600297
2026-03-16 06:00:00+00:00,9262.221026757321
2026-03-16 08:15:00+00:00,9264.358943861189
2026-03-16 08:30:00+00:00,9266.392145902082
2026-03-16 10:30:00+00:00,9253.603006386926
2026-03-16 11:15:00+00:00,9255.819295076464
2026-03-16 14:30:00+00:00,9292.906628991117
2026-03-16 15:15:00+00:00,9281.679622571277
2026-03-16 16:45:00+00:00,9268.725668037172
2026-03-16 20:15:00+00:00,9255.751230027929
2026-03-16 21:30:00+00:00,9242.730845082055
2026-03-16 22:00:00+00:00,9229.67022890437
2026-03-16 22:45:00+00:00,9216.61450957034
2026-03-16 23:30:00+00:00,9203.59064320063
2026-03-17 00:00:00+00:00,9190.362434519713
2026-03-17 10:30:00+00:00,9227.194542477138
2026-03-17 13:30:00+00:00,9214.040617688808
2026-03-17 14:30:00+00:00,9200.648549875732
2026-03-17 15:00:00+00:00,9202.73348433458
2026-03-17 16:00:00+00:00,9204.2614218767
2026-03-17 16:15:00+00:00,9191.225935662223
2026-03-17 18:30:00+00:00,9177.838254112572
2026-03-18 02:45:00+00:00,9177.124842524467
2026-03-18 03:45:00+00:00,9163.945308723652
2026-03-18 04:15:00+00:00,9150.659190356293
2026-03-18 04:45:00+00:00,9137.290657860243
2026-03-18 05:45:00+00:00,9123.573484523642
2026-03-18 07:00:00+00:00,9110.19874317499
2026-03-18 08:45:00+00:00,9096.658345542557
2026-03-18 09:30:00+00:00,9098.571138374862
2026-03-18 11:15:00+00:00,9134.962796358488
2026-03-18 11:30:00+00:00,9171.966505927689
2026-03-18 13:00:00+00:00,9245.598962826214
2026-03-18 14:30:00+00:00,9282.5617410583
2026-03-18 15:00:00+00:00,9356.509907217831
2026-03-18 15:30:00+00:00,9358.245935861436
2026-03-18 17:30:00+00:00,9345.265704373087
2026-03-18 18:00:00+00:00,9319.02814656629
2026-03-18 20:30:00+00:00,9307.807855441348
2026-03-18 20:45:00+00:00,9309.765716902428
2026-03-18 21:15:00+00:00,9311.759799061227
2026-03-18 23:15:00+00:00,9313.733749222436
2026-03-19 11:00:00+00:00,9315.564228045705
2026-03-19 11:30:00+00:00,9317.338284308214
2026-03-19 12:45:00+00:00,9304.079099429644
2026-03-19 15:00:00+00:00,9290.91919257419
2026-03-19 17:45:00+00:00,9264.847242056125
2026-03-19 19:00:00+00:00,9251.916367617077
2026-03-20 01:00:00+00:00,9225.945465730798
2026-03-20 01:30:00+00:00,9224.433383509151
2026-03-20 05:00:00+00:00,9207.394945078613
2026-03-20 11:30:00+00:00,9209.081108271997
2026-03-20 14:45:00+00:00,9210.579947751079
2026-03-20 17:30:00+00:00,9197.300691437906
2026-03-20 21:00:00+00:00,9181.676412138886
2026-03-21 01:00:00+00:00,9183.51466695397
2026-03-21 05:45:00+00:00,9169.9124841749
2026-03-21 07:15:00+00:00,9168.27467199226
2026-03-21 07:45:00+00:00,9168.752181958987
2026-03-21 09:00:00+00:00,9169.92960523717
2026-03-21 15:45:00+00:00,9157.258430467396
2026-03-21 17:00:00+00:00,9193.171464245788
2026-03-21 20:30:00+00:00,9179.435589409413
2026-03-21 20:45:00+00:00,9165.62360482734
2026-03-21 23:00:00+00:00,9151.475468858378
2026-03-21 23:45:00+00:00,9137.490921432418
2026-03-22 00:15:00+00:00,9124.78735536672
2026-03-22 00:30:00+00:00,9128.228728800404
2026-03-22 02:15:00+00:00,9101.608389996401
2026-03-22 03:15:00+00:00,9075.091220143877
2026-03-22 07:45:00+00:00,9061.954443670318
2026-03-22 08:00:00+00:00,9063.84676764736
2026-03-22 08:15:00+00:00,9050.470202554794
2026-03-22 11:15:00+00:00,9023.859118421342
2026-03-22 11:45:00+00:00,9060.469652090238
2026-03-22 15:00:00+00:00,9055.979569209836
2026-03-22 16:00:00+00:00,9042.549676463888
2026-03-22 20:30:00+00:00,9029.340098170735
2026-03-22 22:15:00+00:00,9016.137597275907
2026-03-23 00:30:00+00:00,9017.679761621688
2026-03-23 01:15:00+00:00,9006.160788765117
2026-03-23 02:15:00+00:00,8992.70221392735
2026-03-23 06:00:00+00:00,8994.506279158488
2026-03-23 06:30:00+00:00,8981.397173143609
2026-03-23 07:00:00+00:00,9017.840687014088
2026-03-23 07:30:00+00:00,9004.449167150624
2026-03-23 08:00:00+00:00,8991.332409040815
2026-03-23 10:00:00+00:00,8964.831355648193
2026-03-23 11:00:00+00:00,9001.66064782157
2026-03-23 11:15:00+00:00,9025.584225289369
2026-03-23 11:45:00+00:00,8999.740417437897
2026-03-23 12:00:00+00:00,8986.898664592965
2026-03-23 15:45:00+00:00,8976.066651221861
2026-03-23 22:30:00+00:00,8979.568880515277
2026-03-24 08:00:00+00:00,8968.473195397597
2026-03-24 11:30:00+00:00,8955.141933499102
2026-03-24 14:45:00+00:00,8991.93442183219
2026-03-24 20:15:00+00:00,8993.875451808515
2026-03-24 22:00:00+00:00,8982.44641425701
2026-03-25 04:00:00+00:00,8969.023254996533
2026-03-25 08:30:00+00:00,9005.313998210284
2026-03-25 10:15:00+00:00,9043.68197478412
2026-03-25 13:30:00+00:00,9045.459488729635
2026-03-25 14:45:00+00:00,9047.399327744375
2026-03-25 15:00:00+00:00,9034.22677709397
2026-03-25 16:30:00+00:00,9008.171826920941
2026-03-25 18:30:00+00:00,8995.162206361656
2026-03-25 22:30:00+00:00,8981.946882620201
2026-03-26 02:30:00+00:00,9005.389967051487
2026-03-26 04:15:00+00:00,9042.327510524161
2026-03-26 05:00:00+00:00,9079.018962774488
2026-03-26 05:30:00+00:00,9115.608197939348
2026-03-26 08:30:00+00:00,9151.727360655103
2026-03-26 09:30:00+00:00,9225.004089140972
2026-03-26 13:00:00+00:00,9213.303571649929
2026-03-26 13:45:00+00:00,9215.042054730828
2026-03-26 15:00:00+00:00,9251.171608134997
2026-03-26 15:45:00+00:00,9239.50752555739
2026-03-26 16:00:00+00:00,9226.175437234942
2026-03-26 19:30:00+00:00,9212.941539754895
2026-03-26 20:00:00+00:00,9214.646505943681
2026-03-26 21:30:00+00:00,9174.890517787155
2026-03-27 01:45:00+00:00,9176.694850443968
2026-03-27 02:30:00+00:00,9163.548362606072
2026-03-27 09:00:00+00:00,9150.19333767853
2026-03-27 14:30:00+00:00,9137.004541946246
2026-03-27 15:45:00+00:00,9138.907826320456
2026-03-27 17:30:00+00:00,9125.802479651047
2026-03-27 19:45:00+00:00,9127.664030953543
2026-03-27 23:45:00+00:00,9114.349573376127
2026-03-28 01:45:00+00:00,9115.993604057536
2026-03-28 02:00:00+00:00,9104.128854364917
2026-03-28 05:45:00+00:00,9090.352955396362
2026-03-28 10:00:00+00:00,9076.385981600159
2026-03-28 13:30:00+00:00,9077.728748946172
2026-03-28 14:15:00+00:00,9052.223903754977
2026-03-28 15:15:00+00:00,9038.854130425903
2026-03-28 16:30:00+00:00,8997.905909952873
2026-03-28 19:00:00+00:00,8984.683977330056
2026-03-28 23:00:00+00:00,9020.850398244802
2026-03-28 23:45:00+00:00,9044.077414559932
2026-03-29 03:15:00+00:00,9080.809780223331
2026-03-29 05:15:00+00:00,9067.532592261732
2026-03-29 07:00:00+00:00,9054.175111464334
2026-03-29 11:00:00+00:00,9055.33590693065
2026-03-29 13:00:00+00:00,9041.316482062777
2026-03-29 14:00:00+00:00,9027.669294813564
2026-03-29 15:15:00+00:00,9013.731779004402
2026-03-29 16:45:00+00:00,9000.37379177425
2026-03-29 20:15:00+00:00,8973.296795619754
2026-03-29 22:30:00+00:00,9009.147959137144
2026-03-29 22:45:00+00:00,9069.200477986666
2026-03-30 00:45:00+00:00,9071.18101125904
2026-03-30 02:00:00+00:00,9058.18202210968
2026-03-30 02:45:00+00:00,9118.900184006225
2026-03-30 04:00:00+00:00,9105.858081777122
2026-03-30 05:00:00+00:00,9092.876337233738
2026-03-30 08:30:00+00:00,9079.794331680014
2026-03-30 09:30:00+00:00,9081.607755097615
2026-03-30 10:30:00+00:00,9068.38964636669
2026-03-30 11:15:00+00:00,9105.356176761155
2026-03-30 11:30:00+00:00,9106.490004662772
2026-03-30 13:30:00+00:00,9107.840308196544
2026-03-30 13:45:00+00:00,9109.549962826022
2026-03-30 14:15:00+00:00,9096.277417431967
2026-03-30 14:30:00+00:00,9083.087372354357
2026-03-30 14:45:00+00:00,9071.573682550958
2026-03-30 17:15:00+00:00,9044.93478302708
2026-03-30 18:15:00+00:00,9033.073685398636
2026-03-30 19:00:00+00:00,8993.601425690627
2026-03-30 19:30:00+00:00,8980.489453753738
2026-03-30 23:00:00+00:00,8982.446222687031
2026-03-31 01:15:00+00:00,8970.985038035846
2026-03-31 07:00:00+00:00,8944.525247218338
2026-03-31 08:30:00+00:00,8981.360905731124
2026-03-31 12:00:00+00:00,8983.0534008355
2026-03-31 13:00:00+00:00,8984.823625541916
2026-03-31 13:30:00+00:00,8971.582728149737
2026-03-31 14:00:00+00:00,9008.516703001298
2026-03-31 14:15:00+00:00,8995.466342154137
2026-03-31 14:45:00+00:00,8982.236974116953
2026-03-31 15:45:00+00:00,8956.171237066868
2026-03-31 16:30:00+00:00,8958.050160856268
2026-03-31 17:00:00+00:00,8960.04784873842
2026-03-31 22:00:00+00:00,8962.042915451464
2026-03-31 22:30:00+00:00,8948.55012778546
2026-03-31 23:45:00+00:00,8948.664309196894
2026-04-01 02:15:00+00:00,8935.448450027285
2026-04-01 07:45:00+00:00,8922.282349162766
2026-04-01 12:45:00+00:00,8924.102861589496
2026-04-02 01:15:00+00:00,8960.783835702483
2026-04-02 03:15:00+00:00,8997.716233331928
2026-04-02 05:45:00+00:00,8999.654115086696
2026-04-02 08:15:00+00:00,8997.240713107723
2026-04-02 13:15:00+00:00,9034.04313612921
2026-04-02 13:30:00+00:00,9070.685169154733
2026-04-02 13:45:00+00:00,9057.573999957507
2026-04-02 14:30:00+00:00,9044.5258370054
2026-04-02 15:30:00+00:00,9035.114924824771
2026-04-02 16:30:00+00:00,9021.969368680464
2026-04-02 17:15:00+00:00,9008.782804408098
2026-04-02 20:00:00+00:00,8995.603821257537
2026-04-02 20:15:00+00:00,8982.401521111693
2026-04-02 21:30:00+00:00,8983.715405175475
2026-04-03 01:15:00+00:00,8970.538754756682
2026-04-03 03:00:00+00:00,8966.797648060829
2026-04-03 11:15:00+00:00,8967.988498064686
2026-04-03 19:00:00+00:00,8969.578940248874
2026-04-03 22:00:00+00:00,8956.07556726983
2026-04-04 02:30:00+00:00,8957.705796169701
2026-04-04 10:30:00+00:00,8959.036582329449
2026-04-05 02:00:00+00:00,8945.141180192926
2026-04-05 04:15:00+00:00,8931.122609093049
2026-04-05 05:45:00+00:00,8967.764276729089
2026-04-05 06:30:00+00:00,8954.230730140484
2026-04-05 10:30:00+00:00,8955.742601123633
2026-04-05 12:00:00+00:00,8942.201627051118
2026-04-05 13:00:00+00:00,8943.602835276324
2026-04-05 13:15:00+00:00,8929.88306772271
2026-04-05 13:30:00+00:00,8916.450786249725
2026-04-05 15:15:00+00:00,8902.884280053724
2026-04-05 22:45:00+00:00,8884.878980715284
2026-04-06 00:00:00+00:00,8921.205574165697
2026-04-06 00:15:00+00:00,8922.734076765379
2026-04-06 01:00:00+00:00,8909.37445542267
2026-04-06 01:30:00+00:00,8882.715548179389
2026-04-06 03:15:00+00:00,8884.24801428907
2026-04-06 06:30:00+00:00,8871.18222556525
2026-04-06 07:45:00+00:00,8870.449533230976
2026-04-06 09:15:00+00:00,8907.22363009624
2026-04-06 11:30:00+00:00,8945.447698893144
2026-04-06 12:00:00+00:00,8932.004386515768
2026-04-06 14:00:00+00:00,8918.330389046807
2026-04-06 14:30:00+00:00,8905.185815698746
2026-04-06 14:45:00+00:00,8906.157624743006
2026-04-06 16:45:00+00:00,8892.95817649496
2026-04-06 17:00:00+00:00,8894.464960719757
2026-04-06 21:30:00+00:00,8882.91701875184
2026-04-06 22:30:00+00:00,8869.924267169295
2026-04-06 22:45:00+00:00,8856.640557546125
2026-04-06 23:00:00+00:00,8828.858886275075
2026-04-06 23:45:00+00:00,8830.773891313134
2026-04-07 00:00:00+00:00,8817.537207287289
2026-04-07 01:00:00+00:00,8818.987608868552
2026-04-07 02:15:00+00:00,8855.945910871626
2026-04-07 04:45:00+00:00,8857.739619915666
2026-04-07 05:00:00+00:00,8858.979998902274
2026-04-07 08:00:00+00:00,8860.563301171243
2026-04-07 08:45:00+00:00,8847.038128890987
2026-04-07 09:00:00+00:00,8848.892517220436
2026-04-07 10:45:00+00:00,8885.490316009069
2026-04-07 12:15:00+00:00,8887.229387544307
2026-04-07 12:45:00+00:00,8874.05752875592
2026-04-07 14:00:00+00:00,8910.689240086529
2026-04-07 17:30:00+00:00,8912.556311120643
2026-04-07 23:30:00+00:00,8914.664306468208
2026-04-08 00:15:00+00:00,8901.72892710822
2026-04-08 00:30:00+00:00,8888.907007294029
2026-04-08 00:45:00+00:00,8876.067914453593
2026-04-08 07:00:00+00:00,8867.858041750767
2026-04-08 07:30:00+00:00,8865.042634506033
2026-04-08 11:30:00+00:00,8851.71446433164
2026-04-08 13:30:00+00:00,8853.44188477076
2026-04-08 13:45:00+00:00,8840.177076959866
2026-04-08 14:00:00+00:00,8842.223285160464
2026-04-08 14:15:00+00:00,8828.97054351106
2026-04-08 14:30:00+00:00,8815.821487936331
2026-04-08 18:45:00+00:00,8804.507901703842
2026-04-09 00:30:00+00:00,8841.21314257158
2026-04-09 02:00:00+00:00,8843.020699268205
2026-04-09 08:45:00+00:00,8839.997043862339
2026-04-09 10:15:00+00:00,8826.681397045943
2026-04-09 12:30:00+00:00,8828.346888055832
2026-04-10 12:15:00+00:00,8814.974000248727
2026-04-10 14:15:00+00:00,8801.668994692782
2026-04-10 15:15:00+00:00,8788.479813705535
2026-04-10 18:15:00+00:00,8775.329434713358
2026-04-11 04:15:00+00:00,8812.183480656553
2026-04-11 07:30:00+00:00,8813.596535210021
2026-04-11 14:00:00+00:00,8814.836250247625
2026-04-11 14:15:00+00:00,8800.915304786302
2026-04-11 15:15:00+00:00,8760.015868197726
2026-04-11 16:30:00+00:00,8746.380144238077
2026-04-11 18:30:00+00:00,8705.752086163195
2026-04-11 19:00:00+00:00,8693.487406495406
2026-04-12 01:30:00+00:00,8730.239664659744
2026-04-12 08:15:00+00:00,8725.462371746495
2026-04-12 15:30:00+00:00,8726.362101258825
2026-04-12 17:45:00+00:00,8728.39137722851
2026-04-12 20:30:00+00:00,8714.814552802967
2026-04-13 00:30:00+00:00,8701.717678085604
2026-04-13 09:30:00+00:00,8688.9043712006
2026-04-13 16:15:00+00:00,8683.093473793619
2026-04-13 22:45:00+00:00,8719.974552443993
2026-04-14 00:45:00+00:00,8706.960282487387
2026-04-14 07:30:00+00:00,8707.139705065041
2026-04-14 11:15:00+00:00,8708.75137242119
2026-04-14 11:30:00+00:00,8694.63017210422
2026-04-14 12:15:00+00:00,8667.74510264052
2026-04-14 12:30:00+00:00,8654.657677411324
2026-04-14 13:45:00+00:00,8690.26196497074
2026-04-14 14:30:00+00:00,8677.25653153039
2026-04-14 16:45:00+00:00,8678.502270519188
2026-04-14 17:30:00+00:00,8652.105495481263
2026-04-14 18:45:00+00:00,8638.587469653261
2026-04-15 03:15:00+00:00,8640.081148887442
2026-04-15 20:15:00+00:00,8627.057967959156
2026-04-15 23:30:00+00:00,8614.045613568183
2026-04-16 01:00:00+00:00,8600.984935269682
2026-04-16 13:45:00+00:00,8587.911068333142
2026-04-16 15:30:00+00:00,8625.081850636414
2026-04-16 16:15:00+00:00,8612.291934681874
2026-04-16 20:00:00+00:00,8649.391985596078
2026-04-17 01:00:00+00:00,8636.368483251465
2026-04-17 01:30:00+00:00,8623.440537784923
2026-04-17 02:15:00+00:00,8610.227961881796
2026-04-18 00:00:00+00:00,8604.932903166155
2026-04-18 02:00:00+00:00,8591.65734317277
2026-04-19 07:30:00+00:00,8578.315556531497
2026-04-19 07:45:00+00:00,8565.233522233319
2026-04-19 11:00:00+00:00,8566.90488087886
2026-04-19 12:15:00+00:00,8540.404877752693
2026-04-19 13:00:00+00:00,8527.267043301112
2026-04-19 13:15:00+00:00,8513.90525602113
2026-04-19 14:30:00+00:00,8515.804895411724
2026-04-19 14:45:00+00:00,8502.687812567367
2026-04-19 22:00:00+00:00,8539.632599466031
2026-04-20 00:15:00+00:00,8563.422837440445
2026-04-20 00:30:00+00:00,8537.175799658013
2026-04-20 02:30:00+00:00,8524.124887318203
2026-04-20 06:00:00+00:00,8525.77312687687
2026-04-20 06:30:00+00:00,8512.610126630942
2026-04-20 07:15:00+00:00,8499.324935114675
2026-04-20 13:00:00+00:00,8501.255782825147
2026-04-20 14:45:00+00:00,8500.639744371338
2026-04-20 15:15:00+00:00,8487.068688077214
2026-04-20 18:00:00+00:00,8473.613964186969
2026-04-20 21:00:00+00:00,8510.511154570253
2026-04-20 23:00:00+00:00,8497.34243456396
2026-04-21 14:30:00+00:00,8498.768974023411
2026-04-22 14:30:00+00:00,8485.262944055963
2026-04-22 16:15:00+00:00,8471.768043497448
2026-04-22 16:30:00+00:00,8473.283481882907
2026-04-22 19:30:00+00:00,8459.795265256891
2026-04-22 21:00:00+00:00,8446.293932099632
2026-04-22 23:00:00+00:00,8432.690512181507
2026-04-22 23:15:00+00:00,8426.134646468294
2026-04-22 23:30:00+00:00,8412.514865979956
2026-04-23 00:00:00+00:00,8398.742980740382
2026-04-23 09:00:00+00:00,8400.392612074686
2026-04-23 14:15:00+00:00,8436.68513668808
2026-04-23 16:45:00+00:00,8423.263791680536
2026-04-23 17:30:00+00:00,8409.882972122754
2026-04-24 04:30:00+00:00,8411.67892417742
2026-04-24 09:00:00+00:00,8413.097436444374
2026-04-24 13:30:00+00:00,8399.82840992032
2026-04-24 14:15:00+00:00,8386.272730878993
2026-04-24 22:00:00+00:00,8387.781695026653
2026-04-25 01:45:00+00:00,8389.331871541066
2026-04-25 08:30:00+00:00,8388.328001041598
2026-04-27 05:15:00+00:00,8425.0282492879
2026-04-27 11:15:00+00:00,8426.827126092905
2026-04-27 14:30:00+00:00,8413.388444254624
2026-04-27 15:15:00+00:00,8451.821059084808
2026-04-27 22:00:00+00:00,8449.754280106214
2026-04-27 23:45:00+00:00,8436.046402531221
2026-04-28 02:45:00+00:00,8437.67921689421
2026-04-28 05:30:00+00:00,8438.955514805395
2026-04-28 06:30:00+00:00,8475.13498966083
2026-04-28 09:45:00+00:00,8447.775761559651
2026-04-28 11:00:00+00:00,8449.055116610685
2026-04-28 13:00:00+00:00,8450.471538259302
2026-04-28 14:00:00+00:00,8451.714920296767
2026-04-28 14:30:00+00:00,8438.296520632903
2026-04-28 19:30:00+00:00,8424.67545463047
2026-04-28 21:15:00+00:00,8425.203506699145
2026-04-28 23:15:00+00:00,8411.712081832875
2026-04-29 01:30:00+00:00,8397.8978685805
2026-04-29 04:30:00+00:00,8434.452780228206
2026-04-29 07:30:00+00:00,8507.789723600461
2026-04-29 09:45:00+00:00,8544.753099168134
2026-04-29 10:30:00+00:00,8531.291009773087
2026-04-29 12:00:00+00:00,8518.455724611362
2026-04-29 13:30:00+00:00,8492.307840854754
2026-04-29 14:45:00+00:00,8479.489003316534
2026-04-29 15:30:00+00:00,8466.646510906621
2026-04-29 16:30:00+00:00,8453.825698450202
2026-04-29 20:00:00+00:00,8440.576719245248
2026-04-29 20:30:00+00:00,8427.49900044838
2026-04-29 21:45:00+00:00,8414.315285478091
2026-04-30 00:30:00+00:00,8400.930415621271
2026-04-30 00:45:00+00:00,8359.944485897333
2026-04-30 04:30:00+00:00,8396.579581204598
2026-04-30 05:15:00+00:00,8432.489671928734
2026-04-30 07:45:00+00:00,8433.813967156286
2026-05-01 09:15:00+00:00,8420.686897719801
2026-05-01 14:15:00+00:00,8421.981686103622
2026-05-01 14:30:00+00:00,8423.758252246269
2026-05-01 15:45:00+00:00,8425.324830686519
2026-05-01 20:30:00+00:00,8411.931418487608
2026-05-01 20:45:00+00:00,8384.994656494217
2026-05-02 03:15:00+00:00,8383.46701675795
2026-05-02 05:15:00+00:00,8384.732704851776
2026-05-02 12:00:00+00:00,8380.144248451092
2026-05-03 15:45:00+00:00,8380.734404991503
2026-05-03 20:45:00+00:00,8381.325836603713
2026-05-04 05:15:00+00:00,8367.962040870389
2026-05-04 06:15:00+00:00,8354.85592834471
2026-05-04 10:00:00+00:00,8301.69399268602
2026-05-04 12:45:00+00:00,8275.197900469306
2026-05-04 17:15:00+00:00,8262.072014725187
2026-05-05 01:30:00+00:00,8248.559366527861
2026-05-05 02:00:00+00:00,8222.116818628418
2026-05-05 02:15:00+00:00,8208.574323902572
2026-05-05 05:30:00+00:00,8181.879611121424
2026-05-05 06:45:00+00:00,8168.514459239644
2026-05-05 07:30:00+00:00,8141.781029396882
2026-05-05 09:45:00+00:00,8130.061767587163
2026-05-05 10:15:00+00:00,8116.52670817204
2026-05-05 12:00:00+00:00,8118.049866387916
2026-05-05 12:30:00+00:00,8091.545923375098
2026-05-05 13:00:00+00:00,8078.081979236498
2026-05-05 13:45:00+00:00,8064.594796249494
2026-05-05 18:00:00+00:00,8051.5718910517135
2026-05-05 20:00:00+00:00,8038.446433660432
2026-05-05 20:15:00+00:00,8040.122454830649
2026-05-05 21:00:00+00:00,8026.6286566688
2026-05-05 22:45:00+00:00,8016.856594036283
2026-05-06 01:00:00+00:00,8018.767169421476
2026-05-06 01:45:00+00:00,8005.437693763407
2026-05-06 02:15:00+00:00,8006.91518408463
2026-05-06 03:15:00+00:00,7993.5320208751455
2026-05-06 03:30:00+00:00,7980.430770329451
2026-05-06 04:00:00+00:00,7967.103988385519
2026-05-06 08:00:00+00:00,7953.869772038785
2026-05-06 08:15:00+00:00,7927.501776502121
2026-05-06 08:30:00+00:00,7914.241813991245
2026-05-06 08:45:00+00:00,7900.893761771583
2026-05-06 09:15:00+00:00,7873.9526253020495
2026-05-06 13:00:00+00:00,7875.624418077195
2026-05-06 13:45:00+00:00,7912.52018382534
2026-05-06 14:00:00+00:00,7899.370798437789
2026-05-06 16:00:00+00:00,7923.192035542202
2026-05-06 20:45:00+00:00,7922.646495496494
2026-05-06 21:45:00+00:00,7909.633118468621
2026-05-06 23:00:00+00:00,7895.985301836742
2026-05-07 00:30:00+00:00,7897.9039880454
2026-05-07 01:30:00+00:00,7899.626740462501
2026-05-07 02:30:00+00:00,7886.204300371481
2026-05-07 04:15:00+00:00,7888.152999963703
2026-05-07 05:00:00+00:00,7874.657618176259
2026-05-07 06:30:00+00:00,7862.718488472522
2026-05-07 06:45:00+00:00,7836.496097209762
2026-05-07 12:00:00+00:00,7837.842239382968
2026-05-07 13:45:00+00:00,7876.117150032972
2026-05-07 14:30:00+00:00,7912.877465409806
2026-05-07 15:15:00+00:00,7949.823662175065
2026-05-07 15:30:00+00:00,7951.684329595976
2026-05-07 17:15:00+00:00,7988.170484417635
2026-05-07 18:15:00+00:00,7974.717447147484
2026-05-07 21:45:00+00:00,7971.429585126406
2026-05-08 00:00:00+00:00,7971.285783455878
2026-05-08 08:45:00+00:00,7974.0990490280765
2026-05-08 09:15:00+00:00,7975.855639780546
2026-05-08 10:45:00+00:00,7961.618975436892
2026-05-08 11:45:00+00:00,7947.815011292943
2026-05-08 12:30:00+00:00,7933.670709138275
2026-05-08 14:00:00+00:00,7906.771677231262
2026-05-08 14:15:00+00:00,7894.0861373136
2026-05-08 15:30:00+00:00,7895.450682715702
2026-05-08 15:45:00+00:00,7881.952121068935
2026-05-08 17:15:00+00:00,7856.475680437074
2026-05-08 17:30:00+00:00,7843.062188495049
2026-05-08 18:00:00+00:00,7829.512253571055
2026-05-08 18:15:00+00:00,7816.249108205366
2026-05-08 20:15:00+00:00,7802.994534118615
2026-05-08 22:15:00+00:00,7794.883601288422
2026-05-09 03:15:00+00:00,7780.653688059463
2026-05-09 13:15:00+00:00,7766.104332564639
2026-05-09 13:30:00+00:00,7767.802458877516
2026-05-09 14:15:00+00:00,7753.228032799949
2026-05-09 15:00:00+00:00,7738.631381714786
2026-05-10 00:30:00+00:00,7739.156408494824
2026-05-10 08:00:00+00:00,7725.089463480906
2026-05-10 19:00:00+00:00,7711.966580407616
2026-05-11 00:45:00+00:00,7698.673555362732
2026-05-11 06:00:00+00:00,7672.716725405147
2026-05-11 09:45:00+00:00,7674.551968312282
2026-05-11 13:45:00+00:00,7673.723469007368
2026-05-11 14:00:00+00:00,7660.474076660493
2026-05-11 14:45:00+00:00,7662.133420110487
2026-05-12 07:15:00+00:00,7663.725323297887
2026-05-12 08:15:00+00:00,7650.268352337902
2026-05-12 10:30:00+00:00,7687.128249666436
2026-05-12 13:45:00+00:00,7723.741699194911
2026-05-12 17:15:00+00:00,7725.360947247745
2026-05-12 18:45:00+00:00,7728.936374163347
2026-05-12 22:00:00+00:00,7715.509732376086
2026-05-13 00:15:00+00:00,7704.9677693761105
2026-05-13 01:00:00+00:00,7691.550854604125
2026-05-13 04:30:00+00:00,7664.48530599558
2026-05-13 08:45:00+00:00,7661.396530216362
2026-05-13 09:30:00+00:00,7698.050452284744
2026-05-13 11:00:00+00:00,7686.462825855223
2026-05-13 12:30:00+00:00,7659.752756849563
2026-05-13 13:45:00+00:00,7646.7111094132515
2026-05-13 17:00:00+00:00,7648.380654975928
2026-05-13 18:00:00+00:00,7650.333893613105
2026-05-13 18:15:00+00:00,7651.62638183821
2026-05-13 20:30:00+00:00,7653.2864248343985
2026-05-13 22:30:00+00:00,7654.694524257735
2026-05-13 23:00:00+00:00,7656.52885090287
2026-05-14 00:00:00+00:00,7642.871610645444
2026-05-14 00:30:00+00:00,7640.182677315367
2026-05-14 03:15:00+00:00,7676.305396003772
2026-05-14 05:15:00+00:00,7677.208066753445
2026-05-14 05:30:00+00:00,7678.822947438039
2026-05-14 05:45:00+00:00,7664.951001350661
2026-05-14 12:30:00+00:00,7666.588654833857
2026-05-14 13:00:00+00:00,7667.738002533287
2026-05-14 14:15:00+00:00,7669.244867792434
2026-05-14 14:45:00+00:00,7655.931925168615
2026-05-14 15:45:00+00:00,7642.669769281428
2026-05-14 17:00:00+00:00,7644.503984565843
2026-05-14 20:00:00+00:00,7631.598097263118
2026-05-14 20:30:00+00:00,7618.659224408229
2026-05-15 07:15:00+00:00,7605.635549983941
2026-05-15 12:00:00+00:00,7592.211827378669
2026-05-15 13:15:00+00:00,7578.801204993575
2026-05-15 13:45:00+00:00,7615.781924068722
2026-05-15 14:00:00+00:00,7617.449776058807
2026-05-15 16:30:00+00:00,7577.800372935442
2026-05-15 18:00:00+00:00,7564.424802169279
2026-05-15 20:30:00+00:00,7561.759341471788
2026-05-16 01:30:00+00:00,7548.062871377633
2026-05-16 04:15:00+00:00,7534.308073072992
2026-05-16 06:00:00+00:00,7520.585237795104
2026-05-16 06:45:00+00:00,7557.346905543619
2026-05-16 07:00:00+00:00,7580.08589137515
2026-05-16 08:30:00+00:00,7581.836524743111
2026-05-16 09:15:00+00:00,7583.535066339003
2026-05-16 10:15:00+00:00,7619.564644451711
2026-05-16 13:15:00+00:00,7656.357629933829
2026-05-16 14:30:00+00:00,7629.38508771417
2026-05-16 15:30:00+00:00,7615.989690009526
2026-05-16 18:45:00+00:00,7589.170402744881
2026-05-16 21:15:00+00:00,7578.907548859527
2026-05-16 22:30:00+00:00,7579.348038968351
2026-05-17 00:45:00+00:00,7614.099350559962
2026-05-17 01:00:00+00:00,7650.059220580999
2026-05-17 01:30:00+00:00,7636.102511022668
2026-05-17 02:45:00+00:00,7637.602470452703
2026-05-17 03:30:00+00:00,7623.741743186977
2026-05-17 04:15:00+00:00,7660.099299626015
2026-05-17 05:00:00+00:00,7646.2054187311705
2026-05-17 07:15:00+00:00,7682.718951989802
2026-05-17 08:15:00+00:00,7669.241195470787
2026-05-17 10:00:00+00:00,7654.631203697321
2026-05-17 11:00:00+00:00,7657.135923051816
2026-05-17 12:30:00+00:00,7643.2009274102265
2026-05-17 13:00:00+00:00,7629.772407677131
2026-05-17 14:00:00+00:00,7616.026658493309
2026-05-17 14:15:00+00:00,7651.280407032286
2026-05-17 17:00:00+00:00,7673.260319856481
2026-05-17 17:30:00+00:00,7659.9090649715645
2026-05-17 22:00:00+00:00,7662.827580870798
2026-05-18 01:45:00+00:00,7649.81025076903
2026-05-18 03:30:00+00:00,7623.839206752591
2026-05-18 04:15:00+00:00,7610.861516342054
2026-05-18 06:00:00+00:00,7597.7564508875075
2026-05-18 06:15:00+00:00,7586.58213666765
2026-05-18 13:30:00+00:00,7588.434451330784
2026-05-18 14:30:00+00:00,7592.311094878782
2026-05-18 16:00:00+00:00,7578.900551793866
2026-05-18 17:45:00+00:00,7565.547629672673
2026-05-18 18:45:00+00:00,7552.513698548656
2026-05-18 19:00:00+00:00,7539.026795256483
2026-05-19 10:30:00+00:00,7541.03407365996
2026-05-22 12:45:00+00:00,7527.570497850726
2026-05-22 14:15:00+00:00,7564.142669390316
2026-05-22 18:45:00+00:00,7600.920273150717
2026-05-22 19:30:00+00:00,7637.9433520953735
2026-05-22 19:45:00+00:00,7639.8234640824785
2026-05-23 02:00:00+00:00,7636.183585105584
2026-05-23 07:45:00+00:00,7672.056148650588
2026-05-23 13:00:00+00:00,7731.810038582378
2026-05-23 13:45:00+00:00,7704.02312618547
2026-05-23 14:30:00+00:00,7690.46259737288
2026-05-23 21:00:00+00:00,7677.3785502937535
2026-05-23 21:15:00+00:00,7664.223543989472
2026-05-23 21:30:00+00:00,7651.143229995669
2026-05-23 22:30:00+00:00,7625.020400193813
2026-05-24 02:15:00+00:00,7611.921951060472
2026-05-24 05:00:00+00:00,7611.904535687241
2026-05-24 05:15:00+00:00,7608.035679190232
2026-05-24 06:15:00+00:00,7609.546257661371
2026-05-24 07:15:00+00:00,7611.18732596694
2026-05-24 09:15:00+00:00,7611.20340039213
2026-05-24 10:15:00+00:00,7646.864124928832
2026-05-24 10:45:00+00:00,7648.230002485162
2026-05-24 13:15:00+00:00,7634.043704265379
2026-05-24 13:45:00+00:00,7606.84239410919
2026-05-24 14:15:00+00:00,7510.667607611397
2026-05-24 21:00:00+00:00,7490.52106467968
2026-05-24 21:30:00+00:00,7469.516158068794
2026-05-24 23:30:00+00:00,7506.089670029824
2026-05-25 01:45:00+00:00,7507.342121941388
2026-05-25 02:00:00+00:00,7509.032153112977
2026-05-25 09:15:00+00:00,7510.71467272481
2026-05-25 11:15:00+00:00,7497.075629302518
2026-05-25 11:45:00+00:00,7498.119610341362
2026-05-25 12:15:00+00:00,7533.985016420287
2026-05-25 15:15:00+00:00,7535.003671955072
2026-05-25 16:00:00+00:00,7521.529088977688
2026-05-25 17:15:00+00:00,7507.664111384367
2026-05-25 17:45:00+00:00,7509.174884364881
2026-05-25 19:30:00+00:00,7509.691433083133
2026-05-25 20:30:00+00:00,7494.939445495344
2026-05-25 22:30:00+00:00,7480.2835193216315
2026-05-26 00:30:00+00:00,7464.151307436674
2026-05-26 00:45:00+00:00,7450.612810918844
2026-05-26 01:30:00+00:00,7437.180117666701
2026-05-26 04:00:00+00:00,7423.778898408378
2026-05-26 05:30:00+00:00,7460.353227777341
2026-05-26 08:00:00+00:00,7448.500324807846
2026-05-26 10:15:00+00:00,7435.081959767615
2026-05-26 18:15:00+00:00,7436.971505595971
2026-05-27 00:45:00+00:00,7423.880071762955
2026-05-27 03:00:00+00:00,7421.868673005253
2026-05-27 04:30:00+00:00,7458.269464147654
2026-05-27 07:00:00+00:00,7481.388120050504
2026-05-27 10:15:00+00:00,7482.737692496786
2026-05-27 12:15:00+00:00,7470.689855119253
2026-05-27 14:00:00+00:00,7456.9924494315965
2026-05-27 15:00:00+00:00,7443.763121472511
2026-05-27 15:15:00+00:00,7430.19525808552
2026-05-28 03:15:00+00:00,7466.688786710836
2026-05-28 03:45:00+00:00,7540.31634674344
2026-05-28 04:30:00+00:00,7541.944897608776
2026-05-28 10:00:00+00:00,7530.460545561788
2026-05-28 11:15:00+00:00,7517.651350212881
2026-05-28 13:00:00+00:00,7504.190825313996
2026-05-28 14:00:00+00:00,7540.330718186425
2026-05-28 14:15:00+00:00,7537.4584381089
2026-05-28 16:45:00+00:00,7522.8483862995445
2026-05-28 21:30:00+00:00,7509.415274086053
2026-05-29 04:00:00+00:00,7495.899600243566
2026-05-29 14:45:00+00:00,7497.504027358835
2026-05-30 01:00:00+00:00,7484.133953429903
2026-05-30 06:00:00+00:00,7520.575267123924
2026-05-30 14:00:00+00:00,7557.123326262185
2026-05-30 14:30:00+00:00,7543.207113273496
2026-05-30 15:45:00+00:00,7579.721098793876
2026-05-30 16:00:00+00:00,7565.87941091624
2026-05-30 17:15:00+00:00,7567.713659059087
2026-05-30 21:30:00+00:00,7590.959393648199
2026-05-30 22:00:00+00:00,7578.032757564628
2026-05-31 02:00:00+00:00,7564.269417291765
2026-05-31 02:45:00+00:00,7601.37375674393
2026-05-31 03:00:00+00:00,7587.729997045633
2026-05-31 07:00:00+00:00,7574.769984527143
2026-05-31 07:30:00+00:00,7561.772619810539
2026-05-31 08:15:00+00:00,7563.356388946263
2026-05-31 13:15:00+00:00,7564.652148981524
2026-05-31 14:15:00+00:00,7566.678409564328
2026-05-31 14:30:00+00:00,7604.33225985808
2026-05-31 16:15:00+00:00,7591.29433335882
2026-05-31 16:30:00+00:00,7590.632261382349
2026-05-31 20:45:00+00:00,7592.400455748747
2026-05-31 21:45:00+00:00,7578.893353664352
2026-05-31 23:00:00+00:00,7551.750577038599
2026-06-01 00:30:00+00:00,7538.045077131528
2026-06-01 04:45:00+00:00,7574.507484428323
2026-06-01 16:45:00+00:00,7561.394509495105
2026-06-01 17:45:00+00:00,7548.2997054686475
2026-06-01 22:15:00+00:00,7550.046370201068
2026-06-01 23:00:00+00:00,7547.713239910244
2026-06-01 23:30:00+00:00,7534.169604825332
2026-06-02 02:00:00+00:00,7570.65955785306
2026-06-02 09:15:00+00:00,7607.376987087656
2026-06-02 14:15:00+00:00,7644.0425723810695
2026-06-02 16:00:00+00:00,7682.697801837878
2026-06-02 19:30:00+00:00,7723.769845558849
2026-06-02 21:00:00+00:00,7725.6702820842875
2026-06-02 23:15:00+00:00,7762.736521616816
2026-06-03 03:15:00+00:00,7799.6641761408
2026-06-03 03:30:00+00:00,7786.8233510551245
2026-06-03 04:00:00+00:00,7773.769622141863
2026-06-03 04:45:00+00:00,7775.916435143396
2026-06-03 05:00:00+00:00,7762.883447223001
2026-06-03 06:30:00+00:00,7799.965426432087
2026-06-03 11:45:00+00:00,7798.489764622608
2026-06-03 13:30:00+00:00,7790.653332663604
2026-06-03 21:45:00+00:00,7792.734376759848
2026-06-03 23:00:00+00:00,7829.613794987221
2026-06-04 00:30:00+00:00,7866.750969998877
2026-06-04 01:45:00+00:00,7853.938892056033
2026-06-04 07:00:00+00:00,7856.169744311948
2026-06-04 08:00:00+00:00,7858.412857448506
2026-06-04 08:15:00+00:00,7845.536177513848
2026-06-04 09:15:00+00:00,7834.932845182821
2026-06-04 21:15:00+00:00,7824.218923856054
2026-06-04 21:30:00+00:00,7826.343713996083
2026-06-05 01:00:00+00:00,7813.577563219825
2026-06-05 02:30:00+00:00,7800.843293454199
2026-06-05 03:45:00+00:00,7788.138485207354
2026-06-05 07:00:00+00:00,7775.460345311829
2026-06-05 08:30:00+00:00,7777.710774271241
2026-06-05 12:00:00+00:00,7764.954852247671
2026-06-05 13:45:00+00:00,7754.363385886906
2026-06-05 15:00:00+00:00,7725.4335625177555
2026-06-05 15:30:00+00:00,7699.92012063506
2026-06-05 15:45:00+00:00,7687.21637986614
2026-06-05 16:00:00+00:00,7674.467738792537
2026-06-05 18:15:00+00:00,7676.7152816105445
2026-06-05 18:45:00+00:00,7663.943561714826
2026-06-05 19:00:00+00:00,7638.426570937173
2026-06-05 23:15:00+00:00,7640.715660602392
2026-06-06 04:00:00+00:00,7645.195608711504
2026-06-06 06:15:00+00:00,7682.454092908907
2026-06-06 09:00:00+00:00,7756.894349152795
2026-06-06 09:45:00+00:00,7759.081199750749
2026-06-06 10:00:00+00:00,7748.567311481948
2026-06-06 10:30:00+00:00,7735.684305675026
2026-06-06 15:00:00+00:00,7737.8906691325965
2026-06-06 15:15:00+00:00,7740.054421126887
2026-06-06 17:45:00+00:00,7727.133525313831
2026-06-07 08:30:00+00:00,7764.354312658342
2026-06-08 12:00:00+00:00,7751.35091186617
2026-06-08 16:45:00+00:00,7753.3930780141245
2026-06-08 17:00:00+00:00,7740.302653072157
2026-06-08 20:15:00+00:00,7727.117315579125
2026-06-08 22:00:00+00:00,7717.735752782422
2026-06-09 17:15:00+00:00,7719.634322536204
2026-06-11 01:30:00+00:00,7706.577168049421
2026-06-11 09:00:00+00:00,7708.616545730585
2026-06-11 12:00:00+00:00,7710.223870859184
2026-06-11 12:15:00+00:00,7711.743975437499
2026-06-11 15:00:00+00:00,7699.981530772735
2026-06-11 17:15:00+00:00,7686.626590457381
2026-06-11 17:45:00+00:00,7723.465669020583
2026-06-11 20:15:00+00:00,7762.2003401558095
2026-06-11 20:30:00+00:00,7736.297864664393
2026-06-12 01:15:00+00:00,7737.949354897717
2026-06-12 03:15:00+00:00,7728.281013505716
2026-06-12 04:30:00+00:00,7729.987980133391
2026-06-12 05:00:00+00:00,7731.2689929653025
2026-06-12 05:30:00+00:00,7717.861630251408
2026-06-12 06:15:00+00:00,7704.145477608617
2026-06-12 08:15:00+00:00,7692.517576157871
2026-06-12 09:15:00+00:00,7728.852277013876
2026-06-12 10:15:00+00:00,7738.594496079965
2026-06-12 12:30:00+00:00,7711.63005908868
2026-06-12 13:30:00+00:00,7697.928361743709
2026-06-12 15:00:00+00:00,7720.395040428708
2026-06-12 15:45:00+00:00,7707.029498464704
2026-06-12 20:45:00+00:00,7693.804483441902
2026-06-12 21:45:00+00:00,7730.93826301797
2026-06-12 23:00:00+00:00,7731.686470035831
2026-06-13 01:00:00+00:00,7733.6251746734615
2026-06-13 07:15:00+00:00,7720.37605260442
2026-06-13 10:15:00+00:00,7706.9485844812025
2026-06-13 10:45:00+00:00,7693.908522235765
2026-06-13 11:15:00+00:00,7680.306876805629
2026-06-13 12:30:00+00:00,7666.716083518172
2026-06-13 16:00:00+00:00,7668.587748927545
2026-06-13 21:30:00+00:00,7670.113096793442
2026-06-14 04:30:00+00:00,7673.037277608719
2026-06-14 06:30:00+00:00,7658.6374287758135
2026-06-14 09:15:00+00:00,7644.292617783014
2026-06-14 12:30:00+00:00,7680.895520430977
2026-06-14 12:45:00+00:00,7666.534549339105
2026-06-14 13:15:00+00:00,7703.392117338855
2026-06-14 14:30:00+00:00,7689.037164942483
2026-06-15 02:00:00+00:00,7727.271355996422
2026-06-15 07:00:00+00:00,7725.483916797358
2026-06-15 07:30:00+00:00,7722.018495105409
2026-06-15 08:45:00+00:00,7715.25686699261
2026-06-15 10:45:00+00:00,7751.786921665763
2026-06-15 11:15:00+00:00,7788.446375154999
2026-06-15 12:15:00+00:00,7825.4237829957865
2026-06-15 13:15:00+00:00,7812.327496964363
2026-06-15 15:00:00+00:00,7799.485943878335
2026-06-15 15:45:00+00:00,7786.420246631907
2026-06-15 16:15:00+00:00,7823.480149621828
2026-06-15 19:15:00+00:00,7825.425021480803
2026-06-15 19:45:00+00:00,7812.55298959406
2026-06-15 21:00:00+00:00,7799.672973604313
2026-06-15 21:30:00+00:00,7786.554895219412
2026-06-15 22:15:00+00:00,7773.5195380672785
2026-06-15 23:15:00+00:00,7797.560652358058
2026-06-16 02:00:00+00:00,7784.56213091891
2026-06-16 02:15:00+00:00,7771.410154445713
2026-06-16 04:30:00+00:00,7760.2810780241125
2026-06-16 07:30:00+00:00,7746.996178689039
2026-06-16 08:15:00+00:00,7783.800237820874
2026-06-16 08:45:00+00:00,7743.880676696414
2026-06-16 12:15:00+00:00,7732.193537674067
2026-06-16 12:30:00+00:00,7735.714630876045
2026-06-16 13:45:00+00:00,7772.434483419363
2026-06-16 14:15:00+00:00,7846.096528369204
2026-06-16 17:45:00+00:00,7833.117844161418
2026-06-17 00:30:00+00:00,7805.839174992486
2026-06-17 01:00:00+00:00,7792.732033897581
2026-06-17 01:45:00+00:00,7779.6650531406185
2026-06-17 02:15:00+00:00,7781.733258410556
2026-06-17 07:00:00+00:00,7783.683144879546
2026-06-17 08:45:00+00:00,7820.527836176334
2026-06-17 09:45:00+00:00,7822.427112453605
2026-06-17 12:45:00+00:00,7824.226341826882
2026-06-17 13:30:00+00:00,7826.059864957533
2026-06-17 14:00:00+00:00,7827.438488183208
2026-06-17 15:15:00+00:00,7829.443054514765
2026-06-17 15:45:00+00:00,7816.483655801441
2026-06-17 17:45:00+00:00,7818.4148669579
2026-06-17 18:30:00+00:00,7792.67709076875
2026-06-18 01:45:00+00:00,7791.281693448109
2026-06-18 04:00:00+00:00,7828.484586558108
2026-06-18 05:00:00+00:00,7865.354167495575
2026-06-18 07:15:00+00:00,7852.065625600418
2026-06-18 08:00:00+00:00,7840.833968826177
2026-06-18 10:15:00+00:00,7827.537600208299
2026-06-18 13:30:00+00:00,7829.191009642663
2026-06-18 14:00:00+00:00,7865.504330177273
2026-06-18 15:15:00+00:00,7852.432172905902
2026-06-18 15:30:00+00:00,7889.037818141798
2026-06-18 18:15:00+00:00,7875.890791110084
2026-06-18 19:45:00+00:00,7862.904746486765
2026-06-18 20:00:00+00:00,7849.676599627869
2026-06-19 03:15:00+00:00,7851.739963203158
2026-06-19 13:30:00+00:00,7853.402752626621
2026-06-19 13:45:00+00:00,7855.281600660587
2026-06-19 16:00:00+00:00,7843.231008248398
2026-06-19 21:00:00+00:00,7840.538833951837
2026-06-19 22:45:00+00:00,7833.606102363029
2026-06-19 23:45:00+00:00,7819.483350209923
2026-06-20 06:30:00+00:00,7805.484218716218
2026-06-20 06:45:00+00:00,7807.608458062584
2026-06-20 09:15:00+00:00,7809.413207880431
2026-06-20 13:30:00+00:00,7811.5499005542115
2026-06-20 14:00:00+00:00,7848.239127811557
2026-06-20 20:15:00+00:00,7849.542641304304
2026-06-21 07:00:00+00:00,7836.162772263916
2026-06-22 13:30:00+00:00,7872.778071513163
2026-06-22 14:30:00+00:00,7874.632718678258
2026-06-23 06:00:00+00:00,7861.557077327299
2026-06-23 06:15:00+00:00,7934.9768192546335
2026-06-23 08:15:00+00:00,7971.743607650215
2026-06-23 11:45:00+00:00,7945.647583601265
2026-06-23 13:45:00+00:00,7947.036522998104
2026-06-23 16:00:00+00:00,7948.587662183071
2026-06-23 20:00:00+00:00,7950.257072191231
2026-06-23 23:45:00+00:00,7936.68440738494
2026-06-24 00:00:00+00:00,7923.698203772669
2026-06-24 01:30:00+00:00,7910.131288825245
2026-06-24 04:15:00+00:00,7896.777506836753
2026-06-24 10:15:00+00:00,7898.442337114011
2026-06-24 11:00:00+00:00,7935.361068075035
2026-06-24 11:15:00+00:00,7921.81866987031
2026-06-24 13:00:00+00:00,7958.513966166961
2026-06-24 13:15:00+00:00,7947.38205678205
2026-06-24 15:30:00+00:00,7934.310674657802
2026-06-24 16:45:00+00:00,7971.119417258781
2026-06-24 17:15:00+00:00,7982.30764540794
2026-06-24 18:15:00+00:00,7984.257333012613
2026-06-24 19:00:00+00:00,7988.5442778129955
2026-06-24 20:00:00+00:00,7975.506175391088
2026-06-24 21:45:00+00:00,7999.758272599819
2026-06-24 22:00:00+00:00,7986.867766562512
2026-06-25 02:45:00+00:00,7986.589811686297
2026-06-25 04:30:00+00:00,7978.428221517124
2026-06-25 04:45:00+00:00,7964.947678719751
2026-06-25 07:00:00+00:00,7966.8397447876305
2026-06-25 10:15:00+00:00,7953.5603746102815
2026-06-25 10:30:00+00:00,7940.427246436972
2026-06-25 11:00:00+00:00,7926.845266949746
2026-06-25 11:45:00+00:00,7950.306039667882
2026-06-25 12:15:00+00:00,7936.791251933474
2026-06-25 12:30:00+00:00,7910.32406440139
2026-06-25 13:30:00+00:00,7870.64032336583
2026-06-25 14:30:00+00:00,7907.813127847822
2026-06-25 17:15:00+00:00,7944.932823682163
2026-06-25 21:15:00+00:00,7947.12601661896
2026-06-26 01:00:00+00:00,7946.608198030248
2026-06-26 02:00:00+00:00,7948.68097191242
2026-06-26 02:15:00+00:00,7985.786999791748
2026-06-26 02:45:00+00:00,7972.7163405707415
2026-06-26 03:15:00+00:00,7959.783225408494
2026-06-26 07:30:00+00:00,7996.767379252798
2026-06-26 08:30:00+00:00,7998.825705159929
2026-06-26 09:45:00+00:00,7972.803605515733
2026-06-26 10:30:00+00:00,7959.750157621822
2026-06-26 11:15:00+00:00,7946.563276762161
2026-06-26 12:00:00+00:00,7948.4590358550495
2026-06-26 12:30:00+00:00,7922.013625749337
2026-06-26 13:15:00+00:00,7908.8341696215375
2026-06-26 14:15:00+00:00,7919.6996284628
2026-06-26 16:15:00+00:00,7921.895879316966
2026-06-26 23:00:00+00:00,7917.907389177161
2026-06-27 03:15:00+00:00,7919.542667540209
2026-06-27 05:45:00+00:00,7919.564555473042
2026-06-27 14:00:00+00:00,7956.342405155113
2026-06-29 23:15:00+00:00,7943.376249045857
2026-06-30 00:30:00+00:00,7930.555797205344
2026-06-30 12:00:00+00:00,7967.277563127714
2026-06-30 12:45:00+00:00,8003.481577723197
2026-06-30 13:30:00+00:00,8026.556225288068
2026-06-30 14:00:00+00:00,8000.105632879736
2026-06-30 15:45:00+00:00,7975.451875580385
2026-07-01 01:00:00+00:00,8012.183654070174
