time,equity
2021-04-02 17:30:00+00:00,5000.0
2021-04-02 23:15:00+00:00,5000.522444324434
2021-04-03 00:15:00+00:00,4986.118913772728
2021-04-03 05:15:00+00:00,4971.726296571361
2021-04-05 08:30:00+00:00,4972.473214089914
2021-04-05 09:45:00+00:00,4958.355341266491
2021-04-05 12:00:00+00:00,4944.14737792515
2021-04-05 14:00:00+00:00,4929.80186724151
2021-04-06 12:15:00+00:00,4915.663681974365
2021-04-06 14:15:00+00:00,4951.54883661571
2021-04-06 17:30:00+00:00,4937.791299224067
2021-04-07 00:00:00+00:00,4938.6711195556145
2021-04-07 01:15:00+00:00,4974.215306785876
2021-04-07 02:30:00+00:00,4960.1029919727525
2021-04-07 05:00:00+00:00,4960.889052038571
2021-04-07 05:30:00+00:00,4946.765476478857
2021-04-07 09:15:00+00:00,4948.066811365468
2021-04-07 19:00:00+00:00,4984.634399445748
2021-04-08 01:15:00+00:00,4970.8278867497975
2021-04-08 04:15:00+00:00,4956.862382664408
2021-04-08 06:00:00+00:00,4942.803814587801
2021-04-10 12:30:00+00:00,4929.243769151511
2021-04-13 18:45:00+00:00,4930.697546358937
2021-04-16 05:15:00+00:00,4916.9603866565885
2021-04-16 11:15:00+00:00,4953.374758848273
2021-04-16 14:15:00+00:00,4939.895985467274
2021-04-16 20:30:00+00:00,4926.389395982086
2021-04-17 01:00:00+00:00,4927.31863779591
2021-04-17 13:30:00+00:00,4928.485332189915
2021-04-17 19:15:00+00:00,4929.697258839123
2021-04-18 01:15:00+00:00,4965.938836482982
2021-04-18 03:15:00+00:00,5002.343620984304
2021-04-25 21:30:00+00:00,4988.917107773459
2021-04-26 00:00:00+00:00,5025.70302895011
2021-04-29 20:00:00+00:00,5061.899885524743
2021-04-30 04:00:00+00:00,5048.148415781018
2021-04-30 07:00:00+00:00,5034.181417376234
2021-05-02 16:15:00+00:00,5035.291844882298
2021-05-02 21:00:00+00:00,5021.288849551364
2021-05-03 00:00:00+00:00,5021.904170387074
2021-05-03 00:30:00+00:00,5007.829525120873
2021-05-03 01:30:00+00:00,4993.841814610715
2021-05-03 07:15:00+00:00,4979.982655373678
2021-05-03 16:30:00+00:00,4981.184613794449
2021-05-04 00:45:00+00:00,5017.600964365141
2021-05-05 00:15:00+00:00,5019.362060936787
2021-05-06 18:45:00+00:00,5055.73750345448
2021-05-06 19:45:00+00:00,5042.3099734888665
2021-05-06 21:45:00+00:00,5028.904814201591
2021-05-06 23:30:00+00:00,5015.3029202153575
2021-05-07 00:15:00+00:00,5001.63865547177
2021-05-07 10:00:00+00:00,5003.068434233217
2021-05-10 15:45:00+00:00,5004.534860423985
2021-05-10 19:30:00+00:00,5041.189067912217
2021-05-11 06:45:00+00:00,5043.0437828995755
2021-05-13 14:00:00+00:00,5044.979511749901
2021-05-16 20:30:00+00:00,5032.044493196353
2021-05-17 01:15:00+00:00,5034.1467776232475
2021-05-17 20:45:00+00:00,5021.16739341967
2021-05-18 19:30:00+00:00,5023.131909505067
2021-05-18 23:45:00+00:00,5025.056384018281
2021-05-19 01:30:00+00:00,5062.007283866417
2021-05-19 10:00:00+00:00,5064.1068027023475
2021-05-19 12:30:00+00:00,5051.277196415245
2021-05-19 13:00:00+00:00,5038.589263118304
2021-05-19 13:45:00+00:00,5040.966524914985
2021-05-20 00:30:00+00:00,5043.354664648853
2021-05-20 12:15:00+00:00,5080.626953689487
2021-05-20 16:00:00+00:00,5067.72855674255
2021-05-20 16:30:00+00:00,5054.885477774184
2021-05-20 22:30:00+00:00,5057.074749266496
2021-05-26 15:15:00+00:00,5093.781595894278
2021-05-26 21:45:00+00:00,5080.613804904803
2021-05-27 03:00:00+00:00,5117.35784936812
2021-05-27 05:45:00+00:00,5104.133305143522
2021-05-27 08:00:00+00:00,5090.894144359005
2021-05-31 14:15:00+00:00,5077.636783721268
2021-05-31 19:30:00+00:00,5079.396677445274
2021-06-01 23:00:00+00:00,5066.19739355149
2021-06-07 20:45:00+00:00,5102.563405381107
2021-06-08 15:15:00+00:00,5089.413503840876
2021-06-08 20:15:00+00:00,5126.295301719927
2021-06-09 03:00:00+00:00,5128.029771903059
2021-06-09 15:00:00+00:00,5164.821522928269
2021-06-09 19:00:00+00:00,5151.811499801749
2021-06-10 10:00:00+00:00,5188.708493539829
2021-06-10 14:00:00+00:00,5175.537338226103
2021-06-16 04:30:00+00:00,5176.925482038186
2021-06-16 11:00:00+00:00,5212.944817986746
2021-06-16 16:00:00+00:00,5214.408941018435
2021-06-17 01:15:00+00:00,5215.379676627016
2021-06-17 03:30:00+00:00,5201.809021683736
2021-06-17 06:15:00+00:00,5187.926175116371
2021-06-17 09:45:00+00:00,5174.08637266681
2021-06-17 14:00:00+00:00,5210.230002762003
2021-06-17 15:45:00+00:00,5196.507018391511
2021-06-17 17:15:00+00:00,5232.864926375924
2021-06-17 20:15:00+00:00,5233.012418361559
2021-06-17 23:00:00+00:00,5219.500856945077
2021-06-18 02:45:00+00:00,5220.881335836214
2021-06-18 07:30:00+00:00,5222.382983076472
2021-06-18 10:15:00+00:00,5223.694824533834
2021-06-18 14:00:00+00:00,5260.169116806648
2021-06-23 01:00:00+00:00,5297.155392685099
2021-06-23 19:45:00+00:00,5283.887400434031
2021-06-23 21:30:00+00:00,5284.320267545236
2021-06-24 18:00:00+00:00,5320.95994428478
2021-06-25 00:45:00+00:00,5316.903600534828
2021-06-25 02:00:00+00:00,5353.418261331526
2021-06-25 03:30:00+00:00,5340.081436292652
2021-06-25 09:30:00+00:00,5341.667064801166
2021-06-27 18:00:00+00:00,5343.343272991644
2021-06-28 13:45:00+00:00,5344.976288401598
2021-07-01 06:45:00+00:00,5381.386794663376
2021-07-05 01:15:00+00:00,5367.5180402956485
2021-07-05 03:45:00+00:00,5353.789219504946
2021-07-05 11:15:00+00:00,5352.131539952999
2021-07-05 17:45:00+00:00,5353.485660975084
2021-07-05 21:00:00+00:00,5354.875267532264
2021-07-06 08:45:00+00:00,5341.291226990627
2021-07-06 12:45:00+00:00,5327.7784016903315
2021-07-06 17:45:00+00:00,5329.228373839802
2021-07-06 23:45:00+00:00,5315.762479654985
2021-07-07 01:00:00+00:00,5317.072604380155
2021-07-07 03:30:00+00:00,5303.299042970805
2021-07-07 10:00:00+00:00,5289.486811297071
2021-07-07 13:15:00+00:00,5290.525057795141
2021-07-07 16:00:00+00:00,5276.659878898546
2021-07-08 06:00:00+00:00,5277.887394065322
2021-07-08 11:00:00+00:00,5314.326389225975
2021-07-12 19:00:00+00:00,5315.384081359625
2021-07-12 20:30:00+00:00,5316.616544420329
2021-07-12 23:15:00+00:00,5302.870672785945
2021-07-13 00:30:00+00:00,5303.796700329982
2021-07-13 06:30:00+00:00,5304.970997640308
2021-07-13 07:00:00+00:00,5290.647421525198
2021-07-15 13:30:00+00:00,5289.13787952108
2021-07-15 19:15:00+00:00,5290.624481709357
2021-07-15 20:45:00+00:00,5276.929170632699
2021-07-16 02:00:00+00:00,5263.068220942039
2021-07-19 12:30:00+00:00,5298.962627913462
2021-07-20 13:30:00+00:00,5300.210852421475
2021-07-20 17:00:00+00:00,5286.634034542619
2021-07-23 18:45:00+00:00,5287.364884001313
2021-07-24 22:00:00+00:00,5288.399398878458
2021-07-25 08:45:00+00:00,5289.46745742943
2021-07-25 14:15:00+00:00,5275.404342267699
2021-07-25 15:15:00+00:00,5276.386983083036
2021-07-26 07:30:00+00:00,5271.088802625344
2021-07-26 12:30:00+00:00,5258.039025306406
2021-07-26 16:00:00+00:00,5244.776606738264
2021-07-26 20:00:00+00:00,5281.607677794822
2021-07-27 13:30:00+00:00,5268.083160842687
2021-07-27 14:30:00+00:00,5269.60908016389
2021-07-31 05:30:00+00:00,5256.127902919345
2021-07-31 12:15:00+00:00,5254.400033969779
2021-08-01 22:30:00+00:00,5290.86294168159
2021-08-02 06:45:00+00:00,5292.463906157246
2021-08-02 12:00:00+00:00,5328.802990685677
2021-08-02 13:30:00+00:00,5315.239792369275
2021-08-02 16:15:00+00:00,5301.638906629649
2021-08-02 20:00:00+00:00,5337.875290764228
2021-08-02 22:15:00+00:00,5324.312889252965
2021-08-03 00:15:00+00:00,5325.716890681495
2021-08-03 12:00:00+00:00,5362.334115590858
2021-08-04 10:30:00+00:00,5363.559577027088
2021-08-05 14:00:00+00:00,5350.142938292973
2021-08-05 14:45:00+00:00,5336.785920281493
2021-08-05 16:00:00+00:00,5338.5082065542965
2021-08-06 00:45:00+00:00,5325.318721096079
2021-08-06 04:15:00+00:00,5326.964105636852
2021-08-06 15:15:00+00:00,5363.529193178617
2021-08-10 07:45:00+00:00,5349.738209868585
2021-08-10 12:15:00+00:00,5351.0330959492585
2021-08-10 20:45:00+00:00,5352.397349785439
2021-08-10 23:45:00+00:00,5353.578595814338
2021-08-11 05:30:00+00:00,5339.7579473076385
2021-08-13 02:45:00+00:00,5325.970377356674
2021-08-13 06:15:00+00:00,5312.0346431759845
2021-08-13 15:15:00+00:00,5298.017673132512
2021-08-13 19:15:00+00:00,5298.965894113325
2021-08-13 20:00:00+00:00,5334.598686911301
2021-08-14 19:30:00+00:00,5320.855851610298
2021-08-17 00:15:00+00:00,5357.163120331294
2021-08-17 20:15:00+00:00,5393.498722085224
2021-08-18 01:15:00+00:00,5394.9761642743915
2021-08-18 05:45:00+00:00,5381.476739246502
2021-08-19 08:00:00+00:00,5367.741415071573
2021-08-19 17:00:00+00:00,5353.914708697982
2021-08-19 18:15:00+00:00,5390.078308350567
2021-08-19 23:15:00+00:00,5391.359121568005
2021-08-20 07:45:00+00:00,5392.567069695866
2021-08-20 13:15:00+00:00,5428.380730796607
2021-08-23 10:30:00+00:00,5429.258148912112
2021-08-23 20:30:00+00:00,5430.10961974922
2021-08-24 04:30:00+00:00,5430.925870705635
2021-08-24 23:45:00+00:00,5466.991477643867
2021-08-25 05:30:00+00:00,5453.119003117089
2021-08-25 08:30:00+00:00,5489.064422356151
2021-08-25 12:00:00+00:00,5475.20910966453
2021-08-25 14:15:00+00:00,5476.072951241352
2021-08-29 00:45:00+00:00,5512.265647189403
2021-08-30 08:30:00+00:00,5498.24606224102
2021-08-30 15:30:00+00:00,5499.137894191489
2021-08-30 17:45:00+00:00,5484.84726356198
2021-08-30 18:45:00+00:00,5470.347452476007
2021-08-31 06:30:00+00:00,5469.829441045651
2021-08-31 07:15:00+00:00,5455.265693816601
2021-08-31 08:15:00+00:00,5441.093242441797
2021-09-01 04:00:00+00:00,5427.161282897484
2021-09-02 04:00:00+00:00,5413.34802094363
2021-09-02 07:15:00+00:00,5449.296909932075
2021-09-02 14:15:00+00:00,5450.319947384888
2021-09-02 18:15:00+00:00,5436.436665661474
2021-09-05 06:45:00+00:00,5421.834349303477
2021-09-06 03:30:00+00:00,5420.770593845123
2021-09-06 08:15:00+00:00,5421.12437234764
2021-09-07 14:45:00+00:00,5457.399917206165
2021-09-07 22:15:00+00:00,5457.013898195266
2021-09-08 11:00:00+00:00,5458.939626190705
2021-09-11 01:00:00+00:00,5460.571000753389
2021-09-12 23:00:00+00:00,5446.648394618498
2021-09-13 13:30:00+00:00,5448.017819615427
2021-09-13 14:30:00+00:00,5449.5417626095095
2021-09-13 19:00:00+00:00,5436.506886232443
2021-09-14 15:00:00+00:00,5472.219417511687
2021-09-14 18:15:00+00:00,5458.474113935459
2021-09-14 21:15:00+00:00,5459.487364570758
2021-09-15 06:15:00+00:00,5460.435292578947
2021-09-17 15:15:00+00:00,5461.2383767098645
2021-09-17 18:15:00+00:00,5496.976660009124
2021-09-17 19:15:00+00:00,5482.842357149883
2021-09-17 21:45:00+00:00,5483.665632350447
2021-09-18 00:00:00+00:00,5484.591041647705
2021-09-19 14:15:00+00:00,5470.301430959353
2021-09-19 20:30:00+00:00,5470.984237955205
2021-09-20 07:30:00+00:00,5507.356268134303
2021-09-20 19:30:00+00:00,5509.256892308944
2021-09-22 13:15:00+00:00,5510.660219797486
2021-09-22 15:45:00+00:00,5547.0203262100595
2021-09-22 18:45:00+00:00,5548.498069788955
2021-09-23 15:45:00+00:00,5549.845280158367
2021-09-24 02:00:00+00:00,5547.24817661507
2021-09-28 07:00:00+00:00,5548.7430942622095
2021-09-28 13:00:00+00:00,5535.024755493855
2021-09-28 23:30:00+00:00,5571.594540052535
2021-09-29 00:15:00+00:00,5557.9047763840035
2021-09-29 03:45:00+00:00,5544.452392166985
2021-09-30 00:15:00+00:00,5530.569963030683
2021-09-30 00:45:00+00:00,5516.671251961457
2021-09-30 08:15:00+00:00,5502.715995433166
2021-09-30 09:45:00+00:00,5503.855824849486
2021-09-30 10:30:00+00:00,5489.9919557904295
2021-09-30 14:00:00+00:00,5491.199308634313
2021-09-30 20:30:00+00:00,5477.593931476305
2021-10-01 07:15:00+00:00,5513.446912047714
2021-10-01 10:15:00+00:00,5549.545921591472
2021-10-02 13:00:00+00:00,5534.911619800696
2021-10-02 13:45:00+00:00,5520.1652376787015
2021-10-02 20:30:00+00:00,5520.996956218481
2021-10-03 21:00:00+00:00,5556.974838947259
2021-10-04 08:00:00+00:00,5558.234589641245
2021-10-04 16:00:00+00:00,5544.6685159624485
2021-10-04 21:30:00+00:00,5531.343393153774
2021-10-05 18:15:00+00:00,5567.831001312751
2021-10-05 20:15:00+00:00,5603.97704840048
2021-10-06 19:45:00+00:00,5595.337983790851
2021-10-07 21:30:00+00:00,5596.737603570157
2021-10-08 01:15:00+00:00,5582.861064877579
2021-10-08 05:45:00+00:00,5568.791702679581
2021-10-08 18:15:00+00:00,5570.2098445041975
2021-10-09 03:15:00+00:00,5571.383160067584
2021-10-09 14:15:00+00:00,5572.517894394332
2021-10-09 15:45:00+00:00,5558.55478530396
2021-10-09 16:30:00+00:00,5544.401801459432
2021-10-09 20:00:00+00:00,5530.337770353827
2021-10-10 09:00:00+00:00,5516.580880221162
2021-10-11 07:15:00+00:00,5517.893001626462
2021-10-12 11:30:00+00:00,5503.9854791937805
2021-10-12 13:15:00+00:00,5490.005405261799
2021-10-12 17:30:00+00:00,5526.194646592067
2021-10-12 20:00:00+00:00,5562.566970850104
2021-10-13 04:15:00+00:00,5555.77679658779
2021-10-13 20:30:00+00:00,5557.082789955035
2021-10-14 01:00:00+00:00,5593.235962690706
2021-10-15 08:00:00+00:00,5594.712106827469
2021-10-15 13:45:00+00:00,5630.926541981589
2021-10-16 18:45:00+00:00,5632.025714990714
2021-10-17 08:15:00+00:00,5632.5185766218865
2021-10-17 20:00:00+00:00,5668.4916231993
2021-10-18 07:45:00+00:00,5654.43916502379
2021-10-18 13:15:00+00:00,5655.969779055428
2021-10-20 13:30:00+00:00,5692.399688548568
2021-10-20 22:15:00+00:00,5693.162690166437
2021-10-21 01:45:00+00:00,5729.1842304775655
2021-10-21 07:15:00+00:00,5730.486861382663
2021-10-21 08:30:00+00:00,5716.82240618715
2021-10-21 09:00:00+00:00,5703.10079765659
2021-10-22 20:00:00+00:00,5704.8489255316035
2021-10-22 22:45:00+00:00,5706.3716532341
2021-10-23 01:00:00+00:00,5692.617535820637
2021-10-23 15:45:00+00:00,5678.831341689811
2021-10-24 12:15:00+00:00,5664.725399148355
2021-10-24 15:30:00+00:00,5666.021542701461
2021-10-25 10:30:00+00:00,5651.727392906815
2021-10-25 11:30:00+00:00,5652.26662179126
2021-10-25 13:30:00+00:00,5652.977854664188
2021-10-25 17:00:00+00:00,5653.9523497077025
2021-10-25 17:30:00+00:00,5639.767536378764
2021-10-25 19:45:00+00:00,5625.7240398027325
2021-10-26 15:30:00+00:00,5626.179828513647
2021-10-26 21:45:00+00:00,5662.000163985464
2021-10-27 04:15:00+00:00,5648.489413311457
2021-10-28 09:45:00+00:00,5634.786117741108
2021-10-28 17:30:00+00:00,5620.9015371745945
2021-10-28 18:30:00+00:00,5606.832873284959
2021-10-28 20:00:00+00:00,5643.633019751883
2021-10-29 18:45:00+00:00,5630.107130171043
2021-10-29 21:15:00+00:00,5631.286006948348
2021-10-30 10:45:00+00:00,5616.904384670593
2021-10-30 13:30:00+00:00,5602.501248693035
2021-10-30 16:00:00+00:00,5603.587646103057
2021-10-31 10:00:00+00:00,5639.175045272538
2021-10-31 12:15:00+00:00,5640.110989677728
2021-10-31 14:30:00+00:00,5626.236716549337
2021-10-31 17:15:00+00:00,5612.468571666021
2021-10-31 20:45:00+00:00,5598.5429910943085
2021-11-01 13:45:00+00:00,5594.206479825367
2021-11-02 14:15:00+00:00,5590.709998117535
2021-11-03 13:30:00+00:00,5626.414000219736
2021-11-03 16:00:00+00:00,5612.5152922844245
2021-11-03 18:00:00+00:00,5598.481931251631
2021-11-03 18:45:00+00:00,5585.031493838604
2021-11-04 13:45:00+00:00,5570.9296296939365
2021-11-04 21:45:00+00:00,5567.134294337002
2021-11-05 18:15:00+00:00,5552.998834154305
2021-11-06 01:00:00+00:00,5548.940747052961
2021-11-07 00:45:00+00:00,5584.644628791903
2021-11-07 06:30:00+00:00,5584.99686992741
2021-11-07 09:00:00+00:00,5569.865483640264
2021-11-08 00:00:00+00:00,5605.3302862688315
2021-11-08 01:15:00+00:00,5606.559318015481
2021-11-08 23:00:00+00:00,5642.88313484894
2021-11-09 17:30:00+00:00,5644.140817767585
2021-11-09 21:00:00+00:00,5630.32819644259
2021-11-10 00:15:00+00:00,5631.27316772815
2021-11-10 18:45:00+00:00,5617.779689405265
2021-11-10 19:30:00+00:00,5603.996487331472
2021-11-11 05:15:00+00:00,5604.417550256822
2021-11-11 07:30:00+00:00,5590.724688166411
2021-11-11 08:45:00+00:00,5591.8128865660065
2021-11-12 08:30:00+00:00,5577.434278910223
2021-11-12 13:30:00+00:00,5578.740140619242
2021-11-12 17:45:00+00:00,5580.125341917236
2021-11-12 21:00:00+00:00,5566.649832012311
2021-11-13 07:45:00+00:00,5567.926977742786
2021-11-13 18:15:00+00:00,5553.763517784746
2021-11-15 06:45:00+00:00,5548.241723259536
2021-11-16 00:00:00+00:00,5584.2502420053925
2021-11-17 10:30:00+00:00,5570.701916188392
2021-11-17 14:45:00+00:00,5557.159559214668
2021-11-18 10:45:00+00:00,5558.343424607729
2021-11-18 22:00:00+00:00,5560.199913024627
2021-11-20 06:45:00+00:00,5560.832638853987
2021-11-20 13:45:00+00:00,5546.245425965292
2021-11-20 15:45:00+00:00,5532.039041055601
2021-11-20 18:15:00+00:00,5567.938133597155
2021-11-22 03:30:00+00:00,5554.113793304535
2021-11-22 05:00:00+00:00,5540.396481246864
2021-11-22 08:00:00+00:00,5541.622973057286
2021-11-22 13:30:00+00:00,5538.7991286604765
2021-11-22 15:00:00+00:00,5525.523955243776
2021-11-22 22:45:00+00:00,5527.057207833546
2021-11-23 03:00:00+00:00,5513.614537914174
2021-11-25 04:15:00+00:00,5499.677380475261
2021-11-25 16:00:00+00:00,5535.732166128471
2021-11-25 19:15:00+00:00,5521.820391215444
2021-11-27 08:00:00+00:00,5523.57530047707
2021-11-27 20:30:00+00:00,5521.886382534362
2021-11-28 00:30:00+00:00,5522.890434646532
2021-11-28 21:45:00+00:00,5559.161136216366
2021-11-29 00:30:00+00:00,5595.615237639493
2021-11-29 07:15:00+00:00,5591.197230779527
2021-11-29 11:30:00+00:00,5592.021789449976
2021-11-30 08:30:00+00:00,5578.1597935592035
2021-11-30 11:15:00+00:00,5564.520111373609
2021-11-30 12:00:00+00:00,5550.8808020944825
2021-12-01 00:30:00+00:00,5537.615930939608
2021-12-01 02:00:00+00:00,5524.077786693939
2021-12-01 02:30:00+00:00,5510.853513845617
2021-12-01 02:45:00+00:00,5497.185196234176
2021-12-01 03:45:00+00:00,5483.8004140100875
2021-12-01 04:15:00+00:00,5470.45102448317
2021-12-01 07:15:00+00:00,5463.970928485494
2021-12-01 17:45:00+00:00,5450.281120116423
2021-12-01 19:00:00+00:00,5436.679672440718
2021-12-02 01:15:00+00:00,5423.335808352707
2021-12-02 03:00:00+00:00,5459.718029182759
2021-12-02 08:00:00+00:00,5446.4544357374425
2021-12-02 08:15:00+00:00,5448.06890228252
2021-12-02 09:15:00+00:00,5434.962971277971
2021-12-02 11:30:00+00:00,5436.3051932293665
2021-12-02 12:15:00+00:00,5438.187601542182
2021-12-02 12:45:00+00:00,5439.602371221074
2021-12-02 13:15:00+00:00,5426.6109136477135
2021-12-02 14:30:00+00:00,5413.667225427809
2021-12-02 15:30:00+00:00,5450.583245581241
2021-12-02 21:45:00+00:00,5452.62948923842
2021-12-02 22:30:00+00:00,5439.338426724837
2021-12-03 03:15:00+00:00,5476.345506598976
2021-12-03 04:15:00+00:00,5477.360103411309
2021-12-03 06:30:00+00:00,5463.450910546298
2021-12-03 12:00:00+00:00,5449.208737913222
2021-12-03 13:45:00+00:00,5486.308398570495
2021-12-03 15:45:00+00:00,5509.171812835015
2021-12-03 16:00:00+00:00,5545.135367553718
2021-12-03 17:15:00+00:00,5619.019517121445
2021-12-03 19:30:00+00:00,5655.450473649497
2021-12-03 20:15:00+00:00,5766.16186587242
2021-12-03 21:00:00+00:00,5753.181705323069
2021-12-03 21:15:00+00:00,5740.325014964773
2021-12-04 03:45:00+00:00,5777.212058648291
2021-12-04 04:45:00+00:00,5814.156436402579
2021-12-04 05:00:00+00:00,5851.18822845857
2021-12-04 05:15:00+00:00,5825.6395450803875
2021-12-04 11:15:00+00:00,5815.260951531077
2021-12-04 15:00:00+00:00,5852.621828015889
2021-12-05 00:00:00+00:00,5839.398792442265
2021-12-05 09:00:00+00:00,5825.830814431223
2021-12-05 12:15:00+00:00,5827.665357767009
2021-12-05 13:15:00+00:00,5829.161629281763
2021-12-05 15:00:00+00:00,5852.700836270953
2021-12-05 15:30:00+00:00,5839.393871617109
2021-12-05 16:00:00+00:00,5815.260907333208
2021-12-05 19:00:00+00:00,5817.094806341087
2021-12-06 06:45:00+00:00,5818.799684768753
2021-12-06 09:30:00+00:00,5792.761305301776
2021-12-06 10:45:00+00:00,5779.767699754762
2021-12-06 12:15:00+00:00,5781.862818318569
2021-12-06 14:30:00+00:00,5768.93915057942
2021-12-06 21:45:00+00:00,5842.847426826295
2021-12-07 10:00:00+00:00,5844.672111831519
2021-12-07 12:15:00+00:00,5846.411833505504
2021-12-07 15:15:00+00:00,5883.328261392914
2021-12-07 15:30:00+00:00,5920.5945835662715
2021-12-07 16:15:00+00:00,5907.412452127998
2021-12-07 19:00:00+00:00,5894.070123470656
2021-12-08 04:15:00+00:00,5882.987727738461
2021-12-08 06:45:00+00:00,5869.467130466335
2021-12-08 09:45:00+00:00,5868.736373966675
2021-12-08 10:30:00+00:00,5870.643620275175
2021-12-08 11:00:00+00:00,5907.51254842651
2021-12-08 13:00:00+00:00,5894.132981210172
2021-12-08 13:45:00+00:00,5882.616280218114
2021-12-08 14:15:00+00:00,5855.55376023441
2021-12-08 14:45:00+00:00,5828.989593928265
2021-12-08 19:30:00+00:00,5830.65904748243
2021-12-08 21:30:00+00:00,5832.624832494117
2021-12-08 22:15:00+00:00,5832.717936970478
2021-12-09 00:00:00+00:00,5819.308280481689
2021-12-09 01:45:00+00:00,5805.798455623976
2021-12-09 03:00:00+00:00,5779.387120030195
2021-12-09 06:30:00+00:00,5766.2473650733045
2021-12-09 07:30:00+00:00,5768.073564017962
2021-12-09 10:30:00+00:00,5769.490434935045
2021-12-09 12:15:00+00:00,5770.894145687559
2021-12-09 14:30:00+00:00,5773.018968734419
2021-12-09 15:30:00+00:00,5809.389490201814
2021-12-09 16:15:00+00:00,5811.119594230313
2021-12-09 20:00:00+00:00,5848.038606818589
2021-12-09 21:00:00+00:00,5835.046272177448
2021-12-09 21:15:00+00:00,5836.674214519074
2021-12-09 22:00:00+00:00,5823.163708400428
2021-12-10 00:30:00+00:00,5824.67213551542
2021-12-10 02:15:00+00:00,5813.325396057101
2021-12-10 06:45:00+00:00,5850.008653301634
2021-12-10 09:30:00+00:00,5851.739692952712
2021-12-10 10:00:00+00:00,5838.6763187425795
2021-12-10 13:30:00+00:00,5840.476666382867
2021-12-10 14:45:00+00:00,5826.9774899706135
2021-12-10 18:15:00+00:00,5802.136685005143
2021-12-10 21:00:00+00:00,5788.95854333821
2021-12-10 23:45:00+00:00,5825.587425278165
2021-12-11 00:15:00+00:00,5830.889371319364
2021-12-11 07:45:00+00:00,5827.064788273422
2021-12-11 08:15:00+00:00,5813.717519398197
2021-12-11 10:45:00+00:00,5852.3887324606985
2021-12-11 11:30:00+00:00,5839.037559812909
2021-12-11 15:00:00+00:00,5836.15654277953
2021-12-11 15:30:00+00:00,5835.78209023965
2021-12-11 17:45:00+00:00,5822.056237066181
2021-12-11 20:15:00+00:00,5823.724385334455
2021-12-11 22:30:00+00:00,5810.158059503233
2021-12-12 00:45:00+00:00,5846.9411181532105
2021-12-12 06:30:00+00:00,5833.373253516807
2021-12-12 09:45:00+00:00,5834.5503124545385
2021-12-12 11:15:00+00:00,5835.730477990779
2021-12-12 11:30:00+00:00,5836.78645189779
2021-12-12 14:30:00+00:00,5837.864022515229
2021-12-12 15:30:00+00:00,5823.942791058979
2021-12-12 16:15:00+00:00,5809.813761936808
2021-12-12 17:30:00+00:00,5810.931324570577
2021-12-12 18:00:00+00:00,5849.078762420906
2021-12-12 18:15:00+00:00,5835.523385849825
2021-12-12 19:45:00+00:00,5822.128721310161
2021-12-12 20:45:00+00:00,5823.685622069798
2021-12-12 21:45:00+00:00,5810.230067344672
2021-12-13 00:15:00+00:00,5796.489412929408
2021-12-13 01:00:00+00:00,5783.309031164374
2021-12-13 01:45:00+00:00,5770.27877373021
2021-12-13 04:45:00+00:00,5756.966820953916
2021-12-13 05:45:00+00:00,5743.4998454341
2021-12-13 08:15:00+00:00,5746.608251138803
2021-12-13 12:00:00+00:00,5748.314177819346
2021-12-13 12:15:00+00:00,5749.527322739075
2021-12-13 14:15:00+00:00,5772.462896701234
2021-12-13 15:45:00+00:00,5882.0592180897465
2021-12-13 16:00:00+00:00,5883.90148797459
2021-12-13 16:45:00+00:00,5885.412440493573
2021-12-13 17:00:00+00:00,5887.225635000083
2021-12-13 17:45:00+00:00,5874.2186704500755
2021-12-13 19:30:00+00:00,5910.939400385292
2021-12-14 00:00:00+00:00,5934.544775005744
2021-12-14 06:15:00+00:00,5921.335310474742
2021-12-14 10:30:00+00:00,5958.173184288245
2021-12-14 11:45:00+00:00,5959.671322707835
2021-12-14 13:30:00+00:00,5983.651965931798
2021-12-14 15:45:00+00:00,5972.3558385431825
2021-12-14 18:15:00+00:00,5959.668234941585
2021-12-14 20:30:00+00:00,5961.57751621567
2021-12-14 21:30:00+00:00,5963.19343253255
2021-12-15 01:00:00+00:00,5964.816125557031
2021-12-15 01:30:00+00:00,5951.668298935457
2021-12-15 02:00:00+00:00,5953.17975054557
2021-12-15 05:45:00+00:00,5954.955380672909
2021-12-15 07:00:00+00:00,5956.192833396542
2021-12-15 09:15:00+00:00,5942.754041043028
2021-12-15 11:15:00+00:00,5929.481415719638
2021-12-15 12:30:00+00:00,5930.97062934953
2021-12-15 12:45:00+00:00,5904.198498163442
2021-12-15 14:45:00+00:00,5890.959532141627
2021-12-15 15:00:00+00:00,5877.356532516902
2021-12-15 17:00:00+00:00,5863.936731217971
2021-12-15 18:15:00+00:00,5850.500093301654
2021-12-15 18:45:00+00:00,5887.282974392443
2021-12-15 19:00:00+00:00,5860.246400997677
2021-12-15 19:15:00+00:00,5847.146211304762
2021-12-15 19:30:00+00:00,5836.26022825575
2021-12-16 04:30:00+00:00,5838.2438431179635
2021-12-16 05:45:00+00:00,5840.138084411285
2021-12-16 11:30:00+00:00,5876.8417444543775
2021-12-16 15:00:00+00:00,5878.5944562265295
2021-12-16 16:30:00+00:00,5865.401238090627
2021-12-16 18:45:00+00:00,5851.807333044165
2021-12-16 19:15:00+00:00,5838.016877520316
2021-12-16 22:00:00+00:00,5824.33054731804
2021-12-17 00:30:00+00:00,5825.6009152814595
2021-12-17 05:15:00+00:00,5811.978225027276
2021-12-17 07:00:00+00:00,5813.958229773355
2021-12-17 07:15:00+00:00,5850.654156945007
2021-12-17 08:00:00+00:00,5851.895979131364
2021-12-17 10:30:00+00:00,5838.477420282515
2021-12-17 12:15:00+00:00,5824.456262432712
2021-12-17 14:30:00+00:00,5860.916343655381
2021-12-17 14:45:00+00:00,5862.597157039531
2021-12-17 15:30:00+00:00,5836.023573514769
2021-12-17 16:00:00+00:00,5824.499275011717
2021-12-17 16:15:00+00:00,5785.07450975131
2021-12-17 21:30:00+00:00,5760.662345277826
2021-12-17 22:15:00+00:00,5797.354038104426
2021-12-18 03:30:00+00:00,5799.078701461169
2021-12-18 10:45:00+00:00,5801.121672429942
2021-12-18 12:15:00+00:00,5787.69287705273
2021-12-18 15:45:00+00:00,5788.933487388564
2021-12-18 17:00:00+00:00,5790.908065164205
2021-12-18 19:00:00+00:00,5792.592782528885
2021-12-18 20:15:00+00:00,5793.538785071458
2021-12-19 00:45:00+00:00,5779.980591831279
2021-12-19 02:45:00+00:00,5816.2811723776595
2021-12-19 06:30:00+00:00,5817.939515810208
2021-12-19 08:45:00+00:00,5804.384622924424
2021-12-19 09:00:00+00:00,5790.485565048915
2021-12-19 10:00:00+00:00,5763.360155800858
2021-12-19 10:45:00+00:00,5749.781240419185
2021-12-19 13:00:00+00:00,5735.779060221716
2021-12-19 13:30:00+00:00,5737.278375235192
2021-12-19 18:00:00+00:00,5775.003241681911
2021-12-19 19:15:00+00:00,5761.330804954419
2021-12-19 22:45:00+00:00,5747.807759170609
2021-12-20 00:15:00+00:00,5784.54593795339
2021-12-20 00:45:00+00:00,5770.785754474194
2021-12-20 01:00:00+00:00,5730.480845687046
2021-12-20 08:45:00+00:00,5766.989855735473
2021-12-20 09:00:00+00:00,5803.235304965499
2021-12-20 09:15:00+00:00,5840.0297737366145
2021-12-20 11:15:00+00:00,5826.682898954601
2021-12-20 13:15:00+00:00,5828.246464509245
2021-12-20 14:45:00+00:00,5830.156747011322
2021-12-20 16:45:00+00:00,5831.906648011411
2021-12-20 17:00:00+00:00,5833.941972760418
2021-12-20 19:00:00+00:00,5820.6700400988975
2021-12-20 20:45:00+00:00,5806.675322466331
2021-12-20 21:00:00+00:00,5793.32454968697
2021-12-20 22:15:00+00:00,5779.578414750042
2021-12-20 22:45:00+00:00,5766.0741724700065
2021-12-21 01:00:00+00:00,5767.509315213795
2021-12-21 02:00:00+00:00,5804.118880248664
2021-12-21 03:45:00+00:00,5840.293241641941
2021-12-21 04:15:00+00:00,5877.2352148388145
2021-12-21 05:15:00+00:00,5863.822511680284
2021-12-21 05:30:00+00:00,5865.138556313961
2021-12-21 06:15:00+00:00,5851.645447806731
2021-12-21 11:30:00+00:00,5851.201378577743
2021-12-21 12:45:00+00:00,5852.496358198115
2021-12-21 13:15:00+00:00,5851.154531251143
2021-12-21 14:15:00+00:00,5852.4624327429565
2021-12-21 15:15:00+00:00,5840.434595398823
2021-12-21 22:15:00+00:00,5863.353343553644
2021-12-22 00:45:00+00:00,5865.084290698287
2021-12-22 05:00:00+00:00,5837.814200709439
2021-12-22 09:30:00+00:00,5839.297314336736
2021-12-22 10:00:00+00:00,5875.757510673834
2021-12-22 11:00:00+00:00,5861.782379917574
2021-12-22 12:30:00+00:00,5848.389401410541
2021-12-22 12:45:00+00:00,5883.892718857204
2021-12-22 14:00:00+00:00,5884.6765011545585
2021-12-22 14:15:00+00:00,5886.390154375044
2021-12-22 15:30:00+00:00,5872.463104028303
2021-12-22 16:00:00+00:00,5858.264086847004
2021-12-22 17:30:00+00:00,5860.131323375008
2021-12-22 19:30:00+00:00,5861.126067005806
2021-12-22 23:00:00+00:00,5862.870662510844
2021-12-23 00:00:00+00:00,5851.318608809078
2021-12-23 01:00:00+00:00,5838.080885808136
2021-12-23 01:45:00+00:00,5824.86063532798
2021-12-23 02:00:00+00:00,5796.916596728128
2021-12-23 04:15:00+00:00,5797.794822854532
2021-12-23 07:30:00+00:00,5784.713519559873
2021-12-23 07:45:00+00:00,5771.384343261751
2021-12-23 10:45:00+00:00,5758.0228309260965
2021-12-23 11:00:00+00:00,5758.790132645282
2021-12-23 12:30:00+00:00,5744.418659261583
2021-12-23 12:45:00+00:00,5731.194077908007
2021-12-23 15:00:00+00:00,5717.9309856493255
2021-12-23 15:45:00+00:00,5718.038575474507
2021-12-23 16:45:00+00:00,5703.876254578676
2021-12-23 17:15:00+00:00,5691.960341468904
2021-12-23 18:00:00+00:00,5678.657877868551
2021-12-23 21:15:00+00:00,5679.951639478723
2021-12-24 01:15:00+00:00,5681.691741117651
2021-12-24 04:45:00+00:00,5683.573424394816
2021-12-24 06:00:00+00:00,5684.778747682083
2021-12-24 08:30:00+00:00,5686.250780996598
2021-12-24 10:00:00+00:00,5672.87997028685
2021-12-24 11:00:00+00:00,5659.3264124082525
2021-12-24 12:15:00+00:00,5660.928508986636
2021-12-24 14:45:00+00:00,5697.351334326015
2021-12-24 19:45:00+00:00,5734.137868402577
2021-12-24 20:00:00+00:00,5707.832327761073
2021-12-24 21:15:00+00:00,5708.744942813069
2021-12-25 00:30:00+00:00,5709.777150568759
2021-12-25 00:45:00+00:00,5711.448304841105
2021-12-25 04:45:00+00:00,5709.928539630678
2021-12-25 06:30:00+00:00,5711.811930064363
2021-12-25 07:15:00+00:00,5686.0021427981055
2021-12-25 11:15:00+00:00,5686.176810929056
2021-12-25 12:15:00+00:00,5672.747030070501
2021-12-25 15:30:00+00:00,5644.328053620877
2021-12-25 17:45:00+00:00,5644.3962794742465
2021-12-25 18:00:00+00:00,5630.866589714872
2021-12-25 18:30:00+00:00,5616.148978398447
2021-12-25 21:00:00+00:00,5602.5923180215195
2021-12-25 22:00:00+00:00,5588.358146096184
2021-12-26 00:30:00+00:00,5575.544349329328
2021-12-26 02:30:00+00:00,5536.388537888639
2021-12-26 03:45:00+00:00,5573.069155322542
2021-12-26 07:45:00+00:00,5558.869605291311
2021-12-26 09:45:00+00:00,5556.357141701534
2021-12-26 10:45:00+00:00,5557.84069511742
2021-12-26 11:00:00+00:00,5543.919951408775
2021-12-26 11:45:00+00:00,5530.310817862079
2021-12-26 12:45:00+00:00,5504.885789692474
2021-12-26 14:00:00+00:00,5506.4442739652995
2021-12-26 16:30:00+00:00,5492.416528262069
2021-12-26 17:15:00+00:00,5529.038308176708
2021-12-26 18:00:00+00:00,5515.805405968057
2021-12-26 21:00:00+00:00,5517.307979531879
2021-12-26 21:15:00+00:00,5502.963615792165
2021-12-27 06:00:00+00:00,5488.501508452289
2021-12-27 08:45:00+00:00,5473.8234433848165
2021-12-27 09:15:00+00:00,5474.193850654179
2021-12-27 10:00:00+00:00,5460.371356199883
2021-12-27 12:15:00+00:00,5459.85501621301
2021-12-27 15:30:00+00:00,5446.697764210225
2021-12-27 16:15:00+00:00,5448.299329427263
2021-12-27 18:15:00+00:00,5449.78533567404
2021-12-27 19:15:00+00:00,5451.1035013901455
2021-12-27 20:30:00+00:00,5451.874571839509
2021-12-27 22:45:00+00:00,5438.002039706115
2021-12-27 23:30:00+00:00,5446.461318817199
2021-12-28 00:00:00+00:00,5432.740027187044
2021-12-28 00:15:00+00:00,5469.055063311983
2021-12-28 01:30:00+00:00,5504.770883989323
2021-12-28 04:15:00+00:00,5540.899845614401
2021-12-28 05:45:00+00:00,5601.437097837492
2021-12-28 06:15:00+00:00,5588.255814563036
2021-12-28 08:00:00+00:00,5575.1389383088135
2021-12-28 11:30:00+00:00,5561.801984237866
2021-12-28 12:30:00+00:00,5556.340354168299
2021-12-28 13:00:00+00:00,5556.1909120712535
2021-12-28 14:00:00+00:00,5542.995777212067
2021-12-28 16:45:00+00:00,5544.613376462203
2021-12-28 20:15:00+00:00,5531.4539152115485
2021-12-28 20:45:00+00:00,5518.488443916921
2021-12-29 02:45:00+00:00,5520.650988651466
2021-12-29 09:45:00+00:00,5521.530111967209
2021-12-29 12:45:00+00:00,5558.332624253418
2021-12-29 13:15:00+00:00,5594.798425360016
2021-12-29 14:30:00+00:00,5596.627844480148
2021-12-29 18:30:00+00:00,5598.535196027083
2021-12-29 23:15:00+00:00,5634.99255578473
2021-12-30 00:00:00+00:00,5671.8350766903595
2021-12-30 00:15:00+00:00,5708.563568364437
2021-12-30 00:30:00+00:00,5707.338910097771
2021-12-30 06:30:00+00:00,5711.194628413136
2021-12-30 06:45:00+00:00,5713.148394689232
2021-12-30 08:00:00+00:00,5686.965981365323
2021-12-30 11:00:00+00:00,5688.462601759371
2021-12-30 11:30:00+00:00,5661.075595394072
2021-12-30 13:45:00+00:00,5647.329831557977
2021-12-30 17:15:00+00:00,5648.23520754887
2022-01-19 14:45:00+00:00,5634.742681917012
2022-01-19 15:45:00+00:00,5620.8999728500485
2022-01-19 16:00:00+00:00,5607.262571267402
2022-01-19 16:30:00+00:00,5608.505790533664
2022-01-19 17:00:00+00:00,5609.968320214756
2022-01-19 19:15:00+00:00,5596.918837505481
2022-01-19 20:45:00+00:00,5598.397464709095
2022-01-19 23:15:00+00:00,5592.141878338724
2022-01-20 08:15:00+00:00,5593.030640631045
2022-01-20 09:00:00+00:00,5579.564272571177
2022-01-20 12:45:00+00:00,5581.012380989724
2022-01-20 14:00:00+00:00,5616.935971896843
2022-01-20 14:30:00+00:00,5651.904040192307
2022-01-20 14:45:00+00:00,5687.358391388592
2022-01-20 16:00:00+00:00,5760.01251908257
2022-01-20 17:45:00+00:00,5746.565603931004
2022-01-20 18:45:00+00:00,5732.623736360213
2022-01-20 19:00:00+00:00,5718.417812718814
2022-01-20 20:15:00+00:00,5704.355331577728
2022-01-20 20:30:00+00:00,5690.918547871954
2022-01-20 20:45:00+00:00,5677.0566845371995
2022-01-20 21:45:00+00:00,5713.492264502873
2022-01-21 00:00:00+00:00,5750.0612482443275
2022-01-21 01:00:00+00:00,5823.061447321136
2022-01-21 01:45:00+00:00,5859.793878445988
2022-01-21 02:15:00+00:00,5835.609248321361
2022-01-21 07:30:00+00:00,5837.5229745204315
2022-01-21 12:30:00+00:00,5874.382679189499
2022-01-21 19:45:00+00:00,5935.148264484933
2022-01-21 21:45:00+00:00,5922.285455784167
2022-01-21 22:30:00+00:00,5909.377518085618
2022-01-22 03:30:00+00:00,5898.737270458714
2022-01-22 04:30:00+00:00,5885.942000129024
2022-01-22 05:30:00+00:00,5885.883708472522
2022-01-22 06:00:00+00:00,5873.02670531444
2022-01-22 06:30:00+00:00,5860.2157960534905
2022-01-22 07:15:00+00:00,5821.45588819814
2022-01-22 09:30:00+00:00,5808.580733083717
2022-01-22 09:45:00+00:00,5795.772077258197
2022-01-22 10:00:00+00:00,5782.905193015512
2022-01-22 16:00:00+00:00,5746.380740709174
2022-01-22 17:45:00+00:00,5735.9425746584975
2022-01-22 18:00:00+00:00,5738.102656353465
2022-01-23 08:30:00+00:00,5725.059608524325
2022-01-23 09:15:00+00:00,5711.8397837719085
2022-01-23 09:30:00+00:00,5698.779480957199
2022-01-23 13:15:00+00:00,5700.476896792851
2022-01-23 13:30:00+00:00,5702.224245929529
2022-01-23 14:15:00+00:00,5688.861682026684
2022-01-23 14:45:00+00:00,5725.641999480618
2022-01-23 18:45:00+00:00,5673.159786638232
2022-01-23 19:15:00+00:00,5660.171609009697
2022-01-23 21:30:00+00:00,5662.10339732981
2022-01-24 04:45:00+00:00,5664.087660055478
2022-01-24 05:00:00+00:00,5700.78657181054
2022-01-24 06:15:00+00:00,5687.07559186509
2022-01-24 07:00:00+00:00,5723.958434567854
2022-01-24 08:45:00+00:00,5725.211759835214
2022-01-24 10:00:00+00:00,5761.729505818502
2022-01-24 10:15:00+00:00,5763.759806843355
2022-01-24 12:00:00+00:00,5765.916662035002
2022-01-24 12:30:00+00:00,5802.982813260694
2022-01-24 17:30:00+00:00,5790.078353839967
2022-01-24 17:45:00+00:00,5827.1708731875
2022-01-24 18:15:00+00:00,5814.3291220649835
2022-01-24 18:45:00+00:00,5851.314984796054
2022-01-24 22:30:00+00:00,5840.5605083572555
2022-01-25 00:45:00+00:00,5842.56311444519
2022-01-25 01:30:00+00:00,5844.72570849111
2022-01-25 05:15:00+00:00,5831.7620984147925
2022-01-25 07:30:00+00:00,5825.507398653863
2022-01-25 08:00:00+00:00,5826.936430793537
2022-01-25 15:00:00+00:00,5813.994056427131
2022-01-25 20:00:00+00:00,5800.658167085085
2022-01-25 21:15:00+00:00,5774.682912548995
2022-01-26 02:45:00+00:00,5776.266529328773
2022-01-26 04:45:00+00:00,5812.912328438066
2022-01-26 06:15:00+00:00,5814.948415140462
2022-01-26 06:45:00+00:00,5801.753750961231
2022-01-26 08:30:00+00:00,5803.6690466603
2022-01-26 12:30:00+00:00,5805.419526528329
2022-01-26 13:45:00+00:00,5842.026947169876
2022-01-26 15:15:00+00:00,5843.789118001037
2022-01-26 17:30:00+00:00,5845.592741903407
2022-01-26 18:00:00+00:00,5882.145000040583
2022-01-26 18:45:00+00:00,5883.9067171123515
2022-01-26 20:15:00+00:00,5922.777541485162
2022-01-26 21:30:00+00:00,5959.677437479831
2022-01-26 23:00:00+00:00,5983.963074533504
2022-01-27 11:30:00+00:00,5972.860560637359
2022-01-27 13:00:00+00:00,5974.972781801957
2022-01-27 14:00:00+00:00,5977.08414839406
2022-01-27 16:15:00+00:00,5963.9389475105545
2022-01-27 16:30:00+00:00,5965.31279725079
2022-01-27 17:00:00+00:00,5952.186294643258
2022-01-27 17:15:00+00:00,5939.084775275276
2022-01-27 19:30:00+00:00,5926.0165238773025
2022-01-27 20:15:00+00:00,5912.995037828842
2022-01-27 22:30:00+00:00,5886.529475434655
2022-01-27 23:45:00+00:00,5873.2416517351
2022-01-28 03:00:00+00:00,5876.865237608955
2022-01-28 06:30:00+00:00,5878.787599401158
2022-01-28 07:45:00+00:00,5865.696932826176
2022-01-28 08:30:00+00:00,5852.101440670916
2022-01-28 11:15:00+00:00,5838.568473382302
2022-01-28 13:30:00+00:00,5824.9066975547175
2022-01-28 17:45:00+00:00,5813.618826971644
2022-01-28 21:15:00+00:00,5800.524081924324
2022-01-29 05:45:00+00:00,5837.432831943159
2022-01-29 08:45:00+00:00,5838.28483703497
2022-01-29 09:00:00+00:00,5824.551215884995
2022-01-29 09:45:00+00:00,5861.272509700006
2022-01-29 14:30:00+00:00,5862.998756861742
2022-01-29 14:45:00+00:00,5864.325419084717
2022-01-29 15:45:00+00:00,5851.141694288594
2022-01-29 20:45:00+00:00,5852.574649793811
2022-01-29 21:00:00+00:00,5889.555080759848
2022-01-29 22:00:00+00:00,5875.931710058047
2022-01-29 22:15:00+00:00,5862.739214124159
2022-01-30 00:30:00+00:00,5849.073782119859
2022-01-30 04:45:00+00:00,5837.376174242723
2022-01-30 14:00:00+00:00,5838.020715307963
2022-01-30 14:15:00+00:00,5839.562330183822
2022-01-30 19:00:00+00:00,5877.345586044682
2022-01-30 20:00:00+00:00,5950.018926700853
2022-01-30 21:30:00+00:00,5936.1880731508145
2022-01-30 23:00:00+00:00,5972.635049767444
2022-01-31 00:30:00+00:00,5995.7598482595195
2022-01-31 00:45:00+00:00,6068.824340965086
2022-01-31 07:15:00+00:00,6068.884424995708
2022-01-31 07:30:00+00:00,6060.48434459003
2022-01-31 07:45:00+00:00,6062.393742434649
2022-01-31 10:45:00+00:00,6048.030727982748
2022-01-31 11:45:00+00:00,6048.7902782448
2022-01-31 13:30:00+00:00,6034.929040716516
2022-01-31 16:45:00+00:00,6021.248974425011
2022-01-31 19:15:00+00:00,6057.449644585197
2022-01-31 21:45:00+00:00,6043.626629315832
2022-01-31 23:15:00+00:00,6029.887122023802
2022-01-31 23:30:00+00:00,6065.8386136233985
2022-02-01 00:15:00+00:00,6052.0597456599035
2022-02-01 02:45:00+00:00,6088.69363795937
2022-02-01 09:00:00+00:00,6124.933421972004
2022-02-01 09:15:00+00:00,6162.786560676124
2022-02-01 14:30:00+00:00,6149.2969524144155
2022-02-01 17:45:00+00:00,6151.299018051471
2022-02-01 19:15:00+00:00,6138.330166791215
2022-02-01 22:45:00+00:00,6139.074780033073
2022-02-01 23:30:00+00:00,6125.405389437615
2022-02-02 03:00:00+00:00,6118.866828253437
2022-02-02 04:15:00+00:00,6105.411694544162
2022-02-02 06:30:00+00:00,6090.947794222768
2022-02-02 08:15:00+00:00,6091.459510027407
2022-02-02 08:45:00+00:00,6076.958305547623
2022-02-02 12:00:00+00:00,6063.355140851527
2022-02-02 12:30:00+00:00,6064.940927367954
2022-02-02 13:45:00+00:00,6051.370247292657
2022-02-02 14:30:00+00:00,6086.883597761704
2022-02-02 14:45:00+00:00,6109.553371495148
2022-02-02 16:00:00+00:00,6096.432735205313
2022-02-02 16:45:00+00:00,6082.974394434465
2022-02-02 17:00:00+00:00,6086.258540271082
2022-02-02 18:30:00+00:00,6073.219743445369
2022-02-02 19:30:00+00:00,6059.610387558387
2022-02-02 21:30:00+00:00,6095.603542148074
2022-02-02 22:30:00+00:00,6155.844241528945
2022-02-03 04:15:00+00:00,6154.760461990196
2022-02-03 07:30:00+00:00,6154.599273871835
2022-02-03 10:00:00+00:00,6190.418489489005
2022-02-03 15:15:00+00:00,6192.182076022687
2022-02-03 19:30:00+00:00,6193.60881831194
2022-02-03 20:45:00+00:00,6180.4467986411055
2022-02-03 21:45:00+00:00,6182.449843932009
2022-02-03 23:45:00+00:00,6168.629392048222
2022-02-04 01:30:00+00:00,6169.645601648824
2022-02-04 02:45:00+00:00,6155.8165141755635
2022-02-04 05:15:00+00:00,6141.713707057939
2022-02-04 09:45:00+00:00,6178.131609085258
2022-02-04 11:00:00+00:00,6164.770065243327
2022-02-04 12:15:00+00:00,6151.496171085236
2022-02-04 13:30:00+00:00,6138.25344737024
2022-02-04 15:00:00+00:00,6176.092192147655
2022-02-04 15:15:00+00:00,6249.4355490843745
2022-02-04 18:00:00+00:00,6285.926874266247
2022-02-04 23:45:00+00:00,6322.658364151645
2022-02-05 03:45:00+00:00,6396.073027632876
2022-02-05 09:45:00+00:00,6382.8611062926075
2022-02-05 16:30:00+00:00,6369.129483740968
2022-02-05 17:00:00+00:00,6355.555758717334
2022-02-05 17:45:00+00:00,6342.262310277893
2022-02-05 22:00:00+00:00,6343.976146189964
2022-02-06 01:00:00+00:00,6330.564161174404
2022-02-06 01:45:00+00:00,6316.960373792792
2022-02-06 04:00:00+00:00,6353.145164877809
2022-02-06 10:00:00+00:00,6354.616824276266
2022-02-06 13:00:00+00:00,6339.953618135608
2022-02-06 14:30:00+00:00,6325.48786242276
2022-02-06 14:45:00+00:00,6362.073058788106
2022-02-06 15:15:00+00:00,6363.049810383376
2022-02-06 16:30:00+00:00,6324.543666094158
2022-02-06 20:30:00+00:00,6311.223996887071
2022-02-06 23:00:00+00:00,6297.286098185765
2022-02-06 23:15:00+00:00,6295.847540396788
2022-02-06 23:30:00+00:00,6282.408967392876
2022-02-07 02:00:00+00:00,6319.271117019051
2022-02-07 02:15:00+00:00,6320.5235285687395
2022-02-07 02:30:00+00:00,6322.096645567379
2022-02-07 03:15:00+00:00,6308.385279886038
2022-02-07 03:30:00+00:00,6281.030841409086
2022-02-07 05:00:00+00:00,6267.981043537829
2022-02-07 05:30:00+00:00,6304.807316593493
2022-02-07 11:00:00+00:00,6306.260647120199
2022-02-07 12:45:00+00:00,6307.6880397541845
2022-02-07 13:15:00+00:00,6309.475217150008
2022-02-07 13:45:00+00:00,6295.920110430088
2022-02-07 15:15:00+00:00,6296.8856429825555
2022-02-07 16:30:00+00:00,6283.242914661098
2022-02-07 20:00:00+00:00,6269.986335812911
2022-02-07 20:45:00+00:00,6256.846179724558
2022-02-08 00:00:00+00:00,6245.842354096158
2022-02-08 01:30:00+00:00,6232.66659572707
2022-02-08 03:30:00+00:00,6234.182906628197
2022-02-08 04:30:00+00:00,6235.942904031475
2022-02-08 05:00:00+00:00,6221.958568159734
2022-02-08 05:45:00+00:00,6207.689822633598
2022-02-08 06:00:00+00:00,6180.296711899426
2022-02-08 06:30:00+00:00,6168.062704110933
2022-02-08 08:00:00+00:00,6204.436539089287
2022-02-08 08:15:00+00:00,6277.403626389541
2022-02-08 09:30:00+00:00,6278.882278210736
2022-02-08 10:45:00+00:00,6280.415162978076
2022-02-08 12:15:00+00:00,6316.86741574456
2022-02-08 20:30:00+00:00,6318.3863653526405
2022-02-08 21:00:00+00:00,6306.719670725512
2022-02-08 23:30:00+00:00,6293.544339632978
2022-02-09 02:00:00+00:00,6295.612503355841
2022-02-09 07:45:00+00:00,6333.66641767676
2022-02-09 09:30:00+00:00,6334.802423966054
2022-02-09 12:30:00+00:00,6321.100511981519
2022-02-09 14:45:00+00:00,6322.549937172554
2022-02-09 16:00:00+00:00,6309.134291513254
2022-02-09 21:15:00+00:00,6295.751465489462
2022-02-10 00:00:00+00:00,6282.388162625337
2022-02-10 00:15:00+00:00,6283.830023025533
2022-02-10 07:00:00+00:00,6270.3935572513665
2022-02-10 09:00:00+00:00,6256.729135721932
2022-02-10 09:15:00+00:00,6242.949912387642
2022-02-10 10:00:00+00:00,6278.73718246596
2022-02-10 10:15:00+00:00,6264.846725776005
2022-02-10 10:30:00+00:00,6250.829766080065
2022-02-10 11:30:00+00:00,6236.754388329379
2022-02-10 11:45:00+00:00,6237.493444169908
2022-02-10 12:15:00+00:00,6223.563242464603
2022-02-10 12:30:00+00:00,6209.542427981304
2022-02-10 13:15:00+00:00,6197.042790004491
2022-02-10 13:30:00+00:00,6198.198667333779
2022-02-10 14:15:00+00:00,6186.337067152397
2022-02-10 14:30:00+00:00,6188.202820422228
2022-02-10 14:45:00+00:00,6175.134520095545
2022-02-10 15:00:00+00:00,6148.736470158345
2022-02-10 17:00:00+00:00,6159.270153372958
2022-02-10 19:45:00+00:00,6146.101987216813
2022-02-11 00:00:00+00:00,6183.085962687836
2022-02-11 01:00:00+00:00,6197.370803122248
2022-02-11 06:45:00+00:00,6199.2936683559365
2022-02-11 07:30:00+00:00,6191.521071993395
2022-02-11 08:00:00+00:00,6192.000816723384
2022-02-11 09:15:00+00:00,6193.56854673667
2022-02-11 18:30:00+00:00,6232.050877896393
2022-02-11 19:30:00+00:00,6205.335218379404
2022-02-11 22:15:00+00:00,6242.000023550164
2022-02-12 04:45:00+00:00,6275.1342683162575
2022-02-12 05:00:00+00:00,6275.752700846388
2022-02-12 10:30:00+00:00,6262.337682093284
2022-02-12 15:45:00+00:00,6299.024450031747
2022-02-12 16:30:00+00:00,6285.873449483494
2022-02-12 18:00:00+00:00,6322.54730410153
2022-02-12 19:15:00+00:00,6309.036648763513
2022-02-12 20:00:00+00:00,6295.060307412357
2022-02-12 21:15:00+00:00,6281.018403565479
2022-02-12 21:30:00+00:00,6282.929073566998
2022-02-13 00:30:00+00:00,6269.16979477581
2022-02-13 10:00:00+00:00,6258.574953847771
2022-02-13 10:30:00+00:00,6260.1539239535805
2022-02-13 11:15:00+00:00,6296.480574278187
2022-02-13 13:45:00+00:00,6294.066484694765
2022-02-13 14:30:00+00:00,6280.220852683067
2022-02-13 16:00:00+00:00,6268.987762513165
2022-02-13 17:45:00+00:00,6270.208583083703
2022-02-13 19:15:00+00:00,6272.016520373762
2022-02-13 20:15:00+00:00,6273.265870016833
2022-02-14 06:45:00+00:00,6260.742958048781
2022-02-14 07:45:00+00:00,6262.466522407807
2022-02-14 08:00:00+00:00,6248.519649749153
2022-02-14 09:45:00+00:00,6235.102484561737
2022-02-14 10:45:00+00:00,6221.764146348186
2022-02-14 11:30:00+00:00,6207.617175139827
2022-02-14 12:45:00+00:00,6194.180640963359
2022-02-14 13:15:00+00:00,6217.394177284596
2022-02-14 14:45:00+00:00,6218.290673542887
2022-02-14 15:00:00+00:00,6219.54106201816
2022-02-14 15:30:00+00:00,6205.859954624399
2022-02-14 18:15:00+00:00,6192.659302291435
2022-02-14 18:45:00+00:00,6178.754513198813
2022-02-14 19:00:00+00:00,6151.796778310741
2022-02-14 19:15:00+00:00,6138.303832007819
2022-02-14 22:00:00+00:00,6174.914805677198
2022-02-15 00:00:00+00:00,6211.670012346331
2022-02-15 01:30:00+00:00,6248.27526737979
2022-02-15 04:45:00+00:00,6284.6108292503595
2022-02-15 08:00:00+00:00,6286.131080781796
2022-02-15 08:15:00+00:00,6285.4692117440145
2022-02-15 09:00:00+00:00,6286.773786096574
2022-02-15 10:15:00+00:00,6272.981860068243
2022-02-15 14:30:00+00:00,6274.01642677537
2022-02-15 15:15:00+00:00,6275.614793299697
2022-02-15 16:30:00+00:00,6277.038016202606
2022-02-15 17:15:00+00:00,6250.875735428775
2022-02-15 21:45:00+00:00,6241.68521653859
2022-02-15 22:00:00+00:00,6228.200372810664
2022-02-15 23:00:00+00:00,6229.678438992033
2022-02-16 13:30:00+00:00,6265.7276854798965
2022-02-16 15:30:00+00:00,6252.155535901209
2022-02-16 18:45:00+00:00,6238.6259709293445
2022-02-16 19:00:00+00:00,6211.38871674289
2022-02-16 19:15:00+00:00,6184.135350380669
2022-02-16 20:15:00+00:00,6170.7385614682025
2022-02-16 21:45:00+00:00,6157.264955486768
2022-02-16 22:15:00+00:00,6158.590524258485
2022-02-17 01:00:00+00:00,6159.6903230743055
2022-02-17 03:00:00+00:00,6146.2425504330595
2022-02-17 04:00:00+00:00,6182.406980217228
2022-02-17 06:15:00+00:00,6168.967839117095
2022-02-17 06:30:00+00:00,6155.5348575754915
2022-02-17 07:30:00+00:00,6141.599763754358
2022-02-17 09:15:00+00:00,6178.089038100924
2022-02-17 10:00:00+00:00,6179.671050021104
2022-02-17 13:15:00+00:00,6215.656666486525
2022-02-17 16:00:00+00:00,6254.112240780692
2022-02-17 17:45:00+00:00,6290.782283098274
2022-02-17 18:00:00+00:00,6327.0475818907225
2022-02-17 18:15:00+00:00,6363.7477727617825
2022-02-17 18:30:00+00:00,6365.558871245314
2022-02-17 21:00:00+00:00,6367.425664740214
2022-02-17 22:00:00+00:00,6368.9710884024325
2022-02-18 01:30:00+00:00,6370.674884384394
2022-02-18 04:00:00+00:00,6372.4412054589975
2022-02-18 04:45:00+00:00,6365.79116510867
2022-02-18 07:15:00+00:00,6351.4605111929795
2022-02-18 08:00:00+00:00,6338.036165359962
2022-02-18 08:45:00+00:00,6329.9746201797925
2022-02-18 11:45:00+00:00,6365.803792897626
2022-02-18 14:30:00+00:00,6402.002535338233
2022-02-18 22:15:00+00:00,6388.940395655356
2022-02-18 23:15:00+00:00,6389.994545492813
2022-02-19 06:30:00+00:00,6426.460441082803
2022-02-19 06:45:00+00:00,6413.143574294684
2022-02-19 08:15:00+00:00,6399.649472204075
2022-02-19 08:45:00+00:00,6385.926540402874
2022-02-19 10:15:00+00:00,6345.134113774665
2022-02-19 11:30:00+00:00,6330.9294088135875
2022-02-19 13:00:00+00:00,6339.929254413233
2022-02-19 14:00:00+00:00,6327.894505200743
2022-02-19 16:15:00+00:00,6364.45024213385
2022-02-19 19:00:00+00:00,6365.969427578275
2022-02-19 22:15:00+00:00,6367.487428807138
2022-02-19 23:45:00+00:00,6352.9129550886
2022-02-20 05:45:00+00:00,6387.9221761606395
2022-02-20 06:00:00+00:00,6424.177365741602
2022-02-20 08:15:00+00:00,6410.376006144064
2022-02-20 08:45:00+00:00,6396.945804083478
2022-02-20 09:30:00+00:00,6385.529220573104
2022-02-20 12:30:00+00:00,6386.881763486397
2022-02-20 12:45:00+00:00,6388.831955182632
2022-02-20 14:15:00+00:00,6377.605343831847
2022-02-20 20:15:00+00:00,6379.348897209782
2022-02-20 22:00:00+00:00,6380.554656546399
2022-02-20 22:45:00+00:00,6367.232948429382
2022-02-20 23:00:00+00:00,6404.139980560791
2022-02-21 00:45:00+00:00,6405.156158671159
2022-02-21 04:45:00+00:00,6394.22459527733
2022-02-21 07:00:00+00:00,6380.632994958724
2022-02-21 07:30:00+00:00,6378.039696982881
2022-02-21 07:45:00+00:00,6364.048836379005
2022-02-21 10:15:00+00:00,6336.439576772604
2022-02-21 10:30:00+00:00,6373.1389908555775
2022-02-21 11:30:00+00:00,6359.56674168619
2022-02-21 13:45:00+00:00,6347.64493983315
2022-02-21 14:00:00+00:00,6349.349900986553
2022-02-21 14:15:00+00:00,6336.321893139612
2022-02-21 15:00:00+00:00,6323.238408273713
2022-02-21 18:00:00+00:00,6310.019532529077
2022-02-21 19:00:00+00:00,6298.417058078671
2022-02-21 21:45:00+00:00,6337.399138343003
2022-02-22 03:00:00+00:00,6361.378550137685
2022-02-22 10:15:00+00:00,6363.457594761559
2022-02-22 10:30:00+00:00,6365.419639072943
2022-02-22 14:45:00+00:00,6351.9674891940695
2022-02-22 15:45:00+00:00,6390.568548855564
2022-02-22 16:00:00+00:00,6377.397368511785
2022-02-22 16:15:00+00:00,6351.141337914944
2022-02-22 22:45:00+00:00,6350.015151484576
2022-02-23 02:30:00+00:00,6350.624797789999
2022-02-23 07:15:00+00:00,6387.320619951675
2022-02-23 12:00:00+00:00,6389.1403848362415
2022-02-23 13:15:00+00:00,6425.6654087991365
2022-02-23 13:30:00+00:00,6427.339815111805
2022-02-23 14:00:00+00:00,6429.066857000859
2022-02-23 14:45:00+00:00,6415.45960065606
2022-02-23 15:00:00+00:00,6388.255276658721
2022-02-23 16:00:00+00:00,6374.403454724424
2022-02-23 16:15:00+00:00,6347.2343338600385
2022-02-23 17:30:00+00:00,6348.726475238605
2022-02-23 18:00:00+00:00,6386.080526975516
2022-02-23 19:30:00+00:00,6374.847976475899
2022-02-23 20:00:00+00:00,6361.3927349118
2022-02-23 20:15:00+00:00,6362.692290137501
2022-02-23 22:30:00+00:00,6364.00144708577
2022-02-24 01:15:00+00:00,6402.2514711532895
2022-02-24 02:45:00+00:00,6475.428921134218
2022-02-24 03:00:00+00:00,6512.2451983621595
2022-02-24 03:30:00+00:00,6549.108820998087
2022-02-24 03:45:00+00:00,6551.122631187431
2022-02-24 05:30:00+00:00,6588.182929484587
2022-02-24 07:30:00+00:00,6575.389112330922
2022-02-24 14:00:00+00:00,6574.296508836568
2022-02-24 14:15:00+00:00,6569.256267287416
2022-02-24 14:45:00+00:00,6571.44944342635
2022-02-24 17:15:00+00:00,6573.5127885621405
2022-02-24 18:45:00+00:00,6560.470330746427
2022-02-24 20:00:00+00:00,6597.542464087036
2022-02-24 22:30:00+00:00,6621.676102783278
2022-02-24 22:45:00+00:00,6608.8692886470035
2022-02-25 00:45:00+00:00,6611.017648453001
2022-02-25 05:00:00+00:00,6598.123598638085
2022-02-25 05:30:00+00:00,6597.466938947266
2022-02-25 09:15:00+00:00,6584.282255333213
2022-02-25 12:00:00+00:00,6607.909577180441
2022-02-25 13:30:00+00:00,6644.924659194658
2022-02-25 15:00:00+00:00,6631.668996213298
2022-02-25 15:45:00+00:00,6633.61562946171
2022-02-25 17:15:00+00:00,6635.413893655379
2022-02-25 18:00:00+00:00,6622.220079024667
2022-02-25 21:00:00+00:00,6609.23593070837
2022-02-25 23:45:00+00:00,6646.111752636853
2022-02-26 00:30:00+00:00,6682.939385468085
2022-02-26 01:00:00+00:00,6671.911698326431
2022-02-26 05:30:00+00:00,6658.9873206471075
2022-02-26 05:45:00+00:00,6661.038577691654
2022-02-26 07:00:00+00:00,6647.9018772973295
2022-02-26 08:30:00+00:00,6649.778522980332
2022-02-26 09:00:00+00:00,6636.384366085864
2022-02-26 16:30:00+00:00,6637.819775370835
2022-02-26 18:15:00+00:00,6624.494149142055
2022-02-26 19:30:00+00:00,6625.502166112439
2022-02-26 22:00:00+00:00,6612.147457420431
2022-02-26 23:00:00+00:00,6598.8145187042865
2022-02-27 00:30:00+00:00,6635.824783001225
2022-02-27 05:45:00+00:00,6609.274327071182
2022-02-27 08:30:00+00:00,6582.697603477684
2022-02-27 09:15:00+00:00,6569.558682181205
2022-02-27 10:30:00+00:00,6605.9725800332735
2022-02-27 10:45:00+00:00,6592.811825646246
2022-02-27 12:45:00+00:00,6565.8284524291685
2022-02-27 13:30:00+00:00,6566.8845406590335
2022-02-27 13:45:00+00:00,6639.530858988925
2022-02-27 16:15:00+00:00,6626.463146405119
2022-02-27 19:45:00+00:00,6663.057818231716
2022-02-27 20:30:00+00:00,6701.39559821668
2022-02-27 20:45:00+00:00,6688.2637176535745
2022-02-27 21:45:00+00:00,6690.077819696828
2022-02-28 00:00:00+00:00,6676.968806133061
2022-02-28 01:00:00+00:00,6663.775139557009
2022-02-28 01:15:00+00:00,6650.642805129047
2022-02-28 04:00:00+00:00,6652.293989295002
2022-02-28 06:15:00+00:00,6653.955151707547
2022-02-28 07:30:00+00:00,6657.376521004076
2022-02-28 08:00:00+00:00,6644.330678074044
2022-02-28 14:15:00+00:00,6631.278464217594
2022-02-28 16:15:00+00:00,6635.134042066922
2022-02-28 17:45:00+00:00,6671.842104430614
2022-02-28 22:30:00+00:00,6708.607729588249
2022-03-01 00:00:00+00:00,6782.056642888281
2022-03-01 05:30:00+00:00,6782.583981294269
2022-03-01 14:30:00+00:00,6769.556716828546
2022-03-01 16:45:00+00:00,6756.621676963117
2022-03-01 21:30:00+00:00,6757.731109832086
2022-03-01 22:30:00+00:00,6744.525143175779
2022-03-02 00:45:00+00:00,6746.227105994265
2022-03-02 03:30:00+00:00,6733.050849361973
2022-03-02 03:45:00+00:00,6734.597286840768
2022-03-02 06:30:00+00:00,6708.35140360351
2022-03-02 10:30:00+00:00,6709.888323090557
2022-03-02 12:00:00+00:00,6711.690921132054
2022-03-02 13:15:00+00:00,6713.586656935983
2022-03-02 13:30:00+00:00,6750.437148481858
2022-03-02 14:30:00+00:00,6737.144309679538
2022-03-02 15:00:00+00:00,6723.719339164785
2022-03-02 21:45:00+00:00,6712.292882306587
2022-03-02 22:30:00+00:00,6710.140146126801
2022-03-03 00:30:00+00:00,6710.089208599495
2022-03-03 04:00:00+00:00,6696.419350237859
2022-03-03 04:45:00+00:00,6683.046381930915
2022-03-03 06:00:00+00:00,6719.349764873626
2022-03-03 07:00:00+00:00,6721.006565821842
2022-03-03 10:45:00+00:00,6707.169229978405
2022-03-03 11:15:00+00:00,6695.161335620229
2022-03-03 13:30:00+00:00,6681.598168590053
2022-03-03 15:00:00+00:00,6717.870031977086
2022-03-03 15:15:00+00:00,6791.217121570664
2022-03-03 15:30:00+00:00,6827.516043466807
2022-03-03 16:00:00+00:00,6814.050907787784
2022-03-03 16:15:00+00:00,6815.541433640762
2022-03-03 17:15:00+00:00,6816.938591887363
2022-03-03 18:00:00+00:00,6818.854374944679
2022-03-03 22:00:00+00:00,6820.351747118868
2022-03-04 00:15:00+00:00,6819.218583172977
2022-03-04 01:00:00+00:00,6853.4930707654585
2022-03-04 03:30:00+00:00,6840.216751411996
2022-03-04 07:00:00+00:00,6826.744296229656
2022-03-04 08:00:00+00:00,6826.659457831899
2022-03-04 08:45:00+00:00,6798.308013977986
2022-03-04 11:45:00+00:00,6784.937945169738
2022-03-04 14:15:00+00:00,6771.791656158598
2022-03-04 15:45:00+00:00,6758.73244352188
2022-03-04 20:00:00+00:00,6795.264585023532
2022-03-04 22:15:00+00:00,6831.952606234868
2022-03-04 22:45:00+00:00,6833.632803815934
2022-03-05 00:30:00+00:00,6870.346603947436
2022-03-05 05:30:00+00:00,6864.378608840365
2022-03-05 05:45:00+00:00,6849.438829889357
2022-03-05 08:30:00+00:00,6835.502600267699
2022-03-05 11:15:00+00:00,6795.157439319823
2022-03-05 12:00:00+00:00,6781.05177710276
2022-03-05 14:00:00+00:00,6803.4604816426645
2022-03-05 14:15:00+00:00,6804.459616842356
2022-03-05 16:30:00+00:00,6790.364770820468
2022-03-05 17:30:00+00:00,6776.144831329025
2022-03-05 18:00:00+00:00,6762.845208442104
2022-03-05 18:15:00+00:00,6764.242332492218
2022-03-06 01:15:00+00:00,6764.0163713596
2022-03-06 04:00:00+00:00,6749.669680393375
2022-03-06 04:30:00+00:00,6750.452716975583
2022-03-06 07:15:00+00:00,6751.294010136397
2022-03-06 08:45:00+00:00,6752.047262136219
2022-03-06 09:15:00+00:00,6723.683522256659
2022-03-06 10:00:00+00:00,6680.848514487495
2022-03-06 12:30:00+00:00,6667.343428842467
2022-03-06 13:15:00+00:00,6653.837843382158
2022-03-06 16:00:00+00:00,6655.3199190743935
2022-03-06 19:45:00+00:00,6691.963566540356
2022-03-06 20:45:00+00:00,6678.352082452063
2022-03-06 21:00:00+00:00,6679.768665456766
2022-03-06 23:00:00+00:00,6666.354374429198
2022-03-07 00:15:00+00:00,6702.956866726059
2022-03-07 00:30:00+00:00,6704.4998775483755
2022-03-07 01:30:00+00:00,6706.230074603119
2022-03-07 07:00:00+00:00,6701.752946858559
2022-03-07 09:00:00+00:00,6703.495320298267
2022-03-07 10:30:00+00:00,6704.626393020372
2022-03-07 12:00:00+00:00,6706.112458323086
2022-03-07 12:15:00+00:00,6692.59008091031
2022-03-07 13:00:00+00:00,6678.762668061467
2022-03-07 13:30:00+00:00,6715.354400902889
2022-03-07 16:45:00+00:00,6689.214879059532
2022-03-07 17:00:00+00:00,6675.741377727065
2022-03-07 18:00:00+00:00,6662.303159863355
2022-03-07 19:45:00+00:00,6672.24308225769
2022-03-07 20:15:00+00:00,6673.90429400649
2022-03-07 22:00:00+00:00,6660.715517108712
2022-03-08 00:15:00+00:00,6662.51327226281
2022-03-08 02:30:00+00:00,6649.244079608554
2022-03-08 05:00:00+00:00,6651.014195216855
2022-03-08 05:15:00+00:00,6649.087660444721
2022-03-08 08:15:00+00:00,6650.84898505649
2022-03-08 10:00:00+00:00,6652.548539687187
2022-03-08 11:30:00+00:00,6654.056116490059
2022-03-08 12:30:00+00:00,6642.156547900862
2022-03-08 13:00:00+00:00,6628.6299585448205
2022-03-08 13:15:00+00:00,6615.227723807565
2022-03-08 14:15:00+00:00,6616.760699625195
2022-03-08 15:30:00+00:00,6591.42277016259
2022-03-08 19:00:00+00:00,6578.098032412175
2022-03-08 21:00:00+00:00,6552.109931083447
2022-03-08 23:30:00+00:00,6538.669247119799
2022-03-09 00:30:00+00:00,6525.274652179548
2022-03-09 01:00:00+00:00,6511.593557724939
2022-03-09 01:45:00+00:00,6498.086144009513
2022-03-09 02:00:00+00:00,6483.993080795854
2022-03-09 03:45:00+00:00,6519.926052138205
2022-03-09 12:30:00+00:00,6521.313199892685
2022-03-09 13:45:00+00:00,6509.171357709308
2022-03-09 18:15:00+00:00,6510.880737392014
2022-03-10 01:00:00+00:00,6512.838867195378
2022-03-10 01:30:00+00:00,6514.401483701305
2022-03-10 11:15:00+00:00,6513.807819057007
2022-03-10 13:30:00+00:00,6497.12211562785
2022-03-10 13:45:00+00:00,6506.5885904094985
2022-03-10 14:45:00+00:00,6493.294491197778
2022-03-10 18:45:00+00:00,6494.805764848103
2022-03-10 19:15:00+00:00,6481.369329463897
2022-03-10 20:45:00+00:00,6467.602610281547
2022-03-10 21:30:00+00:00,6462.781495461841
2022-03-11 07:00:00+00:00,6499.324474290514
2022-03-11 07:15:00+00:00,6485.892700356129
2022-03-11 09:30:00+00:00,6472.560885511064
2022-03-11 11:15:00+00:00,6458.89305466128
2022-03-11 12:15:00+00:00,6495.466067126109
2022-03-11 13:00:00+00:00,6482.040421462098
2022-03-11 13:15:00+00:00,6455.194554661051
2022-03-11 13:45:00+00:00,6441.879765555985
2022-03-11 15:00:00+00:00,6428.5667956604075
2022-03-11 16:00:00+00:00,6388.135315014226
2022-03-11 20:45:00+00:00,6348.201674640041
2022-03-11 21:15:00+00:00,6334.462929590245
2022-03-11 22:15:00+00:00,6358.138067736033
2022-03-12 00:00:00+00:00,6356.016133363521
2022-03-12 00:15:00+00:00,6358.019421818912
2022-03-12 02:00:00+00:00,6344.3008488751575
2022-03-12 03:45:00+00:00,6346.316652305642
2022-03-12 04:15:00+00:00,6347.634452844502
2022-03-12 05:00:00+00:00,6348.960374539091
2022-03-12 09:15:00+00:00,6349.876670498468
2022-03-12 12:30:00+00:00,6350.3835447656675
2022-03-12 17:15:00+00:00,6350.9510425034
2022-03-12 18:15:00+00:00,6351.614567111673
2022-03-12 19:00:00+00:00,6337.388135083014
2022-03-12 19:15:00+00:00,6323.43332627675
2022-03-12 21:15:00+00:00,6310.053647696247
2022-03-13 00:45:00+00:00,6310.437151425541
2022-03-13 04:00:00+00:00,6296.169818614011
2022-03-13 07:30:00+00:00,6296.664810993262
2022-03-13 09:30:00+00:00,6282.2638828835525
2022-03-13 11:15:00+00:00,6268.008784075384
2022-03-13 11:45:00+00:00,6302.796895467396
2022-03-13 12:15:00+00:00,6337.79459263129
2022-03-13 13:00:00+00:00,6338.1637447815365
2022-03-13 13:15:00+00:00,6323.867790796261
2022-03-13 13:45:00+00:00,6310.161573212009
2022-03-13 14:45:00+00:00,6311.081617363793
2022-03-13 15:00:00+00:00,6297.063205034366
2022-03-13 17:15:00+00:00,6269.423970614403
2022-03-13 17:30:00+00:00,6270.558457061326
2022-03-13 22:45:00+00:00,6306.503034842084
2022-03-14 01:00:00+00:00,6292.562896399789
2022-03-14 04:00:00+00:00,6265.4117624248975
2022-03-14 04:45:00+00:00,6238.5189272209245
2022-03-14 05:30:00+00:00,6225.420335551136
2022-03-14 07:30:00+00:00,6261.974167790737
2022-03-14 10:45:00+00:00,6262.964892856976
2022-03-14 12:15:00+00:00,6264.86376790739
2022-03-14 12:45:00+00:00,6251.048815129198
2022-03-14 13:30:00+00:00,6237.002483690276
2022-03-14 21:00:00+00:00,6238.865636928185
2022-03-15 09:15:00+00:00,6225.022595564609
2022-03-15 12:15:00+00:00,6212.565671014366
2022-03-15 12:30:00+00:00,6198.559174203907
2022-03-15 14:00:00+00:00,6186.068614406854
2022-03-15 16:15:00+00:00,6223.521673931969
2022-03-15 18:00:00+00:00,6259.714274378308
2022-03-15 19:00:00+00:00,6282.383947444233
2022-03-15 20:00:00+00:00,6318.734968545409
2022-03-15 20:30:00+00:00,6304.887246149371
2022-03-15 20:45:00+00:00,6291.409930709123
2022-03-15 22:15:00+00:00,6292.62529019108
2022-03-15 22:30:00+00:00,6280.651451393336
2022-03-16 00:45:00+00:00,6266.863971081765
2022-03-16 01:30:00+00:00,6303.126076981864
2022-03-16 02:00:00+00:00,6338.733761517723
2022-03-16 03:00:00+00:00,6325.080639075068
2022-03-16 08:15:00+00:00,6311.745312354154
2022-03-16 12:45:00+00:00,6297.962036020703
2022-03-16 15:45:00+00:00,6284.247232320503
2022-03-16 16:15:00+00:00,6230.713778414734
2022-03-16 18:00:00+00:00,6217.231855825819
2022-03-17 02:15:00+00:00,6191.450289975804
2022-03-17 04:15:00+00:00,6229.816274048881
2022-03-17 06:30:00+00:00,6216.126056559101
2022-03-17 12:45:00+00:00,6252.415096440776
2022-03-17 14:30:00+00:00,6238.594075449139
2022-03-17 14:45:00+00:00,6225.182375302738
2022-03-17 15:45:00+00:00,6227.017747134567
2022-03-17 20:15:00+00:00,6213.842422025782
2022-03-18 00:30:00+00:00,6201.414770899559
2022-03-18 03:15:00+00:00,6237.416759307756
2022-03-18 05:00:00+00:00,6238.490925994319
2022-03-18 05:45:00+00:00,6224.957580654411
2022-03-18 08:15:00+00:00,6226.235317294109
2022-03-18 12:00:00+00:00,6226.600685291569
2022-03-18 12:30:00+00:00,6212.133229010192
2022-03-18 13:15:00+00:00,6198.121699070476
2022-03-18 14:00:00+00:00,6198.713195050185
2022-03-18 15:30:00+00:00,6200.591787229463
2022-03-18 16:15:00+00:00,6173.1077695893455
2022-03-18 17:00:00+00:00,6209.6617150940565
2022-03-18 19:00:00+00:00,6196.322265851216
2022-03-18 20:00:00+00:00,6232.168139641659
2022-03-18 23:45:00+00:00,6230.317095595892
2022-03-19 02:00:00+00:00,6231.395484391136
2022-03-19 03:15:00+00:00,6232.198256159662
2022-03-19 06:15:00+00:00,6218.423885458858
2022-03-19 13:45:00+00:00,6217.984769616498
2022-03-19 14:30:00+00:00,6219.10844840147
2022-03-19 15:45:00+00:00,6205.4144621144505
2022-03-19 18:00:00+00:00,6192.0694304990975
2022-03-19 22:00:00+00:00,6193.3852101716275
2022-03-19 22:15:00+00:00,6176.746293890083
2022-03-20 09:15:00+00:00,6213.237837060784
2022-03-20 09:30:00+00:00,6249.399298819923
2022-03-20 09:45:00+00:00,6245.613068157082
2022-03-20 12:00:00+00:00,6281.511440099236
2022-03-20 12:15:00+00:00,6268.766188393758
2022-03-20 14:45:00+00:00,6255.195310628435
2022-03-20 16:15:00+00:00,6241.8643235509535
2022-03-20 19:30:00+00:00,6242.973084874734
2022-03-20 19:45:00+00:00,6243.870885285566
2022-03-20 20:00:00+00:00,6245.181830725787
2022-03-21 00:45:00+00:00,6217.400932407578
2022-03-21 02:30:00+00:00,6253.870202460821
2022-03-21 02:45:00+00:00,6291.592326663434
2022-03-21 04:45:00+00:00,6277.820658474936
2022-03-21 05:45:00+00:00,6264.326074863084
2022-03-21 06:00:00+00:00,6250.057267180206
2022-03-21 07:30:00+00:00,6222.243642038662
2022-03-21 07:45:00+00:00,6180.6369772871485
2022-03-21 08:30:00+00:00,6167.31845163223
2022-03-21 09:30:00+00:00,6168.010522196816
2022-03-21 12:30:00+00:00,6154.817680158374
2022-03-21 13:00:00+00:00,6156.759305252305
2022-03-21 14:00:00+00:00,6158.111213242451
2022-03-21 15:15:00+00:00,6144.277763946116
2022-03-21 15:45:00+00:00,6130.668863454208
2022-03-21 17:30:00+00:00,6131.836131660368
2022-03-21 17:45:00+00:00,6133.213846971958
2022-03-21 20:15:00+00:00,6119.948510471075
2022-03-21 21:45:00+00:00,6121.8655197742155
2022-03-22 00:30:00+00:00,6123.009942466105
2022-03-22 03:15:00+00:00,6159.288080881942
2022-03-22 03:30:00+00:00,6195.580302758742
2022-03-22 04:15:00+00:00,6231.782057958445
2022-03-22 04:45:00+00:00,6233.240818660904
2022-03-22 06:00:00+00:00,6219.731808079497
2022-03-22 15:30:00+00:00,6207.894175123772
2022-03-22 19:45:00+00:00,6209.432544054034
2022-03-23 00:00:00+00:00,6183.593374717361
2022-03-23 02:15:00+00:00,6169.792448852469
2022-03-23 02:30:00+00:00,6156.152770961283
2022-03-23 04:30:00+00:00,6192.3717404084555
2022-03-23 05:45:00+00:00,6193.564766871335
2022-03-23 06:15:00+00:00,6179.527055376002
2022-03-23 10:15:00+00:00,6181.989023591231
2022-03-23 12:30:00+00:00,6182.739471949401
2022-03-23 12:45:00+00:00,6183.376179533584
2022-03-23 14:00:00+00:00,6156.372991548636
2022-03-23 16:00:00+00:00,6193.219930625551
2022-03-23 17:45:00+00:00,6180.093477896879
2022-03-23 19:00:00+00:00,6155.535851878157
2022-03-23 22:15:00+00:00,6142.150193421534
2022-03-24 00:00:00+00:00,6179.0585964132415
2022-03-24 01:00:00+00:00,6165.445565046511
2022-03-24 01:15:00+00:00,6151.585531562239
2022-03-24 02:15:00+00:00,6188.516541306864
2022-03-24 09:30:00+00:00,6191.644995246776
2022-03-24 12:30:00+00:00,6193.135752548617
2022-03-24 14:45:00+00:00,6196.1548786018475
2022-03-24 19:15:00+00:00,6232.900933916016
2022-03-24 22:15:00+00:00,6228.728269353758
2022-03-24 22:45:00+00:00,6230.607035683706
2022-03-25 10:30:00+00:00,6217.054664650072
2022-03-25 11:00:00+00:00,6203.385446187518
2022-03-25 12:30:00+00:00,6189.725080572136
2022-03-25 15:15:00+00:00,6226.387280871663
2022-03-25 15:30:00+00:00,6212.566444436873
2022-03-25 16:00:00+00:00,6285.286007954359
2022-03-25 16:30:00+00:00,6271.976285786879
2022-03-25 17:00:00+00:00,6258.128632007483
2022-03-25 18:00:00+00:00,6259.522819802874
2022-03-25 18:15:00+00:00,6246.354897803652
2022-03-25 20:00:00+00:00,6247.810938988909
2022-03-25 20:45:00+00:00,6248.941787582377
2022-03-26 01:30:00+00:00,6250.711477934251
2022-03-26 03:30:00+00:00,6251.378709463409
2022-03-26 03:45:00+00:00,6237.851034410251
2022-03-26 05:00:00+00:00,6238.85105549106
2022-03-26 05:30:00+00:00,6225.046748206823
2022-03-26 07:00:00+00:00,6209.82962801437
2022-03-26 12:15:00+00:00,6210.821977337956
2022-03-26 16:00:00+00:00,6197.243128094837
2022-03-26 17:00:00+00:00,6181.631240822756
2022-03-26 18:00:00+00:00,6167.66249810353
2022-03-26 19:00:00+00:00,6168.020368732326
2022-03-26 20:00:00+00:00,6154.011710952092
2022-03-26 20:45:00+00:00,6155.462634951498
2022-03-26 21:15:00+00:00,6141.800544170977
2022-03-27 03:30:00+00:00,6127.113454839973
2022-03-27 10:15:00+00:00,6157.411245256375
2022-03-27 15:00:00+00:00,6157.0478745406435
2022-03-27 15:15:00+00:00,6191.566777791043
2022-03-27 16:30:00+00:00,6177.873439559498
2022-03-27 16:45:00+00:00,6177.705247211698
2022-03-27 20:15:00+00:00,6162.802081671567
2022-03-27 20:30:00+00:00,6164.078293624992
2022-03-27 22:30:00+00:00,6199.8338175176605
2022-03-27 23:45:00+00:00,6235.797872036457
2022-03-28 00:30:00+00:00,6222.305436943586
2022-03-28 03:30:00+00:00,6258.223730254648
2022-03-28 05:00:00+00:00,6244.686327262092
2022-03-28 05:45:00+00:00,6281.0434883767475
2022-03-28 09:30:00+00:00,6268.405004838756
2022-03-28 11:30:00+00:00,6255.171237027816
2022-03-28 15:00:00+00:00,6291.912713004502
2022-03-28 16:15:00+00:00,6278.610591538974
2022-03-28 19:45:00+00:00,6265.079140628934
2022-03-28 21:30:00+00:00,6301.637147131845
2022-03-28 23:00:00+00:00,6288.248434732473
2022-03-28 23:15:00+00:00,6323.999722194455
2022-03-29 05:00:00+00:00,6347.1330342256515
2022-03-29 11:30:00+00:00,6348.230246970373
2022-03-29 11:45:00+00:00,6384.41190654057
2022-03-29 12:00:00+00:00,6370.640335743748
2022-03-29 13:15:00+00:00,6372.327552329443
2022-03-29 15:45:00+00:00,6408.452218237186
2022-03-29 16:00:00+00:00,6445.692686319144
2022-03-29 16:15:00+00:00,6432.254729928743
2022-03-29 17:45:00+00:00,6433.258664954893
2022-03-29 19:00:00+00:00,6419.659414337988
2022-03-29 19:15:00+00:00,6405.5592047232885
2022-03-30 00:45:00+00:00,6407.205688403745
2022-03-30 03:45:00+00:00,6393.995121538273
2022-03-30 05:15:00+00:00,6395.27750396677
2022-03-30 06:00:00+00:00,6396.8933955813845
2022-03-30 07:00:00+00:00,6382.593431598057
2022-03-30 11:15:00+00:00,6383.694443188778
2022-03-30 13:30:00+00:00,6369.606010535432
2022-03-30 15:30:00+00:00,6406.475048485322
2022-03-30 16:15:00+00:00,6396.193398649849
2022-03-30 19:00:00+00:00,6382.515036371261
2022-03-30 19:45:00+00:00,6369.575389423632
2022-03-30 23:15:00+00:00,6367.953710812974
2022-03-31 00:30:00+00:00,6354.356503755877
2022-03-31 01:15:00+00:00,6340.802747265076
2022-03-31 04:30:00+00:00,6327.181640027107
2022-03-31 08:00:00+00:00,6328.365964004835
2022-03-31 08:45:00+00:00,6313.852127050189
2022-03-31 09:45:00+00:00,6299.457055844331
2022-03-31 13:15:00+00:00,6271.5137619741745
2022-03-31 14:00:00+00:00,6307.30478517269
2022-03-31 14:45:00+00:00,6330.737061156785
2022-03-31 16:15:00+00:00,6369.009797185225
2022-03-31 16:30:00+00:00,6405.045724532737
2022-03-31 19:30:00+00:00,6392.0096223615565
2022-03-31 21:15:00+00:00,6378.995215867055
2022-03-31 22:45:00+00:00,6376.608212001501
2022-03-31 23:45:00+00:00,6363.510662780977
2022-04-01 02:15:00+00:00,6399.831332739981
2022-04-01 03:30:00+00:00,6473.647157158302
2022-04-01 04:00:00+00:00,6474.908201267593
2022-04-01 05:00:00+00:00,6461.770617125694
2022-04-01 07:00:00+00:00,6448.2710115423115
2022-04-01 07:45:00+00:00,6434.444179780666
2022-04-01 08:00:00+00:00,6393.648170964686
2022-04-01 11:15:00+00:00,6379.488739403575
2022-04-01 12:15:00+00:00,6415.915179847529
2022-04-01 12:30:00+00:00,6416.605655407857
2022-04-01 13:15:00+00:00,6403.529193540529
2022-04-01 13:30:00+00:00,6376.2577209773335
2022-04-01 14:00:00+00:00,6362.488454087587
2022-04-01 14:30:00+00:00,6321.428559189798
2022-04-01 14:45:00+00:00,6307.489108247373
2022-04-01 15:00:00+00:00,6280.9612681090475
2022-04-01 17:30:00+00:00,6282.243267277618
2022-04-01 21:15:00+00:00,6276.164442527139
2022-04-02 00:45:00+00:00,6275.89693661349
2022-04-02 13:15:00+00:00,6277.022268187188
2022-04-03 19:15:00+00:00,6278.3226164476355
2022-04-03 21:30:00+00:00,6264.864929490551
2022-04-03 22:15:00+00:00,6251.241006242989
2022-04-03 23:00:00+00:00,6252.604135791913
2022-04-04 00:00:00+00:00,6239.020617729933
2022-04-04 00:15:00+00:00,6275.515632183323
2022-04-04 07:00:00+00:00,6272.163448020702
2022-04-04 11:30:00+00:00,6274.088275086578
2022-04-04 12:30:00+00:00,6261.118976066404
2022-04-04 13:30:00+00:00,6297.409243405375
2022-04-04 13:45:00+00:00,6298.924672966311
2022-04-04 15:00:00+00:00,6285.955006879049
2022-04-04 17:30:00+00:00,6359.186585307105
2022-04-04 18:45:00+00:00,6360.7441940903
2022-04-04 19:00:00+00:00,6347.52924774909
2022-04-04 20:15:00+00:00,6320.816583496549
2022-04-04 22:45:00+00:00,6307.357192806529
2022-04-05 06:45:00+00:00,6294.150782944792
2022-04-05 10:00:00+00:00,6280.9305995704
2022-04-05 11:00:00+00:00,6281.7300714660605
2022-04-05 11:45:00+00:00,6283.351545336524
2022-04-05 12:00:00+00:00,6269.106489158032
2022-04-05 12:15:00+00:00,6305.871766504876
2022-04-05 13:00:00+00:00,6291.486525930346
2022-04-05 13:15:00+00:00,6327.412088274277
2022-04-05 16:00:00+00:00,6328.795957262499
2022-04-05 16:15:00+00:00,6365.838309338668
2022-04-05 17:45:00+00:00,6367.978274345342
2022-04-05 18:30:00+00:00,6355.183590785116
2022-04-05 19:30:00+00:00,6349.7404302325995
2022-04-05 22:30:00+00:00,6350.15146220278
2022-04-05 22:45:00+00:00,6351.561819300242
2022-04-06 00:00:00+00:00,6387.80486993897
2022-04-06 01:00:00+00:00,6413.010230557579
2022-04-06 01:45:00+00:00,6400.260913456297
2022-04-06 05:45:00+00:00,6387.087713279211
2022-04-06 07:30:00+00:00,6375.972846455454
2022-04-06 08:30:00+00:00,6374.794838574167
2022-04-06 10:45:00+00:00,6411.08611375206
2022-04-06 11:00:00+00:00,6447.8434775321275
2022-04-06 11:15:00+00:00,6434.522089209455
2022-04-06 11:45:00+00:00,6421.180409870409
2022-04-06 13:45:00+00:00,6444.55716476684
2022-04-06 14:15:00+00:00,6445.848658696472
2022-04-06 15:30:00+00:00,6482.246831617476
2022-04-06 16:30:00+00:00,6519.002378599935
2022-04-06 18:00:00+00:00,6520.619292853078
2022-04-06 18:30:00+00:00,6522.535584341892
2022-04-06 19:45:00+00:00,6496.306293515118
2022-04-06 21:30:00+00:00,6483.13988327639
2022-04-07 00:30:00+00:00,6484.693739940918
2022-04-07 00:45:00+00:00,6521.732100270501
2022-04-07 01:45:00+00:00,6524.790791572579
2022-04-07 07:30:00+00:00,6511.726844219427
2022-04-07 08:15:00+00:00,6505.665685922302
2022-04-07 09:30:00+00:00,6507.18651270316
2022-04-07 11:00:00+00:00,6493.198337248592
2022-04-07 11:30:00+00:00,6479.335716394427
2022-04-07 13:30:00+00:00,6454.266835082083
2022-04-07 15:00:00+00:00,6490.401652866214
2022-04-07 15:45:00+00:00,6476.886321586018
2022-04-07 17:00:00+00:00,6478.481921533039
2022-04-07 18:00:00+00:00,6480.339242180447
2022-04-07 20:45:00+00:00,6467.239263478791
2022-04-07 22:30:00+00:00,6462.597974790682
2022-04-08 08:00:00+00:00,6463.753182624539
2022-04-08 14:45:00+00:00,6449.9487799662575
2022-04-08 18:00:00+00:00,6486.322771949701
2022-04-08 22:00:00+00:00,6523.276862513488
2022-04-08 23:00:00+00:00,6559.903153333141
2022-04-09 00:00:00+00:00,6561.347531954109
2022-04-09 00:15:00+00:00,6563.196305861818
2022-04-09 01:00:00+00:00,6549.791900038888
2022-04-09 05:45:00+00:00,6551.674322574466
2022-04-09 07:45:00+00:00,6532.331579756619
2022-04-09 10:45:00+00:00,6533.617071883408
2022-04-09 12:30:00+00:00,6532.3552280656495
2022-04-09 13:30:00+00:00,6518.5771930511855
2022-04-09 17:30:00+00:00,6519.628795568968
2022-04-09 22:15:00+00:00,6520.354819753843
2022-04-09 23:30:00+00:00,6506.428441815011
2022-04-10 02:00:00+00:00,6492.263878651825
2022-04-10 21:30:00+00:00,6489.884041366314
2022-04-11 02:45:00+00:00,6526.08808823186
2022-04-11 05:45:00+00:00,6512.401298556335
2022-04-11 08:30:00+00:00,6549.077798678391
2022-04-11 09:00:00+00:00,6584.892619560168
2022-04-11 09:15:00+00:00,6621.258259841697
2022-04-11 09:45:00+00:00,6622.597248305122
2022-04-11 14:00:00+00:00,6660.928520895284
2022-04-11 20:00:00+00:00,6697.5586512268
2022-04-11 21:30:00+00:00,6734.219817975121
2022-04-11 22:30:00+00:00,6772.680678336184
2022-04-12 05:15:00+00:00,6764.187564579945
2022-04-12 05:45:00+00:00,6723.688133544307
2022-04-12 06:00:00+00:00,6709.942808134545
2022-04-12 07:45:00+00:00,6696.460041151715
2022-04-12 11:15:00+00:00,6682.847434239959
2022-04-12 11:30:00+00:00,6668.903531741225
2022-04-12 11:45:00+00:00,6655.001623065801
2022-04-12 12:30:00+00:00,6640.879983594099
2022-04-12 12:45:00+00:00,6613.475026397482
2022-04-12 13:45:00+00:00,6614.4055374057125
2022-04-12 15:15:00+00:00,6601.140041611818
2022-04-12 18:00:00+00:00,6637.3295152702385
2022-04-12 18:15:00+00:00,6673.553700057875
2022-04-12 23:15:00+00:00,6659.786403136626
2022-04-13 02:30:00+00:00,6661.18153243263
2022-04-13 05:45:00+00:00,6662.865026600285
2022-04-13 09:15:00+00:00,6657.937020597735
2022-04-13 11:45:00+00:00,6659.8381923770485
2022-04-13 12:00:00+00:00,6696.002841107071
2022-04-13 13:00:00+00:00,6681.94792510394
2022-04-13 14:30:00+00:00,6682.974017287047
2022-04-13 15:15:00+00:00,6669.553385947313
2022-04-13 19:30:00+00:00,6670.914893641958
2022-04-13 23:30:00+00:00,6667.996908687088
2022-04-14 09:00:00+00:00,6669.247200103314
2022-04-14 10:45:00+00:00,6654.289140938918
2022-04-14 13:30:00+00:00,6654.556144770756
2022-04-15 02:15:00+00:00,6655.066169767183
2022-04-15 03:00:00+00:00,6657.232604164463
2022-04-15 03:45:00+00:00,6665.516465219509
2022-04-15 05:00:00+00:00,6652.288653883181
2022-04-15 07:45:00+00:00,6652.428871675316
2022-04-15 11:45:00+00:00,6654.596294603615
2022-04-15 13:00:00+00:00,6628.062389634279
2022-04-15 13:45:00+00:00,6614.74739626986
2022-04-15 16:00:00+00:00,6616.4298264648105
2022-04-16 01:15:00+00:00,6602.693563758245
2022-04-16 04:30:00+00:00,6603.569298251315
2022-04-16 08:00:00+00:00,6605.253951717587
2022-04-16 15:15:00+00:00,6600.181601257121
2022-04-17 02:15:00+00:00,6586.171223843941
2022-04-17 11:15:00+00:00,6587.204056874802
2022-04-17 23:00:00+00:00,6622.880492892918
2022-04-18 03:00:00+00:00,6609.078380953068
2022-04-18 04:15:00+00:00,6645.42870899127
2022-04-18 05:15:00+00:00,6682.966024427568
2022-04-18 10:15:00+00:00,6669.074421894132
2022-04-18 10:45:00+00:00,6666.893935032477
2022-04-18 11:15:00+00:00,6665.555239128434
2022-04-18 12:15:00+00:00,6651.419684845167
2022-04-18 12:30:00+00:00,6637.7360238313995
2022-04-18 13:30:00+00:00,6624.0104190018255
2022-04-18 14:15:00+00:00,6610.395477003506
2022-04-18 16:30:00+00:00,6611.762429873524
2022-04-18 16:45:00+00:00,6613.116731672721
2022-04-18 17:45:00+00:00,6601.114725718703
2022-04-18 18:15:00+00:00,6574.132739381637
2022-04-19 11:45:00+00:00,6610.731488646724
2022-04-19 16:30:00+00:00,6596.6396676037575
2022-04-20 00:30:00+00:00,6591.670104045999
2022-04-20 08:00:00+00:00,6577.9521036686065
2022-04-20 09:30:00+00:00,6564.172802023107
2022-04-20 10:15:00+00:00,6550.285354503629
2022-04-20 13:30:00+00:00,6536.0249615981365
2022-04-20 14:15:00+00:00,6523.708970750877
2022-04-20 15:00:00+00:00,6509.72888998296
2022-04-20 18:30:00+00:00,6482.485597927987
2022-04-21 00:45:00+00:00,6454.8886458022735
2022-04-21 01:30:00+00:00,6441.167638469485
2022-04-21 03:00:00+00:00,6477.813027194852
2022-04-21 05:30:00+00:00,6464.282020576418
2022-04-21 08:00:00+00:00,6465.55643430586
2022-04-21 09:30:00+00:00,6466.950762866455
2022-04-21 10:15:00+00:00,6468.116151479327
2022-04-21 11:15:00+00:00,6454.3448250079755
2022-04-21 11:30:00+00:00,6489.812972626438
2022-04-21 13:30:00+00:00,6526.137690004313
2022-04-21 14:30:00+00:00,6527.121413428974
2022-04-21 15:15:00+00:00,6513.466859252374
2022-04-21 15:30:00+00:00,6514.3940889692
2022-04-21 15:45:00+00:00,6500.384627648762
2022-04-21 16:45:00+00:00,6486.390042202003
2022-04-21 18:00:00+00:00,6431.388832225491
2022-04-21 21:45:00+00:00,6467.4365126394805
2022-04-21 22:45:00+00:00,6470.500242515078
2022-04-22 00:30:00+00:00,6444.7605790829375
2022-04-22 02:30:00+00:00,6430.93024943363
2022-04-22 04:00:00+00:00,6417.453107675213
2022-04-22 04:45:00+00:00,6403.8006144500905
2022-04-22 07:00:00+00:00,6390.029767600864
2022-04-22 07:30:00+00:00,6390.906664436615
2022-04-22 10:30:00+00:00,6376.243455996581
2022-04-22 11:00:00+00:00,6377.352065279346
2022-04-22 12:30:00+00:00,6363.083834710763
2022-04-22 14:00:00+00:00,6364.0060814397575
2022-04-22 14:15:00+00:00,6400.029948901741
2022-04-22 15:15:00+00:00,6400.368536311326
2022-04-22 15:45:00+00:00,6436.477388516113
2022-04-22 16:30:00+00:00,6422.823489791834
2022-04-22 17:15:00+00:00,6409.463015957153
2022-04-22 19:15:00+00:00,6395.914550083399
2022-04-22 19:30:00+00:00,6382.292935098818
2022-04-22 23:45:00+00:00,6383.567536346942
2022-04-23 00:00:00+00:00,6384.536897835092
2022-04-23 00:15:00+00:00,6385.9888980542555
2022-04-23 04:15:00+00:00,6421.971517248977
2022-04-23 05:00:00+00:00,6443.507806131575
2022-04-23 05:30:00+00:00,6429.883067646106
2022-04-23 08:30:00+00:00,6415.787080779286
2022-04-23 10:15:00+00:00,6414.4954056035185
2022-04-23 11:45:00+00:00,6407.50484137441
2022-04-23 12:15:00+00:00,6392.547127278196
2022-04-23 13:00:00+00:00,6377.941510758723
2022-04-23 13:15:00+00:00,6378.910044798849
2022-04-23 16:00:00+00:00,6349.5523531225235
2022-04-23 20:30:00+00:00,6349.881512664674
2022-04-23 21:45:00+00:00,6350.237392669979
2022-04-23 23:30:00+00:00,6384.746439297227
2022-04-24 00:15:00+00:00,6404.9824638184455
2022-04-24 02:30:00+00:00,6405.158650404681
2022-04-24 03:00:00+00:00,6391.357944378973
2022-04-24 03:15:00+00:00,6376.467724862041
2022-04-24 10:15:00+00:00,6375.747182583947
2022-04-24 14:30:00+00:00,6411.512257448049
2022-04-24 14:45:00+00:00,6412.227365787341
2022-04-25 06:45:00+00:00,6447.989686058679
2022-04-25 07:00:00+00:00,6484.606208624746
2022-04-25 09:45:00+00:00,6471.267579231324
2022-04-25 12:00:00+00:00,6457.898934775709
2022-04-25 14:30:00+00:00,6459.392121071336
2022-04-25 16:15:00+00:00,6446.024546259725
2022-04-25 17:00:00+00:00,6483.020979924801
2022-04-25 19:00:00+00:00,6520.125686554565
2022-04-25 20:00:00+00:00,6506.766105487867
2022-04-25 20:45:00+00:00,6493.994212439249
2022-04-25 22:45:00+00:00,6480.449735937422
2022-04-26 01:00:00+00:00,6467.698859476859
2022-04-26 08:00:00+00:00,6504.864988925119
2022-04-26 10:00:00+00:00,6492.000741811639
2022-04-26 11:00:00+00:00,6479.1263658192565
2022-04-26 12:45:00+00:00,6466.234287431255
2022-04-26 13:45:00+00:00,6453.324731553026
2022-04-26 15:00:00+00:00,6440.440200477012
2022-04-26 16:30:00+00:00,6427.552909465319
2022-04-26 19:45:00+00:00,6429.273374271711
2022-04-26 21:00:00+00:00,6416.042986133207
2022-04-27 00:00:00+00:00,6417.780702706938
2022-04-27 01:00:00+00:00,6419.518471771353
2022-04-27 01:30:00+00:00,6421.217180674189
2022-04-27 02:30:00+00:00,6422.82738725553
2022-04-27 06:30:00+00:00,6408.939220700835
2022-04-27 06:45:00+00:00,6395.547821128256
2022-04-27 07:30:00+00:00,6367.754856272139
2022-04-27 08:15:00+00:00,6353.243115597691
2022-04-27 09:00:00+00:00,6340.137465205461
2022-04-27 13:15:00+00:00,6342.7998793208635
2022-04-27 13:45:00+00:00,6328.573502824712
2022-04-27 14:00:00+00:00,6329.980371374214
2022-04-27 17:00:00+00:00,6316.669487048609
2022-04-28 12:45:00+00:00,6302.94413640703
2022-04-28 13:15:00+00:00,6289.095884381508
2022-04-28 14:00:00+00:00,6275.105464833077
2022-04-28 15:00:00+00:00,6283.861310476189
2022-04-28 17:45:00+00:00,6356.644099002799
2022-04-28 20:00:00+00:00,6358.335523063191
2022-04-28 22:15:00+00:00,6345.007993263508
2022-04-29 02:15:00+00:00,6332.843397333388
2022-04-29 03:00:00+00:00,6319.062256188945
2022-04-29 05:00:00+00:00,6317.477688817335
2022-04-29 08:45:00+00:00,6303.489302951667
2022-04-29 10:45:00+00:00,6289.252014615317
2022-04-29 13:45:00+00:00,6275.780284393363
2022-04-29 19:45:00+00:00,6312.430634692357
2022-04-30 13:30:00+00:00,6300.707332320506
2022-04-30 14:15:00+00:00,6286.670486645101
2022-04-30 14:45:00+00:00,6272.839648624754
2022-04-30 16:45:00+00:00,6259.255090032926
2022-04-30 21:15:00+00:00,6245.7153529260895
2022-05-01 00:30:00+00:00,6247.670042759341
2022-05-01 05:00:00+00:00,6284.65038483727
2022-05-01 11:15:00+00:00,6271.2653084978465
2022-05-01 13:45:00+00:00,6272.846811754304
2022-05-01 14:30:00+00:00,6274.887691078568
2022-05-01 15:45:00+00:00,6311.2781910439435
2022-05-01 16:00:00+00:00,6347.848621395041
2022-05-01 17:15:00+00:00,6334.7179272353715
2022-05-01 18:15:00+00:00,6321.259318130556
2022-05-01 18:30:00+00:00,6308.129745838659
2022-05-01 18:45:00+00:00,6294.674446030755
2022-05-01 21:30:00+00:00,6296.260042934326
2022-05-02 06:45:00+00:00,6297.563772639566
2022-05-02 09:45:00+00:00,6299.404367485983
2022-05-02 11:00:00+00:00,6258.368402394547
2022-05-02 11:30:00+00:00,6244.767423225576
2022-05-02 13:30:00+00:00,6231.185246090967
2022-05-02 15:45:00+00:00,6219.137455830159
2022-05-02 17:15:00+00:00,6205.722338468015
2022-05-02 17:30:00+00:00,6194.341177426433
2022-05-02 21:45:00+00:00,6230.894469123631
2022-05-02 22:45:00+00:00,6217.387209803858
2022-05-02 23:45:00+00:00,6219.053579267565
2022-05-03 00:00:00+00:00,6220.441599127641
2022-05-03 05:45:00+00:00,6221.891190561623
2022-05-03 07:45:00+00:00,6208.581729624795
2022-05-03 10:00:00+00:00,6209.802353396423
2022-05-03 12:45:00+00:00,6198.081549896607
2022-05-03 16:00:00+00:00,6184.711853218383
2022-05-04 03:30:00+00:00,6170.389566443173
2022-05-04 15:00:00+00:00,6172.105704189087
2022-05-04 15:30:00+00:00,6158.422910552522
2022-05-04 18:15:00+00:00,6160.182733343181
2022-05-04 18:45:00+00:00,6146.52482923562
2022-05-04 21:00:00+00:00,6183.3811528396145
2022-05-05 04:00:00+00:00,6185.207576469863
2022-05-05 05:30:00+00:00,6171.853593259845
2022-05-05 07:00:00+00:00,6173.420411435671
2022-05-05 07:15:00+00:00,6175.411363148034
2022-05-05 08:30:00+00:00,6177.050655449439
2022-05-05 09:30:00+00:00,6163.079092025666
2022-05-05 10:15:00+00:00,6197.9324037817105
2022-05-05 10:45:00+00:00,6170.37784883933
2022-05-05 11:45:00+00:00,6156.726139940607
2022-05-05 13:00:00+00:00,6116.257569517666
2022-05-05 13:30:00+00:00,6102.666632304947
2022-05-05 13:45:00+00:00,6075.648950109986
2022-05-05 14:00:00+00:00,6062.18199616965
2022-05-05 18:45:00+00:00,6064.269038103974
2022-05-05 20:00:00+00:00,6051.272908247961
2022-05-05 20:15:00+00:00,6038.335902481551
2022-05-05 20:45:00+00:00,6040.054009683624
2022-05-06 03:30:00+00:00,6039.286370668949
2022-05-06 04:00:00+00:00,6039.783347835072
2022-05-06 07:45:00+00:00,6075.654494687854
2022-05-06 11:30:00+00:00,6078.88032130234
2022-05-06 12:15:00+00:00,6065.531031120055
2022-05-06 12:30:00+00:00,6066.651022968617
2022-05-06 14:15:00+00:00,6068.211931210046
2022-05-06 14:45:00+00:00,6055.022578182925
2022-05-06 21:30:00+00:00,6053.563651679159
2022-05-06 22:15:00+00:00,6039.785607008342
2022-05-07 04:45:00+00:00,6076.777481777241
2022-05-07 16:15:00+00:00,6063.309767427721
2022-05-07 18:45:00+00:00,6049.879215307779
2022-05-09 18:30:00+00:00,6037.002730105732
2022-05-09 19:45:00+00:00,6024.250615936731
2022-05-09 23:15:00+00:00,6026.412841339194
2022-05-09 23:45:00+00:00,6013.541054628111
2022-05-10 00:00:00+00:00,6015.734864237567
2022-05-10 00:15:00+00:00,6002.9415192635715
2022-05-10 05:45:00+00:00,6040.128227800958
2022-05-10 11:30:00+00:00,6077.34974937335
2022-05-10 13:30:00+00:00,6064.3759092451655
2022-05-10 14:30:00+00:00,6053.375530937887
2022-05-10 19:15:00+00:00,6042.480450962295
2022-05-10 20:45:00+00:00,6029.518610295931
2022-05-10 21:30:00+00:00,6016.449475073826
2022-05-11 07:30:00+00:00,6003.72810851212
2022-05-11 12:15:00+00:00,5990.707025606964
2022-05-11 12:30:00+00:00,5993.048519606454
2022-05-11 13:45:00+00:00,6030.447051942067
2022-05-11 16:00:00+00:00,6032.797988922339
2022-05-11 17:30:00+00:00,6035.168494787559
2022-05-11 19:30:00+00:00,6009.961506679453
2022-05-11 20:30:00+00:00,5984.671606326853
2022-05-11 20:45:00+00:00,5972.07058822381
2022-05-12 02:45:00+00:00,5961.722175018837
2022-05-12 03:15:00+00:00,5964.092571819056
2022-05-12 04:00:00+00:00,5953.750505838842
2022-05-12 04:15:00+00:00,5941.101799557967
2022-05-12 05:00:00+00:00,5928.353055108315
2022-05-12 07:00:00+00:00,5890.310023904642
2022-05-12 07:15:00+00:00,5877.703540873625
2022-05-12 08:30:00+00:00,5879.993377489242
2022-05-12 12:30:00+00:00,5917.299834986034
2022-05-12 13:30:00+00:00,5904.53206623617
2022-05-12 13:45:00+00:00,5899.13178116345
2022-05-12 17:45:00+00:00,5901.431175429599
2022-05-12 18:30:00+00:00,5903.658506749321
2022-05-12 21:00:00+00:00,5905.954395276912
2022-05-12 21:30:00+00:00,5893.1564695141205
2022-05-13 01:00:00+00:00,5930.367987541692
2022-05-13 03:00:00+00:00,6004.626196301961
2022-05-13 04:45:00+00:00,6006.691164561094
2022-05-13 11:15:00+00:00,6043.894472940174
2022-05-13 13:30:00+00:00,6034.2590923303005
2022-05-13 15:15:00+00:00,6021.3696071903305
2022-05-13 15:30:00+00:00,6023.399055863569
2022-05-13 16:45:00+00:00,6012.818378490051
2022-05-13 17:45:00+00:00,6000.058571973216
2022-05-13 22:30:00+00:00,6002.286774985663
2022-05-13 23:15:00+00:00,5998.507362762666
2022-05-13 23:30:00+00:00,5985.646406231043
2022-05-14 00:30:00+00:00,5986.525830813208
2022-05-14 04:00:00+00:00,5988.723383747839
2022-05-14 09:45:00+00:00,5990.870113815376
2022-05-18 19:00:00+00:00,5977.497724452318
2022-05-19 02:00:00+00:00,6014.163927379093
2022-05-19 02:45:00+00:00,6000.8233506693305
2022-05-19 06:45:00+00:00,5987.311014867567
2022-05-19 10:45:00+00:00,5988.503802999788
2022-05-19 11:45:00+00:00,5977.024339556392
2022-05-19 13:00:00+00:00,5963.547579811532
2022-05-19 20:00:00+00:00,5950.1269924222615
2022-05-20 01:30:00+00:00,5986.763624033613
2022-05-20 02:00:00+00:00,5973.101373957211
2022-05-20 04:30:00+00:00,5974.397520053426
2022-05-20 04:45:00+00:00,5975.961360001619
2022-05-20 06:15:00+00:00,5977.665861975331
2022-05-20 06:30:00+00:00,5963.729309111226
2022-05-20 09:00:00+00:00,5962.676868956491
2022-05-20 11:15:00+00:00,5950.594084096556
2022-05-20 12:00:00+00:00,5951.587492643544
2022-05-20 12:45:00+00:00,5952.809046151471
2022-05-20 14:15:00+00:00,5925.378061197479
2022-05-20 14:30:00+00:00,5911.8264303825235
2022-05-20 15:00:00+00:00,5898.559513335685
2022-05-20 17:45:00+00:00,5885.627176922003
2022-05-20 19:30:00+00:00,5872.246627967714
2022-05-20 20:15:00+00:00,5846.225994300902
2022-05-20 23:15:00+00:00,5832.99831537694
2022-05-21 02:15:00+00:00,5834.679683810059
2022-05-21 02:30:00+00:00,5837.478753067834
2022-05-21 07:15:00+00:00,5823.531146987693
2022-05-21 09:00:00+00:00,5817.558166270283
2022-05-21 09:15:00+00:00,5814.504614244047
2022-05-21 14:45:00+00:00,5815.082424939031
2022-05-21 15:00:00+00:00,5800.97492384576
2022-05-21 15:30:00+00:00,5786.983366335297
2022-05-21 19:15:00+00:00,5788.201457140135
2022-05-22 00:45:00+00:00,5789.38725439254
2022-05-22 03:00:00+00:00,5825.5326677363
2022-05-22 03:45:00+00:00,5811.688378127268
2022-05-22 04:15:00+00:00,5797.810706880921
2022-05-22 07:00:00+00:00,5783.9871619261285
2022-05-22 08:30:00+00:00,5784.8365402932095
2022-05-22 09:15:00+00:00,5820.827494126845
2022-05-22 09:30:00+00:00,5806.113222331959
2022-05-22 15:30:00+00:00,5793.099453879313
2022-05-23 20:00:00+00:00,5830.163792437172
2022-05-24 03:45:00+00:00,5817.039261585853
2022-05-24 09:15:00+00:00,5818.530356530174
2022-05-24 11:15:00+00:00,5804.3970539936845
2022-05-24 13:15:00+00:00,5841.496281535022
2022-05-24 13:45:00+00:00,5878.359825726683
2022-05-24 14:30:00+00:00,5901.50134452382
2022-05-24 15:15:00+00:00,5877.023270953172
2022-05-24 15:30:00+00:00,5863.854805938501
2022-05-24 15:45:00+00:00,5850.273136343363
2022-05-24 18:00:00+00:00,5839.151181373043
2022-05-24 21:45:00+00:00,5825.5308650531115
2022-05-24 22:15:00+00:00,5816.2990986686455
2022-05-25 00:15:00+00:00,5816.026255185046
2022-05-25 02:00:00+00:00,5802.734446404115
2022-05-25 02:15:00+00:00,5789.0562396491405
2022-05-25 02:45:00+00:00,5775.442879041252
2022-05-25 11:00:00+00:00,5812.225327465291
2022-05-25 13:00:00+00:00,5850.3331468721835
2022-05-25 13:30:00+00:00,5836.547250973078
2022-05-25 14:15:00+00:00,5810.186076177076
2022-05-25 17:30:00+00:00,5811.934508822729
2022-05-25 21:00:00+00:00,5808.795721612268
2022-05-25 22:00:00+00:00,5795.058899830916
2022-05-26 00:15:00+00:00,5781.160260620464
2022-05-26 05:15:00+00:00,5818.107491527561
2022-05-26 06:00:00+00:00,5854.257446848046
2022-05-26 08:15:00+00:00,5926.851665257836
2022-05-26 09:00:00+00:00,5926.824579123601
2022-05-26 09:30:00+00:00,5913.514294473691
2022-05-26 12:00:00+00:00,5915.270123700263
2022-05-26 13:15:00+00:00,5953.954361605209
2022-05-26 13:30:00+00:00,5940.930630047503
2022-05-26 13:45:00+00:00,5942.665456385971
2022-05-26 14:00:00+00:00,5929.624816784092
2022-05-26 15:00:00+00:00,5877.584172633352
2022-05-26 16:00:00+00:00,5864.603023869361
2022-05-26 16:15:00+00:00,5851.45724009668
2022-05-26 17:45:00+00:00,5838.433031526094
2022-05-26 23:00:00+00:00,5840.235033523027
2022-05-27 01:00:00+00:00,5877.2136669727915
2022-05-27 02:15:00+00:00,5879.113205667145
2022-05-27 03:15:00+00:00,5868.043334419058
2022-05-27 03:30:00+00:00,5869.818660702435
2022-05-27 07:00:00+00:00,5858.749996338033
2022-05-27 07:15:00+00:00,5860.564228925844
2022-05-27 10:00:00+00:00,5864.528436273869
2022-05-27 11:15:00+00:00,5851.453435497215
2022-05-27 11:30:00+00:00,5838.35238191947
2022-05-27 13:30:00+00:00,5825.200594690961
2022-05-27 15:15:00+00:00,5826.877780232416
2022-05-27 17:15:00+00:00,5801.171339597045
2022-05-27 18:30:00+00:00,5838.103281485505
2022-05-27 19:15:00+00:00,5825.1992128115435
2022-05-27 19:45:00+00:00,5812.185782075363
2022-05-28 00:00:00+00:00,5814.187524118037
2022-05-28 01:00:00+00:00,5801.026788675989
2022-05-28 03:30:00+00:00,5802.858094086685
2022-05-28 04:00:00+00:00,5804.881422726107
2022-05-28 05:30:00+00:00,5791.681981299488
2022-05-28 12:15:00+00:00,5780.306133168991
2022-05-28 22:00:00+00:00,5782.297423787339
2022-05-29 01:30:00+00:00,5769.290082642795
2022-05-29 15:00:00+00:00,5756.292611297509
2022-05-29 18:30:00+00:00,5743.296273496928
2022-05-29 21:15:00+00:00,5739.243043783211
2022-05-30 12:15:00+00:00,5725.086334894813
2022-05-30 12:45:00+00:00,5749.676410302369
2022-05-30 14:30:00+00:00,5750.754395201885
2022-05-30 16:45:00+00:00,5787.081700223609
2022-05-30 20:15:00+00:00,5823.277716813619
2022-05-30 21:15:00+00:00,5859.8260889326775
2022-05-31 01:15:00+00:00,5933.626467655839
2022-05-31 04:30:00+00:00,5970.588855059889
2022-05-31 06:30:00+00:00,5972.788515498116
2022-05-31 09:15:00+00:00,5975.009314424318
2022-05-31 12:30:00+00:00,5962.227379932583
2022-05-31 13:30:00+00:00,5949.39959416869
2022-05-31 18:30:00+00:00,5936.573627158416
2022-06-01 03:00:00+00:00,5938.689461832528
2022-06-02 00:30:00+00:00,5925.738945358725
2022-06-02 01:30:00+00:00,5927.367954495668
2022-06-02 05:30:00+00:00,5928.790477729224
2022-06-02 07:00:00+00:00,5915.097499187307
2022-06-02 07:45:00+00:00,5901.31865949097
2022-06-02 13:30:00+00:00,5902.399389157589
2022-06-02 15:00:00+00:00,5890.141753438917
2022-06-02 20:15:00+00:00,5891.623005434117
2022-06-02 21:45:00+00:00,5883.438579349365
2022-06-03 17:00:00+00:00,5869.847852707162
2022-06-03 18:45:00+00:00,5867.246290631922
2022-06-03 21:15:00+00:00,5854.0174365646535
2022-06-03 21:30:00+00:00,5840.5653174564595
2022-06-03 21:45:00+00:00,5826.822206721372
2022-06-04 01:45:00+00:00,5863.546497221088
2022-06-04 05:00:00+00:00,5864.7048704839945
2022-06-04 08:15:00+00:00,5865.282694035808
2022-06-05 01:00:00+00:00,5867.0214634625345
2022-06-05 01:45:00+00:00,5853.728241251941
2022-06-05 08:30:00+00:00,5848.12528633932
2022-06-05 12:15:00+00:00,5834.877214645145
2022-06-05 15:00:00+00:00,5871.300797100388
2022-06-05 16:30:00+00:00,5872.963202093132
2022-06-05 19:15:00+00:00,5874.729375707432
2022-06-05 20:00:00+00:00,5911.335795222428
2022-06-06 04:00:00+00:00,5948.16623083772
2022-06-06 05:45:00+00:00,5934.953491454264
2022-06-06 07:30:00+00:00,5936.599217776783
2022-06-06 11:45:00+00:00,5938.300256349395
2022-06-06 13:00:00+00:00,5925.048063437715
2022-06-06 13:30:00+00:00,5911.791273718842
2022-06-06 14:45:00+00:00,5885.517538167071
2022-06-06 15:00:00+00:00,5872.35719544623
2022-06-06 17:00:00+00:00,5859.302897122979
2022-06-06 20:00:00+00:00,5846.237534267641
2022-06-07 13:45:00+00:00,5832.556866117541
2022-06-07 18:00:00+00:00,5834.057452997726
2022-06-07 21:15:00+00:00,5820.542027428065
2022-06-07 22:45:00+00:00,5807.057995056755
2022-06-08 03:15:00+00:00,5793.760943797143
2022-06-08 07:00:00+00:00,5795.326266908115
2022-06-08 11:30:00+00:00,5795.191948959937
2022-06-08 13:00:00+00:00,5795.895084515977
2022-06-08 13:15:00+00:00,5797.434851101153
2022-06-08 13:45:00+00:00,5783.271085786365
2022-06-08 17:00:00+00:00,5771.660371727545
2022-06-08 18:15:00+00:00,5772.875268027906
2022-06-08 18:30:00+00:00,5759.845377407812
2022-06-08 21:15:00+00:00,5760.946626478579
2022-06-09 00:00:00+00:00,5747.891381817602
2022-06-09 01:00:00+00:00,5744.566649268577
2022-06-09 01:45:00+00:00,5746.4555996008085
2022-06-09 03:15:00+00:00,5747.818736371214
2022-06-09 05:00:00+00:00,5733.2173508205215
2022-06-09 06:00:00+00:00,5719.341074926305
2022-06-09 12:15:00+00:00,5705.8768870005115
2022-06-09 14:00:00+00:00,5691.593967465178
2022-06-10 00:15:00+00:00,5727.4192664998245
2022-06-10 02:15:00+00:00,5713.3778298754405
2022-06-10 03:00:00+00:00,5699.11038243898
2022-06-10 06:30:00+00:00,5734.69911146135
2022-06-10 07:15:00+00:00,5720.710090124547
2022-06-10 09:15:00+00:00,5706.8137173495015
2022-06-10 12:30:00+00:00,5728.692555533231
2022-06-10 13:30:00+00:00,5730.181010721176
2022-06-10 14:15:00+00:00,5731.500858714261
2022-06-10 16:15:00+00:00,5768.122256318323
2022-06-10 17:15:00+00:00,5806.5943038301275
2022-06-10 20:00:00+00:00,5793.287839227374
2022-06-10 21:45:00+00:00,5780.117091632528
2022-06-10 23:30:00+00:00,5781.52541390516
2022-06-11 00:30:00+00:00,5768.211623029194
2022-06-11 00:45:00+00:00,5769.061139684941
2022-06-11 04:15:00+00:00,5761.119090286511
2022-06-11 07:15:00+00:00,5748.9351198822715
2022-06-11 08:30:00+00:00,5785.260504014531
2022-06-11 08:45:00+00:00,5821.678294105066
2022-06-11 09:30:00+00:00,5808.348123630791
2022-06-11 11:15:00+00:00,5845.041247683018
2022-06-12 02:15:00+00:00,5882.166721789517
2022-06-12 05:00:00+00:00,5869.20925128508
2022-06-12 12:15:00+00:00,5871.273484136708
2022-06-12 13:45:00+00:00,5873.272236560492
2022-06-12 15:15:00+00:00,5860.366074287744
2022-06-12 22:30:00+00:00,5897.487206430847
2022-06-13 00:15:00+00:00,5934.340336325043
2022-06-13 03:00:00+00:00,5971.435650760228
2022-06-13 04:45:00+00:00,5973.466351500093
2022-06-13 05:45:00+00:00,5960.6634426843475
2022-06-13 07:30:00+00:00,5947.865719020449
2022-06-13 08:45:00+00:00,5922.181562518742
2022-06-13 09:30:00+00:00,5924.4160357705405
2022-06-13 11:15:00+00:00,5911.678458636093
2022-06-13 13:00:00+00:00,5913.925596510671
2022-06-13 14:45:00+00:00,5901.094376167746
2022-06-13 17:15:00+00:00,5890.591448961853
2022-06-13 22:15:00+00:00,5892.811622646161
2022-06-13 22:30:00+00:00,5894.922290017588
2022-06-13 22:45:00+00:00,5882.143268202997
2022-06-14 02:30:00+00:00,5869.373993887844
2022-06-14 05:15:00+00:00,5906.608556379765
2022-06-14 09:45:00+00:00,5931.0241359325755
2022-06-14 10:15:00+00:00,5918.134604769006
2022-06-14 12:15:00+00:00,5905.211857331552
2022-06-14 13:45:00+00:00,5907.291071829188
2022-06-14 17:30:00+00:00,5909.34090187374
2022-06-14 20:15:00+00:00,5896.465293115683
2022-06-15 01:30:00+00:00,5933.478000937132
2022-06-15 02:30:00+00:00,5920.480691365727
2022-06-15 04:00:00+00:00,5907.4825823472665
2022-06-15 07:45:00+00:00,5894.507625207836
2022-06-15 16:45:00+00:00,5881.6351548437
2022-06-15 18:00:00+00:00,5883.7338784926915
2022-06-16 06:30:00+00:00,5870.6971445970785
2022-06-16 07:15:00+00:00,5857.819169254322
2022-06-16 08:15:00+00:00,5844.636632379332
2022-06-16 09:00:00+00:00,5831.682892793224
2022-06-16 10:15:00+00:00,5805.309837573242
2022-06-16 13:30:00+00:00,5807.180859038712
2022-06-17 00:15:00+00:00,5809.203990963772
2022-06-17 01:00:00+00:00,5796.228167267026
2022-06-17 01:30:00+00:00,5783.243557274437
2022-06-17 08:15:00+00:00,5774.317621436079
2022-06-17 08:45:00+00:00,5761.158856432719
2022-06-17 09:45:00+00:00,5747.988405529592
2022-06-17 12:45:00+00:00,5734.81641174779
2022-06-18 06:45:00+00:00,5771.130074605496
2022-06-18 18:15:00+00:00,5808.112561855918
2022-06-19 07:30:00+00:00,5810.2794194289445
2022-06-19 18:45:00+00:00,5847.463037413017
2022-06-19 22:45:00+00:00,5849.568740490349
2022-06-20 01:00:00+00:00,5836.601696924189
2022-06-20 01:45:00+00:00,5838.584818493794
2022-06-20 07:45:00+00:00,5827.8381426646465
2022-06-20 11:30:00+00:00,5864.848591481297
2022-06-20 12:15:00+00:00,5853.991326341365
2022-06-20 13:45:00+00:00,5840.971482263419
2022-06-20 15:15:00+00:00,5843.110476338093
2022-06-20 18:00:00+00:00,5829.939140800987
2022-06-20 22:15:00+00:00,5804.090139469413
2022-06-21 00:30:00+00:00,5806.063091801163
2022-06-21 11:30:00+00:00,5808.007531751722
2022-06-21 14:45:00+00:00,5844.942989130764
2022-06-22 11:15:00+00:00,5831.739281506964
2022-06-22 13:45:00+00:00,5818.488487775634
2022-06-23 00:15:00+00:00,5805.3049134367375
2022-06-23 07:00:00+00:00,5801.015681461642
2022-06-23 13:45:00+00:00,5787.640730672199
2022-06-23 14:45:00+00:00,5789.123807348133
2022-06-23 15:30:00+00:00,5790.805289291597
2022-06-23 17:45:00+00:00,5777.257034880709
2022-06-23 19:15:00+00:00,5763.678363256557
2022-06-24 10:30:00+00:00,5765.67822140374
2022-06-24 12:00:00+00:00,5802.010836410267
2022-06-24 13:45:00+00:00,5788.999352635044
2022-06-24 14:30:00+00:00,5790.999434057687
2022-06-24 15:00:00+00:00,5777.90455667398
2022-06-24 15:15:00+00:00,5764.842055013926
2022-06-24 16:30:00+00:00,5751.727376050129
2022-06-24 17:45:00+00:00,5738.5539161019215
2022-06-24 20:00:00+00:00,5775.465037608939
2022-06-26 15:00:00+00:00,5762.41121663619
2022-06-26 16:45:00+00:00,5764.363193747482
2022-06-26 18:15:00+00:00,5751.333586188551
2022-06-26 20:00:00+00:00,5753.166780675178
2022-06-26 20:30:00+00:00,5739.8740513729745
2022-06-26 21:45:00+00:00,5776.767719312083
2022-06-26 22:15:00+00:00,5813.54378643144
2022-06-27 00:30:00+00:00,5802.525659979514
2022-06-27 01:15:00+00:00,5804.394914515567
2022-06-27 02:15:00+00:00,5806.435111791503
2022-06-27 07:15:00+00:00,5793.312931581747
2022-06-27 12:45:00+00:00,5795.354441593167
2022-06-27 13:30:00+00:00,5782.114226383749
2022-06-27 14:45:00+00:00,5755.925238746152
2022-06-27 18:15:00+00:00,5757.243998075771
2022-06-27 22:00:00+00:00,5760.831551573551
2022-06-28 00:15:00+00:00,5762.097513185744
2022-06-28 01:45:00+00:00,5798.861600113795
2022-06-28 02:00:00+00:00,5835.7098136501245
2022-06-28 03:00:00+00:00,5822.630112178899
2022-06-28 06:00:00+00:00,5809.499441239885
2022-06-28 07:00:00+00:00,5796.234861356284
2022-06-28 14:15:00+00:00,5782.568767090502
2022-06-28 14:30:00+00:00,5769.64912973348
2022-06-28 19:45:00+00:00,5805.924595546536
2022-06-28 22:00:00+00:00,5792.092880236678
2022-06-29 00:30:00+00:00,5793.089672864877
2022-06-29 05:45:00+00:00,5830.067095836623
2022-06-29 06:45:00+00:00,5866.834641711304
2022-06-29 08:00:00+00:00,5853.709599323993
2022-06-29 09:30:00+00:00,5840.442228041741
2022-06-29 12:00:00+00:00,5842.206306773921
2022-06-29 13:30:00+00:00,5879.152466517298
2022-06-29 13:45:00+00:00,5866.006009063466
2022-06-29 14:00:00+00:00,5867.544430674186
2022-06-29 18:00:00+00:00,5869.460825027556
2022-06-29 19:15:00+00:00,5871.314030591044
2022-06-29 20:00:00+00:00,5857.317234032767
2022-06-29 20:15:00+00:00,5844.307243826518
2022-06-30 01:15:00+00:00,5881.377615000693
2022-06-30 04:00:00+00:00,5868.320447643105
2022-06-30 06:15:00+00:00,5905.003423687028
2022-06-30 06:30:00+00:00,5941.7305389406865
2022-06-30 07:15:00+00:00,5928.436511645837
2022-06-30 09:15:00+00:00,5965.179844376412
2022-06-30 15:00:00+00:00,6003.5217866233725
2022-06-30 16:15:00+00:00,5990.287432873217
2022-06-30 22:15:00+00:00,5977.152718479828
2022-06-30 22:30:00+00:00,5963.898399404262
2022-06-30 23:30:00+00:00,5965.738435370711
2022-07-01 00:15:00+00:00,5952.707032932118
2022-07-01 00:30:00+00:00,5913.53990705375
2022-07-01 05:15:00+00:00,5937.6419085306325
2022-07-01 07:30:00+00:00,5924.667675932185
2022-07-01 08:00:00+00:00,5926.775154171086
2022-07-01 13:45:00+00:00,5928.784531999373
2022-07-01 19:45:00+00:00,5915.768934226881
2022-07-01 20:00:00+00:00,5902.205492646854
2022-07-02 06:00:00+00:00,5889.078352634048
2022-07-02 09:15:00+00:00,5926.045775572731
2022-07-02 18:30:00+00:00,5927.512256606432
2022-07-02 21:45:00+00:00,5913.647740686368
2022-07-03 03:45:00+00:00,5899.633723363622
2022-07-04 11:45:00+00:00,5935.904960406
2022-07-04 12:45:00+00:00,5922.427009979018
2022-07-04 13:30:00+00:00,5908.66925975732
2022-07-04 14:00:00+00:00,5895.21416825843
2022-07-04 15:00:00+00:00,5931.38211317932
2022-07-04 17:15:00+00:00,6004.050654240886
2022-07-04 18:30:00+00:00,6005.554470000038
2022-07-04 23:30:00+00:00,6041.938989918166
2022-07-04 23:45:00+00:00,6078.1219555918515
2022-07-05 06:30:00+00:00,6079.21421640353
2022-07-05 07:15:00+00:00,6065.346327383804
2022-07-05 08:00:00+00:00,6051.536483028117
2022-07-05 08:30:00+00:00,6039.552281922539
2022-07-05 09:15:00+00:00,6012.31170039923
2022-07-05 09:30:00+00:00,5998.653017806097
2022-07-05 11:45:00+00:00,5971.695765719221
2022-07-05 12:00:00+00:00,5944.809958290552
2022-07-05 13:30:00+00:00,5931.242030092336
2022-07-05 18:30:00+00:00,5917.741438821441
2022-07-05 18:45:00+00:00,5904.307200330819
2022-07-05 19:30:00+00:00,5890.616966616896
2022-07-05 20:00:00+00:00,5877.144124872497
2022-07-05 21:15:00+00:00,5863.771570066284
2022-07-05 23:15:00+00:00,5865.6550177963645
2022-07-05 23:30:00+00:00,5852.332083769447
2022-07-06 01:30:00+00:00,5838.901429589927
2022-07-06 04:00:00+00:00,5842.486711132574
2022-07-06 05:30:00+00:00,5844.104164513588
2022-07-06 06:15:00+00:00,5830.636141359774
2022-07-06 11:45:00+00:00,5817.498790448277
2022-07-06 18:30:00+00:00,5853.983280510605
2022-07-06 20:15:00+00:00,5877.853633938094
2022-07-06 23:00:00+00:00,5914.682334254124
2022-07-07 01:15:00+00:00,5907.190655507342
2022-07-07 04:15:00+00:00,5893.297683857594
2022-07-07 05:45:00+00:00,5879.381654769021
2022-07-07 09:45:00+00:00,5916.810617642897
2022-07-07 10:45:00+00:00,5917.651817044543
2022-07-07 11:00:00+00:00,5903.734481340319
2022-07-07 12:15:00+00:00,5889.802606688886
2022-07-07 12:30:00+00:00,5889.428270562896
2022-07-07 14:00:00+00:00,5926.04760240818
2022-07-07 14:15:00+00:00,5961.692259298962
2022-07-07 17:00:00+00:00,5963.29858875971
2022-07-07 19:30:00+00:00,6001.044950588383
2022-07-07 20:00:00+00:00,6002.724216500378
2022-07-07 22:15:00+00:00,5975.539570809322
2022-07-08 00:15:00+00:00,5962.076895694146
2022-07-08 01:15:00+00:00,5998.69645233795
2022-07-08 01:45:00+00:00,6021.674538616284
2022-07-08 02:15:00+00:00,6023.0816666994915
2022-07-08 05:45:00+00:00,6009.691032985861
2022-07-08 07:15:00+00:00,5982.8434028506645
2022-07-08 08:30:00+00:00,5969.333700992646
2022-07-08 09:00:00+00:00,5956.014453274726
2022-07-08 10:45:00+00:00,5942.8258988303305
2022-07-08 12:30:00+00:00,5929.614162654247
2022-07-08 14:30:00+00:00,5916.196358478703
2022-07-08 20:30:00+00:00,5902.862876680956
2022-07-08 21:45:00+00:00,5889.7588455566265
2022-07-08 22:15:00+00:00,5889.744539173606
2022-07-09 04:30:00+00:00,5876.440131950676
2022-07-09 10:00:00+00:00,5862.750121119762
2022-07-09 11:45:00+00:00,5848.919659126322
2022-07-09 14:00:00+00:00,5821.340776743893
2022-07-09 16:15:00+00:00,5807.583541179707
2022-07-09 17:30:00+00:00,5808.994175274149
2022-07-09 19:45:00+00:00,5809.715765184532
2022-07-10 00:00:00+00:00,5811.1211715298805
2022-07-10 02:15:00+00:00,5846.957297885739
2022-07-10 19:45:00+00:00,5833.489476774393
2022-07-11 10:15:00+00:00,5824.409578635451
2022-07-11 12:30:00+00:00,5825.187639210383
2022-07-11 12:45:00+00:00,5811.0749147780025
2022-07-11 13:15:00+00:00,5812.1402696285195
2022-07-11 14:00:00+00:00,5813.3812114465
2022-07-11 14:30:00+00:00,5814.754738813183
2022-07-11 16:15:00+00:00,5801.34116176128
2022-07-11 16:30:00+00:00,5802.345729715301
2022-07-11 17:00:00+00:00,5788.724919701336
2022-07-11 17:30:00+00:00,5774.634241087653
2022-07-11 18:00:00+00:00,5761.153417768264
2022-07-11 21:45:00+00:00,5797.643562328296
2022-07-12 08:15:00+00:00,5834.2730613362655
2022-07-12 12:00:00+00:00,5835.449168106257
2022-07-12 12:15:00+00:00,5836.63726168683
2022-07-12 13:00:00+00:00,5822.902509349579
2022-07-12 13:30:00+00:00,5808.734822933105
2022-07-12 14:45:00+00:00,5796.109381515623
2022-07-12 15:00:00+00:00,5782.557926729603
2022-07-12 19:15:00+00:00,5819.050404846796
2022-07-12 20:15:00+00:00,5805.81604112288
2022-07-13 02:00:00+00:00,5792.401398082623
2022-07-13 02:15:00+00:00,5783.7849868193225
2022-07-13 02:30:00+00:00,5770.552433814961
2022-07-13 05:30:00+00:00,5757.250846636368
2022-07-13 07:00:00+00:00,5743.636027951312
2022-07-13 07:30:00+00:00,5716.067364482963
2022-07-13 08:30:00+00:00,5702.302392874166
2022-07-13 12:00:00+00:00,5688.602117888273
2022-07-13 14:30:00+00:00,5675.320813596151
2022-07-13 16:45:00+00:00,5664.095788062121
2022-07-13 21:15:00+00:00,5659.316521227395
2022-07-14 07:30:00+00:00,5645.637671388857
2022-07-14 08:30:00+00:00,5631.94349049883
2022-07-14 09:30:00+00:00,5618.306260477685
2022-07-14 11:30:00+00:00,5604.6803954642655
2022-07-14 15:30:00+00:00,5641.0999313150205
2022-07-14 19:30:00+00:00,5677.715439260301
2022-07-14 22:15:00+00:00,5664.32155607017
2022-07-15 06:30:00+00:00,5651.082871561542
2022-07-15 11:00:00+00:00,5652.813058043682
2022-07-15 12:30:00+00:00,5639.3175177981075
2022-07-15 13:30:00+00:00,5625.7638886046825
2022-07-15 15:30:00+00:00,5612.263858541653
2022-07-15 20:15:00+00:00,5648.981080333107
2022-07-15 21:15:00+00:00,5650.379597160114
2022-07-15 23:15:00+00:00,5637.24231387893
2022-07-16 00:30:00+00:00,5610.388536345966
2022-07-16 05:45:00+00:00,5583.317405864585
2022-07-16 06:15:00+00:00,5570.056369846337
2022-07-16 15:00:00+00:00,5605.922622122034
2022-07-16 15:15:00+00:00,5641.793045114208
2022-07-16 16:00:00+00:00,5678.09162492157
2022-07-16 18:30:00+00:00,5715.568341369326
2022-07-16 20:00:00+00:00,5701.865691782026
2022-07-17 01:15:00+00:00,5704.242939573864
2022-07-17 06:30:00+00:00,5742.079162036121
2022-07-18 10:45:00+00:00,5743.61928199808
2022-07-18 11:45:00+00:00,5730.308576969305
2022-07-18 16:30:00+00:00,5732.040856218472
2022-07-18 17:15:00+00:00,5720.6638091116565
2022-07-18 17:45:00+00:00,5707.532456473022
2022-07-18 18:45:00+00:00,5694.338485819371
2022-07-18 19:00:00+00:00,5681.228914103675
2022-07-18 19:45:00+00:00,5668.107740080548
2022-07-20 08:45:00+00:00,5655.077082952828
2022-07-20 15:30:00+00:00,5655.605537637599
2022-07-21 11:30:00+00:00,5642.372397735363
2022-07-21 13:15:00+00:00,5629.31665893622
2022-07-21 14:15:00+00:00,5615.973192973653
2022-07-21 20:00:00+00:00,5602.711968917511
2022-07-22 05:45:00+00:00,5604.374083802436
2022-07-22 15:15:00+00:00,5641.004590343702
2022-07-22 19:45:00+00:00,5677.27172971863
2022-07-23 00:00:00+00:00,5713.962964425295
2022-07-23 00:30:00+00:00,5700.595551255733
2022-07-23 00:45:00+00:00,5687.159190211211
2022-07-23 02:00:00+00:00,5673.812481807319
2022-07-23 04:30:00+00:00,5675.6696479085895
2022-07-23 10:30:00+00:00,5699.59857208339
2022-07-23 11:15:00+00:00,5772.674462166379
2022-07-23 12:00:00+00:00,5774.233038270744
2022-07-23 13:45:00+00:00,5760.920794445253
2022-07-23 15:00:00+00:00,5762.246694792057
2022-07-23 17:45:00+00:00,5800.513749590731
2022-07-23 18:00:00+00:00,5801.797804841227
2022-07-23 18:15:00+00:00,5803.415291807183
2022-07-23 20:15:00+00:00,5789.998921437239
2022-07-23 22:15:00+00:00,5776.274631229142
2022-07-24 00:00:00+00:00,5749.170909555861
2022-07-24 02:30:00+00:00,5735.673059692874
2022-07-24 05:00:00+00:00,5736.767427012766
2022-07-24 08:30:00+00:00,5718.345290350418
2022-07-24 09:15:00+00:00,5754.937467162745
2022-07-24 10:30:00+00:00,5741.455311115333
2022-07-24 11:30:00+00:00,5743.027648884991
2022-07-24 14:30:00+00:00,5729.246969051492
2022-07-24 15:00:00+00:00,5715.799415507664
2022-07-24 17:30:00+00:00,5702.475977264163
2022-07-24 20:15:00+00:00,5703.654038793933
2022-07-24 22:45:00+00:00,5705.205089828195
2022-07-25 00:30:00+00:00,5741.931185015857
2022-07-25 01:45:00+00:00,5778.254369736316
2022-07-25 05:45:00+00:00,5779.664539896415
2022-07-25 08:30:00+00:00,5781.526443130416
2022-07-25 12:00:00+00:00,5780.240803032107
2022-07-25 14:15:00+00:00,5817.127184131866
2022-07-25 14:45:00+00:00,5817.940507347459
2022-07-25 19:30:00+00:00,5853.939604368096
2022-07-25 19:45:00+00:00,5876.832728996649
2022-07-25 20:00:00+00:00,5851.246548562512
2022-07-25 23:45:00+00:00,5887.561594170646
2022-07-26 03:15:00+00:00,5962.2283970664075
2022-07-26 03:30:00+00:00,5964.062614607835
2022-07-26 04:15:00+00:00,5952.342580904193
2022-07-26 09:45:00+00:00,5954.151102365683
2022-07-26 10:00:00+00:00,5948.299361139743
2022-07-26 12:00:00+00:00,5949.5787203982045
2022-07-26 13:30:00+00:00,5950.966925694379
2022-07-26 14:00:00+00:00,5952.372408712873
2022-07-26 15:15:00+00:00,5988.958403096703
2022-07-26 16:45:00+00:00,5990.602364465234
2022-07-26 17:00:00+00:00,5991.66276780064
2022-07-26 20:00:00+00:00,5993.1901372547545
2022-07-26 21:00:00+00:00,5979.300860602515
2022-07-26 22:00:00+00:00,5967.734930222682
2022-07-26 22:15:00+00:00,5955.425060831059
2022-07-26 23:45:00+00:00,5941.605597547944
2022-07-27 01:00:00+00:00,5901.181849162018
2022-07-27 05:00:00+00:00,5902.991380147753
2022-07-27 07:00:00+00:00,5890.794745379863
2022-07-28 02:45:00+00:00,5927.512131861265
2022-07-28 09:15:00+00:00,5913.640510571232
2022-07-28 12:15:00+00:00,5915.187309740209
2022-07-28 13:45:00+00:00,5915.862827244893
2022-07-28 15:30:00+00:00,5952.644409425597
2022-07-29 18:30:00+00:00,5954.504053676587
2022-07-29 23:45:00+00:00,5941.353951320953
2022-07-30 09:45:00+00:00,5928.262918856806
2022-07-30 19:00:00+00:00,5930.126287494482
2022-07-30 19:45:00+00:00,5916.9071122888245
2022-07-30 22:00:00+00:00,5903.784258527764
2022-07-31 04:45:00+00:00,5888.571800044107
2022-08-02 10:00:00+00:00,5890.136134310066
2022-08-02 16:15:00+00:00,5876.81885388284
2022-08-03 01:45:00+00:00,5878.260774389534
2022-08-03 03:00:00+00:00,5864.847963643185
2022-08-03 05:15:00+00:00,5851.4094594106255
2022-08-03 05:30:00+00:00,5837.384800590881
2022-08-03 06:15:00+00:00,5809.363518626903
2022-08-03 07:15:00+00:00,5795.519259900125
2022-08-03 08:00:00+00:00,5780.958275859186
2022-08-03 08:30:00+00:00,5767.239203162231
2022-08-03 09:15:00+00:00,5753.781041270784
2022-08-03 10:15:00+00:00,5739.857424301862
2022-08-03 12:15:00+00:00,5776.810269628807
2022-08-03 21:00:00+00:00,5754.395016371742
2022-08-03 22:30:00+00:00,5741.116440019189
2022-08-03 23:30:00+00:00,5727.872644879557
2022-08-04 00:15:00+00:00,5686.570764315787
2022-08-04 01:00:00+00:00,5673.220320646899
2022-08-04 01:15:00+00:00,5659.26470568292
2022-08-04 05:00:00+00:00,5645.738774383961
2022-08-04 12:00:00+00:00,5633.243398049631
2022-08-04 13:30:00+00:00,5619.542162525673
2022-08-04 13:45:00+00:00,5622.287953373845
2022-08-04 15:45:00+00:00,5623.934986247625
2022-08-04 16:00:00+00:00,5625.168033613567
2022-08-04 16:45:00+00:00,5661.601315987691
2022-08-04 18:15:00+00:00,5662.839162182053
2022-08-04 23:45:00+00:00,5664.472847358778
2022-08-05 01:00:00+00:00,5658.595402133402
2022-08-05 01:30:00+00:00,5644.106910081849
2022-08-05 01:45:00+00:00,5630.482603577187
2022-08-05 02:30:00+00:00,5588.68668971689
2022-08-05 06:00:00+00:00,5574.176458944352
2022-08-05 14:00:00+00:00,5560.163254135115
2022-08-05 19:45:00+00:00,5561.261814523226
2022-08-05 20:00:00+00:00,5547.708515803437
2022-08-05 21:00:00+00:00,5533.318868525969
2022-08-05 22:30:00+00:00,5518.893230119973
2022-08-06 17:00:00+00:00,5505.437379453937
2022-08-06 20:15:00+00:00,5507.083710955787
2022-08-06 22:30:00+00:00,5508.710869265655
2022-08-06 23:15:00+00:00,5495.273866016022
2022-08-07 00:00:00+00:00,5496.95988363825
2022-08-07 00:45:00+00:00,5483.727251877563
2022-08-07 02:45:00+00:00,5505.981349702198
2022-08-07 05:30:00+00:00,5507.807693483252
2022-08-07 07:45:00+00:00,5493.768490149379
2022-08-07 09:00:00+00:00,5480.323225973469
2022-08-07 10:45:00+00:00,5465.701028943119
2022-08-07 12:00:00+00:00,5450.879116154166
2022-08-07 12:45:00+00:00,5436.244773162083
2022-08-07 16:15:00+00:00,5436.688900813844
2022-08-07 16:30:00+00:00,5438.451153101102
2022-08-07 17:00:00+00:00,5423.850669316353
2022-08-07 23:00:00+00:00,5425.561228844629
2022-08-08 00:00:00+00:00,5426.9980948074035
2022-08-08 00:30:00+00:00,5413.464098656125
2022-08-08 00:45:00+00:00,5415.020246843943
2022-08-08 05:15:00+00:00,5399.5535954094785
2022-08-08 06:00:00+00:00,5436.099444104107
2022-08-08 09:45:00+00:00,5473.677348928932
2022-08-08 10:30:00+00:00,5510.102035576887
2022-08-08 12:15:00+00:00,5510.914001950692
2022-08-08 13:15:00+00:00,5512.660413709411
2022-08-08 14:15:00+00:00,5499.246724175497
2022-08-08 14:30:00+00:00,5485.572606280788
2022-08-08 15:15:00+00:00,5471.312972119335
2022-08-08 16:00:00+00:00,5459.049872175609
2022-08-08 18:00:00+00:00,5445.861131410163
2022-08-08 19:15:00+00:00,5431.82159178119
2022-08-08 21:15:00+00:00,5433.086949938433
2022-08-08 22:30:00+00:00,5419.817308802566
2022-08-09 06:15:00+00:00,5420.993670671198
2022-08-09 07:15:00+00:00,5407.630769583402
2022-08-09 08:15:00+00:00,5394.326248256016
2022-08-09 08:45:00+00:00,5380.998338150734
2022-08-09 09:15:00+00:00,5367.716146740615
2022-08-09 14:00:00+00:00,5403.409627816164
2022-08-09 20:45:00+00:00,5432.0590608561215
2022-08-09 21:15:00+00:00,5429.3287652453655
2022-08-09 22:45:00+00:00,5430.0879253005
2022-08-10 00:30:00+00:00,5465.39553624259
2022-08-10 00:45:00+00:00,5537.680457483177
2022-08-10 01:15:00+00:00,5509.834311194034
2022-08-10 02:45:00+00:00,5511.305984551069
2022-08-10 04:30:00+00:00,5497.210094075147
2022-08-10 07:00:00+00:00,5483.594509583055
2022-08-10 07:30:00+00:00,5485.149806403941
2022-08-10 08:00:00+00:00,5471.419799112768
2022-08-10 08:30:00+00:00,5457.525326108304
2022-08-10 08:45:00+00:00,5443.069971336598
2022-08-10 11:15:00+00:00,5414.3496416805765
2022-08-10 12:00:00+00:00,5400.411957697739
2022-08-10 12:30:00+00:00,5401.806887745403
2022-08-10 12:45:00+00:00,5373.963245654655
2022-08-10 18:30:00+00:00,5360.241761030693
2022-08-11 00:00:00+00:00,5396.288103667478
2022-08-11 02:15:00+00:00,5382.27410007342
2022-08-11 06:45:00+00:00,5383.475114779042
2022-08-11 07:45:00+00:00,5369.307378640633
2022-08-11 09:15:00+00:00,5355.978341661127
2022-08-11 09:45:00+00:00,5342.546335704504
2022-08-11 11:00:00+00:00,5329.1287083286625
2022-08-11 13:00:00+00:00,5315.89304302023
2022-08-11 14:30:00+00:00,5316.938609227969
2022-08-12 09:30:00+00:00,5302.737362506665
2022-08-12 10:45:00+00:00,5338.649755533006
2022-08-12 13:30:00+00:00,5324.852808094918
2022-08-12 15:15:00+00:00,5311.019607691098
2022-08-12 19:15:00+00:00,5297.135516348739
2022-08-13 05:45:00+00:00,5333.25843629573
2022-08-13 06:30:00+00:00,5319.79882987905
2022-08-13 07:45:00+00:00,5321.616669739371
2022-08-13 08:45:00+00:00,5308.170078183971
2022-08-13 10:15:00+00:00,5294.871270855162
2022-08-13 11:30:00+00:00,5281.512437418733
2022-08-13 12:30:00+00:00,5254.571857134207
2022-08-13 15:15:00+00:00,5241.18024193033
2022-08-13 15:30:00+00:00,5242.440021776568
2022-08-13 18:15:00+00:00,5228.788559402309
2022-08-14 05:00:00+00:00,5230.4767664655365
2022-08-14 06:45:00+00:00,5267.2113046457125
2022-08-14 08:00:00+00:00,5254.092864698961
2022-08-14 11:30:00+00:00,5240.65925665946
2022-08-14 11:45:00+00:00,5242.529194306742
2022-08-14 15:45:00+00:00,5279.423580330461
2022-08-14 16:45:00+00:00,5281.396072333556
2022-08-15 00:00:00+00:00,5283.504239971069
2022-08-15 00:30:00+00:00,5285.067304503983
2022-08-15 02:15:00+00:00,5257.913206049656
2022-08-15 05:45:00+00:00,5244.9197681558
2022-08-15 06:15:00+00:00,5317.8550919620275
2022-08-15 06:30:00+00:00,5304.7214183783835
2022-08-15 07:15:00+00:00,5306.447462706092
2022-08-15 08:00:00+00:00,5293.34124564355
2022-08-15 10:45:00+00:00,5279.754472082107
2022-08-15 13:00:00+00:00,5280.961101980898
2022-08-15 13:30:00+00:00,5282.015551321387
2022-08-15 13:45:00+00:00,5268.796564070592
2022-08-15 15:45:00+00:00,5255.472550271332
2022-08-15 16:45:00+00:00,5242.07996737587
2022-08-15 20:15:00+00:00,5232.777823100725
2022-08-15 23:15:00+00:00,5234.189651920508
2022-08-15 23:30:00+00:00,5220.745501257443
2022-08-16 01:00:00+00:00,5207.229960805935
2022-08-16 01:15:00+00:00,5193.8141856757275
2022-08-16 03:30:00+00:00,5180.528265282858
2022-08-16 09:00:00+00:00,5167.032994730967
2022-08-16 10:30:00+00:00,5157.208059688638
2022-08-16 11:00:00+00:00,5158.607865720607
2022-08-16 14:00:00+00:00,5195.067107954091
2022-08-16 14:15:00+00:00,5197.127532368765
2022-08-16 15:45:00+00:00,5198.634185226915
2022-08-16 17:00:00+00:00,5199.987851244911
2022-08-16 19:00:00+00:00,5201.639870900411
2022-08-16 20:00:00+00:00,5188.387584324206
2022-08-17 00:15:00+00:00,5174.951477832965
2022-08-17 00:45:00+00:00,5178.669969742095
2022-08-17 03:30:00+00:00,5165.075132622504
2022-08-17 05:00:00+00:00,5151.627996722545
2022-08-17 05:45:00+00:00,5137.8743885463455
2022-08-17 07:15:00+00:00,5139.834646519763
2022-08-17 09:30:00+00:00,5126.3845557294335
2022-08-17 12:15:00+00:00,5162.755593401581
2022-08-17 12:30:00+00:00,5200.333430969619
2022-08-17 14:45:00+00:00,5236.871271131178
2022-08-17 18:30:00+00:00,5238.348920787857
2022-08-17 20:00:00+00:00,5260.995681456873
2022-08-18 00:15:00+00:00,5297.266778439323
2022-08-18 00:30:00+00:00,5298.8477938363885
2022-08-18 02:45:00+00:00,5292.020903883414
2022-08-18 07:00:00+00:00,5285.4940634089335
2022-08-18 07:15:00+00:00,5278.107558149339
2022-08-18 09:30:00+00:00,5274.4636736587145
2022-08-18 09:45:00+00:00,5260.232534814307
2022-08-18 15:00:00+00:00,5296.096943390286
2022-08-18 18:45:00+00:00,5332.497520915807
2022-08-18 20:15:00+00:00,5333.653730977971
2022-08-18 23:00:00+00:00,5370.2237099044205
2022-08-18 23:15:00+00:00,5406.248672172288
2022-08-19 06:30:00+00:00,5442.989689483621
2022-08-22 03:45:00+00:00,5429.454157401874
2022-08-22 07:30:00+00:00,5415.769978344949
2022-08-22 08:30:00+00:00,5402.123789219979
2022-08-23 01:15:00+00:00,5388.765454425411
2022-08-23 05:15:00+00:00,5375.319281016572
2022-08-23 07:00:00+00:00,5361.1756212097425
2022-08-23 09:15:00+00:00,5347.2047760461455
2022-08-23 10:00:00+00:00,5348.2376987761345
2022-08-23 13:30:00+00:00,5336.542453309925
2022-08-23 13:45:00+00:00,5336.6302880449375
2022-08-23 14:00:00+00:00,5373.106035559066
2022-08-23 14:45:00+00:00,5359.342833791482
2022-08-23 15:00:00+00:00,5346.0066731143825
2022-08-23 17:00:00+00:00,5332.695563659484
2022-08-23 18:15:00+00:00,5369.3015089862865
2022-08-23 20:30:00+00:00,5355.987188490498
2022-08-23 21:30:00+00:00,5350.890445886547
2022-08-24 00:15:00+00:00,5352.437117516921
2022-08-24 00:30:00+00:00,5338.042084454038
2022-08-24 01:30:00+00:00,5325.431192115491
2022-08-24 01:45:00+00:00,5298.190091495727
2022-08-24 07:00:00+00:00,5284.611917836322
2022-08-24 07:30:00+00:00,5285.541382240011
2022-08-24 08:30:00+00:00,5272.00623044816
2022-08-24 14:00:00+00:00,5258.249949381548
2022-08-24 14:30:00+00:00,5258.665664261591
2022-08-24 15:45:00+00:00,5294.920618068431
2022-08-24 16:00:00+00:00,5330.4342400595815
2022-08-24 16:30:00+00:00,5331.870585530642
2022-08-24 17:45:00+00:00,5317.821511500477
2022-08-24 21:45:00+00:00,5290.1795113663275
2022-08-24 22:15:00+00:00,5278.0279882017585
2022-08-24 22:30:00+00:00,5235.842860020217
2022-08-24 23:30:00+00:00,5207.7187665014035
2022-08-25 03:30:00+00:00,5209.03175557529
2022-08-25 05:00:00+00:00,5196.742682807505
2022-08-25 06:15:00+00:00,5183.051803051106
2022-08-25 07:00:00+00:00,5219.231627778475
2022-08-25 09:15:00+00:00,5220.432529997978
2022-08-25 10:45:00+00:00,5205.691308597868
2022-08-25 12:15:00+00:00,5206.927323361909
2022-08-25 13:00:00+00:00,5191.9909600285955
2022-08-25 14:00:00+00:00,5178.201661016423
2022-08-25 15:15:00+00:00,5179.3128027455505
2022-08-25 20:30:00+00:00,5180.9112859031775
2022-08-25 22:00:00+00:00,5164.564492263288
2022-08-25 22:45:00+00:00,5150.782528227555
2022-08-25 23:45:00+00:00,5151.9890155729345
2022-08-26 00:00:00+00:00,5188.2567256839775
2022-08-26 00:15:00+00:00,5174.489617633676
2022-08-26 01:45:00+00:00,5160.850697888993
2022-08-26 05:15:00+00:00,5146.952066111809
2022-08-26 06:15:00+00:00,5148.532511248319
2022-08-26 08:45:00+00:00,5221.270005691212
2022-08-26 09:45:00+00:00,5208.003310443495
2022-08-26 10:30:00+00:00,5181.134820331828
2022-08-26 11:00:00+00:00,5167.8615889793755
2022-08-26 13:00:00+00:00,5140.984077156252
2022-08-26 14:00:00+00:00,5144.447878294076
2022-08-26 14:30:00+00:00,5131.324791257249
2022-08-26 15:00:00+00:00,5118.219721628115
2022-08-26 21:15:00+00:00,5155.1529158056655
2022-08-27 05:00:00+00:00,5191.980872212624
2022-08-27 14:30:00+00:00,5215.223766773391
2022-08-27 15:45:00+00:00,5251.881785444691
2022-08-28 07:15:00+00:00,5238.2106384206245
2022-08-28 16:00:00+00:00,5224.851872282141
2022-08-28 21:45:00+00:00,5261.3683339955805
2022-08-28 23:15:00+00:00,5248.193913744841
2022-08-29 01:00:00+00:00,5235.139356380083
2022-08-29 04:45:00+00:00,5237.132662292929
2022-08-29 05:30:00+00:00,5223.941440722115
2022-08-29 12:15:00+00:00,5260.836260799312
2022-08-29 14:15:00+00:00,5297.625657488419
2022-08-30 01:30:00+00:00,5299.419695623598
2022-08-30 06:00:00+00:00,5286.255347824254
2022-08-30 08:45:00+00:00,5288.026911242169
2022-08-30 10:45:00+00:00,5289.715486603003
2022-08-30 11:15:00+00:00,5276.005960024695
2022-08-30 12:15:00+00:00,5262.739268937007
2022-08-30 12:45:00+00:00,5249.102310732314
2022-08-30 13:45:00+00:00,5235.480814311979
2022-08-30 14:00:00+00:00,5222.230215789511
2022-08-30 14:30:00+00:00,5208.6997069505505
2022-08-30 16:15:00+00:00,5181.694588201327
2022-08-30 16:30:00+00:00,5168.598908585162
2022-08-30 18:30:00+00:00,5154.964632340142
2022-08-30 19:00:00+00:00,5141.144603089334
2022-08-31 00:15:00+00:00,5142.4966336501375
2022-08-31 01:00:00+00:00,5128.986024238952
2022-08-31 02:00:00+00:00,5115.111513421627
2022-08-31 06:30:00+00:00,5101.142150340581
2022-08-31 08:15:00+00:00,5087.197421912178
2022-08-31 14:30:00+00:00,5088.390805498202
2022-08-31 15:00:00+00:00,5074.847978049979
2022-09-01 11:00:00+00:00,5060.768951665075
2022-09-01 13:30:00+00:00,5061.6021317249815
2022-09-01 14:45:00+00:00,5097.761224840274
2022-09-01 17:15:00+00:00,5083.980786517158
2022-09-01 19:00:00+00:00,5070.4602436024625
2022-09-01 20:00:00+00:00,5056.764434498673
2022-09-01 20:30:00+00:00,5029.736359704522
2022-09-01 22:00:00+00:00,5016.234839545443
2022-09-02 01:00:00+00:00,5002.8237941217685
2022-09-02 03:00:00+00:00,4989.003196736016
2022-09-02 05:00:00+00:00,4990.5605077594755
2022-09-02 06:00:00+00:00,4976.7677151915905
2022-09-02 10:30:00+00:00,4978.1613185748165
2022-09-02 12:30:00+00:00,5015.36732844711
2022-09-02 16:30:00+00:00,5052.948533385505
2022-09-02 16:45:00+00:00,5039.6441978348585
2022-09-02 17:15:00+00:00,5026.243979179068
2022-09-02 18:15:00+00:00,5000.649646604155
2022-09-02 19:15:00+00:00,4987.303382896285
2022-09-02 21:00:00+00:00,4959.9347204428705
2022-09-02 22:30:00+00:00,4961.4844324994365
2022-09-02 23:45:00+00:00,4947.396218596108
2022-09-03 00:00:00+00:00,4933.713143325764
2022-09-03 05:15:00+00:00,4920.086403932725
2022-09-03 06:15:00+00:00,4906.566538729605
2022-09-03 07:45:00+00:00,4893.03169749732
2022-09-03 12:15:00+00:00,4878.91407990602
2022-09-03 13:45:00+00:00,4863.927567817184
2022-09-03 15:30:00+00:00,4900.431837390023
2022-09-03 16:45:00+00:00,4901.852739246392
2022-09-03 18:45:00+00:00,4903.2895045188
2022-09-03 19:15:00+00:00,4903.060148445208
2022-09-03 21:00:00+00:00,4903.441199583857
2022-09-03 23:30:00+00:00,4904.84525328548
2022-09-03 23:45:00+00:00,4889.561617177473
2022-09-04 00:15:00+00:00,4875.390471527893
2022-09-04 01:15:00+00:00,4897.630512801924
2022-09-04 02:00:00+00:00,4883.193596142681
2022-09-04 07:45:00+00:00,4917.49899888181
2022-09-04 08:00:00+00:00,4918.992437480733
2022-09-04 08:30:00+00:00,4903.566300877418
2022-09-04 09:00:00+00:00,4888.36483872995
2022-09-04 09:45:00+00:00,4889.77139162189
2022-09-04 11:00:00+00:00,4876.002546832009
2022-09-04 11:15:00+00:00,4861.435383999108
2022-09-04 11:45:00+00:00,4847.296109322117
2022-09-04 12:00:00+00:00,4832.255541421508
2022-09-04 12:15:00+00:00,4830.187797532825
2022-09-04 13:30:00+00:00,4816.466607633845
2022-09-04 13:45:00+00:00,4817.83135451708
2022-09-04 18:45:00+00:00,4805.942080282115
2022-09-04 19:30:00+00:00,4807.506021543946
2022-09-04 20:30:00+00:00,4807.096076187567
2022-09-04 21:45:00+00:00,4793.505303479425
2022-09-04 23:30:00+00:00,4794.366830384495
2022-09-05 00:00:00+00:00,4780.351000308966
2022-09-05 00:30:00+00:00,4781.537183560973
2022-09-05 02:00:00+00:00,4783.886304720283
2022-09-05 05:00:00+00:00,4785.272306326485
2022-09-05 07:15:00+00:00,4772.9311682312755
2022-09-05 08:00:00+00:00,4774.292510578117
2022-09-05 09:15:00+00:00,4810.384947745744
2022-09-05 10:30:00+00:00,4796.9259342794085
2022-09-05 11:45:00+00:00,4783.792473044728
2022-09-05 13:00:00+00:00,4769.2744253240635
2022-09-05 14:45:00+00:00,4754.703870425809
2022-09-05 15:30:00+00:00,4791.224280671133
2022-09-05 17:00:00+00:00,4776.553383097846
2022-09-06 01:45:00+00:00,4764.300187285435
2022-09-06 12:45:00+00:00,4752.020932060793
2022-09-06 13:45:00+00:00,4738.3677681727895
2022-09-06 14:30:00+00:00,4724.746030381075
2022-09-06 15:45:00+00:00,4761.264112289172
2022-09-06 17:00:00+00:00,4747.9692103983925
2022-09-06 20:45:00+00:00,4785.919208392618
2022-09-07 00:30:00+00:00,4787.4534495310245
2022-09-07 02:15:00+00:00,4823.969491948644
2022-09-07 03:15:00+00:00,4810.677064899866
2022-09-07 07:00:00+00:00,4796.893839291939
2022-09-07 12:45:00+00:00,4797.492432058561
2022-09-07 16:30:00+00:00,4783.336266673867
2022-09-08 00:30:00+00:00,4784.456722300673
2022-09-08 01:30:00+00:00,4770.612449350767
2022-09-08 06:30:00+00:00,4771.846348349662
2022-09-08 07:00:00+00:00,4759.002455468669
2022-09-08 07:15:00+00:00,4744.3641900419425
2022-09-08 09:45:00+00:00,4731.067560527856
2022-09-08 12:15:00+00:00,4731.909171593403
2022-09-08 12:30:00+00:00,4717.775674257158
2022-09-08 13:00:00+00:00,4703.922286377732
2022-09-08 14:45:00+00:00,4712.512835703709
2022-09-08 16:00:00+00:00,4713.7357737119855
2022-09-08 16:15:00+00:00,4714.966859811898
2022-09-08 19:00:00+00:00,4701.752052120149
2022-09-09 00:15:00+00:00,4738.3428946081785
2022-09-09 03:00:00+00:00,4774.602269957386
2022-09-09 03:30:00+00:00,4811.034231334343
2022-09-09 04:00:00+00:00,4847.1378914244815
2022-09-09 05:15:00+00:00,4883.706623007728
2022-09-09 06:15:00+00:00,4919.504376309902
2022-09-09 08:45:00+00:00,4955.957040833169
2022-09-09 09:00:00+00:00,4957.518520845475
2022-09-09 12:30:00+00:00,4993.956763932756
2022-09-09 13:00:00+00:00,5031.527592440502
2022-09-09 13:15:00+00:00,5017.705290553818
2022-09-09 14:30:00+00:00,5004.345184565995
2022-09-09 16:00:00+00:00,4990.999596617861
2022-09-09 17:30:00+00:00,4977.6581568586425
2022-09-09 23:00:00+00:00,5014.027241373193
2022-09-09 23:15:00+00:00,5050.424896310631
2022-09-10 00:15:00+00:00,5037.816042354277
2022-09-10 07:45:00+00:00,5039.107717750664
2022-09-10 12:15:00+00:00,5024.93675768667
2022-09-12 12:00:00+00:00,5061.0084741501605
2022-09-12 13:30:00+00:00,5062.850444805193
2022-09-12 14:30:00+00:00,5049.659521285925
2022-09-12 15:00:00+00:00,5036.143202816949
2022-09-12 15:30:00+00:00,5022.844394923653
2022-09-12 15:45:00+00:00,5009.635814765716
2022-09-12 16:00:00+00:00,4982.829994440654
2022-09-13 00:15:00+00:00,4984.686833114157
2022-09-13 17:15:00+00:00,4971.583724640637
2022-09-13 19:30:00+00:00,4973.2483391266005
2022-09-13 20:00:00+00:00,4975.084609868926
2022-09-13 20:30:00+00:00,4976.850365830127
2022-09-13 23:00:00+00:00,4963.367259222933
2022-09-14 01:00:00+00:00,4965.088362935545
2022-09-14 02:00:00+00:00,4951.634655088069
2022-09-14 03:00:00+00:00,4938.141462465419
2022-09-14 04:15:00+00:00,4924.4688211549
2022-09-14 04:30:00+00:00,4926.272940340016
2022-09-14 07:00:00+00:00,4898.305981157778
2022-09-14 08:00:00+00:00,4897.8724652118035
2022-09-14 08:30:00+00:00,4899.089478522913
2022-09-14 12:30:00+00:00,4887.351574749222
2022-09-14 16:30:00+00:00,4888.402232952039
2022-09-14 18:00:00+00:00,4924.9431285992705
2022-09-14 18:30:00+00:00,4926.599887464482
2022-09-14 19:45:00+00:00,4892.075538086437
2022-09-14 20:30:00+00:00,4878.770204209456
2022-09-14 21:45:00+00:00,4865.332701164685
2022-09-14 22:30:00+00:00,4838.164088638101
2022-09-15 03:00:00+00:00,4874.830696311014
2022-09-15 05:00:00+00:00,4934.151832347097
2022-09-15 06:30:00+00:00,4922.469576065126
2022-09-15 06:45:00+00:00,4923.6542197085955
2022-09-15 07:15:00+00:00,4883.970698791046
2022-09-15 10:00:00+00:00,4885.523485906082
2022-09-15 12:30:00+00:00,4887.2705724675125
2022-09-15 14:45:00+00:00,4924.230631932643
2022-09-15 15:15:00+00:00,4996.744660818877
2022-09-15 15:30:00+00:00,4998.5082922026
2022-09-15 16:30:00+00:00,4984.995002865492
2022-09-15 19:30:00+00:00,4971.445070780775
2022-09-15 20:00:00+00:00,4957.904958208378
2022-09-15 23:30:00+00:00,4959.301917039809
2022-09-16 00:15:00+00:00,4960.165460549552
2022-09-16 00:30:00+00:00,4960.104848757121
2022-09-16 02:00:00+00:00,4996.049700032603
2022-09-16 04:00:00+00:00,4997.833795744266
2022-09-16 07:00:00+00:00,4993.603080395256
2022-09-16 09:15:00+00:00,4979.771377892602
2022-09-16 10:30:00+00:00,4981.343335842553
2022-09-17 15:45:00+00:00,4983.000211115321
2022-09-17 19:00:00+00:00,4984.800617119895
2022-09-17 20:00:00+00:00,4971.541446120806
2022-09-18 00:00:00+00:00,4973.223393863839
2022-09-18 01:30:00+00:00,4959.849988803707
2022-09-19 13:45:00+00:00,4961.526590301877
2022-09-19 14:30:00+00:00,4948.013345752428
2022-09-19 19:30:00+00:00,4934.550089776831
2022-09-20 15:30:00+00:00,4970.734175940141
2022-09-20 16:15:00+00:00,4957.267842114587
2022-09-20 17:15:00+00:00,4943.855062398714
2022-09-20 21:30:00+00:00,4930.4067595992965
2022-09-21 14:45:00+00:00,4915.952025584324
2022-09-21 15:15:00+00:00,4902.042862695445
2022-09-21 17:15:00+00:00,4902.92291386879
2022-09-21 17:45:00+00:00,4939.094756005669
2022-09-21 19:15:00+00:00,4962.325527213461
2022-09-22 05:30:00+00:00,4949.1846693914285
2022-09-22 07:15:00+00:00,4935.692693098478
2022-09-22 08:00:00+00:00,4922.377690394879
2022-09-22 11:00:00+00:00,4923.904384091023
2022-09-22 13:15:00+00:00,4910.4555693864095
2022-09-22 13:45:00+00:00,4896.835677106838
2022-09-22 14:45:00+00:00,4883.362606912589
2022-09-22 19:30:00+00:00,4919.991578059806
2022-09-22 23:15:00+00:00,4921.303988878729
2022-09-23 02:00:00+00:00,4957.85485831939
2022-09-23 02:15:00+00:00,4958.766350192197
2022-09-23 05:15:00+00:00,4995.19618370609
2022-09-23 07:00:00+00:00,4992.526219894483
2022-09-23 07:30:00+00:00,4966.935088667862
2022-09-23 08:15:00+00:00,4952.596472503411
2022-09-23 09:30:00+00:00,4911.256523250337
2022-09-23 10:45:00+00:00,4911.975969435945
2022-09-23 13:45:00+00:00,4884.406051991168
2022-09-23 19:15:00+00:00,4921.221553948129
2022-09-23 21:00:00+00:00,4908.203845087248
2022-09-24 00:15:00+00:00,4910.139837481582
2022-09-24 01:45:00+00:00,4946.9690706284055
2022-09-24 03:15:00+00:00,4933.95195150966
2022-09-24 04:00:00+00:00,4935.664719482305
2022-09-24 04:45:00+00:00,4971.392662139069
2022-09-24 06:30:00+00:00,4972.127679580446
2022-09-24 07:00:00+00:00,4958.794797396986
2022-09-24 10:00:00+00:00,4942.285959705794
2022-09-24 12:45:00+00:00,4929.042320278256
2022-09-24 13:30:00+00:00,4930.794155058511
2022-09-24 13:45:00+00:00,4928.158092407611
2022-09-24 14:00:00+00:00,4929.641186294307
2022-09-24 14:15:00+00:00,4915.54243137622
2022-09-24 15:00:00+00:00,4902.12672384904
2022-09-24 18:00:00+00:00,4888.946752591925
2022-09-24 20:45:00+00:00,4882.785581636907
2022-09-24 21:15:00+00:00,4859.505840360589
2022-09-24 22:00:00+00:00,4846.026797997096
2022-09-25 12:45:00+00:00,4832.659663901624
2022-09-25 13:45:00+00:00,4819.232420863665
2022-09-25 22:15:00+00:00,4820.479193788634
2022-09-26 00:00:00+00:00,4806.896208492137
2022-09-26 01:30:00+00:00,4793.384021760278
2022-09-26 14:30:00+00:00,4779.877724532336
2022-09-26 22:00:00+00:00,4781.241932172286
2022-09-27 01:30:00+00:00,4817.4531199811245
2022-09-27 03:00:00+00:00,4853.618965574096
2022-09-27 05:15:00+00:00,4840.139107202498
2022-09-27 09:00:00+00:00,4841.4939851371455
2022-09-27 11:00:00+00:00,4842.326760489897
2022-09-27 12:00:00+00:00,4844.191179994924
2022-09-27 12:45:00+00:00,4830.897660339989
2022-09-27 13:00:00+00:00,4816.234540247124
2022-09-27 13:45:00+00:00,4817.394183373552
2022-09-27 14:00:00+00:00,4818.054338558197
2022-09-27 15:45:00+00:00,4804.378800155489
2022-09-27 16:00:00+00:00,4778.0961199066405
2022-09-27 16:15:00+00:00,4764.099606513698
2022-09-27 16:30:00+00:00,4750.659785393139
2022-09-27 22:15:00+00:00,4723.89744104345
2022-09-27 23:30:00+00:00,4713.534190308542
2022-09-28 01:30:00+00:00,4750.206140629008
2022-09-28 05:45:00+00:00,4788.252677392935
2022-09-28 07:30:00+00:00,4789.647372342459
2022-09-28 10:00:00+00:00,4791.050480403635
2022-09-28 10:15:00+00:00,4789.086347416088
2022-09-28 10:30:00+00:00,4790.481149150563
2022-09-28 14:30:00+00:00,4763.8704952182
2022-09-28 18:30:00+00:00,4765.659120041865
2022-09-29 05:30:00+00:00,4751.116082768181
2022-09-29 07:00:00+00:00,4736.564565401485
2022-09-29 08:30:00+00:00,4722.169818730896
2022-09-29 12:00:00+00:00,4722.871885584144
2022-09-30 14:45:00+00:00,4709.229506071824
2022-10-01 16:30:00+00:00,4745.827985096765
2023-01-01 09:30:00+00:00,4744.801640701583
2023-01-01 10:00:00+00:00,4729.754059026132
2023-01-01 11:45:00+00:00,4714.659994011233
2023-01-01 16:15:00+00:00,4707.740162042606
2023-01-01 17:00:00+00:00,4692.575305094529
2023-01-01 17:15:00+00:00,4675.255835636117
2023-01-01 17:45:00+00:00,4659.12188197922
2023-01-01 18:30:00+00:00,4643.31841999673
2023-01-01 23:15:00+00:00,4642.736379736677
2023-01-02 01:30:00+00:00,4627.705524141175
2023-01-02 03:30:00+00:00,4612.911943233965
2023-01-02 07:00:00+00:00,4597.874569609978
2023-01-02 11:30:00+00:00,4597.882459973792
2023-01-02 13:45:00+00:00,4596.461910776071
2023-01-02 16:30:00+00:00,4632.368054585472
2023-01-02 18:15:00+00:00,4628.350367639705
2023-01-02 21:45:00+00:00,4660.111663518801
2023-01-02 22:00:00+00:00,4657.988187748154
2023-01-02 22:45:00+00:00,4643.469962703732
2023-01-03 14:00:00+00:00,4680.3304467560365
2023-01-03 16:00:00+00:00,4717.318358483948
2023-01-03 16:45:00+00:00,4753.429247995756
2023-01-03 17:30:00+00:00,4740.583734584563
2023-01-03 23:30:00+00:00,4732.513397217371
2023-01-04 00:45:00+00:00,4732.865748019553
2023-01-04 01:00:00+00:00,4718.319773860471
2023-01-04 02:15:00+00:00,4704.081523703722
2023-01-04 03:00:00+00:00,4741.209151419619
2023-01-04 04:00:00+00:00,4727.61176312634
2023-01-04 08:30:00+00:00,4723.457068359911
2023-01-04 11:00:00+00:00,4726.160570572767
2023-01-04 12:30:00+00:00,4709.857320588218
2023-01-04 14:45:00+00:00,4706.96053685536
2023-01-04 15:15:00+00:00,4701.724622914239
2023-01-04 17:00:00+00:00,4688.28612662031
2023-01-04 17:45:00+00:00,4689.540816558067
2023-01-05 10:15:00+00:00,4675.505556142907
2023-01-05 15:00:00+00:00,4676.377510128717
2023-01-05 23:30:00+00:00,4677.277633154315
2023-01-06 13:00:00+00:00,4713.41835410379
2023-01-06 19:00:00+00:00,4714.493913226007
2023-01-07 05:15:00+00:00,4715.239064280815
2023-01-07 10:15:00+00:00,4696.136615396039
2023-01-08 20:45:00+00:00,4682.708764645525
2023-01-08 23:15:00+00:00,4669.346091605554
2023-01-09 00:00:00+00:00,4656.40649035696
2023-01-09 00:45:00+00:00,4642.356932634965
2023-01-09 01:30:00+00:00,4629.474485938406
2023-01-09 02:00:00+00:00,4616.6474955997455
2023-01-09 09:30:00+00:00,4618.649446365196
2023-01-09 11:45:00+00:00,4605.713352641768
2023-01-09 13:45:00+00:00,4592.48578544534
2023-01-09 14:00:00+00:00,4578.885952101874
2023-01-09 17:00:00+00:00,4580.366863682178
2023-01-09 18:30:00+00:00,4566.945338621396
2023-01-09 20:00:00+00:00,4551.390922366554
2023-01-09 20:45:00+00:00,4523.193123603066
2023-01-09 21:45:00+00:00,4509.151384657942
2023-01-09 23:00:00+00:00,4493.750479858606
2023-01-11 05:15:00+00:00,4480.159825720835
2023-01-11 06:30:00+00:00,4466.695807130831
2023-01-11 13:30:00+00:00,4466.4604425984335
2023-01-11 14:00:00+00:00,4451.486519667767
2023-01-11 14:15:00+00:00,4488.055016684249
2023-01-11 15:30:00+00:00,4488.312891697052
2023-01-11 15:45:00+00:00,4474.947931688851
2023-01-11 18:45:00+00:00,4511.807289951907
2023-01-11 20:00:00+00:00,4513.541674176942
2023-01-11 22:30:00+00:00,4550.606611217959
2023-01-11 22:45:00+00:00,4586.08054148761
2023-01-12 01:00:00+00:00,4588.236103079848
2023-01-12 05:45:00+00:00,4574.695069672499
2023-01-12 07:00:00+00:00,4561.90336373017
2023-01-12 08:30:00+00:00,4548.621431845464
2023-01-12 10:00:00+00:00,4535.624235831056
2023-01-12 12:30:00+00:00,4507.840845759746
2023-01-12 13:15:00+00:00,4508.857434359993
2023-01-12 13:30:00+00:00,4545.901251030765
2023-01-12 19:45:00+00:00,4532.5307157506695
2023-01-13 07:15:00+00:00,4534.138603964516
2023-01-13 10:30:00+00:00,4518.694399521162
2023-01-13 14:45:00+00:00,4519.009169489678
2023-01-14 01:15:00+00:00,4555.57335549463
2023-01-14 01:45:00+00:00,4542.4612187901275
2023-01-14 08:15:00+00:00,4544.462406765527
2023-01-14 08:45:00+00:00,4545.557697408225
2023-01-14 09:00:00+00:00,4547.442689731061
2023-01-14 09:15:00+00:00,4583.7037310073
2023-01-14 14:30:00+00:00,4570.499539113012
2023-01-14 14:45:00+00:00,4572.502410569278
2023-01-14 21:15:00+00:00,4571.774135602954
2023-01-14 21:45:00+00:00,4572.56742925085
2023-01-15 17:15:00+00:00,4574.169683708478
2023-01-15 18:15:00+00:00,4575.784270798718
2023-01-16 00:30:00+00:00,4577.515445016119
2023-01-16 18:30:00+00:00,4579.259417313819
2023-01-16 21:15:00+00:00,4565.467528844614
2023-01-17 00:00:00+00:00,4551.744681111744
2023-01-17 00:45:00+00:00,4538.085290774082
2023-01-17 01:00:00+00:00,4524.417588727026
2023-01-17 14:15:00+00:00,4560.708956769717
2023-01-17 15:30:00+00:00,4584.2070601347195
2023-01-17 17:15:00+00:00,4571.219186392268
2023-01-17 20:45:00+00:00,4557.521312613021
2023-01-18 06:45:00+00:00,4544.321519510704
2023-01-18 08:15:00+00:00,4531.123922227656
2023-01-18 13:45:00+00:00,4517.508019799382
2023-01-18 15:30:00+00:00,4503.685310523004
2023-01-18 16:15:00+00:00,4477.545611857519
2023-01-18 20:30:00+00:00,4464.4138754492205
2023-01-18 22:15:00+00:00,4440.63759120917
2023-01-19 11:30:00+00:00,4426.870328713028
2023-01-19 13:00:00+00:00,4428.147716979765
2023-01-19 14:00:00+00:00,4414.858685909029
2023-01-19 15:00:00+00:00,4415.742753574768
2023-01-19 17:45:00+00:00,4402.103139261953
2023-01-19 20:15:00+00:00,4438.4264267778735
2023-01-19 21:45:00+00:00,4424.719328730236
2023-01-20 00:15:00+00:00,4420.076714137119
2023-01-20 12:45:00+00:00,4406.034298449857
2023-01-20 14:45:00+00:00,4406.380931431867
2023-01-20 16:30:00+00:00,4391.997401383861
2023-01-20 18:15:00+00:00,4392.914420652299
2023-01-20 19:45:00+00:00,4393.407087955097
2023-01-20 20:00:00+00:00,4465.883574287642
2023-01-20 23:30:00+00:00,4452.992627758037
2023-01-21 10:15:00+00:00,4489.233923358593
2023-01-21 15:15:00+00:00,4475.804695214911
2023-01-22 14:45:00+00:00,4461.126179964683
2023-01-22 15:15:00+00:00,4496.77072656951
2023-01-22 17:30:00+00:00,4498.372035757405
2023-01-22 19:00:00+00:00,4485.34374039236
2023-01-22 20:00:00+00:00,4522.010114794628
2023-01-23 06:15:00+00:00,4523.743118061097
2023-01-23 10:00:00+00:00,4525.517040604329
2023-01-23 13:00:00+00:00,4521.482777030229
2023-01-23 14:45:00+00:00,4523.038056284822
2023-01-23 18:30:00+00:00,4511.324577806379
2023-01-23 21:00:00+00:00,4513.084255884328
2023-01-23 23:00:00+00:00,4500.107699218208
2023-01-24 03:15:00+00:00,4536.414905688976
2023-01-24 06:15:00+00:00,4522.921807694146
2023-01-24 08:00:00+00:00,4509.2601693374145
2023-01-24 09:00:00+00:00,4495.440935229343
2023-01-25 03:15:00+00:00,4482.428990818945
2023-01-25 07:00:00+00:00,4469.0582378405625
2023-01-25 08:30:00+00:00,4455.51629770807
2023-01-25 08:45:00+00:00,4447.038954642773
2023-01-25 09:45:00+00:00,4439.967473635506
2023-01-25 14:45:00+00:00,4440.276215808096
2023-01-25 15:30:00+00:00,4426.088432411586
2023-01-25 15:45:00+00:00,4412.528779267957
2023-01-25 18:45:00+00:00,4398.372400946363
2023-01-25 19:45:00+00:00,4384.510996982023
2023-01-26 20:15:00+00:00,4421.208096175994
2023-01-27 00:45:00+00:00,4407.993766966921
2023-01-27 15:30:00+00:00,4394.309682306401
2023-01-27 17:00:00+00:00,4380.78158676048
2023-01-27 19:45:00+00:00,4417.427823351895
2023-01-27 20:00:00+00:00,4403.726492135722
2023-01-27 20:45:00+00:00,4405.552517476061
2023-01-27 22:00:00+00:00,4393.106295104217
2023-01-27 23:00:00+00:00,4430.112328637949
2023-01-28 00:15:00+00:00,4417.229491660487
2023-01-28 01:00:00+00:00,4417.879064480799
2023-01-28 01:30:00+00:00,4405.0189020242115
2023-01-28 06:00:00+00:00,4440.713600571627
2023-01-28 06:15:00+00:00,4442.3628087549
2023-01-28 07:15:00+00:00,4428.171521756956
2023-01-28 08:15:00+00:00,4418.047617571365
2023-01-28 09:00:00+00:00,4403.937950384117
2023-01-28 09:15:00+00:00,4390.809121011335
2023-01-28 12:00:00+00:00,4377.498591799308
2023-01-29 00:30:00+00:00,4377.985499277463
2023-01-29 01:45:00+00:00,4364.9495694721045
2023-01-29 11:00:00+00:00,4400.757459794075
2023-01-29 11:15:00+00:00,4386.631449420628
2023-01-29 12:15:00+00:00,4387.779708847117
2023-01-29 12:30:00+00:00,4373.768682492598
2023-01-29 14:15:00+00:00,4374.56557108183
2023-01-29 16:30:00+00:00,4360.571473380994
2023-01-29 19:30:00+00:00,4396.318503448819
2023-01-29 20:00:00+00:00,4382.5608794801265
2023-01-29 20:15:00+00:00,4385.612326306861
2023-01-29 20:45:00+00:00,4371.922520340729
2023-01-30 00:15:00+00:00,4373.248477143919
2023-01-30 01:15:00+00:00,4360.211406167453
2023-01-30 02:00:00+00:00,4346.213575063014
2023-01-30 06:30:00+00:00,4318.9024560935295
2023-01-30 08:30:00+00:00,4305.717832507623
2023-01-30 09:00:00+00:00,4341.785566882622
2023-01-30 10:15:00+00:00,4341.842217274499
2023-01-30 14:45:00+00:00,4343.1754338519295
2023-01-30 17:00:00+00:00,4342.011199125938
2023-01-30 17:30:00+00:00,4328.827523342235
2023-01-30 19:00:00+00:00,4365.036216443911
2023-01-31 01:45:00+00:00,4389.6380649687
2023-01-31 04:00:00+00:00,4376.706110245724
2023-01-31 06:00:00+00:00,4378.705303892568
2023-01-31 08:30:00+00:00,4380.656923497609
2023-01-31 16:15:00+00:00,4381.8628197583475
2023-01-31 17:15:00+00:00,4368.574984719347
2023-01-31 20:15:00+00:00,4370.4922852177915
2023-02-02 06:00:00+00:00,4406.7556642292075
2023-02-02 06:15:00+00:00,4393.17879223455
2023-02-02 07:30:00+00:00,4380.151621580511
2023-02-02 07:45:00+00:00,4366.629730211418
2023-02-02 12:45:00+00:00,4366.968188636739
2023-02-02 14:30:00+00:00,4398.764570315499
2023-02-03 14:30:00+00:00,4384.500057314418
2023-02-04 23:30:00+00:00,4371.374604068277
2023-02-05 13:30:00+00:00,4357.8893648924695
2023-02-05 19:15:00+00:00,4394.137327679369
2023-02-05 20:30:00+00:00,4395.4992253337705
2023-02-05 22:15:00+00:00,4381.884523631019
2023-02-06 00:15:00+00:00,4383.39210449845
2023-02-06 00:30:00+00:00,4369.4060213962775
2023-02-06 05:15:00+00:00,4405.460827059644
2023-02-06 07:30:00+00:00,4406.225266489254
2023-02-08 05:15:00+00:00,4407.134361286075
2023-02-08 12:00:00+00:00,4397.015171822805
2023-02-08 16:30:00+00:00,4433.582648075271
2023-02-08 21:45:00+00:00,4435.07450037948
2023-02-09 00:45:00+00:00,4421.076196422473
2023-02-09 01:00:00+00:00,4422.853690014903
2023-02-09 05:30:00+00:00,4409.424712584069
2023-02-09 08:00:00+00:00,4395.7382399350345
2023-02-09 08:30:00+00:00,4432.544992231761
2023-02-09 09:15:00+00:00,4419.513826643059
2023-02-09 15:15:00+00:00,4420.769479632341
2023-02-09 15:30:00+00:00,4409.226140979594
2023-02-09 16:15:00+00:00,4445.063735914221
2023-02-09 16:30:00+00:00,4431.433118503379
2023-02-09 16:45:00+00:00,4417.939282878226
2023-02-09 19:00:00+00:00,4404.478829863245
2023-02-09 19:15:00+00:00,4391.046007549626
2023-02-09 20:15:00+00:00,4377.895018978762
2023-02-11 21:45:00+00:00,4363.798698746596
2023-02-11 23:15:00+00:00,4347.4797414803925
2023-02-12 08:30:00+00:00,4346.592712369347
2023-02-12 10:15:00+00:00,4333.080594398454
2023-02-12 12:45:00+00:00,4319.570869306623
2023-02-12 21:30:00+00:00,4305.630065516368
2023-02-12 23:15:00+00:00,4291.559451889532
2023-02-13 00:45:00+00:00,4277.687292905327
2023-02-13 01:45:00+00:00,4279.114755032667
2023-02-13 02:45:00+00:00,4280.721454420649
2023-02-13 04:00:00+00:00,4266.845427820978
2023-02-13 04:15:00+00:00,4253.476772418644
2023-02-13 07:00:00+00:00,4240.3573274971195
2023-02-13 12:15:00+00:00,4226.927050455359
2023-02-13 16:15:00+00:00,4213.465047842004
2023-02-14 13:30:00+00:00,4201.385665266688
2023-02-14 14:15:00+00:00,4187.3798743701955
2023-02-14 14:45:00+00:00,4246.904610533073
2023-02-14 15:30:00+00:00,4268.908074726475
2023-02-15 00:45:00+00:00,4257.409340969799
2023-02-15 02:45:00+00:00,4258.542809059044
2023-02-15 03:30:00+00:00,4247.059675954399
2023-02-15 07:30:00+00:00,4247.136513098967
2023-02-15 07:45:00+00:00,4246.4557537214805
2023-02-15 13:00:00+00:00,4247.407972085333
2023-02-15 14:15:00+00:00,4233.266738206517
2023-02-15 16:30:00+00:00,4219.76644613906
2023-02-15 19:00:00+00:00,4255.990043731108
2023-02-15 19:15:00+00:00,4292.0385100704825
2023-02-15 19:45:00+00:00,4328.633172859272
2023-02-15 20:30:00+00:00,4364.649212878583
2023-02-16 00:15:00+00:00,4400.925857975273
2023-02-16 01:00:00+00:00,4473.391410575709
2023-02-16 07:45:00+00:00,4461.945397583227
2023-02-17 14:00:00+00:00,4462.8800547131
2023-02-17 15:30:00+00:00,4464.052159063608
2023-02-17 17:00:00+00:00,4450.545881812012
2023-02-17 23:45:00+00:00,4452.0965504668075
2023-02-18 00:45:00+00:00,4438.938381842779
2023-02-18 19:15:00+00:00,4429.957035009115
2023-02-19 23:45:00+00:00,4416.946093707345
2023-02-20 00:15:00+00:00,4402.888405006072
2023-02-20 00:45:00+00:00,4389.814724346425
2023-02-20 02:00:00+00:00,4376.364584446157
2023-02-20 16:15:00+00:00,4378.371493683367
2023-02-20 22:45:00+00:00,4364.845750227038
2023-02-21 09:15:00+00:00,4350.451267082849
2023-02-21 09:30:00+00:00,4336.446041223356
2023-02-21 13:45:00+00:00,4323.551648599996
2023-02-21 14:15:00+00:00,4324.887950956249
2023-02-21 14:30:00+00:00,4326.11429453885
2023-02-21 15:30:00+00:00,4327.144299720576
2023-02-21 17:45:00+00:00,4329.346302133573
2023-02-21 18:00:00+00:00,4316.68348986529
2023-02-21 21:15:00+00:00,4352.811659344444
2023-02-21 22:15:00+00:00,4339.059456407272
2023-02-22 00:00:00+00:00,4325.345986803949
2023-02-22 01:45:00+00:00,4361.550249434692
2023-02-22 02:00:00+00:00,4397.829622552487
2023-02-22 02:45:00+00:00,4383.878364011462
2023-02-22 03:00:00+00:00,4370.042349511623
2023-02-22 09:15:00+00:00,4371.563122488727
2023-02-22 10:30:00+00:00,4372.80760018673
2023-02-24 10:45:00+00:00,4373.708819946709
2023-02-24 15:15:00+00:00,4409.78483367405
2023-02-24 16:00:00+00:00,4446.145541324619
2023-02-24 17:15:00+00:00,4447.545461200839
2023-02-24 19:30:00+00:00,4448.756845776435
2023-02-24 22:30:00+00:00,4485.420320022215
2023-02-24 23:00:00+00:00,4486.781037558346
2023-02-25 00:00:00+00:00,4477.520383252438
2023-02-26 18:30:00+00:00,4513.568929142133
2023-02-26 22:00:00+00:00,4514.871071706524
2023-02-27 05:45:00+00:00,4500.417949846741
2023-02-27 15:30:00+00:00,4472.714262509548
2023-02-27 16:00:00+00:00,4459.091630973303
2023-02-27 18:00:00+00:00,4445.5907301050975
2023-02-27 22:45:00+00:00,4432.1898927506645
2023-02-27 23:45:00+00:00,4418.3814485982
2023-02-28 00:30:00+00:00,4403.939416301207
2023-02-28 01:00:00+00:00,4404.397222673597
2023-02-28 04:45:00+00:00,4390.20317215511
2023-02-28 06:00:00+00:00,4391.181830007037
2023-02-28 07:15:00+00:00,4376.854491618407
2023-02-28 07:45:00+00:00,4362.765517574511
2023-02-28 13:00:00+00:00,4348.2051057728
2023-02-28 19:30:00+00:00,4348.8164492145215
2023-02-28 21:00:00+00:00,4334.75704413211
2023-03-01 09:00:00+00:00,4335.233604241537
2023-03-01 09:15:00+00:00,4336.109681009086
2023-03-01 13:30:00+00:00,4321.8919761104635
2023-03-01 14:30:00+00:00,4293.133776206735
2023-03-01 15:00:00+00:00,4293.630242832044
2023-03-02 00:15:00+00:00,4277.479835307493
2023-03-02 04:30:00+00:00,4262.629082783913
2023-03-02 08:30:00+00:00,4297.412929066829
2023-03-02 14:30:00+00:00,4298.545601031825
2023-03-02 15:00:00+00:00,4299.509674481734
2023-03-02 18:30:00+00:00,4299.524836614565
2023-03-02 19:00:00+00:00,4285.779803868936
2023-03-02 22:15:00+00:00,4286.820145527242
2023-03-03 01:15:00+00:00,4323.053632979212
2023-03-03 08:45:00+00:00,4357.154323548183
2023-03-04 01:45:00+00:00,4343.365543502756
2023-03-04 04:45:00+00:00,4329.18643230551
2023-03-06 13:45:00+00:00,4329.738191109801
2023-03-06 15:45:00+00:00,4315.672771065808
2023-03-06 16:30:00+00:00,4299.951558901177
2023-03-06 19:15:00+00:00,4284.372139222529
2023-03-06 20:45:00+00:00,4320.584119144038
2023-03-06 23:15:00+00:00,4306.826417537536
2023-03-07 00:30:00+00:00,4307.821683375324
2023-03-07 01:00:00+00:00,4308.825855606208
2023-03-07 06:30:00+00:00,4294.0012887421635
2023-03-07 08:00:00+00:00,4278.708599879294
2023-03-07 10:45:00+00:00,4299.954613374365
2023-03-07 12:00:00+00:00,4300.921426605174
2023-03-07 14:00:00+00:00,4336.601019187246
2023-03-07 15:00:00+00:00,4372.687643607664
2023-03-07 15:30:00+00:00,4318.698492206633
2023-03-07 17:30:00+00:00,4305.428717936254
2023-03-07 21:45:00+00:00,4306.900174588493
2023-03-07 23:00:00+00:00,4308.479829552091
2023-03-07 23:15:00+00:00,4309.966733178442
2023-03-08 03:15:00+00:00,4296.293450680608
2023-03-08 05:30:00+00:00,4282.411858157231
2023-03-08 10:30:00+00:00,4268.950905293824
2023-03-08 13:00:00+00:00,4254.966589472965
2023-03-08 13:45:00+00:00,4214.332669108743
2023-03-08 15:00:00+00:00,4200.75756127136
2023-03-08 17:30:00+00:00,4202.500902045847
2023-03-08 18:00:00+00:00,4188.452794881844
2023-03-08 18:30:00+00:00,4161.904454436254
2023-03-08 22:30:00+00:00,4147.761807650487
2023-03-09 07:00:00+00:00,4144.502554376873
2023-03-09 11:00:00+00:00,4142.739091793669
2023-03-09 14:15:00+00:00,4178.7097746127865
2023-03-09 15:15:00+00:00,4164.945332246223
2023-03-09 16:45:00+00:00,4151.2285865318045
2023-03-09 18:30:00+00:00,4186.907817166476
2023-03-10 12:45:00+00:00,4209.931261262203
2023-03-10 13:30:00+00:00,4246.150344589918
2023-03-10 13:45:00+00:00,4282.867362128322
2023-03-10 14:30:00+00:00,4293.1537646174165
2023-03-10 16:45:00+00:00,4294.9608031367425
2023-03-10 17:00:00+00:00,4296.803367476231
2023-03-11 02:15:00+00:00,4283.4278774789045
2023-03-11 04:00:00+00:00,4270.078617962794
2023-03-11 06:30:00+00:00,4256.673979428437
2023-03-11 07:30:00+00:00,4243.226986681453
2023-03-12 00:15:00+00:00,4246.095932894749
2023-03-12 03:30:00+00:00,4247.1898171702
2023-03-12 04:15:00+00:00,4248.355833783288
2023-03-12 07:45:00+00:00,4234.3181037586855
2023-03-13 00:15:00+00:00,4270.8225350611665
2023-03-13 05:00:00+00:00,4257.678939289222
2023-03-13 06:30:00+00:00,4259.514898904886
2023-03-13 08:15:00+00:00,4260.884679850721
2023-03-13 09:30:00+00:00,4247.681105982112
2023-03-13 10:45:00+00:00,4234.140856040325
2023-03-13 14:00:00+00:00,4220.595322833302
2023-03-13 14:45:00+00:00,4257.3788588572925
2023-03-13 21:30:00+00:00,4251.6621702531165
2023-03-14 12:30:00+00:00,4238.142016061744
2023-03-14 13:00:00+00:00,4224.947443100568
2023-03-14 17:15:00+00:00,4226.571544290215
2023-03-14 18:00:00+00:00,4213.4792526889305
2023-03-15 16:00:00+00:00,4250.383260689425
2023-03-15 16:45:00+00:00,4287.310426524649
2023-03-15 18:30:00+00:00,4274.322947173254
2023-03-15 20:30:00+00:00,4261.32342075228
2023-03-15 22:45:00+00:00,4257.533242405518
2023-03-16 02:15:00+00:00,4259.585235805699
2023-03-16 02:30:00+00:00,4261.433823466526
2023-03-16 07:00:00+00:00,4297.515684862648
2023-03-16 09:00:00+00:00,4283.917750978657
2023-03-16 10:00:00+00:00,4285.396091643442
2023-03-16 12:00:00+00:00,4272.007850821005
2023-03-17 00:30:00+00:00,4273.898642754515
2023-03-17 10:30:00+00:00,4310.2816556595135
2023-03-17 12:30:00+00:00,4296.818007829174
2023-03-17 14:30:00+00:00,4283.443318966706
2023-03-17 18:00:00+00:00,4285.098924981697
2023-03-18 00:15:00+00:00,4271.366716909169
2023-03-18 02:00:00+00:00,4257.945803394245
2023-03-18 08:00:00+00:00,4244.971066691916
2023-03-18 13:00:00+00:00,4246.587029617693
2023-03-18 13:15:00+00:00,4248.3982030666675
2023-03-20 07:00:00+00:00,4234.768439098563
2023-03-20 07:30:00+00:00,4207.672626140046
2023-03-20 07:45:00+00:00,4194.167798284838
2023-03-20 10:45:00+00:00,4181.207257091271
2023-03-20 11:30:00+00:00,4167.5834907060125
2023-03-20 13:15:00+00:00,4169.5198315092775
2023-03-20 15:00:00+00:00,4156.505290436238
2023-03-20 16:45:00+00:00,4143.495344091304
2023-03-20 17:45:00+00:00,4130.510219232397
2023-03-20 18:00:00+00:00,4166.863550054807
2023-03-20 18:30:00+00:00,4168.570682115136
2023-03-20 20:45:00+00:00,4170.255524843234
2023-03-21 00:30:00+00:00,4165.7702064582845
2023-03-21 00:45:00+00:00,4152.4266438056
2023-03-21 08:45:00+00:00,4155.17293907241
2023-03-21 09:30:00+00:00,4141.748176627949
2023-03-21 14:15:00+00:00,4128.414470446305
2023-03-21 17:00:00+00:00,4165.319278270778
2023-03-21 17:15:00+00:00,4202.0662288889835
2023-03-21 18:00:00+00:00,4190.2006756209985
2023-03-21 20:00:00+00:00,4227.00883527065
2023-03-21 20:30:00+00:00,4264.080815053001
2023-03-21 21:15:00+00:00,4266.038189315225
2023-03-22 01:00:00+00:00,4253.209175898638
2023-03-22 04:00:00+00:00,4254.645196827843
2023-03-22 06:15:00+00:00,4241.457727287695
2023-03-22 07:45:00+00:00,4228.2913046053545
2023-03-22 12:15:00+00:00,4229.700496629945
2023-03-22 14:30:00+00:00,4216.06057919336
2023-03-22 17:30:00+00:00,4217.3209863930615
2023-03-22 18:00:00+00:00,4203.484377748127
2023-03-22 18:45:00+00:00,4203.167214004974
2023-03-22 20:45:00+00:00,4204.818900220549
2023-03-23 03:15:00+00:00,4200.782821584944
2023-03-23 05:45:00+00:00,4200.363341650172
2023-03-23 15:00:00+00:00,4236.5597332068455
2023-03-23 17:00:00+00:00,4223.086930755536
2023-03-23 17:15:00+00:00,4209.620729392234
2023-03-23 18:30:00+00:00,4196.13710542277
2023-03-23 18:45:00+00:00,4182.693682775373
2023-03-24 04:45:00+00:00,4169.804431212592
2023-03-24 12:00:00+00:00,4171.128504914646
2023-03-24 14:00:00+00:00,4172.764900730331
2023-03-24 16:15:00+00:00,4174.4356546129975
2023-03-24 17:45:00+00:00,4211.185425280143
2023-03-24 18:45:00+00:00,4198.042574609408
2023-03-25 01:00:00+00:00,4186.453639253593
2023-03-25 20:30:00+00:00,4172.805408630087
2023-03-25 23:30:00+00:00,4159.125917201536
2023-03-27 15:00:00+00:00,4195.221132711976
2023-03-27 16:15:00+00:00,4181.75130059571
2023-03-27 23:00:00+00:00,4169.309550304111
2023-03-28 05:15:00+00:00,4170.4546116336805
2023-03-28 06:00:00+00:00,4172.080458023937
2023-03-28 09:45:00+00:00,4173.325580735895
2023-03-28 13:30:00+00:00,4209.469309552715
2023-03-28 14:30:00+00:00,4210.885611095782
2023-03-28 16:15:00+00:00,4197.036077222819
2023-03-28 17:15:00+00:00,4183.604312653868
2023-03-28 18:45:00+00:00,4206.226668000857
2023-03-28 19:30:00+00:00,4242.367823143563
2023-03-28 19:45:00+00:00,4278.84038948628
2023-03-28 20:30:00+00:00,4280.071158707413
2023-03-28 21:30:00+00:00,4266.726361565859
2023-03-28 21:45:00+00:00,4253.034088771401
2023-03-29 03:45:00+00:00,4253.91512866721
2023-03-29 05:00:00+00:00,4289.981812885574
2023-03-29 10:30:00+00:00,4325.909558302073
2023-03-31 12:30:00+00:00,4312.0167164802515
2023-03-31 16:30:00+00:00,4298.256416349721
2023-03-31 19:30:00+00:00,4284.92304447892
2023-03-31 20:45:00+00:00,4270.994585538554
2023-04-03 07:00:00+00:00,4257.201287127812
2023-04-03 08:00:00+00:00,4241.014207870863
2023-04-03 15:15:00+00:00,4211.767496143224
2023-04-03 17:30:00+00:00,4211.965944377441
2023-04-03 18:30:00+00:00,4197.080276073156
2023-04-03 20:00:00+00:00,4232.562905740948
2023-04-03 21:15:00+00:00,4219.116916576429
2023-04-03 21:45:00+00:00,4205.743422625907
2023-04-03 22:15:00+00:00,4192.418140386321
2023-04-03 23:00:00+00:00,4179.05965360002
2023-04-04 05:30:00+00:00,4177.840697290756
2023-04-04 05:45:00+00:00,4172.8259770215445
2023-04-05 12:15:00+00:00,4171.022602105338
2023-04-06 11:45:00+00:00,4157.2278562642105
2023-04-06 12:30:00+00:00,4143.323282268644
2023-04-06 23:00:00+00:00,4129.186911129783
2023-04-07 01:00:00+00:00,4114.780236288973
2023-04-07 04:15:00+00:00,4115.399172907635
2023-04-08 00:30:00+00:00,4151.123226999894
2023-04-08 03:15:00+00:00,4136.3811641985085
2023-04-10 22:00:00+00:00,4172.497844485428
2023-04-11 01:45:00+00:00,4207.08487753607
2023-04-11 02:30:00+00:00,4192.2869908964385
2023-04-11 03:15:00+00:00,4227.638285367229
2023-04-11 04:30:00+00:00,4228.515735895492
2023-04-11 05:45:00+00:00,4215.2587633658395
2023-04-11 06:45:00+00:00,4251.112745944431
2023-04-11 08:30:00+00:00,4237.28727712839
2023-04-11 11:45:00+00:00,4239.030713877691
2023-04-11 14:00:00+00:00,4275.4877660404645
2023-04-11 15:15:00+00:00,4272.098393412036
2023-04-11 16:15:00+00:00,4273.748263635338
2023-04-11 16:30:00+00:00,4258.913924267033
2023-04-11 23:00:00+00:00,4252.728031049448
2023-04-12 01:30:00+00:00,4239.974455944488
2023-04-12 02:00:00+00:00,4226.74968419217
2023-04-12 07:15:00+00:00,4263.604036509003
2023-04-12 08:45:00+00:00,4250.469694042427
2023-04-12 17:15:00+00:00,4251.46732708373
2023-04-12 19:45:00+00:00,4252.325802190088
2023-04-12 23:15:00+00:00,4238.172284089193
2023-04-13 10:30:00+00:00,4224.827085936999
2023-04-13 15:15:00+00:00,4225.925396737643
2023-04-13 19:00:00+00:00,4227.67650093181
2023-04-14 01:15:00+00:00,4263.923959645329
2023-04-14 01:45:00+00:00,4250.4422547799195
2023-04-14 02:45:00+00:00,4237.166268500091
2023-04-14 07:00:00+00:00,4238.917091785388
2023-04-14 07:45:00+00:00,4225.525899441868
2023-04-14 12:45:00+00:00,4212.123754529149
2023-04-17 02:30:00+00:00,4197.723205079079
2023-04-17 07:45:00+00:00,4197.354113341669
2023-04-17 11:30:00+00:00,4232.840280078188
2023-04-17 14:00:00+00:00,4219.619903118252
2023-04-17 17:00:00+00:00,4220.068449835318
2023-04-17 17:45:00+00:00,4206.885416132594
2023-04-18 00:15:00+00:00,4207.126114854164
2023-04-18 01:30:00+00:00,4206.46758548434
2023-04-18 05:15:00+00:00,4191.586398606835
2023-04-18 06:15:00+00:00,4175.7968539535295
2023-04-18 07:30:00+00:00,4160.3759250944395
2023-04-18 09:30:00+00:00,4144.994901310325
2023-04-19 08:30:00+00:00,4131.848065508878
2023-04-19 11:15:00+00:00,4118.928277267233
2023-04-19 15:00:00+00:00,4112.521993682887
2023-04-19 18:00:00+00:00,4105.29374630171
2023-04-19 21:15:00+00:00,4141.352042062712
2023-04-19 21:30:00+00:00,4177.048187656629
2023-04-19 22:00:00+00:00,4163.242982735379
2023-04-19 23:15:00+00:00,4236.395374500532
2023-04-20 00:15:00+00:00,4223.178040126525
2023-04-20 00:30:00+00:00,4197.850395245034
2023-04-20 03:45:00+00:00,4199.542219313122
2023-04-20 04:00:00+00:00,4201.3044026596845
2023-04-20 06:15:00+00:00,4203.858540322765
2023-04-20 10:00:00+00:00,4198.950971118174
2023-04-20 10:30:00+00:00,4198.749165603347
2023-04-20 12:15:00+00:00,4234.386624187332
2023-04-20 22:00:00+00:00,4237.433016159299
2023-04-21 00:45:00+00:00,4223.838888395128
2023-04-21 01:15:00+00:00,4223.194667216046
2023-04-21 19:00:00+00:00,4260.293213683665
2023-04-26 08:15:00+00:00,4295.005772767755
2023-04-26 09:15:00+00:00,4330.682787111452
2023-04-26 10:45:00+00:00,4366.169024731448
2023-04-26 11:00:00+00:00,4367.067387640997
2023-04-26 12:15:00+00:00,4403.0194739095
2023-04-26 13:00:00+00:00,4438.700082322273
2023-04-26 13:30:00+00:00,4424.931955061584
2023-04-26 14:15:00+00:00,4397.107770567402
2023-04-26 14:30:00+00:00,4384.556852566941
2023-04-26 19:15:00+00:00,4370.79961490483
2023-04-26 19:30:00+00:00,4316.497205057022
2023-04-26 19:45:00+00:00,4303.117707466762
2023-04-26 20:00:00+00:00,4250.098909591761
2023-04-27 00:15:00+00:00,4286.912420007115
2023-04-27 01:15:00+00:00,4273.735094081711
2023-04-27 06:45:00+00:00,4260.5671449567735
2023-04-27 08:15:00+00:00,4255.547072131332
2023-04-27 12:30:00+00:00,4241.715595996234
2023-04-27 15:45:00+00:00,4229.192458377664
2023-04-27 22:45:00+00:00,4230.594795924887
2023-04-27 23:00:00+00:00,4230.167867143122
2023-04-28 01:45:00+00:00,4231.575954611072
2023-04-28 02:15:00+00:00,4217.754406931295
2023-04-28 13:30:00+00:00,4219.219820867519
2023-04-29 12:45:00+00:00,4257.8284692768675
2023-05-01 19:30:00+00:00,4258.701017063242
2023-05-05 23:00:00+00:00,4258.969954934976
2023-05-08 14:45:00+00:00,4259.840395592115
2023-05-08 18:00:00+00:00,4295.698895674339
2023-05-08 20:15:00+00:00,4296.809252011881
2023-05-09 01:00:00+00:00,4282.84631859734
2023-05-09 07:45:00+00:00,4283.4154351456145
2023-05-13 04:00:00+00:00,4269.871003996205
2023-05-13 10:15:00+00:00,4255.567090578672
2023-05-13 11:45:00+00:00,4241.278596360574
2023-05-13 13:00:00+00:00,4226.925317327449
2023-05-13 19:00:00+00:00,4226.225562277355
2023-05-14 16:00:00+00:00,4211.777244195935
2023-05-14 16:45:00+00:00,4197.361305033411
2023-05-14 18:15:00+00:00,4183.013845586651
2023-05-14 19:15:00+00:00,4168.563696068315
2023-05-15 11:45:00+00:00,4155.418328787331
2023-05-15 13:45:00+00:00,4140.626351009924
2023-05-15 14:00:00+00:00,4125.927686356879
2023-05-15 17:00:00+00:00,4160.804210139125
2023-05-15 19:15:00+00:00,4146.614316391904
2023-05-16 03:15:00+00:00,4132.688793400458
2023-05-16 07:15:00+00:00,4118.4876847741
2023-05-16 12:30:00+00:00,4153.861280406559
2023-05-16 14:30:00+00:00,4154.495923329711
2023-05-16 21:30:00+00:00,4155.217967753053
2023-05-17 02:15:00+00:00,4156.872665071613
2023-05-17 06:30:00+00:00,4143.598833352615
2023-05-17 09:00:00+00:00,4130.13205228138
2023-05-17 12:30:00+00:00,4131.720976311033
2023-05-18 05:45:00+00:00,4116.487290841222
2023-05-18 07:45:00+00:00,4150.477460747585
2023-05-18 21:30:00+00:00,4136.843348400717
2023-05-19 03:30:00+00:00,4122.225896810281
2023-05-19 05:45:00+00:00,4123.137263893376
2023-05-20 09:00:00+00:00,4119.883510434732
2023-05-20 15:15:00+00:00,4104.574839446494
2023-05-21 13:00:00+00:00,4088.95707945116
2023-05-21 14:15:00+00:00,4073.678481730083
2023-05-21 15:00:00+00:00,4073.5696864950864
2023-05-21 15:30:00+00:00,4108.673409716592
2023-05-21 21:30:00+00:00,4109.566236144185
2023-05-21 23:00:00+00:00,4094.3667612235
2023-05-22 00:30:00+00:00,4128.932828096343
2023-05-22 01:00:00+00:00,4129.49111819649
2023-05-22 02:30:00+00:00,4115.219005644852
2023-05-22 08:30:00+00:00,4086.6884449797712
2023-05-22 09:15:00+00:00,4071.45834371001
2023-05-22 09:45:00+00:00,4056.3698352361193
2023-05-23 00:00:00+00:00,4050.2106688328836
2023-05-23 00:45:00+00:00,4034.8763813946543
2023-05-23 02:45:00+00:00,4069.864458336888
2023-05-23 03:15:00+00:00,4105.136403093405
2023-05-23 04:30:00+00:00,4090.9034821805476
2023-05-23 06:30:00+00:00,4075.656300137829
2023-05-23 07:30:00+00:00,4032.3251335504906
2023-05-23 13:30:00+00:00,4017.5591359844457
2023-05-23 13:45:00+00:00,4002.60874372331
2023-05-23 17:15:00+00:00,4001.302036694099
2023-05-24 07:00:00+00:00,4000.562014603847
2023-05-24 13:45:00+00:00,4071.9329586783297
2023-05-24 17:00:00+00:00,4073.2211679416932
2023-05-24 17:30:00+00:00,4074.138096509243
2023-05-24 19:15:00+00:00,4060.1959395229633
2023-05-24 20:15:00+00:00,4045.794761104237
2023-05-24 20:45:00+00:00,4017.3288280389775
2023-05-25 00:45:00+00:00,4052.7611391026903
2023-05-25 01:15:00+00:00,4124.400955186916
2023-05-25 02:30:00+00:00,4110.481225329007
2023-05-25 03:00:00+00:00,4096.717008415822
2023-05-25 03:45:00+00:00,4082.6807295592907
2023-05-25 09:00:00+00:00,4054.399548169179
2023-05-25 11:45:00+00:00,4055.329075023214
2023-05-27 22:15:00+00:00,4090.3839675464096
2023-05-28 02:30:00+00:00,4091.429906083325
2023-05-28 09:45:00+00:00,4092.3870270524767
2023-05-28 14:45:00+00:00,4092.677579042168
2023-05-28 18:15:00+00:00,4128.285235195057
2023-05-28 23:15:00+00:00,4129.15862184577
2023-06-05 15:45:00+00:00,4165.092114072548
2023-06-05 23:15:00+00:00,4166.49195670447
2023-06-06 02:30:00+00:00,4169.0097847083825
2023-06-06 07:30:00+00:00,4170.511152403253
2023-06-06 09:45:00+00:00,4169.718350097114
2023-06-06 12:00:00+00:00,4205.515921737168
2023-06-06 12:45:00+00:00,4241.458208850781
2023-06-06 13:30:00+00:00,4242.286513980615
2023-06-06 13:45:00+00:00,4244.021463823797
2023-06-06 14:00:00+00:00,4230.613548771483
2023-06-06 14:45:00+00:00,4203.994261206713
2023-06-06 17:15:00+00:00,4190.759410429805
2023-06-06 19:30:00+00:00,4177.520227933166
2023-06-10 06:00:00+00:00,4179.578206139972
2023-06-10 13:00:00+00:00,4179.033675995446
2023-06-10 16:00:00+00:00,4165.60866862342
2023-06-10 17:30:00+00:00,4201.995342388216
2023-06-13 21:00:00+00:00,4188.876666107387
2023-06-15 06:15:00+00:00,4189.683182555637
2023-06-15 11:30:00+00:00,4189.942895472518
2023-06-17 01:00:00+00:00,4183.866324810183
2023-06-17 01:45:00+00:00,4168.233017758087
2023-06-17 04:15:00+00:00,4168.287285852438
2023-06-17 05:30:00+00:00,4202.743125571657
2023-06-17 06:45:00+00:00,4222.070523601258
2023-06-17 11:15:00+00:00,4207.733936621049
2023-06-18 11:00:00+00:00,4193.523760994077
2023-06-18 16:00:00+00:00,4179.420162042738
2023-06-18 20:00:00+00:00,4164.91362184206
2023-06-20 23:45:00+00:00,4201.368847165125
2023-06-21 01:00:00+00:00,4237.51368373523
2023-06-21 08:30:00+00:00,4229.724549686903
2023-06-21 10:45:00+00:00,4225.594269322432
2023-06-21 12:30:00+00:00,4226.696137118996
2023-06-21 14:45:00+00:00,4262.871152425272
2023-06-21 16:45:00+00:00,4264.288758970028
2023-06-22 00:30:00+00:00,4301.000566338679
2023-06-23 05:15:00+00:00,4302.420806665099
2023-06-23 07:45:00+00:00,4302.789505179659
2023-06-23 15:30:00+00:00,4289.369963641921
2023-06-23 16:00:00+00:00,4276.096031180853
2023-06-24 21:30:00+00:00,4277.761401091936
2023-06-24 23:45:00+00:00,4271.427809342665
2023-06-25 01:30:00+00:00,4257.903370982467
2023-06-25 02:45:00+00:00,4244.127214867193
2023-06-25 04:00:00+00:00,4230.3455746993595
2023-06-26 23:45:00+00:00,4231.8053065069735
2023-06-27 00:00:00+00:00,4233.336511318438
2023-06-27 01:30:00+00:00,4219.388391360951
2023-06-27 02:45:00+00:00,4205.438618204743
2023-06-27 07:00:00+00:00,4206.612277746236
2023-06-28 09:15:00+00:00,4192.190616552013
2023-06-28 14:00:00+00:00,4192.372885461788
2023-06-28 14:30:00+00:00,4177.769712532026
2023-06-28 19:30:00+00:00,4213.430721529394
2023-06-28 21:45:00+00:00,4272.58913191989
2023-06-28 22:15:00+00:00,4259.269752835793
2023-06-29 01:00:00+00:00,4260.735739348143
2023-06-29 02:15:00+00:00,4254.77650175429
2023-06-29 04:30:00+00:00,4239.885525801991
2023-06-29 05:00:00+00:00,4239.029459547352
2023-06-29 07:00:00+00:00,4209.535700778294
2023-06-29 09:15:00+00:00,4195.37577402323
2023-06-29 10:15:00+00:00,4166.944014804521
2023-06-29 11:00:00+00:00,4189.154155760097
2023-06-29 11:15:00+00:00,4175.038978736985
2023-06-29 13:30:00+00:00,4161.94706751473
2023-06-29 20:15:00+00:00,4162.922857114017
2023-06-30 00:00:00+00:00,4199.639715266001
2023-06-30 01:15:00+00:00,4201.469667276359
2023-06-30 02:45:00+00:00,4203.383876981306
2023-06-30 10:45:00+00:00,4200.979538796338
2023-06-30 13:30:00+00:00,4187.715362524257
2023-06-30 16:30:00+00:00,4161.253535931537
2024-07-01 06:30:00+00:00,4145.807032341834
2024-07-01 08:30:00+00:00,4131.668073795252
2024-07-01 10:15:00+00:00,4132.693965520558
2024-07-01 11:45:00+00:00,4118.264609712921
2024-07-01 13:30:00+00:00,4105.801233987292
2024-07-01 15:15:00+00:00,4091.5429848953245
2024-07-01 19:30:00+00:00,4093.0310920212983
2024-07-01 22:00:00+00:00,4087.550540726579
2024-07-02 10:30:00+00:00,4088.0576055992547
2024-07-03 10:15:00+00:00,4123.546950194842
2024-07-03 10:30:00+00:00,4159.329712639367
2024-07-03 10:45:00+00:00,4159.968224749974
2024-07-03 13:00:00+00:00,4160.779654579699
2024-07-03 13:15:00+00:00,4161.5999064417465
2024-07-03 13:45:00+00:00,4162.416655711291
2024-07-03 21:00:00+00:00,4198.862620476987
2024-07-03 21:45:00+00:00,4199.83638473557
2024-07-03 22:00:00+00:00,4187.30889718734
2024-07-03 23:15:00+00:00,4173.89869316687
2024-07-04 01:30:00+00:00,4210.520599466711
2024-07-04 01:45:00+00:00,4247.12998408005
2024-07-04 02:15:00+00:00,4248.947005995075
2024-07-04 02:30:00+00:00,4247.948575692168
2024-07-04 08:45:00+00:00,4249.7581586818205
2024-07-04 09:00:00+00:00,4250.507713850509
2024-07-04 10:45:00+00:00,4252.213358765862
2024-07-04 13:00:00+00:00,4288.863456041348
2024-07-04 13:45:00+00:00,4277.175184067019
2024-07-04 15:30:00+00:00,4263.938716367152
2024-07-04 15:45:00+00:00,4250.624953030675
2024-07-05 12:45:00+00:00,4252.326061783572
2024-07-08 09:00:00+00:00,4289.120453782301
2024-07-08 10:45:00+00:00,4275.928644575631
2024-07-08 14:15:00+00:00,4262.702798660647
2024-07-09 01:30:00+00:00,4263.744528996987
2024-07-09 10:15:00+00:00,4250.34683064302
2024-07-09 11:00:00+00:00,4251.539983867431
2024-07-09 22:00:00+00:00,4237.842226872866
2024-07-10 00:15:00+00:00,4224.072411510191
2024-07-10 01:30:00+00:00,4225.102148216009
2024-07-10 03:45:00+00:00,4211.36441670181
2024-07-10 16:15:00+00:00,4197.904864592372
2024-07-11 00:30:00+00:00,4234.49444963073
2024-07-11 12:15:00+00:00,4221.145712670792
2024-07-11 16:15:00+00:00,4222.694210293861
2024-07-12 00:30:00+00:00,4224.201694253484
2024-07-12 01:15:00+00:00,4260.764172607083
2024-07-12 01:45:00+00:00,4247.202982859459
2024-07-12 02:15:00+00:00,4233.439589775927
2024-07-12 06:15:00+00:00,4234.894760213157
2024-07-12 07:00:00+00:00,4220.903485174774
2024-07-12 09:30:00+00:00,4257.2767747128555
2024-07-12 10:15:00+00:00,4293.900190680162
2024-07-12 11:15:00+00:00,4294.698425725377
2024-07-12 14:00:00+00:00,4296.430021011542
2024-07-12 15:15:00+00:00,4283.0579324708515
2024-07-12 19:45:00+00:00,4268.854519418468
2024-07-13 02:00:00+00:00,4304.954215858203
2024-07-13 03:30:00+00:00,4340.9516740681265
2024-07-13 05:00:00+00:00,4377.333132396905
2024-07-13 05:45:00+00:00,4363.985946680793
2024-07-13 10:30:00+00:00,4350.281957646544
2024-07-13 15:00:00+00:00,4386.959514861746
2024-07-13 16:45:00+00:00,4373.315137909784
2024-07-13 22:15:00+00:00,4373.455779585135
2024-07-14 05:45:00+00:00,4359.857760721988
2024-07-14 12:15:00+00:00,4348.401193518829
2024-07-14 21:15:00+00:00,4349.69950120943
2024-07-15 14:45:00+00:00,4335.87754393432
2024-07-15 16:30:00+00:00,4322.1919558005375
2024-07-15 19:15:00+00:00,4308.504813549444
2024-07-15 22:00:00+00:00,4294.919547597011
2024-07-15 22:30:00+00:00,4331.118187403132
2024-07-16 06:15:00+00:00,4332.636482023177
2024-07-16 07:00:00+00:00,4334.269543599575
2024-07-16 08:45:00+00:00,4335.849861140278
2024-07-16 10:00:00+00:00,4322.58115412755
2024-07-16 14:15:00+00:00,4309.258686263722
2024-07-17 13:45:00+00:00,4295.769096259983
2024-07-17 17:30:00+00:00,4297.312393296695
2024-07-17 19:30:00+00:00,4270.599744848659
2024-07-17 23:30:00+00:00,4269.445263343801
2024-07-18 00:30:00+00:00,4270.8223296725
2024-07-18 00:45:00+00:00,4272.386748828188
2024-07-18 22:30:00+00:00,4261.223248804159
2024-07-19 14:15:00+00:00,4297.822652579028
2024-07-19 15:30:00+00:00,4333.7112872065245
2024-07-19 17:00:00+00:00,4335.2017751431185
2024-07-19 18:30:00+00:00,4336.916050360869
2024-07-20 19:15:00+00:00,4338.204475752792
2024-07-20 23:45:00+00:00,4338.337063844807
2024-07-21 02:30:00+00:00,4374.625523048672
2024-07-21 05:00:00+00:00,4360.999712840742
2024-07-21 14:45:00+00:00,4397.561783036514
2024-07-21 15:00:00+00:00,4433.863736099907
2024-07-21 15:45:00+00:00,4420.36997420453
2024-07-21 17:45:00+00:00,4407.181549347547
2024-07-22 13:00:00+00:00,4392.105864399883
2024-07-22 16:45:00+00:00,4392.640464498364
2024-07-22 18:00:00+00:00,4364.186934579473
2024-07-22 19:30:00+00:00,4335.641664521953
2024-07-23 00:15:00+00:00,4336.922983282542
2024-07-23 00:45:00+00:00,4337.720350609894
2024-07-23 04:30:00+00:00,4373.999445176913
2024-07-23 06:00:00+00:00,4375.203734580668
2024-07-23 06:15:00+00:00,4375.942458557216
2024-07-23 07:30:00+00:00,4362.403899836717
2024-07-23 08:00:00+00:00,4364.029975982733
2024-07-23 08:30:00+00:00,4350.453135210232
2024-07-23 13:45:00+00:00,4373.360525635339
2024-07-23 14:15:00+00:00,4373.997047363772
2024-07-23 14:30:00+00:00,4362.466262053635
2024-07-23 16:45:00+00:00,4399.194527924179
2024-07-23 21:00:00+00:00,4422.8175161054305
2024-07-23 23:45:00+00:00,4408.475774237291
2024-07-24 18:30:00+00:00,4395.064906428923
2024-07-24 19:45:00+00:00,4430.855624717327
2024-07-24 21:00:00+00:00,4466.969269736935
2024-07-25 01:00:00+00:00,4503.370784172257
2024-07-25 04:45:00+00:00,4540.760507913328
2024-07-25 09:15:00+00:00,4527.046082900272
2024-07-25 10:15:00+00:00,4524.655601501966
2024-07-25 11:00:00+00:00,4525.435880655788
2024-07-25 14:30:00+00:00,4526.2225626019535
2024-07-25 18:45:00+00:00,4562.926908440828
2024-07-26 10:15:00+00:00,4564.523503044034
2024-07-26 15:15:00+00:00,4600.794785683042
2024-07-26 19:00:00+00:00,4637.312912433265
2024-07-26 20:00:00+00:00,4638.557888476338
2024-07-27 14:15:00+00:00,4623.994052026098
2024-07-29 03:30:00+00:00,4609.35490563179
2024-07-29 12:00:00+00:00,4609.335995484158
2024-07-29 13:45:00+00:00,4610.220439665671
2024-07-29 17:00:00+00:00,4596.584966341721
2024-07-29 18:15:00+00:00,4582.914582269926
2024-07-29 23:15:00+00:00,4619.033560723192
2024-07-30 00:30:00+00:00,4613.762079754327
2024-07-30 01:00:00+00:00,4599.9874590027675
2024-07-30 02:15:00+00:00,4636.34554274482
2024-07-30 03:00:00+00:00,4637.411812208307
2024-07-30 03:30:00+00:00,4623.9003068009715
2024-07-30 07:00:00+00:00,4609.746808593915
2024-07-30 13:45:00+00:00,4596.611491695108
2024-07-30 15:00:00+00:00,4632.989453231215
2024-07-30 20:00:00+00:00,4619.712834915588
2024-07-30 21:45:00+00:00,4642.39927456996
2024-07-30 23:00:00+00:00,4628.969818159405
2024-07-31 00:45:00+00:00,4615.459101019667
2024-07-31 01:00:00+00:00,4616.033691065421
2024-07-31 03:30:00+00:00,4617.744665151653
2024-07-31 04:45:00+00:00,4604.471324013633
2024-07-31 15:15:00+00:00,4605.498642611975
2024-07-31 16:30:00+00:00,4607.218931646998
2024-08-01 11:30:00+00:00,4608.5577377895315
2024-08-01 12:45:00+00:00,4605.034665635163
2024-08-01 15:00:00+00:00,4641.540242347
2024-08-01 18:00:00+00:00,4678.150634579545
2024-08-01 20:45:00+00:00,4665.033725646495
2024-08-01 22:00:00+00:00,4651.754379100796
2024-08-02 01:00:00+00:00,4638.292331159338
2024-08-02 02:15:00+00:00,4624.7980947056685
2024-08-02 05:30:00+00:00,4597.608063508409
2024-08-02 05:45:00+00:00,4584.192416833824
2024-08-02 06:30:00+00:00,4570.695651007024
2024-08-02 12:30:00+00:00,4557.11339684118
2024-08-03 01:00:00+00:00,4593.936622264439
2024-08-03 15:45:00+00:00,4630.982529680662
2024-08-04 14:30:00+00:00,4667.313614533321
2024-08-04 17:00:00+00:00,4654.077479608158
2024-08-04 17:30:00+00:00,4640.91125947124
2024-08-04 20:00:00+00:00,4677.830609599382
2024-08-05 00:30:00+00:00,4664.691972914143
2024-08-05 01:00:00+00:00,4651.735113689193
2024-08-05 02:15:00+00:00,4639.004615462875
2024-08-05 05:00:00+00:00,4626.244385438574
2024-08-05 06:15:00+00:00,4613.544514895189
2024-08-05 11:15:00+00:00,4603.041143685336
2024-08-05 12:30:00+00:00,4605.314033646174
2024-08-05 14:00:00+00:00,4642.5306758562565
2024-08-05 14:15:00+00:00,4679.804571925968
2024-08-05 15:30:00+00:00,4716.9920743537
2024-08-05 23:45:00+00:00,4718.857453396408
2024-08-06 12:45:00+00:00,4720.65750553238
2024-08-06 20:15:00+00:00,4707.364784535385
2024-08-07 09:45:00+00:00,4708.7763228372005
2024-08-07 18:30:00+00:00,4710.998796571768
2024-08-07 20:30:00+00:00,4698.217244903051
2024-08-07 22:15:00+00:00,4700.493324067644
2024-08-08 00:15:00+00:00,4687.786825290516
2024-08-08 12:30:00+00:00,4674.5966017621595
2024-08-08 14:00:00+00:00,4713.425659378898
2024-08-08 22:45:00+00:00,4786.83860877919
2024-08-09 04:15:00+00:00,4823.502463634032
2024-08-09 09:30:00+00:00,4825.762164198077
2024-08-09 12:15:00+00:00,4827.247323788441
2024-08-09 14:00:00+00:00,4828.531208426871
2024-08-09 16:15:00+00:00,4830.214750988599
2024-08-09 19:30:00+00:00,4816.9590117468
2024-08-09 23:00:00+00:00,4803.687633052704
2024-08-11 01:45:00+00:00,4788.97289926458
2024-08-11 03:00:00+00:00,4824.735040363506
2024-08-11 03:45:00+00:00,4826.22514302577
2024-08-11 08:30:00+00:00,4811.6606046063725
2024-08-11 10:00:00+00:00,4798.195997168628
2024-08-11 16:45:00+00:00,4799.401556980267
2024-08-11 21:00:00+00:00,4835.673327441138
2024-08-11 22:00:00+00:00,4872.399766786265
2024-08-12 00:15:00+00:00,4858.946909955144
2024-08-12 00:30:00+00:00,4845.431110975401
2024-08-12 00:45:00+00:00,4832.077125317093
2024-08-12 07:30:00+00:00,4819.420211551435
2024-08-12 11:00:00+00:00,4805.689782567028
2024-08-12 13:30:00+00:00,4778.99271474831
2024-08-12 13:45:00+00:00,4815.2793540705325
2024-08-12 14:30:00+00:00,4838.378589571609
2024-08-12 23:00:00+00:00,4825.190218737413
2024-08-12 23:15:00+00:00,4861.962498166425
2024-08-13 05:00:00+00:00,4863.7203822280335
2024-08-13 09:30:00+00:00,4900.340771362755
2024-08-14 13:30:00+00:00,4886.743270658265
2024-08-14 21:30:00+00:00,4881.982833828867
2024-08-15 08:45:00+00:00,4882.506541554335
2024-08-15 17:45:00+00:00,4868.456852607447
2024-08-16 05:00:00+00:00,4862.648310149408
2024-08-16 07:30:00+00:00,4848.802666971604
2024-08-16 10:45:00+00:00,4885.155566377344
2024-08-16 11:45:00+00:00,4871.636353798265
2024-08-16 12:30:00+00:00,4858.252136474807
2024-08-16 13:15:00+00:00,4844.133326862172
2024-08-17 00:00:00+00:00,4866.892999394057
2024-08-17 03:45:00+00:00,4868.036402136893
2024-08-17 15:00:00+00:00,4902.886442132842
2024-08-17 20:00:00+00:00,4938.588782713205
2024-08-18 14:15:00+00:00,4939.301928831175
2024-08-18 15:30:00+00:00,4975.2915953349275
2024-08-18 18:45:00+00:00,4961.561455028695
2024-08-18 20:00:00+00:00,4947.734732983547
2024-08-18 23:00:00+00:00,4933.813988089523
2024-08-19 00:00:00+00:00,4969.911484090582
2024-08-19 09:45:00+00:00,4970.926422047292
2024-08-19 10:15:00+00:00,4956.884781544518
2024-08-19 11:15:00+00:00,4958.261858969059
2024-08-19 11:45:00+00:00,4943.706979294954
2024-08-19 13:00:00+00:00,4930.174314985864
2024-08-19 13:15:00+00:00,4916.053253014996
2024-08-19 14:15:00+00:00,4888.409840608051
2024-08-19 15:00:00+00:00,4874.3926716333535
2024-08-19 15:30:00+00:00,4875.751326203742
2024-08-19 16:30:00+00:00,4862.107560959872
2024-08-19 17:15:00+00:00,4848.195164093371
2024-08-19 18:30:00+00:00,4870.901084496802
2024-08-19 20:15:00+00:00,4857.596379816721
2024-08-20 00:15:00+00:00,4843.774849431585
2024-08-20 08:15:00+00:00,4838.188297696001
2024-08-20 13:30:00+00:00,4839.831923880842
2024-08-20 13:45:00+00:00,4840.937772156964
2024-08-20 16:15:00+00:00,4827.549387581615
2024-08-20 18:00:00+00:00,4813.903913557059
2024-08-20 18:15:00+00:00,4815.193761701387
2024-08-20 20:00:00+00:00,4787.868167558437
2024-08-20 22:00:00+00:00,4788.944210117178
2024-08-21 05:30:00+00:00,4791.30183955234
2024-08-21 06:00:00+00:00,4792.50982574924
2024-08-21 08:00:00+00:00,4793.979287472591
2024-08-21 14:15:00+00:00,4795.4872623826805
2024-08-21 14:45:00+00:00,4782.203294845122
2024-08-21 17:00:00+00:00,4768.818372208612
2024-08-21 20:45:00+00:00,4755.450196205756
2024-08-21 21:00:00+00:00,4741.796576984764
2024-08-22 20:45:00+00:00,4727.60094627045
2024-08-22 23:30:00+00:00,4713.371982430465
2024-08-23 01:30:00+00:00,4699.358950130305
2024-08-23 22:00:00+00:00,4735.851118973974
2024-08-24 09:45:00+00:00,4772.382109852468
2024-08-24 13:30:00+00:00,4758.969253736177
2024-08-24 17:45:00+00:00,4760.5523274585075
2024-08-25 00:00:00+00:00,4747.010072862674
2024-08-25 02:15:00+00:00,4733.5629179981415
2024-08-25 13:15:00+00:00,4719.92497715492
2024-08-26 03:45:00+00:00,4721.458968860965
2024-08-26 11:15:00+00:00,4722.7614315807705
2024-08-26 12:30:00+00:00,4758.389218127017
2024-08-26 16:45:00+00:00,4744.255482260863
2024-08-26 17:45:00+00:00,4780.332410818651
2024-08-26 18:00:00+00:00,4816.732732498503
2024-08-26 18:30:00+00:00,4803.0674477458515
2024-08-26 20:30:00+00:00,4804.142835566022
2024-08-26 21:45:00+00:00,4805.0912403048205
2024-08-27 01:15:00+00:00,4777.552101724293
2024-08-27 04:00:00+00:00,4778.406970522702
2024-08-27 05:15:00+00:00,4764.104567107425
2024-08-27 10:30:00+00:00,4799.708231716367
2024-08-27 11:15:00+00:00,4800.550120900793
2024-08-27 12:30:00+00:00,4836.462572935066
2024-08-27 12:45:00+00:00,4837.742708004187
2024-08-27 13:15:00+00:00,4824.105474723911
2024-08-27 14:00:00+00:00,4859.941262901359
2024-08-27 14:15:00+00:00,4846.319491519541
2024-08-27 15:30:00+00:00,4881.607366018849
2024-08-27 18:15:00+00:00,4867.418001042361
2024-08-27 20:00:00+00:00,4861.92365979643
2024-08-27 21:30:00+00:00,4897.635445773127
2024-08-27 21:45:00+00:00,4970.335388529831
2024-08-27 22:00:00+00:00,5006.828854063256
2024-08-27 22:15:00+00:00,5066.627317141965
2024-08-27 23:15:00+00:00,5040.275232430218
2024-08-27 23:30:00+00:00,5028.8064091033375
2024-08-28 03:45:00+00:00,5030.656784937765
2024-08-28 07:45:00+00:00,5067.148848593724
2024-08-28 08:30:00+00:00,5055.4765730695935
2024-08-28 09:15:00+00:00,5042.041334040269
2024-08-28 09:30:00+00:00,5043.7825672271965
2024-08-28 09:45:00+00:00,5016.818146782038
2024-08-28 15:00:00+00:00,5053.312761806396
2024-08-28 15:15:00+00:00,5090.019057992012
2024-08-28 16:00:00+00:00,5126.615773396969
2024-08-28 18:45:00+00:00,5128.207940171071
2024-08-29 06:30:00+00:00,5114.672310473908
2024-08-29 10:45:00+00:00,5100.7242100355115
2024-08-29 12:00:00+00:00,5098.307214894112
2024-08-29 16:15:00+00:00,5099.443592032045
2024-08-30 17:00:00+00:00,5085.916044772981
2024-08-30 17:15:00+00:00,5072.655269069055
2024-08-30 18:15:00+00:00,5045.7048921903415
2024-08-31 08:45:00+00:00,5030.567329688561
2024-08-31 12:15:00+00:00,5030.710350514415
2024-08-31 16:45:00+00:00,5015.958500501681
2024-09-01 02:00:00+00:00,5051.543971757316
2024-09-01 02:45:00+00:00,5037.62125242764
2024-09-01 05:30:00+00:00,5073.7728750177785
2024-09-01 06:00:00+00:00,5094.380413401799
2024-09-01 07:45:00+00:00,5080.353105540365
2024-09-01 08:00:00+00:00,5067.258499377892
2024-09-01 13:45:00+00:00,5102.956965662531
2024-09-01 14:00:00+00:00,5138.069804609688
2024-09-01 15:45:00+00:00,5124.2758610839055
2024-09-01 21:15:00+00:00,5110.788601024353
2024-09-02 08:00:00+00:00,5111.79379175893
2024-09-02 09:45:00+00:00,5098.186548723928
2024-09-02 11:15:00+00:00,5084.6483258042545
2024-09-02 14:00:00+00:00,5070.919847438575
2024-09-02 20:45:00+00:00,5106.975173565842
2024-09-03 19:15:00+00:00,5108.332809560936
2024-09-03 19:45:00+00:00,5094.621500012419
2024-09-04 00:00:00+00:00,5080.6734951511135
2024-09-04 01:00:00+00:00,5116.787506645923
2024-09-04 02:15:00+00:00,5103.514512617848
2024-09-04 03:15:00+00:00,5090.130613826027
2024-09-04 14:00:00+00:00,5091.418369780252
2024-09-05 13:30:00+00:00,5129.04309881158
2024-09-05 14:00:00+00:00,5115.541633060508
2024-09-05 15:00:00+00:00,5102.2065083550115
2024-09-05 17:45:00+00:00,5088.734394473222
2024-09-05 19:15:00+00:00,5075.476529105758
2024-09-06 08:15:00+00:00,5061.656367317891
2024-09-06 12:30:00+00:00,5047.842070290275
2024-09-06 15:30:00+00:00,5049.519498251954
2024-09-06 17:15:00+00:00,5051.145686597735
2024-09-06 20:30:00+00:00,5087.856828021855
2024-09-06 20:45:00+00:00,5124.641352810968
2024-09-06 21:00:00+00:00,5161.367784457997
2024-09-07 00:30:00+00:00,5148.305957756099
2024-09-07 00:45:00+00:00,5135.116106834531
2024-09-07 06:45:00+00:00,5121.038212494642
2024-09-07 08:30:00+00:00,5106.795589195492
2024-09-08 05:30:00+00:00,5092.933008476189
2024-09-08 09:30:00+00:00,5093.381546910007
2024-09-09 04:00:00+00:00,5079.83529571982
2024-09-09 10:30:00+00:00,5066.284153959977
2024-09-09 21:15:00+00:00,5102.488902902002
2024-09-09 23:00:00+00:00,5136.488949399817
2024-09-10 00:00:00+00:00,5122.606014796362
2024-09-10 07:15:00+00:00,5123.478698419977
2024-09-11 15:15:00+00:00,5109.42362323697
2024-09-11 15:30:00+00:00,5096.0681280889285
2024-09-11 16:45:00+00:00,5069.217938218164
2024-09-11 22:15:00+00:00,5055.518417196641
2024-09-11 22:45:00+00:00,5092.01520559259
2024-09-12 00:45:00+00:00,5093.634854599933
2024-09-12 01:45:00+00:00,5129.3922252166685
2024-09-12 02:15:00+00:00,5129.4560287178865
2024-09-12 08:30:00+00:00,5129.410942599654
2024-09-12 12:45:00+00:00,5113.695693750544
2024-09-12 15:30:00+00:00,5100.537600028262
2024-09-13 01:00:00+00:00,5101.924884179599
2024-09-13 07:00:00+00:00,5088.187462586934
2024-09-13 13:15:00+00:00,5089.234345868308
2024-09-13 14:30:00+00:00,5090.617955465347
2024-09-13 16:45:00+00:00,5091.850861443839
2024-09-13 20:15:00+00:00,5078.105598959576
2024-09-13 21:00:00+00:00,5114.5744293629605
2024-09-13 23:00:00+00:00,5100.806807987364
2024-09-14 06:00:00+00:00,5103.116650724077
2024-09-14 23:30:00+00:00,5103.403175245694
2024-09-15 14:15:00+00:00,5089.292292805421
2024-09-15 14:30:00+00:00,5089.870653759049
2024-09-15 18:45:00+00:00,5075.770284306876
2024-09-15 21:00:00+00:00,5111.750174329631
2024-09-15 22:00:00+00:00,5147.752365482801
2024-09-15 23:00:00+00:00,5183.749830289645
2024-09-16 01:30:00+00:00,5220.1431009779
2024-09-16 03:15:00+00:00,5221.6759393350585
2024-09-16 06:00:00+00:00,5207.157065341122
2024-09-16 07:45:00+00:00,5193.741516261941
2024-09-16 08:15:00+00:00,5179.203671262104
2024-09-16 13:30:00+00:00,5214.421714943159
2024-09-16 13:45:00+00:00,5200.033300363581
2024-09-16 16:30:00+00:00,5236.0652519425175
2024-09-16 17:45:00+00:00,5222.19240625201
2024-09-16 23:15:00+00:00,5224.827469485663
2024-09-16 23:45:00+00:00,5225.573414417265
2024-09-17 02:30:00+00:00,5226.234594264574
2024-09-18 11:00:00+00:00,5212.136365044475
2024-09-18 13:00:00+00:00,5197.97140717867
2024-09-18 15:15:00+00:00,5233.841857710929
2024-09-18 16:00:00+00:00,5220.152790156349
2024-09-18 17:30:00+00:00,5206.496685208827
2024-09-18 18:00:00+00:00,5192.895066708496
2024-09-19 01:15:00+00:00,5179.342864039708
2024-09-19 06:45:00+00:00,5165.747707776074
2024-09-19 07:00:00+00:00,5163.807784180406
2024-09-19 16:30:00+00:00,5200.312618210402
2024-09-20 13:00:00+00:00,5186.863673150581
2024-09-22 14:15:00+00:00,5187.661250403782
2024-09-22 16:30:00+00:00,5188.588429991319
2024-09-22 17:30:00+00:00,5190.5163384288435
2024-09-22 19:45:00+00:00,5164.5445321885545
2024-09-22 20:15:00+00:00,5165.565620896773
2024-09-22 21:45:00+00:00,5201.481651699772
2024-09-22 22:00:00+00:00,5237.529547083709
2024-09-22 22:30:00+00:00,5238.585933838342
2024-09-23 00:30:00+00:00,5198.751232718543
2024-09-23 00:45:00+00:00,5200.223827307944
2024-09-23 03:00:00+00:00,5188.178697608924
2024-09-23 04:15:00+00:00,5174.351359182801
2024-09-23 15:15:00+00:00,5175.724745985392
2024-09-23 15:30:00+00:00,5161.575517622037
2024-09-23 23:00:00+00:00,5160.361724196096
2024-09-24 06:15:00+00:00,5146.462506336699
2024-09-24 08:30:00+00:00,5132.064616292444
2024-09-24 14:00:00+00:00,5118.106661176627
2024-09-24 14:15:00+00:00,5153.740799537338
2024-09-24 16:30:00+00:00,5139.771343691957
2024-09-24 17:15:00+00:00,5125.686124980563
2024-09-24 22:00:00+00:00,5162.2933408853905
2024-09-24 23:15:00+00:00,5148.743046544008
2024-09-25 00:15:00+00:00,5149.331517853263
2024-09-25 04:15:00+00:00,5150.6954905175135
2024-09-25 07:15:00+00:00,5136.857296292474
2024-09-25 08:30:00+00:00,5122.598243486344
2024-09-25 11:30:00+00:00,5123.179138425607
2024-09-25 13:45:00+00:00,5123.458564033429
2024-09-25 15:15:00+00:00,5159.698182064179
2024-09-25 17:30:00+00:00,5195.319608911935
2024-09-25 19:00:00+00:00,5166.523935454691
2024-09-25 23:00:00+00:00,5167.463270732498
2024-09-26 00:45:00+00:00,5202.669821808742
2024-09-26 02:00:00+00:00,5203.403175298981
2024-09-26 07:00:00+00:00,5204.509181458146
2024-09-26 08:00:00+00:00,5240.618464902484
2024-09-26 14:00:00+00:00,5276.698944710192
2024-09-26 16:00:00+00:00,5313.3070702614
2024-09-26 17:30:00+00:00,5299.122074118508
2024-09-26 19:45:00+00:00,5286.82744878888
2024-09-26 23:15:00+00:00,5288.404377407812
2024-09-28 12:00:00+00:00,5290.036709405609
2024-09-28 16:00:00+00:00,5291.739174604291
2024-09-28 21:00:00+00:00,5278.218323309658
2024-09-29 07:45:00+00:00,5314.105882993706
2024-09-29 09:15:00+00:00,5300.158257954405
2024-09-29 11:30:00+00:00,5301.119079717943
2024-09-29 13:15:00+00:00,5301.937164066942
2024-09-29 13:45:00+00:00,5287.888797591627
2024-09-29 14:30:00+00:00,5273.91723378225
2024-09-29 15:00:00+00:00,5258.990205807281
2024-09-29 15:30:00+00:00,5244.926800647014
2024-09-29 16:00:00+00:00,5230.886178600641
2024-09-29 17:00:00+00:00,5216.893010463663
2024-09-29 19:45:00+00:00,5188.836736150985
2024-09-29 20:00:00+00:00,5174.98902061141
2024-09-29 21:00:00+00:00,5161.14368422959
2024-09-29 22:30:00+00:00,5162.336452606664
2024-09-30 01:45:00+00:00,5198.425456672208
2024-09-30 05:30:00+00:00,5200.051076953405
2024-09-30 06:00:00+00:00,5186.25714949159
2024-09-30 07:15:00+00:00,5172.6516387263755
2024-09-30 10:00:00+00:00,5208.565942424842
2024-09-30 12:45:00+00:00,5230.63737389178
2024-09-30 13:45:00+00:00,5252.980698830489
2024-09-30 14:30:00+00:00,5253.692683136174
2024-09-30 18:15:00+00:00,5289.17994071792
2024-09-30 20:15:00+00:00,5274.98356828228
2024-10-01 00:30:00+00:00,5249.428425561946
2024-10-01 00:45:00+00:00,5250.856810410397
2024-10-01 04:00:00+00:00,5238.28166647553
2024-10-01 14:45:00+00:00,5273.991402958987
2024-10-01 15:00:00+00:00,5310.15285876387
2024-10-01 15:30:00+00:00,5296.975647461784
2024-10-01 17:15:00+00:00,5333.7484398569195
2024-10-01 18:30:00+00:00,5357.519216363962
2024-10-01 18:45:00+00:00,5344.49341442465
2024-10-02 00:45:00+00:00,5343.347119451406
2024-10-02 02:45:00+00:00,5345.223055106475
2024-10-02 09:15:00+00:00,5331.619468506463
2024-10-02 13:30:00+00:00,5368.274709960731
2024-10-02 20:45:00+00:00,5355.09974045644
2024-10-03 02:00:00+00:00,5341.933891242952
2024-10-03 08:00:00+00:00,5378.433357634674
2024-10-03 13:15:00+00:00,5380.152621318264
2024-10-03 13:30:00+00:00,5381.719567708997
2024-10-03 14:00:00+00:00,5355.234146790184
2024-10-03 15:45:00+00:00,5356.9606678588825
2024-10-03 19:45:00+00:00,5343.874554333044
2024-10-03 21:15:00+00:00,5317.442240684988
2024-10-04 01:15:00+00:00,5303.774727043817
2024-10-04 02:30:00+00:00,5293.668254539435
2024-10-04 12:30:00+00:00,5279.818643779351
2024-10-04 13:00:00+00:00,5266.266856564231
2024-10-05 01:30:00+00:00,5264.25631813771
2024-10-05 02:30:00+00:00,5248.860092024321
2024-10-05 02:45:00+00:00,5236.402947030912
2024-10-05 19:45:00+00:00,5221.362137843506
2024-10-05 20:45:00+00:00,5206.131568195101
2024-10-05 21:00:00+00:00,5241.770725899886
2024-10-05 22:30:00+00:00,5227.56279830178
2024-10-06 01:15:00+00:00,5213.239436533798
2024-10-06 09:45:00+00:00,5213.774430208284
2024-10-06 23:15:00+00:00,5198.962650305474
2024-10-07 03:30:00+00:00,5184.921009423206
2024-10-07 04:00:00+00:00,5186.209631780693
2024-10-07 05:00:00+00:00,5172.070650819046
2024-10-07 05:30:00+00:00,5173.264153404479
2024-10-07 07:30:00+00:00,5159.182268329728
2024-10-07 09:00:00+00:00,5145.259273222302
2024-10-07 10:00:00+00:00,5180.770783552329
2024-10-07 11:30:00+00:00,5202.782805762983
2024-10-07 13:45:00+00:00,5189.009541160868
2024-10-07 14:00:00+00:00,5175.413899360781
2024-10-07 14:15:00+00:00,5161.722742559773
2024-10-07 15:00:00+00:00,5147.459110385716
2024-10-07 15:15:00+00:00,5133.365401759228
2024-10-07 15:30:00+00:00,5134.941088685348
2024-10-07 18:30:00+00:00,5120.911176734221
2024-10-07 19:15:00+00:00,5107.499015643045
2024-10-07 21:30:00+00:00,5094.158555422112
2024-10-07 23:00:00+00:00,5080.34594758237
2024-10-08 06:00:00+00:00,5116.972144964126
2024-10-08 06:30:00+00:00,5118.390516428267
2024-10-08 07:15:00+00:00,5154.762392005855
2024-10-08 13:45:00+00:00,5155.867232776552
2024-10-08 14:00:00+00:00,5146.078202390699
2024-10-08 14:15:00+00:00,5146.905741422335
2024-10-08 15:30:00+00:00,5132.949845722449
2024-10-08 16:30:00+00:00,5119.438134067037
2024-10-08 20:15:00+00:00,5105.976922118578
2024-10-09 00:15:00+00:00,5106.477594727894
2024-10-09 01:15:00+00:00,5092.419781779607
2024-10-09 12:30:00+00:00,5128.7651115638855
2024-10-09 13:00:00+00:00,5164.767473420368
2024-10-09 15:00:00+00:00,5150.707597662313
2024-10-09 20:45:00+00:00,5137.141548468204
2024-10-09 21:45:00+00:00,5123.05618573776
2024-10-09 23:00:00+00:00,5124.171712675342
2024-10-10 01:00:00+00:00,5125.434487812633
2024-10-10 01:30:00+00:00,5111.3943830619855
2024-10-10 06:15:00+00:00,5096.1093980610785
2024-10-10 19:00:00+00:00,5097.589531210316
2024-10-10 19:30:00+00:00,5083.816404489696
2024-10-10 21:45:00+00:00,5069.889149929725
2024-10-11 21:15:00+00:00,5055.692657165238
2024-10-12 00:00:00+00:00,5052.857621306413
2024-10-12 01:30:00+00:00,5039.028015442214
2024-10-12 02:30:00+00:00,5025.615782924303
2024-10-12 07:15:00+00:00,5025.927593000291
2024-10-12 09:15:00+00:00,5018.6839013385725
2024-10-12 19:15:00+00:00,5019.808664108252
2024-10-13 10:30:00+00:00,5019.823636217294
2024-10-13 15:15:00+00:00,5005.4673902451195
2024-10-13 15:45:00+00:00,4990.71248564571
2024-10-13 18:00:00+00:00,4991.690271169037
2024-10-14 03:15:00+00:00,5027.6832681823835
2024-10-14 05:00:00+00:00,5013.860487100245
2024-10-14 05:15:00+00:00,5000.227528002754
2024-10-14 05:30:00+00:00,4986.399059783637
2024-10-14 11:15:00+00:00,4987.5772001233745
2024-10-14 14:00:00+00:00,5023.696807946087
2024-10-14 14:15:00+00:00,5059.185385830503
2024-10-14 14:30:00+00:00,5095.301920435999
2024-10-14 14:45:00+00:00,5095.5079870927175
2024-10-14 15:30:00+00:00,5096.853918939138
2024-10-14 16:00:00+00:00,5082.845957707996
2024-10-14 16:15:00+00:00,5069.3847517730665
2024-10-14 21:15:00+00:00,5068.952875929909
2024-10-14 23:45:00+00:00,5065.830705008189
2024-10-15 01:30:00+00:00,5066.752335509365
2024-10-15 05:00:00+00:00,5052.982653209036
2024-10-15 10:45:00+00:00,5038.895426787777
2024-10-15 11:15:00+00:00,5040.1205304127
2024-10-15 12:30:00+00:00,5026.729139543528
2024-10-15 13:15:00+00:00,5028.191035695319
2024-10-15 13:30:00+00:00,5014.786610013779
2024-10-15 14:15:00+00:00,5001.443145316368
2024-10-15 15:15:00+00:00,5003.332596694973
2024-10-15 16:15:00+00:00,4990.3174803387865
2024-10-15 16:30:00+00:00,4977.242696531553
2024-10-15 18:45:00+00:00,4964.250229889247
2024-10-15 20:45:00+00:00,4966.0375116699815
2024-10-15 22:15:00+00:00,4952.679215279142
2024-10-15 23:30:00+00:00,4939.4653539103165
2024-10-16 02:00:00+00:00,4941.032053072428
2024-10-16 10:30:00+00:00,4942.891606325857
2024-10-16 23:30:00+00:00,4944.83503126123
2024-10-17 11:15:00+00:00,4931.0135246837035
2024-10-17 13:30:00+00:00,4917.269733861308
2024-10-17 19:45:00+00:00,4918.683205387582
2024-10-17 20:45:00+00:00,4905.032909547817
2024-10-18 01:15:00+00:00,4891.305196945041
2024-10-18 09:30:00+00:00,4892.284206035706
2024-10-18 12:30:00+00:00,4878.294225777712
2024-10-18 12:45:00+00:00,4863.648489061226
2024-10-18 14:15:00+00:00,4864.180066544022
2024-10-18 16:00:00+00:00,4865.170346322042
2024-10-18 19:30:00+00:00,4851.346993866158
2024-10-18 20:15:00+00:00,4852.028763634395
2024-10-19 02:45:00+00:00,4887.523412290635
2024-10-19 03:30:00+00:00,4873.526450400874
2024-10-19 10:15:00+00:00,4867.0019741544465
2024-10-20 14:00:00+00:00,4867.209211153542
2024-10-20 14:45:00+00:00,4867.378735583108
2024-10-20 16:00:00+00:00,4868.242987771495
2024-10-20 17:15:00+00:00,4854.609875558894
2024-10-20 20:45:00+00:00,4840.508214648223
2024-10-20 22:00:00+00:00,4876.07496264355
2024-10-21 11:30:00+00:00,4862.820259423027
2024-10-21 15:45:00+00:00,4863.435682805426
2024-10-21 17:00:00+00:00,4864.307768615348
2024-10-21 17:30:00+00:00,4850.089970794273
2024-10-21 19:00:00+00:00,4837.205935643781
2024-10-21 20:30:00+00:00,4823.544666749025
2024-10-22 00:30:00+00:00,4859.411251774733
2024-10-22 01:00:00+00:00,4860.049501722507
2024-10-22 01:30:00+00:00,4860.676224863715
2024-10-22 02:00:00+00:00,4846.4134647251885
2024-10-22 07:00:00+00:00,4832.4548759260615
2024-10-22 10:15:00+00:00,4832.8088544045695
2024-10-22 11:15:00+00:00,4819.08027061182
2024-10-22 12:00:00+00:00,4805.38332431207
2024-10-22 12:45:00+00:00,4792.131363857482
2024-10-22 14:00:00+00:00,4792.352008589702
2024-10-22 14:30:00+00:00,4791.909908612807
2024-10-22 14:45:00+00:00,4778.279356347066
2024-10-22 16:15:00+00:00,4765.097332142393
2024-10-22 16:45:00+00:00,4751.538163106185
2024-10-22 18:00:00+00:00,4753.31602240685
2024-10-23 00:00:00+00:00,4754.246444451212
2024-10-23 08:45:00+00:00,4790.415367447012
2024-10-23 10:15:00+00:00,4790.542733315142
2024-10-23 13:15:00+00:00,4791.966062470926
2024-10-23 13:45:00+00:00,4777.096878142282
2024-10-23 16:30:00+00:00,4812.182356005546
2024-10-23 16:45:00+00:00,4848.548620050723
2024-10-23 18:30:00+00:00,4849.335984940074
2024-10-23 18:45:00+00:00,4850.826696972199
2024-10-23 19:30:00+00:00,4836.715181528109
2024-10-23 19:45:00+00:00,4823.190385434468
2024-10-23 22:15:00+00:00,4824.899629144859
2024-10-23 23:45:00+00:00,4810.708454655172
2024-10-24 00:45:00+00:00,4797.09677583668
2024-10-24 09:00:00+00:00,4798.738743099418
2024-10-24 10:30:00+00:00,4784.947095594049
2024-10-24 13:15:00+00:00,4771.103639111681
2024-10-25 07:45:00+00:00,4755.814124700927
2024-10-25 18:00:00+00:00,4791.440473736699
2024-10-25 21:15:00+00:00,4793.059211923821
2024-10-25 23:00:00+00:00,4829.261624487785
2024-10-25 23:45:00+00:00,4867.477387545429
2024-10-26 00:30:00+00:00,4854.405757899042
2024-10-26 06:30:00+00:00,4841.32857750279
2024-10-26 14:45:00+00:00,4842.869098182843
2024-10-26 17:15:00+00:00,4828.769025320085
2024-10-27 22:00:00+00:00,4864.045593601954
2024-10-28 09:30:00+00:00,4848.815846583358
2024-10-28 12:00:00+00:00,4849.760329838961
2024-10-28 14:00:00+00:00,4834.781326592502
2024-10-28 14:30:00+00:00,4819.20757020233
2024-10-28 15:30:00+00:00,4804.82644000175
2024-10-28 15:45:00+00:00,4790.011401477398
2024-10-28 22:15:00+00:00,4789.92723872341
2024-10-29 02:00:00+00:00,4825.7983353932605
2024-10-29 02:30:00+00:00,4861.24177364925
2024-10-29 09:00:00+00:00,4858.734157999568
2024-10-29 11:45:00+00:00,4844.510573392658
2024-10-29 13:30:00+00:00,4829.879971959665
2024-10-29 15:45:00+00:00,4832.042840193164
2024-10-29 16:45:00+00:00,4818.187034465623
2024-10-29 20:15:00+00:00,4854.446138186442
2024-10-29 22:00:00+00:00,4840.936707197719
2024-10-30 09:00:00+00:00,4877.268010334293
2024-10-30 12:00:00+00:00,4913.093321426434
2024-10-30 13:45:00+00:00,4914.144780559287
2024-10-30 14:00:00+00:00,4950.378997981999
2024-10-30 16:30:00+00:00,4936.941878254861
2024-10-30 18:45:00+00:00,4973.264668663597
2024-10-30 20:00:00+00:00,4959.9089899638075
2024-10-30 20:45:00+00:00,4946.262920231556
2024-10-31 01:30:00+00:00,4947.746819332148
2024-10-31 04:45:00+00:00,4949.0187832352285
2024-10-31 08:15:00+00:00,4983.898913472711
2024-10-31 10:45:00+00:00,4955.046577330087
2024-10-31 12:00:00+00:00,4940.211125179455
2024-10-31 13:30:00+00:00,4926.269106669857
2024-10-31 13:45:00+00:00,4912.435886087681
2024-10-31 14:00:00+00:00,4947.574504479864
2024-10-31 15:45:00+00:00,4948.3512210791505
2024-10-31 18:00:00+00:00,4984.73392811399
2024-10-31 19:45:00+00:00,5020.238079790604
2024-10-31 21:30:00+00:00,5006.6558074951745
2024-10-31 21:45:00+00:00,4992.565152910434
2024-11-01 02:00:00+00:00,5028.405610705821
2024-11-01 03:15:00+00:00,5029.624695395159
2024-11-01 08:30:00+00:00,5031.20789937942
2024-11-01 08:45:00+00:00,5028.520946270649
2024-11-03 03:00:00+00:00,5015.345326249365
2024-11-03 09:30:00+00:00,5006.255021892859
2024-11-03 09:45:00+00:00,5007.623574337457
2024-11-03 16:00:00+00:00,5009.321111396352
2024-11-03 19:15:00+00:00,5011.238158081617
2024-11-03 20:30:00+00:00,5047.657298427224
2024-11-03 20:45:00+00:00,5034.500840289485
2024-11-03 21:00:00+00:00,5070.975919685198
2024-11-03 23:00:00+00:00,5057.286093621847
2024-11-04 00:30:00+00:00,5043.455970855849
2024-11-04 05:15:00+00:00,5044.886865709233
2024-11-04 14:00:00+00:00,5082.562290266743
2024-11-04 14:30:00+00:00,5082.910090935593
2024-11-04 17:30:00+00:00,5070.030806181722
2024-11-04 21:15:00+00:00,5106.148310500545
2024-11-04 21:45:00+00:00,5142.683564904227
2024-11-04 22:15:00+00:00,5143.706401903428
2024-11-04 22:45:00+00:00,5145.017376088966
2024-11-05 01:45:00+00:00,5130.704422009873
2024-11-05 03:45:00+00:00,5116.800767541094
2024-11-05 14:15:00+00:00,5088.582319698164
2024-11-05 16:30:00+00:00,5089.024229293139
2024-11-05 20:00:00+00:00,5074.687089490953
2024-11-06 00:15:00+00:00,5060.744149771681
2024-11-06 02:45:00+00:00,5097.439075193261
2024-11-06 03:00:00+00:00,5133.943206669839
2024-11-06 04:15:00+00:00,5170.484423027578
2024-11-06 06:15:00+00:00,5207.149656995703
2024-11-06 08:00:00+00:00,5209.02648864518
2024-11-06 08:15:00+00:00,5182.565958773725
2024-11-06 13:15:00+00:00,5184.357904556408
2024-11-06 14:45:00+00:00,5186.269706370962
2024-11-06 20:00:00+00:00,5222.681395831456
2024-11-06 23:30:00+00:00,5223.279692042639
2024-11-07 01:15:00+00:00,5259.642938450131
2024-11-07 01:30:00+00:00,5332.332485130194
2024-11-07 03:30:00+00:00,5333.464610310079
2024-11-08 08:30:00+00:00,5335.457301898425
2024-11-08 16:30:00+00:00,5322.488350736297
2024-11-09 04:00:00+00:00,5309.012468679572
2024-11-09 10:30:00+00:00,5295.534162683581
2024-11-09 23:00:00+00:00,5280.939194318664
2024-11-09 23:30:00+00:00,5267.340840597778
2024-11-09 23:45:00+00:00,5303.704884862432
2024-11-10 01:00:00+00:00,5289.606780450056
2024-11-10 04:15:00+00:00,5276.295480017147
2024-11-10 04:45:00+00:00,5262.140431751852
2024-11-10 10:30:00+00:00,5248.922299140972
2024-11-10 12:30:00+00:00,5235.540893398467
2024-11-10 13:00:00+00:00,5236.973265093122
2024-11-10 13:15:00+00:00,5237.749402472212
2024-11-10 13:45:00+00:00,5224.505167501166
2024-11-10 16:45:00+00:00,5226.232265605098
2024-11-10 18:45:00+00:00,5213.0560961859
2024-11-10 20:00:00+00:00,5249.898934555461
2024-11-10 21:30:00+00:00,5251.858825291573
2024-11-11 08:00:00+00:00,5238.45451436537
2024-11-11 08:30:00+00:00,5225.234418090483
2024-11-11 12:00:00+00:00,5211.866412753266
2024-11-11 20:00:00+00:00,5198.4388617491595
2024-11-11 21:00:00+00:00,5200.189163044534
2024-11-11 21:15:00+00:00,5186.802650619258
2024-11-11 22:45:00+00:00,5188.4426544025955
2024-11-12 01:00:00+00:00,5190.194801425781
2024-11-12 04:15:00+00:00,5192.010907642372
2024-11-12 06:30:00+00:00,5193.740164418912
2024-11-12 06:45:00+00:00,5180.383620327555
2024-11-12 07:15:00+00:00,5167.369256506505
2024-11-12 07:30:00+00:00,5154.669830712185
2024-11-12 08:45:00+00:00,5141.955077325327
2024-11-12 10:00:00+00:00,5178.485249778564
2024-11-12 10:15:00+00:00,5180.780009658242
2024-11-12 10:45:00+00:00,5217.656242579838
2024-11-12 14:45:00+00:00,5219.681935487604
2024-11-12 16:45:00+00:00,5209.0886669834745
2024-11-12 18:15:00+00:00,5195.863366878795
2024-11-12 18:30:00+00:00,5183.175777702944
2024-11-12 20:00:00+00:00,5220.379778790107
2024-11-12 20:45:00+00:00,5207.541013005611
2024-11-12 22:45:00+00:00,5209.835791249888
2024-11-12 23:15:00+00:00,5212.013474209584
2024-11-13 00:30:00+00:00,5188.386464975756
2024-11-13 08:00:00+00:00,5190.684162781693
2024-11-13 20:00:00+00:00,5227.5172130848405
2024-11-13 21:30:00+00:00,5229.608498358711
2024-11-13 23:30:00+00:00,5216.679697395323
2024-11-14 04:00:00+00:00,5203.273593143387
2024-11-14 04:45:00+00:00,5190.144820047944
2024-11-14 12:30:00+00:00,5191.8594616153705
2024-11-14 13:30:00+00:00,5193.583868685531
2024-11-14 14:30:00+00:00,5180.340292310787
2024-11-14 16:45:00+00:00,5181.975711454473
2024-11-15 00:00:00+00:00,5157.7337426444265
2024-11-15 05:30:00+00:00,5159.675766894474
2024-11-15 06:45:00+00:00,5146.536942299451
2024-11-15 08:00:00+00:00,5133.732812195215
2024-11-15 09:00:00+00:00,5135.4353137520875
2024-11-15 13:15:00+00:00,5109.405229200811
2024-11-15 14:45:00+00:00,5146.472414303978
2024-11-15 16:00:00+00:00,5147.730152329769
2024-11-15 16:15:00+00:00,5149.730583945272
2024-11-15 19:00:00+00:00,5136.815021116087
2024-11-15 20:15:00+00:00,5123.526197605581
2024-11-15 21:30:00+00:00,5120.609285405042
2024-11-16 06:15:00+00:00,5107.03670559145
2024-11-16 09:45:00+00:00,5093.42500019593
2024-11-17 11:45:00+00:00,5080.370088214534
2024-11-18 00:30:00+00:00,5066.9960250863105
2024-11-18 01:15:00+00:00,5053.85909383903
2024-11-18 01:45:00+00:00,5040.520108025207
2024-11-18 06:00:00+00:00,5077.305716667636
2024-11-18 06:30:00+00:00,5064.100926095819
2024-11-18 06:45:00+00:00,5050.8583820373115
2024-11-18 08:45:00+00:00,5037.668765776006
2024-11-18 09:30:00+00:00,5024.2672083773305
2024-11-18 12:30:00+00:00,5010.430126737226
2024-11-18 13:30:00+00:00,5011.583677039741
2024-11-18 15:30:00+00:00,4998.424929581665
2024-11-18 17:15:00+00:00,4972.3995270234245
2024-11-18 21:30:00+00:00,4959.408807491289
2024-11-19 08:15:00+00:00,4961.14633142096
2024-11-19 12:30:00+00:00,4947.810772585935
2024-11-19 13:30:00+00:00,4934.655228896348
2024-11-19 18:45:00+00:00,4921.407275230865
2024-11-19 20:15:00+00:00,4924.641501206789
2024-11-20 01:30:00+00:00,4926.602285645321
2024-11-20 03:15:00+00:00,4913.618840851702
2024-11-20 05:15:00+00:00,4915.392485333967
2024-11-20 07:30:00+00:00,4902.020082797688
2024-11-20 08:30:00+00:00,4939.01357178324
2024-11-20 12:00:00+00:00,4941.012135823685
2024-11-20 12:45:00+00:00,4928.070857954427
2024-11-20 21:30:00+00:00,4915.01582787908
2024-11-21 02:00:00+00:00,4901.72170587863
2024-11-21 03:15:00+00:00,4888.598297787717
2024-11-21 10:15:00+00:00,4875.528161110986
2024-11-21 14:30:00+00:00,4862.434825977248
2024-11-21 15:00:00+00:00,4836.1000852276
2024-11-21 20:45:00+00:00,4838.062180382605
2024-11-22 01:30:00+00:00,4875.106733563633
2024-11-22 02:30:00+00:00,4877.274797505061
2024-11-22 07:15:00+00:00,4879.470705287009
2024-11-22 12:30:00+00:00,4916.5886129383
2024-11-22 13:00:00+00:00,4903.686980915144
2024-11-23 09:45:00+00:00,4905.192464648088
2024-11-23 12:30:00+00:00,4942.29539355369
2024-11-23 15:15:00+00:00,4979.449139419422
2024-11-23 15:30:00+00:00,4966.199248130285
2024-11-23 16:00:00+00:00,4967.772393528249
2024-11-23 16:15:00+00:00,5004.591990042053
2024-11-23 21:00:00+00:00,5008.902105888673
2024-11-23 21:15:00+00:00,5010.93261200758
2024-11-23 22:00:00+00:00,4998.026801142582
2024-11-23 23:00:00+00:00,4999.6858024511
2024-11-24 00:15:00+00:00,4986.751594871598
2024-11-24 00:30:00+00:00,4973.999664431969
2024-11-24 02:30:00+00:00,4960.953504633945
2024-11-24 06:00:00+00:00,4947.779688042976
2024-11-24 10:15:00+00:00,4934.412139430167
2024-11-24 11:45:00+00:00,4971.24767237917
2024-11-24 13:15:00+00:00,4973.209556233313
2024-11-25 11:30:00+00:00,4974.46196286617
2024-11-25 13:00:00+00:00,4961.372768451848
2024-11-25 14:30:00+00:00,4962.79364318537
2024-11-25 14:45:00+00:00,4949.788601170789
2024-11-25 15:15:00+00:00,4951.445805919667
2024-11-25 15:45:00+00:00,4924.37390129917
2024-11-25 17:00:00+00:00,4898.331938054115
2024-11-25 21:45:00+00:00,4934.652742426606
2024-11-25 22:45:00+00:00,4936.054583217314
2024-11-25 23:00:00+00:00,4937.83543762528
2024-11-26 00:15:00+00:00,4939.3678472358
2024-11-26 01:30:00+00:00,4913.417795616286
2024-11-26 07:00:00+00:00,4909.7493908382085
2024-11-26 08:15:00+00:00,4946.673569234208
2024-11-26 11:45:00+00:00,4948.6388303670365
2024-11-26 12:00:00+00:00,4950.577479539233
2024-11-26 12:15:00+00:00,4952.610016131241
2024-11-26 20:00:00+00:00,4939.276683862377
2024-11-27 21:00:00+00:00,4975.692790001615
2024-11-28 16:30:00+00:00,4962.472934910564
2024-11-29 07:15:00+00:00,4999.404463301657
2024-11-29 12:15:00+00:00,5000.370135320662
2024-11-29 13:15:00+00:00,5037.260848184269
2024-11-29 15:30:00+00:00,5040.22359395158
2024-11-29 16:15:00+00:00,5042.193607422451
2024-11-29 23:15:00+00:00,5028.847451914661
2024-11-30 00:00:00+00:00,5030.674408092054
2024-11-30 17:00:00+00:00,5029.906974341809
2024-11-30 19:00:00+00:00,5030.565870250672
2024-12-01 01:15:00+00:00,5067.06603774908
2024-12-01 08:15:00+00:00,5053.153460148715
2024-12-01 11:15:00+00:00,5056.088641545276
2024-12-01 14:45:00+00:00,5042.350119094498
2024-12-01 15:30:00+00:00,5028.581703312589
2024-12-01 16:45:00+00:00,5015.26009561932
2024-12-02 01:45:00+00:00,5001.644094657299
2024-12-02 03:45:00+00:00,5038.16682084254
2024-12-02 08:15:00+00:00,5025.197033704425
2024-12-02 08:30:00+00:00,5049.3612702663795
2024-12-02 09:45:00+00:00,5051.071892885056
2024-12-02 13:15:00+00:00,5036.7557688767465
2024-12-02 14:00:00+00:00,5010.443128238225
2024-12-02 14:30:00+00:00,4996.059436856983
2024-12-02 15:15:00+00:00,4968.747805329786
2024-12-02 15:45:00+00:00,5005.942803223976
2024-12-02 17:15:00+00:00,5008.132953105109
2024-12-02 17:30:00+00:00,5044.761211372852
2024-12-02 18:30:00+00:00,5031.870584238866
2024-12-02 20:00:00+00:00,5018.554771960792
2024-12-02 20:15:00+00:00,5055.752653589241
2024-12-02 21:30:00+00:00,5057.972360572566
2024-12-02 22:15:00+00:00,5059.576714132415
2024-12-03 02:30:00+00:00,5046.851685001691
2024-12-03 07:45:00+00:00,5048.985497625979
2024-12-03 08:45:00+00:00,5036.159653542287
2024-12-03 11:15:00+00:00,5038.316962720014
2024-12-03 11:45:00+00:00,5040.419606192451
2024-12-03 13:45:00+00:00,5075.614250147347
2024-12-03 14:30:00+00:00,5186.776898477916
2024-12-03 14:45:00+00:00,5175.14785530909
2024-12-03 21:00:00+00:00,5162.448327762888
2024-12-03 21:15:00+00:00,5149.776515503345
2024-12-03 21:30:00+00:00,5139.188810947068
2024-12-03 22:45:00+00:00,5176.02800210819
2024-12-04 00:30:00+00:00,5162.995960434473
2024-12-04 01:30:00+00:00,5150.044151790935
2024-12-04 03:45:00+00:00,5141.865742764338
2024-12-04 05:15:00+00:00,5128.898452183164
2024-12-04 09:45:00+00:00,5165.86627505971
2024-12-04 17:45:00+00:00,5151.85781857172
2024-12-04 18:00:00+00:00,5139.019384108606
2024-12-04 19:15:00+00:00,5125.024771543746
2024-12-04 22:00:00+00:00,5127.2066812267385
2024-12-05 01:00:00+00:00,5113.3678882133845
2024-12-05 02:30:00+00:00,5149.413164706237
2024-12-05 06:15:00+00:00,5153.13613127116
2024-12-05 07:15:00+00:00,5140.366585981275
2024-12-07 04:15:00+00:00,5127.256121334114
2024-12-07 21:15:00+00:00,5114.019074549767
2024-12-08 04:15:00+00:00,5100.869472055479
2024-12-09 09:00:00+00:00,5137.523628203804
2024-12-09 12:45:00+00:00,5138.36859764963
2024-12-09 15:15:00+00:00,5125.2660249926685
2024-12-09 20:00:00+00:00,5112.234103757142
2024-12-09 21:00:00+00:00,5148.627285442578
2024-12-09 22:00:00+00:00,5135.872066217546
2024-12-09 22:15:00+00:00,5110.372822671569
2024-12-10 03:15:00+00:00,5097.665819944924
2024-12-10 04:45:00+00:00,5099.706419305491
2024-12-10 05:15:00+00:00,5100.757887828358
2024-12-10 12:00:00+00:00,5087.789779290901
2024-12-10 12:15:00+00:00,5088.388895972437
2024-12-11 13:30:00+00:00,5125.09362972857
2024-12-11 14:00:00+00:00,5112.028559606769
2024-12-11 16:30:00+00:00,5114.930941784715
2024-12-11 17:45:00+00:00,5100.9326457682455
2024-12-11 22:00:00+00:00,5098.180314387819
2024-12-12 06:15:00+00:00,5100.27235557707
2024-12-12 09:45:00+00:00,5087.374904064299
2024-12-12 16:00:00+00:00,5123.440446976843
2024-12-13 02:45:00+00:00,5110.587672980508
2024-12-13 16:45:00+00:00,5097.409070064439
2024-12-13 22:30:00+00:00,5084.298819598249
2024-12-14 06:45:00+00:00,5085.7549447588335
2024-12-14 13:15:00+00:00,5121.509263118366
2024-12-14 14:15:00+00:00,5144.481567050975
2024-12-14 18:30:00+00:00,5182.12753060314
2024-12-14 19:45:00+00:00,5183.71424895932
2024-12-14 20:00:00+00:00,5170.258414808131
2024-12-14 22:45:00+00:00,5156.666440844493
2024-12-15 01:45:00+00:00,5142.425974817857
2024-12-15 04:15:00+00:00,5145.5115894272285
2024-12-15 09:00:00+00:00,5131.063195747461
2024-12-15 10:00:00+00:00,5116.50765856795
2024-12-15 15:30:00+00:00,5103.3873629505415
2024-12-15 20:30:00+00:00,5090.221115179606
2024-12-16 11:45:00+00:00,5126.734279158184
2024-12-16 13:15:00+00:00,5113.105056612529
2024-12-16 18:45:00+00:00,5114.228817914119
2024-12-16 20:45:00+00:00,5101.11214520552
2024-12-17 01:15:00+00:00,5102.561202691811
2024-12-17 01:30:00+00:00,5100.929073541838
2024-12-17 07:30:00+00:00,5100.343897568958
2024-12-17 10:30:00+00:00,5136.995001834241
2024-12-17 12:00:00+00:00,5138.82142193991
2024-12-17 14:15:00+00:00,5126.924413677976
2024-12-17 14:30:00+00:00,5113.897457999786
2024-12-17 15:00:00+00:00,5100.120121573532
2024-12-17 15:15:00+00:00,5087.109793002083
2024-12-17 16:00:00+00:00,5123.813313233153
2024-12-18 00:00:00+00:00,5110.283884755854
2024-12-18 02:00:00+00:00,5111.725514319997
2024-12-18 04:15:00+00:00,5098.483075955342
2024-12-18 09:15:00+00:00,5099.947824253085
2024-12-18 11:15:00+00:00,5100.893420751983
2024-12-18 12:15:00+00:00,5086.242690831476
2024-12-18 12:30:00+00:00,5088.017974864133
2024-12-18 20:00:00+00:00,5124.854719763191
2024-12-18 20:45:00+00:00,5126.38967190106
2024-12-19 02:45:00+00:00,5128.145689686379
2024-12-19 03:00:00+00:00,5130.239655113408
2024-12-19 03:15:00+00:00,5131.917046146369
2024-12-19 10:00:00+00:00,5122.0447896560945
2024-12-19 17:15:00+00:00,5109.0735702964685
2024-12-19 18:15:00+00:00,5145.624707639361
2024-12-19 20:00:00+00:00,5119.9450426042395
2024-12-19 20:30:00+00:00,5121.766792743129
2024-12-20 05:45:00+00:00,5108.770502208528
2024-12-20 06:45:00+00:00,5097.853633019202
2024-12-20 08:00:00+00:00,5084.816582716746
2024-12-20 11:45:00+00:00,5071.994171969209
2024-12-20 13:30:00+00:00,5109.247316402812
2024-12-20 14:30:00+00:00,5146.425643946328
2024-12-20 19:30:00+00:00,5183.616040993776
2024-12-21 05:30:00+00:00,5220.857009703271
2024-12-21 05:45:00+00:00,5257.953208923268
2024-12-21 07:00:00+00:00,5294.872964709788
2024-12-22 21:00:00+00:00,5296.60115791081
2024-12-23 03:00:00+00:00,5283.462703949297
2024-12-23 08:45:00+00:00,5285.369161918643
2024-12-23 14:30:00+00:00,5271.499833035017
2024-12-23 16:45:00+00:00,5272.737855864639
2024-12-23 21:15:00+00:00,5246.066432191033
2024-12-23 22:15:00+00:00,5232.381785452573
2024-12-24 01:30:00+00:00,5219.4164790983705
2024-12-24 05:15:00+00:00,5220.713014519091
2024-12-24 09:00:00+00:00,5207.421010994969
2024-12-24 16:00:00+00:00,5194.155531822032
2024-12-24 18:15:00+00:00,5195.449815661632
2024-12-24 20:00:00+00:00,5181.893277653727
2024-12-25 01:30:00+00:00,5183.319361225354
2024-12-25 05:00:00+00:00,5169.985524740691
2024-12-25 09:45:00+00:00,5156.376858836597
2024-12-25 10:00:00+00:00,5142.989264734517
2024-12-25 10:15:00+00:00,5179.375978671869
2024-12-25 14:00:00+00:00,5166.06932630411
2024-12-25 19:45:00+00:00,5164.8151494874255
2024-12-26 00:00:00+00:00,5151.41935829072
2024-12-26 08:00:00+00:00,5137.721240654517
2024-12-26 08:15:00+00:00,5174.13030972069
2024-12-26 08:45:00+00:00,5197.167091660324
2024-12-26 11:30:00+00:00,5183.792201264841
2024-12-26 14:00:00+00:00,5185.290808347787
2024-12-26 15:30:00+00:00,5184.689704871243
2024-12-26 16:45:00+00:00,5171.244619529349
2024-12-26 21:15:00+00:00,5157.757140371305
2024-12-27 00:00:00+00:00,5159.219353165091
2024-12-27 09:00:00+00:00,5145.790373698741
2024-12-27 17:30:00+00:00,5132.53557352383
2024-12-28 14:15:00+00:00,5121.062368088535
2024-12-29 22:30:00+00:00,5107.399335236227
2024-12-30 00:15:00+00:00,5093.8950755327605
2024-12-30 15:00:00+00:00,5095.630526922219
2024-12-30 17:30:00+00:00,5081.63352684393
2024-12-31 06:00:00+00:00,5041.6698880136955
2024-12-31 08:15:00+00:00,5028.141897414963
2024-12-31 17:30:00+00:00,5016.385332808121
2025-01-01 00:45:00+00:00,5017.507753221464
2025-01-01 08:15:00+00:00,5003.774164235748
2025-01-01 16:15:00+00:00,5040.327197026147
2025-01-01 17:15:00+00:00,5027.118552129204
2025-01-02 00:00:00+00:00,5063.903980305081
2025-01-02 04:30:00+00:00,5050.422657660887
2025-01-02 12:30:00+00:00,5051.943477518941
2025-01-02 14:00:00+00:00,5037.012182931549
2025-01-02 14:30:00+00:00,5059.97710168293
2025-01-02 14:45:00+00:00,5059.737074879386
2025-01-02 15:15:00+00:00,5059.8461778257915
2025-01-02 17:30:00+00:00,5046.595806512591
2025-01-03 02:00:00+00:00,5032.751061892878
2025-01-03 06:00:00+00:00,5019.098954205764
2025-01-03 12:30:00+00:00,5055.987156488898
2025-01-03 13:15:00+00:00,5042.909504394156
2025-01-03 15:00:00+00:00,5079.494511562898
2025-01-05 04:45:00+00:00,5080.810189451781
2025-01-05 10:30:00+00:00,5081.96288869327
2025-01-05 12:15:00+00:00,5068.242329053434
2025-01-05 13:30:00+00:00,5054.403774689346
2025-01-05 14:30:00+00:00,5055.493869469037
2025-01-05 15:00:00+00:00,5040.215934692411
2025-01-05 18:30:00+00:00,5026.473465237184
2025-01-05 20:15:00+00:00,5010.770361576882
2025-01-06 07:00:00+00:00,4995.707977142454
2025-01-06 10:00:00+00:00,4980.745917422456
2025-01-06 13:00:00+00:00,4967.303784523003
2025-01-06 14:15:00+00:00,4953.8871990215275
2025-01-06 17:15:00+00:00,4940.718679434191
2025-01-06 17:30:00+00:00,4941.7934405363885
2025-01-06 22:00:00+00:00,4942.635022912733
2025-01-06 23:15:00+00:00,4928.550961525046
2025-01-07 00:45:00+00:00,4929.676511895877
2025-01-07 08:30:00+00:00,4965.84918560646
2025-01-07 09:30:00+00:00,4952.329010615609
2025-01-07 11:45:00+00:00,4938.940936419895
2025-01-07 14:45:00+00:00,4973.934931871402
2025-01-07 15:00:00+00:00,5032.265310339759
2025-01-07 15:30:00+00:00,5068.825996888358
2025-01-07 15:45:00+00:00,5070.312676173142
2025-01-07 16:15:00+00:00,5059.205038872343
2025-01-07 16:30:00+00:00,5061.031881554755
2025-01-08 01:45:00+00:00,5097.716308354092
2025-01-08 06:30:00+00:00,5134.824799878172
2025-01-08 06:45:00+00:00,5171.670189522085
2025-01-08 14:15:00+00:00,5173.129472802017
2025-01-08 15:00:00+00:00,5160.062909425709
2025-01-09 02:00:00+00:00,5146.8379720687935
2025-01-09 21:00:00+00:00,5133.152627994741
2025-01-11 02:15:00+00:00,5127.420646969245
2025-01-11 11:30:00+00:00,5163.17178294174
2025-01-11 12:00:00+00:00,5149.446736387532
2025-01-11 13:00:00+00:00,5135.864110326545
2025-01-11 17:00:00+00:00,5122.457610059696
2025-01-11 20:45:00+00:00,5159.159061330266
2025-01-12 00:15:00+00:00,5145.984158298182
2025-01-12 15:15:00+00:00,5147.1299554393845
2025-01-12 18:30:00+00:00,5148.214436688917
2025-01-13 00:45:00+00:00,5149.525895387698
2025-01-13 07:15:00+00:00,5150.189650410081
2025-01-13 09:15:00+00:00,5185.845846726019
2025-01-13 09:30:00+00:00,5259.222882963895
2025-01-13 10:15:00+00:00,5245.908457220858
2025-01-13 11:30:00+00:00,5232.644880190484
2025-01-13 13:15:00+00:00,5233.562601392466
2025-01-13 14:30:00+00:00,5269.8316707693675
2025-01-13 15:15:00+00:00,5258.198325237865
2025-01-13 16:45:00+00:00,5232.008474397547
2025-01-13 18:15:00+00:00,5218.952162619745
2025-01-13 19:45:00+00:00,5220.600753722607
2025-01-13 20:30:00+00:00,5222.4837923303985
2025-01-14 09:15:00+00:00,5257.789715949832
2025-01-14 09:45:00+00:00,5294.428754764701
2025-01-14 10:30:00+00:00,5280.258801901708
2025-01-14 11:45:00+00:00,5266.467223650818
2025-01-14 12:00:00+00:00,5252.9565708848195
2025-01-14 12:15:00+00:00,5238.704204757424
2025-01-14 14:00:00+00:00,5239.285037479407
2025-01-14 15:45:00+00:00,5240.379528225319
2025-01-14 18:00:00+00:00,5276.793833316271
2025-01-15 09:45:00+00:00,5278.265813017328
2025-01-15 20:00:00+00:00,5314.7636498771535
2025-01-15 20:15:00+00:00,5350.95368137285
2025-01-15 23:00:00+00:00,5337.46354059799
2025-01-16 00:15:00+00:00,5338.890137617765
2025-01-16 00:30:00+00:00,5325.257104234519
2025-01-16 03:15:00+00:00,5311.6277989717555
2025-01-16 08:45:00+00:00,5348.017049101459
2025-01-16 11:00:00+00:00,5321.050423082947
2025-01-16 11:45:00+00:00,5307.507150661184
2025-01-16 13:00:00+00:00,5309.30466703127
2025-01-16 14:30:00+00:00,5296.294541768879
2025-01-17 00:15:00+00:00,5282.960957120367
2025-01-17 01:30:00+00:00,5269.773448879684
2025-01-17 02:00:00+00:00,5293.329478895943
2025-01-17 08:15:00+00:00,5329.717307092858
2025-01-17 09:30:00+00:00,5316.543610503598
2025-01-17 13:30:00+00:00,5303.438092777687
2025-01-17 14:00:00+00:00,5304.786415966817
2025-01-17 15:00:00+00:00,5291.352387218473
2025-01-18 06:15:00+00:00,5293.0378897824585
2025-01-18 08:30:00+00:00,5294.913160314345
2025-01-18 11:30:00+00:00,5296.95230642844
2025-01-18 11:45:00+00:00,5298.747290568071
2025-01-18 13:45:00+00:00,5300.541904672593
2025-01-18 15:45:00+00:00,5337.498807581285
2025-01-18 16:15:00+00:00,5324.617069459313
2025-01-19 01:15:00+00:00,5311.038747080962
2025-01-19 08:00:00+00:00,5347.694799991238
2025-01-19 09:45:00+00:00,5348.480023355594
2025-01-19 11:45:00+00:00,5387.1912731206685
2025-01-19 12:30:00+00:00,5388.433183854127
2025-01-19 13:00:00+00:00,5390.375565308796
2025-01-19 13:45:00+00:00,5377.301316295453
2025-01-19 14:30:00+00:00,5351.326816437407
2025-01-19 23:30:00+00:00,5338.498748594525
2025-01-20 02:00:00+00:00,5340.28607039276
2025-01-20 02:15:00+00:00,5327.457171201462
2025-01-20 02:30:00+00:00,5329.547274646739
2025-01-20 06:30:00+00:00,5316.348472152963
2025-01-20 07:00:00+00:00,5353.33588195843
2025-01-20 09:30:00+00:00,5340.471532212752
2025-01-20 10:45:00+00:00,5327.5898825074055
2025-01-21 02:00:00+00:00,5314.451712935526
2025-01-21 08:45:00+00:00,5315.879879852845
2025-01-21 22:30:00+00:00,5314.631008922299
2025-01-22 06:15:00+00:00,5299.938403932572
2025-01-22 13:30:00+00:00,5286.317756263728
2025-01-23 13:45:00+00:00,5287.998913643645
2025-01-24 11:30:00+00:00,5285.600008502481
2025-01-24 15:15:00+00:00,5272.229334305712
2025-01-24 20:30:00+00:00,5273.842488329648
2025-01-24 22:00:00+00:00,5275.515996923418
2025-01-25 23:15:00+00:00,5277.072941018004
2025-01-26 09:30:00+00:00,5277.851418985458
2025-01-26 23:15:00+00:00,5313.8419935856855
2025-01-27 00:00:00+00:00,5314.99716716968
2025-01-27 02:00:00+00:00,5351.584448427251
2025-01-27 03:15:00+00:00,5411.487158845394
2025-01-27 06:30:00+00:00,5447.5948314465695
2025-01-27 07:15:00+00:00,5521.1599789635375
2025-01-27 07:30:00+00:00,5559.210563223094
2025-01-27 09:00:00+00:00,5561.162931556855
2025-01-27 12:45:00+00:00,5539.291709770757
2025-01-27 13:00:00+00:00,5526.402123507803
2025-01-27 14:45:00+00:00,5527.845328610197
2025-01-27 18:30:00+00:00,5514.090593452391
2025-01-27 21:30:00+00:00,5515.882124417916
2025-01-28 00:00:00+00:00,5551.84769945161
2025-01-28 06:45:00+00:00,5549.630717608527
2025-01-30 13:30:00+00:00,5585.396040243965
2025-01-30 14:30:00+00:00,5571.467190167023
2025-01-30 20:30:00+00:00,5557.689591768474
2025-01-31 19:30:00+00:00,5544.339117727541
2025-01-31 21:15:00+00:00,5531.035250968609
2025-01-31 21:45:00+00:00,5517.223054321516
2025-02-01 01:15:00+00:00,5503.873672183661
2025-02-01 07:00:00+00:00,5502.7944510346715
2025-02-01 07:45:00+00:00,5489.392943473835
2025-02-01 13:30:00+00:00,5491.020829025393
2025-02-01 17:15:00+00:00,5477.072555747203
2025-02-01 22:15:00+00:00,5513.712816019702
2025-02-01 23:00:00+00:00,5550.237575175156
2025-02-01 23:45:00+00:00,5551.854097483886
2025-02-02 00:30:00+00:00,5540.193920750092
2025-02-02 06:15:00+00:00,5527.049824666074
2025-02-02 12:45:00+00:00,5563.840431423842
2025-02-02 13:00:00+00:00,5550.6355359858
2025-02-02 13:45:00+00:00,5537.453572835444
2025-02-02 14:00:00+00:00,5511.010546289632
2025-02-02 16:30:00+00:00,5547.708195048915
2025-02-02 16:45:00+00:00,5584.532111355151
2025-02-02 17:30:00+00:00,5586.457801943935
2025-02-02 19:00:00+00:00,5660.406395160917
2025-02-02 23:45:00+00:00,5662.619903266285
2025-02-03 02:00:00+00:00,5649.83789773534
2025-02-03 15:15:00+00:00,5674.531503130571
2025-02-03 19:00:00+00:00,5711.8713121483925
2025-02-03 19:45:00+00:00,5749.210210620267
2025-02-06 07:45:00+00:00,5735.725668886899
2025-02-06 09:00:00+00:00,5722.19112942577
2025-02-06 11:30:00+00:00,5708.729873847855
2025-02-06 12:15:00+00:00,5695.292581749624
2025-02-06 14:15:00+00:00,5681.917755256397
2025-02-06 19:00:00+00:00,5683.687932885074
2025-02-06 19:15:00+00:00,5685.525915261319
2025-02-07 15:15:00+00:00,5672.520149534259
2025-02-08 14:45:00+00:00,5708.476195430791
2025-02-08 15:30:00+00:00,5694.927758472387
2025-02-08 16:45:00+00:00,5731.343772844982
2025-02-08 20:30:00+00:00,5767.877574820897
2025-02-08 21:45:00+00:00,5754.426334269836
2025-02-08 23:45:00+00:00,5740.888032820168
2025-02-09 03:00:00+00:00,5742.228074212551
2025-02-09 03:45:00+00:00,5778.407670300821
2025-02-09 08:30:00+00:00,5801.188689638694
2025-02-09 13:15:00+00:00,5837.6502522113415
2025-02-09 15:00:00+00:00,5824.129205774642
2025-02-09 21:30:00+00:00,5860.675616840024
2025-02-10 03:00:00+00:00,5847.596879637017
2025-02-10 21:45:00+00:00,5848.957040385284
2025-02-11 10:00:00+00:00,5835.016232200131
2025-02-11 12:15:00+00:00,5833.884989308888
2025-02-11 18:45:00+00:00,5870.617074459452
2025-02-11 20:30:00+00:00,5857.337892226189
2025-02-11 21:15:00+00:00,5843.933718484767
2025-02-11 21:30:00+00:00,5829.508557148856
2025-02-11 22:15:00+00:00,5816.284262070036
2025-02-12 08:00:00+00:00,5816.9860745999185
2025-02-12 11:15:00+00:00,5818.409645953457
2025-02-12 14:45:00+00:00,5814.609777085712
2025-02-12 16:45:00+00:00,5801.463347490933
2025-02-12 20:15:00+00:00,5788.267072070221
2025-02-12 22:15:00+00:00,5774.92804323792
2025-02-13 08:15:00+00:00,5811.597642030343
2025-02-13 13:00:00+00:00,5848.240344434191
2025-02-14 06:00:00+00:00,5834.902668438252
2025-02-14 08:15:00+00:00,5871.43170909814
2025-02-14 10:00:00+00:00,5907.744745091504
2025-02-14 12:00:00+00:00,5909.588603526668
2025-02-14 12:15:00+00:00,5896.249816708527
2025-02-14 15:15:00+00:00,5898.163590256357
2025-02-14 17:30:00+00:00,5884.587142701687
2025-02-14 19:30:00+00:00,5871.061649475879
2025-02-15 13:00:00+00:00,5872.21298605042
2025-02-16 14:30:00+00:00,5873.424198688987
2025-02-17 00:30:00+00:00,5874.713254322013
2025-02-17 05:15:00+00:00,5870.2413084586005
2025-02-17 06:00:00+00:00,5857.107437898437
2025-02-17 07:15:00+00:00,5843.957785860546
2025-02-17 08:00:00+00:00,5830.547678875638
2025-02-17 08:45:00+00:00,5814.866736775836
2025-02-17 13:15:00+00:00,5803.23132695146
2025-02-17 14:00:00+00:00,5774.20602903024
2025-02-17 15:00:00+00:00,5810.425012907757
2025-02-17 15:30:00+00:00,5796.876103227048
2025-02-17 15:45:00+00:00,5783.596541525231
2025-02-17 20:30:00+00:00,5768.79723872806
2025-02-18 06:00:00+00:00,5805.274798774764
2025-02-18 07:15:00+00:00,5791.87439642744
2025-02-18 07:30:00+00:00,5778.504790952625
2025-02-18 09:15:00+00:00,5765.314286675634
2025-02-18 10:00:00+00:00,5751.929538573684
2025-02-18 20:00:00+00:00,5740.446466971289
2025-02-18 22:30:00+00:00,5727.2136943196065
2025-02-19 01:00:00+00:00,5713.729447104834
2025-02-19 04:30:00+00:00,5715.1958288368105
2025-02-19 14:15:00+00:00,5701.683218374793
2025-02-19 23:00:00+00:00,5688.216900383572
2025-02-20 09:00:00+00:00,5689.468733945247
2025-02-21 06:00:00+00:00,5690.977022683701
2025-02-21 08:30:00+00:00,5677.031729753721
2025-02-21 09:15:00+00:00,5663.171598587642
2025-02-21 10:15:00+00:00,5697.977139834923
2025-02-21 11:15:00+00:00,5670.625947722507
2025-02-21 14:30:00+00:00,5671.046308826063
2025-02-21 15:15:00+00:00,5656.707585993425
2025-02-21 16:15:00+00:00,5643.633717097729
2025-02-21 19:30:00+00:00,5680.609119391325
2025-02-21 21:30:00+00:00,5754.357338917692
2025-02-21 22:15:00+00:00,5741.331909194031
2025-02-21 23:15:00+00:00,5728.065609254222
2025-02-22 00:30:00+00:00,5701.834486012313
2025-02-22 07:15:00+00:00,5695.407874233274
2025-02-23 01:00:00+00:00,5696.6492730386735
2025-02-23 17:00:00+00:00,5696.58690640493
2025-02-23 22:45:00+00:00,5681.703148267335
2025-02-24 05:30:00+00:00,5668.1606356772045
2025-02-24 10:30:00+00:00,5704.562228199062
2025-02-24 13:30:00+00:00,5706.181575934371
2025-02-24 15:45:00+00:00,5729.356250642842
2025-02-24 16:00:00+00:00,5715.170059375315
2025-02-24 17:15:00+00:00,5688.76280846573
2025-02-24 17:30:00+00:00,5675.54945452512
2025-02-24 22:00:00+00:00,5712.498751254278
2025-02-24 22:45:00+00:00,5786.178086492643
2025-02-24 23:00:00+00:00,5788.242343852306
2025-02-25 00:15:00+00:00,5790.32872976907
2025-02-25 01:30:00+00:00,5791.624924926706
2025-02-25 07:15:00+00:00,5828.167905672695
2025-02-26 20:30:00+00:00,5815.155300921762
2025-02-27 08:45:00+00:00,5816.82676587676
2025-02-27 14:30:00+00:00,5802.987467477464
2025-02-27 16:45:00+00:00,5791.462095340398
2025-02-28 03:00:00+00:00,5793.363929146814
2025-02-28 04:45:00+00:00,5780.370681497731
2025-02-28 09:30:00+00:00,5767.379735800113
2025-02-28 13:30:00+00:00,5769.4184379212775
2025-02-28 15:00:00+00:00,5771.453937575999
2025-02-28 17:30:00+00:00,5773.189339450743
2025-02-28 20:15:00+00:00,5774.872407168321
2025-02-28 21:45:00+00:00,5774.485268001426
2025-03-01 13:30:00+00:00,5760.995141514292
2025-03-02 16:15:00+00:00,5798.287883423879
2025-03-02 16:45:00+00:00,5785.643233043503
2025-03-03 00:30:00+00:00,5787.368829747628
2025-03-03 06:15:00+00:00,5789.739641750289
2025-03-03 06:30:00+00:00,5791.983977540775
2025-03-03 09:30:00+00:00,5793.8031290868585
2025-03-03 10:15:00+00:00,5795.625000165462
2025-03-03 13:30:00+00:00,5782.450032889756
2025-03-03 15:00:00+00:00,5768.8593814096
2025-03-03 15:15:00+00:00,5755.816740745209
2025-03-03 18:45:00+00:00,5792.3287292089835
2025-03-03 19:00:00+00:00,5866.453319727973
2025-03-03 21:30:00+00:00,5868.125615252028
2025-03-04 01:00:00+00:00,5905.18485022563
2025-03-04 02:00:00+00:00,5979.277480751561
2025-03-04 09:15:00+00:00,5981.274890866575
2025-03-04 10:45:00+00:00,5968.400171242426
2025-03-04 14:30:00+00:00,6005.252465501855
2025-03-06 06:00:00+00:00,5992.054480998352
2025-03-06 07:00:00+00:00,5978.8689812217735
2025-03-07 01:30:00+00:00,5965.882146489247
2025-03-07 18:30:00+00:00,5952.875848224049
2025-03-08 00:45:00+00:00,5926.975588984272
2025-03-08 05:30:00+00:00,5921.0867588920055
2025-03-09 12:00:00+00:00,5958.1876797082095
2025-03-09 15:00:00+00:00,5943.996016992144
2025-03-09 16:15:00+00:00,5981.559594934833
2025-03-09 18:15:00+00:00,6017.825517028764
2025-03-10 18:45:00+00:00,6054.495296316186
2025-03-10 20:45:00+00:00,6041.2853056237545
2025-03-11 04:15:00+00:00,6078.342886803553
2025-03-11 10:45:00+00:00,6065.0161591065835
2025-03-11 12:30:00+00:00,6062.88175103503
2025-03-11 13:00:00+00:00,6049.773243074827
2025-03-11 13:15:00+00:00,6036.469230462266
2025-03-11 13:30:00+00:00,6037.691218331442
2025-03-11 14:00:00+00:00,6026.495809816148
2025-03-11 14:15:00+00:00,6013.431538400316
2025-03-11 14:30:00+00:00,6000.4220031856685
2025-03-11 23:15:00+00:00,6002.479918815776
2025-03-12 00:45:00+00:00,6004.565653359398
2025-03-12 03:45:00+00:00,6006.585425874364
2025-03-13 12:45:00+00:00,6008.007479029464
2025-03-13 13:45:00+00:00,5994.667606356871
2025-03-13 15:30:00+00:00,5981.461436743903
2025-03-13 22:15:00+00:00,5968.207431912083
2025-03-14 08:30:00+00:00,5955.018698831469
2025-03-14 13:45:00+00:00,5956.374444960948
2025-03-14 15:00:00+00:00,5992.882324634427
2025-03-14 15:45:00+00:00,5994.2144670481175
2025-03-14 16:00:00+00:00,5981.009413542343
2025-03-14 16:15:00+00:00,5967.241876240588
2025-03-14 17:30:00+00:00,5953.918238271108
2025-03-14 19:45:00+00:00,5956.036718826712
2025-03-14 20:15:00+00:00,5957.811010730174
2025-03-14 21:30:00+00:00,5944.10376041999
2025-03-14 23:00:00+00:00,5945.721644052731
2025-03-15 05:00:00+00:00,5947.233472714365
2025-03-15 18:45:00+00:00,5932.994880575832
2025-03-16 01:30:00+00:00,5933.8375830103
2025-03-16 11:00:00+00:00,5970.273546495041
2025-03-16 14:45:00+00:00,5971.838679470048
2025-03-16 16:00:00+00:00,5958.407809597206
2025-03-17 09:45:00+00:00,5944.795844756976
2025-03-17 12:15:00+00:00,5931.241389571619
2025-03-18 02:30:00+00:00,5917.658537891463
2025-03-18 05:00:00+00:00,5904.1301163719645
2025-03-18 08:00:00+00:00,5905.516690291976
2025-03-18 13:30:00+00:00,5940.567696521869
2025-03-18 14:30:00+00:00,5926.145895290403
2025-03-18 18:45:00+00:00,5926.929792065414
2025-03-18 19:45:00+00:00,5912.857478253241
2025-03-18 23:15:00+00:00,5898.728775955754
2025-03-19 12:30:00+00:00,5885.202392470441
2025-03-19 13:15:00+00:00,5921.615755808454
2025-03-19 14:00:00+00:00,5944.479491777462
2025-03-19 16:00:00+00:00,5946.460353353318
2025-03-19 17:30:00+00:00,5933.502300938272
2025-03-19 18:00:00+00:00,5934.978659489194
2025-03-19 19:15:00+00:00,5923.397336239877
2025-03-19 23:30:00+00:00,5960.194827449124
2025-03-20 00:45:00+00:00,5946.818094713269
2025-03-20 04:00:00+00:00,5935.437907565701
2025-03-20 08:00:00+00:00,5926.084812896452
2025-03-20 08:15:00+00:00,5923.45297934
2025-03-20 14:15:00+00:00,5909.671900459859
2025-03-20 20:30:00+00:00,5911.2381758843685
2025-03-21 22:30:00+00:00,5897.667107571184
2025-03-23 14:15:00+00:00,5883.42692914132
2025-03-23 14:30:00+00:00,5883.989542250566
2025-03-23 16:00:00+00:00,5869.651457513317
2025-03-23 16:30:00+00:00,5868.676557378152
2025-03-23 17:30:00+00:00,5853.2175167058585
2025-03-23 23:45:00+00:00,5887.884044648238
2025-03-24 00:45:00+00:00,5887.694599084279
2025-03-24 05:00:00+00:00,5922.960988813329
2025-03-24 07:00:00+00:00,5924.749434127895
2025-03-24 10:00:00+00:00,5910.92395270929
2025-03-24 11:45:00+00:00,5947.516507059729
2025-03-24 14:15:00+00:00,5948.998381585788
2025-03-24 14:30:00+00:00,5950.718997831978
2025-03-24 16:00:00+00:00,5952.266083123879
2025-03-24 16:15:00+00:00,5938.940255674737
2025-03-24 18:30:00+00:00,5925.504993173619
2025-03-24 21:00:00+00:00,5912.192310700219
2025-03-24 22:15:00+00:00,5913.843722973512
2025-03-24 22:30:00+00:00,5900.5342852356525
2025-03-24 23:00:00+00:00,5899.241053831688
2025-03-25 01:00:00+00:00,5900.069182029612
2025-03-25 01:30:00+00:00,5886.300352380061
2025-03-25 03:15:00+00:00,5872.603360806358
2025-03-25 06:00:00+00:00,5908.956904839719
2025-03-25 12:45:00+00:00,5894.4226094002615
2025-03-26 14:15:00+00:00,5880.9745151204515
2025-03-26 20:30:00+00:00,5867.234264951343
2025-03-27 00:30:00+00:00,5853.72734137814
2025-03-27 02:00:00+00:00,5840.003907766299
2025-03-27 07:30:00+00:00,5842.488324689405
2025-03-27 08:15:00+00:00,5843.6177818330025
2025-03-27 10:15:00+00:00,5844.958507874617
2025-03-27 10:45:00+00:00,5830.77827541417
2025-03-27 12:00:00+00:00,5816.546026599312
2025-03-27 13:30:00+00:00,5802.881392275639
2025-03-27 14:30:00+00:00,5825.701634940275
2025-03-27 19:00:00+00:00,5798.8032439990675
2025-03-27 20:30:00+00:00,5800.27456585253
2025-03-28 01:30:00+00:00,5801.820568744002
2025-03-28 08:30:00+00:00,5838.488258049278
2025-03-28 11:15:00+00:00,5875.084377865914
2025-03-28 12:30:00+00:00,5860.315414831123
2025-03-28 13:15:00+00:00,5845.829053804071
2025-03-28 16:00:00+00:00,5881.469639829054
2025-03-28 20:45:00+00:00,5918.170297133527
2025-03-28 22:45:00+00:00,5907.616572996043
2025-03-29 00:15:00+00:00,5909.187391366324
2025-03-29 03:45:00+00:00,5909.368429167515
2025-03-29 23:30:00+00:00,5910.858319318955
2025-03-31 01:00:00+00:00,5912.474659792415
2025-03-31 05:00:00+00:00,5914.177139657942
2025-03-31 11:45:00+00:00,5900.799738952589
2025-03-31 13:45:00+00:00,5902.474648285312
2025-03-31 14:45:00+00:00,5889.2413632434345
2025-03-31 17:30:00+00:00,5875.618518750672
2025-03-31 19:45:00+00:00,5848.369888354397
2025-03-31 22:15:00+00:00,5834.891414758274
2025-03-31 23:00:00+00:00,5836.044950024293
2025-04-01 02:15:00+00:00,5822.434923321655
2025-04-01 17:00:00+00:00,5808.263536513024
2025-04-01 20:30:00+00:00,5794.66088497188
2025-04-02 00:15:00+00:00,5780.823657188069
2025-04-02 12:00:00+00:00,5767.631630986235
2025-04-03 01:00:00+00:00,5754.598259252511
2025-04-03 04:30:00+00:00,5754.519233423002
2025-04-03 06:30:00+00:00,5756.467485267405
2025-04-03 07:30:00+00:00,5743.138921120721
2025-04-03 10:15:00+00:00,5729.833358438419
2025-04-03 12:30:00+00:00,5716.491544378628
2025-04-03 12:45:00+00:00,5753.489772510923
2025-04-03 15:30:00+00:00,5755.279688774047
2025-04-04 05:00:00+00:00,5741.739029398198
2025-04-04 06:00:00+00:00,5778.499915384128
2025-04-04 07:45:00+00:00,5814.904829758823
2025-04-04 08:15:00+00:00,5851.170383407448
2025-04-04 09:30:00+00:00,5852.592378877196
2025-04-04 10:00:00+00:00,5839.007692260891
2025-04-04 10:45:00+00:00,5798.181969196655
2025-04-04 11:15:00+00:00,5757.5644830497995
2025-04-04 14:30:00+00:00,5759.404822385037
2025-04-04 15:00:00+00:00,5795.987182494733
2025-04-04 15:30:00+00:00,5782.950427560312
2025-04-04 16:15:00+00:00,5756.626198629354
2025-04-04 16:30:00+00:00,5743.640183051032
2025-04-04 23:00:00+00:00,5741.317956061226
2025-04-04 23:30:00+00:00,5743.210819783588
2025-04-05 03:15:00+00:00,5744.481191215814
2025-04-05 04:45:00+00:00,5730.3688704929145
2025-04-05 06:30:00+00:00,5731.484236622705
2025-04-05 11:30:00+00:00,5767.344200104521
2025-04-05 12:45:00+00:00,5769.340034862223
2025-04-05 13:30:00+00:00,5741.664076924863
2025-04-05 20:15:00+00:00,5733.678496002074
2025-04-06 14:45:00+00:00,5718.915345605017
2025-04-06 17:00:00+00:00,5754.383507453237
2025-04-06 17:45:00+00:00,5756.085405188421
2025-04-07 01:15:00+00:00,5758.035956967069
2025-04-07 06:15:00+00:00,5781.353798528411
2025-04-07 06:30:00+00:00,5818.104974757515
2025-04-07 06:45:00+00:00,5892.196306761331
2025-04-07 07:00:00+00:00,5879.149589413094
2025-04-07 08:15:00+00:00,5866.112577163965
2025-04-07 08:30:00+00:00,5827.100608424856
2025-04-07 10:15:00+00:00,5813.84245527604
2025-04-07 14:15:00+00:00,5801.029526309516
2025-04-08 01:00:00+00:00,5801.665558545929
2025-04-08 06:00:00+00:00,5788.494091123422
2025-04-08 12:00:00+00:00,5825.100930154861
2025-04-08 13:30:00+00:00,5811.827830461597
2025-04-08 14:45:00+00:00,5798.652181189624
2025-04-08 16:00:00+00:00,5800.857920631776
2025-04-08 16:30:00+00:00,5787.73694667984
2025-04-09 00:30:00+00:00,5789.73376688574
2025-04-09 01:30:00+00:00,5778.107480808698
2025-04-09 01:45:00+00:00,5779.963024158596
2025-04-09 02:00:00+00:00,5766.985685154717
2025-04-09 04:00:00+00:00,5768.633801213644
2025-04-09 04:30:00+00:00,5755.664521532094
2025-04-09 05:00:00+00:00,5729.261694504191
2025-04-09 07:00:00+00:00,5715.912305754087
2025-04-09 13:30:00+00:00,5717.454418031817
2025-04-10 00:30:00+00:00,5716.993092343936
2025-04-10 00:45:00+00:00,5705.638522819579
2025-04-10 03:00:00+00:00,5692.438889287569
2025-04-10 03:15:00+00:00,5681.217586701072
2025-04-10 07:30:00+00:00,5670.44048215513
2025-04-10 10:30:00+00:00,5667.894207715972
2025-04-10 11:00:00+00:00,5653.358559465701
2025-04-10 12:15:00+00:00,5653.04556619477
2025-04-10 12:45:00+00:00,5653.705060359619
2025-04-10 13:30:00+00:00,5641.916489568109
2025-04-10 14:45:00+00:00,5643.7138868050515
2025-04-10 16:45:00+00:00,5630.564921140668
2025-04-10 20:45:00+00:00,5617.390361845087
2025-04-11 00:00:00+00:00,5590.961706360279
2025-04-11 06:45:00+00:00,5585.850504350652
2025-04-11 14:15:00+00:00,5572.608334370738
2025-04-11 17:00:00+00:00,5608.033253816648
2025-04-11 18:45:00+00:00,5609.836515794103
2025-04-11 21:30:00+00:00,5611.5450970352795
2025-04-11 23:15:00+00:00,5611.613011120174
2025-04-12 00:15:00+00:00,5595.97859111037
2025-04-12 00:45:00+00:00,5580.346292932361
2025-04-12 02:45:00+00:00,5581.791041754829
2025-04-12 04:15:00+00:00,5566.777825374
2025-04-12 04:30:00+00:00,5603.248665567111
2025-04-12 13:30:00+00:00,5589.325878202608
2025-04-12 14:00:00+00:00,5575.621970047831
2025-04-12 14:30:00+00:00,5562.1022901042315
2025-04-12 23:00:00+00:00,5562.1948924359
2025-04-13 21:30:00+00:00,5598.806304818037
2025-04-14 08:30:00+00:00,5585.610467112702
2025-04-14 11:00:00+00:00,5622.162789972721
2025-04-14 13:30:00+00:00,5608.736704136721
2025-04-16 00:00:00+00:00,5645.4093611166445
2025-04-16 04:30:00+00:00,5631.795636845276
2025-04-16 05:15:00+00:00,5618.115994339708
2025-04-16 08:00:00+00:00,5604.603441086098
2025-04-16 08:30:00+00:00,5605.933870232129
2025-04-16 13:30:00+00:00,5592.423563648315
2025-04-16 13:45:00+00:00,5591.400919903835
2025-04-16 15:15:00+00:00,5627.887385011229
2025-04-16 16:15:00+00:00,5614.567945047136
2025-04-16 17:30:00+00:00,5616.250922253333
2025-04-16 19:45:00+00:00,5603.103753874565
2025-04-16 23:30:00+00:00,5589.9264861766205
2025-04-17 05:15:00+00:00,5626.811229211846
2025-04-17 06:30:00+00:00,5663.3482400017365
2025-04-17 07:45:00+00:00,5649.679052736569
2025-04-17 08:45:00+00:00,5635.9352139643415
2025-04-17 14:00:00+00:00,5594.9108693887865
2025-04-20 10:45:00+00:00,5629.756361128685
2025-04-20 11:30:00+00:00,5665.5309586432595
2025-04-20 14:00:00+00:00,5650.802948430136
2025-04-20 16:15:00+00:00,5623.026113281983
2025-04-20 19:30:00+00:00,5608.403880120261
2025-04-20 20:00:00+00:00,5594.358338084611
2025-04-20 20:15:00+00:00,5580.480644822726
2025-04-21 00:15:00+00:00,5581.403290254909
2025-04-21 04:45:00+00:00,5583.752028517647
2025-04-21 05:45:00+00:00,5570.115519542952
2025-04-21 06:00:00+00:00,5571.251640494409
2025-04-21 08:00:00+00:00,5557.311416554635
2025-04-21 10:15:00+00:00,5543.366011226702
2025-04-21 11:00:00+00:00,5543.765754586112
2025-04-21 11:15:00+00:00,5529.538824149238
2025-04-21 12:45:00+00:00,5565.568772169734
2025-04-21 13:00:00+00:00,5565.338513346037
2025-04-21 13:45:00+00:00,5551.163307281847
2025-04-21 14:15:00+00:00,5537.229432373405
2025-04-21 16:45:00+00:00,5523.153806443727
2025-04-21 23:30:00+00:00,5557.5469207904835
2025-04-22 00:30:00+00:00,5593.9855476623325
2025-04-22 00:45:00+00:00,5594.543583114129
2025-04-22 01:15:00+00:00,5596.015502450931
2025-04-22 04:00:00+00:00,5597.402720326049
2025-04-22 07:30:00+00:00,5569.163681489682
2025-04-22 08:15:00+00:00,5541.698094976946
2025-04-22 10:30:00+00:00,5543.09599270828
2025-04-22 13:00:00+00:00,5529.382984028886
2025-04-22 13:45:00+00:00,5565.654825605643
2025-04-22 14:45:00+00:00,5538.442621504402
2025-04-22 15:00:00+00:00,5574.837815287527
2025-04-22 16:45:00+00:00,5561.626352508014
2025-04-22 21:15:00+00:00,5598.162413760412
2025-04-22 21:30:00+00:00,5598.793879432561
2025-04-22 21:45:00+00:00,5635.5277680043955
2025-04-23 01:45:00+00:00,5637.293828870153
2025-04-23 07:00:00+00:00,5640.658091554566
2025-04-23 07:45:00+00:00,5627.202231694878
2025-04-23 09:00:00+00:00,5613.824264221708
2025-04-23 11:15:00+00:00,5600.387219886397
2025-04-23 13:30:00+00:00,5636.06326844578
2025-04-23 13:45:00+00:00,5637.664011071698
2025-04-23 16:45:00+00:00,5638.377484968502
2025-04-23 17:00:00+00:00,5640.168157186918
2025-04-23 22:30:00+00:00,5626.983095899709
2025-04-23 22:45:00+00:00,5613.353600224562
2025-04-24 00:15:00+00:00,5614.792899031426
2025-04-24 01:30:00+00:00,5615.887710722375
2025-04-24 03:45:00+00:00,5652.348423569438
2025-04-24 07:15:00+00:00,5688.579404060539
2025-04-24 08:30:00+00:00,5724.39030852164
2025-04-24 09:30:00+00:00,5725.664696006392
2025-04-24 12:30:00+00:00,5711.968539344447
2025-04-24 12:45:00+00:00,5713.567070131231
2025-04-24 13:30:00+00:00,5685.9518956232405
2025-04-24 14:00:00+00:00,5672.318038400695
2025-04-24 14:45:00+00:00,5658.859342051953
2025-04-24 15:00:00+00:00,5644.7740128601
2025-04-24 15:45:00+00:00,5631.663102229251
2025-04-24 18:00:00+00:00,5633.36264323626
2025-04-25 01:00:00+00:00,5619.749075116525
2025-04-25 03:30:00+00:00,5621.2530488405055
2025-04-25 06:30:00+00:00,5607.720909116501
2025-04-25 07:00:00+00:00,5594.064196143287
2025-04-25 11:15:00+00:00,5595.515717487726
2025-04-25 14:00:00+00:00,5597.117083150135
2025-04-26 01:30:00+00:00,5597.826745573839
2025-04-27 00:15:00+00:00,5634.119217807326
2025-04-27 01:15:00+00:00,5656.362662234699
2025-04-27 01:45:00+00:00,5642.863429518016
2025-04-27 02:15:00+00:00,5643.799023744723
2025-04-27 08:45:00+00:00,5644.0196203055975
2025-04-27 09:00:00+00:00,5634.967021305222
2025-04-28 01:15:00+00:00,5621.37914025263
2025-04-28 02:30:00+00:00,5607.947410831085
2025-04-28 10:00:00+00:00,5594.297230755123
2025-04-28 12:45:00+00:00,5595.63901212864
2025-04-28 14:15:00+00:00,5582.138397271322
2025-04-28 18:00:00+00:00,5583.750514700362
2025-04-28 19:00:00+00:00,5570.305494760121
2025-04-28 22:00:00+00:00,5573.201765996773
2025-04-28 23:30:00+00:00,5544.953602209461
2025-04-29 01:00:00+00:00,5530.96552078923
2025-04-29 01:15:00+00:00,5516.7582398092445
2025-04-29 02:00:00+00:00,5502.959288447189
2025-04-29 03:45:00+00:00,5489.352402397718
2025-04-29 06:15:00+00:00,5490.478990869309
2025-04-29 06:45:00+00:00,5477.620689468496
2025-04-29 07:45:00+00:00,5463.72518702223
2025-04-29 11:00:00+00:00,5464.970117400498
2025-04-29 11:15:00+00:00,5465.9505547588
2025-04-29 13:15:00+00:00,5452.016071860074
2025-04-29 14:00:00+00:00,5453.236778085495
2025-04-29 14:30:00+00:00,5439.344578717032
2025-04-29 16:15:00+00:00,5425.528363504957
2025-04-29 23:45:00+00:00,5411.723885580802
2025-04-30 00:00:00+00:00,5395.883596551181
2025-04-30 02:00:00+00:00,5398.360557253021
2025-04-30 02:15:00+00:00,5383.548128132758
2025-04-30 03:45:00+00:00,5368.50551852748
2025-04-30 04:45:00+00:00,5340.970534643696
2025-04-30 07:45:00+00:00,5376.762580073822
2025-04-30 09:30:00+00:00,5362.789591133015
2025-04-30 10:45:00+00:00,5363.936938217216
2025-04-30 12:30:00+00:00,5399.90645331026
2025-04-30 13:15:00+00:00,5436.62300234406
2025-04-30 13:30:00+00:00,5472.8436354459955
2025-04-30 14:15:00+00:00,5510.433221096677
2025-04-30 14:30:00+00:00,5500.041227726092
2025-04-30 18:00:00+00:00,5473.505938200803
2025-04-30 20:00:00+00:00,5459.9068857013535
2025-04-30 20:15:00+00:00,5432.367529793373
2025-05-01 01:00:00+00:00,5433.930092458426
2025-05-01 02:15:00+00:00,5418.524529827432
2025-05-01 02:30:00+00:00,5408.984088130251
2025-05-01 02:45:00+00:00,5400.140846409971
2025-05-01 05:00:00+00:00,5401.137822111534
2025-05-01 07:00:00+00:00,5386.9329443404895
2025-05-01 08:30:00+00:00,5372.840008838881
2025-05-01 11:00:00+00:00,5408.560155738688
2025-05-01 13:30:00+00:00,5394.401628097047
2025-05-01 14:45:00+00:00,5380.565416412585
2025-05-01 15:00:00+00:00,5416.633246477104
2025-05-01 15:45:00+00:00,5402.918977432289
2025-05-01 16:30:00+00:00,5404.255617549404
2025-05-01 18:15:00+00:00,5389.848672405261
2025-05-01 23:00:00+00:00,5375.368572106196
2025-05-02 01:00:00+00:00,5361.231998289046
2025-05-02 01:30:00+00:00,5362.272758375352
2025-05-02 02:15:00+00:00,5345.958683003153
2025-05-02 04:15:00+00:00,5347.15789291317
2025-05-02 05:45:00+00:00,5380.916837876074
2025-05-02 07:00:00+00:00,5382.139354229631
2025-05-02 08:00:00+00:00,5380.73060380664
2025-05-02 10:00:00+00:00,5364.706964756987
2025-05-02 12:45:00+00:00,5351.047275116798
2025-05-03 01:30:00+00:00,5351.734268786309
2025-05-03 11:15:00+00:00,5348.518507678881
2025-05-03 12:30:00+00:00,5330.659531734153
2025-05-03 13:15:00+00:00,5312.250795929073
2025-05-03 15:00:00+00:00,5294.094342854162
2025-05-03 17:00:00+00:00,5279.868800960743
2025-05-03 22:00:00+00:00,5280.9105609181415
2025-05-04 01:45:00+00:00,5266.904772980782
2025-05-04 02:00:00+00:00,5253.350542126973
2025-05-04 07:30:00+00:00,5239.700224374318
2025-05-04 08:30:00+00:00,5225.9158464365355
2025-05-04 15:00:00+00:00,5209.0747048191715
2025-05-04 19:30:00+00:00,5207.083837338095
2025-05-04 22:30:00+00:00,5238.997155610058
2025-05-05 02:15:00+00:00,5225.234626121859
2025-05-05 04:30:00+00:00,5212.8736642518925
2025-05-05 05:45:00+00:00,5183.945650166955
2025-05-05 13:45:00+00:00,5218.517520467893
2025-05-05 17:15:00+00:00,5203.60748859919
2025-05-05 18:30:00+00:00,5188.7742135316275
2025-05-05 21:15:00+00:00,5188.783137736643
2025-05-06 11:45:00+00:00,5225.083927076244
2025-05-06 14:00:00+00:00,5225.997624176963
2025-05-06 18:45:00+00:00,5212.179506979871
2025-05-07 02:30:00+00:00,5213.725765235704
2025-05-07 03:15:00+00:00,5200.134592652688
2025-05-07 13:00:00+00:00,5183.729612498369
2025-05-07 14:15:00+00:00,5167.496440281027
2025-05-07 16:30:00+00:00,5203.594445420559
2025-05-07 18:00:00+00:00,5189.616230432996
2025-05-07 18:15:00+00:00,5175.979963740164
2025-05-07 22:00:00+00:00,5162.283150981892
2025-05-07 23:45:00+00:00,5146.474087748529
2025-05-08 01:00:00+00:00,5130.40361475502
2025-05-08 04:45:00+00:00,5116.909989454511
2025-05-08 11:15:00+00:00,5101.766428027127
2025-05-08 13:45:00+00:00,5088.064341629853
2025-05-08 15:15:00+00:00,5124.226832558307
2025-05-08 17:30:00+00:00,5180.798990417616
2025-05-09 03:00:00+00:00,5167.4168527342445
2025-05-09 06:15:00+00:00,5169.034788503248
2025-05-09 07:00:00+00:00,5142.066370333116
2025-05-09 07:30:00+00:00,5114.998683978792
2025-05-09 07:45:00+00:00,5100.094908497374
2025-05-09 08:15:00+00:00,5058.705678970772
2025-05-09 08:45:00+00:00,5045.627591639427
2025-05-09 09:00:00+00:00,5018.565653580213
2025-05-09 10:45:00+00:00,5004.84450119513
2025-05-09 11:15:00+00:00,4978.744967209039
2025-05-09 13:45:00+00:00,4964.902439596327
2025-05-09 17:15:00+00:00,4951.760759772427
2025-05-10 00:00:00+00:00,4938.328637197863
2025-05-10 00:15:00+00:00,4940.325682125552
2025-05-10 01:15:00+00:00,4943.225650765121
2025-05-10 02:30:00+00:00,4929.755814201739
2025-05-10 05:45:00+00:00,4931.308767594835
2025-05-10 06:15:00+00:00,4933.237692192677
2025-05-10 07:15:00+00:00,4919.648088993083
2025-05-10 07:45:00+00:00,4906.094284832329
2025-05-10 09:30:00+00:00,4907.630974561084
2025-05-10 17:30:00+00:00,4893.601445960687
2025-05-11 06:30:00+00:00,4930.291720802611
2025-05-11 08:15:00+00:00,4932.061132954897
2025-05-11 10:30:00+00:00,4918.830052436659
2025-05-11 14:45:00+00:00,4920.040342789069
2025-05-11 17:45:00+00:00,4921.328415151061
2025-05-11 18:30:00+00:00,4909.655869267639
2025-05-11 18:45:00+00:00,4896.249740013015
2025-05-11 22:00:00+00:00,4897.8502790739085
2025-05-12 00:30:00+00:00,4884.346654575238
2025-05-12 01:00:00+00:00,4871.7763600308135
2025-05-12 01:45:00+00:00,4872.397918567345
2025-05-12 02:00:00+00:00,4874.02709721345
2025-05-12 02:15:00+00:00,4860.405676217907
2025-05-12 02:30:00+00:00,4848.609758634289
2025-05-12 04:00:00+00:00,4834.4067761310935
2025-05-12 04:45:00+00:00,4821.148199369314
2025-05-12 06:45:00+00:00,4807.870876256885
2025-05-12 15:00:00+00:00,4844.845146229662
2025-05-12 18:45:00+00:00,4881.946162378213
2025-05-12 20:45:00+00:00,4884.023978711658
2025-05-13 04:15:00+00:00,4885.822553963249
2025-05-13 04:30:00+00:00,4887.525467469872
2025-05-13 09:15:00+00:00,4873.1379381781935
2025-05-13 09:30:00+00:00,4859.947131606128
2025-05-14 20:45:00+00:00,4856.634747924149
2025-05-14 21:45:00+00:00,4842.845230365675
2025-05-15 00:00:00+00:00,4844.0177695054435
2025-05-15 00:15:00+00:00,4831.084148162509
2025-05-15 01:45:00+00:00,4867.233137621795
2025-05-15 07:15:00+00:00,4939.661637917288
2025-05-15 08:30:00+00:00,4960.642561408372
2025-05-15 08:45:00+00:00,4947.462828530453
2025-05-15 11:15:00+00:00,4947.065269153723
2025-05-15 12:30:00+00:00,4933.4771532410305
2025-05-15 14:00:00+00:00,4936.53916089854
2025-05-15 14:30:00+00:00,4973.074493479256
2025-05-15 14:45:00+00:00,5008.107918917076
2025-05-15 15:15:00+00:00,4994.863175553959
2025-05-15 15:30:00+00:00,4969.236322827684
2025-05-15 16:45:00+00:00,4955.964397147045
2025-05-15 17:15:00+00:00,4929.651602450547
2025-05-15 21:00:00+00:00,4966.242733070439
2025-05-15 21:15:00+00:00,5003.0367803429235
2025-05-15 23:30:00+00:00,5004.907021028285
2025-05-16 02:00:00+00:00,4991.509245467309
2025-05-16 03:45:00+00:00,4994.990909363921
2025-05-17 02:15:00+00:00,4995.426025539159
2025-05-17 02:30:00+00:00,4996.906680737212
2025-05-17 03:30:00+00:00,4983.427715782302
2025-05-17 03:45:00+00:00,4969.054681576068
2025-05-17 10:30:00+00:00,4970.510890645482
2025-05-17 14:15:00+00:00,4971.704483224842
2025-05-17 16:45:00+00:00,5006.922481164099
2025-05-17 17:00:00+00:00,5008.066252245188
2025-05-17 18:15:00+00:00,5009.171073468035
2025-05-17 20:45:00+00:00,4995.311239872401
2025-05-17 23:30:00+00:00,4994.17887703726
2025-05-18 00:45:00+00:00,4995.296379301035
2025-05-18 05:15:00+00:00,4981.230270781436
2025-05-18 12:00:00+00:00,4982.655348172532
2025-05-18 14:30:00+00:00,5018.952020970084
2025-05-18 16:15:00+00:00,5020.373279565516
2025-05-18 17:45:00+00:00,5005.5936279483485
2025-05-18 19:30:00+00:00,4979.175003668575
2025-05-18 20:00:00+00:00,5015.873284001795
2025-05-18 20:15:00+00:00,5004.453995395575
2025-05-18 21:15:00+00:00,5006.214269040695
2025-05-18 22:30:00+00:00,4993.115708375811
2025-05-18 23:45:00+00:00,4980.00784603944
2025-05-19 00:30:00+00:00,5017.736733493441
2025-05-19 04:45:00+00:00,5054.665832608335
2025-05-19 07:15:00+00:00,5041.4766047477915
2025-05-19 07:30:00+00:00,5043.223240261966
2025-05-19 13:45:00+00:00,5030.002825608048
2025-05-19 14:00:00+00:00,5024.917387655035
2025-05-19 14:45:00+00:00,5010.317032407032
2025-05-19 16:45:00+00:00,4998.724236941574
2025-05-19 17:00:00+00:00,4984.048309619769
2025-05-20 02:15:00+00:00,5020.56976988844
2025-05-20 03:30:00+00:00,5021.001077101066
2025-05-20 07:30:00+00:00,5006.571761462871
2025-05-20 07:45:00+00:00,4993.199924776527
2025-05-20 13:30:00+00:00,4978.557741065072
2025-05-20 21:00:00+00:00,4965.201487762005
2025-05-20 23:15:00+00:00,4951.851731021439
2025-05-21 07:15:00+00:00,4952.654838429488
2025-05-21 17:00:00+00:00,4939.394630013965
2025-05-21 17:15:00+00:00,4925.506686053995
2025-05-22 09:00:00+00:00,4962.004913099604
2025-05-22 13:00:00+00:00,4963.564065424316
2025-05-22 15:30:00+00:00,4964.172464990877
2025-05-22 21:00:00+00:00,4944.939192666068
2025-05-23 02:30:00+00:00,4980.975219570276
2025-05-23 03:30:00+00:00,4967.695068202343
2025-05-23 04:15:00+00:00,4954.08983601192
2025-05-23 06:30:00+00:00,4927.447851852343
2025-05-23 11:00:00+00:00,4928.872761196002
2025-05-23 11:30:00+00:00,4930.137874829633
2025-05-23 11:45:00+00:00,4916.561825180575
2025-05-23 12:30:00+00:00,4912.267484092748
2025-05-23 13:30:00+00:00,4913.715998572258
2025-05-23 13:45:00+00:00,4887.46723788231
2025-05-23 14:45:00+00:00,4874.391914166478
2025-05-23 22:45:00+00:00,4911.33571652277
2025-05-23 23:30:00+00:00,4947.947736644087
2025-05-24 00:30:00+00:00,4934.277518843979
2025-05-24 03:15:00+00:00,4920.908043993643
2025-05-24 05:45:00+00:00,4922.547355003753
2025-05-24 08:45:00+00:00,4924.050516558461
2025-05-24 12:00:00+00:00,4925.184586561345
2025-05-24 13:00:00+00:00,4911.1935406644025
2025-05-24 14:00:00+00:00,4897.1677656947
2025-05-24 15:30:00+00:00,4898.133159135766
2025-05-24 18:45:00+00:00,4899.108773113841
2025-05-24 21:15:00+00:00,4885.059044970579
2025-05-24 22:30:00+00:00,4870.982488492544
2025-05-25 00:30:00+00:00,4857.041027033671
2025-05-25 07:30:00+00:00,4858.402430201835
2025-05-25 08:00:00+00:00,4844.33125043439
2025-05-27 13:00:00+00:00,4829.672785902684
2025-05-27 13:45:00+00:00,4830.743306855461
2025-05-27 14:30:00+00:00,4816.385135315839
2025-05-27 16:45:00+00:00,4802.946215356448
2025-05-27 17:00:00+00:00,4839.250669462667
2025-05-27 17:45:00+00:00,4825.730589445163
2025-05-27 18:15:00+00:00,4827.161492880397
2025-05-27 21:30:00+00:00,4813.171440074445
2025-05-27 22:15:00+00:00,4799.653005948629
2025-05-28 00:00:00+00:00,4784.791291268019
2025-05-28 00:15:00+00:00,4771.01679303873
2025-05-28 17:00:00+00:00,4772.027605022205
2025-05-28 21:15:00+00:00,4759.69003121663
2025-05-28 21:45:00+00:00,4761.138788884794
2025-05-28 23:00:00+00:00,4761.099714314864
2025-05-28 23:30:00+00:00,4733.320720967234
2025-05-29 00:15:00+00:00,4733.173148427644
2025-05-29 00:45:00+00:00,4703.971486960511
2025-05-29 02:30:00+00:00,4689.995698833295
2025-05-29 02:45:00+00:00,4675.140803923258
2025-05-29 08:15:00+00:00,4675.200476040555
2025-05-29 14:00:00+00:00,4711.388300181809
2025-05-30 00:45:00+00:00,4747.011978797684
2025-05-30 02:30:00+00:00,4769.291523738531
2025-05-30 10:45:00+00:00,4743.212344627181
2025-05-30 12:30:00+00:00,4743.811382360457
2025-05-30 14:15:00+00:00,4780.304529502931
2025-05-30 15:00:00+00:00,4780.553256719113
2025-05-30 18:15:00+00:00,4782.077484705376
2025-05-30 22:30:00+00:00,4817.623564612148
2025-05-31 00:45:00+00:00,4818.4494567892825
2025-05-31 06:30:00+00:00,4805.22983644282
2025-05-31 07:15:00+00:00,4792.10567128389
2025-05-31 11:30:00+00:00,4778.364632642555
2025-05-31 16:15:00+00:00,4814.458941270984
2025-05-31 17:45:00+00:00,4800.348948010924
2025-05-31 22:45:00+00:00,4786.1849669783005
2025-05-31 23:30:00+00:00,4771.693754212725
2025-06-01 00:00:00+00:00,4757.786298029603
2025-06-01 01:45:00+00:00,4743.255451665156
2025-06-01 14:00:00+00:00,4730.011610922319
2025-06-01 16:00:00+00:00,4715.70862476964
2025-06-01 23:15:00+00:00,4700.1600126377425
2025-06-02 01:00:00+00:00,4684.6386278479085
2025-06-02 04:00:00+00:00,4719.500286100044
2025-06-03 08:15:00+00:00,4705.087261379615
2025-06-03 13:30:00+00:00,4690.508250028142
2025-06-03 15:30:00+00:00,4726.103790259974
2025-06-03 17:45:00+00:00,4712.259612643878
2025-06-03 20:00:00+00:00,4698.667579416791
2025-06-03 20:15:00+00:00,4699.848377611343
2025-06-03 21:45:00+00:00,4672.538265231702
2025-06-04 00:30:00+00:00,4658.92745113643
2025-06-04 07:15:00+00:00,4647.830147047336
2025-06-04 07:30:00+00:00,4626.563882753536
2025-06-04 09:30:00+00:00,4627.452781790368
2025-06-04 10:30:00+00:00,4613.269633848066
2025-06-04 11:30:00+00:00,4599.240140072934
2025-06-04 13:00:00+00:00,4599.652790254862
2025-06-04 14:00:00+00:00,4585.153635048886
2025-06-04 17:00:00+00:00,4571.031082574805
2025-06-04 17:30:00+00:00,4557.299041701443
2025-06-05 21:30:00+00:00,4544.162522252663
2025-06-05 21:45:00+00:00,4545.960075774707
2025-06-06 02:45:00+00:00,4532.207821334119
2025-06-06 04:30:00+00:00,4517.567684734777
2025-06-06 04:45:00+00:00,4506.004579107601
2025-06-06 06:00:00+00:00,4490.827619378917
2025-06-06 13:00:00+00:00,4527.34523881206
2025-06-06 15:30:00+00:00,4525.9173178499705
2025-06-06 16:45:00+00:00,4512.292260700851
2025-06-06 17:00:00+00:00,4497.746698351857
2025-06-06 18:15:00+00:00,4484.180027070973
2025-06-06 22:00:00+00:00,4455.385607598423
2025-06-06 23:45:00+00:00,4448.479001779261
2025-06-07 05:45:00+00:00,4482.51434603234
2025-06-07 12:30:00+00:00,4516.0198812541785
2025-06-07 16:00:00+00:00,4550.84677651807
2025-06-07 16:15:00+00:00,4552.127768051353
2025-06-07 17:30:00+00:00,4538.343924343641
2025-06-07 22:00:00+00:00,4539.101804698146
2025-06-07 22:30:00+00:00,4524.525963957013
2025-06-08 00:30:00+00:00,4560.206088302176
2025-06-08 01:45:00+00:00,4560.381894794182
2025-06-08 06:15:00+00:00,4545.647715781029
2025-06-08 08:30:00+00:00,4546.485262631782
2025-06-08 09:00:00+00:00,4547.792780329797
2025-06-08 09:15:00+00:00,4583.700276944682
2025-06-08 11:00:00+00:00,4576.9219689170795
2025-06-08 12:00:00+00:00,4562.632373654094
2025-06-08 13:30:00+00:00,4548.802277987719
2025-06-08 14:15:00+00:00,4506.301590628716
2025-06-08 14:45:00+00:00,4492.28996974197
2025-06-08 16:15:00+00:00,4478.33471268014
2025-06-08 19:45:00+00:00,4464.327526034352
2025-06-08 22:00:00+00:00,4465.562453868235
2025-06-09 00:15:00+00:00,4451.57583537661
2025-06-09 01:00:00+00:00,4473.41852963584
2025-06-09 02:15:00+00:00,4474.103764111486
2025-06-09 06:45:00+00:00,4474.890776109795
2025-06-09 09:30:00+00:00,4476.312632483033
2025-06-09 10:15:00+00:00,4462.644049888049
2025-06-09 12:00:00+00:00,4448.812700098428
2025-06-09 13:30:00+00:00,4435.018443936574
2025-06-09 14:00:00+00:00,4436.379622624148
2025-06-09 21:00:00+00:00,4472.643554878843
2025-06-10 00:00:00+00:00,4508.87113878265
2025-06-10 01:45:00+00:00,4510.073872507012
2025-06-10 02:00:00+00:00,4496.377604462777
2025-06-10 03:00:00+00:00,4482.704338085027
2025-06-10 05:15:00+00:00,4468.940542562096
2025-06-10 06:00:00+00:00,4441.595809457132
2025-06-10 11:15:00+00:00,4477.710182142308
2025-06-10 11:30:00+00:00,4513.678189414832
2025-06-10 12:00:00+00:00,4500.141053251981
2025-06-10 18:45:00+00:00,4486.897594506249
2025-06-10 22:00:00+00:00,4473.523207156568
2025-06-11 03:15:00+00:00,4475.110557475793
2025-06-11 04:30:00+00:00,4476.676080659108
2025-06-11 07:15:00+00:00,4462.925663398141
2025-06-11 09:30:00+00:00,4464.431849550827
2025-06-11 11:30:00+00:00,4500.696548372686
2025-06-11 13:45:00+00:00,4502.011824560925
2025-06-11 14:30:00+00:00,4538.753797077777
2025-06-11 22:00:00+00:00,4575.421082987459
2025-06-12 19:45:00+00:00,4612.107777479516
2025-06-13 01:00:00+00:00,4648.569778544138
2025-06-13 01:30:00+00:00,4685.408996494514
2025-06-13 03:45:00+00:00,4686.378458129922
2025-06-13 07:45:00+00:00,4677.180995634743
2025-06-13 08:00:00+00:00,4662.992366677098
2025-06-13 10:15:00+00:00,4663.077211463259
2025-06-13 11:00:00+00:00,4664.526445920227
2025-06-13 14:45:00+00:00,4665.36857359729
2025-06-13 21:30:00+00:00,4665.572816422356
2025-06-14 08:15:00+00:00,4663.523623662723
2025-06-14 10:00:00+00:00,4649.5120468034165
2025-06-14 15:15:00+00:00,4635.410554653142
2025-06-14 16:45:00+00:00,4621.379878557329
2025-06-16 14:00:00+00:00,4622.31701646153
2025-06-16 16:00:00+00:00,4658.4839610129575
2025-06-16 21:30:00+00:00,4660.024768943461
2025-06-16 22:30:00+00:00,4646.2951975432625
2025-06-16 23:45:00+00:00,4632.7707435377015
2025-06-17 14:45:00+00:00,4669.349677849142
2025-06-17 17:30:00+00:00,4655.899577783884
2025-06-17 18:45:00+00:00,4657.2585690352935
2025-06-17 19:00:00+00:00,4629.538215611585
2025-06-18 00:30:00+00:00,4631.06330067727
2025-06-18 01:00:00+00:00,4633.236352433557
2025-06-18 04:15:00+00:00,4618.428737628305
2025-06-18 04:45:00+00:00,4604.669671329199
2025-06-18 08:00:00+00:00,4604.069065725868
2025-06-18 10:00:00+00:00,4639.956306035258
2025-06-18 10:30:00+00:00,4674.685939795801
2025-06-18 14:00:00+00:00,4661.113592128897
2025-06-18 15:30:00+00:00,4662.671875662808
2025-06-20 09:45:00+00:00,4645.662223564083
2025-06-20 13:30:00+00:00,4678.68792197196
2025-06-20 14:45:00+00:00,4714.831759862355
2025-06-20 17:30:00+00:00,4787.378197328649
2025-06-20 18:30:00+00:00,4773.694569270752
2025-06-20 20:00:00+00:00,4760.460840503664
2025-06-20 20:15:00+00:00,4746.247217300472
2025-06-21 00:00:00+00:00,4746.997619651071
2025-06-21 01:15:00+00:00,4748.13083309051
2025-06-21 03:00:00+00:00,4748.644933682909
2025-06-21 06:45:00+00:00,4740.068048644271
2025-06-21 08:00:00+00:00,4725.0616889232415
2025-06-21 08:45:00+00:00,4723.592258249597
2025-06-21 09:00:00+00:00,4708.9176665024
2025-06-21 09:45:00+00:00,4690.848389033785
2025-06-21 21:15:00+00:00,4712.152306505392
2025-06-22 00:30:00+00:00,4698.924114223548
2025-06-22 03:00:00+00:00,4699.689211764511
2025-06-22 09:45:00+00:00,4686.308216481001
2025-06-22 13:30:00+00:00,4671.934504142111
2025-06-22 14:15:00+00:00,4657.810518430798
2025-06-22 14:45:00+00:00,4659.718502181995
2025-06-22 15:15:00+00:00,4660.863817915348
2025-06-22 20:00:00+00:00,4647.080121560582
2025-06-22 20:45:00+00:00,4649.015921300337
2025-06-22 22:30:00+00:00,4684.94497992053
2025-06-23 05:15:00+00:00,4660.79437689986
2025-06-23 07:00:00+00:00,4646.985678173128
2025-06-23 09:15:00+00:00,4648.130746349243
2025-06-23 10:15:00+00:00,4634.231830909455
2025-06-23 11:15:00+00:00,4635.226935374466
2025-06-23 11:45:00+00:00,4636.630480441837
2025-06-23 12:30:00+00:00,4622.821785890067
2025-06-23 13:30:00+00:00,4594.350367371187
2025-06-23 14:15:00+00:00,4579.857140709927
2025-06-23 15:45:00+00:00,4565.555225030128
2025-06-23 16:15:00+00:00,4602.209397671564
2025-06-23 17:00:00+00:00,4611.350607928995
2025-06-23 17:15:00+00:00,4584.981193754638
2025-06-23 20:15:00+00:00,4620.9530318602365
2025-06-23 22:00:00+00:00,4644.604774488585
2025-06-24 05:00:00+00:00,4623.525390794458
2025-06-24 05:15:00+00:00,4622.1746411490885
2025-06-24 07:30:00+00:00,4623.429748697744
2025-06-24 09:30:00+00:00,4624.827316927215
2025-06-24 13:30:00+00:00,4625.154993670059
2025-06-24 15:45:00+00:00,4625.336971420322
2025-06-24 19:00:00+00:00,4625.606505724682
2025-06-24 19:45:00+00:00,4627.130980347067
2025-06-25 00:45:00+00:00,4662.921935089422
2025-06-25 04:00:00+00:00,4649.182056782029
2025-06-25 04:15:00+00:00,4650.577554900852
2025-06-25 09:00:00+00:00,4685.796322835277
2025-06-25 10:15:00+00:00,4672.093040889031
2025-06-25 11:45:00+00:00,4658.275703451578
2025-06-25 13:30:00+00:00,4692.802220624123
2025-06-25 14:15:00+00:00,4678.9188560403545
2025-06-25 15:15:00+00:00,4736.445996701768
2025-06-25 17:30:00+00:00,4736.779439109609
2025-06-25 21:30:00+00:00,4737.0687411286435
2025-06-25 23:00:00+00:00,4723.598775451673
2025-06-26 07:15:00+00:00,4725.015227367346
2025-06-26 07:30:00+00:00,4711.419559440529
2025-06-26 12:45:00+00:00,4747.559861008586
2025-06-26 14:30:00+00:00,4733.685496745522
2025-06-26 20:30:00+00:00,4720.0595877700825
2025-06-27 01:00:00+00:00,4721.379085576968
2025-06-27 01:15:00+00:00,4720.497580148898
2025-06-28 12:45:00+00:00,4721.218701277389
2025-06-28 13:30:00+00:00,4706.970631170943
2025-06-28 15:45:00+00:00,4742.453818153006
2025-06-28 17:45:00+00:00,4778.493975161733
2025-06-28 18:15:00+00:00,4778.555227077515
2025-06-29 00:30:00+00:00,4774.526256970179
2025-06-29 02:00:00+00:00,4760.298394595141
2025-06-29 09:30:00+00:00,4795.895689156615
2025-06-30 04:30:00+00:00,4782.087989615633
2025-06-30 06:45:00+00:00,4768.142608060101
2025-06-30 09:30:00+00:00,4754.266488486883
2025-06-30 12:45:00+00:00,4740.281978844455
2025-06-30 13:00:00+00:00,4741.066940715597
2025-06-30 14:00:00+00:00,4726.997722029885
2025-06-30 14:45:00+00:00,4713.118537320117
2025-06-30 15:15:00+00:00,4699.290523351706
2025-06-30 15:45:00+00:00,4732.94136957805
2025-06-30 20:15:00+00:00,4719.535176714233
2025-06-30 21:45:00+00:00,4718.779205713163
2025-07-01 00:30:00+00:00,4701.924377501634
2025-07-01 02:30:00+00:00,4687.941632792006
2025-07-01 03:00:00+00:00,4671.408600633213
2025-07-01 03:45:00+00:00,4655.035935593043
2025-07-01 04:00:00+00:00,4638.1400833012085
2025-07-01 04:45:00+00:00,4621.051692890969
2025-07-01 12:00:00+00:00,4619.129436485187
2025-07-01 13:30:00+00:00,4602.303091408013
2025-07-01 14:00:00+00:00,4622.55645699469
2025-07-01 15:00:00+00:00,4623.622655926971
2025-07-01 16:30:00+00:00,4624.808377998216
2025-07-01 19:15:00+00:00,4625.934313300831
2025-07-01 20:00:00+00:00,4660.731946358793
2025-07-02 02:00:00+00:00,4661.680693357785
2025-07-02 02:15:00+00:00,4662.974499463997
2025-07-02 03:15:00+00:00,4648.829169716428
2025-07-02 04:00:00+00:00,4632.919280204209
2025-07-02 06:45:00+00:00,4618.686992831014
2025-07-02 16:45:00+00:00,4620.159797100704
2025-07-02 17:30:00+00:00,4606.703181648242
2025-07-02 23:15:00+00:00,4593.303764471842
2025-07-03 07:30:00+00:00,4631.425777677304
2025-07-03 11:15:00+00:00,4617.611341493711
2025-07-03 12:30:00+00:00,4603.811695689843
2025-07-03 14:30:00+00:00,4606.493111993819
2025-07-03 15:30:00+00:00,4593.132650982493
2025-07-03 18:00:00+00:00,4579.765238032012
2025-07-04 00:30:00+00:00,4580.709986695534
2025-07-04 00:45:00+00:00,4577.288502919499
2025-07-04 10:00:00+00:00,4563.536411000826
2025-07-04 14:15:00+00:00,4599.576785380991
2025-07-04 16:00:00+00:00,4635.832527868728
2025-07-04 16:30:00+00:00,4671.977638938724
2025-07-04 17:30:00+00:00,4658.342989089973
2025-07-04 21:15:00+00:00,4659.682316409941
2025-07-04 22:15:00+00:00,4645.972172602282
2025-07-06 18:15:00+00:00,4646.990740600557
2025-07-07 10:45:00+00:00,4647.015949246679
2025-07-07 11:30:00+00:00,4632.519619381968
2025-07-07 12:45:00+00:00,4618.090367202195
2025-07-07 13:45:00+00:00,4653.794493984186
2025-07-07 16:15:00+00:00,4655.1789666719915
2025-07-07 17:45:00+00:00,4641.770081328627
2025-07-07 18:15:00+00:00,4628.309008156918
2025-07-07 18:45:00+00:00,4626.662557988483
2025-07-07 21:30:00+00:00,4612.887001337366
2025-07-07 21:45:00+00:00,4599.315500173726
2025-07-08 00:30:00+00:00,4585.594445765204
2025-07-08 05:45:00+00:00,4569.565606076144
2025-07-08 06:00:00+00:00,4570.69074802914
2025-07-08 08:15:00+00:00,4562.808032644823
2025-07-08 14:00:00+00:00,4548.149370868699
2025-07-08 14:45:00+00:00,4534.131433115118
2025-07-08 17:00:00+00:00,4570.141872193254
2025-07-08 19:30:00+00:00,4571.494497711394
2025-07-08 23:45:00+00:00,4572.033794106639
2025-07-09 00:15:00+00:00,4570.414651695475
2025-07-09 01:30:00+00:00,4556.3561862259385
2025-07-09 05:00:00+00:00,4541.92574527081
2025-07-09 09:00:00+00:00,4543.159826601132
2025-07-09 12:45:00+00:00,4544.488772470619
2025-07-09 19:30:00+00:00,4530.777959279636
2025-07-09 20:00:00+00:00,4531.00646993751
2025-07-09 20:30:00+00:00,4517.433711922228
2025-07-09 21:00:00+00:00,4504.031733101332
2025-07-10 03:15:00+00:00,4504.597652163873
2025-07-10 04:15:00+00:00,4504.459685211012
2025-07-11 07:45:00+00:00,4539.572136235499
2025-07-11 09:15:00+00:00,4524.756515682315
2025-07-11 14:15:00+00:00,4509.776281882125
2025-07-11 15:45:00+00:00,4511.685354720053
2025-07-11 21:30:00+00:00,4513.736912329669
2025-07-12 01:00:00+00:00,4515.924505127687
2025-07-13 15:15:00+00:00,4502.4171421749925
2025-07-14 00:15:00+00:00,4475.440601006866
2025-07-14 13:45:00+00:00,4473.362028940936
2025-07-14 14:15:00+00:00,4475.213597125345
2025-07-14 14:30:00+00:00,4461.677867019956
2025-07-14 15:30:00+00:00,4496.930147454041
2025-07-14 15:45:00+00:00,4483.864033369083
2025-07-14 16:15:00+00:00,4485.264532854717
2025-07-14 22:15:00+00:00,4477.724663492462
2025-07-14 23:45:00+00:00,4477.051214542859
2025-07-15 00:15:00+00:00,4462.644325669914
2025-07-15 01:15:00+00:00,4498.342863504424
2025-07-15 01:30:00+00:00,4499.204302403638
2025-07-15 01:45:00+00:00,4534.405376869381
2025-07-15 03:00:00+00:00,4569.934776095622
2025-07-15 04:00:00+00:00,4605.615168124935
2025-07-15 04:30:00+00:00,4607.019748567632
2025-07-15 04:45:00+00:00,4593.387775318289
2025-07-15 09:15:00+00:00,4594.362612579022
2025-07-15 10:15:00+00:00,4590.1123363910465
2025-07-15 11:15:00+00:00,4591.350133295268
2025-07-15 12:30:00+00:00,4576.726341463392
2025-07-15 13:00:00+00:00,4562.360548517232
2025-07-15 13:30:00+00:00,4548.179230621716
2025-07-15 14:45:00+00:00,4584.146894834103
2025-07-15 15:45:00+00:00,4570.733525195316
2025-07-15 16:00:00+00:00,4556.958424125822
2025-07-15 18:30:00+00:00,4543.566759209476
2025-07-15 22:30:00+00:00,4529.724024132123
2025-07-16 15:15:00+00:00,4530.92660166502
2025-07-16 18:30:00+00:00,4567.506948277271
2025-07-17 21:00:00+00:00,4604.303192805651
2025-07-18 00:00:00+00:00,4591.231361801312
2025-07-18 03:45:00+00:00,4578.007164886123
2025-07-18 04:15:00+00:00,4564.923847090724
2025-07-18 04:30:00+00:00,4551.586061785636
2025-07-18 05:00:00+00:00,4538.2406250551185
2025-07-18 09:00:00+00:00,4574.100752223127
2025-07-18 11:30:00+00:00,4610.87687751681
2025-07-18 12:15:00+00:00,4597.013071839668
2025-07-18 12:45:00+00:00,4583.7971480853275
2025-07-18 13:30:00+00:00,4570.606923204121
2025-07-18 15:30:00+00:00,4607.390723672537
2025-07-18 17:15:00+00:00,4594.389228333415
2025-07-18 19:00:00+00:00,4631.243945132738
2025-07-18 19:15:00+00:00,4633.134050968556
2025-07-18 20:15:00+00:00,4669.834600536938
2025-07-18 21:00:00+00:00,4671.716186689245
2025-07-18 21:45:00+00:00,4658.464459291455
2025-07-19 01:15:00+00:00,4660.357590506943
2025-07-19 10:45:00+00:00,4662.355983587588
2025-07-21 10:45:00+00:00,4663.827728472059
2025-07-21 11:30:00+00:00,4649.884293633753
2025-07-21 15:00:00+00:00,4686.356757220329
2025-07-21 22:30:00+00:00,4675.5270466731145
2025-07-22 01:30:00+00:00,4675.593249548251
2025-07-22 01:45:00+00:00,4661.981617638421
2025-07-22 03:30:00+00:00,4663.784280092137
2025-07-22 04:45:00+00:00,4650.698381098805
2025-07-22 06:15:00+00:00,4651.191289067019
2025-07-22 06:30:00+00:00,4637.732221114492
2025-07-22 08:00:00+00:00,4624.617473356978
2025-07-22 08:15:00+00:00,4661.107494990067
2025-07-22 10:30:00+00:00,4647.627280128861
2025-07-22 13:45:00+00:00,4634.387655253554
2025-07-22 14:45:00+00:00,4635.730972264738
2025-07-22 19:45:00+00:00,4622.594993069218
2025-07-22 20:45:00+00:00,4611.017956682401
2025-07-23 01:00:00+00:00,4597.581701983811
2025-07-23 02:00:00+00:00,4583.956051692596
2025-07-23 08:15:00+00:00,4585.488839585352
2025-07-23 12:45:00+00:00,4571.763097546123
2025-07-23 13:15:00+00:00,4558.167444473902
2025-07-23 13:45:00+00:00,4594.76613372003
2025-07-23 15:45:00+00:00,4581.661614148578
2025-07-23 20:30:00+00:00,4618.558914942646
2025-07-23 21:45:00+00:00,4620.528832966973
2025-07-24 00:15:00+00:00,4607.569627280475
2025-07-24 04:30:00+00:00,4594.333074919125
2025-07-24 05:45:00+00:00,4581.075954760606
2025-07-24 06:15:00+00:00,4568.0217653119
2025-07-24 06:30:00+00:00,4554.933042367126
2025-07-24 08:00:00+00:00,4541.964176167849
2025-07-24 09:45:00+00:00,4543.960956281799
2025-07-24 11:15:00+00:00,4530.989743772027
2025-07-24 16:30:00+00:00,4517.858078620307
2025-07-25 04:45:00+00:00,4517.879001628105
2025-07-25 07:15:00+00:00,4503.4842689711895
2025-07-25 08:15:00+00:00,4488.95394966464
2025-07-25 09:15:00+00:00,4474.636979771822
2025-07-25 10:00:00+00:00,4460.356790500397
2025-07-25 11:15:00+00:00,4446.027659360399
2025-07-25 14:15:00+00:00,4432.68806431176
2025-07-25 16:45:00+00:00,4419.613519555788
2025-07-25 18:00:00+00:00,4420.1070371210435
2025-07-25 19:00:00+00:00,4406.90431193261
2025-07-27 12:30:00+00:00,4407.931405089364
2025-07-28 14:00:00+00:00,4394.65815099552
2025-07-28 18:15:00+00:00,4381.234764313292
2025-07-28 20:15:00+00:00,4367.865051129746
2025-07-28 22:30:00+00:00,4404.613944910267
2025-07-29 02:45:00+00:00,4391.241627663217
2025-07-29 03:00:00+00:00,4392.739876070353
2025-07-29 07:30:00+00:00,4380.82731734482
2025-07-29 09:45:00+00:00,4366.965223960819
2025-07-29 10:45:00+00:00,4354.99039094785
2025-07-29 12:15:00+00:00,4356.227767381359
2025-07-29 13:45:00+00:00,4357.63112555135
2025-07-29 14:45:00+00:00,4393.836077436466
2025-07-29 16:45:00+00:00,4395.341200514932
2025-07-29 17:00:00+00:00,4381.642179337492
2025-07-29 17:15:00+00:00,4383.071700701814
2025-07-30 01:45:00+00:00,4384.361722968926
2025-07-30 04:30:00+00:00,4386.047815427443
2025-07-30 04:45:00+00:00,4382.591776191118
2025-07-30 18:45:00+00:00,4369.149757922191
2025-07-30 21:30:00+00:00,4370.992363761438
2025-07-31 08:00:00+00:00,4371.272828592108
2025-07-31 13:00:00+00:00,4372.845304080379
2025-08-01 00:45:00+00:00,4408.161193183155
2025-08-01 01:30:00+00:00,4430.754636987292
2025-08-01 02:30:00+00:00,4417.333178253444
2025-08-01 03:15:00+00:00,4403.246629585139
2025-08-01 08:00:00+00:00,4439.807134303193
2025-08-01 12:30:00+00:00,4440.376555285376
2025-08-01 14:15:00+00:00,4428.510104827306
2025-08-01 16:15:00+00:00,4465.259423901997
2025-08-02 00:00:00+00:00,4467.062890342583
2025-08-02 17:15:00+00:00,4453.628709296589
2025-08-03 00:30:00+00:00,4444.692735698894
2025-08-04 15:30:00+00:00,4429.3381058831455
2025-08-04 16:00:00+00:00,4465.1735752810055
2025-08-04 18:15:00+00:00,4450.225449839679
2025-08-04 19:30:00+00:00,4451.387700767831
2025-08-04 20:00:00+00:00,4436.245996054748
2025-08-05 01:45:00+00:00,4422.426774405781
2025-08-05 02:15:00+00:00,4406.994939638805
2025-08-05 05:45:00+00:00,4393.871937591729
2025-08-05 07:30:00+00:00,4380.056396146572
2025-08-05 09:00:00+00:00,4438.177403169549
2025-08-05 12:15:00+00:00,4437.363995662178
2025-08-05 12:30:00+00:00,4473.563616926149
2025-08-05 14:00:00+00:00,4509.839188850054
2025-08-05 22:45:00+00:00,4496.158304177785
2025-08-05 23:15:00+00:00,4497.605103955309
2025-08-06 05:15:00+00:00,4498.872018782659
2025-08-06 05:30:00+00:00,4534.274704142177
2025-08-06 20:30:00+00:00,4534.587097108547
2025-08-07 01:45:00+00:00,4518.554453875244
2025-08-07 12:00:00+00:00,4486.968078183339
2025-08-07 12:45:00+00:00,4471.2696267458705
2025-08-07 14:00:00+00:00,4470.690806045982
2025-08-07 14:45:00+00:00,4471.6453229956005
2025-08-07 16:45:00+00:00,4456.48951383155
2025-08-07 19:30:00+00:00,4429.11143262906
2025-08-07 21:30:00+00:00,4415.150187772004
2025-08-07 22:45:00+00:00,4436.767121966151
2025-08-08 00:30:00+00:00,4437.94525494736
2025-08-08 07:15:00+00:00,4434.453730036088
2025-08-09 08:00:00+00:00,4435.507810675125
2025-08-09 12:00:00+00:00,4421.52498454639
2025-08-09 22:15:00+00:00,4422.767036221967
2025-08-10 04:30:00+00:00,4424.144690929069
2025-08-10 08:45:00+00:00,4410.734359568129
2025-08-10 14:15:00+00:00,4412.339583584354
2025-08-10 14:30:00+00:00,4415.244345357616
2025-08-11 04:00:00+00:00,4401.951842478795
2025-08-11 05:00:00+00:00,4402.696221785328
2025-08-11 08:00:00+00:00,4403.0060920119295
2025-08-11 09:30:00+00:00,4424.438138133744
2025-08-11 16:00:00+00:00,4410.9941413678025
2025-08-11 16:45:00+00:00,4412.650666587896
2025-08-11 19:30:00+00:00,4399.313733092985
2025-08-11 21:30:00+00:00,4385.928797767922
2025-08-11 22:15:00+00:00,4372.525681573437
2025-08-12 02:00:00+00:00,4359.172724906814
2025-08-12 02:30:00+00:00,4345.559833694965
2025-08-12 06:15:00+00:00,4347.1519265280895
2025-08-12 13:45:00+00:00,4333.6244653718
2025-08-13 04:15:00+00:00,4370.252823348459
2025-08-13 05:45:00+00:00,4356.962493458489
2025-08-13 13:15:00+00:00,4393.578604075818
2025-08-13 14:45:00+00:00,4379.746907363702
2025-08-14 10:30:00+00:00,4366.748407995335
2025-08-14 13:45:00+00:00,4353.792470777822
2025-08-14 14:30:00+00:00,4340.858632815437
2025-08-14 23:30:00+00:00,4335.227699175905
2025-08-15 01:45:00+00:00,4337.255739410682
2025-08-15 02:00:00+00:00,4323.797446418728
2025-08-15 05:45:00+00:00,4325.861969533627
2025-08-15 17:15:00+00:00,4312.257236823849
2025-08-15 17:30:00+00:00,4298.9900221794705
2025-08-15 20:30:00+00:00,4300.723723396734
2025-08-15 23:00:00+00:00,4287.488731228664
2025-08-15 23:15:00+00:00,4289.1991297712575
2025-08-16 00:00:00+00:00,4283.144474961832
2025-08-16 00:30:00+00:00,4269.722892761332
2025-08-16 06:30:00+00:00,4260.355857911203
2025-08-16 07:15:00+00:00,4261.603075133878
2025-08-16 09:45:00+00:00,4243.980120303679
2025-08-16 16:15:00+00:00,4230.784498358197
2025-08-17 14:30:00+00:00,4267.493963146574
2025-08-17 18:45:00+00:00,4269.198417633817
2025-08-17 22:15:00+00:00,4255.79581855966
2025-08-18 01:15:00+00:00,4257.668326861235
2025-08-18 06:15:00+00:00,4293.724939782404
2025-08-18 10:15:00+00:00,4293.750847044731
2025-08-18 12:30:00+00:00,4295.467290322874
2025-08-18 12:45:00+00:00,4281.715129741322
2025-08-18 13:15:00+00:00,4266.544251602564
2025-08-18 14:15:00+00:00,4267.614893032326
2025-08-18 14:45:00+00:00,4253.440537208591
2025-08-18 15:00:00+00:00,4254.897507071353
2025-08-18 16:00:00+00:00,4241.311438682275
2025-08-19 14:15:00+00:00,4227.764378164505
2025-08-19 18:30:00+00:00,4214.423909384027
2025-08-20 01:45:00+00:00,4215.902101434212
2025-08-20 02:15:00+00:00,4216.816749562292
2025-08-20 03:15:00+00:00,4218.447779976045
2025-08-20 08:30:00+00:00,4204.987399498758
2025-08-20 23:45:00+00:00,4206.378897525145
2025-08-21 02:30:00+00:00,4207.38088156491
2025-08-21 05:00:00+00:00,4193.551576718602
2025-08-22 07:00:00+00:00,4180.1862096181185
2025-08-22 12:30:00+00:00,4216.4702121240525
2025-08-22 13:30:00+00:00,4202.915439946232
2025-08-22 20:45:00+00:00,4239.753877776122
2025-08-22 22:15:00+00:00,4239.215195433838
2025-08-23 01:15:00+00:00,4241.054728590896
2025-08-23 02:30:00+00:00,4227.439518941079
2025-08-23 04:30:00+00:00,4263.875380238457
2025-08-23 04:45:00+00:00,4265.448350844763
2025-08-23 08:00:00+00:00,4252.100788897059
2025-08-23 09:30:00+00:00,4238.534158757073
2025-08-23 10:15:00+00:00,4224.738336432874
2025-08-23 13:30:00+00:00,4210.708689349015
2025-08-23 14:45:00+00:00,4211.400656744966
2025-08-23 18:45:00+00:00,4198.13467924454
2025-08-24 12:00:00+00:00,4199.148395072134
2025-08-24 16:45:00+00:00,4200.311334806834
2025-08-25 02:45:00+00:00,4199.290301708643
2025-08-25 03:00:00+00:00,4186.25579225331
2025-08-25 10:30:00+00:00,4222.950144474508
2025-08-25 14:00:00+00:00,4209.355155363641
2025-08-25 15:00:00+00:00,4195.922511806228
2025-08-25 19:15:00+00:00,4232.570917144929
2025-08-25 20:00:00+00:00,4269.271943520778
2025-08-25 21:45:00+00:00,4270.863518274735
2025-08-25 22:30:00+00:00,4272.565122927277
2025-08-26 00:15:00+00:00,4259.229353144336
2025-08-26 01:15:00+00:00,4260.946338072326
2025-08-26 02:00:00+00:00,4247.651671301383
2025-08-26 03:00:00+00:00,4247.977729782451
2025-08-26 08:15:00+00:00,4234.569430592918
2025-08-26 08:45:00+00:00,4234.853030231427
2025-08-28 09:45:00+00:00,4234.598681046687
2025-08-28 13:30:00+00:00,4231.1093701529935
2025-08-28 13:45:00+00:00,4230.768034727045
2025-08-29 00:15:00+00:00,4216.895885297001
2025-08-29 01:30:00+00:00,4218.003014616828
2025-08-29 02:15:00+00:00,4204.248870370951
2025-08-29 06:30:00+00:00,4240.920667245903
2025-08-29 07:00:00+00:00,4277.201790705772
2025-08-29 08:45:00+00:00,4312.887738318827
2025-08-29 09:45:00+00:00,4298.805021792538
2025-08-29 10:00:00+00:00,4300.3481287483755
2025-08-29 12:30:00+00:00,4286.613307639113
2025-08-29 14:00:00+00:00,4295.278240806652
2025-08-29 21:30:00+00:00,4332.081855558863
2025-08-30 02:00:00+00:00,4318.2091729526255
2025-09-01 07:15:00+00:00,4304.635376568286
2025-09-01 07:30:00+00:00,4341.027143240244
2025-09-01 07:45:00+00:00,4377.237417284379
2025-09-01 10:30:00+00:00,4378.753408242938
2025-09-01 11:30:00+00:00,4323.849166516113
2025-09-01 16:00:00+00:00,4310.252140025384
2025-09-01 17:00:00+00:00,4295.450735678803
2025-09-01 20:30:00+00:00,4330.805653613173
2025-09-01 23:00:00+00:00,4317.207131188287
2025-09-02 00:30:00+00:00,4290.206031942264
2025-09-02 01:15:00+00:00,4275.5491107399985
2025-09-02 02:45:00+00:00,4260.8445754426775
2025-09-02 10:30:00+00:00,4256.803218281884
2025-09-02 11:45:00+00:00,4241.410214909853
2025-09-02 15:30:00+00:00,4227.746198306799
2025-09-02 15:45:00+00:00,4213.742660408586
2025-09-02 18:45:00+00:00,4199.676892495311
2025-09-03 00:45:00+00:00,4185.645863713019
2025-09-03 04:15:00+00:00,4186.622467988186
2025-09-04 20:30:00+00:00,4187.864542679507
2025-09-05 01:15:00+00:00,4173.483688512539
2025-09-05 01:30:00+00:00,4160.62584779264
2025-09-05 02:30:00+00:00,4146.667125078254
2025-09-05 07:00:00+00:00,4132.385296589351
2025-09-06 09:45:00+00:00,4115.590769242845
2025-09-06 12:00:00+00:00,4149.048970178711
2025-09-06 13:15:00+00:00,4133.40108516671
2025-09-06 15:45:00+00:00,4117.745750492115
2025-09-07 13:00:00+00:00,4153.002061046918
2025-09-07 13:45:00+00:00,4189.13229534216
2025-09-07 14:15:00+00:00,4174.712813351116
2025-09-07 14:45:00+00:00,4160.762273096288
2025-09-07 15:00:00+00:00,4147.279301907037
2025-09-07 16:30:00+00:00,4147.9786357491685
2025-09-07 17:15:00+00:00,4149.16256878809
2025-09-07 17:45:00+00:00,4135.70878095439
2025-09-07 18:30:00+00:00,4107.81478497128
2025-09-08 00:15:00+00:00,4108.83029380427
2025-09-08 10:00:00+00:00,4144.61997496309
2025-09-08 11:00:00+00:00,4145.795201808884
2025-09-08 11:15:00+00:00,4131.694093572651
2025-09-08 13:15:00+00:00,4167.474375776395
2025-09-08 13:30:00+00:00,4168.7648734564045
2025-09-08 13:45:00+00:00,4153.776124865492
2025-09-08 15:00:00+00:00,4189.864542063514
2025-09-08 16:30:00+00:00,4191.04162247257
2025-09-08 16:45:00+00:00,4177.30049171513
2025-09-08 17:45:00+00:00,4163.293092780574
2025-09-08 20:30:00+00:00,4147.75489959305
2025-09-08 23:30:00+00:00,4149.109523550291
2025-09-09 02:00:00+00:00,4135.248168433637
2025-09-09 07:45:00+00:00,4136.451328226565
2025-09-09 12:00:00+00:00,4121.82973879162
2025-09-09 13:00:00+00:00,4108.1257784754125
2025-09-09 21:00:00+00:00,4094.7726845980214
2025-09-10 02:00:00+00:00,4067.3532773787597
2025-09-10 02:15:00+00:00,4053.5845509544624
2025-09-10 13:00:00+00:00,4087.476973783444
2025-09-10 14:00:00+00:00,4087.6908869363306
2025-09-10 14:30:00+00:00,4088.675334309044
2025-09-10 15:15:00+00:00,4074.2770723264002
2025-09-10 16:45:00+00:00,4110.956885379568
2025-09-10 17:30:00+00:00,4096.135558696002
2025-09-10 19:15:00+00:00,4081.895514664956
2025-09-11 04:00:00+00:00,4104.890609662975
2025-09-11 12:30:00+00:00,4106.1570083918805
2025-09-13 10:15:00+00:00,4090.800796045263
2025-09-14 13:45:00+00:00,4126.773349806625
2025-09-14 16:00:00+00:00,4128.033232136963
2025-09-14 16:45:00+00:00,4113.887633161069
2025-09-14 17:30:00+00:00,4100.700998516529
2025-09-14 21:30:00+00:00,4087.4629326708505
2025-09-14 21:45:00+00:00,4088.180177481439
2025-09-14 22:45:00+00:00,4080.254086892872
2025-09-15 00:15:00+00:00,4066.6422549490535
2025-09-15 03:15:00+00:00,4050.473942833985
2025-09-15 05:15:00+00:00,4036.780568773289
2025-09-15 07:30:00+00:00,4072.7903539845015
2025-09-15 07:45:00+00:00,4109.373396383874
2025-09-15 08:45:00+00:00,4145.699791397297
2025-09-15 11:00:00+00:00,4146.814700394413
2025-09-15 15:45:00+00:00,4147.909114674328
2025-09-15 20:45:00+00:00,4149.455758529973
2025-09-15 22:30:00+00:00,4143.289705669658
2025-09-16 01:15:00+00:00,4144.779270135741
2025-09-16 12:00:00+00:00,4131.37270460169
2025-09-16 13:45:00+00:00,4117.921161096915
2025-09-17 02:45:00+00:00,4103.655992020781
2025-09-17 04:30:00+00:00,4104.578075395661
2025-09-17 07:15:00+00:00,4089.434740821725
2025-09-18 05:15:00+00:00,4091.1255500085804
2025-09-18 10:15:00+00:00,4077.1364671108868
2025-09-18 13:30:00+00:00,4063.5843201880516
2025-09-18 13:45:00+00:00,4049.589497061792
2025-09-18 17:30:00+00:00,4036.198583190151
2025-09-18 18:30:00+00:00,4022.89394122385
2025-09-19 04:00:00+00:00,4024.6318916004643
2025-09-19 09:15:00+00:00,4025.9929478294976
2025-09-19 11:00:00+00:00,4012.46488389328
2025-09-20 02:00:00+00:00,4048.537413741407
2025-09-20 05:30:00+00:00,4034.9806051632117
2025-09-20 07:45:00+00:00,4021.0893825152652
2025-09-20 14:45:00+00:00,4022.1102369121095
2025-09-20 15:00:00+00:00,4057.4060671544416
2025-09-20 19:45:00+00:00,4043.30641695698
2025-09-22 06:00:00+00:00,4080.0043674940976
2025-09-22 13:45:00+00:00,4101.664321536003
2025-09-22 17:30:00+00:00,4103.253654657405
2025-09-22 21:15:00+00:00,4104.624015495021
2025-09-23 00:15:00+00:00,4106.074656773126
2025-09-23 02:15:00+00:00,4142.313607500946
2025-09-23 02:30:00+00:00,4178.090352688597
2025-09-23 02:45:00+00:00,4213.037373160022
2025-09-23 04:15:00+00:00,4200.059916830595
2025-09-23 05:00:00+00:00,4201.571598444785
2025-09-23 06:30:00+00:00,4188.055016320892
2025-09-23 11:00:00+00:00,4173.829190512052
2025-09-23 13:15:00+00:00,4171.934481147351
2025-09-23 15:00:00+00:00,4208.695211053742
2025-09-24 03:15:00+00:00,4245.127058156741
2025-09-24 04:00:00+00:00,4280.759518576744
2025-09-24 04:30:00+00:00,4266.988828994665
2025-09-24 11:00:00+00:00,4256.935806254516
2025-09-24 13:45:00+00:00,4258.095916552887
2025-09-24 15:45:00+00:00,4259.444666972922
2025-09-24 19:45:00+00:00,4295.362938159587
2025-09-24 21:45:00+00:00,4281.441906608306
2025-09-24 23:00:00+00:00,4267.577103338358
2025-09-25 01:00:00+00:00,4253.661915497072
2025-09-25 02:00:00+00:00,4254.386722837756
2025-09-25 02:30:00+00:00,4240.411742465177
2025-09-25 04:45:00+00:00,4276.635883588079
2025-09-25 11:30:00+00:00,4277.472237275577
2025-09-25 12:15:00+00:00,4263.802147469426
2025-09-25 13:30:00+00:00,4265.4144340949415
2025-09-25 16:15:00+00:00,4252.107877100188
2025-09-25 18:15:00+00:00,4253.811421424419
2025-09-25 18:30:00+00:00,4241.967960485749
2025-09-25 19:15:00+00:00,4228.789343939205
2025-09-26 00:45:00+00:00,4230.577804732141
2025-09-26 05:45:00+00:00,4217.107779684571
2025-09-26 07:30:00+00:00,4203.595453167663
2025-09-26 12:30:00+00:00,4205.379740906097
2025-09-26 17:15:00+00:00,4206.974269168729
2025-09-27 01:45:00+00:00,4202.649540104368
2025-09-27 05:00:00+00:00,4204.243912118528
2025-09-28 00:00:00+00:00,4204.809573944721
2025-09-28 20:30:00+00:00,4237.488762264863
2025-09-28 22:15:00+00:00,4270.602951203322
2025-09-28 23:15:00+00:00,4269.624208098893
2025-09-29 01:45:00+00:00,4253.902723945614
2025-09-29 06:00:00+00:00,4239.858522056742
2025-09-29 07:30:00+00:00,4241.445462768049
2025-09-29 08:15:00+00:00,4242.1340883729945
2025-09-29 08:45:00+00:00,4227.883864509689
2025-09-29 09:30:00+00:00,4213.322245116384
2025-09-29 11:00:00+00:00,4198.564063579017
2025-09-29 12:30:00+00:00,4199.357240835991
2025-09-29 13:15:00+00:00,4200.351711454311
2025-09-29 13:30:00+00:00,4234.699905972906
2025-09-29 14:00:00+00:00,4256.331890316366
2025-09-29 15:45:00+00:00,4242.4002837531825
2025-09-29 17:45:00+00:00,4243.787028675827
2025-09-29 20:00:00+00:00,4230.023930452965
2025-09-29 20:45:00+00:00,4265.916861693053
2025-09-30 00:15:00+00:00,4251.591180654653
2025-09-30 00:45:00+00:00,4286.470109467092
2025-09-30 01:00:00+00:00,4278.55147487661
2025-09-30 04:30:00+00:00,4279.749794320351
2025-09-30 05:30:00+00:00,4265.647665634905
2025-09-30 09:00:00+00:00,4302.184447443065
2025-09-30 13:45:00+00:00,4288.082509565789
2025-09-30 17:15:00+00:00,4274.412655902608
2025-09-30 19:15:00+00:00,4310.800362317601
2025-09-30 21:30:00+00:00,4312.340707085742
2025-10-01 02:15:00+00:00,4304.151139940969
2025-10-01 03:30:00+00:00,4290.627103367116
2026-04-01 02:15:00+00:00,4276.695385027898
2026-04-01 07:45:00+00:00,4262.86318329886
2026-04-01 12:45:00+00:00,4264.00420815232
2026-04-02 01:15:00+00:00,4299.866156378294
2026-04-02 03:15:00+00:00,4336.230951637183
2026-04-02 05:45:00+00:00,4337.6067151467205
2026-04-02 08:15:00+00:00,4334.771846264796
2026-04-02 13:15:00+00:00,4370.87669230777
2026-04-02 13:30:00+00:00,4406.660758358814
2026-04-02 13:45:00+00:00,4392.938419964362
2026-04-02 14:30:00+00:00,4379.342094060148
2026-04-02 15:30:00+00:00,4368.020269698888
2026-04-02 16:30:00+00:00,4354.229157410273
2026-04-02 17:15:00+00:00,4340.356028865542
2026-04-02 20:00:00+00:00,4326.498062564419
2026-04-02 20:15:00+00:00,4312.593462272733
2026-04-02 21:30:00+00:00,4313.437919450947
2026-04-03 01:15:00+00:00,4299.584618613361
2026-04-03 03:00:00+00:00,4294.97200940137
2026-04-03 11:15:00+00:00,4294.853709409083
2026-04-03 19:00:00+00:00,4295.534593777459
2026-04-03 22:00:00+00:00,4281.027847819375
2026-04-04 02:30:00+00:00,4281.788305619116
2026-04-04 10:30:00+00:00,4281.9498779386095
2026-04-05 02:00:00+00:00,4266.659073665565
2026-04-05 04:15:00+00:00,4251.121931465811
2026-04-05 05:45:00+00:00,4286.905266737893
2026-04-05 06:30:00+00:00,4272.338173560681
2026-04-05 10:30:00+00:00,4272.86191552698
2026-04-05 12:00:00+00:00,4258.279967381949
2026-04-05 13:00:00+00:00,4258.582383832364
2026-04-05 13:15:00+00:00,4243.642848725137
2026-04-05 13:30:00+00:00,4229.278285779165
2026-04-05 15:15:00+00:00,4214.645273387164
2026-04-05 22:45:00+00:00,4195.084865339235
2026-04-06 00:00:00+00:00,4230.238052240059
2026-04-06 00:15:00+00:00,4230.7950574394235
2026-04-06 01:00:00+00:00,4216.575814754007
2026-04-06 01:30:00+00:00,4188.258000267445
2026-04-06 03:15:00+00:00,4188.822932486811
2026-04-06 06:30:00+00:00,4175.191355039169
2026-04-06 07:45:00+00:00,4173.5831222113675
2026-04-06 09:15:00+00:00,4244.992859073064
2026-04-06 11:30:00+00:00,4246.171050055553
2026-04-06 12:00:00+00:00,4231.7844253008025
2026-04-06 14:00:00+00:00,4216.936430362879
2026-04-06 14:30:00+00:00,4203.147283666757
2026-04-06 14:45:00+00:00,4202.590901755278
2026-04-06 16:45:00+00:00,4188.692005259188
2026-04-06 17:00:00+00:00,4189.205573708784
2026-04-06 21:30:00+00:00,4176.109689772948
2026-04-06 22:30:00+00:00,4160.124186607861
2026-04-06 22:45:00+00:00,4146.0567673615205
2026-04-06 23:00:00+00:00,4115.493424819421
2026-04-06 23:45:00+00:00,4116.823434895541
2026-04-07 00:00:00+00:00,4102.850066843851
2026-04-07 01:00:00+00:00,4103.250870006379
2026-04-07 02:15:00+00:00,4139.667474012526
2026-04-07 04:45:00+00:00,4140.754892100609
2026-04-07 05:00:00+00:00,4140.735650073823
2026-04-07 08:00:00+00:00,4141.402254611761
2026-04-07 08:45:00+00:00,4126.8519100512485
2026-04-07 09:00:00+00:00,4128.060686710147
2026-04-07 10:45:00+00:00,4163.756284287413
2026-04-07 12:15:00+00:00,4164.734427357888
2026-04-07 12:45:00+00:00,4150.890709781114
2026-04-07 14:00:00+00:00,4186.654132442333
2026-04-07 17:30:00+00:00,4187.88827451056
2026-04-07 23:30:00+00:00,4189.60426520569
2026-04-08 00:15:00+00:00,4176.233506485713
2026-04-08 00:30:00+00:00,4163.089666857327
2026-04-08 00:45:00+00:00,4149.911481176455
2026-04-08 07:00:00+00:00,4140.993725337075
2026-04-08 07:30:00+00:00,4137.802835820196
2026-04-08 11:30:00+00:00,4123.646495471411
2026-04-08 13:30:00+00:00,4124.601336349651
2026-04-08 13:45:00+00:00,4110.571720727862
2026-04-08 14:00:00+00:00,4112.164137129058
2026-04-08 14:15:00+00:00,4098.158653830252
2026-04-08 14:30:00+00:00,4084.360542680793
2026-04-08 18:45:00+00:00,4071.7333702158166
2026-04-09 00:30:00+00:00,4107.643851951293
2026-04-09 02:00:00+00:00,4108.758965344544
2026-04-09 08:45:00+00:00,4105.09251440248
2026-04-09 10:15:00+00:00,4090.9612207696873
2026-04-09 12:30:00+00:00,4091.7922027894647
2026-04-10 12:15:00+00:00,4077.546427175254
2026-04-10 14:15:00+00:00,4063.436416063365
2026-04-10 15:15:00+00:00,4049.5580540888723
2026-04-10 18:15:00+00:00,4035.757296104519
2026-04-11 04:15:00+00:00,4071.9653879909083
2026-04-11 07:30:00+00:00,4072.291497097846
2026-04-11 14:00:00+00:00,4072.2709271730546
2026-04-11 14:15:00+00:00,4056.929036250408
2026-04-11 15:15:00+00:00,4042.0675769695586
2026-04-11 16:30:00+00:00,3997.8587151539596
2026-04-11 18:30:00+00:00,3954.102599004196
2026-04-11 19:00:00+00:00,3939.573239668616
2026-04-12 01:30:00+00:00,3975.577755997295
2026-04-12 08:15:00+00:00,3970.1925070566917
2026-04-12 15:30:00+00:00,3969.4919660813503
2026-04-12 17:45:00+00:00,3971.0505180207233
2026-04-12 20:30:00+00:00,3956.3968691696364
2026-04-13 00:30:00+00:00,3940.203119734909
2026-04-13 09:30:00+00:00,3927.076505964902
2026-04-13 16:15:00+00:00,3920.945755239748
2026-04-13 22:45:00+00:00,3957.2079125404975
2026-04-14 00:45:00+00:00,3943.6793726272854
2026-04-14 07:30:00+00:00,3943.3551715755943
2026-04-14 11:15:00+00:00,3944.0785062878904
2026-04-14 11:30:00+00:00,3928.3361056539525
2026-04-14 12:15:00+00:00,3899.565966726552
2026-04-14 12:30:00+00:00,3885.891116268161
2026-04-14 13:45:00+00:00,3919.5996913869917
2026-04-14 14:30:00+00:00,3906.08882450629
2026-04-14 16:45:00+00:00,3906.080302483889
2026-04-14 17:30:00+00:00,3878.286752408039
2026-04-14 18:45:00+00:00,3863.7507007520353
2026-04-15 03:15:00+00:00,3864.238059220397
2026-04-15 20:15:00+00:00,3850.691697363824
2026-04-15 23:30:00+00:00,3837.1669885818797
2026-04-16 01:00:00+00:00,3823.5456319848768
2026-04-16 13:45:00+00:00,3809.8978981117975
2026-04-16 15:30:00+00:00,3846.73946271834
2026-04-16 16:15:00+00:00,3833.6596308092603
2026-04-16 20:00:00+00:00,3870.3597326376685
2026-04-17 01:00:00+00:00,3856.8127279484406
2026-04-17 01:30:00+00:00,3843.4568370153584
2026-04-17 02:15:00+00:00,3829.5316852091037
2026-04-18 00:00:00+00:00,3823.4753978371937
2026-04-18 02:00:00+00:00,3809.424277850426
2026-04-19 07:30:00+00:00,3795.2407045678815
2026-04-19 07:45:00+00:00,3781.5766359715244
2026-04-19 11:00:00+00:00,3782.419353262604
2026-04-19 12:15:00+00:00,3754.4193470102728
2026-04-19 13:00:00+00:00,3740.6436781071084
2026-04-19 13:15:00+00:00,3726.420103547143
2026-04-19 14:30:00+00:00,3727.719382328333
2026-04-19 14:45:00+00:00,3713.985216639619
2026-04-19 22:00:00+00:00,3750.374790436948
2026-04-20 00:15:00+00:00,3759.4107066809997
2026-04-20 00:30:00+00:00,3745.461190820911
2026-04-20 02:30:00+00:00,3731.8593661412924
2026-04-20 06:00:00+00:00,3732.655845258626
2026-04-20 06:30:00+00:00,3718.829844766769
2026-04-20 07:15:00+00:00,3704.7594617342374
2026-04-20 13:00:00+00:00,3706.12115715518
2026-04-20 14:45:00+00:00,3704.8890802475617
2026-04-20 15:15:00+00:00,3690.2469676593146
2026-04-20 18:00:00+00:00,3675.8375198788262
2026-04-20 21:00:00+00:00,3712.131900645395
2026-04-20 23:00:00+00:00,3698.2944606328065
2026-04-21 14:30:00+00:00,3698.6475395517077
2026-04-22 14:30:00+00:00,3684.135479616813
2026-04-22 16:15:00+00:00,3669.6456784997827
2026-04-22 16:30:00+00:00,3670.176555270701
2026-04-22 19:30:00+00:00,3655.7001220186694
2026-04-22 21:00:00+00:00,3641.197455704151
2026-04-22 23:00:00+00:00,3626.4906158678996
2026-04-22 23:15:00+00:00,3618.9957811981985
2026-04-22 23:30:00+00:00,3604.2562202215227
2026-04-23 00:00:00+00:00,3589.2124497423765
2026-04-23 09:00:00+00:00,3590.011712410983
2026-04-23 14:15:00+00:00,3625.096761637773
2026-04-23 16:45:00+00:00,3610.7540716226836
2026-04-23 17:30:00+00:00,3596.4924325071192
2026-04-24 04:30:00+00:00,3597.5843366164513
2026-04-24 09:00:00+00:00,3597.921361150357
2026-04-24 13:30:00+00:00,3583.8833081022462
2026-04-24 14:15:00+00:00,3569.271950019594
2026-04-24 22:00:00+00:00,3569.7898783149167
2026-04-25 01:45:00+00:00,3570.390231343742
2026-04-25 08:30:00+00:00,3568.3824903448062
2026-04-27 05:15:00+00:00,3604.282986837408
2026-04-27 11:15:00+00:00,3605.380740447419
2026-04-27 14:30:00+00:00,3591.003376770858
2026-04-27 15:15:00+00:00,3627.8686064312265
2026-04-27 22:00:00+00:00,3625.058888455201
2026-04-27 23:45:00+00:00,3610.143133305217
2026-04-28 02:45:00+00:00,3610.9087620311934
2026-04-28 05:30:00+00:00,3610.961357853564
2026-04-28 06:30:00+00:00,3645.8203075644324
2026-04-28 09:45:00+00:00,3616.1018513620747
2026-04-28 11:00:00+00:00,3616.1605614641417
2026-04-28 13:00:00+00:00,3616.493404761377
2026-04-28 14:00:00+00:00,3616.4801688363045
2026-04-28 14:30:00+00:00,3602.143369508576
2026-04-28 19:30:00+00:00,3587.40123750371
2026-04-28 21:15:00+00:00,3587.098250867188
2026-04-28 23:15:00+00:00,3572.6154011346475
2026-04-29 01:30:00+00:00,3557.486974629897
2026-04-29 04:30:00+00:00,3593.096797925312
2026-04-29 07:30:00+00:00,3664.770684669824
2026-04-29 09:45:00+00:00,3701.1974358051707
2026-04-29 10:30:00+00:00,3686.773257015078
2026-04-29 12:00:00+00:00,3673.6026866916263
2026-04-29 13:30:00+00:00,3646.3069191784098
2026-04-29 14:45:00+00:00,3633.1692441019695
2026-04-29 15:30:00+00:00,3619.9842592821424
2026-04-29 16:30:00+00:00,3606.842634369304
2026-04-29 20:00:00+00:00,3592.8446759593935
2026-04-29 20:30:00+00:00,3579.1892383656586
2026-04-29 21:45:00+00:00,3565.3218084250802
2026-04-30 00:30:00+00:00,3551.052068711442
2026-04-30 00:45:00+00:00,3506.580209263566
2026-04-30 04:30:00+00:00,3542.3503998780952
2026-04-30 05:15:00+00:00,3576.6705813263657
2026-04-30 07:45:00+00:00,3576.8191717814716
2026-05-01 09:15:00+00:00,3563.0650329085033
2026-05-01 14:15:00+00:00,3563.154609676143
2026-05-01 14:30:00+00:00,3564.207741961437
2026-05-01 15:45:00+00:00,3564.840898841937
2026-05-01 20:30:00+00:00,3550.5540744441123
2026-05-01 20:45:00+00:00,3521.6805504573294
2026-05-02 03:15:00+00:00,3518.8590337600467
2026-05-02 05:15:00+00:00,3518.8904099477013
2026-05-02 12:00:00+00:00,3512.4064824778247
2026-05-03 15:45:00+00:00,3511.0867955586473
2026-05-03 20:45:00+00:00,3509.76965878307
2026-05-04 05:15:00+00:00,3495.54206731642
2026-05-04 06:15:00+00:00,3481.8298422650646
2026-05-04 10:00:00+00:00,3439.697405872468
2026-05-04 12:45:00+00:00,3397.5137865142556
2026-05-04 17:15:00+00:00,3383.762015026016
2026-05-05 01:30:00+00:00,3369.236718631365
2026-05-05 02:00:00+00:00,3341.3516228324766
2026-05-05 02:15:00+00:00,3326.7666333807847
2026-05-05 05:30:00+00:00,3298.3772078184893
2026-05-05 06:45:00+00:00,3284.146904054929
2026-05-05 07:30:00+00:00,3255.680044369405
2026-05-05 09:45:00+00:00,3242.241520749967
2026-05-05 10:15:00+00:00,3227.6714019197234
2026-05-05 12:00:00+00:00,3228.2177183514746
2026-05-05 12:30:00+00:00,3200.2098323258383
2026-05-05 13:00:00+00:00,3185.7819440486387
2026-05-05 13:45:00+00:00,3171.30757807463
2026-05-05 18:00:00+00:00,3157.7617676790687
2026-05-05 20:00:00+00:00,3144.010852896507
2026-05-05 20:15:00+00:00,3144.862895236941
2026-05-05 21:00:00+00:00,3130.3752989132427
2026-05-05 22:45:00+00:00,3117.1353724055803
2026-05-06 01:00:00+00:00,3119.6523244185937
2026-05-06 01:45:00+00:00,3105.493373102456
2026-05-06 02:15:00+00:00,3105.948353744901
2026-05-06 03:15:00+00:00,3091.682027325933
2026-05-06 03:30:00+00:00,3077.9795262345433
2026-05-06 04:00:00+00:00,3063.8259623466806
2026-05-06 08:00:00+00:00,3049.857529653214
2026-05-06 08:15:00+00:00,3035.74849706125
2026-05-06 08:30:00+00:00,3008.101613558133
2026-05-06 08:45:00+00:00,2979.8154006652735
2026-05-06 09:15:00+00:00,2965.0232361797407
2026-05-06 13:00:00+00:00,2965.866821730032
2026-05-06 13:45:00+00:00,3002.1583532263217
2026-05-06 14:00:00+00:00,2988.359582451221
2026-05-06 16:00:00+00:00,3011.0020566600465
2026-05-06 20:45:00+00:00,3009.7806952375654
2026-05-06 21:45:00+00:00,2996.2539411818198
2026-05-06 23:00:00+00:00,2981.4583079180607
2026-05-07 00:30:00+00:00,2982.7956803353763
2026-05-07 01:30:00+00:00,2983.7411851695783
2026-05-07 02:30:00+00:00,2969.3963049875374
2026-05-07 04:15:00+00:00,2970.793704171982
2026-05-07 05:00:00+00:00,2956.3029405970947
2026-05-07 06:30:00+00:00,2928.914220478365
2026-05-07 06:45:00+00:00,2914.9798986641017
2026-05-07 12:00:00+00:00,2915.1721830105125
2026-05-07 13:45:00+00:00,2951.7220043105203
2026-05-07 14:30:00+00:00,2987.742635064188
2026-05-07 15:15:00+00:00,3024.1350285947046
2026-05-07 15:30:00+00:00,3025.356363436527
2026-05-07 17:15:00+00:00,3060.8286730798436
2026-05-07 18:15:00+00:00,3046.422598539541
2026-05-07 21:45:00+00:00,3042.6821616780485
2026-05-08 00:00:00+00:00,3041.694524583465
2026-05-08 08:45:00+00:00,3041.72459223161
2026-05-08 09:15:00+00:00,3043.3342372328007
2026-05-08 10:45:00+00:00,3027.3609085454923
2026-05-08 11:45:00+00:00,3012.252980257596
2026-05-08 12:30:00+00:00,2996.4643759482587
2026-05-08 14:00:00+00:00,2965.1663121342344
2026-05-08 14:15:00+00:00,2949.7952322989104
2026-05-08 15:30:00+00:00,2950.0243231031136
2026-05-08 15:45:00+00:00,2935.5271998095795
2026-05-08 17:15:00+00:00,2907.0743185458555
2026-05-08 17:30:00+00:00,2892.7473346618067
2026-05-08 18:00:00+00:00,2878.1474648138205
2026-05-08 18:15:00+00:00,2864.121174082442
2026-05-08 20:15:00+00:00,2850.11202590894
2026-05-08 22:15:00+00:00,2841.011294845906
2026-05-09 03:15:00+00:00,2825.051468387987
2026-05-09 13:15:00+00:00,2808.4527573983387
2026-05-09 13:30:00+00:00,2809.349010024093
2026-05-09 14:15:00+00:00,2792.7001578689587
2026-05-09 15:00:00+00:00,2776.0068556986316
2026-05-10 00:30:00+00:00,2774.5569092587084
2026-05-10 08:00:00+00:00,2758.923019230871
2026-05-10 19:00:00+00:00,2745.177253084292
2026-05-11 00:45:00+00:00,2731.0912029945252
2026-05-11 06:00:00+00:00,2704.177543079356
2026-05-11 09:45:00+00:00,2705.3480288936244
2026-05-11 13:45:00+00:00,2703.5199587775164
2026-05-11 14:00:00+00:00,2689.5211740837663
2026-05-11 14:45:00+00:00,2690.339860983755
2026-05-12 07:15:00+00:00,2691.023667358556
2026-05-12 08:15:00+00:00,2676.6097254385845
2026-05-12 10:30:00+00:00,2712.829520095653
2026-05-12 13:45:00+00:00,2748.5564191526023
2026-05-12 17:15:00+00:00,2749.2949152582696
2026-05-12 18:45:00+00:00,2751.4457690894737
2026-05-12 22:00:00+00:00,2737.0924855149506
2026-05-13 00:15:00+00:00,2722.953879631974
2026-05-13 01:00:00+00:00,2709.1747299710287
2026-05-13 04:30:00+00:00,2680.04363275394
2026-05-13 08:45:00+00:00,2676.128478611798
2026-05-13 09:30:00+00:00,2711.936322748561
2026-05-13 11:00:00+00:00,2698.761069889519
2026-05-13 12:30:00+00:00,2684.0818194488224
2026-05-13 13:45:00+00:00,2656.757637005575
2026-05-13 17:00:00+00:00,2657.596728130929
2026-05-13 18:00:00+00:00,2659.003205405282
2026-05-13 18:15:00+00:00,2659.0881818554935
2026-05-13 20:30:00+00:00,2659.908267847871
2026-05-13 22:30:00+00:00,2660.2244666945435
2026-05-13 23:00:00+00:00,2661.393119984814
2026-05-14 00:00:00+00:00,2646.5786394699635
2026-05-14 00:30:00+00:00,2642.9448464257734
2026-05-14 03:15:00+00:00,2677.690283802584
2026-05-14 05:15:00+00:00,2676.9956253019286
2026-05-14 05:30:00+00:00,2677.7253866711167
2026-05-14 05:45:00+00:00,2662.481494496361
2026-05-14 12:30:00+00:00,2663.2568014627527
2026-05-14 13:00:00+00:00,2663.0554968616134
2026-05-14 14:15:00+00:00,2663.569227379908
2026-05-14 14:45:00+00:00,2649.4433421322688
2026-05-14 15:45:00+00:00,2635.4190303578953
2026-05-14 17:00:00+00:00,2636.5874609267253
2026-05-14 20:00:00+00:00,2623.275686321275
2026-05-14 20:30:00+00:00,2609.8979406114972
2026-05-15 07:15:00+00:00,2596.350591762921
2026-05-15 12:00:00+00:00,2582.003146552376
2026-05-15 13:15:00+00:00,2567.681901782188
2026-05-15 13:45:00+00:00,2604.1433399324833
2026-05-15 14:00:00+00:00,2604.9790439126546
2026-05-15 16:30:00+00:00,2563.180237665924
2026-05-15 18:00:00+00:00,2548.9290961335983
2026-05-15 20:30:00+00:00,2545.7282428230774
2026-05-16 01:30:00+00:00,2530.8353026347686
2026-05-16 04:15:00+00:00,2515.825706025486
2026-05-16 06:00:00+00:00,2500.8800354697114
2026-05-16 06:45:00+00:00,2536.9033709667415
2026-05-16 07:00:00+00:00,2557.381342629804
2026-05-16 08:30:00+00:00,2558.3826093657267
2026-05-16 09:15:00+00:00,2559.2796925575108
2026-05-16 10:15:00+00:00,2593.8388487829257
2026-05-16 13:15:00+00:00,2629.9248197471625
2026-05-16 14:30:00+00:00,2614.903221737005
2026-05-16 15:30:00+00:00,2586.6889398985554
2026-05-16 18:45:00+00:00,2558.0503653692654
2026-05-16 21:15:00+00:00,2546.25465275923
2026-05-16 22:30:00+00:00,2545.956861372869
2026-05-17 00:45:00+00:00,2577.9594845560905
2026-05-17 01:00:00+00:00,2612.3792245981645
2026-05-17 01:30:00+00:00,2596.965805481503
2026-05-17 02:45:00+00:00,2597.465724341572
2026-05-17 03:30:00+00:00,2582.2442698101218
2026-05-17 04:15:00+00:00,2617.4593826881965
2026-05-17 05:00:00+00:00,2602.1716208985085
2026-05-17 07:15:00+00:00,2637.6986874157706
2026-05-17 08:15:00+00:00,2623.2431743777393
2026-05-17 10:00:00+00:00,2606.523190830809
2026-05-17 11:00:00+00:00,2606.5326295397986
2026-05-17 12:30:00+00:00,2588.6626382566214
2026-05-17 13:00:00+00:00,2574.305598790431
2026-05-17 14:00:00+00:00,2559.3141004227855
2026-05-17 14:15:00+00:00,2592.32159750074
2026-05-17 17:00:00+00:00,2611.2814231491298
2026-05-17 17:30:00+00:00,2597.0789133792964
2026-05-17 22:00:00+00:00,2597.9159451777628
2026-05-18 01:45:00+00:00,2584.381284974227
2026-05-18 03:30:00+00:00,2557.439196941349
2026-05-18 04:15:00+00:00,2543.9838161202742
2026-05-18 06:00:00+00:00,2530.273685211183
2026-05-18 06:15:00+00:00,2517.9250567714676
2026-05-18 13:30:00+00:00,2520.4920216905048
2026-05-18 14:30:00+00:00,2521.8829731937312
2026-05-18 16:00:00+00:00,2507.561887023899
2026-05-18 17:45:00+00:00,2493.3560427815128
2026-05-18 18:45:00+00:00,2479.788180533479
2026-05-18 19:00:00+00:00,2465.3143739491325
2026-05-19 10:30:00+00:00,2466.828930756088
2026-05-22 12:45:00+00:00,2452.40177913762
2026-05-22 14:15:00+00:00,2488.0461222168005
2026-05-22 18:45:00+00:00,2524.101329737603
2026-05-22 19:30:00+00:00,2560.6474876269167
2026-05-22 19:45:00+00:00,2561.907711601127
2026-05-23 02:00:00+00:00,2557.5788446003053
2026-05-23 07:45:00+00:00,2591.8239716903117
2026-05-23 13:00:00+00:00,2634.9314695128014
2026-05-23 13:45:00+00:00,2618.2579267600745
2026-05-23 14:30:00+00:00,2603.636869134895
2026-05-23 21:00:00+00:00,2589.968774976643
2026-05-23 21:15:00+00:00,2576.158762368081
2026-05-23 21:30:00+00:00,2562.498134380474
2026-05-23 22:30:00+00:00,2535.252474776764
2026-05-24 02:15:00+00:00,2521.5555765100817
2026-05-24 05:00:00+00:00,2520.949749919997
2026-05-24 05:15:00+00:00,2516.530021437893
2026-05-24 06:15:00+00:00,2517.0511783801703
2026-05-24 07:15:00+00:00,2517.8333149913087
2026-05-24 09:15:00+00:00,2517.001247433644
2026-05-24 10:15:00+00:00,2550.822696507049
2026-05-24 10:45:00+00:00,2551.054451619708
2026-05-24 13:15:00+00:00,2535.181855180143
2026-05-24 13:45:00+00:00,2505.779234867764
2026-05-24 14:15:00+00:00,2459.4194225802967
2026-05-24 21:00:00+00:00,2378.711164756717
2026-05-24 21:30:00+00:00,2355.923311063391
2026-05-24 23:30:00+00:00,2391.5703349854525
2026-05-25 01:45:00+00:00,2391.575238808579
2026-05-25 02:00:00+00:00,2392.4553011517573
2026-05-25 09:15:00+00:00,2393.3203403754246
2026-05-25 11:15:00+00:00,2378.5422535308408
2026-05-25 11:45:00+00:00,2378.13021560853
2026-05-25 12:15:00+00:00,2412.3610277663793
2026-05-25 15:15:00+00:00,2411.8983388359484
2026-05-25 16:00:00+00:00,2397.44917288118
2026-05-25 17:15:00+00:00,2382.219217694538
2026-05-25 17:45:00+00:00,2382.740763655566
2026-05-25 19:30:00+00:00,2381.273861092069
2026-05-25 20:30:00+00:00,2364.269885916491
2026-05-25 22:30:00+00:00,2347.4580335690644
2026-05-26 00:30:00+00:00,2328.9367824378273
2026-05-26 00:45:00+00:00,2314.3597894021673
2026-05-26 01:30:00+00:00,2299.9944028978816
2026-05-26 04:00:00+00:00,2285.6919643812357
2026-05-26 05:30:00+00:00,2321.340623119161
2026-05-26 08:00:00+00:00,2307.634817180169
2026-05-26 10:15:00+00:00,2293.2980870997085
2026-05-26 18:15:00+00:00,2294.577178756421
2026-05-27 00:45:00+00:00,2280.894311090388
2026-05-27 03:00:00+00:00,2278.1615884612684
2026-05-27 04:30:00+00:00,2313.4631707460685
2026-05-27 07:00:00+00:00,2334.7004825517697
2026-05-27 10:15:00+00:00,2334.8996274443334
2026-05-27 12:15:00+00:00,2320.1860750450123
2026-05-27 14:00:00+00:00,2305.9091413139554
2026-05-27 15:00:00+00:00,2291.9504853957833
2026-05-27 15:15:00+00:00,2277.314758621803
2026-05-28 03:15:00+00:00,2312.801815872434
2026-05-28 03:45:00+00:00,2385.0569359376414
2026-05-28 04:30:00+00:00,2385.8140376683136
2026-05-28 10:00:00+00:00,2372.845333574339
2026-05-28 11:15:00+00:00,2358.8729369923954
2026-05-28 13:00:00+00:00,2344.451887194627
2026-05-28 14:00:00+00:00,2379.2316729394843
2026-05-28 14:15:00+00:00,2375.450317086842
2026-05-28 16:45:00+00:00,2359.1478801703042
2026-05-28 21:30:00+00:00,2344.7816557433202
2026-05-29 04:00:00+00:00,2330.250308058348
2026-05-29 14:45:00+00:00,2330.9591622888856
2026-05-30 01:00:00+00:00,2316.7190144310216
2026-05-30 06:00:00+00:00,2352.1016418190648
2026-05-30 14:00:00+00:00,2387.6977600955875
2026-05-30 14:30:00+00:00,2372.3653341182085
2026-05-30 15:45:00+00:00,2407.8933051589675
2026-05-30 16:00:00+00:00,2392.709929403696
2026-05-30 17:15:00+00:00,2393.8784256893905
2026-05-30 21:30:00+00:00,2415.369894867613
2026-05-30 22:00:00+00:00,2402.016622700471
2026-05-31 02:00:00+00:00,2386.989942154746
2026-05-31 02:45:00+00:00,2423.698621059076
2026-05-31 03:00:00+00:00,2408.911101662482
2026-05-31 07:00:00+00:00,2395.4910766255007
2026-05-31 07:30:00+00:00,2381.9963471922947
2026-05-31 08:15:00+00:00,2382.663885463742
2026-05-31 13:15:00+00:00,2382.7554055342644
2026-05-31 14:15:00+00:00,2384.3079266998716
2026-05-31 14:30:00+00:00,2419.6156272873754
2026-05-31 16:15:00+00:00,2406.0397742888563
2026-05-31 16:30:00+00:00,2404.315973221058
2026-05-31 20:45:00+00:00,2405.352361953854
2026-05-31 21:45:00+00:00,2390.8381577850637
2026-05-31 23:00:00+00:00,2361.552604533557
2026-06-01 00:30:00+00:00,2346.6416047194148
2026-06-01 04:45:00+00:00,2382.066419313004
2026-06-01 16:45:00+00:00,2368.3404694465685
2026-06-01 17:45:00+00:00,2354.6508613936526
2026-06-01 22:15:00+00:00,2355.6441908584934
2026-06-01 23:00:00+00:00,2352.5740132234055
2026-06-01 23:30:00+00:00,2337.986743053581
2026-06-02 02:00:00+00:00,2373.4666491090375
2026-06-02 09:15:00+00:00,2409.40150757823
2026-06-02 14:15:00+00:00,2445.232678165057
2026-06-02 16:00:00+00:00,2482.5431370786746
2026-06-02 19:30:00+00:00,2522.187224520616
2026-06-02 21:00:00+00:00,2523.4880975714937
2026-06-02 23:15:00+00:00,2560.120576636551
2026-06-03 03:15:00+00:00,2596.4758856845187
2026-06-03 03:30:00+00:00,2583.2942355131677
2026-06-03 04:00:00+00:00,2569.6867776866443
2026-06-03 04:45:00+00:00,2571.4804036897103
2026-06-03 05:00:00+00:00,2557.914427848921
2026-06-03 06:30:00+00:00,2594.5783862670937
2026-06-03 11:45:00+00:00,2592.5648844536877
2026-06-03 13:30:00+00:00,2584.273539995408
2026-06-03 21:45:00+00:00,2585.9356281878954
2026-06-03 23:00:00+00:00,2622.1944646426414
2026-06-04 00:30:00+00:00,2658.9688146659537
2026-06-04 01:45:00+00:00,2645.844658780267
2026-06-04 07:00:00+00:00,2647.8063632920966
2026-06-04 08:00:00+00:00,2649.792589565212
2026-06-04 08:15:00+00:00,2636.539229695896
2026-06-04 09:15:00+00:00,2625.332565033842
2026-06-04 21:15:00+00:00,2613.9047223803077
2026-06-04 21:30:00+00:00,2615.6543026603663
2026-06-05 01:00:00+00:00,2602.6220011078485
2026-06-05 02:30:00+00:00,2589.6534615765972
2026-06-05 03:45:00+00:00,2576.7438450829072
2026-06-05 07:00:00+00:00,2563.887565291856
2026-06-05 08:30:00+00:00,2565.8884232106802
2026-06-05 12:00:00+00:00,2552.87657916354
2026-06-05 13:45:00+00:00,2541.693646442011
2026-06-05 15:00:00+00:00,2511.995938194663
2026-06-05 15:30:00+00:00,2498.988162359703
2026-06-05 15:45:00+00:00,2473.061572891432
2026-06-05 16:00:00+00:00,2460.064290744225
2026-06-05 18:15:00+00:00,2462.0593763802403
2026-06-05 18:45:00+00:00,2449.015936588802
2026-06-05 19:00:00+00:00,2422.981955033497
2026-06-05 23:15:00+00:00,2425.060134363935
2026-06-06 04:00:00+00:00,2427.022733002954
2026-06-06 06:15:00+00:00,2466.036998976966
2026-06-06 09:00:00+00:00,2539.9175114647414
2026-06-06 09:45:00+00:00,2541.791212660649
2026-06-06 10:00:00+00:00,2530.763436123047
2026-06-06 10:30:00+00:00,2517.4974245092017
2026-06-06 15:00:00+00:00,2519.4101514243434
2026-06-06 15:15:00+00:00,2521.237655412924
2026-06-06 17:45:00+00:00,2507.895863786812
2026-06-07 08:30:00+00:00,2544.837438475833
2026-06-08 12:00:00+00:00,2531.330636891488
2026-06-08 16:45:00+00:00,2532.9149691873977
2026-06-08 17:00:00+00:00,2519.2341193034626
2026-06-08 20:15:00+00:00,2505.3634443173983
2026-06-08 22:00:00+00:00,2507.655934779194
2026-06-09 17:15:00+00:00,2495.3974582315595
2026-06-11 01:30:00+00:00,2481.7831492579926
2026-06-11 09:00:00+00:00,2483.361904620322
2026-06-11 12:00:00+00:00,2484.0765548775194
2026-06-11 12:15:00+00:00,2484.6167640341496
2026-06-11 15:00:00+00:00,2471.0918747046203
2026-06-11 17:15:00+00:00,2456.8819940739118
2026-06-11 17:45:00+00:00,2493.060151200315
2026-06-11 20:15:00+00:00,2517.2030064587334
2026-06-11 20:30:00+00:00,2503.724542487937
2026-06-12 01:15:00+00:00,2504.5275229545846
2026-06-12 03:15:00+00:00,2491.3449163189207
2026-06-12 04:30:00+00:00,2493.6047734259296
2026-06-12 05:00:00+00:00,2493.666799089752
2026-06-12 05:30:00+00:00,2479.352073661964
2026-06-12 06:15:00+00:00,2464.4197683763796
2026-06-12 08:15:00+00:00,2451.1639654748888
2026-06-12 09:15:00+00:00,2486.3333671868995
2026-06-12 10:15:00+00:00,2479.153023939004
2026-06-12 12:30:00+00:00,2464.3889313365084
2026-06-12 13:30:00+00:00,2449.4855366465645
2026-06-12 15:00:00+00:00,2469.4188940165623
2026-06-12 15:45:00+00:00,2455.187810088556
2026-06-12 20:45:00+00:00,2441.2377800429517
2026-06-12 21:45:00+00:00,2478.005339195087
2026-06-12 23:00:00+00:00,2478.231138910793
2026-06-13 01:00:00+00:00,2479.6085481860546
2026-06-13 07:15:00+00:00,2465.610304047972
2026-06-13 10:15:00+00:00,2451.2553678015374
2026-06-13 10:45:00+00:00,2437.675243310662
2026-06-13 11:15:00+00:00,2422.9719524503894
2026-06-13 12:30:00+00:00,2408.290365875476
2026-06-13 16:00:00+00:00,2409.5336966942227
2026-06-13 21:30:00+00:00,2410.0843924260166
2026-06-14 04:30:00+00:00,2410.9327540565687
2026-06-14 06:30:00+00:00,2394.6330563907577
2026-06-14 09:15:00+00:00,2378.443434405159
2026-06-14 12:30:00+00:00,2414.1492397010843
2026-06-14 12:45:00+00:00,2397.9272975173417
2026-06-14 13:15:00+00:00,2434.1424335168426
2026-06-14 14:30:00+00:00,2417.9325287240995
2026-06-15 02:00:00+00:00,2454.4009108319788
2026-06-15 07:00:00+00:00,2451.9295924860007
2026-06-15 07:30:00+00:00,2448.17555773019
2026-06-15 08:45:00+00:00,2440.839269474752
2026-06-15 10:45:00+00:00,2476.399378821056
2026-06-15 11:15:00+00:00,2512.218285799529
2026-06-15 12:15:00+00:00,2548.6731014811025
2026-06-15 13:15:00+00:00,2534.9805294182547
2026-06-15 15:00:00+00:00,2521.7974232462
2026-06-15 15:45:00+00:00,2508.166028753344
2026-06-15 16:15:00+00:00,2544.785834733187
2026-06-15 19:15:00+00:00,2546.175578451137
2026-06-15 19:45:00+00:00,2532.9315146776526
2026-06-15 21:00:00+00:00,2519.671482698158
2026-06-15 21:30:00+00:00,2505.935325928356
2026-06-15 22:15:00+00:00,2492.3646116240884
2026-06-15 23:15:00+00:00,2515.4468402056477
2026-06-16 02:00:00+00:00,2501.9497973273515
2026-06-16 02:15:00+00:00,2488.1458443809574
2026-06-16 04:30:00+00:00,2475.8876915377573
2026-06-16 07:30:00+00:00,2461.81789286761
2026-06-16 08:15:00+00:00,2497.92601113128
2026-06-16 08:45:00+00:00,2455.586888882362
2026-06-16 12:15:00+00:00,2442.212610837666
2026-06-16 12:30:00+00:00,2444.254797241621
2026-06-16 13:45:00+00:00,2480.194502328257
2026-06-16 14:15:00+00:00,2516.352064382163
2026-06-16 17:45:00+00:00,2539.061223812368
2026-06-17 00:30:00+00:00,2510.317312665979
2026-06-17 01:00:00+00:00,2496.603030476169
2026-06-17 01:45:00+00:00,2482.969068962245
2026-06-17 02:15:00+00:00,2484.605479502121
2026-06-17 07:00:00+00:00,2486.005252440099
2026-06-17 08:45:00+00:00,2522.1946350336752
2026-06-17 09:45:00+00:00,2523.493187588219
2026-06-17 12:45:00+00:00,2524.5916463347717
2026-06-17 13:30:00+00:00,2525.758692596074
2026-06-17 14:00:00+00:00,2526.015939047425
2026-06-17 15:15:00+00:00,2527.525071710539
2026-06-17 15:45:00+00:00,2514.106274283891
2026-06-17 17:45:00+00:00,2515.468696596807
2026-06-17 18:30:00+00:00,2502.162198666174
2026-06-18 01:45:00+00:00,2487.2752002910393
2026-06-18 04:00:00+00:00,2524.1809865110376
2026-06-18 05:00:00+00:00,2560.42014838597
2026-06-18 07:15:00+00:00,2532.9661794405106
2026-06-18 08:00:00+00:00,2533.879751047173
2026-06-18 10:15:00+00:00,2519.7870138114176
2026-06-18 13:30:00+00:00,2520.5938326801434
2026-06-18 14:00:00+00:00,2555.720473749363
2026-06-18 15:15:00+00:00,2542.0761592066215
2026-06-18 15:30:00+00:00,2577.787449678414
2026-06-18 18:15:00+00:00,2563.9933956149853
2026-06-18 19:45:00+00:00,2550.5213063683477
2026-06-18 20:00:00+00:00,2536.565012650555
2026-06-19 03:15:00+00:00,2538.1917398011337
2026-06-19 13:30:00+00:00,2539.017318648058
2026-06-19 13:45:00+00:00,2540.275014715991
2026-06-19 16:00:00+00:00,2526.1738298916125
2026-06-19 21:00:00+00:00,2522.487858208825
2026-06-19 22:45:00+00:00,2514.422799860185
2026-06-19 23:45:00+00:00,2498.6772955539714
2026-06-20 06:30:00+00:00,2483.179032566562
2026-06-20 06:45:00+00:00,2484.927511259294
2026-06-20 09:15:00+00:00,2486.037010894989
2026-06-20 13:30:00+00:00,2487.8103962425494
2026-06-20 14:00:00+00:00,2523.6888507572407
2026-06-20 20:15:00+00:00,2524.5696441735704
2026-06-21 07:00:00+00:00,2510.3099060927934
2026-06-22 13:30:00+00:00,2546.0405045912876
2026-06-22 14:30:00+00:00,2547.249798921478
2026-06-23 06:00:00+00:00,2533.5985162195593
2026-06-23 06:15:00+00:00,2569.388213492795
2026-06-23 08:15:00+00:00,2627.912981976189
2026-06-23 11:45:00+00:00,2614.279528767489
2026-06-23 13:45:00+00:00,2614.5574075611667
2026-06-23 16:00:00+00:00,2615.1596859311003
2026-06-23 20:00:00+00:00,2615.998505947419
2026-06-23 23:45:00+00:00,2601.3531763348365
2026-06-24 00:00:00+00:00,2587.880769110295
2026-06-24 01:30:00+00:00,2573.2469392154467
2026-06-24 04:15:00+00:00,2559.0393752384625
2026-06-24 10:15:00+00:00,2559.86903579298
2026-06-24 11:00:00+00:00,2596.206497715028
2026-06-24 11:15:00+00:00,2581.621701305578
2026-06-24 13:00:00+00:00,2617.5122938988793
2026-06-24 13:15:00+00:00,2605.2484751290576
2026-06-24 15:30:00+00:00,2591.605710880561
2026-06-24 16:45:00+00:00,2650.87572790883
2026-06-24 17:15:00+00:00,2637.5996523808403
2026-06-24 18:15:00+00:00,2638.999027590188
2026-06-24 19:00:00+00:00,2642.572917190954
2026-06-24 20:00:00+00:00,2628.9967123471383
2026-06-24 21:45:00+00:00,2652.5009067646
2026-06-24 22:00:00+00:00,2639.2198946899857
2026-06-25 02:45:00+00:00,2638.388207563026
2026-06-25 04:30:00+00:00,2629.4657595239587
2026-06-25 04:45:00+00:00,2615.0046739292115
2026-06-25 07:00:00+00:00,2616.288806064971
2026-06-25 10:15:00+00:00,2602.2300657102733
2026-06-25 10:30:00+00:00,2588.4638093636545
2026-06-25 11:00:00+00:00,2573.7998503892
2026-06-25 11:45:00+00:00,2595.7213958254724
2026-06-25 12:15:00+00:00,2581.1918203566556
2026-06-25 12:30:00+00:00,2553.257445292489
2026-06-25 13:30:00+00:00,2539.1637851014257
2026-06-25 14:30:00+00:00,2548.235572185353
2026-06-25 17:15:00+00:00,2584.974963854034
2026-06-25 21:15:00+00:00,2586.861349727628
2026-06-26 01:00:00+00:00,2585.6144922451704
2026-06-26 02:00:00+00:00,2587.2600400095157
2026-06-26 02:15:00+00:00,2623.9720957681716
2026-06-26 02:45:00+00:00,2610.3307773261586
2026-06-26 03:15:00+00:00,2596.964547001665
2026-06-26 07:30:00+00:00,2633.4328546902725
2026-06-26 08:30:00+00:00,2635.0495065045366
2026-06-26 09:45:00+00:00,2608.005307216144
2026-06-26 10:30:00+00:00,2594.3984114283235
2026-06-26 11:15:00+00:00,2580.5246497090025
2026-06-26 12:00:00+00:00,2581.81616789478
2026-06-26 12:30:00+00:00,2568.0176719811243
2026-06-26 13:15:00+00:00,2540.066435427756
2026-06-26 14:15:00+00:00,2549.297353110282
2026-06-26 16:15:00+00:00,2552.808415278799
2026-06-26 23:00:00+00:00,2544.651008054923
2026-06-27 03:15:00+00:00,2547.2798112883083
2026-06-27 05:45:00+00:00,2546.829874383309
2026-06-27 14:00:00+00:00,2582.885573747452
2026-06-29 23:15:00+00:00,2569.4532615289386
2026-06-30 00:30:00+00:00,2556.3123578479126
2026-06-30 12:00:00+00:00,2592.255889692652
2026-06-30 12:45:00+00:00,2627.163918883619
2026-06-30 13:30:00+00:00,2648.313214013362
2026-06-30 14:00:00+00:00,2606.1515505073717
2026-06-30 15:45:00+00:00,2593.6045145979956
2026-07-01 01:00:00+00:00,2629.568071577575
