time,equity
2021-04-01 00:00:00+00:00,5030.816777982289
2021-04-01 04:00:00+00:00,5071.260458004106
2021-04-01 08:00:00+00:00,5123.968059267585
2021-04-01 12:00:00+00:00,5131.604348781997
2021-04-01 16:00:00+00:00,5111.315010033418
2021-04-01 20:00:00+00:00,5137.1119818006655
2021-04-02 00:00:00+00:00,5176.385574480346
2021-04-02 04:00:00+00:00,5200.78662630287
2021-04-02 08:00:00+00:00,5215.617499746304
2021-04-02 12:00:00+00:00,5261.41826087667
2021-04-02 16:00:00+00:00,5209.492152854467
2021-04-02 20:00:00+00:00,5307.598203406858
2021-04-03 00:00:00+00:00,5417.983798898288
2021-04-03 04:00:00+00:00,5521.726884414468
2021-04-03 08:00:00+00:00,5517.245606156758
2021-04-03 12:00:00+00:00,5361.7617580477145
2021-04-03 16:00:00+00:00,5383.579997520271
2021-04-03 20:00:00+00:00,5175.07822451285
2021-04-04 00:00:00+00:00,5313.917521902961
2021-04-04 04:00:00+00:00,5352.446833863117
2021-04-04 08:00:00+00:00,5328.59032205951
2021-04-04 12:00:00+00:00,5412.221505926509
2021-04-04 16:00:00+00:00,5406.055880595525
2021-04-04 20:00:00+00:00,5437.877254078214
2021-04-05 00:00:00+00:00,5470.2861233494405
2021-04-05 04:00:00+00:00,5419.263639331197
2021-04-05 08:00:00+00:00,5581.696634333501
2021-04-05 12:00:00+00:00,5717.857428772666
2021-04-05 16:00:00+00:00,5731.485442070927
2021-04-05 20:00:00+00:00,5838.937814960496
2021-04-06 00:00:00+00:00,5796.91290540663
2021-04-06 04:00:00+00:00,5814.860480322523
2021-04-06 08:00:00+00:00,5944.33840252
2021-04-06 12:00:00+00:00,5864.31147368099
2021-04-06 16:00:00+00:00,6085.288975204216
2021-04-06 20:00:00+00:00,6167.551777804915
2021-04-07 00:00:00+00:00,6130.355490904825
2021-04-07 04:00:00+00:00,5975.405948824476
2021-04-07 08:00:00+00:00,5662.008615272893
2021-04-07 12:00:00+00:00,5731.957036479056
2021-04-07 16:00:00+00:00,5732.775834110684
2021-04-07 20:00:00+00:00,5710.112774409912
2021-04-08 00:00:00+00:00,5811.987327244102
2021-04-08 04:00:00+00:00,5949.935862594231
2021-04-08 08:00:00+00:00,5821.979373555412
2021-04-08 12:00:00+00:00,5962.940313956222
2021-04-08 16:00:00+00:00,5984.270866654086
2021-04-08 20:00:00+00:00,6084.433093499996
2021-04-09 00:00:00+00:00,6036.935575812247
2021-04-09 04:00:00+00:00,6097.955039607513
2021-04-09 08:00:00+00:00,6144.925887798629
2021-04-09 12:00:00+00:00,6079.96475694853
2021-04-09 16:00:00+00:00,6123.776877110051
2021-04-09 20:00:00+00:00,6102.102909983524
2021-04-10 00:00:00+00:00,6280.619778098686
2021-04-10 04:00:00+00:00,6377.4388814248005
2021-04-10 08:00:00+00:00,6428.016379992202
2021-04-10 12:00:00+00:00,6478.509102657606
2021-04-10 16:00:00+00:00,6422.410904132591
2021-04-10 20:00:00+00:00,6503.558953480655
2021-04-11 00:00:00+00:00,6575.344190078892
2021-04-11 04:00:00+00:00,6532.265457259073
2021-04-11 08:00:00+00:00,6576.472472114117
2021-04-11 12:00:00+00:00,6663.85231312675
2021-04-11 16:00:00+00:00,6761.808963340409
2021-04-11 20:00:00+00:00,6756.48480410962
2021-04-12 00:00:00+00:00,6857.999363965128
2021-04-12 04:00:00+00:00,6931.744117980569
2021-04-12 08:00:00+00:00,6859.974414894596
2021-04-12 12:00:00+00:00,6717.97156912852
2021-04-12 16:00:00+00:00,6891.139436649849
2021-04-12 20:00:00+00:00,6987.560081186489
2021-04-13 00:00:00+00:00,6942.841299616615
2021-04-13 04:00:00+00:00,7021.658011611411
2021-04-13 08:00:00+00:00,7205.314341085137
2021-04-13 12:00:00+00:00,7387.925190095448
2021-04-13 16:00:00+00:00,7586.5532453087935
2021-04-13 20:00:00+00:00,7583.343912078247
2021-04-14 00:00:00+00:00,7875.532889897593
2021-04-14 04:00:00+00:00,8137.123502812225
2021-04-14 08:00:00+00:00,8201.55436557687
2021-04-14 12:00:00+00:00,7881.2912505863505
2021-04-14 16:00:00+00:00,7706.645866908811
2021-04-14 20:00:00+00:00,8054.199223145278
2021-04-15 00:00:00+00:00,8078.72494066137
2021-04-15 04:00:00+00:00,8147.140908759216
2021-04-15 08:00:00+00:00,7945.777169462659
2021-04-15 12:00:00+00:00,8144.902443827251
2021-04-15 16:00:00+00:00,8511.08140984123
2021-04-15 20:00:00+00:00,8606.054621619216
2021-04-16 00:00:00+00:00,9312.915233173342
2021-04-16 04:00:00+00:00,9010.076515650122
2021-04-16 08:00:00+00:00,9332.670755964182
2021-04-16 12:00:00+00:00,10044.89894749124
2021-04-16 16:00:00+00:00,9780.88946607662
2021-04-16 20:00:00+00:00,9872.987511374566
2021-04-17 00:00:00+00:00,9646.923104561944
2021-04-17 04:00:00+00:00,9634.411512485894
2021-04-17 08:00:00+00:00,9108.905138021297
2021-04-17 12:00:00+00:00,8890.905139517587
2021-04-17 16:00:00+00:00,9443.5093846443
2021-04-17 20:00:00+00:00,8985.843171896127
2021-04-18 00:00:00+00:00,8035.995325364347
2021-04-18 04:00:00+00:00,8575.984723280912
2021-04-18 08:00:00+00:00,7993.494944848547
2021-04-18 12:00:00+00:00,8685.02457707364
2021-04-18 16:00:00+00:00,9002.986681946797
2021-04-18 20:00:00+00:00,9128.20175492264
2021-04-19 00:00:00+00:00,9533.45023543562
2021-04-19 04:00:00+00:00,9707.369518508764
2021-04-19 08:00:00+00:00,9974.85435947277
2021-04-19 12:00:00+00:00,9179.42221408842
2021-04-19 16:00:00+00:00,9734.032648392096
2021-04-19 20:00:00+00:00,9653.440220646282
2021-04-20 00:00:00+00:00,9440.150163201492
2021-04-20 04:00:00+00:00,9482.13525077702
2021-04-20 08:00:00+00:00,9666.099862242943
2021-04-20 12:00:00+00:00,9261.096418054583
2021-04-20 16:00:00+00:00,9321.88354010506
2021-04-20 20:00:00+00:00,9176.385049834338
2021-04-21 00:00:00+00:00,9086.417082483384
2021-04-21 04:00:00+00:00,9193.10711887926
2021-04-21 08:00:00+00:00,8783.832766822301
2021-04-21 12:00:00+00:00,9146.149043561927
2021-04-21 16:00:00+00:00,9208.117034462137
2021-04-21 20:00:00+00:00,8803.234182393015
2021-04-22 00:00:00+00:00,8563.38473079641
2021-04-22 04:00:00+00:00,8788.905959155567
2021-04-22 08:00:00+00:00,8734.261523556475
2021-04-22 12:00:00+00:00,9134.02435208605
2021-04-22 16:00:00+00:00,8718.449809949618
2021-04-22 20:00:00+00:00,8268.910101975514
2021-04-23 00:00:00+00:00,7552.995342295852
2021-04-23 04:00:00+00:00,7116.468862382833
2021-04-23 08:00:00+00:00,7885.844042493093
2021-04-23 12:00:00+00:00,7779.091260100317
2021-04-23 16:00:00+00:00,7952.727980875999
2021-04-23 20:00:00+00:00,8150.384559045534
2021-04-24 00:00:00+00:00,7948.81703532949
2021-04-24 04:00:00+00:00,8190.61652701459
2021-04-24 08:00:00+00:00,7857.520775490294
2021-04-24 12:00:00+00:00,8121.724395533416
2021-04-24 16:00:00+00:00,8282.366482902038
2021-04-24 20:00:00+00:00,8060.6464900586225
2021-04-25 00:00:00+00:00,8054.072529925274
2021-04-25 04:00:00+00:00,8080.692672446409
2021-04-25 08:00:00+00:00,8178.691513340001
2021-04-25 12:00:00+00:00,8382.32945085664
2021-04-25 16:00:00+00:00,7989.070656555982
2021-04-25 20:00:00+00:00,8085.427383460957
2021-04-26 00:00:00+00:00,8538.634064895636
2021-04-26 04:00:00+00:00,8670.336890071914
2021-04-26 08:00:00+00:00,8727.173977804887
2021-04-26 12:00:00+00:00,8796.038753051014
2021-04-26 16:00:00+00:00,8836.307208152435
2021-04-26 20:00:00+00:00,8874.942766069764
2021-04-27 00:00:00+00:00,8882.552355642118
2021-04-27 04:00:00+00:00,9044.447577177298
2021-04-27 08:00:00+00:00,9225.363151852398
2021-04-27 12:00:00+00:00,9125.91677065697
2021-04-27 16:00:00+00:00,8987.881837255574
2021-04-27 20:00:00+00:00,9098.99091380353
2021-04-28 00:00:00+00:00,8972.886347915852
2021-04-28 04:00:00+00:00,9107.59996564626
2021-04-28 08:00:00+00:00,9482.52674700081
2021-04-28 12:00:00+00:00,9326.97563106669
2021-04-28 16:00:00+00:00,9503.00782365981
2021-04-28 20:00:00+00:00,9581.63221506138
2021-04-29 00:00:00+00:00,9504.070171819629
2021-04-29 04:00:00+00:00,9516.840993960584
2021-04-29 08:00:00+00:00,9551.10385778061
2021-04-29 12:00:00+00:00,9540.53075885543
2021-04-29 16:00:00+00:00,9296.600028884272
2021-04-29 20:00:00+00:00,9451.153395067704
2021-04-30 00:00:00+00:00,9524.491565234246
2021-04-30 04:00:00+00:00,9808.533153187858
2021-04-30 08:00:00+00:00,9772.32705900262
2021-04-30 12:00:00+00:00,9839.353528760594
2021-04-30 16:00:00+00:00,10046.37510517308
2021-04-30 20:00:00+00:00,10157.90087030765
2021-05-01 00:00:00+00:00,10368.03029002082
2021-05-01 04:00:00+00:00,10376.93982372281
2021-05-01 08:00:00+00:00,10433.079103684346
2021-05-01 12:00:00+00:00,10464.790017428772
2021-05-01 16:00:00+00:00,10666.889003303631
2021-05-01 20:00:00+00:00,10956.722751274285
2021-05-02 00:00:00+00:00,10535.31439654119
2021-05-02 04:00:00+00:00,10533.807134262988
2021-05-02 08:00:00+00:00,10679.176790424724
2021-05-02 12:00:00+00:00,10723.219057867747
2021-05-02 16:00:00+00:00,10812.621931975616
2021-05-02 20:00:00+00:00,10589.835107690576
2021-05-03 00:00:00+00:00,10794.719538363745
2021-05-03 04:00:00+00:00,10990.342812313012
2021-05-03 08:00:00+00:00,10964.29038753342
2021-05-03 12:00:00+00:00,11122.81869228581
2021-05-03 16:00:00+00:00,11335.0081004145
2021-05-03 20:00:00+00:00,11553.163083435493
2021-05-04 00:00:00+00:00,10960.239975254057
2021-05-04 04:00:00+00:00,11507.524351188573
2021-05-04 08:00:00+00:00,11971.87931314336
2021-05-04 12:00:00+00:00,11807.70005557711
2021-05-04 16:00:00+00:00,12446.084092558334
2021-05-04 20:00:00+00:00,11911.169266659304
2021-05-05 00:00:00+00:00,13013.607525391664
2021-05-05 04:00:00+00:00,13402.730679142667
2021-05-05 08:00:00+00:00,13499.923091548584
2021-05-05 12:00:00+00:00,12803.16158140338
2021-05-05 16:00:00+00:00,13258.096004190147
2021-05-05 20:00:00+00:00,13749.962557256778
2021-05-06 00:00:00+00:00,13529.148675757297
2021-05-06 04:00:00+00:00,13296.514959970842
2021-05-06 08:00:00+00:00,13527.611781126949
2021-05-06 12:00:00+00:00,13309.6956416277
2021-05-06 16:00:00+00:00,13091.443834773603
2021-05-06 20:00:00+00:00,13068.869452495184
2021-05-07 00:00:00+00:00,12794.2113864552
2021-05-07 04:00:00+00:00,13443.04897712896
2021-05-07 08:00:00+00:00,13516.072197127993
2021-05-07 12:00:00+00:00,13457.157935938108
2021-05-07 16:00:00+00:00,13641.498426080325
2021-05-07 20:00:00+00:00,14051.03043114059
2021-05-08 00:00:00+00:00,14340.68434774113
2021-05-08 04:00:00+00:00,14264.745739131871
2021-05-08 08:00:00+00:00,14281.993727758649
2021-05-08 12:00:00+00:00,13647.450782208223
2021-05-08 16:00:00+00:00,14090.849726551449
2021-05-08 20:00:00+00:00,13752.138625075651
2021-05-09 00:00:00+00:00,12688.39623824687
2021-05-09 04:00:00+00:00,12631.532779416091
2021-05-09 08:00:00+00:00,12092.70457653534
2021-05-09 12:00:00+00:00,12400.061224686966
2021-05-09 16:00:00+00:00,13041.730056485165
2021-05-09 20:00:00+00:00,13237.88573485301
2021-05-10 00:00:00+00:00,12985.54544213039
2021-05-10 04:00:00+00:00,13126.612292289494
2021-05-10 08:00:00+00:00,12669.861996490772
2021-05-10 12:00:00+00:00,12699.409600120323
2021-05-10 16:00:00+00:00,11499.071600649331
2021-05-10 20:00:00+00:00,11610.8433740095
2021-05-11 00:00:00+00:00,11654.998253397644
2021-05-11 04:00:00+00:00,11811.74710771375
2021-05-11 08:00:00+00:00,12046.572974533889
2021-05-11 12:00:00+00:00,12253.178294147168
2021-05-11 16:00:00+00:00,12427.061899340855
2021-05-11 20:00:00+00:00,12423.143689357714
2021-05-12 00:00:00+00:00,12620.158195604125
2021-05-12 04:00:00+00:00,12766.418867196311
2021-05-12 08:00:00+00:00,12568.169878983424
2021-05-12 12:00:00+00:00,12178.570129651398
2021-05-12 16:00:00+00:00,11937.048805148454
2021-05-12 20:00:00+00:00,10657.236084192946
2021-05-13 00:00:00+00:00,11333.487107751658
2021-05-13 04:00:00+00:00,11465.087052032124
2021-05-13 08:00:00+00:00,10891.588134959668
2021-05-13 12:00:00+00:00,11038.960533090403
2021-05-13 16:00:00+00:00,10507.457782823782
2021-05-13 20:00:00+00:00,11811.971643131445
2021-05-14 00:00:00+00:00,11831.164631498152
2021-05-14 04:00:00+00:00,12411.447198977505
2021-05-14 08:00:00+00:00,12483.946938894049
2021-05-14 12:00:00+00:00,12818.17209053933
2021-05-14 16:00:00+00:00,12854.700396691573
2021-05-14 20:00:00+00:00,12919.35674884624
2021-05-15 00:00:00+00:00,12637.077262932222
2021-05-15 04:00:00+00:00,12249.470796934023
2021-05-15 08:00:00+00:00,12381.294476711077
2021-05-15 12:00:00+00:00,12614.475325055211
2021-05-15 16:00:00+00:00,12432.485092267949
2021-05-15 20:00:00+00:00,12221.29623540808
2021-05-16 00:00:00+00:00,12843.93402292323
2021-05-16 04:00:00+00:00,12975.52490688798
2021-05-16 08:00:00+00:00,12817.3404541601
2021-05-16 12:00:00+00:00,12455.880700585492
2021-05-16 16:00:00+00:00,11922.832715428009
2021-05-16 20:00:00+00:00,12355.41022937348
2021-05-17 00:00:00+00:00,11304.62183305692
2021-05-17 04:00:00+00:00,12268.78139889873
2021-05-17 08:00:00+00:00,12263.16554481681
2021-05-17 12:00:00+00:00,11628.708322628025
2021-05-17 16:00:00+00:00,11960.97197354662
2021-05-17 20:00:00+00:00,11694.48770334047
2021-05-18 00:00:00+00:00,11942.777284018584
2021-05-18 04:00:00+00:00,12150.757846800048
2021-05-18 08:00:00+00:00,12531.598855982547
2021-05-18 12:00:00+00:00,11846.371492004642
2021-05-18 16:00:00+00:00,12080.870714873618
2021-05-18 20:00:00+00:00,12077.206985385226
2021-05-19 00:00:00+00:00,11093.590731237327
2021-05-19 04:00:00+00:00,10825.854030049906
2021-05-19 08:00:00+00:00,9656.432697430411
2021-05-19 12:00:00+00:00,9636.30985440825
2021-05-19 16:00:00+00:00,9071.083676153125
2021-05-19 20:00:00+00:00,8173.752462056801
2021-05-20 00:00:00+00:00,8453.354043911866
2021-05-20 04:00:00+00:00,9272.00119302192
2021-05-20 08:00:00+00:00,9630.877715135037
2021-05-20 12:00:00+00:00,9997.66357352288
2021-05-20 16:00:00+00:00,9709.51937849738
2021-05-20 20:00:00+00:00,9667.775198305671
2021-05-21 00:00:00+00:00,9662.314555485602
2021-05-21 04:00:00+00:00,9386.519512703446
2021-05-21 08:00:00+00:00,9416.30419780191
2021-05-21 12:00:00+00:00,8280.899458596163
2021-05-21 16:00:00+00:00,8168.135596349221
2021-05-21 20:00:00+00:00,8472.599192005315
2021-05-22 00:00:00+00:00,8075.859215188891
2021-05-22 04:00:00+00:00,7787.329612131557
2021-05-22 08:00:00+00:00,8233.122459522003
2021-05-22 12:00:00+00:00,8077.07216213683
2021-05-22 16:00:00+00:00,7663.142519483554
2021-05-22 20:00:00+00:00,7805.109983334518
2021-05-23 00:00:00+00:00,7860.383061258788
2021-05-23 04:00:00+00:00,7388.024693763491
2021-05-23 08:00:00+00:00,6937.475364832333
2021-05-23 12:00:00+00:00,6310.913774379479
2021-05-23 16:00:00+00:00,6308.976383008257
2021-05-23 20:00:00+00:00,6827.948471925631
2021-05-24 00:00:00+00:00,6973.191830524343
2021-05-24 04:00:00+00:00,7567.450160691613
2021-05-24 08:00:00+00:00,7662.448157097685
2021-05-24 12:00:00+00:00,7757.84694129735
2021-05-24 16:00:00+00:00,8337.904753784846
2021-05-24 20:00:00+00:00,8399.210914859483
2021-05-25 00:00:00+00:00,8050.681823471638
2021-05-25 04:00:00+00:00,8373.116664299643
2021-05-25 08:00:00+00:00,7516.967165310262
2021-05-25 12:00:00+00:00,8079.636409056696
2021-05-25 16:00:00+00:00,7780.058686441762
2021-05-25 20:00:00+00:00,8178.720894918592
2021-05-26 00:00:00+00:00,8565.657280474865
2021-05-26 04:00:00+00:00,8893.116292275574
2021-05-26 08:00:00+00:00,8792.207267400507
2021-05-26 12:00:00+00:00,8452.177078032695
2021-05-26 16:00:00+00:00,8461.417326530986
2021-05-26 20:00:00+00:00,8801.893733844678
2021-05-27 00:00:00+00:00,8193.468618136329
2021-05-27 04:00:00+00:00,8398.465906358317
2021-05-27 08:00:00+00:00,8669.754571491483
2021-05-27 12:00:00+00:00,8561.164192257915
2021-05-27 16:00:00+00:00,8398.9803222928
2021-05-27 20:00:00+00:00,8354.067310686714
2021-05-28 00:00:00+00:00,8406.870614492467
2021-05-28 04:00:00+00:00,7892.565422288141
2021-05-28 08:00:00+00:00,7391.933331574311
2021-05-28 12:00:00+00:00,7856.748782931465
2021-05-28 16:00:00+00:00,7756.955635545121
2021-05-28 20:00:00+00:00,7575.604269794036
2021-05-29 00:00:00+00:00,7772.446952371754
2021-05-29 04:00:00+00:00,7601.724677834585
2021-05-29 08:00:00+00:00,7471.750148930134
2021-05-29 12:00:00+00:00,7056.103422790439
2021-05-29 16:00:00+00:00,6968.151786303529
2021-05-29 20:00:00+00:00,7191.166033789367
2021-05-30 00:00:00+00:00,7174.914440227512
2021-05-30 04:00:00+00:00,7603.096196598916
2021-05-30 08:00:00+00:00,7711.257229531821
2021-05-30 12:00:00+00:00,7433.269507196263
2021-05-30 16:00:00+00:00,7589.485734684341
2021-05-30 20:00:00+00:00,7461.621432363696
2021-05-31 00:00:00+00:00,7295.170813508108
2021-05-31 04:00:00+00:00,7668.2729713205135
2021-05-31 08:00:00+00:00,7918.312253813668
2021-05-31 12:00:00+00:00,8018.888215072162
2021-05-31 16:00:00+00:00,8048.157281459065
2021-05-31 20:00:00+00:00,8273.810121443936
2021-06-01 00:00:00+00:00,8193.454555516711
2021-06-01 04:00:00+00:00,8265.206242129996
2021-06-01 08:00:00+00:00,8180.95760138979
2021-06-01 12:00:00+00:00,7985.941692216022
2021-06-01 16:00:00+00:00,8085.02382872348
2021-06-01 20:00:00+00:00,8572.920060941095
2021-06-02 00:00:00+00:00,8644.569253657111
2021-06-02 04:00:00+00:00,8908.905638883278
2021-06-02 08:00:00+00:00,9250.174599128137
2021-06-02 12:00:00+00:00,9373.66844084598
2021-06-02 16:00:00+00:00,9285.232001987824
2021-06-02 20:00:00+00:00,9311.864754550685
2021-06-03 00:00:00+00:00,9429.03693066446
2021-06-03 04:00:00+00:00,9520.53130724402
2021-06-03 08:00:00+00:00,9463.171089908956
2021-06-03 12:00:00+00:00,9425.426750654551
2021-06-03 16:00:00+00:00,9303.082136248646
2021-06-03 20:00:00+00:00,9468.275634174768
2021-06-04 00:00:00+00:00,9190.628978191422
2021-06-04 04:00:00+00:00,8570.989419868476
2021-06-04 08:00:00+00:00,8524.611531203102
2021-06-04 12:00:00+00:00,8727.321891195683
2021-06-04 16:00:00+00:00,8879.715760410778
2021-06-04 20:00:00+00:00,8811.11497071531
2021-06-05 00:00:00+00:00,9060.840887797816
2021-06-05 04:00:00+00:00,9155.434300335002
2021-06-05 08:00:00+00:00,8692.257498813105
2021-06-05 12:00:00+00:00,8854.74988947445
2021-06-05 16:00:00+00:00,8681.220266441553
2021-06-05 20:00:00+00:00,8667.796641553723
2021-06-06 00:00:00+00:00,8739.995346004436
2021-06-06 04:00:00+00:00,8761.424544264542
2021-06-06 08:00:00+00:00,8743.39211133377
2021-06-06 12:00:00+00:00,8821.187870116406
2021-06-06 16:00:00+00:00,8729.590540994523
2021-06-06 20:00:00+00:00,8812.51400698802
2021-06-07 00:00:00+00:00,8945.929698246176
2021-06-07 04:00:00+00:00,8914.300918492632
2021-06-07 08:00:00+00:00,8931.53392421296
2021-06-07 12:00:00+00:00,8787.720758227388
2021-06-07 16:00:00+00:00,8658.440159099047
2021-06-07 20:00:00+00:00,7993.61472597875
2021-06-08 00:00:00+00:00,7794.832381853551
2021-06-08 04:00:00+00:00,7822.009049823297
2021-06-08 08:00:00+00:00,7928.04543114296
2021-06-08 12:00:00+00:00,7491.337872074266
2021-06-08 16:00:00+00:00,7972.08798557056
2021-06-08 20:00:00+00:00,7979.496807070641
2021-06-09 00:00:00+00:00,7753.875786538627
2021-06-09 04:00:00+00:00,8001.475610607578
2021-06-09 08:00:00+00:00,8099.803489367253
2021-06-09 12:00:00+00:00,8223.00337910933
2021-06-09 16:00:00+00:00,8181.018004424128
2021-06-09 20:00:00+00:00,8380.820895685303
2021-06-10 00:00:00+00:00,8221.17159507856
2021-06-10 04:00:00+00:00,8203.050414746389
2021-06-10 08:00:00+00:00,8205.576522614378
2021-06-10 12:00:00+00:00,8017.068906921551
2021-06-10 16:00:00+00:00,7958.992633340918
2021-06-10 20:00:00+00:00,7962.330701960218
2021-06-11 00:00:00+00:00,7923.494631296682
2021-06-11 04:00:00+00:00,7857.899950100493
2021-06-11 08:00:00+00:00,7903.85125129563
2021-06-11 12:00:00+00:00,7730.070821174781
2021-06-11 16:00:00+00:00,7701.13090862571
2021-06-11 20:00:00+00:00,7605.307100763059
2021-06-12 00:00:00+00:00,7337.285683573153
2021-06-12 04:00:00+00:00,7389.743093809854
2021-06-12 08:00:00+00:00,7463.793257320303
2021-06-12 12:00:00+00:00,7512.131288004866
2021-06-12 16:00:00+00:00,7592.632480916421
2021-06-12 20:00:00+00:00,7546.032801758883
2021-06-13 00:00:00+00:00,7425.53330582556
2021-06-13 04:00:00+00:00,7428.161753222427
2021-06-13 08:00:00+00:00,7482.622164367059
2021-06-13 12:00:00+00:00,7437.047552923724
2021-06-13 16:00:00+00:00,7775.6221149191715
2021-06-13 20:00:00+00:00,7959.636365464057
2021-06-14 00:00:00+00:00,7867.240695736589
2021-06-14 04:00:00+00:00,7931.698491343444
2021-06-14 08:00:00+00:00,7830.395520589482
2021-06-14 12:00:00+00:00,8165.4256113013025
2021-06-14 16:00:00+00:00,8030.771621045273
2021-06-14 20:00:00+00:00,8156.554376592663
2021-06-15 00:00:00+00:00,8167.143521101962
2021-06-15 04:00:00+00:00,8254.401538529302
2021-06-15 08:00:00+00:00,8124.738350578666
2021-06-15 12:00:00+00:00,8011.925349420047
2021-06-15 16:00:00+00:00,8010.47102570263
2021-06-15 20:00:00+00:00,7995.521728382702
2021-06-16 00:00:00+00:00,7911.073251537822
2021-06-16 04:00:00+00:00,7969.90252357353
2021-06-16 08:00:00+00:00,7743.783945593763
2021-06-16 12:00:00+00:00,7725.086150446651
2021-06-16 16:00:00+00:00,7774.74809536244
2021-06-16 20:00:00+00:00,7684.641577306194
2021-06-17 00:00:00+00:00,7868.446061401317
2021-06-17 04:00:00+00:00,7892.203596125357
2021-06-17 08:00:00+00:00,7842.787253063708
2021-06-17 12:00:00+00:00,7813.47685362731
2021-06-17 16:00:00+00:00,7629.471645609293
2021-06-17 20:00:00+00:00,7686.514528729563
2021-06-18 00:00:00+00:00,7648.665695120951
2021-06-18 04:00:00+00:00,7628.00392119357
2021-06-18 08:00:00+00:00,7545.472439622722
2021-06-18 12:00:00+00:00,7173.1828664564655
2021-06-18 16:00:00+00:00,7061.227908457723
2021-06-18 20:00:00+00:00,7281.008144078742
2021-06-19 00:00:00+00:00,7139.035972163907
2021-06-19 04:00:00+00:00,7273.364347517096
2021-06-19 08:00:00+00:00,7304.91949709387
2021-06-19 12:00:00+00:00,7301.603193176183
2021-06-19 16:00:00+00:00,7215.649214726705
2021-06-19 20:00:00+00:00,7057.065498189003
2021-06-20 00:00:00+00:00,7036.478984905197
2021-06-20 04:00:00+00:00,7070.619712201599
2021-06-20 08:00:00+00:00,6594.772620967778
2021-06-20 12:00:00+00:00,6799.220126453582
2021-06-20 16:00:00+00:00,7058.986581041068
2021-06-20 20:00:00+00:00,7110.060147533873
2021-06-21 00:00:00+00:00,6744.60883882386
2021-06-21 04:00:00+00:00,6463.792989209346
2021-06-21 08:00:00+00:00,6142.309132457199
2021-06-21 12:00:00+00:00,6032.100843429296
2021-06-21 16:00:00+00:00,5800.14686002313
2021-06-21 20:00:00+00:00,5263.771424475697
2021-06-22 00:00:00+00:00,5747.442489301775
2021-06-22 04:00:00+00:00,5570.596476424784
2021-06-22 08:00:00+00:00,5022.020982672618
2021-06-22 12:00:00+00:00,5289.662029914649
2021-06-22 16:00:00+00:00,5282.618415852023
2021-06-22 20:00:00+00:00,5286.26967609057
2021-06-23 00:00:00+00:00,5766.228610909816
2021-06-23 04:00:00+00:00,5936.226676672394
2021-06-23 08:00:00+00:00,5919.83198440075
2021-06-23 12:00:00+00:00,5908.394817133446
2021-06-23 16:00:00+00:00,5686.4637514769565
2021-06-23 20:00:00+00:00,6057.572232576204
2021-06-24 00:00:00+00:00,5895.128197567202
2021-06-24 04:00:00+00:00,6005.334190832483
2021-06-24 08:00:00+00:00,6218.171160515756
2021-06-24 12:00:00+00:00,6203.865754995548
2021-06-24 16:00:00+00:00,6434.176450201615
2021-06-24 20:00:00+00:00,6463.94513476442
2021-06-25 00:00:00+00:00,6720.89115345065
2021-06-25 04:00:00+00:00,6384.108466930796
2021-06-25 08:00:00+00:00,6137.366624783629
2021-06-25 12:00:00+00:00,6069.826060900083
2021-06-25 16:00:00+00:00,6019.406574892478
2021-06-25 20:00:00+00:00,5852.311815181632
2021-06-26 00:00:00+00:00,5965.3065308256855
2021-06-26 04:00:00+00:00,5704.752763790194
2021-06-26 08:00:00+00:00,5916.450810434764
2021-06-26 12:00:00+00:00,5825.542497386505
2021-06-26 16:00:00+00:00,5809.16085297951
2021-06-26 20:00:00+00:00,5975.529877941732
2021-06-27 00:00:00+00:00,6129.774969013665
2021-06-27 04:00:00+00:00,6063.291333198719
2021-06-27 08:00:00+00:00,5979.921633329092
2021-06-27 12:00:00+00:00,6013.5338033938015
2021-06-27 16:00:00+00:00,5935.296693388792
2021-06-27 20:00:00+00:00,6392.301966021224
2021-06-28 00:00:00+00:00,6256.694892205769
2021-06-28 04:00:00+00:00,6408.545821536156
2021-06-28 08:00:00+00:00,6233.289263103209
2021-06-28 12:00:00+00:00,6502.736866266889
2021-06-28 16:00:00+00:00,6422.672041466388
2021-06-28 20:00:00+00:00,6389.9255161141145
2021-06-29 00:00:00+00:00,6399.516567492086
2021-06-29 04:00:00+00:00,6460.023647349991
2021-06-29 08:00:00+00:00,6716.308321081
2021-06-29 12:00:00+00:00,6755.858540917448
2021-06-29 16:00:00+00:00,6756.659528197487
2021-06-29 20:00:00+00:00,6630.100990295994
2021-06-30 00:00:00+00:00,6427.840084224523
2021-06-30 04:00:00+00:00,6504.356284343222
2021-06-30 08:00:00+00:00,6407.966070648792
2021-06-30 12:00:00+00:00,6176.472685311986
2021-06-30 16:00:00+00:00,6512.658665792614
2021-06-30 20:00:00+00:00,6612.066209885075
2021-07-01 00:00:00+00:00,6330.464600816704
2021-07-01 04:00:00+00:00,6176.446941805969
2021-07-01 08:00:00+00:00,6415.310069222913
2021-07-01 12:00:00+00:00,6309.050372809868
2021-07-01 16:00:00+00:00,6229.063466726608
2021-07-01 20:00:00+00:00,6260.818349616586
2021-07-02 00:00:00+00:00,6123.108100076029
2021-07-02 04:00:00+00:00,6168.650313206294
2021-07-02 08:00:00+00:00,6097.958660506852
2021-07-02 12:00:00+00:00,6268.016905439726
2021-07-02 16:00:00+00:00,6229.236455896489
2021-07-02 20:00:00+00:00,6330.313733048731
2021-07-03 00:00:00+00:00,6262.808400737106
2021-07-03 04:00:00+00:00,6434.172943010684
2021-07-03 08:00:00+00:00,6448.73435273433
2021-07-03 12:00:00+00:00,6465.126937779735
2021-07-03 16:00:00+00:00,6477.809878411946
2021-07-03 20:00:00+00:00,6434.652532233811
2021-07-04 00:00:00+00:00,6380.48734919675
2021-07-04 04:00:00+00:00,6610.852881934847
2021-07-04 08:00:00+00:00,6579.245386479111
2021-07-04 12:00:00+00:00,6589.631884163679
2021-07-04 16:00:00+00:00,6642.89915716681
2021-07-04 20:00:00+00:00,6552.764887848276
2021-07-05 00:00:00+00:00,6408.986107865581
2021-07-05 04:00:00+00:00,6414.360276295487
2021-07-05 08:00:00+00:00,6156.030022610088
2021-07-05 12:00:00+00:00,6203.435205029103
2021-07-05 16:00:00+00:00,6324.439716744294
2021-07-05 20:00:00+00:00,6224.406060627595
2021-07-06 00:00:00+00:00,6333.710265621503
2021-07-06 04:00:00+00:00,6528.094126380664
2021-07-06 08:00:00+00:00,6385.825972902586
2021-07-06 12:00:00+00:00,6387.757627770262
2021-07-06 16:00:00+00:00,6394.408463048547
2021-07-06 20:00:00+00:00,6434.945482336668
2021-07-07 00:00:00+00:00,6509.777683935053
2021-07-07 04:00:00+00:00,6521.84241447788
2021-07-07 08:00:00+00:00,6591.802403679479
2021-07-07 12:00:00+00:00,6509.604267583243
2021-07-07 16:00:00+00:00,6579.006609186541
2021-07-07 20:00:00+00:00,6394.384851886625
2021-07-08 00:00:00+00:00,6271.982475701749
2021-07-08 04:00:00+00:00,6065.010042850536
2021-07-08 08:00:00+00:00,6110.235913483039
2021-07-08 12:00:00+00:00,6103.537205180031
2021-07-08 16:00:00+00:00,6071.106839650307
2021-07-08 20:00:00+00:00,5937.979551589783
2021-07-09 00:00:00+00:00,5903.88557126675
2021-07-09 04:00:00+00:00,6020.327097683244
2021-07-09 08:00:00+00:00,5976.36149470994
2021-07-09 12:00:00+00:00,6163.837826668095
2021-07-09 16:00:00+00:00,6092.10379580681
2021-07-09 20:00:00+00:00,6128.972308860525
2021-07-10 00:00:00+00:00,6095.317719428032
2021-07-10 04:00:00+00:00,6073.813514571468
2021-07-10 08:00:00+00:00,6027.056900998276
2021-07-10 12:00:00+00:00,6026.661722035383
2021-07-10 16:00:00+00:00,5942.916809156806
2021-07-10 20:00:00+00:00,5980.714313477577
2021-07-11 00:00:00+00:00,5940.39909350274
2021-07-11 04:00:00+00:00,5958.115301870484
2021-07-11 08:00:00+00:00,6018.839519866674
2021-07-11 12:00:00+00:00,6066.360862148131
2021-07-11 16:00:00+00:00,6037.426819481341
2021-07-11 20:00:00+00:00,6065.863860085024
2021-07-12 00:00:00+00:00,6124.421276550091
2021-07-12 04:00:00+00:00,6121.228409191922
2021-07-12 08:00:00+00:00,5969.758035549668
2021-07-12 12:00:00+00:00,5912.100664324195
2021-07-12 16:00:00+00:00,5785.738971805654
2021-07-12 20:00:00+00:00,5853.240172594197
2021-07-13 00:00:00+00:00,5835.471498693951
2021-07-13 04:00:00+00:00,5825.673772468564
2021-07-13 08:00:00+00:00,5770.622687139542
2021-07-13 12:00:00+00:00,5758.84550441718
2021-07-13 16:00:00+00:00,5605.653629306419
2021-07-13 20:00:00+00:00,5650.439788145915
2021-07-14 00:00:00+00:00,5402.529031087258
2021-07-14 04:00:00+00:00,5462.71352402418
2021-07-14 08:00:00+00:00,5573.016455760396
2021-07-14 12:00:00+00:00,5704.19895703356
2021-07-14 16:00:00+00:00,5637.286555285311
2021-07-14 20:00:00+00:00,5694.556738136453
2021-07-15 00:00:00+00:00,5619.791898670463
2021-07-15 04:00:00+00:00,5560.507004353962
2021-07-15 08:00:00+00:00,5481.786741764478
2021-07-15 12:00:00+00:00,5446.112042968833
2021-07-15 16:00:00+00:00,5425.722938084641
2021-07-15 20:00:00+00:00,5421.794144811534
2021-07-16 00:00:00+00:00,5489.322189538479
2021-07-16 04:00:00+00:00,5385.522155516016
2021-07-16 08:00:00+00:00,5181.868392871517
2021-07-16 12:00:00+00:00,5385.774262494602
2021-07-16 16:00:00+00:00,5259.970275236886
2021-07-16 20:00:00+00:00,5137.117929131846
2021-07-17 00:00:00+00:00,5096.809186687688
2021-07-17 04:00:00+00:00,5156.8382626467055
2021-07-17 08:00:00+00:00,5109.851454445527
2021-07-17 12:00:00+00:00,5151.646890323197
2021-07-17 16:00:00+00:00,5452.018028440984
2021-07-17 20:00:00+00:00,5298.448600106008
2021-07-18 00:00:00+00:00,5425.784499527952
2021-07-18 04:00:00+00:00,5354.625383559278
2021-07-18 08:00:00+00:00,5414.405507818792
2021-07-18 12:00:00+00:00,5247.844545647739
2021-07-18 16:00:00+00:00,5281.578057960336
2021-07-18 20:00:00+00:00,5253.422252240253
2021-07-19 00:00:00+00:00,5182.753088334799
2021-07-19 04:00:00+00:00,5189.331991332172
2021-07-19 08:00:00+00:00,5078.412451630307
2021-07-19 12:00:00+00:00,4963.321503725129
2021-07-19 16:00:00+00:00,4988.00178802591
2021-07-19 20:00:00+00:00,4970.931363944674
2021-07-20 00:00:00+00:00,4673.025022767464
2021-07-20 04:00:00+00:00,4747.751364002967
2021-07-20 08:00:00+00:00,4696.047938120993
2021-07-20 12:00:00+00:00,4804.2318275173575
2021-07-20 16:00:00+00:00,4823.887921582104
2021-07-20 20:00:00+00:00,4786.757217186698
2021-07-21 00:00:00+00:00,4878.309686682639
2021-07-21 04:00:00+00:00,5065.398981537534
2021-07-21 08:00:00+00:00,5245.93093386612
2021-07-21 12:00:00+00:00,5423.072319326558
2021-07-21 16:00:00+00:00,5218.325056556646
2021-07-21 20:00:00+00:00,5323.152566033368
2021-07-22 00:00:00+00:00,5280.0051929669735
2021-07-22 04:00:00+00:00,5364.128691608139
2021-07-22 08:00:00+00:00,5321.268105521912
2021-07-22 12:00:00+00:00,5453.240512613487
2021-07-22 16:00:00+00:00,5439.452256156068
2021-07-22 20:00:00+00:00,5420.11775134605
2021-07-23 00:00:00+00:00,5472.745069044563
2021-07-23 04:00:00+00:00,5488.365699616505
2021-07-23 08:00:00+00:00,5394.305797882814
2021-07-23 12:00:00+00:00,5342.628171090795
2021-07-23 16:00:00+00:00,5293.167810168278
2021-07-23 20:00:00+00:00,5563.753929346844
2021-07-24 00:00:00+00:00,5579.479487884497
2021-07-24 04:00:00+00:00,5585.075571145461
2021-07-24 08:00:00+00:00,5603.19391641321
2021-07-24 12:00:00+00:00,5575.983986652141
2021-07-24 16:00:00+00:00,5564.292455827609
2021-07-24 20:00:00+00:00,5626.858260805308
2021-07-25 00:00:00+00:00,5534.91882476542
2021-07-25 04:00:00+00:00,5652.649246647648
2021-07-25 08:00:00+00:00,5578.623196978213
2021-07-25 12:00:00+00:00,5513.406507302031
2021-07-25 16:00:00+00:00,5523.019248260702
2021-07-25 20:00:00+00:00,5637.243038959728
2021-07-26 00:00:00+00:00,6167.487684869632
2021-07-26 04:00:00+00:00,6120.014195803474
2021-07-26 08:00:00+00:00,6178.910717784052
2021-07-26 12:00:00+00:00,6139.269679417569
2021-07-26 16:00:00+00:00,6126.686453385316
2021-07-26 20:00:00+00:00,5772.553957193375
2021-07-27 00:00:00+00:00,5666.931799174703
2021-07-27 04:00:00+00:00,5729.297329139716
2021-07-27 08:00:00+00:00,5911.706852414634
2021-07-27 12:00:00+00:00,5842.598047776096
2021-07-27 16:00:00+00:00,5751.545328833188
2021-07-27 20:00:00+00:00,5909.675768986453
2021-07-28 00:00:00+00:00,5895.393171043402
2021-07-28 04:00:00+00:00,6024.553291170293
2021-07-28 08:00:00+00:00,6097.06284684401
2021-07-28 12:00:00+00:00,5985.789786153414
2021-07-28 16:00:00+00:00,5989.118330759548
2021-07-28 20:00:00+00:00,5992.763601058304
2021-07-29 00:00:00+00:00,5896.469642872586
2021-07-29 04:00:00+00:00,5959.503562281094
2021-07-29 08:00:00+00:00,5934.8180186996815
2021-07-29 12:00:00+00:00,6011.7836885575
2021-07-29 16:00:00+00:00,6031.604611580686
2021-07-29 20:00:00+00:00,6130.488305340278
2021-07-30 00:00:00+00:00,6251.416644832112
2021-07-30 04:00:00+00:00,6185.12019781659
2021-07-30 08:00:00+00:00,5977.35305173816
2021-07-30 12:00:00+00:00,6037.972651928745
2021-07-30 16:00:00+00:00,6152.38753504956
2021-07-30 20:00:00+00:00,6320.820362857861
2021-07-31 00:00:00+00:00,6325.807787582983
2021-07-31 04:00:00+00:00,6269.382131934048
2021-07-31 08:00:00+00:00,6372.570849137683
2021-07-31 12:00:00+00:00,6358.168097233436
2021-07-31 16:00:00+00:00,6349.831531742947
2021-07-31 20:00:00+00:00,6480.978699124034
2021-08-01 00:00:00+00:00,6695.971084118949
2021-08-01 04:00:00+00:00,6589.5200361413945
2021-08-01 08:00:00+00:00,6554.787903468085
2021-08-01 12:00:00+00:00,6557.968429326213
2021-08-01 16:00:00+00:00,6587.829203970674
2021-08-01 20:00:00+00:00,6352.145334619851
2021-08-02 00:00:00+00:00,6377.757130882264
2021-08-02 04:00:00+00:00,6507.969702483984
2021-08-02 08:00:00+00:00,6422.965492939652
2021-08-02 12:00:00+00:00,6422.602268508381
2021-08-02 16:00:00+00:00,6372.513204807192
2021-08-02 20:00:00+00:00,6355.001967389765
2021-08-03 00:00:00+00:00,6270.377552725759
2021-08-03 04:00:00+00:00,6229.746341795112
2021-08-03 08:00:00+00:00,6217.372351779745
2021-08-03 12:00:00+00:00,6254.633320289049
2021-08-03 16:00:00+00:00,6236.892864716055
2021-08-03 20:00:00+00:00,6265.54750261742
2021-08-04 00:00:00+00:00,6214.693583547609
2021-08-04 04:00:00+00:00,6199.061361065001
2021-08-04 08:00:00+00:00,6247.01790785814
2021-08-04 12:00:00+00:00,6450.344805753931
2021-08-04 16:00:00+00:00,6499.270714764065
2021-08-04 20:00:00+00:00,6510.825539403542
2021-08-05 00:00:00+00:00,6523.781827016444
2021-08-05 04:00:00+00:00,6446.782046576088
2021-08-05 08:00:00+00:00,6371.071283111201
2021-08-05 12:00:00+00:00,6466.353308371094
2021-08-05 16:00:00+00:00,6543.4891953226725
2021-08-05 20:00:00+00:00,6595.123591147584
2021-08-06 00:00:00+00:00,6477.346840925696
2021-08-06 04:00:00+00:00,6538.20221242526
2021-08-06 08:00:00+00:00,6500.382984732289
2021-08-06 12:00:00+00:00,6738.225190410309
2021-08-06 16:00:00+00:00,6849.544736447421
2021-08-06 20:00:00+00:00,6776.904176935528
2021-08-07 00:00:00+00:00,6975.483083368626
2021-08-07 04:00:00+00:00,6924.645786371146
2021-08-07 08:00:00+00:00,7206.809444378238
2021-08-07 12:00:00+00:00,7223.08400683027
2021-08-07 16:00:00+00:00,7290.530384768109
2021-08-07 20:00:00+00:00,7541.98074656204
2021-08-08 00:00:00+00:00,7512.088329945464
2021-08-08 04:00:00+00:00,7543.89532304422
2021-08-08 08:00:00+00:00,7407.362693237937
2021-08-08 12:00:00+00:00,7250.794597957225
2021-08-08 16:00:00+00:00,7086.066099212353
2021-08-08 20:00:00+00:00,7107.455761217225
2021-08-09 00:00:00+00:00,7069.305162502548
2021-08-09 04:00:00+00:00,7157.314833074459
2021-08-09 08:00:00+00:00,7524.884098885272
2021-08-09 12:00:00+00:00,7524.72246894726
2021-08-09 16:00:00+00:00,7501.230949097758
2021-08-09 20:00:00+00:00,7471.660329625044
2021-08-10 00:00:00+00:00,7416.310796237531
2021-08-10 04:00:00+00:00,7530.874434077864
2021-08-10 08:00:00+00:00,7509.593685678109
2021-08-10 12:00:00+00:00,7521.737069253486
2021-08-10 16:00:00+00:00,7582.181021691434
2021-08-10 20:00:00+00:00,7682.163470049016
2021-08-11 00:00:00+00:00,7826.820098022912
2021-08-11 04:00:00+00:00,8003.277278496901
2021-08-11 08:00:00+00:00,7969.482296199456
2021-08-11 12:00:00+00:00,8186.718542422926
2021-08-11 16:00:00+00:00,8387.460857750655
2021-08-11 20:00:00+00:00,8033.335580748328
2021-08-12 00:00:00+00:00,8363.844771142616
2021-08-12 04:00:00+00:00,8124.434240888057
2021-08-12 08:00:00+00:00,7924.956889633888
2021-08-12 12:00:00+00:00,7739.596667739127
2021-08-12 16:00:00+00:00,7871.355362280512
2021-08-12 20:00:00+00:00,7918.854526621617
2021-08-13 00:00:00+00:00,8154.401422369427
2021-08-13 04:00:00+00:00,8369.980876975938
2021-08-13 08:00:00+00:00,8345.350564953387
2021-08-13 12:00:00+00:00,8304.962654381061
2021-08-13 16:00:00+00:00,8336.013642814096
2021-08-13 20:00:00+00:00,8705.705910268143
2021-08-14 00:00:00+00:00,8673.183504785513
2021-08-14 04:00:00+00:00,8875.181834750625
2021-08-14 08:00:00+00:00,8657.987565520316
2021-08-14 12:00:00+00:00,8828.069609769469
2021-08-14 16:00:00+00:00,8844.54948991907
2021-08-14 20:00:00+00:00,8911.086955918327
2021-08-15 00:00:00+00:00,8968.76446944809
2021-08-15 04:00:00+00:00,8702.911752238588
2021-08-15 08:00:00+00:00,8931.789128450999
2021-08-15 12:00:00+00:00,9027.187730239177
2021-08-15 16:00:00+00:00,9340.434249111056
2021-08-15 20:00:00+00:00,9623.184888910935
2021-08-16 00:00:00+00:00,9637.146968706822
2021-08-16 04:00:00+00:00,9883.06291603928
2021-08-16 08:00:00+00:00,10039.32672356691
2021-08-16 12:00:00+00:00,9927.297510502602
2021-08-16 16:00:00+00:00,9633.530036900129
2021-08-16 20:00:00+00:00,9499.270400293728
2021-08-17 00:00:00+00:00,9978.021580186854
2021-08-17 04:00:00+00:00,9923.575529408772
2021-08-17 08:00:00+00:00,10071.204339717306
2021-08-17 12:00:00+00:00,9756.61920635655
2021-08-17 16:00:00+00:00,9526.830001664855
2021-08-17 20:00:00+00:00,9192.01675603746
2021-08-18 00:00:00+00:00,9268.476781128536
2021-08-18 04:00:00+00:00,9267.871723647446
2021-08-18 08:00:00+00:00,9265.9875636771
2021-08-18 12:00:00+00:00,9944.293050669476
2021-08-18 16:00:00+00:00,9589.286802491344
2021-08-18 20:00:00+00:00,9658.513477023987
2021-08-19 00:00:00+00:00,9464.5191254385
2021-08-19 04:00:00+00:00,9633.88628288923
2021-08-19 08:00:00+00:00,9450.895314354388
2021-08-19 12:00:00+00:00,9829.611998642684
2021-08-19 16:00:00+00:00,10074.091652883932
2021-08-19 20:00:00+00:00,10219.237783070876
2021-08-20 00:00:00+00:00,10177.779631492069
2021-08-20 04:00:00+00:00,10258.109207732909
2021-08-20 08:00:00+00:00,10328.642062944198
2021-08-20 12:00:00+00:00,10637.895380349744
2021-08-20 16:00:00+00:00,10669.516291100268
2021-08-20 20:00:00+00:00,10769.50397907026
2021-08-21 00:00:00+00:00,10855.986217601494
2021-08-21 04:00:00+00:00,10879.48500068941
2021-08-21 08:00:00+00:00,10671.14661607786
2021-08-21 12:00:00+00:00,10781.993308711428
2021-08-21 16:00:00+00:00,10519.54919228482
2021-08-21 20:00:00+00:00,10528.271164217043
2021-08-22 00:00:00+00:00,10559.459303978769
2021-08-22 04:00:00+00:00,10718.656956222982
2021-08-22 08:00:00+00:00,10782.783047998902
2021-08-22 12:00:00+00:00,10475.064739858808
2021-08-22 16:00:00+00:00,10441.393577869818
2021-08-22 20:00:00+00:00,10609.784173578772
2021-08-23 00:00:00+00:00,11000.291037867612
2021-08-23 04:00:00+00:00,10958.870877720869
2021-08-23 08:00:00+00:00,11056.875009711726
2021-08-23 12:00:00+00:00,10876.70190283021
2021-08-23 16:00:00+00:00,10850.111755605123
2021-08-23 20:00:00+00:00,10986.5463224086
2021-08-24 00:00:00+00:00,11005.26920540465
2021-08-24 04:00:00+00:00,11096.556718365138
2021-08-24 08:00:00+00:00,11021.448947131208
2021-08-24 12:00:00+00:00,10409.469264510377
2021-08-24 16:00:00+00:00,10517.932907611204
2021-08-24 20:00:00+00:00,10373.175310475905
2021-08-25 00:00:00+00:00,10367.65523018759
2021-08-25 04:00:00+00:00,10436.799591608256
2021-08-25 08:00:00+00:00,10168.093960003109
2021-08-25 12:00:00+00:00,10507.680512976964
2021-08-25 16:00:00+00:00,10347.439589201214
2021-08-25 20:00:00+00:00,10434.921001476412
2021-08-26 00:00:00+00:00,10148.294014376846
2021-08-26 04:00:00+00:00,9877.794686958396
2021-08-26 08:00:00+00:00,9824.713422683944
2021-08-26 12:00:00+00:00,9972.112396442666
2021-08-26 16:00:00+00:00,9894.237057911469
2021-08-26 20:00:00+00:00,9857.36914645729
2021-08-27 00:00:00+00:00,10071.242381444366
2021-08-27 04:00:00+00:00,10295.893740068965
2021-08-27 08:00:00+00:00,10383.385632326812
2021-08-27 12:00:00+00:00,10616.787687549548
2021-08-27 16:00:00+00:00,10703.73936814077
2021-08-27 20:00:00+00:00,11028.05932958776
2021-08-28 00:00:00+00:00,10800.496369196091
2021-08-28 04:00:00+00:00,10766.440065364342
2021-08-28 08:00:00+00:00,10853.196500506256
2021-08-28 12:00:00+00:00,10969.183243713016
2021-08-28 16:00:00+00:00,10921.27104834139
2021-08-28 20:00:00+00:00,11048.579152856815
2021-08-29 00:00:00+00:00,10810.49879051258
2021-08-29 04:00:00+00:00,10902.400719547866
2021-08-29 08:00:00+00:00,10786.430853689732
2021-08-29 12:00:00+00:00,10789.268776002544
2021-08-29 16:00:00+00:00,10932.61260086529
2021-08-29 20:00:00+00:00,10878.463551953288
2021-08-30 00:00:00+00:00,10841.576769056814
2021-08-30 04:00:00+00:00,10951.723619206115
2021-08-30 08:00:00+00:00,10905.971006640262
2021-08-30 12:00:00+00:00,11005.227944494156
2021-08-30 16:00:00+00:00,11278.33407238351
2021-08-30 20:00:00+00:00,10964.552161149632
2021-08-31 00:00:00+00:00,11178.319995466283
2021-08-31 04:00:00+00:00,11444.614561835047
2021-08-31 08:00:00+00:00,11680.529035735251
2021-08-31 12:00:00+00:00,11475.453589182129
2021-08-31 16:00:00+00:00,11372.975292675708
2021-08-31 20:00:00+00:00,11189.632428468003
2021-09-01 00:00:00+00:00,11228.161574015838
2021-09-01 04:00:00+00:00,11347.98775656271
2021-09-01 08:00:00+00:00,11583.099132216032
2021-09-01 12:00:00+00:00,11653.76640023657
2021-09-01 16:00:00+00:00,11734.652378763016
2021-09-01 20:00:00+00:00,11781.594313444251
2021-09-02 00:00:00+00:00,11981.424588893084
2021-09-02 04:00:00+00:00,11963.542017492666
2021-09-02 08:00:00+00:00,12144.072549550729
2021-09-02 12:00:00+00:00,12057.19615029182
2021-09-02 16:00:00+00:00,12309.348560265342
2021-09-02 20:00:00+00:00,12339.95795174376
2021-09-03 00:00:00+00:00,12637.14591333567
2021-09-03 04:00:00+00:00,12800.95942175554
2021-09-03 08:00:00+00:00,12808.933001548128
2021-09-03 12:00:00+00:00,12862.776939397962
2021-09-03 16:00:00+00:00,12926.4530132213
2021-09-03 20:00:00+00:00,12918.273971153658
2021-09-04 00:00:00+00:00,12963.453708104937
2021-09-04 04:00:00+00:00,12913.451047380331
2021-09-04 08:00:00+00:00,12770.652806952805
2021-09-04 12:00:00+00:00,12861.919084053125
2021-09-04 16:00:00+00:00,12632.026494189748
2021-09-04 20:00:00+00:00,12668.791721017626
2021-09-05 00:00:00+00:00,12644.886026166789
2021-09-05 04:00:00+00:00,12665.686454253948
2021-09-05 08:00:00+00:00,12752.9239277322
2021-09-05 12:00:00+00:00,12700.261957939618
2021-09-05 16:00:00+00:00,12904.748926052844
2021-09-05 20:00:00+00:00,13115.049206887254
2021-09-06 00:00:00+00:00,12999.492484617287
2021-09-06 04:00:00+00:00,13227.600826723885
2021-09-06 08:00:00+00:00,13068.274347108332
2021-09-06 12:00:00+00:00,13289.441018556396
2021-09-06 16:00:00+00:00,13584.18922157446
2021-09-06 20:00:00+00:00,13659.386957733386
2021-09-07 00:00:00+00:00,13812.169301672902
2021-09-07 04:00:00+00:00,14032.61056862146
2021-09-07 08:00:00+00:00,13519.336520848992
2021-09-07 12:00:00+00:00,12173.426320790824
2021-09-07 16:00:00+00:00,12157.699179704365
2021-09-07 20:00:00+00:00,12374.375130175336
2021-09-08 00:00:00+00:00,12288.040383472491
2021-09-08 04:00:00+00:00,11281.290800701136
2021-09-08 08:00:00+00:00,11786.684461132449
2021-09-08 12:00:00+00:00,12018.37133711592
2021-09-08 16:00:00+00:00,12876.937890065026
2021-09-08 20:00:00+00:00,12761.283425118843
2021-09-09 00:00:00+00:00,13210.78810291497
2021-09-09 04:00:00+00:00,13367.13521853307
2021-09-09 08:00:00+00:00,13315.958225098098
2021-09-09 12:00:00+00:00,13288.886600672518
2021-09-09 16:00:00+00:00,12722.556184439818
2021-09-09 20:00:00+00:00,12756.249747599264
2021-09-10 00:00:00+00:00,13153.847378892277
2021-09-10 04:00:00+00:00,12618.39080549419
2021-09-10 08:00:00+00:00,12725.41989088766
2021-09-10 12:00:00+00:00,12411.513147471172
2021-09-10 16:00:00+00:00,12484.112381005967
2021-09-10 20:00:00+00:00,12346.030065216652
2021-09-11 00:00:00+00:00,12480.7567710478
2021-09-11 04:00:00+00:00,12409.586265124488
2021-09-11 08:00:00+00:00,12654.3224333591
2021-09-11 12:00:00+00:00,12897.94623749032
2021-09-11 16:00:00+00:00,12802.004074101696
2021-09-11 20:00:00+00:00,12671.558065771056
2021-09-12 00:00:00+00:00,12725.155016390145
2021-09-12 04:00:00+00:00,12757.423490189498
2021-09-12 08:00:00+00:00,12955.173068761693
2021-09-12 12:00:00+00:00,12948.81168856847
2021-09-12 16:00:00+00:00,12942.230938041108
2021-09-12 20:00:00+00:00,12846.894186498426
2021-09-13 00:00:00+00:00,11877.423173892415
2021-09-13 04:00:00+00:00,11683.121683528829
2021-09-13 08:00:00+00:00,12026.172894784722
2021-09-13 12:00:00+00:00,11828.67297233087
2021-09-13 16:00:00+00:00,12108.518811552356
2021-09-13 20:00:00+00:00,12234.058764607184
2021-09-14 00:00:00+00:00,12243.995959715892
2021-09-14 04:00:00+00:00,12228.33805260148
2021-09-14 08:00:00+00:00,12185.001812811262
2021-09-14 12:00:00+00:00,12153.078620164522
2021-09-14 16:00:00+00:00,11920.007284942098
2021-09-14 20:00:00+00:00,12178.268495638324
2021-09-15 00:00:00+00:00,12085.43289117606
2021-09-15 04:00:00+00:00,12285.676622046944
2021-09-15 08:00:00+00:00,12188.019414464456
2021-09-15 12:00:00+00:00,12483.742727628924
2021-09-15 16:00:00+00:00,12498.78117505057
2021-09-15 20:00:00+00:00,12496.945916178473
2021-09-16 00:00:00+00:00,12297.947641386932
2021-09-16 04:00:00+00:00,12581.33168457544
2021-09-16 08:00:00+00:00,12461.457924564862
2021-09-16 12:00:00+00:00,12385.946223151768
2021-09-16 16:00:00+00:00,12258.311262939858
2021-09-16 20:00:00+00:00,12323.60829292027
2021-09-17 00:00:00+00:00,12335.658035547369
2021-09-17 04:00:00+00:00,12074.550461187291
2021-09-17 08:00:00+00:00,11707.875288389128
2021-09-17 12:00:00+00:00,11937.937280716273
2021-09-17 16:00:00+00:00,11944.892777129671
2021-09-17 20:00:00+00:00,12035.214256277091
2021-09-18 00:00:00+00:00,12085.333639401584
2021-09-18 04:00:00+00:00,12534.50655254095
2021-09-18 08:00:00+00:00,12547.723448472472
2021-09-18 12:00:00+00:00,12607.536609484216
2021-09-18 16:00:00+00:00,12494.367085850306
2021-09-18 20:00:00+00:00,12659.3158064721
2021-09-19 00:00:00+00:00,12480.795614413692
2021-09-19 04:00:00+00:00,12520.125574912116
2021-09-19 08:00:00+00:00,12172.359855160035
2021-09-19 12:00:00+00:00,12427.350605374892
2021-09-19 16:00:00+00:00,12187.0693516451
2021-09-19 20:00:00+00:00,12048.183982389046
2021-09-20 00:00:00+00:00,11402.35764756112
2021-09-20 04:00:00+00:00,11087.126106845242
2021-09-20 08:00:00+00:00,10740.866284890291
2021-09-20 12:00:00+00:00,11073.710915716758
2021-09-20 16:00:00+00:00,10847.7328228231
2021-09-20 20:00:00+00:00,10545.997358891424
2021-09-21 00:00:00+00:00,10681.67891061455
2021-09-21 04:00:00+00:00,11011.908820271845
2021-09-21 08:00:00+00:00,11076.627998751132
2021-09-21 12:00:00+00:00,10951.49580881882
2021-09-21 16:00:00+00:00,10353.990728030183
2021-09-21 20:00:00+00:00,10029.596622043491
2021-09-22 00:00:00+00:00,10380.780036583714
2021-09-22 04:00:00+00:00,10717.399639053216
2021-09-22 08:00:00+00:00,10441.347549014485
2021-09-22 12:00:00+00:00,11143.737557627224
2021-09-22 16:00:00+00:00,11436.422751348888
2021-09-22 20:00:00+00:00,11627.70502296398
2021-09-23 00:00:00+00:00,11699.281798821
2021-09-23 04:00:00+00:00,11831.12028084721
2021-09-23 08:00:00+00:00,11416.075726953522
2021-09-23 12:00:00+00:00,11478.897473426414
2021-09-23 16:00:00+00:00,11748.008106421004
2021-09-23 20:00:00+00:00,11826.664864912716
2021-09-24 00:00:00+00:00,11528.628011763074
2021-09-24 04:00:00+00:00,11533.69625662643
2021-09-24 08:00:00+00:00,10754.308294316355
2021-09-24 12:00:00+00:00,10913.781524688377
2021-09-24 16:00:00+00:00,10977.214544664765
2021-09-24 20:00:00+00:00,11070.29949354801
2021-09-25 00:00:00+00:00,11084.804296695223
2021-09-25 04:00:00+00:00,11017.882342337827
2021-09-25 08:00:00+00:00,11041.36252483634
2021-09-25 12:00:00+00:00,11033.02424050226
2021-09-25 16:00:00+00:00,10998.78222278836
2021-09-25 20:00:00+00:00,10915.21567189673
2021-09-26 00:00:00+00:00,10627.480212938735
2021-09-26 04:00:00+00:00,10242.148143202454
2021-09-26 08:00:00+00:00,10820.907286429672
2021-09-26 12:00:00+00:00,11087.018426940418
2021-09-26 16:00:00+00:00,10914.730616746185
2021-09-26 20:00:00+00:00,10828.41810595716
2021-09-27 00:00:00+00:00,11068.342808407937
2021-09-27 04:00:00+00:00,10983.420460799043
2021-09-27 08:00:00+00:00,11261.094227297515
2021-09-27 12:00:00+00:00,11109.323335187986
2021-09-27 16:00:00+00:00,10945.271461407336
2021-09-27 20:00:00+00:00,10637.43422613
2021-09-28 00:00:00+00:00,10788.998401647188
2021-09-28 04:00:00+00:00,10558.016603867136
2021-09-28 08:00:00+00:00,10694.16379329666
2021-09-28 12:00:00+00:00,10353.800087606096
2021-09-28 16:00:00+00:00,10348.189168164852
2021-09-28 20:00:00+00:00,10275.762352012867
2021-09-29 00:00:00+00:00,10649.677311770818
2021-09-29 04:00:00+00:00,10748.354162072925
2021-09-29 08:00:00+00:00,10802.185521272972
2021-09-29 12:00:00+00:00,10660.142228457047
2021-09-29 16:00:00+00:00,10396.877308806825
2021-09-29 20:00:00+00:00,10584.167005239347
2021-09-30 00:00:00+00:00,10960.770213037353
2021-09-30 04:00:00+00:00,10773.480436791157
2021-09-30 08:00:00+00:00,10737.341506003298
2021-09-30 12:00:00+00:00,10809.116218487025
2021-09-30 16:00:00+00:00,10862.621858135564
2021-09-30 20:00:00+00:00,10988.866946934775
2021-10-01 00:00:00+00:00,10885.568848701449
2021-10-01 04:00:00+00:00,11105.222270829068
2021-10-01 08:00:00+00:00,11760.946952189404
2021-10-01 12:00:00+00:00,11824.43953057819
2021-10-01 16:00:00+00:00,12093.237502362928
2021-10-01 20:00:00+00:00,12094.710609079768
2021-10-02 00:00:00+00:00,11805.940576791663
2021-10-02 04:00:00+00:00,11902.268320531111
2021-10-02 08:00:00+00:00,11940.825716577883
2021-10-02 12:00:00+00:00,12435.296221238728
2021-10-02 16:00:00+00:00,12689.431862293875
2021-10-02 20:00:00+00:00,12297.106693025504
2021-10-03 00:00:00+00:00,12400.355328422484
2021-10-03 04:00:00+00:00,12405.773576662625
2021-10-03 08:00:00+00:00,12438.086344748675
2021-10-03 12:00:00+00:00,12459.733027978784
2021-10-03 16:00:00+00:00,12638.251538284483
2021-10-03 20:00:00+00:00,12479.17375508082
2021-10-04 00:00:00+00:00,12083.23533084583
2021-10-04 04:00:00+00:00,12234.201031219
2021-10-04 08:00:00+00:00,12034.70652428477
2021-10-04 12:00:00+00:00,12130.97217530716
2021-10-04 16:00:00+00:00,12379.864078149603
2021-10-04 20:00:00+00:00,12381.30839867199
2021-10-05 00:00:00+00:00,12403.140077560034
2021-10-05 04:00:00+00:00,12352.738788888337
2021-10-05 08:00:00+00:00,12479.81673256958
2021-10-05 12:00:00+00:00,12437.136651919454
2021-10-05 16:00:00+00:00,12474.899714133284
2021-10-05 20:00:00+00:00,12548.706486180425
2021-10-06 00:00:00+00:00,12308.84868186463
2021-10-06 04:00:00+00:00,12227.260606232576
2021-10-06 08:00:00+00:00,11912.692918486306
2021-10-06 12:00:00+00:00,12523.081042295247
2021-10-06 16:00:00+00:00,12427.572719027048
2021-10-06 20:00:00+00:00,12237.53955001855
2021-10-07 00:00:00+00:00,11943.957328977023
2021-10-07 04:00:00+00:00,12382.08855352393
2021-10-07 08:00:00+00:00,12429.585504977147
2021-10-07 12:00:00+00:00,12253.803032524029
2021-10-07 16:00:00+00:00,12272.139254996257
2021-10-07 20:00:00+00:00,12212.63759003301
2021-10-08 00:00:00+00:00,12211.366773136304
2021-10-08 04:00:00+00:00,12416.182699026942
2021-10-08 08:00:00+00:00,12504.16561128263
2021-10-08 12:00:00+00:00,12569.186450838715
2021-10-08 16:00:00+00:00,12513.261094325746
2021-10-08 20:00:00+00:00,12248.015753713866
2021-10-09 00:00:00+00:00,12336.503435544537
2021-10-09 04:00:00+00:00,12355.54658285674
2021-10-09 08:00:00+00:00,12373.0238315312
2021-10-09 12:00:00+00:00,12442.736329970809
2021-10-09 16:00:00+00:00,12375.219657456331
2021-10-09 20:00:00+00:00,12399.540992618096
2021-10-10 00:00:00+00:00,12325.120566799627
2021-10-10 04:00:00+00:00,12398.103419809988
2021-10-10 08:00:00+00:00,12326.861109901844
2021-10-10 12:00:00+00:00,12287.95481948026
2021-10-10 16:00:00+00:00,12183.0067833967
2021-10-10 20:00:00+00:00,11728.067046947432
2021-10-11 00:00:00+00:00,12035.085769877782
2021-10-11 04:00:00+00:00,12146.11693249684
2021-10-11 08:00:00+00:00,11928.210733583375
2021-10-11 12:00:00+00:00,11918.561170199668
2021-10-11 16:00:00+00:00,11559.81072163662
2021-10-11 20:00:00+00:00,11716.332481610172
2021-10-12 00:00:00+00:00,11446.41385077843
2021-10-12 04:00:00+00:00,11476.974046898742
2021-10-12 08:00:00+00:00,11379.832069004093
2021-10-12 12:00:00+00:00,11557.408461946923
2021-10-12 16:00:00+00:00,11666.084630827463
2021-10-12 20:00:00+00:00,11823.764306240717
2021-10-13 00:00:00+00:00,11859.412441213366
2021-10-13 04:00:00+00:00,11534.056521156908
2021-10-13 08:00:00+00:00,11696.743954365067
2021-10-13 12:00:00+00:00,11678.127970940595
2021-10-13 16:00:00+00:00,11824.284789314006
2021-10-13 20:00:00+00:00,12030.00050352699
2021-10-14 00:00:00+00:00,12132.29041074122
2021-10-14 04:00:00+00:00,12147.368150959452
2021-10-14 08:00:00+00:00,12376.954162673195
2021-10-14 12:00:00+00:00,12296.298230338927
2021-10-14 16:00:00+00:00,12174.977057232736
2021-10-14 20:00:00+00:00,12158.587117938449
2021-10-15 00:00:00+00:00,12200.889504824425
2021-10-15 04:00:00+00:00,12484.673516941028
2021-10-15 08:00:00+00:00,12268.647641227066
2021-10-15 12:00:00+00:00,12365.031390567829
2021-10-15 16:00:00+00:00,12619.00266931234
2021-10-15 20:00:00+00:00,12638.44407072584
2021-10-16 00:00:00+00:00,12554.20433657997
2021-10-16 04:00:00+00:00,12554.4903319261
2021-10-16 08:00:00+00:00,12824.592352036756
2021-10-16 12:00:00+00:00,12678.809458141915
2021-10-16 16:00:00+00:00,12515.36522984751
2021-10-16 20:00:00+00:00,12474.66317937686
2021-10-17 00:00:00+00:00,12648.53242548015
2021-10-17 04:00:00+00:00,12579.185709443302
2021-10-17 08:00:00+00:00,12663.050320953736
2021-10-17 12:00:00+00:00,12465.421082533974
2021-10-17 16:00:00+00:00,12374.321777773986
2021-10-17 20:00:00+00:00,12488.889991802642
2021-10-18 00:00:00+00:00,12481.861294993716
2021-10-18 04:00:00+00:00,12463.972282554698
2021-10-18 08:00:00+00:00,12500.474204237458
2021-10-18 12:00:00+00:00,12492.66442271542
2021-10-18 16:00:00+00:00,12442.36936994512
2021-10-18 20:00:00+00:00,12438.940371771136
2021-10-19 00:00:00+00:00,12626.459069436776
2021-10-19 04:00:00+00:00,12520.73632244612
2021-10-19 08:00:00+00:00,12466.628849782936
2021-10-19 12:00:00+00:00,12349.273442708864
2021-10-19 16:00:00+00:00,12341.58984118229
2021-10-19 20:00:00+00:00,12474.909637762084
2021-10-20 00:00:00+00:00,12430.751430293609
2021-10-20 04:00:00+00:00,12493.522085831468
2021-10-20 08:00:00+00:00,12603.490548827962
2021-10-20 12:00:00+00:00,13143.869257906174
2021-10-20 16:00:00+00:00,13365.73765271025
2021-10-20 20:00:00+00:00,13408.153123604285
2021-10-21 00:00:00+00:00,13634.831286065715
2021-10-21 04:00:00+00:00,13699.707182253578
2021-10-21 08:00:00+00:00,13656.046161623732
2021-10-21 12:00:00+00:00,13347.920612434596
2021-10-21 16:00:00+00:00,13370.551226823574
2021-10-21 20:00:00+00:00,13491.09299940944
2021-10-22 00:00:00+00:00,14001.593686296328
2021-10-22 04:00:00+00:00,14088.652710003502
2021-10-22 08:00:00+00:00,14111.961859155266
2021-10-22 12:00:00+00:00,13995.753572758662
2021-10-22 16:00:00+00:00,13828.80608239452
2021-10-22 20:00:00+00:00,13736.470552697185
2021-10-23 00:00:00+00:00,13985.410916117691
2021-10-23 04:00:00+00:00,13969.336318055315
2021-10-23 08:00:00+00:00,14002.29364314032
2021-10-23 12:00:00+00:00,13941.137402782868
2021-10-23 16:00:00+00:00,13740.569937810102
2021-10-23 20:00:00+00:00,13959.353619511689
2021-10-24 00:00:00+00:00,13906.791037773512
2021-10-24 04:00:00+00:00,13784.33082204813
2021-10-24 08:00:00+00:00,13723.438180228855
2021-10-24 12:00:00+00:00,13466.0718432974
2021-10-24 16:00:00+00:00,13713.068433813924
2021-10-24 20:00:00+00:00,14163.868131325837
2021-10-25 00:00:00+00:00,14179.686655652167
2021-10-25 04:00:00+00:00,14373.812075999702
2021-10-25 08:00:00+00:00,14322.12470521173
2021-10-25 12:00:00+00:00,14739.996805923924
2021-10-25 16:00:00+00:00,14447.750236055104
2021-10-25 20:00:00+00:00,14518.46396629494
2021-10-26 00:00:00+00:00,14533.334327791556
2021-10-26 04:00:00+00:00,14543.500740906566
2021-10-26 08:00:00+00:00,14541.10330260828
2021-10-26 12:00:00+00:00,14427.557719842687
2021-10-26 16:00:00+00:00,14523.786768667624
2021-10-26 20:00:00+00:00,14113.584732392195
2021-10-27 00:00:00+00:00,14263.543569563515
2021-10-27 04:00:00+00:00,13769.382757550906
2021-10-27 08:00:00+00:00,13222.371882217
2021-10-27 12:00:00+00:00,13260.448241757127
2021-10-27 16:00:00+00:00,13246.767896325817
2021-10-27 20:00:00+00:00,12986.229732511974
2021-10-28 00:00:00+00:00,13122.095922647217
2021-10-28 04:00:00+00:00,14016.657238936756
2021-10-28 08:00:00+00:00,14116.952673676808
2021-10-28 12:00:00+00:00,14390.628328145503
2021-10-28 16:00:00+00:00,14387.221958651871
2021-10-28 20:00:00+00:00,14204.685940275402
2021-10-29 00:00:00+00:00,14448.73880159561
2021-10-29 04:00:00+00:00,14216.928402011134
2021-10-29 08:00:00+00:00,14149.696441409582
2021-10-29 12:00:00+00:00,14462.286225614544
2021-10-29 16:00:00+00:00,14460.92453133535
2021-10-29 20:00:00+00:00,14430.477455303908
2021-10-30 00:00:00+00:00,14225.670216845148
2021-10-30 04:00:00+00:00,14316.675224226465
2021-10-30 08:00:00+00:00,14229.535649771098
2021-10-30 12:00:00+00:00,13967.99419971852
2021-10-30 16:00:00+00:00,14025.94829663596
2021-10-30 20:00:00+00:00,13994.1346466363
2021-10-31 00:00:00+00:00,13938.451113771958
2021-10-31 04:00:00+00:00,13931.948178807765
2021-10-31 08:00:00+00:00,13553.791802637905
2021-10-31 12:00:00+00:00,13781.403151535138
2021-10-31 16:00:00+00:00,13971.108268088376
2021-10-31 20:00:00+00:00,14319.170006766826
2021-11-01 00:00:00+00:00,13999.993749449
2021-11-01 04:00:00+00:00,14466.564330100298
2021-11-01 08:00:00+00:00,14342.896703649683
2021-11-01 12:00:00+00:00,14425.239327615836
2021-11-01 16:00:00+00:00,14433.228892115696
2021-11-01 20:00:00+00:00,14438.012493493594
2021-11-02 00:00:00+00:00,14424.110920703251
2021-11-02 04:00:00+00:00,14420.58345907786
2021-11-02 08:00:00+00:00,14567.593209266332
2021-11-02 12:00:00+00:00,14757.377379684807
2021-11-02 16:00:00+00:00,15051.296695193809
2021-11-02 20:00:00+00:00,15122.685951498695
2021-11-03 00:00:00+00:00,15357.27922017676
2021-11-03 04:00:00+00:00,15583.81262622677
2021-11-03 08:00:00+00:00,15550.813161678549
2021-11-03 12:00:00+00:00,15280.111356424884
2021-11-03 16:00:00+00:00,15682.1015681478
2021-11-03 20:00:00+00:00,15927.21769029792
2021-11-04 00:00:00+00:00,15815.677072192831
2021-11-04 04:00:00+00:00,15636.84535185178
2021-11-04 08:00:00+00:00,15642.629186474956
2021-11-04 12:00:00+00:00,15482.884107389948
2021-11-04 16:00:00+00:00,15663.171472016693
2021-11-04 20:00:00+00:00,15924.621140635369
2021-11-05 00:00:00+00:00,15840.884097203923
2021-11-05 04:00:00+00:00,15854.323608926316
2021-11-05 08:00:00+00:00,15611.569519036646
2021-11-05 12:00:00+00:00,15467.837330275874
2021-11-05 16:00:00+00:00,15570.615712125122
2021-11-05 20:00:00+00:00,15573.157624026297
2021-11-06 00:00:00+00:00,15729.027293172056
2021-11-06 04:00:00+00:00,15833.231414198824
2021-11-06 08:00:00+00:00,15531.914885131804
2021-11-06 12:00:00+00:00,15904.882703112178
2021-11-06 16:00:00+00:00,16099.983962982777
2021-11-06 20:00:00+00:00,16289.938991489336
2021-11-07 00:00:00+00:00,16320.789910693513
2021-11-07 04:00:00+00:00,16267.420602796054
2021-11-07 08:00:00+00:00,16345.404945756918
2021-11-07 12:00:00+00:00,16408.901201606255
2021-11-07 16:00:00+00:00,16322.973406613402
2021-11-07 20:00:00+00:00,16401.646296747433
2021-11-08 00:00:00+00:00,16524.89277100535
2021-11-08 04:00:00+00:00,16587.58950182218
2021-11-08 08:00:00+00:00,16651.349950237025
2021-11-08 12:00:00+00:00,16753.144883124485
2021-11-08 16:00:00+00:00,16662.001849398068
2021-11-08 20:00:00+00:00,16816.708607245724
2021-11-09 00:00:00+00:00,16771.84854269969
2021-11-09 04:00:00+00:00,16737.27671224152
2021-11-09 08:00:00+00:00,16662.34804937466
2021-11-09 12:00:00+00:00,16469.243729808117
2021-11-09 16:00:00+00:00,16471.070238693694
2021-11-09 20:00:00+00:00,16391.775184250546
2021-11-10 00:00:00+00:00,16288.48715570315
2021-11-10 04:00:00+00:00,16456.130619235053
2021-11-10 08:00:00+00:00,16474.567211581434
2021-11-10 12:00:00+00:00,16768.80690230073
2021-11-10 16:00:00+00:00,16141.18661867503
2021-11-10 20:00:00+00:00,15746.354320240387
2021-11-11 00:00:00+00:00,16026.871497313672
2021-11-11 04:00:00+00:00,16324.822648361069
2021-11-11 08:00:00+00:00,16221.015657406622
2021-11-11 12:00:00+00:00,16146.528766490355
2021-11-11 16:00:00+00:00,16127.158516535215
2021-11-11 20:00:00+00:00,15927.878570095663
2021-11-12 00:00:00+00:00,15989.357863725472
2021-11-12 04:00:00+00:00,15699.195910847266
2021-11-12 08:00:00+00:00,15432.710020717865
2021-11-12 12:00:00+00:00,15293.617444387928
2021-11-12 16:00:00+00:00,15563.123661438394
2021-11-12 20:00:00+00:00,15649.18888281843
2021-11-13 00:00:00+00:00,15541.377233947354
2021-11-13 04:00:00+00:00,15665.441982246137
2021-11-13 08:00:00+00:00,15615.52583267436
2021-11-13 12:00:00+00:00,15979.863427491948
2021-11-13 16:00:00+00:00,16096.552647214538
2021-11-13 20:00:00+00:00,16270.06792204656
2021-11-14 00:00:00+00:00,16109.337223817089
2021-11-14 04:00:00+00:00,16064.164458165991
2021-11-14 08:00:00+00:00,16102.141396687251
2021-11-14 12:00:00+00:00,15963.297265270958
2021-11-14 16:00:00+00:00,15956.222315629702
2021-11-14 20:00:00+00:00,16165.051174412603
2021-11-15 00:00:00+00:00,16422.42930605771
2021-11-15 04:00:00+00:00,16342.695310970095
2021-11-15 08:00:00+00:00,16365.620704982992
2021-11-15 12:00:00+00:00,16130.292294409935
2021-11-15 16:00:00+00:00,16124.162857708872
2021-11-15 20:00:00+00:00,15938.166457701656
2021-11-16 00:00:00+00:00,15179.237258285577
2021-11-16 04:00:00+00:00,15219.816138270728
2021-11-16 08:00:00+00:00,14971.622510556632
2021-11-16 12:00:00+00:00,15031.678797705708
2021-11-16 16:00:00+00:00,15088.548565354373
2021-11-16 20:00:00+00:00,14887.177552158057
2021-11-17 00:00:00+00:00,14496.097642568271
2021-11-17 04:00:00+00:00,14702.183395644815
2021-11-17 08:00:00+00:00,15038.723254904664
2021-11-17 12:00:00+00:00,14806.954076680233
2021-11-17 16:00:00+00:00,14942.61949042024
2021-11-17 20:00:00+00:00,15104.569746168174
2021-11-18 00:00:00+00:00,15043.504977988074
2021-11-18 04:00:00+00:00,14786.08657787006
2021-11-18 08:00:00+00:00,14527.65242324607
2021-11-18 12:00:00+00:00,13950.884002217592
2021-11-18 16:00:00+00:00,14107.187013076504
2021-11-18 20:00:00+00:00,13853.757741650086
2021-11-19 00:00:00+00:00,13660.233516868251
2021-11-19 04:00:00+00:00,13967.559185027736
2021-11-19 08:00:00+00:00,14358.906357820397
2021-11-19 12:00:00+00:00,14899.847014087396
2021-11-19 16:00:00+00:00,15007.79616117748
2021-11-19 20:00:00+00:00,14980.686221134116
2021-11-20 00:00:00+00:00,15072.385478668764
2021-11-20 04:00:00+00:00,15033.95915721709
2021-11-20 08:00:00+00:00,15136.391012038848
2021-11-20 12:00:00+00:00,14727.472513727593
2021-11-20 16:00:00+00:00,15342.508151241876
2021-11-20 20:00:00+00:00,15414.464560177656
2021-11-21 00:00:00+00:00,15223.948100108864
2021-11-21 04:00:00+00:00,15376.00040510784
2021-11-21 08:00:00+00:00,15293.641324740194
2021-11-21 12:00:00+00:00,15365.72384109215
2021-11-21 16:00:00+00:00,15633.547253005958
2021-11-21 20:00:00+00:00,15584.976485611867
2021-11-22 00:00:00+00:00,15273.6894626558
2021-11-22 04:00:00+00:00,15085.36067046509
2021-11-22 08:00:00+00:00,15225.48300313914
2021-11-22 12:00:00+00:00,15443.628783918952
2021-11-22 16:00:00+00:00,14930.158181549945
2021-11-22 20:00:00+00:00,15023.718523922353
2021-11-23 00:00:00+00:00,15248.262167041952
2021-11-23 04:00:00+00:00,14886.878356355955
2021-11-23 08:00:00+00:00,14873.137784857105
2021-11-23 12:00:00+00:00,15196.180924850032
2021-11-23 16:00:00+00:00,15436.133734288866
2021-11-23 20:00:00+00:00,15231.331546723775
2021-11-24 00:00:00+00:00,14867.497642096998
2021-11-24 04:00:00+00:00,14866.465729049149
2021-11-24 08:00:00+00:00,14777.7496473829
2021-11-24 12:00:00+00:00,14630.458688230858
2021-11-24 16:00:00+00:00,14260.859664030731
2021-11-24 20:00:00+00:00,14431.730956907895
2021-11-25 00:00:00+00:00,14868.765747972351
2021-11-25 04:00:00+00:00,14609.394268606877
2021-11-25 08:00:00+00:00,14891.005477095465
2021-11-25 12:00:00+00:00,15136.810278999908
2021-11-25 16:00:00+00:00,14948.169414283626
2021-11-25 20:00:00+00:00,14860.835769983152
2021-11-26 00:00:00+00:00,14557.897680906102
2021-11-26 04:00:00+00:00,14251.743480555646
2021-11-26 08:00:00+00:00,13121.73428568161
2021-11-26 12:00:00+00:00,13582.450755529924
2021-11-26 16:00:00+00:00,13758.19942279194
2021-11-26 20:00:00+00:00,13446.017527209273
2021-11-27 00:00:00+00:00,13677.348282476338
2021-11-27 04:00:00+00:00,13623.211047091558
2021-11-27 08:00:00+00:00,13722.989152152986
2021-11-27 12:00:00+00:00,13799.32958152584
2021-11-27 16:00:00+00:00,13910.30174428046
2021-11-27 20:00:00+00:00,13705.443085212495
2021-11-28 00:00:00+00:00,13233.607512474848
2021-11-28 04:00:00+00:00,13445.001257230277
2021-11-28 08:00:00+00:00,13456.803736407604
2021-11-28 12:00:00+00:00,13348.220870775716
2021-11-28 16:00:00+00:00,13317.51291415811
2021-11-28 20:00:00+00:00,14032.19437364611
2021-11-29 00:00:00+00:00,14082.093940558776
2021-11-29 04:00:00+00:00,14211.114536364694
2021-11-29 08:00:00+00:00,14042.146878653855
2021-11-29 12:00:00+00:00,14301.7191991627
2021-11-29 16:00:00+00:00,14368.378628230575
2021-11-29 20:00:00+00:00,14477.12918303541
2021-11-30 00:00:00+00:00,14458.51796141277
2021-11-30 04:00:00+00:00,14287.854109986754
2021-11-30 08:00:00+00:00,14612.408906455128
2021-11-30 12:00:00+00:00,14756.36083209309
2021-11-30 16:00:00+00:00,14908.44874535894
2021-11-30 20:00:00+00:00,14627.748973586646
2021-12-01 00:00:00+00:00,14984.954272795494
2021-12-01 04:00:00+00:00,15100.072664600504
2021-12-01 08:00:00+00:00,15045.02779289646
2021-12-01 12:00:00+00:00,15359.24180091856
2021-12-01 16:00:00+00:00,15252.583326713337
2021-12-01 20:00:00+00:00,15082.281082571852
2021-12-02 00:00:00+00:00,14712.989973177291
2021-12-02 04:00:00+00:00,14797.007564069763
2021-12-02 08:00:00+00:00,15012.104986388476
2021-12-02 12:00:00+00:00,14971.531800568691
2021-12-02 16:00:00+00:00,15041.322169469093
2021-12-02 20:00:00+00:00,14974.707508185078
2021-12-03 00:00:00+00:00,14791.345828425528
2021-12-03 04:00:00+00:00,14965.529267940996
2021-12-03 08:00:00+00:00,15176.146060776924
2021-12-03 12:00:00+00:00,14597.166801733949
2021-12-03 16:00:00+00:00,13961.437882291675
2021-12-03 20:00:00+00:00,14015.641336906629
2021-12-04 00:00:00+00:00,13095.384941647051
2021-12-04 04:00:00+00:00,12286.33483974455
2021-12-04 08:00:00+00:00,12014.6072667896
2021-12-04 12:00:00+00:00,12903.01555123396
2021-12-04 16:00:00+00:00,13090.416455214425
2021-12-04 20:00:00+00:00,12929.828741530257
2021-12-05 00:00:00+00:00,12772.310079192705
2021-12-05 04:00:00+00:00,12867.387857741154
2021-12-05 08:00:00+00:00,12711.85091603474
2021-12-05 12:00:00+00:00,12063.421542773483
2021-12-05 16:00:00+00:00,12287.29643118894
2021-12-05 20:00:00+00:00,12559.37158320144
2021-12-06 00:00:00+00:00,12394.798643935705
2021-12-06 04:00:00+00:00,11934.428498240375
2021-12-06 08:00:00+00:00,11904.809221945916
2021-12-06 12:00:00+00:00,12312.419928523255
2021-12-06 16:00:00+00:00,12399.7724625777
2021-12-06 20:00:00+00:00,12792.1339047772
2021-12-07 00:00:00+00:00,12903.50627900684
2021-12-07 04:00:00+00:00,13033.23543024995
2021-12-07 08:00:00+00:00,13162.64917267114
2021-12-07 12:00:00+00:00,13048.09313049936
2021-12-07 16:00:00+00:00,12842.442762119625
2021-12-07 20:00:00+00:00,12641.905105347278
2021-12-08 00:00:00+00:00,12459.785846764062
2021-12-08 04:00:00+00:00,12729.83821821055
2021-12-08 08:00:00+00:00,12437.724314210956
2021-12-08 12:00:00+00:00,12875.84370616525
2021-12-08 16:00:00+00:00,12882.714950500846
2021-12-08 20:00:00+00:00,12994.620760315049
2021-12-09 00:00:00+00:00,12745.140693119149
2021-12-09 04:00:00+00:00,12819.4192316046
2021-12-09 08:00:00+00:00,12646.80093678278
2021-12-09 12:00:00+00:00,12411.81119456726
2021-12-09 16:00:00+00:00,12160.338813286971
2021-12-09 20:00:00+00:00,12111.645583133575
2021-12-10 00:00:00+00:00,12218.350156914872
2021-12-10 04:00:00+00:00,11893.41441700361
2021-12-10 08:00:00+00:00,12155.924900208349
2021-12-10 12:00:00+00:00,11837.869769718172
2021-12-10 16:00:00+00:00,11813.519739478212
2021-12-10 20:00:00+00:00,11419.752112952185
2021-12-11 00:00:00+00:00,11625.822530126608
2021-12-11 04:00:00+00:00,11601.203959661803
2021-12-11 08:00:00+00:00,11685.239792085844
2021-12-11 12:00:00+00:00,11792.011841390624
2021-12-11 16:00:00+00:00,11641.423808453474
2021-12-11 20:00:00+00:00,11921.858626579236
2021-12-12 00:00:00+00:00,11808.79357140108
2021-12-12 04:00:00+00:00,11821.820603699558
2021-12-12 08:00:00+00:00,11757.613464755888
2021-12-12 12:00:00+00:00,11794.105768625272
2021-12-12 16:00:00+00:00,12084.540377629844
2021-12-12 20:00:00+00:00,12023.396729381586
2021-12-13 00:00:00+00:00,11733.005966300556
2021-12-13 04:00:00+00:00,11539.10694341039
2021-12-13 08:00:00+00:00,11646.808747949344
2021-12-13 12:00:00+00:00,11038.70048411694
2021-12-13 16:00:00+00:00,10803.46513726222
2021-12-13 20:00:00+00:00,10907.073187408556
2021-12-14 00:00:00+00:00,10890.998193605865
2021-12-14 04:00:00+00:00,10956.409230917392
2021-12-14 08:00:00+00:00,11591.416750723149
2021-12-14 12:00:00+00:00,11299.301250051676
2021-12-14 16:00:00+00:00,11091.957487641266
2021-12-14 20:00:00+00:00,11613.400528515898
2021-12-15 00:00:00+00:00,11573.419128108584
2021-12-15 04:00:00+00:00,11719.04857047055
2021-12-15 08:00:00+00:00,11663.373041399547
2021-12-15 12:00:00+00:00,11118.789893076097
2021-12-15 16:00:00+00:00,12186.779861217276
2021-12-15 20:00:00+00:00,12345.748619375176
2021-12-16 00:00:00+00:00,12404.011124117664
2021-12-16 04:00:00+00:00,12333.613905871009
2021-12-16 08:00:00+00:00,12709.403514586767
2021-12-16 12:00:00+00:00,12669.151017270706
2021-12-16 16:00:00+00:00,12253.69567741604
2021-12-16 20:00:00+00:00,12054.704863784818
2021-12-17 00:00:00+00:00,12225.975202789874
2021-12-17 04:00:00+00:00,12165.927061608643
2021-12-17 08:00:00+00:00,12059.489844868058
2021-12-17 12:00:00+00:00,12121.99959544873
2021-12-17 16:00:00+00:00,12223.88738471038
2021-12-17 20:00:00+00:00,12110.600466659034
2021-12-18 00:00:00+00:00,12067.577730593088
2021-12-18 04:00:00+00:00,12211.977549829342
2021-12-18 08:00:00+00:00,12469.22973404248
2021-12-18 12:00:00+00:00,12476.251479334602
2021-12-18 16:00:00+00:00,12456.107260280172
2021-12-18 20:00:00+00:00,12530.862938612336
2021-12-19 00:00:00+00:00,12630.026880116544
2021-12-19 04:00:00+00:00,12659.410900139128
2021-12-19 08:00:00+00:00,12509.47933946591
2021-12-19 12:00:00+00:00,12483.748890026183
2021-12-19 16:00:00+00:00,12287.539091160335
2021-12-19 20:00:00+00:00,12257.016846622511
2021-12-20 00:00:00+00:00,12229.349399526784
2021-12-20 04:00:00+00:00,12034.978429143668
2021-12-20 08:00:00+00:00,11896.501494072672
2021-12-20 12:00:00+00:00,11771.58544651898
2021-12-20 16:00:00+00:00,12193.02829088783
2021-12-20 20:00:00+00:00,12210.052059679614
2021-12-21 00:00:00+00:00,12323.646804848637
2021-12-21 04:00:00+00:00,12510.719405299044
2021-12-21 08:00:00+00:00,12583.474037373371
2021-12-21 12:00:00+00:00,12437.118535720803
2021-12-21 16:00:00+00:00,12484.456222918656
2021-12-21 20:00:00+00:00,12700.238404470432
2021-12-22 00:00:00+00:00,12818.356832596932
2021-12-22 04:00:00+00:00,12970.883234290724
2021-12-22 08:00:00+00:00,12959.788217492453
2021-12-22 12:00:00+00:00,12984.843939802988
2021-12-22 16:00:00+00:00,12797.22840062394
2021-12-22 20:00:00+00:00,12637.57381191371
2021-12-23 00:00:00+00:00,12892.88950384961
2021-12-23 04:00:00+00:00,12647.6319447523
2021-12-23 08:00:00+00:00,12719.139043970816
2021-12-23 12:00:00+00:00,12880.884619944189
2021-12-23 16:00:00+00:00,13425.138392272303
2021-12-23 20:00:00+00:00,13373.671813863622
2021-12-24 00:00:00+00:00,13227.272932191589
2021-12-24 04:00:00+00:00,13260.772834051872
2021-12-24 08:00:00+00:00,13294.540980323667
2021-12-24 12:00:00+00:00,13486.997521226494
2021-12-24 16:00:00+00:00,13317.475260803994
2021-12-24 20:00:00+00:00,13119.116050481169
2021-12-25 00:00:00+00:00,13138.18037651733
2021-12-25 04:00:00+00:00,13292.776976140134
2021-12-25 08:00:00+00:00,13183.69149539895
2021-12-25 12:00:00+00:00,13281.539311290457
2021-12-25 16:00:00+00:00,13224.372302727616
2021-12-25 20:00:00+00:00,13305.81594868756
2021-12-26 00:00:00+00:00,13021.202578365896
2021-12-26 04:00:00+00:00,13147.925879104358
2021-12-26 08:00:00+00:00,13272.709118137129
2021-12-26 12:00:00+00:00,13391.81675365494
2021-12-26 16:00:00+00:00,13532.252591985574
2021-12-26 20:00:00+00:00,13458.69142765146
2021-12-27 00:00:00+00:00,13591.99368531446
2021-12-27 04:00:00+00:00,13537.156227953266
2021-12-27 08:00:00+00:00,13636.984683959725
2021-12-27 12:00:00+00:00,13757.621356379424
2021-12-27 16:00:00+00:00,13711.743387425762
2021-12-27 20:00:00+00:00,13415.452739567434
2021-12-28 00:00:00+00:00,13050.766099760143
2021-12-28 04:00:00+00:00,13016.251061069595
2021-12-28 08:00:00+00:00,13190.037650595816
2021-12-28 12:00:00+00:00,12906.340984184486
2021-12-28 16:00:00+00:00,12464.49569513201
2021-12-28 20:00:00+00:00,12347.366488578018
2021-12-29 00:00:00+00:00,12545.246964752792
2021-12-29 04:00:00+00:00,12346.72297135113
2021-12-29 08:00:00+00:00,12323.49677199394
2021-12-29 12:00:00+00:00,12329.101067043282
2021-12-29 16:00:00+00:00,12150.232286961367
2021-12-29 20:00:00+00:00,11889.6554205521
2021-12-30 00:00:00+00:00,11790.925795161238
2021-12-30 04:00:00+00:00,12076.6131053161
2021-12-30 08:00:00+00:00,12183.835781944295
2021-12-30 12:00:00+00:00,12083.954407517784
2021-12-30 16:00:00+00:00,12135.914900489057
2021-12-30 20:00:00+00:00,12017.82384008493
2021-12-31 00:00:00+00:00,11998.818344773064
2021-12-31 04:00:00+00:00,12032.906554558822
2021-12-31 08:00:00+00:00,12224.71634244363
2021-12-31 12:00:00+00:00,12267.859884729129
2021-12-31 16:00:00+00:00,11730.414816865425
2021-12-31 20:00:00+00:00,12005.33202731572
2022-01-01 00:00:00+00:00,12152.845194530017
2022-01-01 04:00:00+00:00,12166.850434353652
2022-01-01 08:00:00+00:00,12073.356731861615
2022-01-01 12:00:00+00:00,12195.96382701374
2022-01-01 16:00:00+00:00,12382.13921114674
2022-01-01 20:00:00+00:00,12502.535080132748
2022-01-02 00:00:00+00:00,12488.784010696329
2022-01-02 04:00:00+00:00,12400.962682905423
2022-01-02 08:00:00+00:00,12422.995353383792
2022-01-02 12:00:00+00:00,12469.75278726074
2022-01-02 16:00:00+00:00,12414.41758576395
2022-01-02 20:00:00+00:00,12483.494424876912
2022-01-03 00:00:00+00:00,12265.29297371383
2022-01-03 04:00:00+00:00,12308.134621381596
2022-01-03 08:00:00+00:00,12413.7496600906
2022-01-03 12:00:00+00:00,12240.960318446168
2022-01-03 16:00:00+00:00,12104.504354588544
2022-01-03 20:00:00+00:00,12137.71701590461
2022-01-04 00:00:00+00:00,11999.128746167826
2022-01-04 04:00:00+00:00,12084.230689026686
2022-01-04 08:00:00+00:00,12218.958816915245
2022-01-04 12:00:00+00:00,12231.618634734568
2022-01-04 16:00:00+00:00,11993.190405613492
2022-01-04 20:00:00+00:00,11932.359178950688
2022-01-05 00:00:00+00:00,12105.71471083331
2022-01-05 04:00:00+00:00,12136.482432559917
2022-01-05 08:00:00+00:00,12060.99271307978
2022-01-05 12:00:00+00:00,12111.335980673326
2022-01-05 16:00:00+00:00,11441.168979311931
2022-01-05 20:00:00+00:00,11181.037012508648
2022-01-06 00:00:00+00:00,10781.099195988936
2022-01-06 04:00:00+00:00,10984.82711894132
2022-01-06 08:00:00+00:00,10750.195884906796
2022-01-06 12:00:00+00:00,10911.82685393389
2022-01-06 16:00:00+00:00,11176.06543502278
2022-01-06 20:00:00+00:00,11034.323049709728
2022-01-07 00:00:00+00:00,10368.361181822427
2022-01-07 04:00:00+00:00,10350.808392311486
2022-01-07 08:00:00+00:00,10483.864349827652
2022-01-07 12:00:00+00:00,10240.560198604571
2022-01-07 16:00:00+00:00,10475.793209826235
2022-01-07 20:00:00+00:00,10324.484545488802
2022-01-08 00:00:00+00:00,10455.279749549429
2022-01-08 04:00:00+00:00,10633.947082415234
2022-01-08 08:00:00+00:00,10631.079248156537
2022-01-08 12:00:00+00:00,10413.532975344118
2022-01-08 16:00:00+00:00,9910.623604873908
2022-01-08 20:00:00+00:00,10273.127897893006
2022-01-09 00:00:00+00:00,10339.417917569444
2022-01-09 04:00:00+00:00,10299.388138758226
2022-01-09 08:00:00+00:00,10319.676378023729
2022-01-09 12:00:00+00:00,10285.594442985026
2022-01-09 16:00:00+00:00,10652.814947574274
2022-01-09 20:00:00+00:00,10410.255906421542
2022-01-10 00:00:00+00:00,10411.394949452222
2022-01-10 04:00:00+00:00,10498.945074613091
2022-01-10 08:00:00+00:00,10259.166884301005
2022-01-10 12:00:00+00:00,9863.1258077969
2022-01-10 16:00:00+00:00,9862.372527868783
2022-01-10 20:00:00+00:00,10047.63989768891
2022-01-11 00:00:00+00:00,10206.100781087138
2022-01-11 04:00:00+00:00,10195.607473748163
2022-01-11 08:00:00+00:00,10249.767750305082
2022-01-11 12:00:00+00:00,10249.93334395448
2022-01-11 16:00:00+00:00,10549.02440134894
2022-01-11 20:00:00+00:00,10516.335327038509
2022-01-12 00:00:00+00:00,10514.577688873778
2022-01-12 04:00:00+00:00,10464.02854860712
2022-01-12 08:00:00+00:00,10696.02944029625
2022-01-12 12:00:00+00:00,11025.51770036715
2022-01-12 16:00:00+00:00,11156.986083275056
2022-01-12 20:00:00+00:00,11191.428857617502
2022-01-13 00:00:00+00:00,11046.240332006486
2022-01-13 04:00:00+00:00,11183.140056086626
2022-01-13 08:00:00+00:00,11117.533924242738
2022-01-13 12:00:00+00:00,11145.067946318632
2022-01-13 16:00:00+00:00,10849.041269643469
2022-01-13 20:00:00+00:00,10848.198345822191
2022-01-14 00:00:00+00:00,10971.434132537404
2022-01-14 04:00:00+00:00,11202.143555610117
2022-01-14 08:00:00+00:00,10878.00022662271
2022-01-14 12:00:00+00:00,11162.095670291248
2022-01-14 16:00:00+00:00,11129.294431297236
2022-01-14 20:00:00+00:00,11084.13247402003
2022-01-15 00:00:00+00:00,11142.828619916168
2022-01-15 04:00:00+00:00,11145.013739919168
2022-01-15 08:00:00+00:00,11149.381287534929
2022-01-15 12:00:00+00:00,11273.050834409163
2022-01-15 16:00:00+00:00,11281.980358726749
2022-01-15 20:00:00+00:00,11184.635490753544
2022-01-16 00:00:00+00:00,11122.125564790947
2022-01-16 04:00:00+00:00,11269.756293009166
2022-01-16 08:00:00+00:00,11197.43900546253
2022-01-16 12:00:00+00:00,11288.541740062316
2022-01-16 16:00:00+00:00,11149.72303623334
2022-01-16 20:00:00+00:00,11176.393427619694
2022-01-17 00:00:00+00:00,10870.228176483535
2022-01-17 04:00:00+00:00,10908.742852257208
2022-01-17 08:00:00+00:00,10849.831259016995
2022-01-17 12:00:00+00:00,10757.55941603048
2022-01-17 16:00:00+00:00,10735.98410539144
2022-01-17 20:00:00+00:00,10742.803788859572
2022-01-18 00:00:00+00:00,10663.980188730686
2022-01-18 04:00:00+00:00,10708.13458814844
2022-01-18 08:00:00+00:00,10516.43163858975
2022-01-18 12:00:00+00:00,10381.105719339354
2022-01-18 16:00:00+00:00,10412.6132784303
2022-01-18 20:00:00+00:00,10605.262552702765
2022-01-19 00:00:00+00:00,10443.827492924323
2022-01-19 04:00:00+00:00,10154.987463777528
2022-01-19 08:00:00+00:00,10341.884927346931
2022-01-19 12:00:00+00:00,10376.190240660731
2022-01-19 16:00:00+00:00,10350.577335787306
2022-01-19 20:00:00+00:00,10218.809238075835
2022-01-20 00:00:00+00:00,10356.449957252964
2022-01-20 04:00:00+00:00,10421.760669845404
2022-01-20 08:00:00+00:00,10414.608472884698
2022-01-20 12:00:00+00:00,10720.37331828888
2022-01-20 16:00:00+00:00,10546.812191609944
2022-01-20 20:00:00+00:00,9750.904340106528
2022-01-21 00:00:00+00:00,9370.273252987865
2022-01-21 04:00:00+00:00,9551.48589517798
2022-01-21 08:00:00+00:00,9389.943170651257
2022-01-21 12:00:00+00:00,9330.690877476552
2022-01-21 16:00:00+00:00,9140.94252736399
2022-01-21 20:00:00+00:00,8542.768501790957
2022-01-22 00:00:00+00:00,8490.067733372278
2022-01-22 04:00:00+00:00,7778.51635893664
2022-01-22 08:00:00+00:00,7729.101512849702
2022-01-22 12:00:00+00:00,7503.044385608493
2022-01-22 16:00:00+00:00,7418.642147323938
2022-01-22 20:00:00+00:00,7701.572306721813
2022-01-23 00:00:00+00:00,7748.340027496368
2022-01-23 04:00:00+00:00,8108.180572661386
2022-01-23 08:00:00+00:00,8133.191497321063
2022-01-23 12:00:00+00:00,7937.549842203816
2022-01-23 16:00:00+00:00,7728.368297581537
2022-01-23 20:00:00+00:00,8157.346074947483
2022-01-24 00:00:00+00:00,7781.590351319672
2022-01-24 04:00:00+00:00,7463.026339206658
2022-01-24 08:00:00+00:00,7145.971105856756
2022-01-24 12:00:00+00:00,7351.8583199445075
2022-01-24 16:00:00+00:00,7592.60210899213
2022-01-24 20:00:00+00:00,7771.924443805527
2022-01-25 00:00:00+00:00,7672.483949892735
2022-01-25 04:00:00+00:00,7604.233974600967
2022-01-25 08:00:00+00:00,7725.58422398895
2022-01-25 12:00:00+00:00,7835.720933498273
2022-01-25 16:00:00+00:00,8082.33931167716
2022-01-25 20:00:00+00:00,8006.095324711269
2022-01-26 00:00:00+00:00,8056.412384318956
2022-01-26 04:00:00+00:00,8030.623512340427
2022-01-26 08:00:00+00:00,8267.518398164275
2022-01-26 12:00:00+00:00,8334.287236433955
2022-01-26 16:00:00+00:00,8287.913263618539
2022-01-26 20:00:00+00:00,7901.352395776437
2022-01-27 00:00:00+00:00,7540.370333031858
2022-01-27 04:00:00+00:00,7669.637999180074
2022-01-27 08:00:00+00:00,7825.051617801124
2022-01-27 12:00:00+00:00,7904.509663201594
2022-01-27 16:00:00+00:00,7701.199281448665
2022-01-27 20:00:00+00:00,7791.088645763059
2022-01-28 00:00:00+00:00,7893.592859695739
2022-01-28 04:00:00+00:00,7746.331766783257
2022-01-28 08:00:00+00:00,7650.974859953704
2022-01-28 12:00:00+00:00,7816.695037308307
2022-01-28 16:00:00+00:00,7859.7486686716
2022-01-28 20:00:00+00:00,7931.296466501767
2022-01-29 00:00:00+00:00,7973.029303946266
2022-01-29 04:00:00+00:00,8182.397538256045
2022-01-29 08:00:00+00:00,8133.753505479621
2022-01-29 12:00:00+00:00,8111.151489146592
2022-01-29 16:00:00+00:00,8158.226510163774
2022-01-29 20:00:00+00:00,8196.078430036141
2022-01-30 00:00:00+00:00,8093.871838713751
2022-01-30 04:00:00+00:00,8248.592828828603
2022-01-30 08:00:00+00:00,8213.832474745208
2022-01-30 12:00:00+00:00,8113.863052388676
2022-01-30 16:00:00+00:00,7906.7163597675
2022-01-30 20:00:00+00:00,7986.501201720561
2022-01-31 00:00:00+00:00,7779.647111427865
2022-01-31 04:00:00+00:00,7775.996462457544
2022-01-31 08:00:00+00:00,7849.252005359188
2022-01-31 12:00:00+00:00,8077.247162512639
2022-01-31 16:00:00+00:00,8212.353343165449
2022-01-31 20:00:00+00:00,8255.767795175643
2022-02-01 00:00:00+00:00,8513.324655777164
2022-02-01 04:00:00+00:00,8449.891388421973
2022-02-01 08:00:00+00:00,8486.425238134329
2022-02-01 12:00:00+00:00,8557.288664982108
2022-02-01 16:00:00+00:00,8528.475601124908
2022-02-01 20:00:00+00:00,8664.088114641738
2022-02-02 00:00:00+00:00,8692.804450653462
2022-02-02 04:00:00+00:00,8582.972965629395
2022-02-02 08:00:00+00:00,8670.247629422496
2022-02-02 12:00:00+00:00,8376.298552665969
2022-02-02 16:00:00+00:00,8532.581564445774
2022-02-02 20:00:00+00:00,8154.308302924021
2022-02-03 00:00:00+00:00,8029.038457338783
2022-02-03 04:00:00+00:00,8106.792012501878
2022-02-03 08:00:00+00:00,7976.95417176956
2022-02-03 12:00:00+00:00,8075.28756511596
2022-02-03 16:00:00+00:00,7950.845676690697
2022-02-03 20:00:00+00:00,8221.314680343125
2022-02-04 00:00:00+00:00,8210.60659810479
2022-02-04 04:00:00+00:00,8397.458893077372
2022-02-04 08:00:00+00:00,8418.061081622263
2022-02-04 12:00:00+00:00,8599.296432119305
2022-02-04 16:00:00+00:00,8854.162962233071
2022-02-04 20:00:00+00:00,9026.757905076778
2022-02-05 00:00:00+00:00,9121.18150214766
2022-02-05 04:00:00+00:00,9205.427581500931
2022-02-05 08:00:00+00:00,9203.27315155056
2022-02-05 12:00:00+00:00,9241.62921632312
2022-02-05 16:00:00+00:00,9053.18870808238
2022-02-05 20:00:00+00:00,9078.033538152986
2022-02-06 00:00:00+00:00,9138.383018109773
2022-02-06 04:00:00+00:00,9125.956615473697
2022-02-06 08:00:00+00:00,9101.25953306944
2022-02-06 12:00:00+00:00,9009.494261623388
2022-02-06 16:00:00+00:00,9078.918120108114
2022-02-06 20:00:00+00:00,9281.576742409816
2022-02-07 00:00:00+00:00,9537.53381343147
2022-02-07 04:00:00+00:00,9529.894748394938
2022-02-07 08:00:00+00:00,9553.756099009046
2022-02-07 12:00:00+00:00,9792.002659662176
2022-02-07 16:00:00+00:00,9831.689844875917
2022-02-07 20:00:00+00:00,9749.61152741344
2022-02-08 00:00:00+00:00,9821.310486479008
2022-02-08 04:00:00+00:00,9970.64528502439
2022-02-08 08:00:00+00:00,9661.564400068875
2022-02-08 12:00:00+00:00,9452.705223477988
2022-02-08 16:00:00+00:00,9378.59116215662
2022-02-08 20:00:00+00:00,9596.987379030375
2022-02-09 00:00:00+00:00,9464.14332929458
2022-02-09 04:00:00+00:00,9556.015280010704
2022-02-09 08:00:00+00:00,9646.45485041017
2022-02-09 12:00:00+00:00,9720.036818596838
2022-02-09 16:00:00+00:00,9846.97207536418
2022-02-09 20:00:00+00:00,9755.842887197465
2022-02-10 00:00:00+00:00,9580.563181265778
2022-02-10 04:00:00+00:00,9661.977899252262
2022-02-10 08:00:00+00:00,9794.148533591382
2022-02-10 12:00:00+00:00,9684.528271262649
2022-02-10 16:00:00+00:00,9496.501497712345
2022-02-10 20:00:00+00:00,9340.266519803408
2022-02-11 00:00:00+00:00,9263.774166074789
2022-02-11 04:00:00+00:00,9323.400334757467
2022-02-11 08:00:00+00:00,9305.274549701926
2022-02-11 12:00:00+00:00,9374.204310798268
2022-02-11 16:00:00+00:00,8911.941405575997
2022-02-11 20:00:00+00:00,8663.100667970271
2022-02-12 00:00:00+00:00,8711.66294579137
2022-02-12 04:00:00+00:00,8550.849706023511
2022-02-12 08:00:00+00:00,8655.062979024835
2022-02-12 12:00:00+00:00,8584.174884018264
2022-02-12 16:00:00+00:00,8756.65479936224
2022-02-12 20:00:00+00:00,8682.114253805934
2022-02-13 00:00:00+00:00,8699.404539886296
2022-02-13 04:00:00+00:00,8747.138828803425
2022-02-13 08:00:00+00:00,8793.381210052272
2022-02-13 12:00:00+00:00,8764.155352733485
2022-02-13 16:00:00+00:00,8543.480873260514
2022-02-13 20:00:00+00:00,8526.96550334759
2022-02-14 00:00:00+00:00,8470.274425359112
2022-02-14 04:00:00+00:00,8563.768337622245
2022-02-14 08:00:00+00:00,8473.925872691758
2022-02-14 12:00:00+00:00,8679.123884105142
2022-02-14 16:00:00+00:00,8540.83627502667
2022-02-14 20:00:00+00:00,8697.960992152324
2022-02-15 00:00:00+00:00,8984.969273810948
2022-02-15 04:00:00+00:00,9056.212780847163
2022-02-15 08:00:00+00:00,9167.290941306965
2022-02-15 12:00:00+00:00,9202.020809783618
2022-02-15 16:00:00+00:00,9178.827902208011
2022-02-15 20:00:00+00:00,9422.724407089308
2022-02-16 00:00:00+00:00,9307.06723003325
2022-02-16 04:00:00+00:00,9410.734930288369
2022-02-16 08:00:00+00:00,9302.055993919914
2022-02-16 12:00:00+00:00,9109.568529179716
2022-02-16 16:00:00+00:00,9370.249854718404
2022-02-16 20:00:00+00:00,9277.87909748212
2022-02-17 00:00:00+00:00,9156.774709477711
2022-02-17 04:00:00+00:00,9230.39694533048
2022-02-17 08:00:00+00:00,9082.789848187174
2022-02-17 12:00:00+00:00,8898.138273860508
2022-02-17 16:00:00+00:00,8689.291897510011
2022-02-17 20:00:00+00:00,8581.38705586839
2022-02-18 00:00:00+00:00,8689.828784018067
2022-02-18 04:00:00+00:00,8715.293175087227
2022-02-18 08:00:00+00:00,8585.040228135245
2022-02-18 12:00:00+00:00,8367.590165160713
2022-02-18 16:00:00+00:00,8435.592933019676
2022-02-18 20:00:00+00:00,8363.48879387632
2022-02-19 00:00:00+00:00,8454.979352685274
2022-02-19 04:00:00+00:00,8554.866130338503
2022-02-19 08:00:00+00:00,8323.99707984087
2022-02-19 12:00:00+00:00,8460.09495942511
2022-02-19 16:00:00+00:00,8381.239789672003
2022-02-19 20:00:00+00:00,8482.426882108832
2022-02-20 00:00:00+00:00,8283.725438952937
2022-02-20 04:00:00+00:00,8116.714861125768
2022-02-20 08:00:00+00:00,8155.28533126998
2022-02-20 12:00:00+00:00,8132.433477950786
2022-02-20 16:00:00+00:00,8213.760651608643
2022-02-20 20:00:00+00:00,8117.158128567552
2022-02-21 00:00:00+00:00,8335.45130099222
2022-02-21 04:00:00+00:00,8480.355054991194
2022-02-21 08:00:00+00:00,8022.395980093463
2022-02-21 12:00:00+00:00,8157.1282696328435
2022-02-21 16:00:00+00:00,7944.224512530191
2022-02-21 20:00:00+00:00,7522.273849082024
2022-02-22 00:00:00+00:00,7364.727782421148
2022-02-22 04:00:00+00:00,7413.622380387121
2022-02-22 08:00:00+00:00,7659.723061624225
2022-02-22 12:00:00+00:00,7727.288354075585
2022-02-22 16:00:00+00:00,7762.726206172184
2022-02-22 20:00:00+00:00,7816.077724459013
2022-02-23 00:00:00+00:00,7818.546047807678
2022-02-23 04:00:00+00:00,8008.456751315154
2022-02-23 08:00:00+00:00,8185.945833255668
2022-02-23 12:00:00+00:00,8056.219224987294
2022-02-23 16:00:00+00:00,7858.651877838211
2022-02-23 20:00:00+00:00,7629.343023091435
2022-02-24 00:00:00+00:00,7014.921540987579
2022-02-24 04:00:00+00:00,7078.075335506439
2022-02-24 08:00:00+00:00,7043.968328526707
2022-02-24 12:00:00+00:00,7340.149855425154
2022-02-24 16:00:00+00:00,7782.415538487854
2022-02-24 20:00:00+00:00,7775.466729263712
2022-02-25 00:00:00+00:00,7801.191113467626
2022-02-25 04:00:00+00:00,7742.498817182122
2022-02-25 08:00:00+00:00,7780.419211682583
2022-02-25 12:00:00+00:00,7972.647300394906
2022-02-25 16:00:00+00:00,7871.778415114738
2022-02-25 20:00:00+00:00,8165.554830875658
2022-02-26 00:00:00+00:00,8211.15158346453
2022-02-26 04:00:00+00:00,8161.316828501333
2022-02-26 08:00:00+00:00,8063.3408316499135
2022-02-26 12:00:00+00:00,8127.679270932069
2022-02-26 16:00:00+00:00,8150.516098116947
2022-02-26 20:00:00+00:00,8112.240990432234
2022-02-27 00:00:00+00:00,7872.075724030301
2022-02-27 04:00:00+00:00,7966.3427237878195
2022-02-27 08:00:00+00:00,8149.692867382997
2022-02-27 12:00:00+00:00,8131.8831411440415
2022-02-27 16:00:00+00:00,7624.497197421017
2022-02-27 20:00:00+00:00,7690.870951673925
2022-02-28 00:00:00+00:00,7698.90455915356
2022-02-28 04:00:00+00:00,7793.359415965709
2022-02-28 08:00:00+00:00,7864.787918370717
2022-02-28 12:00:00+00:00,8329.3270227463
2022-02-28 16:00:00+00:00,8308.811357987519
2022-02-28 20:00:00+00:00,8640.382553133253
2022-03-01 00:00:00+00:00,8592.11417766611
2022-03-01 04:00:00+00:00,8619.88547344266
2022-03-01 08:00:00+00:00,8602.110073140337
2022-03-01 12:00:00+00:00,8658.649849602938
2022-03-01 16:00:00+00:00,8637.524639516383
2022-03-01 20:00:00+00:00,8714.246503825438
2022-03-02 00:00:00+00:00,8920.492329303124
2022-03-02 04:00:00+00:00,8764.5758568171
2022-03-02 08:00:00+00:00,8866.552672022643
2022-03-02 12:00:00+00:00,8694.742754806088
2022-03-02 16:00:00+00:00,8641.122925455471
2022-03-02 20:00:00+00:00,8656.861520248096
2022-03-03 00:00:00+00:00,8510.665280001836
2022-03-03 04:00:00+00:00,8586.245779113131
2022-03-03 08:00:00+00:00,8562.703922650526
2022-03-03 12:00:00+00:00,8306.95445097235
2022-03-03 16:00:00+00:00,8262.972342222805
2022-03-03 20:00:00+00:00,8310.44278631665
2022-03-04 00:00:00+00:00,8072.679787638632
2022-03-04 04:00:00+00:00,8085.911045474954
2022-03-04 08:00:00+00:00,8203.961871288402
2022-03-04 12:00:00+00:00,8023.001340601764
2022-03-04 16:00:00+00:00,7873.228329805909
2022-03-04 20:00:00+00:00,7785.726212049973
2022-03-05 00:00:00+00:00,7757.086877961904
2022-03-05 04:00:00+00:00,7852.94635937127
2022-03-05 08:00:00+00:00,7882.961840859172
2022-03-05 12:00:00+00:00,7908.369457671663
2022-03-05 16:00:00+00:00,7978.095259792354
2022-03-05 20:00:00+00:00,7945.528895795591
2022-03-06 00:00:00+00:00,7831.623670906554
2022-03-06 04:00:00+00:00,7864.731958535764
2022-03-06 08:00:00+00:00,7744.3142998566545
2022-03-06 12:00:00+00:00,7781.415720677899
2022-03-06 16:00:00+00:00,7662.170297350416
2022-03-06 20:00:00+00:00,7589.281059861521
2022-03-07 00:00:00+00:00,7441.94252911077
2022-03-07 04:00:00+00:00,7462.263271432415
2022-03-07 08:00:00+00:00,7580.736749950942
2022-03-07 12:00:00+00:00,7715.607210318428
2022-03-07 16:00:00+00:00,7303.2518803761
2022-03-07 20:00:00+00:00,7417.643492729802
2022-03-08 00:00:00+00:00,7556.737547946058
2022-03-08 04:00:00+00:00,7513.950870986331
2022-03-08 08:00:00+00:00,7589.278196464655
2022-03-08 12:00:00+00:00,7505.1606091862095
2022-03-08 16:00:00+00:00,7566.272184506196
2022-03-08 20:00:00+00:00,7508.585844840592
2022-03-09 00:00:00+00:00,7955.799248331158
2022-03-09 04:00:00+00:00,7999.101079818964
2022-03-09 08:00:00+00:00,7988.223683656696
2022-03-09 12:00:00+00:00,8049.9918455106
2022-03-09 16:00:00+00:00,7905.099238904271
2022-03-09 20:00:00+00:00,7953.428982414241
2022-03-10 00:00:00+00:00,7753.309416645673
2022-03-10 04:00:00+00:00,7538.921052030905
2022-03-10 08:00:00+00:00,7512.863647378551
2022-03-10 12:00:00+00:00,7490.122998277682
2022-03-10 16:00:00+00:00,7532.620948709435
2022-03-10 20:00:00+00:00,7553.49095663005
2022-03-11 00:00:00+00:00,7512.696553374377
2022-03-11 04:00:00+00:00,7587.138553689258
2022-03-11 08:00:00+00:00,7672.63082664649
2022-03-11 12:00:00+00:00,7505.65226294934
2022-03-11 16:00:00+00:00,7422.24395012516
2022-03-11 20:00:00+00:00,7478.162086956726
2022-03-12 00:00:00+00:00,7571.839415909709
2022-03-12 04:00:00+00:00,7568.484803318243
2022-03-12 08:00:00+00:00,7516.537387824716
2022-03-12 12:00:00+00:00,7537.897717885446
2022-03-12 16:00:00+00:00,7528.466026223771
2022-03-12 20:00:00+00:00,7482.889882763747
2022-03-13 00:00:00+00:00,7564.253313448568
2022-03-13 04:00:00+00:00,7539.394116412353
2022-03-13 08:00:00+00:00,7478.811167234746
2022-03-13 12:00:00+00:00,7474.385314091465
2022-03-13 16:00:00+00:00,7432.520825327843
2022-03-13 20:00:00+00:00,7246.082660807639
2022-03-14 00:00:00+00:00,7284.052364588282
2022-03-14 04:00:00+00:00,7444.039329365422
2022-03-14 08:00:00+00:00,7411.296067560652
2022-03-14 12:00:00+00:00,7363.522447982897
2022-03-14 16:00:00+00:00,7282.239913513712
2022-03-14 20:00:00+00:00,7444.568719751371
2022-03-15 00:00:00+00:00,7301.385573886963
2022-03-15 04:00:00+00:00,7251.060141192691
2022-03-15 08:00:00+00:00,7293.839553229044
2022-03-15 12:00:00+00:00,7404.510902281106
2022-03-15 16:00:00+00:00,7602.03244693944
2022-03-15 20:00:00+00:00,7488.827875213808
2022-03-16 00:00:00+00:00,7452.363629351251
2022-03-16 04:00:00+00:00,7515.263630614741
2022-03-16 08:00:00+00:00,7617.812092765327
2022-03-16 12:00:00+00:00,7639.003004761367
2022-03-16 16:00:00+00:00,7782.236693253639
2022-03-16 20:00:00+00:00,7880.799013471343
2022-03-17 00:00:00+00:00,7924.917924108367
2022-03-17 04:00:00+00:00,7902.116731884425
2022-03-17 08:00:00+00:00,7963.734465353743
2022-03-17 12:00:00+00:00,8031.572826641591
2022-03-17 16:00:00+00:00,8078.17416472447
2022-03-17 20:00:00+00:00,7980.113926802341
2022-03-18 00:00:00+00:00,7865.033765405372
2022-03-18 04:00:00+00:00,7888.765215490461
2022-03-18 08:00:00+00:00,7824.761844437121
2022-03-18 12:00:00+00:00,8050.430722487375
2022-03-18 16:00:00+00:00,8300.778090193646
2022-03-18 20:00:00+00:00,8236.480458642993
2022-03-19 00:00:00+00:00,8290.757945938798
2022-03-19 04:00:00+00:00,8246.439169692905
2022-03-19 08:00:00+00:00,8345.939733852285
2022-03-19 12:00:00+00:00,8537.901323526516
2022-03-19 16:00:00+00:00,8507.654462167638
2022-03-19 20:00:00+00:00,8467.316148700887
2022-03-20 00:00:00+00:00,8370.802237380927
2022-03-20 04:00:00+00:00,8397.636546983678
2022-03-20 08:00:00+00:00,8256.862151864028
2022-03-20 12:00:00+00:00,8211.928950327323
2022-03-20 16:00:00+00:00,8239.738792236225
2022-03-20 20:00:00+00:00,8163.156895151773
2022-03-21 00:00:00+00:00,8126.734670265094
2022-03-21 04:00:00+00:00,8289.42128947959
2022-03-21 08:00:00+00:00,8345.647627644268
2022-03-21 12:00:00+00:00,8323.741192582758
2022-03-21 16:00:00+00:00,8282.514587792108
2022-03-21 20:00:00+00:00,8253.036068414951
2022-03-22 00:00:00+00:00,8461.333568665188
2022-03-22 04:00:00+00:00,8453.112128679088
2022-03-22 08:00:00+00:00,8561.77070800059
2022-03-22 12:00:00+00:00,8492.860222162093
2022-03-22 16:00:00+00:00,8404.904459953317
2022-03-22 20:00:00+00:00,8387.937563094425
2022-03-23 00:00:00+00:00,8339.378315183989
2022-03-23 04:00:00+00:00,8396.267870181387
2022-03-23 08:00:00+00:00,8392.335209865863
2022-03-23 12:00:00+00:00,8678.300970134804
2022-03-23 16:00:00+00:00,8526.543200215909
2022-03-23 20:00:00+00:00,8708.17570297763
2022-03-24 00:00:00+00:00,8701.604050268445
2022-03-24 04:00:00+00:00,8828.132657341315
2022-03-24 08:00:00+00:00,8943.454918931366
2022-03-24 12:00:00+00:00,9062.174652972662
2022-03-24 16:00:00+00:00,9073.846196700324
2022-03-24 20:00:00+00:00,9054.658051512371
2022-03-25 00:00:00+00:00,9056.767672987737
2022-03-25 04:00:00+00:00,9004.843550547792
2022-03-25 08:00:00+00:00,9110.054718357687
2022-03-25 12:00:00+00:00,8880.464983394857
2022-03-25 16:00:00+00:00,8796.339098852464
2022-03-25 20:00:00+00:00,8776.075948652055
2022-03-26 00:00:00+00:00,8801.263543432136
2022-03-26 04:00:00+00:00,8938.601945232735
2022-03-26 08:00:00+00:00,8897.676863904786
2022-03-26 12:00:00+00:00,8936.268724358648
2022-03-26 16:00:00+00:00,9005.601518132691
2022-03-26 20:00:00+00:00,9007.353113682426
2022-03-27 00:00:00+00:00,9060.8577440003
2022-03-27 04:00:00+00:00,9076.931127590082
2022-03-27 08:00:00+00:00,8995.49662346707
2022-03-27 12:00:00+00:00,9041.532334736388
2022-03-27 16:00:00+00:00,9109.68154866391
2022-03-27 20:00:00+00:00,9450.362313528529
2022-03-28 00:00:00+00:00,9542.37603482658
2022-03-28 04:00:00+00:00,9588.765897285068
2022-03-28 08:00:00+00:00,9644.143766164423
2022-03-28 12:00:00+00:00,9689.059250786948
2022-03-28 16:00:00+00:00,9820.939128487536
2022-03-28 20:00:00+00:00,9391.91087363812
2022-03-29 00:00:00+00:00,9605.993827635904
2022-03-29 04:00:00+00:00,9633.751810028189
2022-03-29 08:00:00+00:00,9840.039411710852
2022-03-29 12:00:00+00:00,9656.10824211206
2022-03-29 16:00:00+00:00,9765.029294009002
2022-03-29 20:00:00+00:00,9658.40832291288
2022-03-30 00:00:00+00:00,9617.952741471718
2022-03-30 04:00:00+00:00,9713.557449210784
2022-03-30 08:00:00+00:00,9697.227878456351
2022-03-30 12:00:00+00:00,10007.003130690096
2022-03-30 16:00:00+00:00,9973.266003913512
2022-03-30 20:00:00+00:00,9949.34933267279
2022-03-31 00:00:00+00:00,10046.239588535982
2022-03-31 04:00:00+00:00,10154.378355152454
2022-03-31 08:00:00+00:00,10239.025959083065
2022-03-31 12:00:00+00:00,10003.108262338896
2022-03-31 16:00:00+00:00,9791.74966435234
2022-03-31 20:00:00+00:00,9843.04577890716
2022-04-01 00:00:00+00:00,9652.595489905569
2022-04-01 04:00:00+00:00,9867.236716500847
2022-04-01 08:00:00+00:00,9776.78141387688
2022-04-01 12:00:00+00:00,10203.090980986402
2022-04-01 16:00:00+00:00,10399.633761094132
2022-04-01 20:00:00+00:00,10283.91017676872
2022-04-02 00:00:00+00:00,10343.957238208388
2022-04-02 04:00:00+00:00,10445.032493163824
2022-04-02 08:00:00+00:00,10515.878025678168
2022-04-02 12:00:00+00:00,10407.657965910632
2022-04-02 16:00:00+00:00,10321.413719768232
2022-04-02 20:00:00+00:00,10173.440784628316
2022-04-03 00:00:00+00:00,10283.701445626866
2022-04-03 04:00:00+00:00,10422.640030048851
2022-04-03 08:00:00+00:00,10457.164338243703
2022-04-03 12:00:00+00:00,10429.64642649057
2022-04-03 16:00:00+00:00,10386.059742513931
2022-04-03 20:00:00+00:00,10486.4376702172
2022-04-04 00:00:00+00:00,10350.938955574806
2022-04-04 04:00:00+00:00,10437.308083209276
2022-04-04 08:00:00+00:00,10450.23449650334
2022-04-04 12:00:00+00:00,10071.92764598878
2022-04-04 16:00:00+00:00,10156.950994412931
2022-04-04 20:00:00+00:00,10326.202635933934
2022-04-05 00:00:00+00:00,10400.30792020551
2022-04-05 04:00:00+00:00,10408.994350467823
2022-04-05 08:00:00+00:00,10449.717888081115
2022-04-05 12:00:00+00:00,10337.517788917698
2022-04-05 16:00:00+00:00,10380.088950058756
2022-04-05 20:00:00+00:00,10227.573355910625
2022-04-06 00:00:00+00:00,9943.07209105116
2022-04-06 04:00:00+00:00,10012.834381774575
2022-04-06 08:00:00+00:00,9736.357248834907
2022-04-06 12:00:00+00:00,9495.729304720291
2022-04-06 16:00:00+00:00,9491.6233148747
2022-04-06 20:00:00+00:00,9184.772066721427
2022-04-07 00:00:00+00:00,9235.041435271778
2022-04-07 04:00:00+00:00,9386.008981120309
2022-04-07 08:00:00+00:00,9486.590062035566
2022-04-07 12:00:00+00:00,9245.665755548564
2022-04-07 16:00:00+00:00,9467.14403788671
2022-04-07 20:00:00+00:00,9527.906211955857
2022-04-08 00:00:00+00:00,9707.007321918543
2022-04-08 04:00:00+00:00,9618.125662679206
2022-04-08 08:00:00+00:00,9383.672392847942
2022-04-08 12:00:00+00:00,9517.89875361097
2022-04-08 16:00:00+00:00,9312.554602550084
2022-04-08 20:00:00+00:00,9085.453012636764
2022-04-09 00:00:00+00:00,9088.71252225558
2022-04-09 04:00:00+00:00,9161.840319661987
2022-04-09 08:00:00+00:00,9144.297016384528
2022-04-09 12:00:00+00:00,9066.11010113253
2022-04-09 16:00:00+00:00,9105.208457839251
2022-04-09 20:00:00+00:00,9250.703778064357
2022-04-10 00:00:00+00:00,9321.411891406626
2022-04-10 04:00:00+00:00,9225.226603764126
2022-04-10 08:00:00+00:00,9216.820564279376
2022-04-10 12:00:00+00:00,9301.031779902543
2022-04-10 16:00:00+00:00,9451.521428884604
2022-04-10 20:00:00+00:00,9119.755735782845
2022-04-11 00:00:00+00:00,8998.656152160012
2022-04-11 04:00:00+00:00,9052.90761234233
2022-04-11 08:00:00+00:00,8601.409889518032
2022-04-11 12:00:00+00:00,8475.047233444779
2022-04-11 16:00:00+00:00,8436.937953769471
2022-04-11 20:00:00+00:00,8311.989338850972
2022-04-12 00:00:00+00:00,8359.942574975636
2022-04-12 04:00:00+00:00,8570.270739383855
2022-04-12 08:00:00+00:00,8709.06165860269
2022-04-12 12:00:00+00:00,8655.4172766575
2022-04-12 16:00:00+00:00,8375.211445063178
2022-04-12 20:00:00+00:00,8565.696501929244
2022-04-13 00:00:00+00:00,8623.844902304207
2022-04-13 04:00:00+00:00,8645.52602978749
2022-04-13 08:00:00+00:00,8481.172439156651
2022-04-13 12:00:00+00:00,8743.164774307083
2022-04-13 16:00:00+00:00,8713.647774708852
2022-04-13 20:00:00+00:00,8768.722972617692
2022-04-14 00:00:00+00:00,8825.564215842973
2022-04-14 04:00:00+00:00,8825.149329728636
2022-04-14 08:00:00+00:00,8729.16065401069
2022-04-14 12:00:00+00:00,8514.311126507004
2022-04-14 16:00:00+00:00,8476.417040170649
2022-04-14 20:00:00+00:00,8564.58422840879
2022-04-15 00:00:00+00:00,8705.164913489669
2022-04-15 04:00:00+00:00,8706.332778212387
2022-04-15 08:00:00+00:00,8717.064549311053
2022-04-15 12:00:00+00:00,8691.717259761408
2022-04-15 16:00:00+00:00,8627.414696495329
2022-04-15 20:00:00+00:00,8696.235503129146
2022-04-16 00:00:00+00:00,8676.827219706363
2022-04-16 04:00:00+00:00,8671.700526367358
2022-04-16 08:00:00+00:00,8676.265217160744
2022-04-16 12:00:00+00:00,8595.387193231094
2022-04-16 16:00:00+00:00,8644.457699838495
2022-04-16 20:00:00+00:00,8699.779837830294
2022-04-17 00:00:00+00:00,8647.849600686759
2022-04-17 04:00:00+00:00,8688.658624513473
2022-04-17 08:00:00+00:00,8713.886834298472
2022-04-17 12:00:00+00:00,8805.732102134403
2022-04-17 16:00:00+00:00,8711.59601285476
2022-04-17 20:00:00+00:00,8466.769722182846
2022-04-18 00:00:00+00:00,8525.306785801282
2022-04-18 04:00:00+00:00,8195.97572845387
2022-04-18 08:00:00+00:00,8237.361121861293
2022-04-18 12:00:00+00:00,8335.548414625506
2022-04-18 16:00:00+00:00,8550.112435103743
2022-04-18 20:00:00+00:00,8655.552258399506
2022-04-19 00:00:00+00:00,8600.004814950003
2022-04-19 04:00:00+00:00,8621.893610581272
2022-04-19 08:00:00+00:00,8649.14739058393
2022-04-19 12:00:00+00:00,8871.175120502176
2022-04-19 16:00:00+00:00,8867.583375288483
2022-04-19 20:00:00+00:00,8930.548136490583
2022-04-20 00:00:00+00:00,8901.448365165634
2022-04-20 04:00:00+00:00,8874.503992408881
2022-04-20 08:00:00+00:00,9061.888105081003
2022-04-20 12:00:00+00:00,8779.685540700048
2022-04-20 16:00:00+00:00,8756.12249041459
2022-04-20 20:00:00+00:00,8759.023584090166
2022-04-21 00:00:00+00:00,8839.369072494552
2022-04-21 04:00:00+00:00,8816.829398164404
2022-04-21 08:00:00+00:00,8914.402325437643
2022-04-21 12:00:00+00:00,8864.552972078365
2022-04-21 16:00:00+00:00,8626.775250697525
2022-04-21 20:00:00+00:00,8461.061115488963
2022-04-22 00:00:00+00:00,8517.03919618875
2022-04-22 04:00:00+00:00,8555.026857712988
2022-04-22 08:00:00+00:00,8524.641788821215
2022-04-22 12:00:00+00:00,8343.220869791388
2022-04-22 16:00:00+00:00,8408.073204400138
2022-04-22 20:00:00+00:00,8392.799754528902
2022-04-23 00:00:00+00:00,8332.347784093312
2022-04-23 04:00:00+00:00,8378.867732356395
2022-04-23 08:00:00+00:00,8398.710305093213
2022-04-23 12:00:00+00:00,8430.214790860091
2022-04-23 16:00:00+00:00,8412.810042018022
2022-04-23 20:00:00+00:00,8315.379205141624
2022-04-24 00:00:00+00:00,8371.22149960165
2022-04-24 04:00:00+00:00,8382.223401824589
2022-04-24 08:00:00+00:00,8318.475173405035
2022-04-24 12:00:00+00:00,8294.160341190094
2022-04-24 16:00:00+00:00,8298.942273132845
2022-04-24 20:00:00+00:00,8212.745259309682
2022-04-25 00:00:00+00:00,8087.911029738968
2022-04-25 04:00:00+00:00,7824.771167133957
2022-04-25 08:00:00+00:00,8093.337534625123
2022-04-25 12:00:00+00:00,8106.916656105621
2022-04-25 16:00:00+00:00,8563.74446746848
2022-04-25 20:00:00+00:00,8570.539061132837
2022-04-26 00:00:00+00:00,8510.547535915863
2022-04-26 04:00:00+00:00,8566.83931257675
2022-04-26 08:00:00+00:00,8514.84872981808
2022-04-26 12:00:00+00:00,8099.947549097095
2022-04-26 16:00:00+00:00,8019.661101981556
2022-04-26 20:00:00+00:00,7957.738472131215
2022-04-27 00:00:00+00:00,8043.455443228911
2022-04-27 04:00:00+00:00,8238.140360982414
2022-04-27 08:00:00+00:00,8149.28164145876
2022-04-27 12:00:00+00:00,8119.631783915643
2022-04-27 16:00:00+00:00,8042.947778801604
2022-04-27 20:00:00+00:00,8131.375795077519
2022-04-28 00:00:00+00:00,8129.279159824525
2022-04-28 04:00:00+00:00,8157.688706496462
2022-04-28 08:00:00+00:00,8217.374254722194
2022-04-28 12:00:00+00:00,8051.534584175102
2022-04-28 16:00:00+00:00,8125.807545726793
2022-04-28 20:00:00+00:00,8095.214934004513
2022-04-29 00:00:00+00:00,8078.304116632444
2022-04-29 04:00:00+00:00,8112.269883250787
2022-04-29 08:00:00+00:00,7905.044248945086
2022-04-29 12:00:00+00:00,7936.2403732916355
2022-04-29 16:00:00+00:00,7697.51348118744
2022-04-29 20:00:00+00:00,7766.29638295429
2022-04-30 00:00:00+00:00,7805.052828617483
2022-04-30 04:00:00+00:00,7800.040076292026
2022-04-30 08:00:00+00:00,7772.417047913534
2022-04-30 12:00:00+00:00,7643.753752739994
2022-04-30 16:00:00+00:00,7590.838323084949
2022-04-30 20:00:00+00:00,7197.587344807514
2022-05-01 00:00:00+00:00,7387.160537932794
2022-05-01 04:00:00+00:00,7415.567859348963
2022-05-01 08:00:00+00:00,7391.58691156846
2022-05-01 12:00:00+00:00,7556.089000875079
2022-05-01 16:00:00+00:00,7376.455205452717
2022-05-01 20:00:00+00:00,7515.100117993708
2022-05-02 00:00:00+00:00,7514.508906222334
2022-05-02 04:00:00+00:00,7546.245378655078
2022-05-02 08:00:00+00:00,7354.423292002791
2022-05-02 12:00:00+00:00,7478.263674209193
2022-05-02 16:00:00+00:00,7441.601718171777
2022-05-02 20:00:00+00:00,7473.928915917129
2022-05-03 00:00:00+00:00,7549.906485934402
2022-05-03 04:00:00+00:00,7526.530981663724
2022-05-03 08:00:00+00:00,7537.779392588555
2022-05-03 12:00:00+00:00,7456.175430531208
2022-05-03 16:00:00+00:00,7289.059389352322
2022-05-03 20:00:00+00:00,7354.994092383527
2022-05-04 00:00:00+00:00,7399.890170845131
2022-05-04 04:00:00+00:00,7490.992224915661
2022-05-04 08:00:00+00:00,7583.021458107875
2022-05-04 12:00:00+00:00,7502.938940145304
2022-05-04 16:00:00+00:00,7876.488606517861
2022-05-04 20:00:00+00:00,7943.779069983992
2022-05-05 00:00:00+00:00,8014.706004147679
2022-05-05 04:00:00+00:00,7917.119817220767
2022-05-05 08:00:00+00:00,7853.075528775862
2022-05-05 12:00:00+00:00,7266.288667349275
2022-05-05 16:00:00+00:00,7233.920557563729
2022-05-05 20:00:00+00:00,7265.642712349874
2022-05-06 00:00:00+00:00,7226.012250427282
2022-05-06 04:00:00+00:00,7172.286992604749
2022-05-06 08:00:00+00:00,7075.718474416643
2022-05-06 12:00:00+00:00,7110.388448274298
2022-05-06 16:00:00+00:00,7132.6888488166
2022-05-06 20:00:00+00:00,7132.723265778033
2022-05-07 00:00:00+00:00,7055.943591763052
2022-05-07 04:00:00+00:00,7069.088883648664
2022-05-07 08:00:00+00:00,7120.956617873048
2022-05-07 12:00:00+00:00,7168.599427908316
2022-05-07 16:00:00+00:00,7113.159271551885
2022-05-07 20:00:00+00:00,6935.821063834868
2022-05-08 00:00:00+00:00,6786.612039745725
2022-05-08 04:00:00+00:00,6817.081399946331
2022-05-08 08:00:00+00:00,6862.991677650546
2022-05-08 12:00:00+00:00,6736.958544478029
2022-05-08 16:00:00+00:00,6768.894825512367
2022-05-08 20:00:00+00:00,6666.949265765499
2022-05-09 00:00:00+00:00,6576.722763787877
2022-05-09 04:00:00+00:00,6488.440928664064
2022-05-09 08:00:00+00:00,6328.841624057299
2022-05-09 12:00:00+00:00,6146.06722773524
2022-05-09 16:00:00+00:00,5775.337237332854
2022-05-09 20:00:00+00:00,5533.596386037262
2022-05-10 00:00:00+00:00,5729.841156445807
2022-05-10 04:00:00+00:00,6072.527897269144
2022-05-10 08:00:00+00:00,6228.132103389836
2022-05-10 12:00:00+00:00,6096.35423346713
2022-05-10 16:00:00+00:00,5995.313210355882
2022-05-10 20:00:00+00:00,5900.887654156321
2022-05-11 00:00:00+00:00,5882.881564658169
2022-05-11 04:00:00+00:00,5532.436648460056
2022-05-11 08:00:00+00:00,5534.8755031669
2022-05-11 12:00:00+00:00,5073.267795962753
2022-05-11 16:00:00+00:00,4600.966600990454
2022-05-11 20:00:00+00:00,4693.85570889295
2022-05-12 00:00:00+00:00,4296.854610230745
2022-05-12 04:00:00+00:00,4236.113980621991
2022-05-12 08:00:00+00:00,4276.2431489343935
2022-05-12 12:00:00+00:00,4410.363413040567
2022-05-12 16:00:00+00:00,4399.164758154242
2022-05-12 20:00:00+00:00,4402.084283993794
2022-05-13 00:00:00+00:00,4922.446600012305
2022-05-13 04:00:00+00:00,4827.085403100946
2022-05-13 08:00:00+00:00,5103.918764012958
2022-05-13 12:00:00+00:00,5004.709775548441
2022-05-13 16:00:00+00:00,4886.334954682996
2022-05-13 20:00:00+00:00,4735.83326077728
2022-05-14 00:00:00+00:00,4873.122118550711
2022-05-14 04:00:00+00:00,4794.567101019581
2022-05-14 08:00:00+00:00,4626.500106509137
2022-05-14 12:00:00+00:00,4512.782380913165
2022-05-14 16:00:00+00:00,4699.20284756405
2022-05-14 20:00:00+00:00,4917.3462484613565
2022-05-15 00:00:00+00:00,4767.692621805699
2022-05-15 04:00:00+00:00,4848.10208813358
2022-05-15 08:00:00+00:00,4994.30058573609
2022-05-15 12:00:00+00:00,4935.0249188186
2022-05-15 16:00:00+00:00,5083.007154865599
2022-05-15 20:00:00+00:00,5283.983051278176
2022-05-16 00:00:00+00:00,5065.341825683367
2022-05-16 04:00:00+00:00,4896.923674907346
2022-05-16 08:00:00+00:00,4912.425773739025
2022-05-16 12:00:00+00:00,4870.4715426764615
2022-05-16 16:00:00+00:00,4901.289928824393
2022-05-16 20:00:00+00:00,4904.52156646484
2022-05-17 00:00:00+00:00,5057.485203943487
2022-05-17 04:00:00+00:00,5043.648884189194
2022-05-17 08:00:00+00:00,5051.157956612177
2022-05-17 12:00:00+00:00,5002.240814816586
2022-05-17 16:00:00+00:00,4994.80035471791
2022-05-17 20:00:00+00:00,5108.991667675597
2022-05-18 00:00:00+00:00,4970.112082152205
2022-05-18 04:00:00+00:00,4985.805006225602
2022-05-18 08:00:00+00:00,4940.554097565381
2022-05-18 12:00:00+00:00,4673.314763504234
2022-05-18 16:00:00+00:00,4755.430985138258
2022-05-18 20:00:00+00:00,4595.070471471484
2022-05-19 00:00:00+00:00,4664.302263124768
2022-05-19 04:00:00+00:00,4671.707308277324
2022-05-19 08:00:00+00:00,4705.308776920593
2022-05-19 12:00:00+00:00,4858.327505805748
2022-05-19 16:00:00+00:00,4746.941856224519
2022-05-19 20:00:00+00:00,4809.432657537914
2022-05-20 00:00:00+00:00,4785.113079108166
2022-05-20 04:00:00+00:00,4797.62473710896
2022-05-20 08:00:00+00:00,4891.716598651484
2022-05-20 12:00:00+00:00,4610.46460897998
2022-05-20 16:00:00+00:00,4659.61937541065
2022-05-20 20:00:00+00:00,4624.462350088978
2022-05-21 00:00:00+00:00,4669.557221967027
2022-05-21 04:00:00+00:00,4680.681650952789
2022-05-21 08:00:00+00:00,4651.665917505961
2022-05-21 12:00:00+00:00,4732.366922019418
2022-05-21 16:00:00+00:00,4706.491595406125
2022-05-21 20:00:00+00:00,4709.865200177736
2022-05-22 00:00:00+00:00,4707.252211880675
2022-05-22 04:00:00+00:00,4714.01565334438
2022-05-22 08:00:00+00:00,4793.279079313543
2022-05-22 12:00:00+00:00,4811.934875243414
2022-05-22 16:00:00+00:00,4793.123086772063
2022-05-22 20:00:00+00:00,4866.229348353076
2022-05-23 00:00:00+00:00,4844.357202361311
2022-05-23 04:00:00+00:00,4953.538690667288
2022-05-23 08:00:00+00:00,4974.288690813401
2022-05-23 12:00:00+00:00,4967.528475339751
2022-05-23 16:00:00+00:00,4710.2159229562
2022-05-23 20:00:00+00:00,4644.961376634515
2022-05-24 00:00:00+00:00,4707.4611866709765
2022-05-24 04:00:00+00:00,4708.544712220905
2022-05-24 08:00:00+00:00,4658.469258633443
2022-05-24 12:00:00+00:00,4666.063232694266
2022-05-24 16:00:00+00:00,4641.885802367118
2022-05-24 20:00:00+00:00,4700.762795636459
2022-05-25 00:00:00+00:00,4761.839116123233
2022-05-25 04:00:00+00:00,4653.795710946072
2022-05-25 08:00:00+00:00,4575.385819273921
2022-05-25 12:00:00+00:00,4617.285219326706
2022-05-25 16:00:00+00:00,4602.548378821027
2022-05-25 20:00:00+00:00,4589.225759041378
2022-05-26 00:00:00+00:00,4612.966890030016
2022-05-26 04:00:00+00:00,4473.489023271312
2022-05-26 08:00:00+00:00,4271.761288326338
2022-05-26 12:00:00+00:00,4367.198192298908
2022-05-26 16:00:00+00:00,4289.096757219655
2022-05-26 20:00:00+00:00,4235.259542129298
2022-05-27 00:00:00+00:00,4200.304091790572
2022-05-27 04:00:00+00:00,4129.469821010325
2022-05-27 08:00:00+00:00,4157.393489263407
2022-05-27 12:00:00+00:00,4225.248659668985
2022-05-27 16:00:00+00:00,4160.648211424007
2022-05-27 20:00:00+00:00,4150.146805591449
2022-05-28 00:00:00+00:00,4178.573545012473
2022-05-28 04:00:00+00:00,4197.535498483406
2022-05-28 08:00:00+00:00,4181.724769122448
2022-05-28 12:00:00+00:00,4280.633372138421
2022-05-28 16:00:00+00:00,4335.853287939627
2022-05-28 20:00:00+00:00,4318.567172315027
2022-05-29 00:00:00+00:00,4223.7581722940295
2022-05-29 04:00:00+00:00,4245.321777121379
2022-05-29 08:00:00+00:00,4339.617320976864
2022-05-29 12:00:00+00:00,4358.133787626543
2022-05-29 16:00:00+00:00,4327.537910940746
2022-05-29 20:00:00+00:00,4392.857831922485
2022-05-30 00:00:00+00:00,4522.486829178811
2022-05-30 04:00:00+00:00,4604.842976009383
2022-05-30 08:00:00+00:00,4546.925685730341
2022-05-30 12:00:00+00:00,4544.006718895765
2022-05-30 16:00:00+00:00,4537.870251158036
2022-05-30 20:00:00+00:00,4702.434570387907
2022-05-31 00:00:00+00:00,4729.129823526474
2022-05-31 04:00:00+00:00,4674.42591902487
2022-05-31 08:00:00+00:00,4692.014479723774
2022-05-31 12:00:00+00:00,4671.367976614169
2022-05-31 16:00:00+00:00,4594.45778461342
2022-05-31 20:00:00+00:00,4635.660244956011
2022-06-01 00:00:00+00:00,4569.358238831893
2022-06-01 04:00:00+00:00,4554.647542522341
2022-06-01 08:00:00+00:00,4576.286875538737
2022-06-01 12:00:00+00:00,4417.13863464624
2022-06-01 16:00:00+00:00,4305.086647220493
2022-06-01 20:00:00+00:00,4238.36682995249
2022-06-02 00:00:00+00:00,4185.646959772357
2022-06-02 04:00:00+00:00,4243.855659597195
2022-06-02 08:00:00+00:00,4314.144489784184
2022-06-02 12:00:00+00:00,4299.931799192082
2022-06-02 16:00:00+00:00,4301.883529064068
2022-06-02 20:00:00+00:00,4344.135188946802
2022-06-03 00:00:00+00:00,4343.245902547673
2022-06-03 04:00:00+00:00,4294.9183193149975
2022-06-03 08:00:00+00:00,4142.628169961357
2022-06-03 12:00:00+00:00,4119.031317810953
2022-06-03 16:00:00+00:00,4132.281195177495
2022-06-03 20:00:00+00:00,4150.91707797941
2022-06-04 00:00:00+00:00,4062.1143539727655
2022-06-04 04:00:00+00:00,4147.079504794353
2022-06-04 08:00:00+00:00,4124.168323377119
2022-06-04 12:00:00+00:00,4166.909699688111
2022-06-04 16:00:00+00:00,4147.963520299492
2022-06-04 20:00:00+00:00,4241.120491097424
2022-06-05 00:00:00+00:00,4196.542293821092
2022-06-05 04:00:00+00:00,4211.685116761572
2022-06-05 08:00:00+00:00,4232.249070048376
2022-06-05 12:00:00+00:00,4265.960648373832
2022-06-05 16:00:00+00:00,4278.711970092264
2022-06-05 20:00:00+00:00,4216.760094281206
2022-06-06 00:00:00+00:00,4442.9811517441285
2022-06-06 04:00:00+00:00,4508.862934273622
2022-06-06 08:00:00+00:00,4524.794387703056
2022-06-06 12:00:00+00:00,4462.355808573573
2022-06-06 16:00:00+00:00,4411.159313368759
2022-06-06 20:00:00+00:00,4410.977499302402
2022-06-07 00:00:00+00:00,4180.663708701448
2022-06-07 04:00:00+00:00,4186.388791219539
2022-06-07 08:00:00+00:00,4122.5042397232
2022-06-07 12:00:00+00:00,4213.466376070108
2022-06-07 16:00:00+00:00,4353.001530732995
2022-06-07 20:00:00+00:00,4281.447270535535
2022-06-08 00:00:00+00:00,4207.64980258101
2022-06-08 04:00:00+00:00,4266.571423581264
2022-06-08 08:00:00+00:00,4268.183157455972
2022-06-08 12:00:00+00:00,4301.406099102785
2022-06-08 16:00:00+00:00,4237.567541801702
2022-06-08 20:00:00+00:00,4242.850405532367
2022-06-09 00:00:00+00:00,4254.448601496532
2022-06-09 04:00:00+00:00,4297.06932174003
2022-06-09 08:00:00+00:00,4332.316783118957
2022-06-09 12:00:00+00:00,4316.249645224119
2022-06-09 16:00:00+00:00,4258.222112789042
2022-06-09 20:00:00+00:00,4281.3821162030345
2022-06-10 00:00:00+00:00,4299.542736734417
2022-06-10 04:00:00+00:00,4282.43082743455
2022-06-10 08:00:00+00:00,4230.872860776341
2022-06-10 12:00:00+00:00,4113.494540412991
2022-06-10 16:00:00+00:00,4022.987022010208
2022-06-10 20:00:00+00:00,4014.309449907953
2022-06-11 00:00:00+00:00,4056.2014360453454
2022-06-11 04:00:00+00:00,4087.331864097351
2022-06-11 08:00:00+00:00,3879.3383310575714
2022-06-11 12:00:00+00:00,3711.367255870185
2022-06-11 16:00:00+00:00,3763.9898074265175
2022-06-11 20:00:00+00:00,3724.5517945008105
2022-06-12 00:00:00+00:00,3535.949244244284
2022-06-12 04:00:00+00:00,3576.397605798184
2022-06-12 08:00:00+00:00,3550.851183423873
2022-06-12 12:00:00+00:00,3664.44814689786
2022-06-12 16:00:00+00:00,3567.7616143039195
2022-06-12 20:00:00+00:00,3404.2303148226147
2022-06-13 00:00:00+00:00,3229.003633868363
2022-06-13 04:00:00+00:00,3092.4918826573357
2022-06-13 08:00:00+00:00,2972.883425985851
2022-06-13 12:00:00+00:00,3044.7712147244624
2022-06-13 16:00:00+00:00,3084.798512466479
2022-06-13 20:00:00+00:00,3052.2090970130266
2022-06-14 00:00:00+00:00,3077.642531669983
2022-06-14 04:00:00+00:00,3229.5824022120946
2022-06-14 08:00:00+00:00,3080.620434660996
2022-06-14 12:00:00+00:00,3211.5517894239742
2022-06-14 16:00:00+00:00,3108.0111172758234
2022-06-14 20:00:00+00:00,3129.217802365064
2022-06-15 00:00:00+00:00,3033.8953571570487
2022-06-15 04:00:00+00:00,2913.150928880399
2022-06-15 08:00:00+00:00,3009.5841131075285
2022-06-15 12:00:00+00:00,3041.694448111368
2022-06-15 16:00:00+00:00,3219.5684244506624
2022-06-15 20:00:00+00:00,3454.981818378141
2022-06-16 00:00:00+00:00,3356.028973961943
2022-06-16 04:00:00+00:00,3238.416419644397
2022-06-16 08:00:00+00:00,3116.871815652078
2022-06-16 12:00:00+00:00,3135.527711728841
2022-06-16 16:00:00+00:00,3092.1758633531044
2022-06-16 20:00:00+00:00,3034.781615223906
2022-06-17 00:00:00+00:00,3057.0971421579748
2022-06-17 04:00:00+00:00,3167.5098280666484
2022-06-17 08:00:00+00:00,3145.839195324859
2022-06-17 12:00:00+00:00,3112.3431321780618
2022-06-17 16:00:00+00:00,3098.699144479441
2022-06-17 20:00:00+00:00,3097.383907558304
2022-06-18 00:00:00+00:00,3058.768692392239
2022-06-18 04:00:00+00:00,2889.1670073880287
2022-06-18 08:00:00+00:00,2948.350880618611
2022-06-18 12:00:00+00:00,2907.85169905309
2022-06-18 16:00:00+00:00,2759.012235311072
2022-06-18 20:00:00+00:00,2969.454684809098
2022-06-19 00:00:00+00:00,2867.069763813183
2022-06-19 04:00:00+00:00,2883.474027021909
2022-06-19 08:00:00+00:00,3087.9365095040253
2022-06-19 12:00:00+00:00,3147.548887188078
2022-06-19 16:00:00+00:00,3181.7722647624933
2022-06-19 20:00:00+00:00,3244.30704102927
2022-06-20 00:00:00+00:00,3118.1861667891326
2022-06-20 04:00:00+00:00,3118.535556250862
2022-06-20 08:00:00+00:00,3359.3101378200768
2022-06-20 12:00:00+00:00,3319.2847664736496
2022-06-20 16:00:00+00:00,3239.038436223702
2022-06-20 20:00:00+00:00,3296.9887533229808
2022-06-21 00:00:00+00:00,3310.7731565337167
2022-06-21 04:00:00+00:00,3383.522598937657
2022-06-21 08:00:00+00:00,3408.22764641974
2022-06-21 12:00:00+00:00,3503.618013625376
2022-06-21 16:00:00+00:00,3380.774164824926
2022-06-21 20:00:00+00:00,3381.31292455419
2022-06-22 00:00:00+00:00,3255.004686272082
2022-06-22 04:00:00+00:00,3202.122458532728
2022-06-22 08:00:00+00:00,3301.6373447219657
2022-06-22 12:00:00+00:00,3258.414397458609
2022-06-22 16:00:00+00:00,3242.3723052953865
2022-06-22 20:00:00+00:00,3210.2930171535627
2022-06-23 00:00:00+00:00,3278.1447655764164
2022-06-23 04:00:00+00:00,3342.5789359170367
2022-06-23 08:00:00+00:00,3389.3027743281664
2022-06-23 12:00:00+00:00,3361.007179594176
2022-06-23 16:00:00+00:00,3427.62305783802
2022-06-23 20:00:00+00:00,3463.5476108600583
2022-06-24 00:00:00+00:00,3561.91116206948
2022-06-24 04:00:00+00:00,3536.2771084317337
2022-06-24 08:00:00+00:00,3635.4750636688577
2022-06-24 12:00:00+00:00,3602.9039130573215
2022-06-24 16:00:00+00:00,3674.0999049328248
2022-06-24 20:00:00+00:00,3711.7866410793713
2022-06-25 00:00:00+00:00,3715.9465743548494
2022-06-25 04:00:00+00:00,3761.8112013094646
2022-06-25 08:00:00+00:00,3712.120077254566
2022-06-25 12:00:00+00:00,3573.5306925832624
2022-06-25 16:00:00+00:00,3644.5846698734895
2022-06-25 20:00:00+00:00,3755.387308690744
2022-06-26 00:00:00+00:00,3713.6592731914434
2022-06-26 04:00:00+00:00,3751.8944137668
2022-06-26 08:00:00+00:00,3829.8810095192657
2022-06-26 12:00:00+00:00,3752.9496940053577
2022-06-26 16:00:00+00:00,3721.922832538415
2022-06-26 20:00:00+00:00,3645.341621385422
2022-06-27 00:00:00+00:00,3719.236720128347
2022-06-27 04:00:00+00:00,3768.2599966941625
2022-06-27 08:00:00+00:00,3751.503226530173
2022-06-27 12:00:00+00:00,3612.269014043397
2022-06-27 16:00:00+00:00,3587.542854551972
2022-06-27 20:00:00+00:00,3594.692716529425
2022-06-28 00:00:00+00:00,3537.7437572761387
2022-06-28 04:00:00+00:00,3605.2157843262185
2022-06-28 08:00:00+00:00,3632.174961941959
2022-06-28 12:00:00+00:00,3501.9863309973434
2022-06-28 16:00:00+00:00,3440.860697953112
2022-06-28 20:00:00+00:00,3376.521256765297
2022-06-29 00:00:00+00:00,3385.7246524783527
2022-06-29 04:00:00+00:00,3355.711330256393
2022-06-29 08:00:00+00:00,3332.1961574097977
2022-06-29 12:00:00+00:00,3323.856174092622
2022-06-29 16:00:00+00:00,3366.0543173694487
2022-06-29 20:00:00+00:00,3331.45987033658
2022-06-30 00:00:00+00:00,3278.04945645708
2022-06-30 04:00:00+00:00,3160.2990715230576
2022-06-30 08:00:00+00:00,3097.992078685779
2022-06-30 12:00:00+00:00,3149.13953527781
2022-06-30 16:00:00+00:00,3144.403786514561
2022-06-30 20:00:00+00:00,3272.116769862711
2022-07-01 00:00:00+00:00,3241.524217920347
2022-07-01 04:00:00+00:00,3225.605135845064
2022-07-01 08:00:00+00:00,3160.192973261901
2022-07-01 12:00:00+00:00,3156.1383594875188
2022-07-01 16:00:00+00:00,3216.4275944123174
2022-07-01 20:00:00+00:00,3193.64135562028
2022-07-02 00:00:00+00:00,3157.64506767822
2022-07-02 04:00:00+00:00,3172.1207509122128
2022-07-02 08:00:00+00:00,3196.614626583076
2022-07-02 12:00:00+00:00,3195.9919955677587
2022-07-02 16:00:00+00:00,3220.799023613842
2022-07-02 20:00:00+00:00,3223.880994864011
2022-07-03 00:00:00+00:00,3209.443782432253
2022-07-03 04:00:00+00:00,3190.702399046034
2022-07-03 08:00:00+00:00,3186.915171528268
2022-07-03 12:00:00+00:00,3155.3182156524936
2022-07-03 16:00:00+00:00,3244.9016629866915
2022-07-03 20:00:00+00:00,3244.799974956225
2022-07-04 00:00:00+00:00,3187.635602695599
2022-07-04 04:00:00+00:00,3196.0041943449123
2022-07-04 08:00:00+00:00,3317.477379630468
2022-07-04 12:00:00+00:00,3317.4653162485997
2022-07-04 16:00:00+00:00,3341.707539866787
2022-07-04 20:00:00+00:00,3441.006459907751
2022-07-05 00:00:00+00:00,3418.967919613302
2022-07-05 04:00:00+00:00,3415.8552138307955
2022-07-05 08:00:00+00:00,3276.3979712004407
2022-07-05 12:00:00+00:00,3261.5027084772305
2022-07-05 16:00:00+00:00,3388.6248283272635
2022-07-05 20:00:00+00:00,3365.94437855842
2022-07-06 00:00:00+00:00,3365.2108767259338
2022-07-06 04:00:00+00:00,3399.286837195731
2022-07-06 08:00:00+00:00,3386.220855449918
2022-07-06 12:00:00+00:00,3386.7393383779254
2022-07-06 16:00:00+00:00,3435.677192018744
2022-07-06 20:00:00+00:00,3480.379734929222
2022-07-07 00:00:00+00:00,3481.997245837834
2022-07-07 04:00:00+00:00,3473.4070091697204
2022-07-07 08:00:00+00:00,3500.835474962257
2022-07-07 12:00:00+00:00,3566.6575984189853
2022-07-07 16:00:00+00:00,3640.314822626599
2022-07-07 20:00:00+00:00,3606.6331809354
2022-07-08 00:00:00+00:00,3666.209634150599
2022-07-08 04:00:00+00:00,3590.05842516124
2022-07-08 08:00:00+00:00,3535.3276743880083
2022-07-08 12:00:00+00:00,3602.64453000382
2022-07-08 16:00:00+00:00,3609.8677609956094
2022-07-08 20:00:00+00:00,3552.9241757369687
2022-07-09 00:00:00+00:00,3573.645996032898
2022-07-09 04:00:00+00:00,3603.675873642628
2022-07-09 08:00:00+00:00,3564.788261646652
2022-07-09 12:00:00+00:00,3572.3874045550874
2022-07-09 16:00:00+00:00,3595.1580629404607
2022-07-09 20:00:00+00:00,3577.060838477655
2022-07-10 00:00:00+00:00,3501.8730880983044
2022-07-10 04:00:00+00:00,3513.246806481201
2022-07-10 08:00:00+00:00,3484.7236037294874
2022-07-10 12:00:00+00:00,3427.4263783442907
2022-07-10 16:00:00+00:00,3465.348535563804
2022-07-10 20:00:00+00:00,3443.557647118309
2022-07-11 00:00:00+00:00,3384.7259482892287
2022-07-11 04:00:00+00:00,3349.207055972181
2022-07-11 08:00:00+00:00,3344.8665242861057
2022-07-11 12:00:00+00:00,3334.757112291284
2022-07-11 16:00:00+00:00,3342.9029477498293
2022-07-11 20:00:00+00:00,3206.3133855299734
2022-07-12 00:00:00+00:00,3216.040276276744
2022-07-12 04:00:00+00:00,3193.795878338225
2022-07-12 08:00:00+00:00,3206.7751574715107
2022-07-12 12:00:00+00:00,3231.776792658722
2022-07-12 16:00:00+00:00,3141.903726713188
2022-07-12 20:00:00+00:00,3114.9917625322264
2022-07-13 00:00:00+00:00,3146.467523669087
2022-07-13 04:00:00+00:00,3205.9648075723403
2022-07-13 08:00:00+00:00,3220.1019177572443
2022-07-13 12:00:00+00:00,3143.992653037177
2022-07-13 16:00:00+00:00,3190.71568588864
2022-07-13 20:00:00+00:00,3299.144294926705
2022-07-14 00:00:00+00:00,3284.144092190119
2022-07-14 04:00:00+00:00,3247.272095984396
2022-07-14 08:00:00+00:00,3198.872197088481
2022-07-14 12:00:00+00:00,3309.345672214469
2022-07-14 16:00:00+00:00,3394.3893803280766
2022-07-14 20:00:00+00:00,3429.197472489333
2022-07-15 00:00:00+00:00,3447.918145142949
2022-07-15 04:00:00+00:00,3458.7236145578063
2022-07-15 08:00:00+00:00,3453.8575586201164
2022-07-15 12:00:00+00:00,3442.963793542072
2022-07-15 16:00:00+00:00,3524.507122405463
2022-07-15 20:00:00+00:00,3446.5164949719137
2022-07-16 00:00:00+00:00,3431.581127642568
2022-07-16 04:00:00+00:00,3374.397896126437
2022-07-16 08:00:00+00:00,3399.279405855129
2022-07-16 12:00:00+00:00,3503.392004114776
2022-07-16 16:00:00+00:00,3609.880110064224
2022-07-16 20:00:00+00:00,3635.382771993331
2022-07-17 00:00:00+00:00,3647.575227973444
2022-07-17 04:00:00+00:00,3675.605312734703
2022-07-17 08:00:00+00:00,3652.2521361845497
2022-07-17 12:00:00+00:00,3613.114921692085
2022-07-17 16:00:00+00:00,3597.2490539518703
2022-07-17 20:00:00+00:00,3556.796850368204
2022-07-18 00:00:00+00:00,3699.9827372425743
2022-07-18 04:00:00+00:00,3844.987332451197
2022-07-18 08:00:00+00:00,3841.1382928469793
2022-07-18 12:00:00+00:00,3911.4521792508986
2022-07-18 16:00:00+00:00,3742.15134276627
2022-07-18 20:00:00+00:00,3945.8809442354113
2022-07-19 00:00:00+00:00,3859.104874254164
2022-07-19 04:00:00+00:00,3864.332961979642
2022-07-19 08:00:00+00:00,3967.586922846294
2022-07-19 12:00:00+00:00,4056.3766001668473
2022-07-19 16:00:00+00:00,4057.8757012569504
2022-07-19 20:00:00+00:00,4035.012850561445
2022-07-20 00:00:00+00:00,4084.387971779289
2022-07-20 04:00:00+00:00,4088.7911396410336
2022-07-20 08:00:00+00:00,4123.281238304504
2022-07-20 12:00:00+00:00,4138.912222207629
2022-07-20 16:00:00+00:00,3989.3362986719617
2022-07-20 20:00:00+00:00,3899.698277233433
2022-07-21 00:00:00+00:00,3780.214154953116
2022-07-21 04:00:00+00:00,3834.318279408151
2022-07-21 08:00:00+00:00,3845.479547999412
2022-07-21 12:00:00+00:00,3866.986879667989
2022-07-21 16:00:00+00:00,4005.699430623875
2022-07-21 20:00:00+00:00,3985.61541923607
2022-07-22 00:00:00+00:00,3951.2894883234376
2022-07-22 04:00:00+00:00,3994.392700229348
2022-07-22 08:00:00+00:00,4069.884420560175
2022-07-22 12:00:00+00:00,3914.398656819159
2022-07-22 16:00:00+00:00,3811.573407174652
2022-07-22 20:00:00+00:00,3829.0543532965694
2022-07-23 00:00:00+00:00,3880.02525953499
2022-07-23 04:00:00+00:00,3907.177411032722
2022-07-23 08:00:00+00:00,3763.0821881610887
2022-07-23 12:00:00+00:00,3799.858674092104
2022-07-23 16:00:00+00:00,3761.260348235672
2022-07-23 20:00:00+00:00,3832.871824949753
2022-07-24 00:00:00+00:00,3810.8151336123824
2022-07-24 04:00:00+00:00,3894.654326611808
2022-07-24 08:00:00+00:00,3908.741520565304
2022-07-24 12:00:00+00:00,3925.609305794648
2022-07-24 16:00:00+00:00,3888.562937189744
2022-07-24 20:00:00+00:00,3877.222425165213
2022-07-25 00:00:00+00:00,3677.0502342014206
2022-07-25 04:00:00+00:00,3702.440800487223
2022-07-25 08:00:00+00:00,3717.962567436257
2022-07-25 12:00:00+00:00,3694.045804009328
2022-07-25 16:00:00+00:00,3643.7143185007744
2022-07-25 20:00:00+00:00,3530.6931625097886
2022-07-26 00:00:00+00:00,3504.762430640567
2022-07-26 04:00:00+00:00,3466.5275737160173
2022-07-26 08:00:00+00:00,3478.572628380455
2022-07-26 12:00:00+00:00,3398.206890533505
2022-07-26 16:00:00+00:00,3411.4551134490544
2022-07-26 20:00:00+00:00,3527.9475888554043
2022-07-27 00:00:00+00:00,3485.141623267735
2022-07-27 04:00:00+00:00,3562.0169301010583
2022-07-27 08:00:00+00:00,3528.71610600332
2022-07-27 12:00:00+00:00,3595.809360294119
2022-07-27 16:00:00+00:00,3797.0772400281858
2022-07-27 20:00:00+00:00,3879.446442656013
2022-07-28 00:00:00+00:00,3853.692554504655
2022-07-28 04:00:00+00:00,3816.49045724621
2022-07-28 08:00:00+00:00,3875.04967525136
2022-07-28 12:00:00+00:00,3994.631246723037
2022-07-28 16:00:00+00:00,4023.3290754380814
2022-07-28 20:00:00+00:00,4042.012627066632
2022-07-29 00:00:00+00:00,4111.9084455128495
2022-07-29 04:00:00+00:00,4072.5500196508265
2022-07-29 08:00:00+00:00,4015.247911162213
2022-07-29 12:00:00+00:00,4104.179930658665
2022-07-29 16:00:00+00:00,4068.657061490561
2022-07-29 20:00:00+00:00,4059.5721995119793
2022-07-30 00:00:00+00:00,4052.475139872215
2022-07-30 04:00:00+00:00,4079.0173878492265
2022-07-30 08:00:00+00:00,4097.521196270977
2022-07-30 12:00:00+00:00,4296.331209312894
2022-07-30 16:00:00+00:00,4179.749934644347
2022-07-30 20:00:00+00:00,4113.6572100041785
2022-07-31 00:00:00+00:00,4120.624946908581
2022-07-31 04:00:00+00:00,4137.089999037318
2022-07-31 08:00:00+00:00,4166.881014766667
2022-07-31 12:00:00+00:00,4153.822579264375
2022-07-31 16:00:00+00:00,4157.459717887728
2022-07-31 20:00:00+00:00,4026.2736972037183
2022-08-01 00:00:00+00:00,4089.9056090002114
2022-08-01 04:00:00+00:00,4075.276260977581
2022-08-01 08:00:00+00:00,4018.896264646142
2022-08-01 12:00:00+00:00,4039.6323293944192
2022-08-01 16:00:00+00:00,3941.950088663505
2022-08-01 20:00:00+00:00,3987.1737284280753
2022-08-02 00:00:00+00:00,3848.632468293885
2022-08-02 04:00:00+00:00,3880.6598060879255
2022-08-02 08:00:00+00:00,3883.026680684026
2022-08-02 12:00:00+00:00,3947.962429498025
2022-08-02 16:00:00+00:00,3937.5781688575976
2022-08-02 20:00:00+00:00,3882.6135143130255
2022-08-03 00:00:00+00:00,3849.80235634748
2022-08-03 04:00:00+00:00,3874.2473014256175
2022-08-03 08:00:00+00:00,3954.18037494442
2022-08-03 12:00:00+00:00,3972.9094121594167
2022-08-03 16:00:00+00:00,3989.028747860232
2022-08-03 20:00:00+00:00,3873.247556799347
2022-08-04 00:00:00+00:00,3948.814419771954
2022-08-04 04:00:00+00:00,3921.7759763930912
2022-08-04 08:00:00+00:00,3890.025073060213
2022-08-04 12:00:00+00:00,3908.306236415405
2022-08-04 16:00:00+00:00,3879.1628648748074
2022-08-04 20:00:00+00:00,3919.509191351179
2022-08-05 00:00:00+00:00,4012.117500541182
2022-08-05 04:00:00+00:00,4021.0701613752713
2022-08-05 08:00:00+00:00,4094.951025661817
2022-08-05 12:00:00+00:00,4008.801105476037
2022-08-05 16:00:00+00:00,4017.065600908285
2022-08-05 20:00:00+00:00,4092.371417486087
2022-08-06 00:00:00+00:00,4084.199335609092
2022-08-06 04:00:00+00:00,4087.017351490888
2022-08-06 08:00:00+00:00,4079.331627480176
2022-08-06 12:00:00+00:00,4094.2565012141577
2022-08-06 16:00:00+00:00,4115.0421482312495
2022-08-06 20:00:00+00:00,4069.0945865930566
2022-08-07 00:00:00+00:00,4041.221202039322
2022-08-07 04:00:00+00:00,4053.124004423738
2022-08-07 08:00:00+00:00,4074.996725448979
2022-08-07 12:00:00+00:00,4122.514222777867
2022-08-07 16:00:00+00:00,4144.994378405975
2022-08-07 20:00:00+00:00,4142.621026383614
2022-08-08 00:00:00+00:00,4204.935066349748
2022-08-08 04:00:00+00:00,4260.798213935535
2022-08-08 08:00:00+00:00,4343.994397054963
2022-08-08 12:00:00+00:00,4277.096259803024
2022-08-08 16:00:00+00:00,4271.370895206699
2022-08-08 20:00:00+00:00,4245.211442719398
2022-08-09 00:00:00+00:00,4258.513374382851
2022-08-09 04:00:00+00:00,4293.6256063472965
2022-08-09 08:00:00+00:00,4138.474327055721
2022-08-09 12:00:00+00:00,4086.3905824537537
2022-08-09 16:00:00+00:00,4101.064071881706
2022-08-09 20:00:00+00:00,4130.411490687914
2022-08-10 00:00:00+00:00,4050.9427563016
2022-08-10 04:00:00+00:00,4082.3385029512265
2022-08-10 08:00:00+00:00,4110.808130108932
2022-08-10 12:00:00+00:00,4323.939472791843
2022-08-10 16:00:00+00:00,4254.844824607018
2022-08-10 20:00:00+00:00,4327.1836261472135
2022-08-11 00:00:00+00:00,4392.027396684245
2022-08-11 04:00:00+00:00,4398.138961195185
2022-08-11 08:00:00+00:00,4395.604673419508
2022-08-11 12:00:00+00:00,4345.8371262148175
2022-08-11 16:00:00+00:00,4353.219919957101
2022-08-11 20:00:00+00:00,4307.145326130138
2022-08-12 00:00:00+00:00,4344.650268424636
2022-08-12 04:00:00+00:00,4325.425674601565
2022-08-12 08:00:00+00:00,4262.911277415105
2022-08-12 12:00:00+00:00,4333.410534693756
2022-08-12 16:00:00+00:00,4398.775955524969
2022-08-12 20:00:00+00:00,4449.8771595399785
2022-08-13 00:00:00+00:00,4539.690377974377
2022-08-13 04:00:00+00:00,4525.845564056623
2022-08-13 08:00:00+00:00,4510.590307190798
2022-08-13 12:00:00+00:00,4497.234668609312
2022-08-13 16:00:00+00:00,4472.2594544424455
2022-08-13 20:00:00+00:00,4482.613434132272
2022-08-14 00:00:00+00:00,4525.241213825592
2022-08-14 04:00:00+00:00,4604.329501464304
2022-08-14 08:00:00+00:00,4557.149882435348
2022-08-14 12:00:00+00:00,4544.4924501589
2022-08-14 16:00:00+00:00,4466.376823869257
2022-08-14 20:00:00+00:00,4469.457276078559
2022-08-15 00:00:00+00:00,4554.403535442859
2022-08-15 04:00:00+00:00,4349.7106388268585
2022-08-15 08:00:00+00:00,4341.716067362012
2022-08-15 12:00:00+00:00,4410.661492413225
2022-08-15 16:00:00+00:00,4361.712040090803
2022-08-15 20:00:00+00:00,4366.588414056712
2022-08-16 00:00:00+00:00,4384.293422401985
2022-08-16 04:00:00+00:00,4397.2964545046725
2022-08-16 08:00:00+00:00,4466.520314863634
2022-08-16 12:00:00+00:00,4415.944832295893
2022-08-16 16:00:00+00:00,4409.359102487457
2022-08-16 20:00:00+00:00,4418.629585444259
2022-08-17 00:00:00+00:00,4466.886316948613
2022-08-17 04:00:00+00:00,4401.362542447784
2022-08-17 08:00:00+00:00,4378.389768310422
2022-08-17 12:00:00+00:00,4245.51023817326
2022-08-17 16:00:00+00:00,4249.120644973413
2022-08-17 20:00:00+00:00,4217.080836189866
2022-08-18 00:00:00+00:00,4235.110357600761
2022-08-18 04:00:00+00:00,4246.842863177147
2022-08-18 08:00:00+00:00,4267.850776301145
2022-08-18 12:00:00+00:00,4252.236707848842
2022-08-18 16:00:00+00:00,4194.936821602316
2022-08-18 20:00:00+00:00,4073.021230650144
2022-08-19 00:00:00+00:00,3971.104837182093
2022-08-19 04:00:00+00:00,3809.6759048176505
2022-08-19 08:00:00+00:00,3767.4400189570447
2022-08-19 12:00:00+00:00,3788.868428762704
2022-08-19 16:00:00+00:00,3807.1073873529695
2022-08-19 20:00:00+00:00,3689.2995408695538
2022-08-20 00:00:00+00:00,3763.145815378487
2022-08-20 04:00:00+00:00,3800.8828635645855
2022-08-20 08:00:00+00:00,3770.556528338232
2022-08-20 12:00:00+00:00,3764.428927661867
2022-08-20 16:00:00+00:00,3635.0666127902673
2022-08-20 20:00:00+00:00,3690.0374503247967
2022-08-21 00:00:00+00:00,3689.027749996392
2022-08-21 04:00:00+00:00,3737.614286240397
2022-08-21 08:00:00+00:00,3787.2883882547726
2022-08-21 12:00:00+00:00,3770.7731880151528
2022-08-21 16:00:00+00:00,3790.204366694438
2022-08-21 20:00:00+00:00,3794.6432549626297
2022-08-22 00:00:00+00:00,3744.594665652736
2022-08-22 04:00:00+00:00,3646.301355656748
2022-08-22 08:00:00+00:00,3662.387179309148
2022-08-22 12:00:00+00:00,3693.259933172485
2022-08-22 16:00:00+00:00,3660.185445341684
2022-08-22 20:00:00+00:00,3747.810400024773
2022-08-23 00:00:00+00:00,3730.410572760503
2022-08-23 04:00:00+00:00,3710.533256652362
2022-08-23 08:00:00+00:00,3760.607719246745
2022-08-23 12:00:00+00:00,3776.338840474316
2022-08-23 16:00:00+00:00,3771.685450125997
2022-08-23 20:00:00+00:00,3796.939608422312
2022-08-24 00:00:00+00:00,3710.252044437037
2022-08-24 04:00:00+00:00,3721.502982238991
2022-08-24 08:00:00+00:00,3762.219680494084
2022-08-24 12:00:00+00:00,3809.0669714304095
2022-08-24 16:00:00+00:00,3808.7457021876494
2022-08-24 20:00:00+00:00,3741.988925023573
2022-08-25 00:00:00+00:00,3760.279101771024
2022-08-25 04:00:00+00:00,3842.6426995609495
2022-08-25 08:00:00+00:00,3854.6511676013097
2022-08-25 12:00:00+00:00,3788.435592566578
2022-08-25 16:00:00+00:00,3809.007164333161
2022-08-25 20:00:00+00:00,3786.651794770822
2022-08-26 00:00:00+00:00,3777.543378132408
2022-08-26 04:00:00+00:00,3741.35777447316
2022-08-26 08:00:00+00:00,3698.063506201512
2022-08-26 12:00:00+00:00,3607.758961978415
2022-08-26 16:00:00+00:00,3567.024493679842
2022-08-26 20:00:00+00:00,3467.4296521294746
2022-08-27 00:00:00+00:00,3472.187819592083
2022-08-27 04:00:00+00:00,3494.7409271530223
2022-08-27 08:00:00+00:00,3488.706326147781
2022-08-27 12:00:00+00:00,3436.669946517014
2022-08-27 16:00:00+00:00,3437.025855752449
2022-08-27 20:00:00+00:00,3449.097254368842
2022-08-28 00:00:00+00:00,3435.589072930638
2022-08-28 04:00:00+00:00,3465.271821162808
2022-08-28 08:00:00+00:00,3460.9267588226644
2022-08-28 12:00:00+00:00,3463.160861295115
2022-08-28 16:00:00+00:00,3452.71124499849
2022-08-28 20:00:00+00:00,3328.4243068507108
2022-08-29 00:00:00+00:00,3350.132488594127
2022-08-29 04:00:00+00:00,3342.1860516518823
2022-08-29 08:00:00+00:00,3337.416193123288
2022-08-29 12:00:00+00:00,3455.3956210607093
2022-08-29 16:00:00+00:00,3439.993353611032
2022-08-29 20:00:00+00:00,3498.828037565432
2022-08-30 00:00:00+00:00,3492.474725155792
2022-08-30 04:00:00+00:00,3545.415069558472
2022-08-30 08:00:00+00:00,3539.8939633043365
2022-08-30 12:00:00+00:00,3413.3179644287898
2022-08-30 16:00:00+00:00,3437.815266724484
2022-08-30 20:00:00+00:00,3426.506238553878
2022-08-31 00:00:00+00:00,3527.406817184256
2022-08-31 04:00:00+00:00,3498.546095083152
2022-08-31 08:00:00+00:00,3516.055685025417
2022-08-31 12:00:00+00:00,3463.4511934511515
2022-08-31 16:00:00+00:00,3468.4166140138864
2022-08-31 20:00:00+00:00,3424.4056403489917
2022-09-01 00:00:00+00:00,3401.31367300912
2022-09-01 04:00:00+00:00,3387.8359975949165
2022-09-01 08:00:00+00:00,3434.1466199032407
2022-09-01 12:00:00+00:00,3371.3003849535507
2022-09-01 16:00:00+00:00,3415.400455439876
2022-09-01 20:00:00+00:00,3465.5542552673173
2022-09-02 00:00:00+00:00,3468.366867993958
2022-09-02 04:00:00+00:00,3461.798585510027
2022-09-02 08:00:00+00:00,3454.30417875538
2022-09-02 12:00:00+00:00,3519.318213412236
2022-09-02 16:00:00+00:00,3409.3498081844427
2022-09-02 20:00:00+00:00,3433.169416766109
2022-09-03 00:00:00+00:00,3413.4337104644146
2022-09-03 04:00:00+00:00,3411.496035841053
2022-09-03 08:00:00+00:00,3422.145349179528
2022-09-03 12:00:00+00:00,3434.954992509796
2022-09-03 16:00:00+00:00,3423.753852653336
2022-09-03 20:00:00+00:00,3444.017416416131
2022-09-04 00:00:00+00:00,3455.8533853431286
2022-09-04 04:00:00+00:00,3430.0931453992484
2022-09-04 08:00:00+00:00,3490.381064904944
2022-09-04 12:00:00+00:00,3482.642220300765
2022-09-04 16:00:00+00:00,3482.693766480418
2022-09-04 20:00:00+00:00,3505.24641900512
2022-09-05 00:00:00+00:00,3501.6131154702102
2022-09-05 04:00:00+00:00,3455.071246785893
2022-09-05 08:00:00+00:00,3435.119525067285
2022-09-05 12:00:00+00:00,3480.871926535131
2022-09-05 16:00:00+00:00,3459.228159894628
2022-09-05 20:00:00+00:00,3515.578606874286
2022-09-06 00:00:00+00:00,3555.952917311538
2022-09-06 04:00:00+00:00,3574.0442985754453
2022-09-06 08:00:00+00:00,3588.578114223545
2022-09-06 12:00:00+00:00,3586.63723512386
2022-09-06 16:00:00+00:00,3357.23643576886
2022-09-06 20:00:00+00:00,3333.335377194444
2022-09-07 00:00:00+00:00,3313.236733687318
2022-09-07 04:00:00+00:00,3338.5985716807527
2022-09-07 08:00:00+00:00,3340.2510089354846
2022-09-07 12:00:00+00:00,3380.324302379441
2022-09-07 16:00:00+00:00,3423.8855109425385
2022-09-07 20:00:00+00:00,3495.6809003252697
2022-09-08 00:00:00+00:00,3482.04633493262
2022-09-08 04:00:00+00:00,3459.647216860329
2022-09-08 08:00:00+00:00,3492.241533245273
2022-09-08 12:00:00+00:00,3509.5641948574544
2022-09-08 16:00:00+00:00,3540.034459495161
2022-09-08 20:00:00+00:00,3536.250831072998
2022-09-09 00:00:00+00:00,3629.24574804677
2022-09-09 04:00:00+00:00,3687.942742858933
2022-09-09 08:00:00+00:00,3704.776800045641
2022-09-09 12:00:00+00:00,3699.8331145719785
2022-09-09 16:00:00+00:00,3693.286591144828
2022-09-09 20:00:00+00:00,3707.2161173434047
2022-09-10 00:00:00+00:00,3717.795766728058
2022-09-10 04:00:00+00:00,3685.5508636529225
2022-09-10 08:00:00+00:00,3714.58934794174
2022-09-10 12:00:00+00:00,3699.289072292537
2022-09-10 16:00:00+00:00,3734.0382575972335
2022-09-10 20:00:00+00:00,3755.2547755080486
2022-09-11 00:00:00+00:00,3732.2420285010817
2022-09-11 04:00:00+00:00,3729.264161804924
2022-09-11 08:00:00+00:00,3737.979227039552
2022-09-11 12:00:00+00:00,3747.825795056576
2022-09-11 16:00:00+00:00,3746.8692941234526
2022-09-11 20:00:00+00:00,3743.8140922832954
2022-09-12 00:00:00+00:00,3702.173103090516
2022-09-12 04:00:00+00:00,3761.805258002041
2022-09-12 08:00:00+00:00,3849.083400266783
2022-09-12 12:00:00+00:00,3780.1184485396425
2022-09-12 16:00:00+00:00,3816.478749349481
2022-09-12 20:00:00+00:00,3806.931927604418
2022-09-13 00:00:00+00:00,3827.420178322224
2022-09-13 04:00:00+00:00,3834.6632805841887
2022-09-13 08:00:00+00:00,3848.549392922673
2022-09-13 12:00:00+00:00,3563.733947019334
2022-09-13 16:00:00+00:00,3528.6993962467154
2022-09-13 20:00:00+00:00,3464.283027387879
2022-09-14 00:00:00+00:00,3519.307129306468
2022-09-14 04:00:00+00:00,3500.5284800656186
2022-09-14 08:00:00+00:00,3502.608380314756
2022-09-14 12:00:00+00:00,3522.566605822803
2022-09-14 16:00:00+00:00,3517.518929615256
2022-09-14 20:00:00+00:00,3556.6844712992524
2022-09-15 00:00:00+00:00,3479.184730850195
2022-09-15 04:00:00+00:00,3564.387811973236
2022-09-15 08:00:00+00:00,3512.6854850020686
2022-09-15 12:00:00+00:00,3408.555677343404
2022-09-15 16:00:00+00:00,3436.3108376817468
2022-09-15 20:00:00+00:00,3408.2776498985545
2022-09-16 00:00:00+00:00,3415.4780655659133
2022-09-16 04:00:00+00:00,3414.0644261733432
2022-09-16 08:00:00+00:00,3437.050854635536
2022-09-16 12:00:00+00:00,3402.4051125972064
2022-09-16 16:00:00+00:00,3388.9695411356074
2022-09-16 20:00:00+00:00,3429.6505923554664
2022-09-17 00:00:00+00:00,3449.0711028389237
2022-09-17 04:00:00+00:00,3452.426473015788
2022-09-17 08:00:00+00:00,3444.8405720388373
2022-09-17 12:00:00+00:00,3509.5111335053152
2022-09-17 16:00:00+00:00,3516.166871021406
2022-09-17 20:00:00+00:00,3540.3719061325146
2022-09-18 00:00:00+00:00,3505.9740629408675
2022-09-18 04:00:00+00:00,3538.844646700204
2022-09-18 08:00:00+00:00,3491.9680451531176
2022-09-18 12:00:00+00:00,3466.838746135214
2022-09-18 16:00:00+00:00,3442.6497217265787
2022-09-18 20:00:00+00:00,3287.5615531726694
2022-09-19 00:00:00+00:00,3228.434709568983
2022-09-19 04:00:00+00:00,3230.5327761867698
2022-09-19 08:00:00+00:00,3249.5592491936463
2022-09-19 12:00:00+00:00,3305.985628138292
2022-09-19 16:00:00+00:00,3389.576013923844
2022-09-19 20:00:00+00:00,3389.5336451126614
2022-09-20 00:00:00+00:00,3356.6309813992825
2022-09-20 04:00:00+00:00,3358.70804811111
2022-09-20 08:00:00+00:00,3348.625087183386
2022-09-20 12:00:00+00:00,3417.8008558853303
2022-09-20 16:00:00+00:00,3360.1791081577853
2022-09-20 20:00:00+00:00,3330.366911373703
2022-09-21 00:00:00+00:00,3357.0663943552886
2022-09-21 04:00:00+00:00,3332.979395201796
2022-09-21 08:00:00+00:00,3370.017853017828
2022-09-21 12:00:00+00:00,3329.728999081471
2022-09-21 16:00:00+00:00,3341.9478803922807
2022-09-21 20:00:00+00:00,3243.746370654288
2022-09-22 00:00:00+00:00,3280.160302919044
2022-09-22 04:00:00+00:00,3350.288068385954
2022-09-22 08:00:00+00:00,3412.8186172594587
2022-09-22 12:00:00+00:00,3374.790566086422
2022-09-22 16:00:00+00:00,3474.220495629012
2022-09-22 20:00:00+00:00,3481.971842411412
2022-09-23 00:00:00+00:00,3578.864124033591
2022-09-23 04:00:00+00:00,3527.5037116568183
2022-09-23 08:00:00+00:00,3446.0786593231865
2022-09-23 12:00:00+00:00,3447.275963402033
2022-09-23 16:00:00+00:00,3466.7825821468978
2022-09-23 20:00:00+00:00,3580.676473594214
2022-09-24 00:00:00+00:00,3609.092389651408
2022-09-24 04:00:00+00:00,3590.545686427925
2022-09-24 08:00:00+00:00,3617.7434368331087
2022-09-24 12:00:00+00:00,3591.3346385764617
2022-09-24 16:00:00+00:00,3598.137621773237
2022-09-24 20:00:00+00:00,3534.283774868692
2022-09-25 00:00:00+00:00,3560.1742756275803
2022-09-25 04:00:00+00:00,3577.024130466555
2022-09-25 08:00:00+00:00,3574.6556746594706
2022-09-25 12:00:00+00:00,3541.572978569427
2022-09-25 16:00:00+00:00,3514.3901194577397
2022-09-25 20:00:00+00:00,3481.7488454120494
2022-09-26 00:00:00+00:00,3477.8634375640686
2022-09-26 04:00:00+00:00,3458.412206790049
2022-09-26 08:00:00+00:00,3448.124875746848
2022-09-26 12:00:00+00:00,3500.9570677978504
2022-09-26 16:00:00+00:00,3520.0613314011143
2022-09-26 20:00:00+00:00,3529.19454905328
2022-09-27 00:00:00+00:00,3622.3596603173937
2022-09-27 04:00:00+00:00,3626.762524980755
2022-09-27 08:00:00+00:00,3613.674613622504
2022-09-27 12:00:00+00:00,3581.907407772414
2022-09-27 16:00:00+00:00,3442.675462831458
2022-09-27 20:00:00+00:00,3454.691142985008
2022-09-28 00:00:00+00:00,3390.412981853274
2022-09-28 04:00:00+00:00,3389.8350772017025
2022-09-28 08:00:00+00:00,3410.2809760514992
2022-09-28 12:00:00+00:00,3477.3467986905366
2022-09-28 16:00:00+00:00,3487.9039255503385
2022-09-28 20:00:00+00:00,3486.2769184291037
2022-09-29 00:00:00+00:00,3501.444441841592
2022-09-29 04:00:00+00:00,3465.7235515467014
2022-09-29 08:00:00+00:00,3488.7085472215454
2022-09-29 12:00:00+00:00,3483.597188869259
2022-09-29 16:00:00+00:00,3489.8282564766528
2022-09-29 20:00:00+00:00,3551.725636666551
2022-09-30 00:00:00+00:00,3537.733182446584
2022-09-30 04:00:00+00:00,3568.4797714179704
2022-09-30 08:00:00+00:00,3530.418851532237
2022-09-30 12:00:00+00:00,3567.4316895677766
2022-09-30 16:00:00+00:00,3524.3397116384763
2022-09-30 20:00:00+00:00,3521.2556892407088
2022-10-01 00:00:00+00:00,3514.7949267487816
2022-10-01 04:00:00+00:00,3505.10430047559
2022-10-01 08:00:00+00:00,3504.212703874784
2022-10-01 12:00:00+00:00,3504.4280602670647
2022-10-01 16:00:00+00:00,3472.5678890503727
2022-10-01 20:00:00+00:00,3468.3922147793087
2022-10-02 00:00:00+00:00,3480.281354497588
2022-10-02 04:00:00+00:00,3478.006330202435
2022-10-02 08:00:00+00:00,3440.010444690577
2022-10-02 12:00:00+00:00,3430.0369823810747
2022-10-02 16:00:00+00:00,3460.1725957191384
2022-10-02 20:00:00+00:00,3396.154884623352
2022-10-03 00:00:00+00:00,3414.917048458245
2022-10-03 04:00:00+00:00,3410.7322039218493
2022-10-03 08:00:00+00:00,3434.015858019492
2022-10-03 12:00:00+00:00,3456.6025210244225
2022-10-03 16:00:00+00:00,3464.032021611801
2022-10-03 20:00:00+00:00,3480.878729652942
2022-10-04 00:00:00+00:00,3486.8513043271505
2022-10-04 04:00:00+00:00,3534.279687011468
2022-10-04 08:00:00+00:00,3541.4411239623632
2022-10-04 12:00:00+00:00,3567.179533297593
2022-10-04 16:00:00+00:00,3616.456210565673
2022-10-04 20:00:00+00:00,3625.866510096184
2022-10-05 00:00:00+00:00,3602.674309732794
2022-10-05 04:00:00+00:00,3613.537255730576
2022-10-05 08:00:00+00:00,3566.777950868614
2022-10-05 12:00:00+00:00,3577.300544998515
2022-10-05 16:00:00+00:00,3614.670133379143
2022-10-05 20:00:00+00:00,3614.1237456637737
2022-10-06 00:00:00+00:00,3657.666466918745
2022-10-06 04:00:00+00:00,3633.950092770746
2022-10-06 08:00:00+00:00,3638.165723848516
2022-10-06 12:00:00+00:00,3603.7179058956262
2022-10-06 16:00:00+00:00,3592.779767443209
2022-10-06 20:00:00+00:00,3562.3843496317136
2022-10-07 00:00:00+00:00,3564.261676986978
2022-10-07 04:00:00+00:00,3555.096404939744
2022-10-07 08:00:00+00:00,3555.988297679245
2022-10-07 12:00:00+00:00,3516.861121914998
2022-10-07 16:00:00+00:00,3537.45550854296
2022-10-07 20:00:00+00:00,3542.341348340289
2022-10-08 00:00:00+00:00,3545.649132444544
2022-10-08 04:00:00+00:00,3543.8962422047584
2022-10-08 08:00:00+00:00,3541.475563621743
2022-10-08 12:00:00+00:00,3532.2134562962374
2022-10-08 16:00:00+00:00,3525.440966379448
2022-10-08 20:00:00+00:00,3504.010921007491
2022-10-09 00:00:00+00:00,3490.824575962012
2022-10-09 04:00:00+00:00,3512.106341777622
2022-10-09 08:00:00+00:00,3527.6361616667027
2022-10-09 12:00:00+00:00,3547.248051826793
2022-10-09 16:00:00+00:00,3551.004277464944
2022-10-09 20:00:00+00:00,3544.3657146100463
2022-10-10 00:00:00+00:00,3548.317530957925
2022-10-10 04:00:00+00:00,3524.139899028053
2022-10-10 08:00:00+00:00,3496.1902445014057
2022-10-10 12:00:00+00:00,3492.4415856202318
2022-10-10 16:00:00+00:00,3484.9370417835976
2022-10-10 20:00:00+00:00,3408.4015046483355
2022-10-11 00:00:00+00:00,3371.985374820923
2022-10-11 04:00:00+00:00,3382.826831925844
2022-10-11 08:00:00+00:00,3391.806960010316
2022-10-11 12:00:00+00:00,3412.4772662632267
2022-10-11 16:00:00+00:00,3370.989998966269
2022-10-11 20:00:00+00:00,3363.6162106855454
2022-10-12 00:00:00+00:00,3368.892750721788
2022-10-12 04:00:00+00:00,3386.714395207067
2022-10-12 08:00:00+00:00,3387.098815119188
2022-10-12 12:00:00+00:00,3389.8940830478664
2022-10-12 16:00:00+00:00,3373.9252965943574
2022-10-12 20:00:00+00:00,3370.3552042705446
2022-10-13 00:00:00+00:00,3321.1046466643597
2022-10-13 04:00:00+00:00,3234.199993122536
2022-10-13 08:00:00+00:00,3185.6536979263988
2022-10-13 12:00:00+00:00,3266.901494360275
2022-10-13 16:00:00+00:00,3342.040992460588
2022-10-13 20:00:00+00:00,3334.125399705544
2022-10-14 00:00:00+00:00,3429.856069839325
2022-10-14 04:00:00+00:00,3406.756605399794
2022-10-14 08:00:00+00:00,3401.0281396538585
2022-10-14 12:00:00+00:00,3358.923143670377
2022-10-14 16:00:00+00:00,3317.450456734417
2022-10-14 20:00:00+00:00,3310.2912166356537
2022-10-15 00:00:00+00:00,3320.47411740606
2022-10-15 04:00:00+00:00,3315.1496345207925
2022-10-15 08:00:00+00:00,3314.243401963925
2022-10-15 12:00:00+00:00,3313.1992316880446
2022-10-15 16:00:00+00:00,3303.97863536149
2022-10-15 20:00:00+00:00,3280.2926371139765
2022-10-16 00:00:00+00:00,3301.342318071062
2022-10-16 04:00:00+00:00,3303.91385946874
2022-10-16 08:00:00+00:00,3310.056604861908
2022-10-16 12:00:00+00:00,3309.192855125989
2022-10-16 16:00:00+00:00,3347.415710635012
2022-10-16 20:00:00+00:00,3324.513512153844
2022-10-17 00:00:00+00:00,3306.1925381829165
2022-10-17 04:00:00+00:00,3331.149513324693
2022-10-17 08:00:00+00:00,3352.68951732337
2022-10-17 12:00:00+00:00,3374.262493967499
2022-10-17 16:00:00+00:00,3361.9908387306928
2022-10-17 20:00:00+00:00,3390.9227356357183
2022-10-18 00:00:00+00:00,3384.176958607487
2022-10-18 04:00:00+00:00,3387.0127745653595
2022-10-18 08:00:00+00:00,3354.637815297585
2022-10-18 12:00:00+00:00,3320.8121675536318
2022-10-18 16:00:00+00:00,3307.290912787716
2022-10-18 20:00:00+00:00,3323.7319141014223
2022-10-19 00:00:00+00:00,3309.3697129638213
2022-10-19 04:00:00+00:00,3296.26554591514
2022-10-19 08:00:00+00:00,3283.3040208919574
2022-10-19 12:00:00+00:00,3297.436767581288
2022-10-19 16:00:00+00:00,3305.258549536037
2022-10-19 20:00:00+00:00,3229.9643322393645
2022-10-20 00:00:00+00:00,3238.893539906496
2022-10-20 04:00:00+00:00,3268.638113858879
2022-10-20 08:00:00+00:00,3277.867193305555
2022-10-20 12:00:00+00:00,3270.878652980008
2022-10-20 16:00:00+00:00,3208.2346960356117
2022-10-20 20:00:00+00:00,3198.57918535515
2022-10-21 00:00:00+00:00,3196.0952117263755
2022-10-21 04:00:00+00:00,3178.060188090688
2022-10-21 08:00:00+00:00,3146.0735427862783
2022-10-21 12:00:00+00:00,3196.0447567192828
2022-10-21 16:00:00+00:00,3226.9855876007227
2022-10-21 20:00:00+00:00,3235.1782804750883
2022-10-22 00:00:00+00:00,3221.874146310692
2022-10-22 04:00:00+00:00,3221.5185367152144
2022-10-22 08:00:00+00:00,3242.5399593544457
2022-10-22 12:00:00+00:00,3244.9027362348784
2022-10-22 16:00:00+00:00,3235.6535101929803
2022-10-22 20:00:00+00:00,3245.923015953263
2022-10-23 00:00:00+00:00,3254.468630283585
2022-10-23 04:00:00+00:00,3247.441119503624
2022-10-23 08:00:00+00:00,3219.9452349697285
2022-10-23 12:00:00+00:00,3232.172136852255
2022-10-23 16:00:00+00:00,3291.4601009428247
2022-10-23 20:00:00+00:00,3333.961460431284
2022-10-24 00:00:00+00:00,3282.49680436361
2022-10-24 04:00:00+00:00,3270.527983479289
2022-10-24 08:00:00+00:00,3302.313077469369
2022-10-24 12:00:00+00:00,3262.6925852128597
2022-10-24 16:00:00+00:00,3268.360462922254
2022-10-24 20:00:00+00:00,3260.677548319283
2022-10-25 00:00:00+00:00,3276.4309981264787
2022-10-25 04:00:00+00:00,3267.876619827763
2022-10-25 08:00:00+00:00,3258.4148033119327
2022-10-25 12:00:00+00:00,3369.432228342371
2022-10-25 16:00:00+00:00,3521.6299592976898
2022-10-25 20:00:00+00:00,3462.741027389797
2022-10-26 00:00:00+00:00,3514.6905480971286
2022-10-26 04:00:00+00:00,3531.388296725432
2022-10-26 08:00:00+00:00,3560.920442388287
2022-10-26 12:00:00+00:00,3586.624117149239
2022-10-26 16:00:00+00:00,3618.2843461753337
2022-10-26 20:00:00+00:00,3622.9443978278896
2022-10-27 00:00:00+00:00,3667.233756828946
2022-10-27 04:00:00+00:00,3688.134413317934
2022-10-27 08:00:00+00:00,3647.319412192369
2022-10-27 12:00:00+00:00,3657.2123567055614
2022-10-27 16:00:00+00:00,3723.954277749525
2022-10-27 20:00:00+00:00,3600.0776310883493
2022-10-28 00:00:00+00:00,3578.32460217916
2022-10-28 04:00:00+00:00,3556.632354014588
2022-10-28 08:00:00+00:00,3640.263830587466
2022-10-28 12:00:00+00:00,3737.832022238785
2022-10-28 16:00:00+00:00,3787.328584775588
2022-10-28 20:00:00+00:00,3783.678267527468
2022-10-29 00:00:00+00:00,3859.662909906466
2022-10-29 04:00:00+00:00,3920.1467632960935
2022-10-29 08:00:00+00:00,4000.2279115518736
2022-10-29 12:00:00+00:00,4294.928267383269
2022-10-29 16:00:00+00:00,4258.351890998988
2022-10-29 20:00:00+00:00,4197.4423814833
2022-10-30 00:00:00+00:00,4269.287365147793
2022-10-30 04:00:00+00:00,4321.898375713634
2022-10-30 08:00:00+00:00,4263.620011759895
2022-10-30 12:00:00+00:00,4073.578209949968
2022-10-30 16:00:00+00:00,4117.108503324791
2022-10-30 20:00:00+00:00,4152.692476874004
2022-10-31 00:00:00+00:00,4191.931522613811
2022-10-31 04:00:00+00:00,4171.480220360074
2022-10-31 08:00:00+00:00,4290.466619549171
2022-10-31 12:00:00+00:00,4261.241676610008
2022-10-31 16:00:00+00:00,4237.97254767445
2022-10-31 20:00:00+00:00,4265.775944185739
2022-11-01 00:00:00+00:00,4275.604479544967
2022-11-01 04:00:00+00:00,4458.855282763612
2022-11-01 08:00:00+00:00,4412.107005231338
2022-11-01 12:00:00+00:00,4348.706988895954
2022-11-01 16:00:00+00:00,4345.11644212969
2022-11-01 20:00:00+00:00,4376.878467850492
2022-11-02 00:00:00+00:00,4375.768200260966
2022-11-02 04:00:00+00:00,4297.393661677636
2022-11-02 08:00:00+00:00,4221.003746343031
2022-11-02 12:00:00+00:00,4207.373912307427
2022-11-02 16:00:00+00:00,4189.542568421854
2022-11-02 20:00:00+00:00,4145.12648444912
2022-11-03 00:00:00+00:00,4266.44695170188
2022-11-03 04:00:00+00:00,4258.048296656946
2022-11-03 08:00:00+00:00,4218.821675275738
2022-11-03 12:00:00+00:00,4232.058867390586
2022-11-03 16:00:00+00:00,4218.199015017475
2022-11-03 20:00:00+00:00,4133.629402620003
2022-11-04 00:00:00+00:00,4186.292966206705
2022-11-04 04:00:00+00:00,4268.205546952831
2022-11-04 08:00:00+00:00,4242.084505903812
2022-11-04 12:00:00+00:00,4326.824350358674
2022-11-04 16:00:00+00:00,4402.7006627722285
2022-11-04 20:00:00+00:00,4427.165045541662
2022-11-05 00:00:00+00:00,4447.5332519568665
2022-11-05 04:00:00+00:00,4535.30628252977
2022-11-05 08:00:00+00:00,4494.543372563402
2022-11-05 12:00:00+00:00,4523.616343532486
2022-11-05 16:00:00+00:00,4519.375775315365
2022-11-05 20:00:00+00:00,4474.241894395018
2022-11-06 00:00:00+00:00,4451.776061013189
2022-11-06 04:00:00+00:00,4444.791168648036
2022-11-06 08:00:00+00:00,4429.414837053406
2022-11-06 12:00:00+00:00,4417.864852118307
2022-11-06 16:00:00+00:00,4337.907982763572
2022-11-06 20:00:00+00:00,4170.557645990099
2022-11-07 00:00:00+00:00,4220.797785275495
2022-11-07 04:00:00+00:00,4064.8308004400646
2022-11-07 08:00:00+00:00,4160.154065144096
2022-11-07 12:00:00+00:00,4219.161103322377
2022-11-07 16:00:00+00:00,4241.89162339858
2022-11-07 20:00:00+00:00,4067.892204539971
2022-11-08 00:00:00+00:00,3824.000921383525
2022-11-08 04:00:00+00:00,3837.9909647261698
2022-11-08 08:00:00+00:00,3809.9116639957338
2022-11-08 12:00:00+00:00,3792.4515521275016
2022-11-08 16:00:00+00:00,3395.107449345568
2022-11-08 20:00:00+00:00,3479.0189518584834
2022-11-09 00:00:00+00:00,3330.831661397668
2022-11-09 04:00:00+00:00,3245.576072931836
2022-11-09 08:00:00+00:00,3157.644726876566
2022-11-09 12:00:00+00:00,2931.894124611543
2022-11-09 16:00:00+00:00,2863.6220435166924
2022-11-09 20:00:00+00:00,2678.6277468040184
2022-11-10 00:00:00+00:00,2882.6334244417576
2022-11-10 04:00:00+00:00,2975.5852966038306
2022-11-10 08:00:00+00:00,2910.0258202433643
2022-11-10 12:00:00+00:00,3267.3773160737237
2022-11-10 16:00:00+00:00,3215.729345006433
2022-11-10 20:00:00+00:00,3243.532656964276
2022-11-11 00:00:00+00:00,3084.328711597475
2022-11-11 04:00:00+00:00,3179.116354868687
2022-11-11 08:00:00+00:00,3194.686398258975
2022-11-11 12:00:00+00:00,3045.7279315655906
2022-11-11 16:00:00+00:00,3047.541918285676
2022-11-11 20:00:00+00:00,3097.5428766389878
2022-11-12 00:00:00+00:00,3009.9191850989505
2022-11-12 04:00:00+00:00,3040.13412785095
2022-11-12 08:00:00+00:00,3085.503355536144
2022-11-12 12:00:00+00:00,3062.059208420468
2022-11-12 16:00:00+00:00,3050.961371115097
2022-11-12 20:00:00+00:00,2999.895427401897
2022-11-13 00:00:00+00:00,3044.8900156325835
2022-11-13 04:00:00+00:00,2969.2050867304115
2022-11-13 08:00:00+00:00,2946.226960899225
2022-11-13 12:00:00+00:00,2945.278746851211
2022-11-13 16:00:00+00:00,2925.175662815764
2022-11-13 20:00:00+00:00,2880.312112201633
2022-11-14 00:00:00+00:00,2799.7253789024617
2022-11-14 04:00:00+00:00,2974.536629485668
2022-11-14 08:00:00+00:00,2974.314410757446
2022-11-14 12:00:00+00:00,2923.8504904720417
2022-11-14 16:00:00+00:00,2882.246352491293
2022-11-14 20:00:00+00:00,2964.64248468991
2022-11-15 00:00:00+00:00,2979.1320107346005
2022-11-15 04:00:00+00:00,3015.273271031344
2022-11-15 08:00:00+00:00,3000.304037190528
2022-11-15 12:00:00+00:00,3036.452909509716
2022-11-15 16:00:00+00:00,2998.787600477612
2022-11-15 20:00:00+00:00,3005.9085923715147
2022-11-16 00:00:00+00:00,3033.018697757779
2022-11-16 04:00:00+00:00,3020.7203421906106
2022-11-16 08:00:00+00:00,2958.0897678417764
2022-11-16 12:00:00+00:00,2891.81004785971
2022-11-16 16:00:00+00:00,2923.2589880135965
2022-11-16 20:00:00+00:00,2940.5519229886063
2022-11-17 00:00:00+00:00,2931.2212692888684
2022-11-17 04:00:00+00:00,2942.829352668049
2022-11-17 08:00:00+00:00,2921.226028969735
2022-11-17 12:00:00+00:00,2882.0125795305344
2022-11-17 16:00:00+00:00,2901.214833889201
2022-11-17 20:00:00+00:00,2906.5899390205795
2022-11-18 00:00:00+00:00,2941.190955962797
2022-11-18 04:00:00+00:00,2928.534855658567
2022-11-18 08:00:00+00:00,2932.88369790676
2022-11-18 12:00:00+00:00,2912.360485717437
2022-11-18 16:00:00+00:00,2903.3123826120345
2022-11-18 20:00:00+00:00,2913.5432708524118
2022-11-19 00:00:00+00:00,2888.134607369914
2022-11-19 04:00:00+00:00,2870.4066683840606
2022-11-19 08:00:00+00:00,2886.3134745130133
2022-11-19 12:00:00+00:00,2885.0370953101874
2022-11-19 16:00:00+00:00,2884.1673534340684
2022-11-19 20:00:00+00:00,2898.580084454388
2022-11-20 00:00:00+00:00,2914.713077670684
2022-11-20 04:00:00+00:00,2920.664919715752
2022-11-20 08:00:00+00:00,2821.3124787474444
2022-11-20 12:00:00+00:00,2846.051679488649
2022-11-20 16:00:00+00:00,2827.4802686690787
2022-11-20 20:00:00+00:00,2727.622475553354
2022-11-21 00:00:00+00:00,2668.320429266298
2022-11-21 04:00:00+00:00,2668.050793019924
2022-11-21 08:00:00+00:00,2667.89048850813
2022-11-21 12:00:00+00:00,2690.299801327823
2022-11-21 16:00:00+00:00,2599.045287860182
2022-11-21 20:00:00+00:00,2658.6713274094145
2022-11-22 00:00:00+00:00,2669.812040792661
2022-11-22 04:00:00+00:00,2634.7013421138554
2022-11-22 08:00:00+00:00,2618.317297296114
2022-11-22 12:00:00+00:00,2761.759557803201
2022-11-22 16:00:00+00:00,2736.5503092283348
2022-11-22 20:00:00+00:00,2778.251855638918
2022-11-23 00:00:00+00:00,2861.878180891983
2022-11-23 04:00:00+00:00,2865.405767772941
2022-11-23 08:00:00+00:00,2903.646977862053
2022-11-23 12:00:00+00:00,2867.885629710318
2022-11-23 16:00:00+00:00,2915.47198266104
2022-11-23 20:00:00+00:00,2951.1674798164445
2022-11-24 00:00:00+00:00,2979.882456032707
2022-11-24 04:00:00+00:00,2954.765015979451
2022-11-24 08:00:00+00:00,2926.3076622109384
2022-11-24 12:00:00+00:00,2952.338690267233
2022-11-24 16:00:00+00:00,2968.545783070531
2022-11-24 20:00:00+00:00,2976.8434747291485
2022-11-25 00:00:00+00:00,2946.941830739444
2022-11-25 04:00:00+00:00,2967.338580519849
2022-11-25 08:00:00+00:00,3023.554909467589
2022-11-25 12:00:00+00:00,3019.3637758130485
2022-11-25 16:00:00+00:00,3042.5042663773834
2022-11-25 20:00:00+00:00,3036.429659980195
2022-11-26 00:00:00+00:00,3100.875395203898
2022-11-26 04:00:00+00:00,3101.55306195957
2022-11-26 08:00:00+00:00,3116.7438760025407
2022-11-26 12:00:00+00:00,3089.592407244896
2022-11-26 16:00:00+00:00,3065.507038828242
2022-11-26 20:00:00+00:00,3046.754757645964
2022-11-27 00:00:00+00:00,3071.3241816605787
2022-11-27 04:00:00+00:00,3142.402581619073
2022-11-27 08:00:00+00:00,3218.8268352939403
2022-11-27 12:00:00+00:00,3210.698776131222
2022-11-27 16:00:00+00:00,3214.4053247374472
2022-11-27 20:00:00+00:00,3124.392854341964
2022-11-28 00:00:00+00:00,3006.0001875850885
2022-11-28 04:00:00+00:00,3022.83165118706
2022-11-28 08:00:00+00:00,3003.795871029691
2022-11-28 12:00:00+00:00,2981.766133480028
2022-11-28 16:00:00+00:00,3019.698355075805
2022-11-28 20:00:00+00:00,3025.074498707547
2022-11-29 00:00:00+00:00,3094.3980662167937
2022-11-29 04:00:00+00:00,3141.122313779178
2022-11-29 08:00:00+00:00,3159.400794611783
2022-11-29 12:00:00+00:00,3119.5506427175237
2022-11-29 16:00:00+00:00,3116.8527800344173
2022-11-29 20:00:00+00:00,3116.1940108072745
2022-11-30 00:00:00+00:00,3187.9406036331293
2022-11-30 04:00:00+00:00,3218.3606881549176
2022-11-30 08:00:00+00:00,3200.7245838285794
2022-11-30 12:00:00+00:00,3183.3429511981967
2022-11-30 16:00:00+00:00,3196.528836391499
2022-11-30 20:00:00+00:00,3253.506515071994
2022-12-01 00:00:00+00:00,3212.362860668204
2022-12-01 04:00:00+00:00,3181.0931976302218
2022-12-01 08:00:00+00:00,3202.182719117086
2022-12-01 12:00:00+00:00,3161.9449652397934
2022-12-01 16:00:00+00:00,3157.4028374770983
2022-12-01 20:00:00+00:00,3154.432315713092
2022-12-02 00:00:00+00:00,3103.9897462539943
2022-12-02 04:00:00+00:00,3123.3832083619586
2022-12-02 08:00:00+00:00,3142.270214004324
2022-12-02 12:00:00+00:00,3124.4660315720885
2022-12-02 16:00:00+00:00,3144.3878033781875
2022-12-02 20:00:00+00:00,3185.52760369088
2022-12-03 00:00:00+00:00,3160.3454779928265
2022-12-03 04:00:00+00:00,3127.702325029361
2022-12-03 08:00:00+00:00,3137.7362677285137
2022-12-03 12:00:00+00:00,3165.242264748272
2022-12-03 16:00:00+00:00,3164.214617498082
2022-12-03 20:00:00+00:00,3113.0761803898936
2022-12-04 00:00:00+00:00,3151.303876076084
2022-12-04 04:00:00+00:00,3169.525370986729
2022-12-04 08:00:00+00:00,3157.650553021329
2022-12-04 12:00:00+00:00,3169.264379686843
2022-12-04 16:00:00+00:00,3185.1984463660733
2022-12-04 20:00:00+00:00,3195.359170799924
2022-12-05 00:00:00+00:00,3217.1688478141537
2022-12-05 04:00:00+00:00,3225.06797934979
2022-12-05 08:00:00+00:00,3250.7793629852995
2022-12-05 12:00:00+00:00,3177.660945173789
2022-12-05 16:00:00+00:00,3127.0955806833217
2022-12-05 20:00:00+00:00,3151.0132930515774
2022-12-06 00:00:00+00:00,3162.2543092122046
2022-12-06 04:00:00+00:00,3150.5360816756006
2022-12-06 08:00:00+00:00,3140.457673052623
2022-12-06 12:00:00+00:00,3137.914356263015
2022-12-06 16:00:00+00:00,3125.842774861375
2022-12-06 20:00:00+00:00,3158.3429755589145
2022-12-07 00:00:00+00:00,3133.254288084069
2022-12-07 04:00:00+00:00,3030.307041276388
2022-12-07 08:00:00+00:00,3044.199029680263
2022-12-07 12:00:00+00:00,3055.959757169357
2022-12-07 16:00:00+00:00,3044.480366828664
2022-12-07 20:00:00+00:00,3049.8287458419013
2022-12-08 00:00:00+00:00,3059.390226378616
2022-12-08 04:00:00+00:00,3068.2362115118467
2022-12-08 08:00:00+00:00,3059.5870909621726
2022-12-08 12:00:00+00:00,3079.580673798654
2022-12-08 16:00:00+00:00,3125.7799426533425
2022-12-08 20:00:00+00:00,3123.956530212558
2022-12-09 00:00:00+00:00,3118.0311247595887
2022-12-09 04:00:00+00:00,3121.865592833129
2022-12-09 08:00:00+00:00,3127.4000174897096
2022-12-09 12:00:00+00:00,3109.206509619956
2022-12-09 16:00:00+00:00,3085.107250577024
2022-12-09 20:00:00+00:00,3083.5435578632405
2022-12-10 00:00:00+00:00,3083.8869570380984
2022-12-10 04:00:00+00:00,3084.4316184713903
2022-12-10 08:00:00+00:00,3088.519719529566
2022-12-10 12:00:00+00:00,3102.505630444286
2022-12-10 16:00:00+00:00,3092.106129868745
2022-12-10 20:00:00+00:00,3081.996556330385
2022-12-11 00:00:00+00:00,3097.169153949574
2022-12-11 04:00:00+00:00,3096.9274700158057
2022-12-11 08:00:00+00:00,3094.3645849630543
2022-12-11 12:00:00+00:00,3088.17624810957
2022-12-11 16:00:00+00:00,3093.260688031457
2022-12-11 20:00:00+00:00,3016.9373982240377
2022-12-12 00:00:00+00:00,2932.1268603613034
2022-12-12 04:00:00+00:00,2939.04773208956
2022-12-12 08:00:00+00:00,2963.1098651835905
2022-12-12 12:00:00+00:00,2940.014273619991
2022-12-12 16:00:00+00:00,2950.587929347838
2022-12-12 20:00:00+00:00,2988.8081633113634
2022-12-13 00:00:00+00:00,2946.14018024713
2022-12-13 04:00:00+00:00,2924.6464151576133
2022-12-13 08:00:00+00:00,2981.1856285396293
2022-12-13 12:00:00+00:00,3053.510123563926
2022-12-13 16:00:00+00:00,3023.819939025659
2022-12-13 20:00:00+00:00,3050.2809498731217
2022-12-14 00:00:00+00:00,3057.6503588641995
2022-12-14 04:00:00+00:00,3046.723222489428
2022-12-14 08:00:00+00:00,3048.315502265344
2022-12-14 12:00:00+00:00,3079.9058272917478
2022-12-14 16:00:00+00:00,3009.454984161694
2022-12-14 20:00:00+00:00,3002.654028337691
2022-12-15 00:00:00+00:00,2989.6133840624148
2022-12-15 04:00:00+00:00,2974.371193852102
2022-12-15 08:00:00+00:00,2981.097124467681
2022-12-15 12:00:00+00:00,2958.4363331644777
2022-12-15 16:00:00+00:00,2941.274980889941
2022-12-15 20:00:00+00:00,2916.591695257516
2022-12-16 00:00:00+00:00,2941.6209743954173
2022-12-16 04:00:00+00:00,2949.249692496771
2022-12-16 08:00:00+00:00,2825.252988680913
2022-12-16 12:00:00+00:00,2781.880003915779
2022-12-16 16:00:00+00:00,2772.825357787223
2022-12-16 20:00:00+00:00,2627.0650810152088
2022-12-17 00:00:00+00:00,2637.052209287651
2022-12-17 04:00:00+00:00,2677.3230868901182
2022-12-17 08:00:00+00:00,2662.0247314364174
2022-12-17 12:00:00+00:00,2666.007337851084
2022-12-17 16:00:00+00:00,2655.2769701432208
2022-12-17 20:00:00+00:00,2700.099024198709
2022-12-18 00:00:00+00:00,2708.08896331506
2022-12-18 04:00:00+00:00,2704.33059900615
2022-12-18 08:00:00+00:00,2688.480034782704
2022-12-18 12:00:00+00:00,2673.7214379688744
2022-12-18 16:00:00+00:00,2700.527184458353
2022-12-18 20:00:00+00:00,2697.152008416278
2022-12-19 00:00:00+00:00,2662.95746531201
2022-12-19 04:00:00+00:00,2667.3411888967357
2022-12-19 08:00:00+00:00,2672.782541980193
2022-12-19 12:00:00+00:00,2653.455443864916
2022-12-19 16:00:00+00:00,2588.644453470813
2022-12-19 20:00:00+00:00,2566.310481082897
2022-12-20 00:00:00+00:00,2629.066748487083
2022-12-20 04:00:00+00:00,2651.703001502065
2022-12-20 08:00:00+00:00,2658.827135856792
2022-12-20 12:00:00+00:00,2666.7140077868435
2022-12-20 16:00:00+00:00,2662.921515682135
2022-12-20 20:00:00+00:00,2667.2867600645795
2022-12-21 00:00:00+00:00,2624.563025175195
2022-12-21 04:00:00+00:00,2618.5257411750613
2022-12-21 08:00:00+00:00,2639.327221895305
2022-12-21 12:00:00+00:00,2633.6508419868605
2022-12-21 16:00:00+00:00,2613.9862470615026
2022-12-21 20:00:00+00:00,2632.509651750354
2022-12-22 00:00:00+00:00,2635.259135611068
2022-12-22 04:00:00+00:00,2627.9402248772526
2022-12-22 08:00:00+00:00,2656.9202218885016
2022-12-22 12:00:00+00:00,2603.3368522347687
2022-12-22 16:00:00+00:00,2626.082972624355
2022-12-22 20:00:00+00:00,2662.906341971552
2022-12-23 00:00:00+00:00,2683.551984904663
2022-12-23 04:00:00+00:00,2682.9851433840568
2022-12-23 08:00:00+00:00,2674.682344045909
2022-12-23 12:00:00+00:00,2665.541895719677
2022-12-23 16:00:00+00:00,2673.1365650941143
2022-12-23 20:00:00+00:00,2668.003522250081
2022-12-24 00:00:00+00:00,2669.431938403381
2022-12-24 04:00:00+00:00,2655.2856065160813
2022-12-24 08:00:00+00:00,2647.5690303670303
2022-12-24 12:00:00+00:00,2649.9628277522143
2022-12-24 16:00:00+00:00,2662.787336379682
2022-12-24 20:00:00+00:00,2654.900605324356
2022-12-25 00:00:00+00:00,2651.9964765172003
2022-12-25 04:00:00+00:00,2647.886023044964
2022-12-25 08:00:00+00:00,2638.1885177465283
2022-12-25 12:00:00+00:00,2615.376722675457
2022-12-25 16:00:00+00:00,2622.54314188013
2022-12-25 20:00:00+00:00,2633.5224387015783
2022-12-26 00:00:00+00:00,2646.259544799417
2022-12-26 04:00:00+00:00,2632.408728245729
2022-12-26 08:00:00+00:00,2638.123199744416
2022-12-26 12:00:00+00:00,2630.854567341666
2022-12-26 16:00:00+00:00,2640.426447009785
2022-12-26 20:00:00+00:00,2657.6933235330725
2022-12-27 00:00:00+00:00,2640.286490724194
2022-12-27 04:00:00+00:00,2643.383370306676
2022-12-27 08:00:00+00:00,2642.6131753164104
2022-12-27 12:00:00+00:00,2621.483343537265
2022-12-27 16:00:00+00:00,2619.865687277857
2022-12-27 20:00:00+00:00,2625.6560616602987
2022-12-28 00:00:00+00:00,2577.487596815517
2022-12-28 04:00:00+00:00,2544.433445837049
2022-12-28 08:00:00+00:00,2544.291684612366
2022-12-28 12:00:00+00:00,2535.138019992027
2022-12-28 16:00:00+00:00,2531.864320695108
2022-12-28 20:00:00+00:00,2520.435322074992
2022-12-29 00:00:00+00:00,2516.652486246445
2022-12-29 04:00:00+00:00,2515.2350826788806
2022-12-29 08:00:00+00:00,2509.6703094229806
2022-12-29 12:00:00+00:00,2513.3923635040146
2022-12-29 16:00:00+00:00,2488.79325268959
2022-12-29 20:00:00+00:00,2509.4459755048174
2022-12-30 00:00:00+00:00,2493.65890308492
2022-12-30 04:00:00+00:00,2444.401447675642
2022-12-30 08:00:00+00:00,2446.2423278639258
2022-12-30 12:00:00+00:00,2466.44259286876
2022-12-30 16:00:00+00:00,2483.8769715229027
2022-12-30 20:00:00+00:00,2491.518067002207
2022-12-31 00:00:00+00:00,2477.9805722764063
2022-12-31 04:00:00+00:00,2493.8649230025694
2022-12-31 08:00:00+00:00,2508.915282308101
2022-12-31 12:00:00+00:00,2526.2876458394185
2022-12-31 16:00:00+00:00,2520.8693391637603
2022-12-31 20:00:00+00:00,2506.8804970953
2023-01-01 00:00:00+00:00,2497.938580024972
2023-01-01 04:00:00+00:00,2484.3880431569387
2023-01-01 08:00:00+00:00,2494.3963314946536
2023-01-01 12:00:00+00:00,2493.4646653124605
2023-01-01 16:00:00+00:00,2509.2463422131677
2023-01-01 20:00:00+00:00,2508.204495514167
2023-01-02 00:00:00+00:00,2497.2247235365667
2023-01-02 04:00:00+00:00,2566.1674474434776
2023-01-02 08:00:00+00:00,2572.76223920467
2023-01-02 12:00:00+00:00,2588.547243633386
2023-01-02 16:00:00+00:00,2591.031363136309
2023-01-02 20:00:00+00:00,2574.7163140469006
2023-01-03 00:00:00+00:00,2572.0134033746613
2023-01-03 04:00:00+00:00,2601.77243506933
2023-01-03 08:00:00+00:00,2589.406263110358
2023-01-03 12:00:00+00:00,2610.129007047496
2023-01-03 16:00:00+00:00,2599.572572198529
2023-01-03 20:00:00+00:00,2620.0623295110017
2023-01-04 00:00:00+00:00,2696.18739840222
2023-01-04 04:00:00+00:00,2710.739904500132
2023-01-04 08:00:00+00:00,2687.504375749624
2023-01-04 12:00:00+00:00,2696.439875789633
2023-01-04 16:00:00+00:00,2689.713272409976
2023-01-04 20:00:00+00:00,2705.612619192922
2023-01-05 00:00:00+00:00,2693.3298086071745
2023-01-05 04:00:00+00:00,2699.2455011405928
2023-01-05 08:00:00+00:00,2691.9245838033507
2023-01-05 12:00:00+00:00,2676.0289519288604
2023-01-05 16:00:00+00:00,2688.707994221804
2023-01-05 20:00:00+00:00,2670.3022105609075
2023-01-06 00:00:00+00:00,2666.314376753888
2023-01-06 04:00:00+00:00,2649.6218387112044
2023-01-06 08:00:00+00:00,2638.1396345981843
2023-01-06 12:00:00+00:00,2670.1903687972517
2023-01-06 16:00:00+00:00,2699.0920024582542
2023-01-06 20:00:00+00:00,2702.9349802011866
2023-01-07 00:00:00+00:00,2701.5671159062185
2023-01-07 04:00:00+00:00,2700.939482258751
2023-01-07 08:00:00+00:00,2686.162564108198
2023-01-07 12:00:00+00:00,2696.09533332054
2023-01-07 16:00:00+00:00,2697.699053133263
2023-01-07 20:00:00+00:00,2692.4063524933185
2023-01-08 00:00:00+00:00,2690.852829682667
2023-01-08 04:00:00+00:00,2689.4802644634933
2023-01-08 08:00:00+00:00,2695.6306351270746
2023-01-08 12:00:00+00:00,2735.851560369805
2023-01-08 16:00:00+00:00,2715.8955671019544
2023-01-08 20:00:00+00:00,2792.0607524567627
2023-01-09 00:00:00+00:00,2886.3689112477905
2023-01-09 04:00:00+00:00,2888.932067467063
2023-01-09 08:00:00+00:00,2919.72997896042
2023-01-09 12:00:00+00:00,2958.966207447657
2023-01-09 16:00:00+00:00,2908.246210632421
2023-01-09 20:00:00+00:00,2876.9574681529816
2023-01-10 00:00:00+00:00,2875.781886932899
2023-01-10 04:00:00+00:00,2873.3264195525167
2023-01-10 08:00:00+00:00,2897.365643763097
2023-01-10 12:00:00+00:00,2909.116845827517
2023-01-10 16:00:00+00:00,2928.541312157177
2023-01-10 20:00:00+00:00,2925.124257635337
2023-01-11 00:00:00+00:00,2891.7261938609404
2023-01-11 04:00:00+00:00,2918.8930442957057
2023-01-11 08:00:00+00:00,2913.2474291369344
2023-01-11 12:00:00+00:00,2878.0658957244336
2023-01-11 16:00:00+00:00,2971.806272485755
2023-01-11 20:00:00+00:00,3041.33930967081
2023-01-12 00:00:00+00:00,3077.091326564425
2023-01-12 04:00:00+00:00,3045.436128867333
2023-01-12 08:00:00+00:00,3023.3407721782837
2023-01-12 12:00:00+00:00,2994.688145678627
2023-01-12 16:00:00+00:00,3078.902088293167
2023-01-12 20:00:00+00:00,3086.630281630454
2023-01-13 00:00:00+00:00,3099.775960627316
2023-01-13 04:00:00+00:00,3092.7248936954284
2023-01-13 08:00:00+00:00,3084.146118700989
2023-01-13 12:00:00+00:00,3103.7347722464883
2023-01-13 16:00:00+00:00,3120.5372393466346
2023-01-13 20:00:00+00:00,3229.8434437877822
2023-01-14 00:00:00+00:00,3458.0337380070364
2023-01-14 04:00:00+00:00,3542.5587688297323
2023-01-14 08:00:00+00:00,3432.371176582405
2023-01-14 12:00:00+00:00,3443.3567939029144
2023-01-14 16:00:00+00:00,3443.5927778719047
2023-01-14 20:00:00+00:00,3504.999347061776
2023-01-15 00:00:00+00:00,3416.054345601065
2023-01-15 04:00:00+00:00,3394.040467398083
2023-01-15 08:00:00+00:00,3399.247667735363
2023-01-15 12:00:00+00:00,3469.837092179137
2023-01-15 16:00:00+00:00,3440.4759879873463
2023-01-15 20:00:00+00:00,3437.566755224179
2023-01-16 00:00:00+00:00,3482.3205014153154
2023-01-16 04:00:00+00:00,3498.806976849606
2023-01-16 08:00:00+00:00,3411.688839162159
2023-01-16 12:00:00+00:00,3402.285789307926
2023-01-16 16:00:00+00:00,3460.876693656185
2023-01-16 20:00:00+00:00,3433.851102625068
2023-01-17 00:00:00+00:00,3419.74205017335
2023-01-17 04:00:00+00:00,3443.070747405224
2023-01-17 08:00:00+00:00,3459.24480283244
2023-01-17 12:00:00+00:00,3451.7238614166404
2023-01-17 16:00:00+00:00,3474.264273983826
2023-01-17 20:00:00+00:00,3413.4404913952
2023-01-18 00:00:00+00:00,3475.826312845844
2023-01-18 04:00:00+00:00,3472.7404391374157
2023-01-18 08:00:00+00:00,3442.0170651159638
2023-01-18 12:00:00+00:00,3363.230055123256
2023-01-18 16:00:00+00:00,3335.0145555390977
2023-01-18 20:00:00+00:00,3244.349290906995
2023-01-19 00:00:00+00:00,3282.0853139717824
2023-01-19 04:00:00+00:00,3289.195604534563
2023-01-19 08:00:00+00:00,3273.217730092841
2023-01-19 12:00:00+00:00,3291.6375559711064
2023-01-19 16:00:00+00:00,3338.575769454158
2023-01-19 20:00:00+00:00,3330.5894257402606
2023-01-20 00:00:00+00:00,3326.1039139595214
2023-01-20 04:00:00+00:00,3294.025364845005
2023-01-20 08:00:00+00:00,3296.214171676978
2023-01-20 12:00:00+00:00,3328.241637535586
2023-01-20 16:00:00+00:00,3441.904073000126
2023-01-20 20:00:00+00:00,3603.553610318016
2023-01-21 00:00:00+00:00,3571.8677239766957
2023-01-21 04:00:00+00:00,3604.170254454107
2023-01-21 08:00:00+00:00,3588.62725753642
2023-01-21 12:00:00+00:00,3584.8825399310585
2023-01-21 16:00:00+00:00,3632.279383373412
2023-01-21 20:00:00+00:00,3529.130570973402
2023-01-22 00:00:00+00:00,3547.9588591180777
2023-01-22 04:00:00+00:00,3567.073704118652
2023-01-22 08:00:00+00:00,3567.625868473732
2023-01-22 12:00:00+00:00,3599.546395907587
2023-01-22 16:00:00+00:00,3619.847369086028
2023-01-22 20:00:00+00:00,3569.1302493946782
2023-01-23 00:00:00+00:00,3608.9829047118033
2023-01-23 04:00:00+00:00,3607.534200906344
2023-01-23 08:00:00+00:00,3641.819298944432
2023-01-23 12:00:00+00:00,3595.4246929786964
2023-01-23 16:00:00+00:00,3597.9097591059617
2023-01-23 20:00:00+00:00,3617.4638204745575
2023-01-24 00:00:00+00:00,3707.3078589397305
2023-01-24 04:00:00+00:00,3682.762550697165
2023-01-24 08:00:00+00:00,3643.29165881325
2023-01-24 12:00:00+00:00,3640.720352984189
2023-01-24 16:00:00+00:00,3632.0243494361584
2023-01-24 20:00:00+00:00,3454.8806426911588
2023-01-25 00:00:00+00:00,3453.247847634068
2023-01-25 04:00:00+00:00,3489.818518197807
2023-01-25 08:00:00+00:00,3460.3458690632924
2023-01-25 12:00:00+00:00,3467.1772196245506
2023-01-25 16:00:00+00:00,3516.31573136005
2023-01-25 20:00:00+00:00,3590.1987601944534
2023-01-26 00:00:00+00:00,3596.333333867288
2023-01-26 04:00:00+00:00,3575.624702662737
2023-01-26 08:00:00+00:00,3566.8650606489914
2023-01-26 12:00:00+00:00,3562.6261734229874
2023-01-26 16:00:00+00:00,3588.005195253494
2023-01-26 20:00:00+00:00,3582.0615809036867
2023-01-27 00:00:00+00:00,3520.9611500848964
2023-01-27 04:00:00+00:00,3569.2681694984603
2023-01-27 08:00:00+00:00,3546.515615208109
2023-01-27 12:00:00+00:00,3549.0727554114155
2023-01-27 16:00:00+00:00,3633.363124986407
2023-01-27 20:00:00+00:00,3664.9900496359983
2023-01-28 00:00:00+00:00,3667.400393884268
2023-01-28 04:00:00+00:00,3673.0911731301767
2023-01-28 08:00:00+00:00,3658.514375455917
2023-01-28 12:00:00+00:00,3639.034855090255
2023-01-28 16:00:00+00:00,3640.5524020432495
2023-01-28 20:00:00+00:00,3622.0770432817817
2023-01-29 00:00:00+00:00,3649.319733482963
2023-01-29 04:00:00+00:00,3649.5822718145614
2023-01-29 08:00:00+00:00,3698.3404326269706
2023-01-29 12:00:00+00:00,3707.279477227052
2023-01-29 16:00:00+00:00,3788.426101867085
2023-01-29 20:00:00+00:00,3767.284716151335
2023-01-30 00:00:00+00:00,3730.448165752133
2023-01-30 04:00:00+00:00,3705.5312309593287
2023-01-30 08:00:00+00:00,3584.388061617715
2023-01-30 12:00:00+00:00,3619.052466261048
2023-01-30 16:00:00+00:00,3568.770817551986
2023-01-30 20:00:00+00:00,3586.937533975996
2023-01-31 00:00:00+00:00,3626.1687422917153
2023-01-31 04:00:00+00:00,3673.8701678854873
2023-01-31 08:00:00+00:00,3625.1716297629087
2023-01-31 12:00:00+00:00,3677.502365906749
2023-01-31 16:00:00+00:00,3728.07041811881
2023-01-31 20:00:00+00:00,3695.192656615724
2023-02-01 00:00:00+00:00,3659.8515336341898
2023-02-01 04:00:00+00:00,3622.0367556
2023-02-01 08:00:00+00:00,3619.331334895863
2023-02-01 12:00:00+00:00,3557.3561783690493
2023-02-01 16:00:00+00:00,3682.707194370902
2023-02-01 20:00:00+00:00,3769.7203228900776
2023-02-02 00:00:00+00:00,3828.548554222389
2023-02-02 04:00:00+00:00,3798.536546999858
2023-02-02 08:00:00+00:00,3822.9384503436618
2023-02-02 12:00:00+00:00,3819.2277820636914
2023-02-02 16:00:00+00:00,3813.567183096532
2023-02-02 20:00:00+00:00,3733.5395971789935
2023-02-03 00:00:00+00:00,3736.201369245039
2023-02-03 04:00:00+00:00,3733.471181605122
2023-02-03 08:00:00+00:00,3772.2700610347615
2023-02-03 12:00:00+00:00,3796.778642245667
2023-02-03 16:00:00+00:00,3766.037036840845
2023-02-03 20:00:00+00:00,3796.6104232664034
2023-02-04 00:00:00+00:00,3780.5525930609833
2023-02-04 04:00:00+00:00,3781.349865719783
2023-02-04 08:00:00+00:00,3793.0760563023423
2023-02-04 12:00:00+00:00,3809.054307421589
2023-02-04 16:00:00+00:00,3839.997510667255
2023-02-04 20:00:00+00:00,3797.406690529772
2023-02-05 00:00:00+00:00,3781.402140206865
2023-02-05 04:00:00+00:00,3798.807070159112
2023-02-05 08:00:00+00:00,3786.290744556176
2023-02-05 12:00:00+00:00,3697.536040015711
2023-02-05 16:00:00+00:00,3670.04979415658
2023-02-05 20:00:00+00:00,3686.349160433424
2023-02-06 00:00:00+00:00,3672.567004207166
2023-02-06 04:00:00+00:00,3694.4492084099934
2023-02-06 08:00:00+00:00,3685.104238439261
2023-02-06 12:00:00+00:00,3709.634468328197
2023-02-06 16:00:00+00:00,3699.8618629934
2023-02-06 20:00:00+00:00,3607.681758831157
2023-02-07 00:00:00+00:00,3653.543862274542
2023-02-07 04:00:00+00:00,3662.451248919944
2023-02-07 08:00:00+00:00,3684.229996382056
2023-02-07 12:00:00+00:00,3654.3164900262473
2023-02-07 16:00:00+00:00,3695.5345499989135
2023-02-07 20:00:00+00:00,3750.389257914673
2023-02-08 00:00:00+00:00,3750.177827531554
2023-02-08 04:00:00+00:00,3740.688086460029
2023-02-08 08:00:00+00:00,3737.264792637427
2023-02-08 12:00:00+00:00,3673.233700641149
2023-02-08 16:00:00+00:00,3656.868281055607
2023-02-08 20:00:00+00:00,3673.754562361624
2023-02-09 00:00:00+00:00,3559.991230084143
2023-02-09 04:00:00+00:00,3612.939519144864
2023-02-09 08:00:00+00:00,3618.990161710372
2023-02-09 12:00:00+00:00,3615.817160619619
2023-02-09 16:00:00+00:00,3473.4894656147244
2023-02-09 20:00:00+00:00,3372.6241565043933
2023-02-10 00:00:00+00:00,3385.7711177708898
2023-02-10 04:00:00+00:00,3411.7083860319112
2023-02-10 08:00:00+00:00,3376.771150727387
2023-02-10 12:00:00+00:00,3367.870213765716
2023-02-10 16:00:00+00:00,3404.996585433363
2023-02-10 20:00:00+00:00,3339.7066412925865
2023-02-11 00:00:00+00:00,3370.695770200787
2023-02-11 04:00:00+00:00,3362.488216237657
2023-02-11 08:00:00+00:00,3360.245082601282
2023-02-11 12:00:00+00:00,3379.4530747316226
2023-02-11 16:00:00+00:00,3365.2233705351955
2023-02-11 20:00:00+00:00,3399.8628876111147
2023-02-12 00:00:00+00:00,3378.3833328736564
2023-02-12 04:00:00+00:00,3382.269112169236
2023-02-12 08:00:00+00:00,3425.682929908232
2023-02-12 12:00:00+00:00,3440.7470410950045
2023-02-12 16:00:00+00:00,3477.881126780276
2023-02-12 20:00:00+00:00,3395.7809866512416
2023-02-13 00:00:00+00:00,3367.6927521258044
2023-02-13 04:00:00+00:00,3397.502166134701
2023-02-13 08:00:00+00:00,3288.334311739188
2023-02-13 12:00:00+00:00,3274.443806335247
2023-02-13 16:00:00+00:00,3295.198352581797
2023-02-13 20:00:00+00:00,3332.143722687778
2023-02-14 00:00:00+00:00,3309.380998872017
2023-02-14 04:00:00+00:00,3334.353640609453
2023-02-14 08:00:00+00:00,3341.4731447235777
2023-02-14 12:00:00+00:00,3408.0920873534724
2023-02-14 16:00:00+00:00,3433.692820012051
2023-02-14 20:00:00+00:00,3428.6911572067997
2023-02-15 00:00:00+00:00,3430.179407068966
2023-02-15 04:00:00+00:00,3435.145038269275
2023-02-15 08:00:00+00:00,3486.8970372767662
2023-02-15 12:00:00+00:00,3503.919532832717
2023-02-15 16:00:00+00:00,3584.055911644444
2023-02-15 20:00:00+00:00,3693.169208893176
2023-02-16 00:00:00+00:00,3713.511770239659
2023-02-16 04:00:00+00:00,3690.0716621034794
2023-02-16 08:00:00+00:00,3674.165969267123
2023-02-16 12:00:00+00:00,3726.335766887307
2023-02-16 16:00:00+00:00,3694.9753577101433
2023-02-16 20:00:00+00:00,3513.062294353927
2023-02-17 00:00:00+00:00,3577.199901545137
2023-02-17 04:00:00+00:00,3564.3720799685725
2023-02-17 08:00:00+00:00,3581.757796234934
2023-02-17 12:00:00+00:00,3601.3843210765776
2023-02-17 16:00:00+00:00,3669.894681071003
2023-02-17 20:00:00+00:00,3655.643319697628
2023-02-18 00:00:00+00:00,3673.0418484593047
2023-02-18 04:00:00+00:00,3661.440884741018
2023-02-18 08:00:00+00:00,3645.8801878016297
2023-02-18 12:00:00+00:00,3683.2365619423417
2023-02-18 16:00:00+00:00,3673.9880515206287
2023-02-18 20:00:00+00:00,3686.480956854058
2023-02-19 00:00:00+00:00,3676.7665419400746
2023-02-19 04:00:00+00:00,3678.958768760992
2023-02-19 08:00:00+00:00,3703.354958837283
2023-02-19 12:00:00+00:00,3769.770422125016
2023-02-19 16:00:00+00:00,3686.637688964116
2023-02-19 20:00:00+00:00,3688.899144813384
2023-02-20 00:00:00+00:00,3740.7692360673423
2023-02-20 04:00:00+00:00,3785.661249264543
2023-02-20 08:00:00+00:00,3799.589523431883
2023-02-20 12:00:00+00:00,3810.550939775565
2023-02-20 16:00:00+00:00,3794.820423741573
2023-02-20 20:00:00+00:00,3787.901021396822
2023-02-21 00:00:00+00:00,3770.269660240642
2023-02-21 04:00:00+00:00,3779.182937620308
2023-02-21 08:00:00+00:00,3688.882809744255
2023-02-21 12:00:00+00:00,3694.8421675285977
2023-02-21 16:00:00+00:00,3715.255148645816
2023-02-21 20:00:00+00:00,3687.370548173123
2023-02-22 00:00:00+00:00,3660.715162078999
2023-02-22 04:00:00+00:00,3623.461883546599
2023-02-22 08:00:00+00:00,3621.5753192327393
2023-02-22 12:00:00+00:00,3561.827560460693
2023-02-22 16:00:00+00:00,3598.165564766674
2023-02-22 20:00:00+00:00,3651.116342196528
2023-02-23 00:00:00+00:00,3681.6095701422446
2023-02-23 04:00:00+00:00,3681.698264945952
2023-02-23 08:00:00+00:00,3603.895255636128
2023-02-23 12:00:00+00:00,3623.221654484352
2023-02-23 16:00:00+00:00,3620.5832774019623
2023-02-23 20:00:00+00:00,3609.483831989808
2023-02-24 00:00:00+00:00,3608.000024393592
2023-02-24 04:00:00+00:00,3618.89395747984
2023-02-24 08:00:00+00:00,3603.885437625344
2023-02-24 12:00:00+00:00,3502.512296675482
2023-02-24 16:00:00+00:00,3480.392313304237
2023-02-24 20:00:00+00:00,3475.524761818141
2023-02-25 00:00:00+00:00,3463.2170473444367
2023-02-25 04:00:00+00:00,3473.3988495285325
2023-02-25 08:00:00+00:00,3457.966235052644
2023-02-25 12:00:00+00:00,3445.583723790557
2023-02-25 16:00:00+00:00,3409.321210042506
2023-02-25 20:00:00+00:00,3439.7784870912847
2023-02-26 00:00:00+00:00,3459.861117811557
2023-02-26 04:00:00+00:00,3460.104808838313
2023-02-26 08:00:00+00:00,3469.3742591620053
2023-02-26 12:00:00+00:00,3471.726446324192
2023-02-26 16:00:00+00:00,3518.2768324856274
2023-02-26 20:00:00+00:00,3517.02008228347
2023-02-27 00:00:00+00:00,3503.19841056995
2023-02-27 04:00:00+00:00,3475.9106393608204
2023-02-27 08:00:00+00:00,3472.9344607667213
2023-02-27 12:00:00+00:00,3494.444936545055
2023-02-27 16:00:00+00:00,3445.7530088440662
2023-02-27 20:00:00+00:00,3470.8277603463703
2023-02-28 00:00:00+00:00,3474.227874446556
2023-02-28 04:00:00+00:00,3425.753863702896
2023-02-28 08:00:00+00:00,3444.8439103779447
2023-02-28 12:00:00+00:00,3470.0530278241617
2023-02-28 16:00:00+00:00,3433.114641316681
2023-02-28 20:00:00+00:00,3403.6586454886883
2023-03-01 00:00:00+00:00,3456.8617104592167
2023-03-01 04:00:00+00:00,3481.330289138011
2023-03-01 08:00:00+00:00,3486.964804368858
2023-03-01 12:00:00+00:00,3483.0483506779306
2023-03-01 16:00:00+00:00,3436.328083724285
2023-03-01 20:00:00+00:00,3481.5695719101104
2023-03-02 00:00:00+00:00,3433.7466582673096
2023-03-02 04:00:00+00:00,3424.9358099982765
2023-03-02 08:00:00+00:00,3423.6678486580977
2023-03-02 12:00:00+00:00,3400.7411977317474
2023-03-02 16:00:00+00:00,3431.814871212758
2023-03-02 20:00:00+00:00,3423.83608892113
2023-03-03 00:00:00+00:00,3241.467030363564
2023-03-03 04:00:00+00:00,3263.6071861034006
2023-03-03 08:00:00+00:00,3269.2047767110025
2023-03-03 12:00:00+00:00,3272.6180119919118
2023-03-03 16:00:00+00:00,3286.824818267652
2023-03-03 20:00:00+00:00,3302.07902872035
2023-03-04 00:00:00+00:00,3295.444988326101
2023-03-04 04:00:00+00:00,3288.949094194496
2023-03-04 08:00:00+00:00,3291.089528629064
2023-03-04 12:00:00+00:00,3269.6972054446965
2023-03-04 16:00:00+00:00,3239.8034846662404
2023-03-04 20:00:00+00:00,3249.808059742372
2023-03-05 00:00:00+00:00,3276.02574330478
2023-03-05 04:00:00+00:00,3272.9041548871787
2023-03-05 08:00:00+00:00,3270.342607397581
2023-03-05 12:00:00+00:00,3272.8211638592998
2023-03-05 16:00:00+00:00,3259.7318796805816
2023-03-05 20:00:00+00:00,3245.9157630303107
2023-03-06 00:00:00+00:00,3229.524289206158
2023-03-06 04:00:00+00:00,3217.131792561457
2023-03-06 08:00:00+00:00,3211.1765747580616
2023-03-06 12:00:00+00:00,3259.829565558841
2023-03-06 16:00:00+00:00,3242.338617495508
2023-03-06 20:00:00+00:00,3240.02444368332
2023-03-07 00:00:00+00:00,3256.7474335964444
2023-03-07 04:00:00+00:00,3243.3554930422483
2023-03-07 08:00:00+00:00,3210.68761042589
2023-03-07 12:00:00+00:00,3222.3256471364853
2023-03-07 16:00:00+00:00,3203.614683686786
2023-03-07 20:00:00+00:00,3225.945120056357
2023-03-08 00:00:00+00:00,3212.9875942156664
2023-03-08 04:00:00+00:00,3160.705184454192
2023-03-08 08:00:00+00:00,3191.1715928780222
2023-03-08 12:00:00+00:00,3202.965838730339
2023-03-08 16:00:00+00:00,3157.691928750988
2023-03-08 20:00:00+00:00,3111.7066530921475
2023-03-09 00:00:00+00:00,3137.0265198060856
2023-03-09 04:00:00+00:00,3127.1730830415563
2023-03-09 08:00:00+00:00,3136.9022889564267
2023-03-09 12:00:00+00:00,3132.8870258581223
2023-03-09 16:00:00+00:00,3016.3116629002134
2023-03-09 20:00:00+00:00,2941.338658546781
2023-03-10 00:00:00+00:00,2927.7980378760767
2023-03-10 04:00:00+00:00,2911.7815532026234
2023-03-10 08:00:00+00:00,2859.1331211620923
2023-03-10 12:00:00+00:00,2936.63192629946
2023-03-10 16:00:00+00:00,2951.658646620461
2023-03-10 20:00:00+00:00,2967.4483618749887
2023-03-11 00:00:00+00:00,2987.108750070382
2023-03-11 04:00:00+00:00,2882.177014607355
2023-03-11 08:00:00+00:00,2906.443184300369
2023-03-11 12:00:00+00:00,2881.49696703175
2023-03-11 16:00:00+00:00,2930.2814589584186
2023-03-11 20:00:00+00:00,2964.3533890745666
2023-03-12 00:00:00+00:00,2956.377006305594
2023-03-12 04:00:00+00:00,2943.7307135420147
2023-03-12 08:00:00+00:00,2960.2515698375
2023-03-12 12:00:00+00:00,2927.436063256597
2023-03-12 16:00:00+00:00,3002.0538627438145
2023-03-12 20:00:00+00:00,3180.597142141811
2023-03-13 00:00:00+00:00,3155.8967296370924
2023-03-13 04:00:00+00:00,3205.865813133726
2023-03-13 08:00:00+00:00,3135.1405242070005
2023-03-13 12:00:00+00:00,3304.1786893437584
2023-03-13 16:00:00+00:00,3299.954514996218
2023-03-13 20:00:00+00:00,3300.2342272179967
2023-03-14 00:00:00+00:00,3299.2888874492983
2023-03-14 04:00:00+00:00,3264.349201127684
2023-03-14 08:00:00+00:00,3282.677431761346
2023-03-14 12:00:00+00:00,3490.2258654884763
2023-03-14 16:00:00+00:00,3388.836825591302
2023-03-14 20:00:00+00:00,3359.2887683654485
2023-03-15 00:00:00+00:00,3380.888591284788
2023-03-15 04:00:00+00:00,3393.969365163846
2023-03-15 08:00:00+00:00,3321.197284296169
2023-03-15 12:00:00+00:00,3199.040846717499
2023-03-15 16:00:00+00:00,3185.029747701384
2023-03-15 20:00:00+00:00,3191.502249161005
2023-03-16 00:00:00+00:00,3204.9007771452107
2023-03-16 04:00:00+00:00,3246.9000361829853
2023-03-16 08:00:00+00:00,3248.818713933087
2023-03-16 12:00:00+00:00,3265.7994454417667
2023-03-16 16:00:00+00:00,3287.740113223765
2023-03-16 20:00:00+00:00,3293.4338249263164
2023-03-17 00:00:00+00:00,3347.4067745136435
2023-03-17 04:00:00+00:00,3364.6063622133397
2023-03-17 08:00:00+00:00,3446.534781386625
2023-03-17 12:00:00+00:00,3369.126032823812
2023-03-17 16:00:00+00:00,3423.9141786284536
2023-03-17 20:00:00+00:00,3517.920658583997
2023-03-18 00:00:00+00:00,3581.9764872818187
2023-03-18 04:00:00+00:00,3565.6986048041435
2023-03-18 08:00:00+00:00,3574.346354360315
2023-03-18 12:00:00+00:00,3482.289879805293
2023-03-18 16:00:00+00:00,3488.2651884492616
2023-03-18 20:00:00+00:00,3420.066168724244
2023-03-19 00:00:00+00:00,3482.8988261152595
2023-03-19 04:00:00+00:00,3465.3212800101987
2023-03-19 08:00:00+00:00,3498.990553929927
2023-03-19 12:00:00+00:00,3524.4824816673863
2023-03-19 16:00:00+00:00,3558.3628335340227
2023-03-19 20:00:00+00:00,3501.77794363535
2023-03-20 00:00:00+00:00,3451.116932506709
2023-03-20 04:00:00+00:00,3538.221340337801
2023-03-20 08:00:00+00:00,3529.826790240716
2023-03-20 12:00:00+00:00,3509.1627129718827
2023-03-20 16:00:00+00:00,3436.2293250779844
2023-03-20 20:00:00+00:00,3420.6569329515823
2023-03-21 00:00:00+00:00,3454.109634747624
2023-03-21 04:00:00+00:00,3408.436769769759
2023-03-21 08:00:00+00:00,3475.74410921945
2023-03-21 12:00:00+00:00,3570.4376123322013
2023-03-21 16:00:00+00:00,3622.146733530225
2023-03-21 20:00:00+00:00,3628.177757207493
2023-03-22 00:00:00+00:00,3610.502516008575
2023-03-22 04:00:00+00:00,3605.742413803998
2023-03-22 08:00:00+00:00,3563.8346750707983
2023-03-22 12:00:00+00:00,3611.074296042599
2023-03-22 16:00:00+00:00,3397.031801492167
2023-03-22 20:00:00+00:00,3460.432116105537
2023-03-23 00:00:00+00:00,3450.804267126693
2023-03-23 04:00:00+00:00,3530.522749608569
2023-03-23 08:00:00+00:00,3563.7030146343186
2023-03-23 12:00:00+00:00,3636.899271096486
2023-03-23 16:00:00+00:00,3602.5510710147387
2023-03-23 20:00:00+00:00,3604.6129187619135
2023-03-24 00:00:00+00:00,3575.0726480395097
2023-03-24 04:00:00+00:00,3569.8586436622163
2023-03-24 08:00:00+00:00,3474.876052834476
2023-03-24 12:00:00+00:00,3490.693354197036
2023-03-24 16:00:00+00:00,3484.8584755055304
2023-03-24 20:00:00+00:00,3461.550875616071
2023-03-25 00:00:00+00:00,3484.9963674926043
2023-03-25 04:00:00+00:00,3479.277190022676
2023-03-25 08:00:00+00:00,3480.198471075899
2023-03-25 12:00:00+00:00,3504.242726954892
2023-03-25 16:00:00+00:00,3418.0251063306614
2023-03-25 20:00:00+00:00,3455.617686277731
2023-03-26 00:00:00+00:00,3480.4791554238072
2023-03-26 04:00:00+00:00,3493.112096044464
2023-03-26 08:00:00+00:00,3519.4636785493017
2023-03-26 12:00:00+00:00,3494.876067859186
2023-03-26 16:00:00+00:00,3501.535926666324
2023-03-26 20:00:00+00:00,3510.2938760772618
2023-03-27 00:00:00+00:00,3491.656692657533
2023-03-27 04:00:00+00:00,3476.070685618681
2023-03-27 08:00:00+00:00,3514.448937160305
2023-03-27 12:00:00+00:00,3399.1903668897503
2023-03-27 16:00:00+00:00,3381.70867365414
2023-03-27 20:00:00+00:00,3420.6844977351584
2023-03-28 00:00:00+00:00,3395.4924465981503
2023-03-28 04:00:00+00:00,3420.779305114506
2023-03-28 08:00:00+00:00,3455.5519665582437
2023-03-28 12:00:00+00:00,3461.859535898101
2023-03-28 16:00:00+00:00,3531.33919341526
2023-03-28 20:00:00+00:00,3513.622196027536
2023-03-29 00:00:00+00:00,3547.254571029101
2023-03-29 04:00:00+00:00,3634.3587679528655
2023-03-29 08:00:00+00:00,3657.2551572675343
2023-03-29 12:00:00+00:00,3627.423639417853
2023-03-29 16:00:00+00:00,3637.666457052273
2023-03-29 20:00:00+00:00,3610.7716489428713
2023-03-30 00:00:00+00:00,3593.8583673644644
2023-03-30 04:00:00+00:00,3611.0317842183695
2023-03-30 08:00:00+00:00,3614.555906759648
2023-03-30 12:00:00+00:00,3577.008575998482
2023-03-30 16:00:00+00:00,3571.3996325910102
2023-03-30 20:00:00+00:00,3569.452450366908
2023-03-31 00:00:00+00:00,3585.518429814593
2023-03-31 04:00:00+00:00,3568.494850242833
2023-03-31 08:00:00+00:00,3575.3605869923367
2023-03-31 12:00:00+00:00,3630.438077647741
2023-03-31 16:00:00+00:00,3647.513229771003
2023-03-31 20:00:00+00:00,3654.807296816619
2023-04-01 00:00:00+00:00,3653.21132032788
2023-04-01 04:00:00+00:00,3617.742047744774
2023-04-01 08:00:00+00:00,3613.205929124619
2023-04-01 12:00:00+00:00,3613.505386894814
2023-04-01 16:00:00+00:00,3657.629890280664
2023-04-01 20:00:00+00:00,3667.7945459770913
2023-04-02 00:00:00+00:00,3687.933042479594
2023-04-02 04:00:00+00:00,3692.51236449059
2023-04-02 08:00:00+00:00,3664.036559477032
2023-04-02 12:00:00+00:00,3609.342968884986
2023-04-02 16:00:00+00:00,3587.0215379460005
2023-04-02 20:00:00+00:00,3603.2424345018985
2023-04-03 00:00:00+00:00,3545.1541849956816
2023-04-03 04:00:00+00:00,3582.1445216924726
2023-04-03 08:00:00+00:00,3598.8450025894813
2023-04-03 12:00:00+00:00,3567.5607030745928
2023-04-03 16:00:00+00:00,3782.319526587832
2023-04-03 20:00:00+00:00,3733.649896654405
2023-04-04 00:00:00+00:00,3741.3923738167073
2023-04-04 04:00:00+00:00,3764.248561299957
2023-04-04 08:00:00+00:00,3823.287008033651
2023-04-04 12:00:00+00:00,3777.697272357792
2023-04-04 16:00:00+00:00,3798.016633103984
2023-04-04 20:00:00+00:00,3779.260605642829
2023-04-05 00:00:00+00:00,3852.100837994254
2023-04-05 04:00:00+00:00,3855.4158336236446
2023-04-05 08:00:00+00:00,3862.099547018166
2023-04-05 12:00:00+00:00,3789.955789425338
2023-04-05 16:00:00+00:00,3785.728104029956
2023-04-05 20:00:00+00:00,3781.0319374440064
2023-04-06 00:00:00+00:00,3766.94564537064
2023-04-06 04:00:00+00:00,3726.061345686624
2023-04-06 08:00:00+00:00,3713.3544877139407
2023-04-06 12:00:00+00:00,3740.841331644714
2023-04-06 16:00:00+00:00,3741.340144790407
2023-04-06 20:00:00+00:00,3680.6125063431696
2023-04-07 00:00:00+00:00,3672.8214603024303
2023-04-07 04:00:00+00:00,3632.862079067972
2023-04-07 08:00:00+00:00,3621.0512656128194
2023-04-07 12:00:00+00:00,3643.7339880595305
2023-04-07 16:00:00+00:00,3637.641909847016
2023-04-07 20:00:00+00:00,3642.037002237636
2023-04-08 00:00:00+00:00,3657.120651348616
2023-04-08 04:00:00+00:00,3662.329792803021
2023-04-08 08:00:00+00:00,3658.0911440257023
2023-04-08 12:00:00+00:00,3654.564615870687
2023-04-08 16:00:00+00:00,3613.972632651829
2023-04-08 20:00:00+00:00,3608.414247353155
2023-04-09 00:00:00+00:00,3622.90602114596
2023-04-09 04:00:00+00:00,3600.3626045981705
2023-04-09 08:00:00+00:00,3612.2163064928072
2023-04-09 12:00:00+00:00,3621.150215809808
2023-04-09 16:00:00+00:00,3644.412701401974
2023-04-09 20:00:00+00:00,3647.3236683560417
2023-04-10 00:00:00+00:00,3642.6551954208335
2023-04-10 04:00:00+00:00,3642.445894104537
2023-04-10 08:00:00+00:00,3642.362779592601
2023-04-10 12:00:00+00:00,3643.6665747783513
2023-04-10 16:00:00+00:00,3694.7439947782977
2023-04-10 20:00:00+00:00,3736.5438893924993
2023-04-11 00:00:00+00:00,3769.777191444789
2023-04-11 04:00:00+00:00,3832.221655062799
2023-04-11 08:00:00+00:00,3817.869427479121
2023-04-11 12:00:00+00:00,3840.891212954223
2023-04-11 16:00:00+00:00,3814.699040375208
2023-04-11 20:00:00+00:00,3796.42904066792
2023-04-12 00:00:00+00:00,3718.479841884957
2023-04-12 04:00:00+00:00,3768.55246600704
2023-04-12 08:00:00+00:00,3755.4789920234257
2023-04-12 12:00:00+00:00,3780.626948108675
2023-04-12 16:00:00+00:00,3780.289965829696
2023-04-12 20:00:00+00:00,3803.499025608123
2023-04-13 00:00:00+00:00,3812.4646835968338
2023-04-13 04:00:00+00:00,3814.8757411294982
2023-04-13 08:00:00+00:00,3888.0045458085615
2023-04-13 12:00:00+00:00,3915.088099587563
2023-04-13 16:00:00+00:00,3929.081330773067
2023-04-13 20:00:00+00:00,3924.429368673037
2023-04-14 00:00:00+00:00,4033.439064674706
2023-04-14 04:00:00+00:00,4028.4003847851886
2023-04-14 08:00:00+00:00,4050.218147022404
2023-04-14 12:00:00+00:00,3907.190874860671
2023-04-14 16:00:00+00:00,3988.559162614592
2023-04-14 20:00:00+00:00,4002.5873022977767
2023-04-15 00:00:00+00:00,3977.932525443324
2023-04-15 04:00:00+00:00,4002.747920610413
2023-04-15 08:00:00+00:00,4025.4481815686568
2023-04-15 12:00:00+00:00,4012.352357800428
2023-04-15 16:00:00+00:00,3996.991695978135
2023-04-15 20:00:00+00:00,3998.0803239356496
2023-04-16 00:00:00+00:00,4001.603351520702
2023-04-16 04:00:00+00:00,4024.44132211947
2023-04-16 08:00:00+00:00,3990.4349596618345
2023-04-16 12:00:00+00:00,4030.5913311393615
2023-04-16 16:00:00+00:00,4059.536905016107
2023-04-16 20:00:00+00:00,4098.612184031182
2023-04-17 00:00:00+00:00,4093.230036947971
2023-04-17 04:00:00+00:00,4095.419650904473
2023-04-17 08:00:00+00:00,4076.13113847686
2023-04-17 12:00:00+00:00,4026.5753017175566
2023-04-17 16:00:00+00:00,4063.848721828922
2023-04-17 20:00:00+00:00,4045.659597065978
2023-04-18 00:00:00+00:00,4047.3837832338713
2023-04-18 04:00:00+00:00,4119.478724508531
2023-04-18 08:00:00+00:00,4157.3551827493
2023-04-18 12:00:00+00:00,4126.89103594218
2023-04-18 16:00:00+00:00,4101.631836859195
2023-04-18 20:00:00+00:00,4142.257090651104
2023-04-19 00:00:00+00:00,4110.409899757919
2023-04-19 04:00:00+00:00,4072.121126894992
2023-04-19 08:00:00+00:00,3894.444267241101
2023-04-19 12:00:00+00:00,3921.1188625340255
2023-04-19 16:00:00+00:00,3881.905092333329
2023-04-19 20:00:00+00:00,3826.295649216056
2023-04-20 00:00:00+00:00,3862.600994124094
2023-04-20 04:00:00+00:00,3871.818182982247
2023-04-20 08:00:00+00:00,3838.729407516191
2023-04-20 12:00:00+00:00,3784.999930198469
2023-04-20 16:00:00+00:00,3705.696631528452
2023-04-20 20:00:00+00:00,3728.635040725718
2023-04-21 00:00:00+00:00,3744.776992807642
2023-04-21 04:00:00+00:00,3749.196837626736
2023-04-21 08:00:00+00:00,3708.862175668293
2023-04-21 12:00:00+00:00,3693.653694364254
2023-04-21 16:00:00+00:00,3553.1622175438124
2023-04-21 20:00:00+00:00,3561.1701934781768
2023-04-22 00:00:00+00:00,3582.3833168982915
2023-04-22 04:00:00+00:00,3571.029375426012
2023-04-22 08:00:00+00:00,3591.006113362879
2023-04-22 12:00:00+00:00,3638.383560901024
2023-04-22 16:00:00+00:00,3641.6127204850895
2023-04-22 20:00:00+00:00,3654.724118423757
2023-04-23 00:00:00+00:00,3635.3139513801934
2023-04-23 04:00:00+00:00,3657.8716964494097
2023-04-23 08:00:00+00:00,3654.935085122256
2023-04-23 12:00:00+00:00,3605.1437646064414
2023-04-23 16:00:00+00:00,3569.615173540342
2023-04-23 20:00:00+00:00,3606.91023252428
2023-04-24 00:00:00+00:00,3635.278592724195
2023-04-24 04:00:00+00:00,3589.0029448471846
2023-04-24 08:00:00+00:00,3625.152910844912
2023-04-24 12:00:00+00:00,3582.5754315605805
2023-04-24 16:00:00+00:00,3586.435923873404
2023-04-24 20:00:00+00:00,3594.482332606793
2023-04-25 00:00:00+00:00,3565.5785845706064
2023-04-25 04:00:00+00:00,3558.263346748648
2023-04-25 08:00:00+00:00,3575.3260792999185
2023-04-25 12:00:00+00:00,3559.730573622766
2023-04-25 16:00:00+00:00,3596.0937791341757
2023-04-25 20:00:00+00:00,3673.0431221951594
2023-04-26 00:00:00+00:00,3663.392467367176
2023-04-26 04:00:00+00:00,3667.674370182424
2023-04-26 08:00:00+00:00,3735.523069555964
2023-04-26 12:00:00+00:00,3789.689466774672
2023-04-26 16:00:00+00:00,3548.6146946945364
2023-04-26 20:00:00+00:00,3613.84649397873
2023-04-27 00:00:00+00:00,3656.298861695479
2023-04-27 04:00:00+00:00,3652.398194583079
2023-04-27 08:00:00+00:00,3645.456423069624
2023-04-27 12:00:00+00:00,3686.553767035658
2023-04-27 16:00:00+00:00,3716.933940641557
2023-04-27 20:00:00+00:00,3697.96784207684
2023-04-28 00:00:00+00:00,3685.758077113008
2023-04-28 04:00:00+00:00,3712.462117015024
2023-04-28 08:00:00+00:00,3674.314222314961
2023-04-28 12:00:00+00:00,3663.310861140795
2023-04-28 16:00:00+00:00,3704.3678615714666
2023-04-28 20:00:00+00:00,3712.65953620626
2023-04-29 00:00:00+00:00,3719.5614560608
2023-04-29 04:00:00+00:00,3716.205713797725
2023-04-29 08:00:00+00:00,3720.644021197149
2023-04-29 12:00:00+00:00,3723.553646068152
2023-04-29 16:00:00+00:00,3728.2263933271993
2023-04-29 20:00:00+00:00,3720.687609106116
2023-04-30 00:00:00+00:00,3700.4088639685583
2023-04-30 04:00:00+00:00,3716.864304211385
2023-04-30 08:00:00+00:00,3714.066942450109
2023-04-30 12:00:00+00:00,3746.72708660928
2023-04-30 16:00:00+00:00,3722.356677720583
2023-04-30 20:00:00+00:00,3684.030472970189
2023-05-01 00:00:00+00:00,3633.812031798436
2023-05-01 04:00:00+00:00,3642.065968461577
2023-05-01 08:00:00+00:00,3636.001612814503
2023-05-01 12:00:00+00:00,3600.819323175708
2023-05-01 16:00:00+00:00,3568.939366920498
2023-05-01 20:00:00+00:00,3601.438628040279
2023-05-02 00:00:00+00:00,3590.82187542151
2023-05-02 04:00:00+00:00,3591.7413748401354
2023-05-02 08:00:00+00:00,3588.304818197428
2023-05-02 12:00:00+00:00,3614.972491338644
2023-05-02 16:00:00+00:00,3626.3168169878672
2023-05-02 20:00:00+00:00,3620.386235593561
2023-05-03 00:00:00+00:00,3600.1054972254688
2023-05-03 04:00:00+00:00,3592.5848058071992
2023-05-03 08:00:00+00:00,3566.775570766464
2023-05-03 12:00:00+00:00,3558.190496876981
2023-05-03 16:00:00+00:00,3577.186569260185
2023-05-03 20:00:00+00:00,3657.0684016803552
2023-05-04 00:00:00+00:00,3654.59121093327
2023-05-04 04:00:00+00:00,3642.175715281384
2023-05-04 08:00:00+00:00,3645.1076979057793
2023-05-04 12:00:00+00:00,3606.5836909732807
2023-05-04 16:00:00+00:00,3607.225697487042
2023-05-04 20:00:00+00:00,3606.2438391602486
2023-05-05 00:00:00+00:00,3630.039061435375
2023-05-05 04:00:00+00:00,3622.692242587909
2023-05-05 08:00:00+00:00,3635.5831691283374
2023-05-05 12:00:00+00:00,3663.377312215967
2023-05-05 16:00:00+00:00,3710.889651399129
2023-05-05 20:00:00+00:00,3713.839270506711
2023-05-06 00:00:00+00:00,3682.395104756598
2023-05-06 04:00:00+00:00,3666.062954962887
2023-05-06 08:00:00+00:00,3652.368933264881
2023-05-06 12:00:00+00:00,3560.098053243233
2023-05-06 16:00:00+00:00,3592.3206120197983
2023-05-06 20:00:00+00:00,3583.902521948132
2023-05-07 00:00:00+00:00,3578.8555588634604
2023-05-07 04:00:00+00:00,3597.7966985115445
2023-05-07 08:00:00+00:00,3594.2972609727726
2023-05-07 12:00:00+00:00,3615.746448591732
2023-05-07 16:00:00+00:00,3606.5625983856776
2023-05-07 20:00:00+00:00,3551.8261142337224
2023-05-08 00:00:00+00:00,3499.2573166580564
2023-05-08 04:00:00+00:00,3468.1991375645766
2023-05-08 08:00:00+00:00,3486.8471523686594
2023-05-08 12:00:00+00:00,3475.367535148502
2023-05-08 16:00:00+00:00,3378.0655216685213
2023-05-08 20:00:00+00:00,3412.608994768735
2023-05-09 00:00:00+00:00,3408.215432665212
2023-05-09 04:00:00+00:00,3420.4906022631985
2023-05-09 08:00:00+00:00,3419.944484263904
2023-05-09 12:00:00+00:00,3392.998339943717
2023-05-09 16:00:00+00:00,3412.186073802225
2023-05-09 20:00:00+00:00,3412.88506109403
2023-05-10 00:00:00+00:00,3414.995320010375
2023-05-10 04:00:00+00:00,3400.041110367336
2023-05-10 08:00:00+00:00,3408.511569825877
2023-05-10 12:00:00+00:00,3459.663765184712
2023-05-10 16:00:00+00:00,3437.997592951744
2023-05-10 20:00:00+00:00,3432.1669594809887
2023-05-11 00:00:00+00:00,3399.823400254225
2023-05-11 04:00:00+00:00,3396.3047442597986
2023-05-11 08:00:00+00:00,3383.742157033606
2023-05-11 12:00:00+00:00,3342.715505189816
2023-05-11 16:00:00+00:00,3311.803450868699
2023-05-11 20:00:00+00:00,3344.9867650423903
2023-05-12 00:00:00+00:00,3301.4037074010284
2023-05-12 04:00:00+00:00,3308.716479400741
2023-05-12 08:00:00+00:00,3337.739405653488
2023-05-12 12:00:00+00:00,3324.071823423741
2023-05-12 16:00:00+00:00,3345.040154222976
2023-05-12 20:00:00+00:00,3393.776398185696
2023-05-13 00:00:00+00:00,3393.130410819364
2023-05-13 04:00:00+00:00,3394.970815114253
2023-05-13 08:00:00+00:00,3388.769902996197
2023-05-13 12:00:00+00:00,3372.271255924539
2023-05-13 16:00:00+00:00,3373.59131420519
2023-05-13 20:00:00+00:00,3371.630070174315
2023-05-14 00:00:00+00:00,3384.491690092457
2023-05-14 04:00:00+00:00,3392.4609920140183
2023-05-14 08:00:00+00:00,3386.3205561233663
2023-05-14 12:00:00+00:00,3415.5586434327524
2023-05-14 16:00:00+00:00,3375.862794099761
2023-05-14 20:00:00+00:00,3387.091444843665
2023-05-15 00:00:00+00:00,3420.827314188152
2023-05-15 04:00:00+00:00,3436.43109084027
2023-05-15 08:00:00+00:00,3421.5835395541503
2023-05-15 12:00:00+00:00,3429.072666956655
2023-05-15 16:00:00+00:00,3419.2200306857885
2023-05-15 20:00:00+00:00,3398.98265388119
2023-05-16 00:00:00+00:00,3385.5998696462457
2023-05-16 04:00:00+00:00,3404.807616683097
2023-05-16 08:00:00+00:00,3384.3015299320173
2023-05-16 12:00:00+00:00,3383.020944225313
2023-05-16 16:00:00+00:00,3367.8360621344336
2023-05-16 20:00:00+00:00,3407.9541979373325
2023-05-17 00:00:00+00:00,3440.072917874198
2023-05-17 04:00:00+00:00,3397.269245385992
2023-05-17 08:00:00+00:00,3381.0564082276737
2023-05-17 12:00:00+00:00,3390.275621089353
2023-05-17 16:00:00+00:00,3463.8067605962183
2023-05-17 20:00:00+00:00,3460.9213511004227
2023-05-18 00:00:00+00:00,3459.55543644957
2023-05-18 04:00:00+00:00,3448.078680606537
2023-05-18 08:00:00+00:00,3466.0614495196783
2023-05-18 12:00:00+00:00,3426.2047989307475
2023-05-18 16:00:00+00:00,3386.0164820404657
2023-05-18 20:00:00+00:00,3404.9747975502955
2023-05-19 00:00:00+00:00,3410.194277223082
2023-05-19 04:00:00+00:00,3411.708248278064
2023-05-19 08:00:00+00:00,3410.3876018337405
2023-05-19 12:00:00+00:00,3418.532723299227
2023-05-19 16:00:00+00:00,3411.9631431461
2023-05-19 20:00:00+00:00,3414.178044571234
2023-05-20 00:00:00+00:00,3406.112012781553
2023-05-20 04:00:00+00:00,3399.9757848108875
2023-05-20 08:00:00+00:00,3406.0757602969893
2023-05-20 12:00:00+00:00,3413.6237607893318
2023-05-20 16:00:00+00:00,3421.3385921057
2023-05-20 20:00:00+00:00,3419.9387110944426
2023-05-21 00:00:00+00:00,3418.6704936869005
2023-05-21 04:00:00+00:00,3420.594157713652
2023-05-21 08:00:00+00:00,3396.5011306407623
2023-05-21 12:00:00+00:00,3372.554370531747
2023-05-21 16:00:00+00:00,3375.00097972788
2023-05-21 20:00:00+00:00,3354.2222057965537
2023-05-22 00:00:00+00:00,3341.8008161934704
2023-05-22 04:00:00+00:00,3362.578950272916
2023-05-22 08:00:00+00:00,3392.614563015484
2023-05-22 12:00:00+00:00,3380.841179707992
2023-05-22 16:00:00+00:00,3389.456068076114
2023-05-22 20:00:00+00:00,3383.6163777575366
2023-05-23 00:00:00+00:00,3444.114113565398
2023-05-23 04:00:00+00:00,3421.465601922668
2023-05-23 08:00:00+00:00,3420.5745164741124
2023-05-23 12:00:00+00:00,3423.4973711181283
2023-05-23 16:00:00+00:00,3415.727373912868
2023-05-23 20:00:00+00:00,3421.947816438702
2023-05-24 00:00:00+00:00,3357.4970977928097
2023-05-24 04:00:00+00:00,3344.770568768179
2023-05-24 08:00:00+00:00,3346.6794168974056
2023-05-24 12:00:00+00:00,3308.735140172192
2023-05-24 16:00:00+00:00,3312.989071853722
2023-05-24 20:00:00+00:00,3317.0268824218965
2023-05-25 00:00:00+00:00,3305.8325232744164
2023-05-25 04:00:00+00:00,3299.4745431240085
2023-05-25 08:00:00+00:00,3314.97626878449
2023-05-25 12:00:00+00:00,3294.845995552056
2023-05-25 16:00:00+00:00,3319.136844389868
2023-05-25 20:00:00+00:00,3317.7531171432943
2023-05-26 00:00:00+00:00,3324.105367658418
2023-05-26 04:00:00+00:00,3330.6695886785774
2023-05-26 08:00:00+00:00,3334.7722438991154
2023-05-26 12:00:00+00:00,3351.939181502249
2023-05-26 16:00:00+00:00,3358.938486626055
2023-05-26 20:00:00+00:00,3352.4439190217754
2023-05-27 00:00:00+00:00,3370.966812014545
2023-05-27 04:00:00+00:00,3369.3853743809664
2023-05-27 08:00:00+00:00,3359.6606023289137
2023-05-27 12:00:00+00:00,3363.2498740681813
2023-05-27 16:00:00+00:00,3371.018991781478
2023-05-27 20:00:00+00:00,3409.220055723847
2023-05-28 00:00:00+00:00,3433.229442870838
2023-05-28 04:00:00+00:00,3429.9910391590865
2023-05-28 08:00:00+00:00,3421.964405083467
2023-05-28 12:00:00+00:00,3425.5540107170887
2023-05-28 16:00:00+00:00,3447.416346709162
2023-05-28 20:00:00+00:00,3497.9843219346108
2023-05-29 00:00:00+00:00,3484.627486506682
2023-05-29 04:00:00+00:00,3482.933945687074
2023-05-29 08:00:00+00:00,3486.607692472649
2023-05-29 12:00:00+00:00,3459.0167864055456
2023-05-29 16:00:00+00:00,3465.604951181823
2023-05-29 20:00:00+00:00,3478.395994899691
2023-05-30 00:00:00+00:00,3493.978568482751
2023-05-30 04:00:00+00:00,3482.55889625357
2023-05-30 08:00:00+00:00,3522.497300321216
2023-05-30 12:00:00+00:00,3489.835444454671
2023-05-30 16:00:00+00:00,3520.787508313654
2023-05-30 20:00:00+00:00,3510.178148255702
2023-05-31 00:00:00+00:00,3509.7191877473533
2023-05-31 04:00:00+00:00,3449.270157637361
2023-05-31 08:00:00+00:00,3442.38822405256
2023-05-31 12:00:00+00:00,3423.4413637030016
2023-05-31 16:00:00+00:00,3444.944739743911
2023-05-31 20:00:00+00:00,3459.726342112961
2023-06-01 00:00:00+00:00,3427.3510008108656
2023-06-01 04:00:00+00:00,3420.40487459974
2023-06-01 08:00:00+00:00,3433.3401862284904
2023-06-01 12:00:00+00:00,3433.929158271735
2023-06-01 16:00:00+00:00,3437.8467776836374
2023-06-01 20:00:00+00:00,3422.329573919965
2023-06-02 00:00:00+00:00,3460.3092725365327
2023-06-02 04:00:00+00:00,3470.670849863
2023-06-02 08:00:00+00:00,3484.2878746518163
2023-06-02 12:00:00+00:00,3483.733973573724
2023-06-02 16:00:00+00:00,3512.1972202206334
2023-06-02 20:00:00+00:00,3503.2871282915394
2023-06-03 00:00:00+00:00,3491.7609321870805
2023-06-03 04:00:00+00:00,3497.979373078948
2023-06-03 08:00:00+00:00,3496.01680413671
2023-06-03 12:00:00+00:00,3504.965061650337
2023-06-03 16:00:00+00:00,3480.7506306349296
2023-06-03 20:00:00+00:00,3492.5406958818967
2023-06-04 00:00:00+00:00,3497.672974715077
2023-06-04 04:00:00+00:00,3519.338854783422
2023-06-04 08:00:00+00:00,3522.537589996496
2023-06-04 12:00:00+00:00,3539.679004375701
2023-06-04 16:00:00+00:00,3549.6760914602887
2023-06-04 20:00:00+00:00,3522.9848151180254
2023-06-05 00:00:00+00:00,3483.345609631292
2023-06-05 04:00:00+00:00,3495.6207226290094
2023-06-05 08:00:00+00:00,3492.3299953076576
2023-06-05 12:00:00+00:00,3297.5186979556083
2023-06-05 16:00:00+00:00,3276.507087797534
2023-06-05 20:00:00+00:00,3280.144891766992
2023-06-06 00:00:00+00:00,3280.659318936772
2023-06-06 04:00:00+00:00,3286.632561006933
2023-06-06 08:00:00+00:00,3287.2979880000894
2023-06-06 12:00:00+00:00,3320.858132838957
2023-06-06 16:00:00+00:00,3422.6602581823204
2023-06-06 20:00:00+00:00,3402.2454957313284
2023-06-07 00:00:00+00:00,3373.7625158565243
2023-06-07 04:00:00+00:00,3359.690856024025
2023-06-07 08:00:00+00:00,3344.752809223146
2023-06-07 12:00:00+00:00,3250.94227196542
2023-06-07 16:00:00+00:00,3254.180344697307
2023-06-07 20:00:00+00:00,3230.079912568142
2023-06-08 00:00:00+00:00,3223.6031850080967
2023-06-08 04:00:00+00:00,3244.2604740817883
2023-06-08 08:00:00+00:00,3255.376070166201
2023-06-08 12:00:00+00:00,3274.444739624734
2023-06-08 16:00:00+00:00,3263.6397596045817
2023-06-08 20:00:00+00:00,3256.763575847485
2023-06-09 00:00:00+00:00,3245.477277747521
2023-06-09 04:00:00+00:00,3231.564949788552
2023-06-09 08:00:00+00:00,3268.5122443989894
2023-06-09 12:00:00+00:00,3261.065399667767
2023-06-09 16:00:00+00:00,3206.131426391012
2023-06-09 20:00:00+00:00,3226.3958836558
2023-06-10 00:00:00+00:00,3120.018971892573
2023-06-10 04:00:00+00:00,2851.8074447651647
2023-06-10 08:00:00+00:00,2891.30711100888
2023-06-10 12:00:00+00:00,2870.13974135764
2023-06-10 16:00:00+00:00,2931.175526790754
2023-06-10 20:00:00+00:00,2952.2326854915977
2023-06-11 00:00:00+00:00,2938.927500632614
2023-06-11 04:00:00+00:00,2935.433686816324
2023-06-11 08:00:00+00:00,2947.2573842060265
2023-06-11 12:00:00+00:00,2918.809142551213
2023-06-11 16:00:00+00:00,2982.2724912529234
2023-06-11 20:00:00+00:00,2952.847256860259
2023-06-12 00:00:00+00:00,2899.2021140703887
2023-06-12 04:00:00+00:00,2896.950519072384
2023-06-12 08:00:00+00:00,2944.223831669091
2023-06-12 12:00:00+00:00,2918.7399291991883
2023-06-12 16:00:00+00:00,2917.836898375957
2023-06-12 20:00:00+00:00,2937.315616389033
2023-06-13 00:00:00+00:00,2958.873403341773
2023-06-13 04:00:00+00:00,2967.732262117542
2023-06-13 08:00:00+00:00,3027.6393097999644
2023-06-13 12:00:00+00:00,2907.867317678157
2023-06-13 16:00:00+00:00,2942.262933862174
2023-06-13 20:00:00+00:00,2960.3150003657743
2023-06-14 00:00:00+00:00,2980.0018471818125
2023-06-14 04:00:00+00:00,2948.341182863744
2023-06-14 08:00:00+00:00,2970.377812980656
2023-06-14 12:00:00+00:00,2955.582205766664
2023-06-14 16:00:00+00:00,2941.9830819944787
2023-06-14 20:00:00+00:00,2845.166227511145
2023-06-15 00:00:00+00:00,2859.8742657658045
2023-06-15 04:00:00+00:00,2830.415714406616
2023-06-15 08:00:00+00:00,2838.005371757813
2023-06-15 12:00:00+00:00,2825.061955325074
2023-06-15 16:00:00+00:00,2869.8893902198133
2023-06-15 20:00:00+00:00,2867.4939676666168
2023-06-16 00:00:00+00:00,2874.183622291344
2023-06-16 04:00:00+00:00,2873.555766933356
2023-06-16 08:00:00+00:00,2834.200855527913
2023-06-16 12:00:00+00:00,2871.910323316976
2023-06-16 16:00:00+00:00,2913.208185645108
2023-06-16 20:00:00+00:00,2911.640464404372
2023-06-17 00:00:00+00:00,2906.8236755220723
2023-06-17 04:00:00+00:00,2961.14771335326
2023-06-17 08:00:00+00:00,2952.519548085132
2023-06-17 12:00:00+00:00,2938.13216603005
2023-06-17 16:00:00+00:00,2941.4174499100827
2023-06-17 20:00:00+00:00,2939.5769462107896
2023-06-18 00:00:00+00:00,2935.678212328659
2023-06-18 04:00:00+00:00,2938.6388124251635
2023-06-18 08:00:00+00:00,2952.955721197934
2023-06-18 12:00:00+00:00,2967.1504421911136
2023-06-18 16:00:00+00:00,2972.3710078111067
2023-06-18 20:00:00+00:00,2926.608535211828
2023-06-19 00:00:00+00:00,2930.080927118144
2023-06-19 04:00:00+00:00,2929.7077616487104
2023-06-19 08:00:00+00:00,2929.6252080954278
2023-06-19 12:00:00+00:00,2922.6903995162616
2023-06-19 16:00:00+00:00,2945.5837309384438
2023-06-19 20:00:00+00:00,2962.8263558069134
2023-06-20 00:00:00+00:00,2951.4634580235297
2023-06-20 04:00:00+00:00,2942.46119008514
2023-06-20 08:00:00+00:00,2939.3933562171937
2023-06-20 12:00:00+00:00,2924.674424001841
2023-06-20 16:00:00+00:00,3000.0218919722606
2023-06-20 20:00:00+00:00,3035.380824322018
2023-06-21 00:00:00+00:00,3074.8865639134187
2023-06-21 04:00:00+00:00,3077.174225553801
2023-06-21 08:00:00+00:00,3072.454669390312
2023-06-21 12:00:00+00:00,3105.637753943751
2023-06-21 16:00:00+00:00,3145.0108310597493
2023-06-21 20:00:00+00:00,3147.8343230608352
2023-06-22 00:00:00+00:00,3231.108972381074
2023-06-22 04:00:00+00:00,3215.5738592229563
2023-06-22 08:00:00+00:00,3132.1743004120576
2023-06-22 12:00:00+00:00,3124.4096529961184
2023-06-22 16:00:00+00:00,3146.3956595671207
2023-06-22 20:00:00+00:00,3105.4731312113777
2023-06-23 00:00:00+00:00,3132.131350513868
2023-06-23 04:00:00+00:00,3133.3840548754
2023-06-23 08:00:00+00:00,3129.4617076379336
2023-06-23 12:00:00+00:00,3197.6863206093763
2023-06-23 16:00:00+00:00,3201.486938138366
2023-06-23 20:00:00+00:00,3189.8282217276683
2023-06-24 00:00:00+00:00,3194.43818235198
2023-06-24 04:00:00+00:00,3169.3024157510413
2023-06-24 08:00:00+00:00,3182.133580990684
2023-06-24 12:00:00+00:00,3102.799086082254
2023-06-24 16:00:00+00:00,3133.346078277135
2023-06-24 20:00:00+00:00,3126.660725215758
2023-06-25 00:00:00+00:00,3172.438441862976
2023-06-25 04:00:00+00:00,3192.165245922484
2023-06-25 08:00:00+00:00,3195.2357208170947
2023-06-25 12:00:00+00:00,3162.418046437199
2023-06-25 16:00:00+00:00,3158.8684614078134
2023-06-25 20:00:00+00:00,3159.5353064089086
2023-06-26 00:00:00+00:00,3127.4530455810377
2023-06-26 04:00:00+00:00,3142.432104424324
2023-06-26 08:00:00+00:00,3138.1461385723737
2023-06-26 12:00:00+00:00,3144.1548434998904
2023-06-26 16:00:00+00:00,3089.6333008378465
2023-06-26 20:00:00+00:00,3083.1025634560306
2023-06-27 00:00:00+00:00,3110.3486935158785
2023-06-27 04:00:00+00:00,3119.887217228132
2023-06-27 08:00:00+00:00,3127.103947514987
2023-06-27 12:00:00+00:00,3097.2837651326777
2023-06-27 16:00:00+00:00,3129.952120118896
2023-06-27 20:00:00+00:00,3124.938929903085
2023-06-28 00:00:00+00:00,3093.664221982672
2023-06-28 04:00:00+00:00,3043.48509188914
2023-06-28 08:00:00+00:00,3060.634728740484
2023-06-28 12:00:00+00:00,3068.5386989273625
2023-06-28 16:00:00+00:00,2980.795435319031
2023-06-28 20:00:00+00:00,2998.11669516379
2023-06-29 00:00:00+00:00,3012.043311588367
2023-06-29 04:00:00+00:00,3026.8132812742965
2023-06-29 08:00:00+00:00,3113.7432095449453
2023-06-29 12:00:00+00:00,3080.540081304354
2023-06-29 16:00:00+00:00,3091.7467648295506
2023-06-29 20:00:00+00:00,3092.3619312547817
2023-06-30 00:00:00+00:00,3168.348402707184
2023-06-30 04:00:00+00:00,3169.190775941153
2023-06-30 08:00:00+00:00,3199.2411060706645
2023-06-30 12:00:00+00:00,3100.428009787838
2023-06-30 16:00:00+00:00,3194.407398420208
2023-06-30 20:00:00+00:00,3196.2519558390286
2023-07-01 00:00:00+00:00,3203.2627104551266
2023-07-01 04:00:00+00:00,3195.5020030955006
2023-07-01 08:00:00+00:00,3193.776600072552
2023-07-01 12:00:00+00:00,3206.076427780116
2023-07-01 16:00:00+00:00,3210.27229050416
2023-07-01 20:00:00+00:00,3229.4606541404924
2023-07-02 00:00:00+00:00,3214.0371010144595
2023-07-02 04:00:00+00:00,3228.099361361333
2023-07-02 08:00:00+00:00,3226.782558314869
2023-07-02 12:00:00+00:00,3232.6155064513737
2023-07-02 16:00:00+00:00,3242.197482664273
2023-07-02 20:00:00+00:00,3261.0847908703536
2023-07-03 00:00:00+00:00,3278.851535387008
2023-07-03 04:00:00+00:00,3277.1101937876383
2023-07-03 08:00:00+00:00,3275.294034827132
2023-07-03 12:00:00+00:00,3280.7831467249894
2023-07-03 16:00:00+00:00,3288.6362972394986
2023-07-03 20:00:00+00:00,3277.324018120003
2023-07-04 00:00:00+00:00,3290.726759691988
2023-07-04 04:00:00+00:00,3257.402956987999
2023-07-04 08:00:00+00:00,3275.2045160288303
2023-07-04 12:00:00+00:00,3296.594028988548
2023-07-04 16:00:00+00:00,3256.8038904235323
2023-07-04 20:00:00+00:00,3253.361606536102
2023-07-05 00:00:00+00:00,3270.675027204916
2023-07-05 04:00:00+00:00,3263.140380577466
2023-07-05 08:00:00+00:00,3178.3203220965715
2023-07-05 12:00:00+00:00,3161.227113677984
2023-07-05 16:00:00+00:00,3175.450236390763
2023-07-05 20:00:00+00:00,3192.2073032945727
2023-07-06 00:00:00+00:00,3208.920206617447
2023-07-06 04:00:00+00:00,3233.4543654955514
2023-07-06 08:00:00+00:00,3226.790639920692
2023-07-06 12:00:00+00:00,3181.3463638415624
2023-07-06 16:00:00+00:00,3207.767097315627
2023-07-06 20:00:00+00:00,3126.702149910474
2023-07-07 00:00:00+00:00,3170.467374481354
2023-07-07 04:00:00+00:00,3137.3269947008475
2023-07-07 08:00:00+00:00,3164.052385560673
2023-07-07 12:00:00+00:00,3209.5969413377907
2023-07-07 16:00:00+00:00,3203.867383188288
2023-07-07 20:00:00+00:00,3214.2701331623466
2023-07-08 00:00:00+00:00,3222.8950321561424
2023-07-08 04:00:00+00:00,3234.35637341906
2023-07-08 08:00:00+00:00,3237.2838256029845
2023-07-08 12:00:00+00:00,3233.1470788479364
2023-07-08 16:00:00+00:00,3223.30411576364
2023-07-08 20:00:00+00:00,3245.655761612442
2023-07-09 00:00:00+00:00,3255.0398814454093
2023-07-09 04:00:00+00:00,3238.3173657758216
2023-07-09 08:00:00+00:00,3245.429477355484
2023-07-09 12:00:00+00:00,3228.28763638856
2023-07-09 16:00:00+00:00,3225.736849363906
2023-07-09 20:00:00+00:00,3217.024663551318
2023-07-10 00:00:00+00:00,3199.94214423835
2023-07-10 04:00:00+00:00,3184.034433396691
2023-07-10 08:00:00+00:00,3210.577501440049
2023-07-10 12:00:00+00:00,3231.90291768907
2023-07-10 16:00:00+00:00,3281.886095242229
2023-07-10 20:00:00+00:00,3249.422633343223
2023-07-11 00:00:00+00:00,3266.428949377227
2023-07-11 04:00:00+00:00,3277.4609887015886
2023-07-11 08:00:00+00:00,3258.190850958245
2023-07-11 12:00:00+00:00,3266.486932607725
2023-07-11 16:00:00+00:00,3259.355723542119
2023-07-11 20:00:00+00:00,3274.266487653748
2023-07-12 00:00:00+00:00,3271.0622898527604
2023-07-12 04:00:00+00:00,3281.701793321907
2023-07-12 08:00:00+00:00,3280.694440858528
2023-07-12 12:00:00+00:00,3264.3240380946686
2023-07-12 16:00:00+00:00,3228.852162706085
2023-07-12 20:00:00+00:00,3247.4728353696755
2023-07-13 00:00:00+00:00,3232.7294275801823
2023-07-13 04:00:00+00:00,3242.3074677239747
2023-07-13 08:00:00+00:00,3281.756103716659
2023-07-13 12:00:00+00:00,3495.7285360424244
2023-07-13 16:00:00+00:00,3834.247259848483
2023-07-13 20:00:00+00:00,3838.303540234075
2023-07-14 00:00:00+00:00,3904.4079171850144
2023-07-14 04:00:00+00:00,3878.298780363065
2023-07-14 08:00:00+00:00,3889.390427067194
2023-07-14 12:00:00+00:00,3903.552371328302
2023-07-14 16:00:00+00:00,3640.18048769923
2023-07-14 20:00:00+00:00,3703.020587150361
2023-07-15 00:00:00+00:00,3705.250703766663
2023-07-15 04:00:00+00:00,3819.495294051233
2023-07-15 08:00:00+00:00,3826.403873400989
2023-07-15 12:00:00+00:00,3784.994685328928
2023-07-15 16:00:00+00:00,3788.727231761535
2023-07-15 20:00:00+00:00,3757.354223315439
2023-07-16 00:00:00+00:00,3712.380374144465
2023-07-16 04:00:00+00:00,3740.6109270619886
2023-07-16 08:00:00+00:00,3786.463920582328
2023-07-16 12:00:00+00:00,3806.160946758997
2023-07-16 16:00:00+00:00,3720.4796201146655
2023-07-16 20:00:00+00:00,3722.048681754539
2023-07-17 00:00:00+00:00,3768.471756373022
2023-07-17 04:00:00+00:00,3756.691300757638
2023-07-17 08:00:00+00:00,3697.7221044246544
2023-07-17 12:00:00+00:00,3704.7283189335135
2023-07-17 16:00:00+00:00,3662.155990833152
2023-07-17 20:00:00+00:00,3711.7546125911417
2023-07-18 00:00:00+00:00,3702.864532606526
2023-07-18 04:00:00+00:00,3658.335842392761
2023-07-18 08:00:00+00:00,3625.856531593444
2023-07-18 12:00:00+00:00,3656.5346045778506
2023-07-18 16:00:00+00:00,3641.243330695182
2023-07-18 20:00:00+00:00,3675.027729189842
2023-07-19 00:00:00+00:00,3743.58110880748
2023-07-19 04:00:00+00:00,3718.377253279276
2023-07-19 08:00:00+00:00,3732.91462711494
2023-07-19 12:00:00+00:00,3747.2422580077823
2023-07-19 16:00:00+00:00,3799.1628252065534
2023-07-19 20:00:00+00:00,3751.843381199659
2023-07-20 00:00:00+00:00,3777.711645107436
2023-07-20 04:00:00+00:00,3801.056385231584
2023-07-20 08:00:00+00:00,3834.8763679498234
2023-07-20 12:00:00+00:00,3728.973816938106
2023-07-20 16:00:00+00:00,3721.0027958322826
2023-07-20 20:00:00+00:00,3735.4688500219695
2023-07-21 00:00:00+00:00,3757.16680260942
2023-07-21 04:00:00+00:00,3719.216410086952
2023-07-21 08:00:00+00:00,3728.282043092155
2023-07-21 12:00:00+00:00,3749.284256519049
2023-07-21 16:00:00+00:00,3758.8048176643138
2023-07-21 20:00:00+00:00,3743.7254580391495
2023-07-22 00:00:00+00:00,3750.428223658757
2023-07-22 04:00:00+00:00,3746.236789434573
2023-07-22 08:00:00+00:00,3720.76246804684
2023-07-22 12:00:00+00:00,3722.7798237047778
2023-07-22 16:00:00+00:00,3685.539563384083
2023-07-22 20:00:00+00:00,3631.9077695318783
2023-07-23 00:00:00+00:00,3649.3134176210815
2023-07-23 04:00:00+00:00,3665.9435796242246
2023-07-23 08:00:00+00:00,3666.545003276424
2023-07-23 12:00:00+00:00,3666.404977994665
2023-07-23 16:00:00+00:00,3676.882107575425
2023-07-23 20:00:00+00:00,3669.761936440928
2023-07-24 00:00:00+00:00,3620.044930067398
2023-07-24 04:00:00+00:00,3685.71788104957
2023-07-24 08:00:00+00:00,3599.217502693536
2023-07-24 12:00:00+00:00,3560.769094197906
2023-07-24 16:00:00+00:00,3583.9503894621785
2023-07-24 20:00:00+00:00,3580.599943373385
2023-07-25 00:00:00+00:00,3602.425333365252
2023-07-25 04:00:00+00:00,3571.840968148629
2023-07-25 08:00:00+00:00,3593.111711437961
2023-07-25 12:00:00+00:00,3602.4032646139444
2023-07-25 16:00:00+00:00,3643.710727742646
2023-07-25 20:00:00+00:00,3655.304749269672
2023-07-26 00:00:00+00:00,3649.3563319277273
2023-07-26 04:00:00+00:00,3636.904167542768
2023-07-26 08:00:00+00:00,3626.0200918373903
2023-07-26 12:00:00+00:00,3670.335475336408
2023-07-26 16:00:00+00:00,3701.322609723097
2023-07-26 20:00:00+00:00,3687.443637305322
2023-07-27 00:00:00+00:00,3693.506577045224
2023-07-27 04:00:00+00:00,3698.7295338118192
2023-07-27 08:00:00+00:00,3725.4718844409376
2023-07-27 12:00:00+00:00,3704.053931717497
2023-07-27 16:00:00+00:00,3671.812575720652
2023-07-27 20:00:00+00:00,3682.58694355525
2023-07-28 00:00:00+00:00,3678.165691834218
2023-07-28 04:00:00+00:00,3644.93287733329
2023-07-28 08:00:00+00:00,3656.500415747326
2023-07-28 12:00:00+00:00,3687.303732556505
2023-07-28 16:00:00+00:00,3683.750884611588
2023-07-28 20:00:00+00:00,3673.591590671339
2023-07-29 00:00:00+00:00,3687.974988720093
2023-07-29 04:00:00+00:00,3684.7777999703817
2023-07-29 08:00:00+00:00,3676.7785562211816
2023-07-29 12:00:00+00:00,3683.613129645197
2023-07-29 16:00:00+00:00,3724.7307054769262
2023-07-29 20:00:00+00:00,3717.892660248303
2023-07-30 00:00:00+00:00,3712.183041345661
2023-07-30 04:00:00+00:00,3704.299261746767
2023-07-30 08:00:00+00:00,3715.3310529740174
2023-07-30 12:00:00+00:00,3702.321191106105
2023-07-30 16:00:00+00:00,3645.021333182137
2023-07-30 20:00:00+00:00,3655.0949143674206
2023-07-31 00:00:00+00:00,3680.599136634152
2023-07-31 04:00:00+00:00,3668.475198808492
2023-07-31 08:00:00+00:00,3679.166359853208
2023-07-31 12:00:00+00:00,3631.255122388892
2023-07-31 16:00:00+00:00,3627.826776069531
2023-07-31 20:00:00+00:00,3618.9188293235657
2023-08-01 00:00:00+00:00,3562.374028277246
2023-08-01 04:00:00+00:00,3587.386643056078
2023-08-01 08:00:00+00:00,3580.960331320838
2023-08-01 12:00:00+00:00,3589.6860782519266
2023-08-01 16:00:00+00:00,3622.522075112565
2023-08-01 20:00:00+00:00,3664.007245883528
2023-08-02 00:00:00+00:00,3632.403912883714
2023-08-02 04:00:00+00:00,3612.173308818397
2023-08-02 08:00:00+00:00,3623.4008385123966
2023-08-02 12:00:00+00:00,3569.159608297948
2023-08-02 16:00:00+00:00,3553.0810165074163
2023-08-02 20:00:00+00:00,3542.0465833827866
2023-08-03 00:00:00+00:00,3545.2017808413707
2023-08-03 04:00:00+00:00,3505.743497634812
2023-08-03 08:00:00+00:00,3506.5608892225328
2023-08-03 12:00:00+00:00,3518.6639290327485
2023-08-03 16:00:00+00:00,3525.602930597376
2023-08-03 20:00:00+00:00,3493.9381685182702
2023-08-04 00:00:00+00:00,3507.55682737344
2023-08-04 04:00:00+00:00,3510.310836088768
2023-08-04 08:00:00+00:00,3501.8116348238664
2023-08-04 12:00:00+00:00,3533.437793726689
2023-08-04 16:00:00+00:00,3489.5433350052194
2023-08-04 20:00:00+00:00,3472.2819083621976
2023-08-05 00:00:00+00:00,3462.824265631885
2023-08-05 04:00:00+00:00,3477.009203703992
2023-08-05 08:00:00+00:00,3484.72808922276
2023-08-05 12:00:00+00:00,3472.04634448818
2023-08-05 16:00:00+00:00,3485.7631527345343
2023-08-05 20:00:00+00:00,3489.3909462981715
2023-08-06 00:00:00+00:00,3508.134228837289
2023-08-06 04:00:00+00:00,3503.1899826861395
2023-08-06 08:00:00+00:00,3506.2137024656304
2023-08-06 12:00:00+00:00,3481.415725031256
2023-08-06 16:00:00+00:00,3493.7101992221037
2023-08-06 20:00:00+00:00,3484.6053206776705
2023-08-07 00:00:00+00:00,3505.1764628049937
2023-08-07 04:00:00+00:00,3482.1261579528104
2023-08-07 08:00:00+00:00,3485.646477062187
2023-08-07 12:00:00+00:00,3446.0083530845145
2023-08-07 16:00:00+00:00,3457.661572468646
2023-08-07 20:00:00+00:00,3474.596621592003
2023-08-08 00:00:00+00:00,3475.413071455998
2023-08-08 04:00:00+00:00,3478.2785867370503
2023-08-08 08:00:00+00:00,3498.596429379757
2023-08-08 12:00:00+00:00,3520.851582210025
2023-08-08 16:00:00+00:00,3563.8193722267583
2023-08-08 20:00:00+00:00,3559.0939475442865
2023-08-09 00:00:00+00:00,3553.0806505719997
2023-08-09 04:00:00+00:00,3579.98455455424
2023-08-09 08:00:00+00:00,3587.500450096108
2023-08-09 12:00:00+00:00,3580.718958173182
2023-08-09 16:00:00+00:00,3567.7184202785984
2023-08-09 20:00:00+00:00,3569.5619688508727
2023-08-10 00:00:00+00:00,3561.521058263086
2023-08-10 04:00:00+00:00,3542.2310278889317
2023-08-10 08:00:00+00:00,3543.668115674179
2023-08-10 12:00:00+00:00,3562.6071366549395
2023-08-10 16:00:00+00:00,3556.420862626491
2023-08-10 20:00:00+00:00,3558.244130685185
2023-08-11 00:00:00+00:00,3553.5907676746947
2023-08-11 04:00:00+00:00,3547.9080466158007
2023-08-11 08:00:00+00:00,3553.9181683345023
2023-08-11 12:00:00+00:00,3537.7087332342844
2023-08-11 16:00:00+00:00,3535.8115281167265
2023-08-11 20:00:00+00:00,3547.707581427911
2023-08-12 00:00:00+00:00,3545.579934954576
2023-08-12 04:00:00+00:00,3552.105362214197
2023-08-12 08:00:00+00:00,3558.5692380904816
2023-08-12 12:00:00+00:00,3558.6385344714563
2023-08-12 16:00:00+00:00,3552.46845042982
2023-08-12 20:00:00+00:00,3559.8473484109536
2023-08-13 00:00:00+00:00,3556.63611449839
2023-08-13 04:00:00+00:00,3554.498359581017
2023-08-13 08:00:00+00:00,3548.4631443800326
2023-08-13 12:00:00+00:00,3540.063810281949
2023-08-13 16:00:00+00:00,3561.135280522895
2023-08-13 20:00:00+00:00,3513.2711829661416
2023-08-14 00:00:00+00:00,3528.6116027759167
2023-08-14 04:00:00+00:00,3529.0964609777143
2023-08-14 08:00:00+00:00,3532.7189545593924
2023-08-14 12:00:00+00:00,3550.843163782709
2023-08-14 16:00:00+00:00,3528.459764987391
2023-08-14 20:00:00+00:00,3550.9708218750948
2023-08-15 00:00:00+00:00,3538.987533637407
2023-08-15 04:00:00+00:00,3531.0558713168093
2023-08-15 08:00:00+00:00,3518.9713209933734
2023-08-15 12:00:00+00:00,3510.8081214144204
2023-08-15 16:00:00+00:00,3422.247108813951
2023-08-15 20:00:00+00:00,3427.5909698413643
2023-08-16 00:00:00+00:00,3419.930909202709
2023-08-16 04:00:00+00:00,3398.9567688316474
2023-08-16 08:00:00+00:00,3390.021181666629
2023-08-16 12:00:00+00:00,3351.8932960495054
2023-08-16 16:00:00+00:00,3362.572569659972
2023-08-16 20:00:00+00:00,3312.1884671324865
2023-08-17 00:00:00+00:00,3334.7524966048795
2023-08-17 04:00:00+00:00,3331.9643297862813
2023-08-17 08:00:00+00:00,3309.741824513268
2023-08-17 12:00:00+00:00,3241.496552482345
2023-08-17 16:00:00+00:00,3259.320919161785
2023-08-17 20:00:00+00:00,3043.309176585488
2023-08-18 00:00:00+00:00,3023.2219553333475
2023-08-18 04:00:00+00:00,3082.065867557649
2023-08-18 08:00:00+00:00,3087.459264910633
2023-08-18 12:00:00+00:00,3047.793438657127
2023-08-18 16:00:00+00:00,3037.920512875606
2023-08-18 20:00:00+00:00,3050.937335305457
2023-08-19 00:00:00+00:00,3053.7060394065084
2023-08-19 04:00:00+00:00,3060.5569582492367
2023-08-19 08:00:00+00:00,3051.429766244183
2023-08-19 12:00:00+00:00,3099.481659250959
2023-08-19 16:00:00+00:00,3087.337876036842
2023-08-19 20:00:00+00:00,3088.568908456265
2023-08-20 00:00:00+00:00,3085.1718558121715
2023-08-20 04:00:00+00:00,3089.9638343914667
2023-08-20 08:00:00+00:00,3120.089880200561
2023-08-20 12:00:00+00:00,3101.855713808189
2023-08-20 16:00:00+00:00,3110.148611082628
2023-08-20 20:00:00+00:00,3108.337655981919
2023-08-21 00:00:00+00:00,3086.2546808237303
2023-08-21 04:00:00+00:00,3063.176378940873
2023-08-21 08:00:00+00:00,3052.809045321651
2023-08-21 12:00:00+00:00,2995.148798613818
2023-08-21 16:00:00+00:00,3044.4953851194177
2023-08-21 20:00:00+00:00,3039.593471148371
2023-08-22 00:00:00+00:00,3031.557286733717
2023-08-22 04:00:00+00:00,3036.3483196504403
2023-08-22 08:00:00+00:00,3021.6326772826787
2023-08-22 12:00:00+00:00,2989.1957085868085
2023-08-22 16:00:00+00:00,2959.283531291056
2023-08-22 20:00:00+00:00,3007.070979432923
2023-08-23 00:00:00+00:00,3005.711595140859
2023-08-23 04:00:00+00:00,3035.3816749635785
2023-08-23 08:00:00+00:00,3023.710937822804
2023-08-23 12:00:00+00:00,3051.9220466089787
2023-08-23 16:00:00+00:00,3100.474279944084
2023-08-23 20:00:00+00:00,3091.8238811672177
2023-08-24 00:00:00+00:00,3092.269043235973
2023-08-24 04:00:00+00:00,3093.286739276288
2023-08-24 08:00:00+00:00,3084.7798292184257
2023-08-24 12:00:00+00:00,3024.9822240766352
2023-08-24 16:00:00+00:00,3027.469006806808
2023-08-24 20:00:00+00:00,3044.9940361480017
2023-08-25 00:00:00+00:00,3020.211351581348
2023-08-25 04:00:00+00:00,2999.9857517536634
2023-08-25 08:00:00+00:00,3013.4532143769607
2023-08-25 12:00:00+00:00,3001.37352192526
2023-08-25 16:00:00+00:00,3012.1064241822414
2023-08-25 20:00:00+00:00,3028.206798112758
2023-08-26 00:00:00+00:00,3026.467766658394
2023-08-26 04:00:00+00:00,3019.248832571929
2023-08-26 08:00:00+00:00,3016.898717749215
2023-08-26 12:00:00+00:00,3022.5152576972696
2023-08-26 16:00:00+00:00,3018.8213596094456
2023-08-26 20:00:00+00:00,3015.1299109854185
2023-08-27 00:00:00+00:00,3015.12021524053
2023-08-27 04:00:00+00:00,3027.6339572216034
2023-08-27 08:00:00+00:00,3032.63008766936
2023-08-27 12:00:00+00:00,3044.570051480189
2023-08-27 16:00:00+00:00,3040.475613660192
2023-08-27 20:00:00+00:00,3041.3354562798904
2023-08-28 00:00:00+00:00,3014.965855948533
2023-08-28 04:00:00+00:00,3001.13097449838
2023-08-28 08:00:00+00:00,3003.806222811699
2023-08-28 12:00:00+00:00,3034.230944280365
2023-08-28 16:00:00+00:00,3029.7115395688907
2023-08-28 20:00:00+00:00,3042.78752743472
2023-08-29 00:00:00+00:00,3036.6702369028367
2023-08-29 04:00:00+00:00,3017.5770926665123
2023-08-29 08:00:00+00:00,3006.1915280335
2023-08-29 12:00:00+00:00,3163.954679786036
2023-08-29 16:00:00+00:00,3181.5874246200283
2023-08-29 20:00:00+00:00,3177.0496188357315
2023-08-30 00:00:00+00:00,3144.8816828286567
2023-08-30 04:00:00+00:00,3141.6381189619715
2023-08-30 08:00:00+00:00,3123.870735840142
2023-08-30 12:00:00+00:00,3090.958589013504
2023-08-30 16:00:00+00:00,3091.548874598633
2023-08-30 20:00:00+00:00,3105.8011421224573
2023-08-31 00:00:00+00:00,3090.2667190962843
2023-08-31 04:00:00+00:00,3108.245886352513
2023-08-31 08:00:00+00:00,3119.567150557876
2023-08-31 12:00:00+00:00,3060.124998959263
2023-08-31 16:00:00+00:00,2996.8011251008606
2023-08-31 20:00:00+00:00,2988.8003297474907
2023-09-01 00:00:00+00:00,2999.2260951389926
2023-09-01 04:00:00+00:00,2981.571706952726
2023-09-01 08:00:00+00:00,2992.1548528443186
2023-09-01 12:00:00+00:00,2958.080914743073
2023-09-01 16:00:00+00:00,2938.2331018361915
2023-09-01 20:00:00+00:00,2956.2886097843066
2023-09-02 00:00:00+00:00,2964.607027704427
2023-09-02 04:00:00+00:00,2958.465126430225
2023-09-02 08:00:00+00:00,2960.560541463936
2023-09-02 12:00:00+00:00,2968.5936699414133
2023-09-02 16:00:00+00:00,2952.798663610148
2023-09-02 20:00:00+00:00,2962.891551411304
2023-09-03 00:00:00+00:00,2971.4714347659137
2023-09-03 04:00:00+00:00,2972.406742811924
2023-09-03 08:00:00+00:00,2964.3484862702708
2023-09-03 12:00:00+00:00,2956.1064292923497
2023-09-03 16:00:00+00:00,2970.065126930243
2023-09-03 20:00:00+00:00,2967.854862302788
2023-09-04 00:00:00+00:00,2985.2553719341527
2023-09-04 04:00:00+00:00,2977.8707087366897
2023-09-04 08:00:00+00:00,2962.769273897778
2023-09-04 12:00:00+00:00,2956.676589299233
2023-09-04 16:00:00+00:00,2968.061458020301
2023-09-04 20:00:00+00:00,2968.8530768442783
2023-09-05 00:00:00+00:00,2949.1004266105424
2023-09-05 04:00:00+00:00,2966.1922038364933
2023-09-05 08:00:00+00:00,2975.955017888971
2023-09-05 12:00:00+00:00,2997.585488060988
2023-09-05 16:00:00+00:00,2987.0568815334304
2023-09-05 20:00:00+00:00,2996.268664836996
2023-09-06 00:00:00+00:00,2995.908014614179
2023-09-06 04:00:00+00:00,2974.006577568747
2023-09-06 08:00:00+00:00,2976.247716110104
2023-09-06 12:00:00+00:00,2951.635185093295
2023-09-06 16:00:00+00:00,2964.6728607692603
2023-09-06 20:00:00+00:00,2978.393960193186
2023-09-07 00:00:00+00:00,2988.515502120522
2023-09-07 04:00:00+00:00,2971.338828146865
2023-09-07 08:00:00+00:00,2953.171207246869
2023-09-07 12:00:00+00:00,2963.803958862951
2023-09-07 16:00:00+00:00,2974.0273021571443
2023-09-07 20:00:00+00:00,3002.852424593337
2023-09-08 00:00:00+00:00,3005.21303780908
2023-09-08 04:00:00+00:00,3000.1998759922617
2023-09-08 08:00:00+00:00,2958.1837049604733
2023-09-08 12:00:00+00:00,2961.3513738966244
2023-09-08 16:00:00+00:00,2970.9573000046144
2023-09-08 20:00:00+00:00,2978.778247626697
2023-09-09 00:00:00+00:00,2972.3569776623062
2023-09-09 04:00:00+00:00,2971.6354899679327
2023-09-09 08:00:00+00:00,2975.3381308143908
2023-09-09 12:00:00+00:00,2972.5959367544265
2023-09-09 16:00:00+00:00,2967.6135085671867
2023-09-09 20:00:00+00:00,2965.076034734013
2023-09-10 00:00:00+00:00,2946.75215861602
2023-09-10 04:00:00+00:00,2913.8448455247526
2023-09-10 08:00:00+00:00,2901.87235822154
2023-09-10 12:00:00+00:00,2889.995276146248
2023-09-10 16:00:00+00:00,2888.1580911326973
2023-09-10 20:00:00+00:00,2888.2836589674152
2023-09-11 00:00:00+00:00,2886.507391132272
2023-09-11 04:00:00+00:00,2877.172371503596
2023-09-11 08:00:00+00:00,2809.175810903416
2023-09-11 12:00:00+00:00,2805.8440588141093
2023-09-11 16:00:00+00:00,2773.418736390792
2023-09-11 20:00:00+00:00,2802.5573730868914
2023-09-12 00:00:00+00:00,2856.310829044396
2023-09-12 04:00:00+00:00,2838.890530188519
2023-09-12 08:00:00+00:00,2878.3652585044497
2023-09-12 12:00:00+00:00,2867.270969781292
2023-09-12 16:00:00+00:00,2856.9382400753407
2023-09-12 20:00:00+00:00,2843.9060704052026
2023-09-13 00:00:00+00:00,2836.626951089871
2023-09-13 04:00:00+00:00,2834.0875187839324
2023-09-13 08:00:00+00:00,2867.638307385221
2023-09-13 12:00:00+00:00,2875.7489889826616
2023-09-13 16:00:00+00:00,2866.3129172824333
2023-09-13 20:00:00+00:00,2876.193658058007
2023-09-14 00:00:00+00:00,2895.811420252329
2023-09-14 04:00:00+00:00,2889.9892395644474
2023-09-14 08:00:00+00:00,2899.0675492513237
2023-09-14 12:00:00+00:00,2915.9178678235444
2023-09-14 16:00:00+00:00,2928.982534654968
2023-09-14 20:00:00+00:00,2913.0829492786056
2023-09-15 00:00:00+00:00,2936.198657492654
2023-09-15 04:00:00+00:00,2920.308214951636
2023-09-15 08:00:00+00:00,2911.78963390078
2023-09-15 12:00:00+00:00,2910.48197216957
2023-09-15 16:00:00+00:00,2912.326127555573
2023-09-15 20:00:00+00:00,2947.386025507173
2023-09-16 00:00:00+00:00,2950.8900823765707
2023-09-16 04:00:00+00:00,2943.97530003082
2023-09-16 08:00:00+00:00,2943.7977190180413
2023-09-16 12:00:00+00:00,2933.012076050728
2023-09-16 16:00:00+00:00,2930.574348624065
2023-09-16 20:00:00+00:00,2940.07193656398
2023-09-17 00:00:00+00:00,2928.998065371969
2023-09-17 04:00:00+00:00,2921.672568423336
2023-09-17 08:00:00+00:00,2930.9259764043763
2023-09-17 12:00:00+00:00,2930.813002168416
2023-09-17 16:00:00+00:00,2918.6104388399835
2023-09-17 20:00:00+00:00,2908.4064604996315
2023-09-18 00:00:00+00:00,2942.5122863973515
2023-09-18 04:00:00+00:00,2932.7420914323548
2023-09-18 08:00:00+00:00,2983.826620785029
2023-09-18 12:00:00+00:00,2993.9848576397226
2023-09-18 16:00:00+00:00,2966.619495089358
2023-09-18 20:00:00+00:00,2958.736356161344
2023-09-19 00:00:00+00:00,2981.0380236048563
2023-09-19 04:00:00+00:00,2971.004111418496
2023-09-19 08:00:00+00:00,3003.1472920883466
2023-09-19 12:00:00+00:00,3016.2079388305733
2023-09-19 16:00:00+00:00,2998.115947367823
2023-09-19 20:00:00+00:00,3000.733216971492
2023-09-20 00:00:00+00:00,2998.7246872166525
2023-09-20 04:00:00+00:00,2987.930469293478
2023-09-20 08:00:00+00:00,2987.6878150949847
2023-09-20 12:00:00+00:00,2997.9569256004347
2023-09-20 16:00:00+00:00,2980.52177407166
2023-09-20 20:00:00+00:00,2999.3604955682044
2023-09-21 00:00:00+00:00,2998.119147520864
2023-09-21 04:00:00+00:00,2970.655754458826
2023-09-21 08:00:00+00:00,2933.4935675408533
2023-09-21 12:00:00+00:00,2929.4793631935627
2023-09-21 16:00:00+00:00,2934.085239525677
2023-09-21 20:00:00+00:00,2920.147381229974
2023-09-22 00:00:00+00:00,2940.7713025578278
2023-09-22 04:00:00+00:00,2940.61891645865
2023-09-22 08:00:00+00:00,2940.146361672713
2023-09-22 12:00:00+00:00,2929.469964237952
2023-09-22 16:00:00+00:00,2929.3195202133884
2023-09-22 20:00:00+00:00,2934.8343725739323
2023-09-23 00:00:00+00:00,2930.208814876405
2023-09-23 04:00:00+00:00,2940.509418410138
2023-09-23 08:00:00+00:00,2940.8436079478606
2023-09-23 12:00:00+00:00,2926.668984562721
2023-09-23 16:00:00+00:00,2940.2594808861227
2023-09-23 20:00:00+00:00,2936.406302226648
2023-09-24 00:00:00+00:00,2937.6691359579754
2023-09-24 04:00:00+00:00,2938.615302164001
2023-09-24 08:00:00+00:00,2942.89750435494
2023-09-24 12:00:00+00:00,2938.356838549634
2023-09-24 16:00:00+00:00,2923.860112395717
2023-09-24 20:00:00+00:00,2903.1313547874825
2023-09-25 00:00:00+00:00,2911.248409982305
2023-09-25 04:00:00+00:00,2913.732427572695
2023-09-25 08:00:00+00:00,2902.6967190188584
2023-09-25 12:00:00+00:00,2922.244413897376
2023-09-25 16:00:00+00:00,2932.980142193525
2023-09-25 20:00:00+00:00,2928.720019990939
2023-09-26 00:00:00+00:00,2937.22906780436
2023-09-26 04:00:00+00:00,2925.963882741772
2023-09-26 08:00:00+00:00,2928.459276983893
2023-09-26 12:00:00+00:00,2908.9692446642243
2023-09-26 16:00:00+00:00,2920.964602927006
2023-09-26 20:00:00+00:00,2916.858933926301
2023-09-27 00:00:00+00:00,2922.50061892192
2023-09-27 04:00:00+00:00,2912.9321509086294
2023-09-27 08:00:00+00:00,2963.5970276622675
2023-09-27 12:00:00+00:00,2918.379449819741
2023-09-27 16:00:00+00:00,2919.467373128967
2023-09-27 20:00:00+00:00,2920.3694588902017
2023-09-28 00:00:00+00:00,2922.9514659958472
2023-09-28 04:00:00+00:00,2936.897742298293
2023-09-28 08:00:00+00:00,2944.533992628448
2023-09-28 12:00:00+00:00,2984.6256282137856
2023-09-28 16:00:00+00:00,2992.2800133501887
2023-09-28 20:00:00+00:00,2995.7596630766607
2023-09-29 00:00:00+00:00,3001.975233304693
2023-09-29 04:00:00+00:00,3023.765723380201
2023-09-29 08:00:00+00:00,3005.993102068457
2023-09-29 12:00:00+00:00,3035.886042704652
2023-09-29 16:00:00+00:00,3032.3488694167336
2023-09-29 20:00:00+00:00,3023.4858117881886
2023-09-30 00:00:00+00:00,3017.5591669952105
2023-09-30 04:00:00+00:00,3019.235182563272
2023-09-30 08:00:00+00:00,3023.516148686803
2023-09-30 12:00:00+00:00,3062.19544346826
2023-09-30 16:00:00+00:00,3064.659170727263
2023-09-30 20:00:00+00:00,3053.5455618800456
2023-10-01 00:00:00+00:00,3056.174616011445
2023-10-01 04:00:00+00:00,3063.620872247508
2023-10-01 08:00:00+00:00,3125.837224293698
2023-10-01 12:00:00+00:00,3119.9042890945584
2023-10-01 16:00:00+00:00,3093.373827528564
2023-10-01 20:00:00+00:00,3182.2152965098708
2023-10-02 00:00:00+00:00,3190.178358738496
2023-10-02 04:00:00+00:00,3199.376370849264
2023-10-02 08:00:00+00:00,3178.239505654737
2023-10-02 12:00:00+00:00,3148.9280500390887
2023-10-02 16:00:00+00:00,3126.672458153684
2023-10-02 20:00:00+00:00,3096.162204070752
2023-10-03 00:00:00+00:00,3112.383719928276
2023-10-03 04:00:00+00:00,3110.8000947616024
2023-10-03 08:00:00+00:00,3107.610643569272
2023-10-03 12:00:00+00:00,3095.520877671515
2023-10-03 16:00:00+00:00,3086.426441515095
2023-10-03 20:00:00+00:00,3116.4615130519605
2023-10-04 00:00:00+00:00,3086.375798598936
2023-10-04 04:00:00+00:00,3096.671099434046
2023-10-04 08:00:00+00:00,3110.183533545082
2023-10-04 12:00:00+00:00,3076.323410184274
2023-10-04 16:00:00+00:00,3096.8613621949967
2023-10-04 20:00:00+00:00,3114.366177012012
2023-10-05 00:00:00+00:00,3105.415455380334
2023-10-05 04:00:00+00:00,3092.0165206530896
2023-10-05 08:00:00+00:00,3102.0237543912453
2023-10-05 12:00:00+00:00,3070.5988511265755
2023-10-05 16:00:00+00:00,3079.398910150616
2023-10-05 20:00:00+00:00,3070.3223905479163
2023-10-06 00:00:00+00:00,3099.786260267108
2023-10-06 04:00:00+00:00,3108.389347618074
2023-10-06 08:00:00+00:00,3106.5003321100653
2023-10-06 12:00:00+00:00,3128.121332962013
2023-10-06 16:00:00+00:00,3128.652182776892
2023-10-06 20:00:00+00:00,3127.281912853722
2023-10-07 00:00:00+00:00,3136.7789872784697
2023-10-07 04:00:00+00:00,3125.857081293603
2023-10-07 08:00:00+00:00,3118.7423562023323
2023-10-07 12:00:00+00:00,3114.181548734729
2023-10-07 16:00:00+00:00,3094.318311686127
2023-10-07 20:00:00+00:00,3107.2645412204747
2023-10-08 00:00:00+00:00,3122.608488812841
2023-10-08 04:00:00+00:00,3102.9542424194383
2023-10-08 08:00:00+00:00,3083.865147620599
2023-10-08 12:00:00+00:00,3099.6160687415763
2023-10-08 16:00:00+00:00,3097.901747903454
2023-10-08 20:00:00+00:00,3091.4299607754624
2023-10-09 00:00:00+00:00,3092.028312993737
2023-10-09 04:00:00+00:00,3067.411318417366
2023-10-09 08:00:00+00:00,2987.488644614672
2023-10-09 12:00:00+00:00,2985.400406753175
2023-10-09 16:00:00+00:00,2987.658210490885
2023-10-09 20:00:00+00:00,2983.22434359944
2023-10-10 00:00:00+00:00,2988.738186206128
2023-10-10 04:00:00+00:00,3002.1608242542
2023-10-10 08:00:00+00:00,2980.2732640247727
2023-10-10 12:00:00+00:00,2968.0023675561856
2023-10-10 16:00:00+00:00,2978.1300811241786
2023-10-10 20:00:00+00:00,2979.4217753923635
2023-10-11 00:00:00+00:00,2948.038787701189
2023-10-11 04:00:00+00:00,2943.6895420155606
2023-10-11 08:00:00+00:00,2965.015704009708
2023-10-11 12:00:00+00:00,2936.691976492001
2023-10-11 16:00:00+00:00,2940.5103626383184
2023-10-11 20:00:00+00:00,2953.288881895734
2023-10-12 00:00:00+00:00,2932.713817869254
2023-10-12 04:00:00+00:00,2927.44835708579
2023-10-12 08:00:00+00:00,2915.299932545502
2023-10-12 12:00:00+00:00,2898.1872297029045
2023-10-12 16:00:00+00:00,2896.472267926839
2023-10-12 20:00:00+00:00,2905.423669005127
2023-10-13 00:00:00+00:00,2899.5581246122565
2023-10-13 04:00:00+00:00,2914.954695770425
2023-10-13 08:00:00+00:00,2916.756869003175
2023-10-13 12:00:00+00:00,2909.456860496308
2023-10-13 16:00:00+00:00,2918.862318389248
2023-10-13 20:00:00+00:00,2933.972326260973
2023-10-14 00:00:00+00:00,2945.4571293680606
2023-10-14 04:00:00+00:00,2938.277978758929
2023-10-14 08:00:00+00:00,2941.642490723824
2023-10-14 12:00:00+00:00,2958.4906811232136
2023-10-14 16:00:00+00:00,2954.9205836498127
2023-10-14 20:00:00+00:00,2955.90781407373
2023-10-15 00:00:00+00:00,2951.923236269186
2023-10-15 04:00:00+00:00,2952.230507977776
2023-10-15 08:00:00+00:00,2947.684999926636
2023-10-15 12:00:00+00:00,2948.540748711154
2023-10-15 16:00:00+00:00,2962.3815498382014
2023-10-15 20:00:00+00:00,2961.422587959897
2023-10-16 00:00:00+00:00,2974.5003806177583
2023-10-16 04:00:00+00:00,3022.341206574999
2023-10-16 08:00:00+00:00,3029.817067115735
2023-10-16 12:00:00+00:00,3022.55923338555
2023-10-16 16:00:00+00:00,3060.5462718501403
2023-10-16 20:00:00+00:00,3066.156004266892
2023-10-17 00:00:00+00:00,3052.9684276613752
2023-10-17 04:00:00+00:00,3056.2592868721945
2023-10-17 08:00:00+00:00,3053.127528077545
2023-10-17 12:00:00+00:00,3030.4011707233467
2023-10-17 16:00:00+00:00,3032.910641631712
2023-10-17 20:00:00+00:00,3024.2817286164805
2023-10-18 00:00:00+00:00,3029.0671756941565
2023-10-18 04:00:00+00:00,3026.571692821295
2023-10-18 08:00:00+00:00,3025.97239569684
2023-10-18 12:00:00+00:00,3009.77873830678
2023-10-18 16:00:00+00:00,3004.3686730710087
2023-10-18 20:00:00+00:00,2996.1782752550903
2023-10-19 00:00:00+00:00,2979.141817366831
2023-10-19 04:00:00+00:00,2992.803425162005
2023-10-19 08:00:00+00:00,3008.8259890613763
2023-10-19 12:00:00+00:00,3033.572486472145
2023-10-19 16:00:00+00:00,3051.538673307428
2023-10-19 20:00:00+00:00,3074.656117051049
2023-10-20 00:00:00+00:00,3119.0428005624904
2023-10-20 04:00:00+00:00,3122.347294886055
2023-10-20 08:00:00+00:00,3168.16803480048
2023-10-20 12:00:00+00:00,3168.60088585663
2023-10-20 16:00:00+00:00,3170.7942577949857
2023-10-20 20:00:00+00:00,3163.391278631161
2023-10-21 00:00:00+00:00,3154.5549088240705
2023-10-21 04:00:00+00:00,3208.9067267390096
2023-10-21 08:00:00+00:00,3257.239489114833
2023-10-21 12:00:00+00:00,3285.1411389696186
2023-10-21 16:00:00+00:00,3297.2986811934934
2023-10-21 20:00:00+00:00,3287.640038981874
2023-10-22 00:00:00+00:00,3303.330327436726
2023-10-22 04:00:00+00:00,3274.894551380368
2023-10-22 08:00:00+00:00,3255.3995546622423
2023-10-22 12:00:00+00:00,3262.7076858014425
2023-10-22 16:00:00+00:00,3282.4148186902235
2023-10-22 20:00:00+00:00,3334.830641902147
2023-10-23 00:00:00+00:00,3422.4802143134275
2023-10-23 04:00:00+00:00,3387.308021138979
2023-10-23 08:00:00+00:00,3403.4427712590423
2023-10-23 12:00:00+00:00,3374.24881327977
2023-10-23 16:00:00+00:00,3432.757408816955
2023-10-23 20:00:00+00:00,3583.2548573126646
2023-10-24 00:00:00+00:00,3582.293165022785
2023-10-24 04:00:00+00:00,3557.0128550235177
2023-10-24 08:00:00+00:00,3630.038876589979
2023-10-24 12:00:00+00:00,3524.3293128582
2023-10-24 16:00:00+00:00,3535.434168266116
2023-10-24 20:00:00+00:00,3535.12271597588
2023-10-25 00:00:00+00:00,3570.3552106847387
2023-10-25 04:00:00+00:00,3532.328436868688
2023-10-25 08:00:00+00:00,3587.475831683474
2023-10-25 12:00:00+00:00,3672.4112183986113
2023-10-25 16:00:00+00:00,3637.054847967762
2023-10-25 20:00:00+00:00,3624.842950754725
2023-10-26 00:00:00+00:00,3692.334355549781
2023-10-26 04:00:00+00:00,3726.6625020857937
2023-10-26 08:00:00+00:00,3677.8155995701936
2023-10-26 12:00:00+00:00,3593.4480328780837
2023-10-26 16:00:00+00:00,3624.728810985142
2023-10-26 20:00:00+00:00,3676.467477982954
2023-10-27 00:00:00+00:00,3654.880873280964
2023-10-27 04:00:00+00:00,3618.9377351934686
2023-10-27 08:00:00+00:00,3658.29017224842
2023-10-27 12:00:00+00:00,3645.814438855552
2023-10-27 16:00:00+00:00,3599.03643216694
2023-10-27 20:00:00+00:00,3592.049136009299
2023-10-28 00:00:00+00:00,3636.124716694817
2023-10-28 04:00:00+00:00,3634.6892081062674
2023-10-28 08:00:00+00:00,3638.9180727955336
2023-10-28 12:00:00+00:00,3630.944259058962
2023-10-28 16:00:00+00:00,3600.754880701167
2023-10-28 20:00:00+00:00,3608.4178664900414
2023-10-29 00:00:00+00:00,3591.049273609454
2023-10-29 04:00:00+00:00,3627.9790842738576
2023-10-29 08:00:00+00:00,3641.7186823103166
2023-10-29 12:00:00+00:00,3667.6267708801615
2023-10-29 16:00:00+00:00,3681.976591203588
2023-10-29 20:00:00+00:00,3677.797350711413
2023-10-30 00:00:00+00:00,3656.8629090384857
2023-10-30 04:00:00+00:00,3645.65701833146
2023-10-30 08:00:00+00:00,3758.5373643600255
2023-10-30 12:00:00+00:00,3780.77691955764
2023-10-30 16:00:00+00:00,3765.9660779119376
2023-10-30 20:00:00+00:00,3769.0776477385416
2023-10-31 00:00:00+00:00,3774.975027297112
2023-10-31 04:00:00+00:00,3757.982487651192
2023-10-31 08:00:00+00:00,3845.552392739532
2023-10-31 12:00:00+00:00,3765.255384261751
2023-10-31 16:00:00+00:00,3795.9775629014
2023-10-31 20:00:00+00:00,3857.531833130572
2023-11-01 00:00:00+00:00,3830.44714961481
2023-11-01 04:00:00+00:00,3825.99844149102
2023-11-01 08:00:00+00:00,3844.72351080341
2023-11-01 12:00:00+00:00,3862.540301610859
2023-11-01 16:00:00+00:00,3982.785437802287
2023-11-01 20:00:00+00:00,3993.95762364005
2023-11-02 00:00:00+00:00,4050.403180633215
2023-11-02 04:00:00+00:00,4032.664533749644
2023-11-02 08:00:00+00:00,4084.830692391324
2023-11-02 12:00:00+00:00,3900.2117080220346
2023-11-02 16:00:00+00:00,3979.509851842843
2023-11-02 20:00:00+00:00,3935.02948242582
2023-11-03 00:00:00+00:00,3874.194742035083
2023-11-03 04:00:00+00:00,3885.117877449589
2023-11-03 08:00:00+00:00,3875.5958118391472
2023-11-03 12:00:00+00:00,3931.220326396204
2023-11-03 16:00:00+00:00,3911.4797820212407
2023-11-03 20:00:00+00:00,3940.938914675403
2023-11-04 00:00:00+00:00,3987.660143480548
2023-11-04 04:00:00+00:00,4002.0949805668783
2023-11-04 08:00:00+00:00,4002.905398891543
2023-11-04 12:00:00+00:00,3986.700755461025
2023-11-04 16:00:00+00:00,3997.7206995388
2023-11-04 20:00:00+00:00,4052.076956232365
2023-11-05 00:00:00+00:00,4111.194118829239
2023-11-05 04:00:00+00:00,4081.9417179105735
2023-11-05 08:00:00+00:00,4118.961037856041
2023-11-05 12:00:00+00:00,4062.7555111254615
2023-11-05 16:00:00+00:00,4097.6420483608845
2023-11-05 20:00:00+00:00,4119.58005394118
2023-11-06 00:00:00+00:00,4147.99687087277
2023-11-06 04:00:00+00:00,4114.743469348234
2023-11-06 08:00:00+00:00,4177.952683075274
2023-11-06 12:00:00+00:00,4211.617960550423
2023-11-06 16:00:00+00:00,4249.76911164413
2023-11-06 20:00:00+00:00,4300.96229335203
2023-11-07 00:00:00+00:00,4212.519632308639
2023-11-07 04:00:00+00:00,4246.408515944075
2023-11-07 08:00:00+00:00,4177.818820642043
2023-11-07 12:00:00+00:00,4143.2779206742325
2023-11-07 16:00:00+00:00,4280.044243293993
2023-11-07 20:00:00+00:00,4242.006920458233
2023-11-08 00:00:00+00:00,4256.045722796565
2023-11-08 04:00:00+00:00,4252.868040295905
2023-11-08 08:00:00+00:00,4276.414428268773
2023-11-08 12:00:00+00:00,4253.728032577324
2023-11-08 16:00:00+00:00,4307.615405421105
2023-11-08 20:00:00+00:00,4308.818185147542
2023-11-09 00:00:00+00:00,4367.889197145497
2023-11-09 04:00:00+00:00,4359.069388162369
2023-11-09 08:00:00+00:00,4462.577886338227
2023-11-09 12:00:00+00:00,4484.355009336186
2023-11-09 16:00:00+00:00,4300.28263564482
2023-11-09 20:00:00+00:00,4407.540227766938
2023-11-10 00:00:00+00:00,4475.45106494975
2023-11-10 04:00:00+00:00,4463.3080486572335
2023-11-10 08:00:00+00:00,4565.914374528853
2023-11-10 12:00:00+00:00,4536.448875668925
2023-11-10 16:00:00+00:00,4662.7010565686505
2023-11-10 20:00:00+00:00,4760.731697028296
2023-11-11 00:00:00+00:00,4686.329842756999
2023-11-11 04:00:00+00:00,4696.0030736866975
2023-11-11 08:00:00+00:00,4739.9855504985
2023-11-11 12:00:00+00:00,4949.434085168435
2023-11-11 16:00:00+00:00,4978.173054839481
2023-11-11 20:00:00+00:00,4832.756146747536
2023-11-12 00:00:00+00:00,4828.752007845226
2023-11-12 04:00:00+00:00,4995.191300266773
2023-11-12 08:00:00+00:00,4956.138936141745
2023-11-12 12:00:00+00:00,4905.876366032814
2023-11-12 16:00:00+00:00,4837.47709974938
2023-11-12 20:00:00+00:00,4846.456527088293
2023-11-13 00:00:00+00:00,4813.47211009425
2023-11-13 04:00:00+00:00,4852.361918569166
2023-11-13 08:00:00+00:00,4802.5423960098815
2023-11-13 12:00:00+00:00,4779.490369542436
2023-11-13 16:00:00+00:00,4741.147216101615
2023-11-13 20:00:00+00:00,4595.237596980185
2023-11-14 00:00:00+00:00,4670.551865036328
2023-11-14 04:00:00+00:00,4729.303146084577
2023-11-14 08:00:00+00:00,4602.525249795957
2023-11-14 12:00:00+00:00,4711.720656364469
2023-11-14 16:00:00+00:00,4582.724891387412
2023-11-14 20:00:00+00:00,4655.534559832961
2023-11-15 00:00:00+00:00,4646.492697383872
2023-11-15 04:00:00+00:00,4774.613618210847
2023-11-15 08:00:00+00:00,4942.410130772811
2023-11-15 12:00:00+00:00,4947.455972557939
2023-11-15 16:00:00+00:00,5067.791914602384
2023-11-15 20:00:00+00:00,5084.871241276602
2023-11-16 00:00:00+00:00,5123.627460811081
2023-11-16 04:00:00+00:00,5175.980594299741
2023-11-16 08:00:00+00:00,5123.761638752864
2023-11-16 12:00:00+00:00,4948.999689477376
2023-11-16 16:00:00+00:00,4948.363803516977
2023-11-16 20:00:00+00:00,4818.657674982781
2023-11-17 00:00:00+00:00,4918.053996796909
2023-11-17 04:00:00+00:00,4881.042827265559
2023-11-17 08:00:00+00:00,4868.727966025169
2023-11-17 12:00:00+00:00,4662.48644376647
2023-11-17 16:00:00+00:00,4816.903502697994
2023-11-17 20:00:00+00:00,4905.831660008514
2023-11-18 00:00:00+00:00,4794.3133859577165
2023-11-18 04:00:00+00:00,4773.687094670342
2023-11-18 08:00:00+00:00,4806.222397496305
2023-11-18 12:00:00+00:00,4837.364622905869
2023-11-18 16:00:00+00:00,4885.6800100857645
2023-11-18 20:00:00+00:00,4856.371008520633
2023-11-19 00:00:00+00:00,4817.619199887839
2023-11-19 04:00:00+00:00,4898.207700504319
2023-11-19 08:00:00+00:00,4856.20843975023
2023-11-19 12:00:00+00:00,4882.485815618476
2023-11-19 16:00:00+00:00,4976.05828080754
2023-11-19 20:00:00+00:00,4997.606703508951
2023-11-20 00:00:00+00:00,4950.178366256724
2023-11-20 04:00:00+00:00,4971.060661879739
2023-11-20 08:00:00+00:00,4975.751223625942
2023-11-20 12:00:00+00:00,4940.081403528028
2023-11-20 16:00:00+00:00,4888.99911250962
2023-11-20 20:00:00+00:00,4813.417851864262
2023-11-21 00:00:00+00:00,4810.482632241655
2023-11-21 04:00:00+00:00,4757.394934506735
2023-11-21 08:00:00+00:00,4802.688869153782
2023-11-21 12:00:00+00:00,4761.24048391436
2023-11-21 16:00:00+00:00,4672.926398848325
2023-11-21 20:00:00+00:00,4451.768602593329
2023-11-22 00:00:00+00:00,4621.837888471542
2023-11-22 04:00:00+00:00,4638.237952048173
2023-11-22 08:00:00+00:00,4640.847872828845
2023-11-22 12:00:00+00:00,4653.758327998228
2023-11-22 16:00:00+00:00,4793.513719358069
2023-11-22 20:00:00+00:00,4793.975677340988
2023-11-23 00:00:00+00:00,4798.606620939644
2023-11-23 04:00:00+00:00,4810.453522668383
2023-11-23 08:00:00+00:00,4803.996707887613
2023-11-23 12:00:00+00:00,4743.331726772036
2023-11-23 16:00:00+00:00,4764.943336559392
2023-11-23 20:00:00+00:00,4777.716939623018
2023-11-24 00:00:00+00:00,4811.705438428559
2023-11-24 04:00:00+00:00,4828.799836904948
2023-11-24 08:00:00+00:00,4853.117287913936
2023-11-24 12:00:00+00:00,4883.435458891815
2023-11-24 16:00:00+00:00,4818.99402352725
2023-11-24 20:00:00+00:00,4817.443774047279
2023-11-25 00:00:00+00:00,4898.02921985987
2023-11-25 04:00:00+00:00,4891.12128588367
2023-11-25 08:00:00+00:00,4838.708554463431
2023-11-25 12:00:00+00:00,4872.822802301361
2023-11-25 16:00:00+00:00,4893.220249683686
2023-11-25 20:00:00+00:00,4898.089050705728
2023-11-26 00:00:00+00:00,4866.214204773123
2023-11-26 04:00:00+00:00,4886.314680256676
2023-11-26 08:00:00+00:00,4867.66987618211
2023-11-26 12:00:00+00:00,4810.676820370518
2023-11-26 16:00:00+00:00,4803.456527489901
2023-11-26 20:00:00+00:00,4836.996650326779
2023-11-27 00:00:00+00:00,4781.787852663558
2023-11-27 04:00:00+00:00,4779.53078464123
2023-11-27 08:00:00+00:00,4719.480774097101
2023-11-27 12:00:00+00:00,4641.537377628546
2023-11-27 16:00:00+00:00,4646.237771451929
2023-11-27 20:00:00+00:00,4715.273915216658
2023-11-28 00:00:00+00:00,4701.461536177127
2023-11-28 04:00:00+00:00,4677.474734099015
2023-11-28 08:00:00+00:00,4740.380652215317
2023-11-28 12:00:00+00:00,4771.521640696772
2023-11-28 16:00:00+00:00,4851.354461077076
2023-11-28 20:00:00+00:00,4851.945899848232
2023-11-29 00:00:00+00:00,4866.485275388041
2023-11-29 04:00:00+00:00,4902.181129524047
2023-11-29 08:00:00+00:00,4936.889377083601
2023-11-29 12:00:00+00:00,4893.043473087812
2023-11-29 16:00:00+00:00,4905.716134851213
2023-11-29 20:00:00+00:00,4871.6057735669565
2023-11-30 00:00:00+00:00,4921.854477136157
2023-11-30 04:00:00+00:00,4892.917736721768
2023-11-30 08:00:00+00:00,4927.786073398101
2023-11-30 12:00:00+00:00,4887.497442911395
2023-11-30 16:00:00+00:00,4917.225164821833
2023-11-30 20:00:00+00:00,4907.07732314121
2023-12-01 00:00:00+00:00,4992.452725140687
2023-12-01 04:00:00+00:00,4996.239735171833
2023-12-01 08:00:00+00:00,5004.702179005983
2023-12-01 12:00:00+00:00,4964.594284071414
2023-12-01 16:00:00+00:00,4984.359576604473
2023-12-01 20:00:00+00:00,4967.773566333633
2023-12-02 00:00:00+00:00,5018.7547734069
2023-12-02 04:00:00+00:00,5047.864285710048
2023-12-02 08:00:00+00:00,5048.667418944194
2023-12-02 12:00:00+00:00,5050.740664629395
2023-12-02 16:00:00+00:00,5133.0993790681005
2023-12-02 20:00:00+00:00,5156.863056010155
2023-12-03 00:00:00+00:00,5161.382343453107
2023-12-03 04:00:00+00:00,5158.848104481898
2023-12-03 08:00:00+00:00,5138.561263329761
2023-12-03 12:00:00+00:00,5104.782330402876
2023-12-03 16:00:00+00:00,5113.990161322794
2023-12-03 20:00:00+00:00,5135.949732203617
2023-12-04 00:00:00+00:00,5202.55697875758
2023-12-04 04:00:00+00:00,5264.883172703921
2023-12-04 08:00:00+00:00,5159.127751273762
2023-12-04 12:00:00+00:00,5106.107163444436
2023-12-04 16:00:00+00:00,5146.254461072788
2023-12-04 20:00:00+00:00,5220.43441131267
2023-12-05 00:00:00+00:00,5163.434588329802
2023-12-05 04:00:00+00:00,5084.074532646127
2023-12-05 08:00:00+00:00,5097.146275540076
2023-12-05 12:00:00+00:00,5155.913150341123
2023-12-05 16:00:00+00:00,5280.489472257441
2023-12-05 20:00:00+00:00,5293.1254578160615
2023-12-06 00:00:00+00:00,5418.735713575902
2023-12-06 04:00:00+00:00,5453.690076355797
2023-12-06 08:00:00+00:00,5403.529233159727
2023-12-06 12:00:00+00:00,5416.813890243143
2023-12-06 16:00:00+00:00,5487.093672817382
2023-12-06 20:00:00+00:00,5345.55148661836
2023-12-07 00:00:00+00:00,5405.611288584239
2023-12-07 04:00:00+00:00,5444.452412083771
2023-12-07 08:00:00+00:00,5391.756571015205
2023-12-07 12:00:00+00:00,5498.586419314479
2023-12-07 16:00:00+00:00,5449.214281825411
2023-12-07 20:00:00+00:00,5559.171743124128
2023-12-08 00:00:00+00:00,5688.745738372323
2023-12-08 04:00:00+00:00,5686.278731106037
2023-12-08 08:00:00+00:00,5789.262626585612
2023-12-08 12:00:00+00:00,5793.856142418074
2023-12-08 16:00:00+00:00,5865.32458962967
2023-12-08 20:00:00+00:00,5981.310265720825
2023-12-09 00:00:00+00:00,6028.250570096137
2023-12-09 04:00:00+00:00,6182.473839704818
2023-12-09 08:00:00+00:00,6153.301592943488
2023-12-09 12:00:00+00:00,6075.213125902434
2023-12-09 16:00:00+00:00,5993.348998373533
2023-12-09 20:00:00+00:00,5891.96123915032
2023-12-10 00:00:00+00:00,5969.570421342349
2023-12-10 04:00:00+00:00,5947.600656460722
2023-12-10 08:00:00+00:00,5873.352356462022
2023-12-10 12:00:00+00:00,5987.548287902795
2023-12-10 16:00:00+00:00,6040.270101172917
2023-12-10 20:00:00+00:00,6102.623611918679
2023-12-11 00:00:00+00:00,5852.239886045431
2023-12-11 04:00:00+00:00,5716.2628927622845
2023-12-11 08:00:00+00:00,5801.150015424257
2023-12-11 12:00:00+00:00,5729.675800920435
2023-12-11 16:00:00+00:00,5699.5560630282025
2023-12-11 20:00:00+00:00,5789.797932986462
2023-12-12 00:00:00+00:00,5934.383151477099
2023-12-12 04:00:00+00:00,5953.803727751908
2023-12-12 08:00:00+00:00,5874.694986119947
2023-12-12 12:00:00+00:00,5758.485810197454
2023-12-12 16:00:00+00:00,5710.176661038736
2023-12-12 20:00:00+00:00,5758.074505427961
2023-12-13 00:00:00+00:00,5546.2052025686135
2023-12-13 04:00:00+00:00,5549.8410290319625
2023-12-13 08:00:00+00:00,5584.395136613817
2023-12-13 12:00:00+00:00,5768.033358301574
2023-12-13 16:00:00+00:00,5933.6908040686085
2023-12-13 20:00:00+00:00,5938.540341677788
2023-12-14 00:00:00+00:00,5891.968449738978
2023-12-14 04:00:00+00:00,5952.423096335761
2023-12-14 08:00:00+00:00,6059.261847299628
2023-12-14 12:00:00+00:00,5920.794982802353
2023-12-14 16:00:00+00:00,6017.755030568406
2023-12-14 20:00:00+00:00,6111.854931034958
2023-12-15 00:00:00+00:00,6053.953557838364
2023-12-15 04:00:00+00:00,6075.571089852402
2023-12-15 08:00:00+00:00,6178.22395535734
2023-12-15 12:00:00+00:00,6021.808439240867
2023-12-15 16:00:00+00:00,6073.6468767873785
2023-12-15 20:00:00+00:00,5882.062642341252
2023-12-16 00:00:00+00:00,5993.354220343131
2023-12-16 04:00:00+00:00,5998.249132142186
2023-12-16 08:00:00+00:00,6068.499931531183
2023-12-16 12:00:00+00:00,6154.613304520511
2023-12-16 16:00:00+00:00,6003.892205822456
2023-12-16 20:00:00+00:00,6007.3089163632585
2023-12-17 00:00:00+00:00,5996.069036179912
2023-12-17 04:00:00+00:00,5896.61234381999
2023-12-17 08:00:00+00:00,5958.901128973662
2023-12-17 12:00:00+00:00,5935.174617837646
2023-12-17 16:00:00+00:00,5966.481915327694
2023-12-17 20:00:00+00:00,5814.597212826789
2023-12-18 00:00:00+00:00,5739.952630613036
2023-12-18 04:00:00+00:00,5685.178514263725
2023-12-18 08:00:00+00:00,5631.876705698348
2023-12-18 12:00:00+00:00,5713.26713203235
2023-12-18 16:00:00+00:00,5806.609752896707
2023-12-18 20:00:00+00:00,5950.421457786079
2023-12-19 00:00:00+00:00,5985.077658168676
2023-12-19 04:00:00+00:00,6005.600657169126
2023-12-19 08:00:00+00:00,5970.40071883826
2023-12-19 12:00:00+00:00,5885.908918914613
2023-12-19 16:00:00+00:00,5896.615695703308
2023-12-19 20:00:00+00:00,5846.726775228425
2023-12-20 00:00:00+00:00,5919.243951244129
2023-12-20 04:00:00+00:00,5999.92303891748
2023-12-20 08:00:00+00:00,6044.480236624201
2023-12-20 12:00:00+00:00,6224.720320332536
2023-12-20 16:00:00+00:00,6186.730524524433
2023-12-20 20:00:00+00:00,6214.529472529427
2023-12-21 00:00:00+00:00,6256.349802501896
2023-12-21 04:00:00+00:00,6374.784453989108
2023-12-21 08:00:00+00:00,6449.792470813281
2023-12-21 12:00:00+00:00,6422.129424110903
2023-12-21 16:00:00+00:00,6608.464721100147
2023-12-21 20:00:00+00:00,6686.364367779694
2023-12-22 00:00:00+00:00,6798.411197834834
2023-12-22 04:00:00+00:00,6636.096594201157
2023-12-22 08:00:00+00:00,6646.45299421203
2023-12-22 12:00:00+00:00,6727.847405722687
2023-12-22 16:00:00+00:00,6726.524085803866
2023-12-22 20:00:00+00:00,6791.616028159555
2023-12-23 00:00:00+00:00,6577.397572774738
2023-12-23 04:00:00+00:00,6651.537954658337
2023-12-23 08:00:00+00:00,6673.9551703225325
2023-12-23 12:00:00+00:00,6715.315675340444
2023-12-23 16:00:00+00:00,6878.137453517296
2023-12-23 20:00:00+00:00,7075.350044063818
2023-12-24 00:00:00+00:00,7318.216526228098
2023-12-24 04:00:00+00:00,7239.18174664099
2023-12-24 08:00:00+00:00,7137.768399812017
2023-12-24 12:00:00+00:00,7226.246961618653
2023-12-24 16:00:00+00:00,7298.773663787031
2023-12-24 20:00:00+00:00,7123.91043085504
2023-12-25 00:00:00+00:00,7132.833086428076
2023-12-25 04:00:00+00:00,7157.740180942158
2023-12-25 08:00:00+00:00,7143.446402673227
2023-12-25 12:00:00+00:00,7492.114667053481
2023-12-25 16:00:00+00:00,7428.895269736976
2023-12-25 20:00:00+00:00,7441.076402252785
2023-12-26 00:00:00+00:00,7387.26819082501
2023-12-26 04:00:00+00:00,7153.700404187213
2023-12-26 08:00:00+00:00,7238.880880083519
2023-12-26 12:00:00+00:00,7078.505062293034
2023-12-26 16:00:00+00:00,6905.000615791771
2023-12-26 20:00:00+00:00,7121.381216054741
2023-12-27 00:00:00+00:00,6940.650112783311
2023-12-27 04:00:00+00:00,7059.126974307578
2023-12-27 08:00:00+00:00,7194.6207499226175
2023-12-27 12:00:00+00:00,7093.477389527117
2023-12-27 16:00:00+00:00,7133.160601806588
2023-12-27 20:00:00+00:00,7105.735793720265
2023-12-28 00:00:00+00:00,7089.182339439204
2023-12-28 04:00:00+00:00,7072.818038506848
2023-12-28 08:00:00+00:00,7090.146983162357
2023-12-28 12:00:00+00:00,6826.354606397794
2023-12-28 16:00:00+00:00,6881.585844725713
2023-12-28 20:00:00+00:00,6867.314873659249
2023-12-29 00:00:00+00:00,6965.820998301067
2023-12-29 04:00:00+00:00,6924.320018765707
2023-12-29 08:00:00+00:00,7066.8784161071335
2023-12-29 12:00:00+00:00,6926.249317476726
2023-12-29 16:00:00+00:00,6928.797125157743
2023-12-29 20:00:00+00:00,6922.969033160859
2023-12-30 00:00:00+00:00,6842.4528675032325
2023-12-30 04:00:00+00:00,6831.465586015058
2023-12-30 08:00:00+00:00,6780.8536120727695
2023-12-30 12:00:00+00:00,6885.500486735121
2023-12-30 16:00:00+00:00,6845.932487844108
2023-12-30 20:00:00+00:00,6784.5067125449
2023-12-31 00:00:00+00:00,6739.964238975867
2023-12-31 04:00:00+00:00,6882.361262708863
2023-12-31 08:00:00+00:00,6879.13389383051
2023-12-31 12:00:00+00:00,6806.720685536007
2023-12-31 16:00:00+00:00,6843.482161439053
2023-12-31 20:00:00+00:00,6737.312494986268
2024-01-01 00:00:00+00:00,6761.536728653132
2024-01-01 04:00:00+00:00,6766.450548359439
2024-01-01 08:00:00+00:00,6849.513387924012
2024-01-01 12:00:00+00:00,6923.832073268382
2024-01-01 16:00:00+00:00,7044.968853423819
2024-01-01 20:00:00+00:00,7111.4827030553615
2024-01-02 00:00:00+00:00,7199.918205502328
2024-01-02 04:00:00+00:00,7297.338643084987
2024-01-02 08:00:00+00:00,7272.691448711717
2024-01-02 12:00:00+00:00,7072.403602142711
2024-01-02 16:00:00+00:00,7019.764735932014
2024-01-02 20:00:00+00:00,6979.907901179407
2024-01-03 00:00:00+00:00,7032.895964139909
2024-01-03 04:00:00+00:00,7033.7090858745
2024-01-03 08:00:00+00:00,6836.263190882303
2024-01-03 12:00:00+00:00,6592.819803798452
2024-01-03 16:00:00+00:00,6418.629715011488
2024-01-03 20:00:00+00:00,6477.5494200429375
2024-01-04 00:00:00+00:00,6562.765358836898
2024-01-04 04:00:00+00:00,6489.626710733016
2024-01-04 08:00:00+00:00,6497.535239779007
2024-01-04 12:00:00+00:00,6730.257009291537
2024-01-04 16:00:00+00:00,6751.559555065985
2024-01-04 20:00:00+00:00,6753.429453043448
2024-01-05 00:00:00+00:00,6570.002442708205
2024-01-05 04:00:00+00:00,6574.093339900994
2024-01-05 08:00:00+00:00,6503.494566465191
2024-01-05 12:00:00+00:00,6426.254070323319
2024-01-05 16:00:00+00:00,6415.455575461784
2024-01-05 20:00:00+00:00,6526.379456228504
2024-01-06 00:00:00+00:00,6437.657421358098
2024-01-06 04:00:00+00:00,6255.961435876669
2024-01-06 08:00:00+00:00,6280.028639945936
2024-01-06 12:00:00+00:00,6320.52714927208
2024-01-06 16:00:00+00:00,6300.992142014808
2024-01-06 20:00:00+00:00,6263.71051482173
2024-01-07 00:00:00+00:00,6239.511359124712
2024-01-07 04:00:00+00:00,6324.786462377325
2024-01-07 08:00:00+00:00,6279.238607821711
2024-01-07 12:00:00+00:00,6247.620682926272
2024-01-07 16:00:00+00:00,6292.004825253071
2024-01-07 20:00:00+00:00,6063.256378101364
2024-01-08 00:00:00+00:00,5921.40382453561
2024-01-08 04:00:00+00:00,6050.51650592569
2024-01-08 08:00:00+00:00,6163.808595391661
2024-01-08 12:00:00+00:00,6267.133491371968
2024-01-08 16:00:00+00:00,6531.694397121608
2024-01-08 20:00:00+00:00,6477.698690053559
2024-01-09 00:00:00+00:00,6482.414202822431
2024-01-09 04:00:00+00:00,6570.678925694031
2024-01-09 08:00:00+00:00,6531.032241765981
2024-01-09 12:00:00+00:00,6422.098192172619
2024-01-09 16:00:00+00:00,6425.91575283652
2024-01-09 20:00:00+00:00,6429.25551602166
2024-01-10 00:00:00+00:00,6448.01746132145
2024-01-10 04:00:00+00:00,6379.023186519682
2024-01-10 08:00:00+00:00,6395.997073325843
2024-01-10 12:00:00+00:00,6326.459940071392
2024-01-10 16:00:00+00:00,6420.881677065599
2024-01-10 20:00:00+00:00,6764.726372488904
2024-01-11 00:00:00+00:00,6751.053488390155
2024-01-11 04:00:00+00:00,6709.811402674878
2024-01-11 08:00:00+00:00,6943.990764516998
2024-01-11 12:00:00+00:00,6787.664301786672
2024-01-11 16:00:00+00:00,6821.891123507174
2024-01-11 20:00:00+00:00,6755.240482769982
2024-01-12 00:00:00+00:00,6664.760929706146
2024-01-12 04:00:00+00:00,6691.973041360467
2024-01-12 08:00:00+00:00,6706.128916277965
2024-01-12 12:00:00+00:00,6549.244829823231
2024-01-12 16:00:00+00:00,6470.273689734917
2024-01-12 20:00:00+00:00,6315.774743253456
2024-01-13 00:00:00+00:00,6285.75026393593
2024-01-13 04:00:00+00:00,6352.390390842224
2024-01-13 08:00:00+00:00,6334.274495538455
2024-01-13 12:00:00+00:00,6380.55432604613
2024-01-13 16:00:00+00:00,6425.031725840105
2024-01-13 20:00:00+00:00,6460.703142225812
2024-01-14 00:00:00+00:00,6470.14211402605
2024-01-14 04:00:00+00:00,6544.949214108183
2024-01-14 08:00:00+00:00,6507.198288359453
2024-01-14 12:00:00+00:00,6589.885898407965
2024-01-14 16:00:00+00:00,6449.585600646469
2024-01-14 20:00:00+00:00,6333.777115549957
2024-01-15 00:00:00+00:00,6474.953040886554
2024-01-15 04:00:00+00:00,6465.144706917899
2024-01-15 08:00:00+00:00,6483.029286696721
2024-01-15 12:00:00+00:00,6371.995756342005
2024-01-15 16:00:00+00:00,6499.138903098647
2024-01-15 20:00:00+00:00,6417.9995179295065
2024-01-16 00:00:00+00:00,6493.971752413355
2024-01-16 04:00:00+00:00,6514.426649119652
2024-01-16 08:00:00+00:00,6496.794463538565
2024-01-16 12:00:00+00:00,6518.713549226944
2024-01-16 16:00:00+00:00,6505.418942712984
2024-01-16 20:00:00+00:00,6530.159279473413
2024-01-17 00:00:00+00:00,6601.895614040255
2024-01-17 04:00:00+00:00,6489.342732069932
2024-01-17 08:00:00+00:00,6632.619255814821
2024-01-17 12:00:00+00:00,6546.768516414904
2024-01-17 16:00:00+00:00,6580.43665480952
2024-01-17 20:00:00+00:00,6618.005833013449
2024-01-18 00:00:00+00:00,6538.18519661672
2024-01-18 04:00:00+00:00,6580.893825703175
2024-01-18 08:00:00+00:00,6501.363183892719
2024-01-18 12:00:00+00:00,6484.667604990925
2024-01-18 16:00:00+00:00,6182.517036730601
2024-01-18 20:00:00+00:00,6281.367544201424
2024-01-19 00:00:00+00:00,6221.679064441832
2024-01-19 04:00:00+00:00,6278.683231834225
2024-01-19 08:00:00+00:00,6313.877231117108
2024-01-19 12:00:00+00:00,6158.601542330825
2024-01-19 16:00:00+00:00,6278.3766722106375
2024-01-19 20:00:00+00:00,6278.487827630045
2024-01-20 00:00:00+00:00,6270.6039856045045
2024-01-20 04:00:00+00:00,6248.103075432777
2024-01-20 08:00:00+00:00,6240.188491306261
2024-01-20 12:00:00+00:00,6199.935704191361
2024-01-20 16:00:00+00:00,6257.4669748042
2024-01-20 20:00:00+00:00,6355.4219816967225
2024-01-21 00:00:00+00:00,6351.833807480944
2024-01-21 04:00:00+00:00,6324.950810975893
2024-01-21 08:00:00+00:00,6365.59374571179
2024-01-21 12:00:00+00:00,6334.888595528375
2024-01-21 16:00:00+00:00,6333.618970886126
2024-01-21 20:00:00+00:00,6260.072727245552
2024-01-22 00:00:00+00:00,6172.548617102912
2024-01-22 04:00:00+00:00,6161.56503404394
2024-01-22 08:00:00+00:00,6087.188816016334
2024-01-22 12:00:00+00:00,6048.903282139604
2024-01-22 16:00:00+00:00,5875.090309391344
2024-01-22 20:00:00+00:00,5854.920000622141
2024-01-23 00:00:00+00:00,5922.598615984385
2024-01-23 04:00:00+00:00,5817.558104703104
2024-01-23 08:00:00+00:00,5613.282402771692
2024-01-23 12:00:00+00:00,5715.216187628686
2024-01-23 16:00:00+00:00,5636.418346820217
2024-01-23 20:00:00+00:00,5820.55340834564
2024-01-24 00:00:00+00:00,5758.003086837761
2024-01-24 04:00:00+00:00,5861.562073740261
2024-01-24 08:00:00+00:00,5918.457737966961
2024-01-24 12:00:00+00:00,5891.177108714827
2024-01-24 16:00:00+00:00,5848.134499521773
2024-01-24 20:00:00+00:00,5943.134085819627
2024-01-25 00:00:00+00:00,5899.464243188648
2024-01-25 04:00:00+00:00,5899.555031031878
2024-01-25 08:00:00+00:00,5920.333002438731
2024-01-25 12:00:00+00:00,5802.414556982181
2024-01-25 16:00:00+00:00,5875.509313918389
2024-01-25 20:00:00+00:00,5850.084498115533
2024-01-26 00:00:00+00:00,5890.474395997034
2024-01-26 04:00:00+00:00,5849.692380129086
2024-01-26 08:00:00+00:00,6084.579598369971
2024-01-26 12:00:00+00:00,6097.194471423192
2024-01-26 16:00:00+00:00,6136.165528007226
2024-01-26 20:00:00+00:00,6115.303897876428
2024-01-27 00:00:00+00:00,6145.580822513894
2024-01-27 04:00:00+00:00,6071.279091399792
2024-01-27 08:00:00+00:00,6106.779336231709
2024-01-27 12:00:00+00:00,6136.799529147785
2024-01-27 16:00:00+00:00,6154.311898784044
2024-01-27 20:00:00+00:00,6196.001483655953
2024-01-28 00:00:00+00:00,6324.202004033682
2024-01-28 04:00:00+00:00,6289.10492498368
2024-01-28 08:00:00+00:00,6369.465729829379
2024-01-28 12:00:00+00:00,6308.0472058807645
2024-01-28 16:00:00+00:00,6194.16634723208
2024-01-28 20:00:00+00:00,6251.980693128144
2024-01-29 00:00:00+00:00,6329.644224150061
2024-01-29 04:00:00+00:00,6272.664394017888
2024-01-29 08:00:00+00:00,6318.84027864382
2024-01-29 12:00:00+00:00,6425.815174594684
2024-01-29 16:00:00+00:00,6481.830061131939
2024-01-29 20:00:00+00:00,6514.051053218958
2024-01-30 00:00:00+00:00,6525.4580866773285
2024-01-30 04:00:00+00:00,6540.218309255467
2024-01-30 08:00:00+00:00,6652.227004872704
2024-01-30 12:00:00+00:00,6599.953613031539
2024-01-30 16:00:00+00:00,6613.721863064871
2024-01-30 20:00:00+00:00,6455.216216592284
2024-01-31 00:00:00+00:00,6451.356597000071
2024-01-31 04:00:00+00:00,6462.779180315832
2024-01-31 08:00:00+00:00,6356.894544289153
2024-01-31 12:00:00+00:00,6451.982571821846
2024-01-31 16:00:00+00:00,6441.946742287395
2024-01-31 20:00:00+00:00,6248.7919132474
2024-02-01 00:00:00+00:00,6131.66126754788
2024-02-01 04:00:00+00:00,6184.632981822421
2024-02-01 08:00:00+00:00,6185.564879829383
2024-02-01 12:00:00+00:00,6247.096846803924
2024-02-01 16:00:00+00:00,6336.114117674549
2024-02-01 20:00:00+00:00,6335.848209027182
2024-02-02 00:00:00+00:00,6391.622595985897
2024-02-02 04:00:00+00:00,6471.68535999517
2024-02-02 08:00:00+00:00,6510.641238662632
2024-02-02 12:00:00+00:00,6511.678692066931
2024-02-02 16:00:00+00:00,6435.6269674739815
2024-02-02 20:00:00+00:00,6480.91271661377
2024-02-03 00:00:00+00:00,6429.851060567497
2024-02-03 04:00:00+00:00,6423.745848253808
2024-02-03 08:00:00+00:00,6423.981127101519
2024-02-03 12:00:00+00:00,6404.6167665666935
2024-02-03 16:00:00+00:00,6413.821160895318
2024-02-03 20:00:00+00:00,6388.687343132216
2024-02-04 00:00:00+00:00,6411.00907591298
2024-02-04 04:00:00+00:00,6330.631427607603
2024-02-04 08:00:00+00:00,6394.648585701253
2024-02-04 12:00:00+00:00,6390.577322082374
2024-02-04 16:00:00+00:00,6339.247827969166
2024-02-04 20:00:00+00:00,6289.531642320563
2024-02-05 00:00:00+00:00,6318.651012877823
2024-02-05 04:00:00+00:00,6386.503812313606
2024-02-05 08:00:00+00:00,6428.948601006701
2024-02-05 12:00:00+00:00,6309.729343174804
2024-02-05 16:00:00+00:00,6326.750153862758
2024-02-05 20:00:00+00:00,6307.8225545178975
2024-02-06 00:00:00+00:00,6320.274092217467
2024-02-06 04:00:00+00:00,6311.80276490049
2024-02-06 08:00:00+00:00,6256.686048476304
2024-02-06 12:00:00+00:00,6316.322981611547
2024-02-06 16:00:00+00:00,6385.815641890473
2024-02-06 20:00:00+00:00,6346.063903574404
2024-02-07 00:00:00+00:00,6292.6136772356
2024-02-07 04:00:00+00:00,6295.984217316081
2024-02-07 08:00:00+00:00,6284.188841481841
2024-02-07 12:00:00+00:00,6332.979122912646
2024-02-07 16:00:00+00:00,6406.46481727126
2024-02-07 20:00:00+00:00,6543.066610781288
2024-02-08 00:00:00+00:00,6576.412125734527
2024-02-08 04:00:00+00:00,6558.502739477291
2024-02-08 08:00:00+00:00,6570.467041576579
2024-02-08 12:00:00+00:00,6705.883697324198
2024-02-08 16:00:00+00:00,6602.597286888518
2024-02-08 20:00:00+00:00,6612.243198442399
2024-02-09 00:00:00+00:00,6690.745704257329
2024-02-09 04:00:00+00:00,6734.56250869563
2024-02-09 08:00:00+00:00,6796.316046061848
2024-02-09 12:00:00+00:00,6796.122796807078
2024-02-09 16:00:00+00:00,6790.835513441556
2024-02-09 20:00:00+00:00,6843.5832825151465
2024-02-10 00:00:00+00:00,6981.863950522376
2024-02-10 04:00:00+00:00,6902.902922412725
2024-02-10 08:00:00+00:00,6860.963581619226
2024-02-10 12:00:00+00:00,6892.867577844734
2024-02-10 16:00:00+00:00,6923.136738132343
2024-02-10 20:00:00+00:00,6952.840576963415
2024-02-11 00:00:00+00:00,7008.615989543172
2024-02-11 04:00:00+00:00,7026.917175426122
2024-02-11 08:00:00+00:00,7035.661449079576
2024-02-11 12:00:00+00:00,6970.744061398397
2024-02-11 16:00:00+00:00,6954.998591705153
2024-02-11 20:00:00+00:00,6921.708478992319
2024-02-12 00:00:00+00:00,6854.771106046735
2024-02-12 04:00:00+00:00,6846.531409802
2024-02-12 08:00:00+00:00,6786.18162660045
2024-02-12 12:00:00+00:00,7008.321898200659
2024-02-12 16:00:00+00:00,7059.551021868652
2024-02-12 20:00:00+00:00,7150.643313063193
2024-02-13 00:00:00+00:00,7153.339126241034
2024-02-13 04:00:00+00:00,7205.099046802772
2024-02-13 08:00:00+00:00,7210.101904574341
2024-02-13 12:00:00+00:00,7020.4516555518
2024-02-13 16:00:00+00:00,7049.948481826741
2024-02-13 20:00:00+00:00,7104.117201591263
2024-02-14 00:00:00+00:00,7091.098837870217
2024-02-14 04:00:00+00:00,7148.257678093015
2024-02-14 08:00:00+00:00,7324.976533633321
2024-02-14 12:00:00+00:00,7357.567756030639
2024-02-14 16:00:00+00:00,7379.287196863113
2024-02-14 20:00:00+00:00,7409.610073119338
2024-02-15 00:00:00+00:00,7474.175374939554
2024-02-15 04:00:00+00:00,7395.777575593108
2024-02-15 08:00:00+00:00,7446.314308848864
2024-02-15 12:00:00+00:00,7395.851076207681
2024-02-15 16:00:00+00:00,7398.812435146939
2024-02-15 20:00:00+00:00,7384.219967546524
2024-02-16 00:00:00+00:00,7445.002403952525
2024-02-16 04:00:00+00:00,7314.639379828046
2024-02-16 08:00:00+00:00,7359.343549412716
2024-02-16 12:00:00+00:00,7236.822578092339
2024-02-16 16:00:00+00:00,7188.045611910582
2024-02-16 20:00:00+00:00,7281.450953131409
2024-02-17 00:00:00+00:00,7251.542821379393
2024-02-17 04:00:00+00:00,7265.029429765748
2024-02-17 08:00:00+00:00,7205.829573886254
2024-02-17 12:00:00+00:00,7091.800893565739
2024-02-17 16:00:00+00:00,7152.432685340064
2024-02-17 20:00:00+00:00,7195.150368166475
2024-02-18 00:00:00+00:00,7172.3038866942725
2024-02-18 04:00:00+00:00,7229.713027338462
2024-02-18 08:00:00+00:00,7310.625821678601
2024-02-18 12:00:00+00:00,7313.908763759755
2024-02-18 16:00:00+00:00,7335.364333911216
2024-02-18 20:00:00+00:00,7344.547412716594
2024-02-19 00:00:00+00:00,7339.991693107177
2024-02-19 04:00:00+00:00,7419.320962802496
2024-02-19 08:00:00+00:00,7379.635774725682
2024-02-19 12:00:00+00:00,7401.842386312722
2024-02-19 16:00:00+00:00,7376.099304169278
2024-02-19 20:00:00+00:00,7376.382367297949
2024-02-20 00:00:00+00:00,7284.385648695803
2024-02-20 04:00:00+00:00,7300.622263554543
2024-02-20 08:00:00+00:00,7335.075271443014
2024-02-20 12:00:00+00:00,7126.96644857732
2024-02-20 16:00:00+00:00,7201.287062396812
2024-02-20 20:00:00+00:00,7254.65799748735
2024-02-21 00:00:00+00:00,7177.674887916466
2024-02-21 04:00:00+00:00,7073.264552771321
2024-02-21 08:00:00+00:00,6967.9249059860285
2024-02-21 12:00:00+00:00,7016.791212678412
2024-02-21 16:00:00+00:00,6969.47062925658
2024-02-21 20:00:00+00:00,7126.471417035105
2024-02-22 00:00:00+00:00,7039.475705220412
2024-02-22 04:00:00+00:00,7148.9075176444285
2024-02-22 08:00:00+00:00,7157.23348169241
2024-02-22 12:00:00+00:00,7138.230283803487
2024-02-22 16:00:00+00:00,7089.412698577054
2024-02-22 20:00:00+00:00,7004.955488824357
2024-02-23 00:00:00+00:00,6982.298899638997
2024-02-23 04:00:00+00:00,6964.792040593068
2024-02-23 08:00:00+00:00,7001.067348284051
2024-02-23 12:00:00+00:00,6893.9440503456735
2024-02-23 16:00:00+00:00,6987.395026954898
2024-02-23 20:00:00+00:00,6908.170000569615
2024-02-24 00:00:00+00:00,6932.074740545512
2024-02-24 04:00:00+00:00,7022.527880883132
2024-02-24 08:00:00+00:00,7030.1198965398935
2024-02-24 12:00:00+00:00,7016.737547525646
2024-02-24 16:00:00+00:00,7105.886242320681
2024-02-24 20:00:00+00:00,7108.969247677011
2024-02-25 00:00:00+00:00,7098.889613416369
2024-02-25 04:00:00+00:00,7093.12631306694
2024-02-25 08:00:00+00:00,7091.826981847447
2024-02-25 12:00:00+00:00,7091.667446811355
2024-02-25 16:00:00+00:00,7138.151212017214
2024-02-25 20:00:00+00:00,7151.71409248898
2024-02-26 00:00:00+00:00,7122.868445881318
2024-02-26 04:00:00+00:00,7101.401113393105
2024-02-26 08:00:00+00:00,7013.972247072429
2024-02-26 12:00:00+00:00,7247.351757305882
2024-02-26 16:00:00+00:00,7448.929960779871
2024-02-26 20:00:00+00:00,7468.220906198322
2024-02-27 00:00:00+00:00,7495.626146183517
2024-02-27 04:00:00+00:00,7510.633267960857
2024-02-27 08:00:00+00:00,7605.576093596798
2024-02-27 12:00:00+00:00,7456.342044117427
2024-02-27 16:00:00+00:00,7589.372477726251
2024-02-27 20:00:00+00:00,7566.696850449265
2024-02-28 00:00:00+00:00,7505.124881525125
2024-02-28 04:00:00+00:00,7650.646180346731
2024-02-28 08:00:00+00:00,7700.806820825174
2024-02-28 12:00:00+00:00,7834.248288258525
2024-02-28 16:00:00+00:00,7819.518034175863
2024-02-28 20:00:00+00:00,8152.148590634916
2024-02-29 00:00:00+00:00,8375.37951278144
2024-02-29 04:00:00+00:00,8528.517430572194
2024-02-29 08:00:00+00:00,8671.287400426085
2024-02-29 12:00:00+00:00,8798.421568773067
2024-02-29 16:00:00+00:00,8615.123920438538
2024-02-29 20:00:00+00:00,8310.197348880874
2024-03-01 00:00:00+00:00,8610.978001554722
2024-03-01 04:00:00+00:00,8524.366827189979
2024-03-01 08:00:00+00:00,8691.886753552893
2024-03-01 12:00:00+00:00,8568.823248542287
2024-03-01 16:00:00+00:00,8714.437834202636
2024-03-01 20:00:00+00:00,8746.254550033933
2024-03-02 00:00:00+00:00,8864.959408062015
2024-03-02 04:00:00+00:00,8863.746179565143
2024-03-02 08:00:00+00:00,8791.372369247567
2024-03-02 12:00:00+00:00,8728.018931607694
2024-03-02 16:00:00+00:00,8876.958083029238
2024-03-02 20:00:00+00:00,8899.43328888296
2024-03-03 00:00:00+00:00,8870.341814391744
2024-03-03 04:00:00+00:00,8580.404473268785
2024-03-03 08:00:00+00:00,8787.178441840471
2024-03-03 12:00:00+00:00,8793.554734066201
2024-03-03 16:00:00+00:00,8942.917798686463
2024-03-03 20:00:00+00:00,8978.548705195139
2024-03-04 00:00:00+00:00,8982.908702639397
2024-03-04 04:00:00+00:00,9103.57202050192
2024-03-04 08:00:00+00:00,9227.033500203024
2024-03-04 12:00:00+00:00,9319.511960227048
2024-03-04 16:00:00+00:00,9305.317225389956
2024-03-04 20:00:00+00:00,9453.701329891455
2024-03-05 00:00:00+00:00,9501.86360615513
2024-03-05 04:00:00+00:00,9299.629912375924
2024-03-05 08:00:00+00:00,9403.631355474614
2024-03-05 12:00:00+00:00,9556.16634153706
2024-03-05 16:00:00+00:00,8213.202789682831
2024-03-05 20:00:00+00:00,8697.698237926968
2024-03-06 00:00:00+00:00,8557.626031075104
2024-03-06 04:00:00+00:00,9249.876053147624
2024-03-06 08:00:00+00:00,9265.19953863704
2024-03-06 12:00:00+00:00,9020.22138373612
2024-03-06 16:00:00+00:00,9145.490281049546
2024-03-06 20:00:00+00:00,9144.922044034032
2024-03-07 00:00:00+00:00,9305.2703904127
2024-03-07 04:00:00+00:00,9303.817642918064
2024-03-07 08:00:00+00:00,9390.872732298863
2024-03-07 12:00:00+00:00,9642.997462319863
2024-03-07 16:00:00+00:00,9743.475025095657
2024-03-07 20:00:00+00:00,9617.492919058166
2024-03-08 00:00:00+00:00,9715.08035008084
2024-03-08 04:00:00+00:00,9684.25076206229
2024-03-08 08:00:00+00:00,9885.433187399483
2024-03-08 12:00:00+00:00,9676.259376176224
2024-03-08 16:00:00+00:00,9831.348110775394
2024-03-08 20:00:00+00:00,9707.429451872473
2024-03-09 00:00:00+00:00,9806.529525908792
2024-03-09 04:00:00+00:00,9871.355508159364
2024-03-09 08:00:00+00:00,9811.210210760682
2024-03-09 12:00:00+00:00,9849.157792912734
2024-03-09 16:00:00+00:00,9843.766355062591
2024-03-09 20:00:00+00:00,9856.436179931909
2024-03-10 00:00:00+00:00,9904.622999677387
2024-03-10 04:00:00+00:00,10001.00700054484
2024-03-10 08:00:00+00:00,9910.114904245267
2024-03-10 12:00:00+00:00,9765.201318925709
2024-03-10 16:00:00+00:00,9871.796606747925
2024-03-10 20:00:00+00:00,9831.3028533193
2024-03-11 00:00:00+00:00,9684.770483659308
2024-03-11 04:00:00+00:00,10068.414517876128
2024-03-11 08:00:00+00:00,10129.625460212625
2024-03-11 12:00:00+00:00,10154.222014992149
2024-03-11 16:00:00+00:00,10206.627632713908
2024-03-11 20:00:00+00:00,10382.087996046655
2024-03-12 00:00:00+00:00,10295.559807005358
2024-03-12 04:00:00+00:00,10313.606725830226
2024-03-12 08:00:00+00:00,10242.22627193192
2024-03-12 12:00:00+00:00,10343.829841392184
2024-03-12 16:00:00+00:00,10353.015323887725
2024-03-12 20:00:00+00:00,10355.74712127105
2024-03-13 00:00:00+00:00,10347.451868293414
2024-03-13 04:00:00+00:00,10444.949907136946
2024-03-13 08:00:00+00:00,10552.53448993857
2024-03-13 12:00:00+00:00,10533.218025422544
2024-03-13 16:00:00+00:00,10725.877366489029
2024-03-13 20:00:00+00:00,10874.354493314604
2024-03-14 00:00:00+00:00,11017.015155407533
2024-03-14 04:00:00+00:00,11112.646030394504
2024-03-14 08:00:00+00:00,11246.656979376794
2024-03-14 12:00:00+00:00,10822.433188276014
2024-03-14 16:00:00+00:00,10556.537589408976
2024-03-14 20:00:00+00:00,11156.518196166517
2024-03-15 00:00:00+00:00,10870.87791515032
2024-03-15 04:00:00+00:00,10881.207424245122
2024-03-15 08:00:00+00:00,10564.954584766809
2024-03-15 12:00:00+00:00,10993.486098127174
2024-03-15 16:00:00+00:00,11060.684151952571
2024-03-15 20:00:00+00:00,11218.448722904468
2024-03-16 00:00:00+00:00,11235.832746704533
2024-03-16 04:00:00+00:00,11455.817492827777
2024-03-16 08:00:00+00:00,11320.119953259653
2024-03-16 12:00:00+00:00,11294.713747022402
2024-03-16 16:00:00+00:00,10605.393310280417
2024-03-16 20:00:00+00:00,10603.587292536477
2024-03-17 00:00:00+00:00,10824.425654339457
2024-03-17 04:00:00+00:00,10490.64450716963
2024-03-17 08:00:00+00:00,11000.840408677785
2024-03-17 12:00:00+00:00,11191.21031025107
2024-03-17 16:00:00+00:00,11256.68288518478
2024-03-17 20:00:00+00:00,11395.545562140778
2024-03-18 00:00:00+00:00,11433.7161087451
2024-03-18 04:00:00+00:00,11459.50336311638
2024-03-18 08:00:00+00:00,11581.114202643275
2024-03-18 12:00:00+00:00,11311.09764471513
2024-03-18 16:00:00+00:00,11128.46682620312
2024-03-18 20:00:00+00:00,11124.735616871814
2024-03-19 00:00:00+00:00,10590.930641139406
2024-03-19 04:00:00+00:00,10571.829118232326
2024-03-19 08:00:00+00:00,10224.361099355952
2024-03-19 12:00:00+00:00,10490.941887120078
2024-03-19 16:00:00+00:00,10440.044954132138
2024-03-19 20:00:00+00:00,9844.862020347591
2024-03-20 00:00:00+00:00,9805.424219598452
2024-03-20 04:00:00+00:00,10077.337159208544
2024-03-20 08:00:00+00:00,10079.815973003988
2024-03-20 12:00:00+00:00,9961.536761032354
2024-03-20 16:00:00+00:00,10577.072702058833
2024-03-20 20:00:00+00:00,10992.554459274255
2024-03-21 00:00:00+00:00,10891.84413848065
2024-03-21 04:00:00+00:00,10847.56102996763
2024-03-21 08:00:00+00:00,10881.143312686982
2024-03-21 12:00:00+00:00,10837.259033565791
2024-03-21 16:00:00+00:00,10540.246764436544
2024-03-21 20:00:00+00:00,10637.821433116364
2024-03-22 00:00:00+00:00,10720.694617838148
2024-03-22 04:00:00+00:00,10796.26203281006
2024-03-22 08:00:00+00:00,10419.541491411332
2024-03-22 12:00:00+00:00,10282.519897616752
2024-03-22 16:00:00+00:00,10337.69514197749
2024-03-22 20:00:00+00:00,10405.668098238875
2024-03-23 00:00:00+00:00,10350.571432155544
2024-03-23 04:00:00+00:00,10560.112960349026
2024-03-23 08:00:00+00:00,10575.638093495743
2024-03-23 12:00:00+00:00,10624.2051999791
2024-03-23 16:00:00+00:00,10627.060421702046
2024-03-23 20:00:00+00:00,10423.550815283055
2024-03-24 00:00:00+00:00,10453.52145314687
2024-03-24 04:00:00+00:00,10589.25859680482
2024-03-24 08:00:00+00:00,10643.395202306308
2024-03-24 12:00:00+00:00,10711.79232367799
2024-03-24 16:00:00+00:00,10704.645712243226
2024-03-24 20:00:00+00:00,11012.637785654437
2024-03-25 00:00:00+00:00,11039.751612594211
2024-03-25 04:00:00+00:00,11037.013687799
2024-03-25 08:00:00+00:00,11097.20072181782
2024-03-25 12:00:00+00:00,11475.823290297663
2024-03-25 16:00:00+00:00,11479.60437742655
2024-03-25 20:00:00+00:00,11289.866417873804
2024-03-26 00:00:00+00:00,11422.941007879625
2024-03-26 04:00:00+00:00,11509.92898477702
2024-03-26 08:00:00+00:00,11576.787887722076
2024-03-26 12:00:00+00:00,11338.928820813995
2024-03-26 16:00:00+00:00,11206.884402330048
2024-03-26 20:00:00+00:00,11352.67796116536
2024-03-27 00:00:00+00:00,11373.807333974364
2024-03-27 04:00:00+00:00,11206.374505938791
2024-03-27 08:00:00+00:00,11311.561636415592
2024-03-27 12:00:00+00:00,11023.45721051628
2024-03-27 16:00:00+00:00,11030.259871965822
2024-03-27 20:00:00+00:00,11216.85341380848
2024-03-28 00:00:00+00:00,11144.265188067737
2024-03-28 04:00:00+00:00,11416.06884641879
2024-03-28 08:00:00+00:00,11514.393531933269
2024-03-28 12:00:00+00:00,11571.863269481588
2024-03-28 16:00:00+00:00,11618.856546399196
2024-03-28 20:00:00+00:00,11639.739213496308
2024-03-29 00:00:00+00:00,11578.310441201224
2024-03-29 04:00:00+00:00,11355.3396691434
2024-03-29 08:00:00+00:00,11515.395396476952
2024-03-29 12:00:00+00:00,11389.353218722626
2024-03-29 16:00:00+00:00,11529.237779480987
2024-03-29 20:00:00+00:00,11647.11303623504
2024-03-30 00:00:00+00:00,11632.627647444806
2024-03-30 04:00:00+00:00,11649.595145189527
2024-03-30 08:00:00+00:00,11795.123764645848
2024-03-30 12:00:00+00:00,11670.74299138961
2024-03-30 16:00:00+00:00,11604.884186040616
2024-03-30 20:00:00+00:00,11523.79978347944
2024-03-31 00:00:00+00:00,11580.25276401745
2024-03-31 04:00:00+00:00,11745.697202227777
2024-03-31 08:00:00+00:00,11705.130285007404
2024-03-31 12:00:00+00:00,11740.498090753938
2024-03-31 16:00:00+00:00,11991.152858511248
2024-03-31 20:00:00+00:00,12029.364611945624
2024-04-01 00:00:00+00:00,11958.660721473469
2024-04-01 04:00:00+00:00,11651.013755255412
2024-04-01 08:00:00+00:00,11551.136003054393
2024-04-01 12:00:00+00:00,11211.21606852079
2024-04-01 16:00:00+00:00,11465.62022669719
2024-04-01 20:00:00+00:00,11428.209570015058
2024-04-02 00:00:00+00:00,10868.644841987936
2024-04-02 04:00:00+00:00,10848.827571036334
2024-04-02 08:00:00+00:00,10678.422321576883
2024-04-02 12:00:00+00:00,10536.6088270109
2024-04-02 16:00:00+00:00,10851.285602311293
2024-04-02 20:00:00+00:00,10677.40825125746
2024-04-03 00:00:00+00:00,10938.326943988584
2024-04-03 04:00:00+00:00,10950.339317684256
2024-04-03 08:00:00+00:00,10876.222430630372
2024-04-03 12:00:00+00:00,10844.564417154028
2024-04-03 16:00:00+00:00,10705.241165175086
2024-04-03 20:00:00+00:00,10691.16911903445
2024-04-04 00:00:00+00:00,10596.334148351772
2024-04-04 04:00:00+00:00,10786.188692021202
2024-04-04 08:00:00+00:00,10845.203865543248
2024-04-04 12:00:00+00:00,10950.438451752514
2024-04-04 16:00:00+00:00,10912.69744371752
2024-04-04 20:00:00+00:00,10806.067353053086
2024-04-05 00:00:00+00:00,10621.626366730832
2024-04-05 04:00:00+00:00,10436.955712417535
2024-04-05 08:00:00+00:00,10202.194150179295
2024-04-05 12:00:00+00:00,10522.908639718711
2024-04-05 16:00:00+00:00,10500.92736780112
2024-04-05 20:00:00+00:00,10473.150941300291
2024-04-06 00:00:00+00:00,10584.17863977622
2024-04-06 04:00:00+00:00,10666.261649793894
2024-04-06 08:00:00+00:00,10600.868541309672
2024-04-06 12:00:00+00:00,10680.089171444966
2024-04-06 16:00:00+00:00,10678.682829005607
2024-04-06 20:00:00+00:00,10757.609541736596
2024-04-07 00:00:00+00:00,10940.026705429833
2024-04-07 04:00:00+00:00,10900.035381067262
2024-04-07 08:00:00+00:00,10961.347886197718
2024-04-07 12:00:00+00:00,10939.811609055692
2024-04-07 16:00:00+00:00,10849.240392134412
2024-04-07 20:00:00+00:00,10961.597840778222
2024-04-08 00:00:00+00:00,10848.19355976267
2024-04-08 04:00:00+00:00,11083.791207832222
2024-04-08 08:00:00+00:00,11268.280151564264
2024-04-08 12:00:00+00:00,11164.154092054829
2024-04-08 16:00:00+00:00,11132.114663505345
2024-04-08 20:00:00+00:00,11160.72782182004
2024-04-09 00:00:00+00:00,11014.628105091982
2024-04-09 04:00:00+00:00,10892.85853052912
2024-04-09 08:00:00+00:00,10947.091519462609
2024-04-09 12:00:00+00:00,10706.997931033671
2024-04-09 16:00:00+00:00,10740.125198088688
2024-04-09 20:00:00+00:00,10656.26664392297
2024-04-10 00:00:00+00:00,10612.592465993148
2024-04-10 04:00:00+00:00,10712.239370705913
2024-04-10 08:00:00+00:00,10613.66171012872
2024-04-10 12:00:00+00:00,10568.8620752028
2024-04-10 16:00:00+00:00,10811.016795690864
2024-04-10 20:00:00+00:00,10861.26797748164
2024-04-11 00:00:00+00:00,10840.12871845994
2024-04-11 04:00:00+00:00,10909.161105133568
2024-04-11 08:00:00+00:00,10661.602539545323
2024-04-11 12:00:00+00:00,10735.401813731423
2024-04-11 16:00:00+00:00,10793.133012763925
2024-04-11 20:00:00+00:00,10728.93303493776
2024-04-12 00:00:00+00:00,10868.020341691426
2024-04-12 04:00:00+00:00,10834.909465228997
2024-04-12 08:00:00+00:00,10834.310673832832
2024-04-12 12:00:00+00:00,10518.175776702406
2024-04-12 16:00:00+00:00,9455.538406555012
2024-04-12 20:00:00+00:00,9675.035618276544
2024-04-13 00:00:00+00:00,9583.920723813795
2024-04-13 04:00:00+00:00,9577.16110626787
2024-04-13 08:00:00+00:00,9591.316838748306
2024-04-13 12:00:00+00:00,9519.698236521072
2024-04-13 16:00:00+00:00,8603.149400787606
2024-04-13 20:00:00+00:00,8719.368285681363
2024-04-14 00:00:00+00:00,8558.797940658302
2024-04-14 04:00:00+00:00,9045.177189056334
2024-04-14 08:00:00+00:00,8778.780885707447
2024-04-14 12:00:00+00:00,8746.571055822005
2024-04-14 16:00:00+00:00,8868.528418371709
2024-04-14 20:00:00+00:00,9316.026824354636
2024-04-15 00:00:00+00:00,9155.318557955874
2024-04-15 04:00:00+00:00,9490.56969560957
2024-04-15 08:00:00+00:00,9378.073424979544
2024-04-15 12:00:00+00:00,9021.658860622323
2024-04-15 16:00:00+00:00,8839.516986091538
2024-04-15 20:00:00+00:00,8870.24838405283
2024-04-16 00:00:00+00:00,8668.06523091174
2024-04-16 04:00:00+00:00,8834.156283347951
2024-04-16 08:00:00+00:00,8733.17547779028
2024-04-16 12:00:00+00:00,8314.364701857265
2024-04-16 16:00:00+00:00,8546.37466182572
2024-04-16 20:00:00+00:00,8726.817436044721
2024-04-17 00:00:00+00:00,8772.224721898488
2024-04-17 04:00:00+00:00,8809.112599277558
2024-04-17 08:00:00+00:00,8586.43311996614
2024-04-17 12:00:00+00:00,8263.668714685216
2024-04-17 16:00:00+00:00,8545.146830878744
2024-04-17 20:00:00+00:00,8447.230677106985
2024-04-18 00:00:00+00:00,8625.293893662087
2024-04-18 04:00:00+00:00,8337.838470545805
2024-04-18 08:00:00+00:00,8639.31245071597
2024-04-18 12:00:00+00:00,8771.831013085897
2024-04-18 16:00:00+00:00,8805.560741454503
2024-04-18 20:00:00+00:00,8871.649862429771
2024-04-19 00:00:00+00:00,8556.281090718647
2024-04-19 04:00:00+00:00,8915.718994191935
2024-04-19 08:00:00+00:00,8984.249250972196
2024-04-19 12:00:00+00:00,9025.10987260103
2024-04-19 16:00:00+00:00,9032.188911704396
2024-04-19 20:00:00+00:00,8927.382578153454
2024-04-20 00:00:00+00:00,8945.750019332563
2024-04-20 04:00:00+00:00,8995.166437490016
2024-04-20 08:00:00+00:00,8893.812008440074
2024-04-20 12:00:00+00:00,9182.280396527862
2024-04-20 16:00:00+00:00,9369.90647472576
2024-04-20 20:00:00+00:00,9398.629068410712
2024-04-21 00:00:00+00:00,9391.140760318172
2024-04-21 04:00:00+00:00,9420.22796360705
2024-04-21 08:00:00+00:00,9402.52774651927
2024-04-21 12:00:00+00:00,9329.16079234524
2024-04-21 16:00:00+00:00,9225.331786046709
2024-04-21 20:00:00+00:00,9282.448577898624
2024-04-22 00:00:00+00:00,9425.180574501044
2024-04-22 04:00:00+00:00,9535.627066324809
2024-04-22 08:00:00+00:00,9513.79321640633
2024-04-22 12:00:00+00:00,9508.474196800496
2024-04-22 16:00:00+00:00,9577.9760741728
2024-04-22 20:00:00+00:00,9671.49251705706
2024-04-23 00:00:00+00:00,9580.493633062952
2024-04-23 04:00:00+00:00,9499.915302951964
2024-04-23 08:00:00+00:00,9521.686001880234
2024-04-23 12:00:00+00:00,9678.072886442404
2024-04-23 16:00:00+00:00,9677.094482002029
2024-04-23 20:00:00+00:00,9567.061101426836
2024-04-24 00:00:00+00:00,9664.728227757474
2024-04-24 04:00:00+00:00,9697.448888001309
2024-04-24 08:00:00+00:00,9770.444663205664
2024-04-24 12:00:00+00:00,9315.900702954128
2024-04-24 16:00:00+00:00,9288.329789362684
2024-04-24 20:00:00+00:00,9200.012563299704
2024-04-25 00:00:00+00:00,9134.147845606947
2024-04-25 04:00:00+00:00,9128.910152657185
2024-04-25 08:00:00+00:00,9074.473779999222
2024-04-25 12:00:00+00:00,9196.4301377259
2024-04-25 16:00:00+00:00,9208.419277213388
2024-04-25 20:00:00+00:00,9119.826807995434
2024-04-26 00:00:00+00:00,9064.07836561525
2024-04-26 04:00:00+00:00,9058.35721962036
2024-04-26 08:00:00+00:00,9025.377269982597
2024-04-26 12:00:00+00:00,8982.33284079859
2024-04-26 16:00:00+00:00,9002.294372860433
2024-04-26 20:00:00+00:00,8882.542119562604
2024-04-27 00:00:00+00:00,8757.499826293444
2024-04-27 04:00:00+00:00,8731.458897991859
2024-04-27 08:00:00+00:00,8700.815565098606
2024-04-27 12:00:00+00:00,8772.2801059072
2024-04-27 16:00:00+00:00,8973.79060460048
2024-04-27 20:00:00+00:00,8951.372331914114
2024-04-28 00:00:00+00:00,9078.949658301526
2024-04-28 04:00:00+00:00,9078.747601944406
2024-04-28 08:00:00+00:00,8968.859589106638
2024-04-28 12:00:00+00:00,9023.561660924532
2024-04-28 16:00:00+00:00,9033.929328018072
2024-04-28 20:00:00+00:00,8834.276331748546
2024-04-29 00:00:00+00:00,8664.331548868236
2024-04-29 04:00:00+00:00,8638.535811351121
2024-04-29 08:00:00+00:00,8612.231093836384
2024-04-29 12:00:00+00:00,8750.414619558418
2024-04-29 16:00:00+00:00,8684.764519150896
2024-04-29 20:00:00+00:00,8810.161179067805
2024-04-30 00:00:00+00:00,8756.936801574067
2024-04-30 04:00:00+00:00,8696.056747312698
2024-04-30 08:00:00+00:00,8307.278424575947
2024-04-30 12:00:00+00:00,8240.28070552891
2024-04-30 16:00:00+00:00,8048.409619278257
2024-04-30 20:00:00+00:00,8246.443926412965
2024-05-01 00:00:00+00:00,8212.486882078694
2024-05-01 04:00:00+00:00,7843.592572054634
2024-05-01 08:00:00+00:00,7959.548619880784
2024-05-01 12:00:00+00:00,7912.622577250538
2024-05-01 16:00:00+00:00,8169.352413773147
2024-05-01 20:00:00+00:00,8401.419876931112
2024-05-02 00:00:00+00:00,8184.100621205241
2024-05-02 04:00:00+00:00,8229.439669300005
2024-05-02 08:00:00+00:00,8545.320523575765
2024-05-02 12:00:00+00:00,8583.75395914165
2024-05-02 16:00:00+00:00,8560.73773821839
2024-05-02 20:00:00+00:00,8519.719830837183
2024-05-03 00:00:00+00:00,8673.353998962024
2024-05-03 04:00:00+00:00,8504.519982802396
2024-05-03 08:00:00+00:00,8504.97975896455
2024-05-03 12:00:00+00:00,8814.875656814676
2024-05-03 16:00:00+00:00,8864.757742956319
2024-05-03 20:00:00+00:00,8970.473903409618
2024-05-04 00:00:00+00:00,9009.192697221622
2024-05-04 04:00:00+00:00,9002.552115981156
2024-05-04 08:00:00+00:00,9181.852586173172
2024-05-04 12:00:00+00:00,9231.697175971722
2024-05-04 16:00:00+00:00,9263.61977045134
2024-05-04 20:00:00+00:00,9202.315756627107
2024-05-05 00:00:00+00:00,9125.134533225531
2024-05-05 04:00:00+00:00,9188.798527025516
2024-05-05 08:00:00+00:00,9221.610343609846
2024-05-05 12:00:00+00:00,9290.89363067766
2024-05-05 16:00:00+00:00,9240.824418391609
2024-05-05 20:00:00+00:00,9219.4946358579
2024-05-06 00:00:00+00:00,9236.38908662277
2024-05-06 04:00:00+00:00,9383.86753235456
2024-05-06 08:00:00+00:00,9487.68512801069
2024-05-06 12:00:00+00:00,9421.081579604515
2024-05-06 16:00:00+00:00,9374.137281048714
2024-05-06 20:00:00+00:00,9331.83714138574
2024-05-07 00:00:00+00:00,9325.6911238808
2024-05-07 04:00:00+00:00,9379.354643924537
2024-05-07 08:00:00+00:00,9375.443636659737
2024-05-07 12:00:00+00:00,9391.835498430028
2024-05-07 16:00:00+00:00,9227.47428086127
2024-05-07 20:00:00+00:00,9047.320930536907
2024-05-08 00:00:00+00:00,9128.807824150876
2024-05-08 04:00:00+00:00,8967.69995347384
2024-05-08 08:00:00+00:00,8936.118736271865
2024-05-08 12:00:00+00:00,8986.879312030906
2024-05-08 16:00:00+00:00,8963.455027149335
2024-05-08 20:00:00+00:00,8808.353075901854
2024-05-09 00:00:00+00:00,8942.458568802418
2024-05-09 04:00:00+00:00,8892.313650229007
2024-05-09 08:00:00+00:00,8859.008699658398
2024-05-09 12:00:00+00:00,9010.398861442927
2024-05-09 16:00:00+00:00,9154.337814361012
2024-05-09 20:00:00+00:00,9236.43793586588
2024-05-10 00:00:00+00:00,9257.663666370669
2024-05-10 04:00:00+00:00,9300.78454671614
2024-05-10 08:00:00+00:00,9306.85627262155
2024-05-10 12:00:00+00:00,8918.008677519605
2024-05-10 16:00:00+00:00,8889.273715211693
2024-05-10 20:00:00+00:00,8860.298210876557
2024-05-11 00:00:00+00:00,8794.805674088828
2024-05-11 04:00:00+00:00,8870.165265755068
2024-05-11 08:00:00+00:00,8804.93906042437
2024-05-11 12:00:00+00:00,8875.254075649185
2024-05-11 16:00:00+00:00,8900.732579337055
2024-05-11 20:00:00+00:00,8839.686694587626
2024-05-12 00:00:00+00:00,8872.444137702374
2024-05-12 04:00:00+00:00,8768.236292089847
2024-05-12 08:00:00+00:00,8847.679069569942
2024-05-12 12:00:00+00:00,8859.683115390633
2024-05-12 16:00:00+00:00,8825.935557322882
2024-05-12 20:00:00+00:00,8775.087491096472
2024-05-13 00:00:00+00:00,8606.762334703157
2024-05-13 04:00:00+00:00,8821.591765775613
2024-05-13 08:00:00+00:00,8885.974777726866
2024-05-13 12:00:00+00:00,9016.603137636175
2024-05-13 16:00:00+00:00,9027.651223600626
2024-05-13 20:00:00+00:00,8954.742378660056
2024-05-14 00:00:00+00:00,8920.71335223133
2024-05-14 04:00:00+00:00,8948.04633696684
2024-05-14 08:00:00+00:00,8936.522508232216
2024-05-14 12:00:00+00:00,8763.962235473487
2024-05-14 16:00:00+00:00,8750.975001824632
2024-05-14 20:00:00+00:00,8680.614058069583
2024-05-15 00:00:00+00:00,8766.203661803012
2024-05-15 04:00:00+00:00,8814.636621145939
2024-05-15 08:00:00+00:00,8805.928982602434
2024-05-15 12:00:00+00:00,9129.332066741476
2024-05-15 16:00:00+00:00,9288.166813810982
2024-05-15 20:00:00+00:00,9398.409147993889
2024-05-16 00:00:00+00:00,9545.442143815151
2024-05-16 04:00:00+00:00,9522.78763205627
2024-05-16 08:00:00+00:00,9529.771220653878
2024-05-16 12:00:00+00:00,9361.08470199826
2024-05-16 16:00:00+00:00,9325.409163961422
2024-05-16 20:00:00+00:00,9342.944161757168
2024-05-17 00:00:00+00:00,9445.798398245935
2024-05-17 04:00:00+00:00,9758.20389465188
2024-05-17 08:00:00+00:00,9691.710455603708
2024-05-17 12:00:00+00:00,9822.161547624752
2024-05-17 16:00:00+00:00,9766.063684919123
2024-05-17 20:00:00+00:00,9793.36958020231
2024-05-18 00:00:00+00:00,9925.208840366737
2024-05-18 04:00:00+00:00,9869.45964468067
2024-05-18 08:00:00+00:00,9953.5605228456
2024-05-18 12:00:00+00:00,9860.609667000872
2024-05-18 16:00:00+00:00,9852.41937659632
2024-05-18 20:00:00+00:00,9865.837151891468
2024-05-19 00:00:00+00:00,9952.797784712771
2024-05-19 04:00:00+00:00,9919.77942965789
2024-05-19 08:00:00+00:00,9829.610960768085
2024-05-19 12:00:00+00:00,9694.190993379398
2024-05-19 16:00:00+00:00,9673.571903916438
2024-05-19 20:00:00+00:00,9693.25665357431
2024-05-20 00:00:00+00:00,9789.17082952454
2024-05-20 04:00:00+00:00,9947.054170951018
2024-05-20 08:00:00+00:00,9933.187214518375
2024-05-20 12:00:00+00:00,10008.50621344767
2024-05-20 16:00:00+00:00,10472.471083385562
2024-05-20 20:00:00+00:00,10661.455984580029
2024-05-21 00:00:00+00:00,10566.075437634232
2024-05-21 04:00:00+00:00,10561.29908956196
2024-05-21 08:00:00+00:00,10551.717208889091
2024-05-21 12:00:00+00:00,10444.46465940521
2024-05-21 16:00:00+00:00,10360.770140830084
2024-05-21 20:00:00+00:00,10545.746771188951
2024-05-22 00:00:00+00:00,10546.091092415918
2024-05-22 04:00:00+00:00,10552.475731081857
2024-05-22 08:00:00+00:00,10438.533192879722
2024-05-22 12:00:00+00:00,10600.82272387075
2024-05-22 16:00:00+00:00,10433.756327801808
2024-05-22 20:00:00+00:00,10409.784931835084
2024-05-23 00:00:00+00:00,10489.697594861447
2024-05-23 04:00:00+00:00,10461.32427019486
2024-05-23 08:00:00+00:00,10463.96519821046
2024-05-23 12:00:00+00:00,10169.83365518248
2024-05-23 16:00:00+00:00,10060.901507418188
2024-05-23 20:00:00+00:00,10270.270635162258
2024-05-24 00:00:00+00:00,10197.91236427552
2024-05-24 04:00:00+00:00,9941.483057864967
2024-05-24 08:00:00+00:00,10027.04609578991
2024-05-24 12:00:00+00:00,10086.641504935418
2024-05-24 16:00:00+00:00,10138.669394162049
2024-05-24 20:00:00+00:00,10088.349999649829
2024-05-25 00:00:00+00:00,10153.711669325205
2024-05-25 04:00:00+00:00,10150.69000763056
2024-05-25 08:00:00+00:00,10159.863624950254
2024-05-25 12:00:00+00:00,10134.09197210358
2024-05-25 16:00:00+00:00,10156.344938652015
2024-05-25 20:00:00+00:00,10232.078458752188
2024-05-26 00:00:00+00:00,10178.450131577943
2024-05-26 04:00:00+00:00,10145.650568591724
2024-05-26 08:00:00+00:00,10086.066106221328
2024-05-26 12:00:00+00:00,10011.783841348455
2024-05-26 16:00:00+00:00,10026.918323274442
2024-05-26 20:00:00+00:00,9999.620739833515
2024-05-27 00:00:00+00:00,10100.579318448838
2024-05-27 04:00:00+00:00,10082.906020318153
2024-05-27 08:00:00+00:00,10163.76410781421
2024-05-27 12:00:00+00:00,10391.482983176844
2024-05-27 16:00:00+00:00,10218.095377885467
2024-05-27 20:00:00+00:00,10298.676249246488
2024-05-28 00:00:00+00:00,10118.614703074232
2024-05-28 04:00:00+00:00,10054.095172789754
2024-05-28 08:00:00+00:00,10214.8187284687
2024-05-28 12:00:00+00:00,10138.866258606377
2024-05-28 16:00:00+00:00,10203.827410010445
2024-05-28 20:00:00+00:00,10160.203731753714
2024-05-29 00:00:00+00:00,10306.91722935108
2024-05-29 04:00:00+00:00,10207.723848859472
2024-05-29 08:00:00+00:00,10129.523862666028
2024-05-29 12:00:00+00:00,10100.244832105249
2024-05-29 16:00:00+00:00,10112.105362188551
2024-05-29 20:00:00+00:00,10077.2742950874
2024-05-30 00:00:00+00:00,10168.6144050382
2024-05-30 04:00:00+00:00,9892.03333840528
2024-05-30 08:00:00+00:00,9964.003326880957
2024-05-30 12:00:00+00:00,10099.773025012588
2024-05-30 16:00:00+00:00,10060.69823552258
2024-05-30 20:00:00+00:00,9978.607490074231
2024-05-31 00:00:00+00:00,10003.700592820154
2024-05-31 04:00:00+00:00,9965.592789677432
2024-05-31 08:00:00+00:00,10066.204571083115
2024-05-31 12:00:00+00:00,9865.325010523797
2024-05-31 16:00:00+00:00,9972.451568244718
2024-05-31 20:00:00+00:00,9945.424549987722
2024-06-01 00:00:00+00:00,9994.123651322136
2024-06-01 04:00:00+00:00,9986.775112734484
2024-06-01 08:00:00+00:00,10001.35239781759
2024-06-01 12:00:00+00:00,10018.652232543784
2024-06-01 16:00:00+00:00,10032.019620222942
2024-06-01 20:00:00+00:00,9999.813491267412
2024-06-02 00:00:00+00:00,10007.649526951329
2024-06-02 04:00:00+00:00,9942.1158364417
2024-06-02 08:00:00+00:00,9989.010233628362
2024-06-02 12:00:00+00:00,9956.976370131371
2024-06-02 16:00:00+00:00,9841.855393096406
2024-06-02 20:00:00+00:00,9857.942987866065
2024-06-03 00:00:00+00:00,9920.060381066636
2024-06-03 04:00:00+00:00,10041.124562538836
2024-06-03 08:00:00+00:00,10031.500629458573
2024-06-03 12:00:00+00:00,10023.228560887394
2024-06-03 16:00:00+00:00,10057.484744470205
2024-06-03 20:00:00+00:00,9962.019156791795
2024-06-04 00:00:00+00:00,10033.849545726724
2024-06-04 04:00:00+00:00,9975.173165772016
2024-06-04 08:00:00+00:00,10010.732231960534
2024-06-04 12:00:00+00:00,10173.778964552208
2024-06-04 16:00:00+00:00,10221.912263872842
2024-06-04 20:00:00+00:00,10321.05542586376
2024-06-05 00:00:00+00:00,10405.518390245372
2024-06-05 04:00:00+00:00,10437.421991781112
2024-06-05 08:00:00+00:00,10396.248841110282
2024-06-05 12:00:00+00:00,10470.69665472704
2024-06-05 16:00:00+00:00,10423.558505862828
2024-06-05 20:00:00+00:00,10436.04769778792
2024-06-06 00:00:00+00:00,10423.8477384122
2024-06-06 04:00:00+00:00,10394.330112369458
2024-06-06 08:00:00+00:00,10429.372811054096
2024-06-06 12:00:00+00:00,10422.990261033936
2024-06-06 16:00:00+00:00,10248.84325334253
2024-06-06 20:00:00+00:00,10296.193827665997
2024-06-07 00:00:00+00:00,10304.37111076424
2024-06-07 04:00:00+00:00,10343.472576132015
2024-06-07 08:00:00+00:00,10392.834236404537
2024-06-07 12:00:00+00:00,10300.129944545046
2024-06-07 16:00:00+00:00,9780.166422949736
2024-06-07 20:00:00+00:00,9804.109313077251
2024-06-08 00:00:00+00:00,9814.60633800783
2024-06-08 04:00:00+00:00,9861.68205677689
2024-06-08 08:00:00+00:00,9693.363045688588
2024-06-08 12:00:00+00:00,9694.280309606487
2024-06-08 16:00:00+00:00,9674.809872683883
2024-06-08 20:00:00+00:00,9617.109460537797
2024-06-09 00:00:00+00:00,9601.301248131424
2024-06-09 04:00:00+00:00,9648.763598708629
2024-06-09 08:00:00+00:00,9663.945209408614
2024-06-09 12:00:00+00:00,9725.410849756066
2024-06-09 16:00:00+00:00,9767.07606673352
2024-06-09 20:00:00+00:00,9759.068061851796
2024-06-10 00:00:00+00:00,9677.611353086926
2024-06-10 04:00:00+00:00,9505.955692495598
2024-06-10 08:00:00+00:00,9596.132416038356
2024-06-10 12:00:00+00:00,9736.799866368705
2024-06-10 16:00:00+00:00,9625.850687501905
2024-06-10 20:00:00+00:00,9549.349649510596
2024-06-11 00:00:00+00:00,9404.868953645995
2024-06-11 04:00:00+00:00,9273.334964016813
2024-06-11 08:00:00+00:00,9262.20763367678
2024-06-11 12:00:00+00:00,8981.60023889151
2024-06-11 16:00:00+00:00,9089.164556226977
2024-06-11 20:00:00+00:00,9079.216026814844
2024-06-12 00:00:00+00:00,9119.01925353149
2024-06-12 04:00:00+00:00,9210.677594821384
2024-06-12 08:00:00+00:00,9189.675131148915
2024-06-12 12:00:00+00:00,9604.120080009958
2024-06-12 16:00:00+00:00,9312.054679572157
2024-06-12 20:00:00+00:00,9429.49529949335
2024-06-13 00:00:00+00:00,9230.539982014025
2024-06-13 04:00:00+00:00,9258.579190338913
2024-06-13 08:00:00+00:00,9163.44267854196
2024-06-13 12:00:00+00:00,9011.93798088229
2024-06-13 16:00:00+00:00,9073.772057847988
2024-06-13 20:00:00+00:00,9028.910183424694
2024-06-14 00:00:00+00:00,9052.66075245594
2024-06-14 04:00:00+00:00,9094.73729424724
2024-06-14 08:00:00+00:00,9115.622513372398
2024-06-14 12:00:00+00:00,8911.01945203406
2024-06-14 16:00:00+00:00,8728.324235050002
2024-06-14 20:00:00+00:00,8836.710126664495
2024-06-15 00:00:00+00:00,8911.47507157558
2024-06-15 04:00:00+00:00,8898.053402523028
2024-06-15 08:00:00+00:00,8925.801348546498
2024-06-15 12:00:00+00:00,8955.245196180043
2024-06-15 16:00:00+00:00,8940.04552680827
2024-06-15 20:00:00+00:00,8962.357718700383
2024-06-16 00:00:00+00:00,8895.384167905047
2024-06-16 04:00:00+00:00,8929.671752639419
2024-06-16 08:00:00+00:00,8941.917940035984
2024-06-16 12:00:00+00:00,9065.397056141914
2024-06-16 16:00:00+00:00,9058.600594860476
2024-06-16 20:00:00+00:00,9145.129943594206
2024-06-17 00:00:00+00:00,8978.967271066165
2024-06-17 04:00:00+00:00,8941.714915326675
2024-06-17 08:00:00+00:00,8840.005286418527
2024-06-17 12:00:00+00:00,8707.914033323797
2024-06-17 16:00:00+00:00,8904.338060543632
2024-06-17 20:00:00+00:00,8782.873498707911
2024-06-18 00:00:00+00:00,8404.580043720533
2024-06-18 04:00:00+00:00,8455.49268613016
2024-06-18 08:00:00+00:00,8402.340639650587
2024-06-18 12:00:00+00:00,8350.625629173815
2024-06-18 16:00:00+00:00,8275.073875464535
2024-06-18 20:00:00+00:00,8463.25177576306
2024-06-19 00:00:00+00:00,8624.044563534211
2024-06-19 04:00:00+00:00,8628.176705144375
2024-06-19 08:00:00+00:00,8538.365217847
2024-06-19 12:00:00+00:00,8480.883204249758
2024-06-19 16:00:00+00:00,8501.73924712507
2024-06-19 20:00:00+00:00,8469.459332292903
2024-06-20 00:00:00+00:00,8405.20044972081
2024-06-20 04:00:00+00:00,8610.70266093547
2024-06-20 08:00:00+00:00,8670.78970919783
2024-06-20 12:00:00+00:00,8391.657525937473
2024-06-20 16:00:00+00:00,8455.547932107349
2024-06-20 20:00:00+00:00,8406.735888095809
2024-06-21 00:00:00+00:00,8374.336175569739
2024-06-21 04:00:00+00:00,8324.34465172122
2024-06-21 08:00:00+00:00,8368.713121236786
2024-06-21 12:00:00+00:00,8307.09746669764
2024-06-21 16:00:00+00:00,8370.399249343687
2024-06-21 20:00:00+00:00,8411.132731667005
2024-06-22 00:00:00+00:00,8396.412150857632
2024-06-22 04:00:00+00:00,8374.391218854531
2024-06-22 08:00:00+00:00,8370.338126992368
2024-06-22 12:00:00+00:00,8388.416600336992
2024-06-22 16:00:00+00:00,8379.679353766001
2024-06-22 20:00:00+00:00,8351.829118211892
2024-06-23 00:00:00+00:00,8412.044052914034
2024-06-23 04:00:00+00:00,8406.51580430664
2024-06-23 08:00:00+00:00,8365.951943162674
2024-06-23 12:00:00+00:00,8247.298257898055
2024-06-23 16:00:00+00:00,8265.211571572196
2024-06-23 20:00:00+00:00,8135.61528238418
2024-06-24 00:00:00+00:00,8049.376981348176
2024-06-24 04:00:00+00:00,7954.27269367714
2024-06-24 08:00:00+00:00,7974.069936237236
2024-06-24 12:00:00+00:00,7911.64572109733
2024-06-24 16:00:00+00:00,7905.936280706696
2024-06-24 20:00:00+00:00,8137.112618299051
2024-06-25 00:00:00+00:00,8310.721538525193
2024-06-25 04:00:00+00:00,8259.795312127857
2024-06-25 08:00:00+00:00,8363.58101003839
2024-06-25 12:00:00+00:00,8476.438759373996
2024-06-25 16:00:00+00:00,8466.485557376434
2024-06-25 20:00:00+00:00,8383.796402089707
2024-06-26 00:00:00+00:00,8445.730886971556
2024-06-26 04:00:00+00:00,8427.45008987182
2024-06-26 08:00:00+00:00,8380.15333950507
2024-06-26 12:00:00+00:00,8348.761899899097
2024-06-26 16:00:00+00:00,8400.238992244002
2024-06-26 20:00:00+00:00,8331.688965272568
2024-06-27 00:00:00+00:00,8345.55171498468
2024-06-27 04:00:00+00:00,8283.311244997974
2024-06-27 08:00:00+00:00,8408.762457929844
2024-06-27 12:00:00+00:00,8704.591474527046
2024-06-27 16:00:00+00:00,8742.856744115988
2024-06-27 20:00:00+00:00,8803.576584170156
2024-06-28 00:00:00+00:00,8750.381451501791
2024-06-28 04:00:00+00:00,8658.831223510553
2024-06-28 08:00:00+00:00,8706.685554404332
2024-06-28 12:00:00+00:00,8598.539482369277
2024-06-28 16:00:00+00:00,8492.82953634842
2024-06-28 20:00:00+00:00,8447.667321515366
2024-06-29 00:00:00+00:00,8531.113257583725
2024-06-29 04:00:00+00:00,8540.134130163377
2024-06-29 08:00:00+00:00,8557.887326393717
2024-06-29 12:00:00+00:00,8538.607673904049
2024-06-29 16:00:00+00:00,8502.50494859613
2024-06-29 20:00:00+00:00,8442.811373457822
2024-06-30 00:00:00+00:00,8377.928747898026
2024-06-30 04:00:00+00:00,8492.79576282111
2024-06-30 08:00:00+00:00,8499.887827688925
2024-06-30 12:00:00+00:00,8576.462562038263
2024-06-30 16:00:00+00:00,8637.350337410364
2024-06-30 20:00:00+00:00,8730.15972387722
2024-07-01 00:00:00+00:00,8817.15557802104
2024-07-01 04:00:00+00:00,8828.163385460975
2024-07-01 08:00:00+00:00,8731.907943716238
2024-07-01 12:00:00+00:00,8806.279475114583
2024-07-01 16:00:00+00:00,8778.1016055072
2024-07-01 20:00:00+00:00,8713.46148764525
2024-07-02 00:00:00+00:00,8792.563840946104
2024-07-02 04:00:00+00:00,8724.167472915982
2024-07-02 08:00:00+00:00,8811.993165751648
2024-07-02 12:00:00+00:00,8738.131442492404
2024-07-02 16:00:00+00:00,8879.861448712909
2024-07-02 20:00:00+00:00,8928.83687217221
2024-07-03 00:00:00+00:00,8750.349644665415
2024-07-03 04:00:00+00:00,8624.902436016642
2024-07-03 08:00:00+00:00,8502.603293402746
2024-07-03 12:00:00+00:00,8408.781514371647
2024-07-03 16:00:00+00:00,8317.892599391578
2024-07-03 20:00:00+00:00,8357.626943805933
2024-07-04 00:00:00+00:00,8158.428444742471
2024-07-04 04:00:00+00:00,8001.103632705235
2024-07-04 08:00:00+00:00,7927.766180599106
2024-07-04 12:00:00+00:00,7970.123221593458
2024-07-04 16:00:00+00:00,7899.001135753435
2024-07-04 20:00:00+00:00,7629.435972998494
2024-07-05 00:00:00+00:00,7185.454013462359
2024-07-05 04:00:00+00:00,7306.256675711594
2024-07-05 08:00:00+00:00,7520.269888984235
2024-07-05 12:00:00+00:00,7743.045116113093
2024-07-05 16:00:00+00:00,7753.785556029349
2024-07-05 20:00:00+00:00,7747.357159491181
2024-07-06 00:00:00+00:00,7766.427172458347
2024-07-06 04:00:00+00:00,7881.90530356146
2024-07-06 08:00:00+00:00,7960.09711762774
2024-07-06 12:00:00+00:00,8068.766733423638
2024-07-06 16:00:00+00:00,8195.068456406316
2024-07-06 20:00:00+00:00,8221.403250088812
2024-07-07 00:00:00+00:00,8145.47267700878
2024-07-07 04:00:00+00:00,7999.821895070398
2024-07-07 08:00:00+00:00,8023.822850192599
2024-07-07 12:00:00+00:00,7857.14609012026
2024-07-07 16:00:00+00:00,7888.95619216373
2024-07-07 20:00:00+00:00,7645.094234254506
2024-07-08 00:00:00+00:00,7562.688265577476
2024-07-08 04:00:00+00:00,7694.0003525925085
2024-07-08 08:00:00+00:00,8081.448583509419
2024-07-08 12:00:00+00:00,7854.232651231657
2024-07-08 16:00:00+00:00,7923.889796487258
2024-07-08 20:00:00+00:00,7972.602991332613
2024-07-09 00:00:00+00:00,8015.633833128264
2024-07-09 04:00:00+00:00,8064.615158882872
2024-07-09 08:00:00+00:00,8081.4816443962145
2024-07-09 12:00:00+00:00,8030.1772117924
2024-07-09 16:00:00+00:00,8086.18507984798
2024-07-09 20:00:00+00:00,8074.573368459752
2024-07-10 00:00:00+00:00,8097.555775739325
2024-07-10 04:00:00+00:00,8206.195682369917
2024-07-10 08:00:00+00:00,8173.512779241128
2024-07-10 12:00:00+00:00,8109.362817520103
2024-07-10 16:00:00+00:00,8083.4057973850895
2024-07-10 20:00:00+00:00,8106.854875929062
2024-07-11 00:00:00+00:00,8038.408549840064
2024-07-11 04:00:00+00:00,8141.473667236469
2024-07-11 08:00:00+00:00,8220.632339391075
2024-07-11 12:00:00+00:00,8001.918244729982
2024-07-11 16:00:00+00:00,7956.226778681104
2024-07-11 20:00:00+00:00,7923.073253583805
2024-07-12 00:00:00+00:00,7934.156548635489
2024-07-12 04:00:00+00:00,7909.763412191935
2024-07-12 08:00:00+00:00,7920.2760395432815
2024-07-12 12:00:00+00:00,8067.303079887501
2024-07-12 16:00:00+00:00,8055.332144064016
2024-07-12 20:00:00+00:00,8110.0084330377695
2024-07-13 00:00:00+00:00,8103.666869694872
2024-07-13 04:00:00+00:00,8174.428879312882
2024-07-13 08:00:00+00:00,8198.48075386209
2024-07-13 12:00:00+00:00,8245.70398236333
2024-07-13 16:00:00+00:00,8264.496533826145
2024-07-13 20:00:00+00:00,8294.819758241687
2024-07-14 00:00:00+00:00,8342.882660235553
2024-07-14 04:00:00+00:00,8401.566781788533
2024-07-14 08:00:00+00:00,8399.469038824234
2024-07-14 12:00:00+00:00,8422.124718757083
2024-07-14 16:00:00+00:00,8403.13812792723
2024-07-14 20:00:00+00:00,8531.103828994308
2024-07-15 00:00:00+00:00,8729.029517491543
2024-07-15 04:00:00+00:00,8809.729085364768
2024-07-15 08:00:00+00:00,8746.142792310553
2024-07-15 12:00:00+00:00,8817.179769741108
2024-07-15 16:00:00+00:00,8939.593920035053
2024-07-15 20:00:00+00:00,9146.99293411198
2024-07-16 00:00:00+00:00,9139.44537860214
2024-07-16 04:00:00+00:00,8873.339729531992
2024-07-16 08:00:00+00:00,9006.299710856554
2024-07-16 12:00:00+00:00,9235.540560892336
2024-07-16 16:00:00+00:00,9253.628527372191
2024-07-16 20:00:00+00:00,9189.685727998867
2024-07-17 00:00:00+00:00,9246.23279831762
2024-07-17 04:00:00+00:00,9258.414948520454
2024-07-17 08:00:00+00:00,9224.048960960636
2024-07-17 12:00:00+00:00,9119.61726234579
2024-07-17 16:00:00+00:00,9081.626961157586
2024-07-17 20:00:00+00:00,9012.595931477275
2024-07-18 00:00:00+00:00,9140.365292511264
2024-07-18 04:00:00+00:00,9083.936551497549
2024-07-18 08:00:00+00:00,9113.593429372157
2024-07-18 12:00:00+00:00,8917.277977858323
2024-07-18 16:00:00+00:00,8947.012616246526
2024-07-18 20:00:00+00:00,9039.822273413838
2024-07-19 00:00:00+00:00,9118.94432062955
2024-07-19 04:00:00+00:00,9053.488513094857
2024-07-19 08:00:00+00:00,9103.583539385689
2024-07-19 12:00:00+00:00,9392.892584106468
2024-07-19 16:00:00+00:00,9520.35489774928
2024-07-19 20:00:00+00:00,9467.576050031868
2024-07-20 00:00:00+00:00,9478.837652604472
2024-07-20 04:00:00+00:00,9480.040643625867
2024-07-20 08:00:00+00:00,9439.047256417472
2024-07-20 12:00:00+00:00,9579.08379545739
2024-07-20 16:00:00+00:00,9664.990791040584
2024-07-20 20:00:00+00:00,9707.455207602952
2024-07-21 00:00:00+00:00,9679.660627611294
2024-07-21 04:00:00+00:00,9586.269782893332
2024-07-21 08:00:00+00:00,9648.29412865374
2024-07-21 12:00:00+00:00,9762.34024953206
2024-07-21 16:00:00+00:00,9864.551000069996
2024-07-21 20:00:00+00:00,10154.435761293902
2024-07-22 00:00:00+00:00,10043.800676502242
2024-07-22 04:00:00+00:00,9898.048506168296
2024-07-22 08:00:00+00:00,10008.246321530629
2024-07-22 12:00:00+00:00,9959.085310501405
2024-07-22 16:00:00+00:00,10100.36866820406
2024-07-22 20:00:00+00:00,9896.459398148983
2024-07-23 00:00:00+00:00,9927.237813276704
2024-07-23 04:00:00+00:00,9739.040844797635
2024-07-23 08:00:00+00:00,9758.977597424151
2024-07-23 12:00:00+00:00,9729.69609261876
2024-07-23 16:00:00+00:00,9573.530500649304
2024-07-23 20:00:00+00:00,9610.013866328776
2024-07-24 00:00:00+00:00,9625.299014359449
2024-07-24 04:00:00+00:00,9657.99725187382
2024-07-24 08:00:00+00:00,9797.650710041651
2024-07-24 12:00:00+00:00,9743.24467072282
2024-07-24 16:00:00+00:00,9702.138890119748
2024-07-24 20:00:00+00:00,9643.942776803402
2024-07-25 00:00:00+00:00,9276.830237999622
2024-07-25 04:00:00+00:00,9270.21918341031
2024-07-25 08:00:00+00:00,9264.979142755716
2024-07-25 12:00:00+00:00,9302.405850192552
2024-07-25 16:00:00+00:00,9196.150037527514
2024-07-25 20:00:00+00:00,9366.266520783976
2024-07-26 00:00:00+00:00,9562.805564446751
2024-07-26 04:00:00+00:00,9601.447095223535
2024-07-26 08:00:00+00:00,9659.207377160888
2024-07-26 12:00:00+00:00,9744.924945058532
2024-07-26 16:00:00+00:00,9815.653369414087
2024-07-26 20:00:00+00:00,9848.724478899909
2024-07-27 00:00:00+00:00,9824.186804309304
2024-07-27 04:00:00+00:00,9928.560602659472
2024-07-27 08:00:00+00:00,9928.547488266877
2024-07-27 12:00:00+00:00,9856.517129764645
2024-07-27 16:00:00+00:00,9820.06800194456
2024-07-27 20:00:00+00:00,9823.368530668267
2024-07-28 00:00:00+00:00,9804.833171665923
2024-07-28 04:00:00+00:00,9795.574486754733
2024-07-28 08:00:00+00:00,9847.238422448598
2024-07-28 12:00:00+00:00,9796.095944800249
2024-07-28 16:00:00+00:00,9830.33205433691
2024-07-28 20:00:00+00:00,9828.86539445534
2024-07-29 00:00:00+00:00,10130.417179018164
2024-07-29 04:00:00+00:00,10166.155015487824
2024-07-29 08:00:00+00:00,10107.152112043872
2024-07-29 12:00:00+00:00,9892.059315144048
2024-07-29 16:00:00+00:00,9876.117123366525
2024-07-29 20:00:00+00:00,9733.840850028626
2024-07-30 00:00:00+00:00,9744.71385650396
2024-07-30 04:00:00+00:00,9757.59237162349
2024-07-30 08:00:00+00:00,9727.29319169291
2024-07-30 12:00:00+00:00,9686.678475040866
2024-07-30 16:00:00+00:00,9569.4470111237
2024-07-30 20:00:00+00:00,9627.765067385451
2024-07-31 00:00:00+00:00,9696.15030992641
2024-07-31 04:00:00+00:00,9761.391538356556
2024-07-31 08:00:00+00:00,9721.145899538693
2024-07-31 12:00:00+00:00,9688.325505580216
2024-07-31 16:00:00+00:00,9510.629641555532
2024-07-31 20:00:00+00:00,9332.015678222073
2024-08-01 00:00:00+00:00,9197.593797078678
2024-08-01 04:00:00+00:00,9174.880511278938
2024-08-01 08:00:00+00:00,9235.791374745862
2024-08-01 12:00:00+00:00,8904.274102479254
2024-08-01 16:00:00+00:00,8899.463569365364
2024-08-01 20:00:00+00:00,9167.942902117054
2024-08-02 00:00:00+00:00,9038.593674547696
2024-08-02 04:00:00+00:00,8912.607895113424
2024-08-02 08:00:00+00:00,9009.97814054661
2024-08-02 12:00:00+00:00,8669.549041734905
2024-08-02 16:00:00+00:00,8495.992195424085
2024-08-02 20:00:00+00:00,8483.044503654997
2024-08-03 00:00:00+00:00,8519.339391696982
2024-08-03 04:00:00+00:00,8492.707231060072
2024-08-03 08:00:00+00:00,8506.557668288218
2024-08-03 12:00:00+00:00,8255.983133061598
2024-08-03 16:00:00+00:00,7992.318425475964
2024-08-03 20:00:00+00:00,8110.920526499497
2024-08-04 00:00:00+00:00,8168.17752814538
2024-08-04 04:00:00+00:00,8025.003602597812
2024-08-04 08:00:00+00:00,8108.905349015537
2024-08-04 12:00:00+00:00,7733.122370913544
2024-08-04 16:00:00+00:00,7927.84545624879
2024-08-04 20:00:00+00:00,7751.793579013449
2024-08-05 00:00:00+00:00,6956.949233516694
2024-08-05 04:00:00+00:00,6844.523016915391
2024-08-05 08:00:00+00:00,6542.114403874197
2024-08-05 12:00:00+00:00,7218.644041247377
2024-08-05 16:00:00+00:00,7116.885631803594
2024-08-05 20:00:00+00:00,7182.667182654985
2024-08-06 00:00:00+00:00,7551.266959898442
2024-08-06 04:00:00+00:00,7702.522496421152
2024-08-06 08:00:00+00:00,7530.907286612653
2024-08-06 12:00:00+00:00,7786.931840957409
2024-08-06 16:00:00+00:00,7784.918349404859
2024-08-06 20:00:00+00:00,7698.7242394842515
2024-08-07 00:00:00+00:00,7951.705784458702
2024-08-07 04:00:00+00:00,7979.384944995664
2024-08-07 08:00:00+00:00,7939.58782390308
2024-08-07 12:00:00+00:00,7779.320292578202
2024-08-07 16:00:00+00:00,7602.543367070694
2024-08-07 20:00:00+00:00,7700.618477045577
2024-08-08 00:00:00+00:00,8039.948400161575
2024-08-08 04:00:00+00:00,8046.536377960966
2024-08-08 08:00:00+00:00,8086.596454320923
2024-08-08 12:00:00+00:00,8368.444501734284
2024-08-08 16:00:00+00:00,8258.351301955632
2024-08-08 20:00:00+00:00,8596.798775030118
2024-08-09 00:00:00+00:00,8457.968485598289
2024-08-09 04:00:00+00:00,8383.216537443019
2024-08-09 08:00:00+00:00,8309.170293706915
2024-08-09 12:00:00+00:00,8082.871075756564
2024-08-09 16:00:00+00:00,8201.409207259385
2024-08-09 20:00:00+00:00,8288.308149889262
2024-08-10 00:00:00+00:00,8238.177849177082
2024-08-10 04:00:00+00:00,8294.432682716102
2024-08-10 08:00:00+00:00,8290.927206084496
2024-08-10 12:00:00+00:00,8252.926190037457
2024-08-10 16:00:00+00:00,8291.953699048698
2024-08-10 20:00:00+00:00,8268.987600810142
2024-08-11 00:00:00+00:00,8394.448304979642
2024-08-11 04:00:00+00:00,8439.912964419334
2024-08-11 08:00:00+00:00,8290.195577918856
2024-08-11 12:00:00+00:00,8091.399172120279
2024-08-11 16:00:00+00:00,7959.496407199224
2024-08-11 20:00:00+00:00,7772.956337990669
2024-08-12 00:00:00+00:00,7861.028541586272
2024-08-12 04:00:00+00:00,7951.878886031752
2024-08-12 08:00:00+00:00,8170.895572273423
2024-08-12 12:00:00+00:00,8111.123194475043
2024-08-12 16:00:00+00:00,7953.606326140852
2024-08-12 20:00:00+00:00,8079.749674980289
2024-08-13 00:00:00+00:00,7942.476979487316
2024-08-13 04:00:00+00:00,8023.172966857262
2024-08-13 08:00:00+00:00,8004.803565552598
2024-08-13 12:00:00+00:00,8024.049852889751
2024-08-13 16:00:00+00:00,8089.811657396295
2024-08-13 20:00:00+00:00,8098.291769703635
2024-08-14 00:00:00+00:00,8063.019532934093
2024-08-14 04:00:00+00:00,8080.133216827656
2024-08-14 08:00:00+00:00,8162.108712921924
2024-08-14 12:00:00+00:00,8045.86252671496
2024-08-14 16:00:00+00:00,7956.931475919705
2024-08-14 20:00:00+00:00,7936.378317129023
2024-08-15 00:00:00+00:00,7965.256387646541
2024-08-15 04:00:00+00:00,7878.786180968046
2024-08-15 08:00:00+00:00,7924.65754987893
2024-08-15 12:00:00+00:00,8042.113702795745
2024-08-15 16:00:00+00:00,7711.96286315599
2024-08-15 20:00:00+00:00,7815.990180623784
2024-08-16 00:00:00+00:00,7804.117726139266
2024-08-16 04:00:00+00:00,7928.873725026761
2024-08-16 08:00:00+00:00,7838.047257771949
2024-08-16 12:00:00+00:00,7666.36880095115
2024-08-16 16:00:00+00:00,7830.372358257924
2024-08-16 20:00:00+00:00,7752.728642123376
2024-08-17 00:00:00+00:00,7758.209129635393
2024-08-17 04:00:00+00:00,7786.014195869346
2024-08-17 08:00:00+00:00,7784.486099679663
2024-08-17 12:00:00+00:00,7837.374907087417
2024-08-17 16:00:00+00:00,7891.22329795987
2024-08-17 20:00:00+00:00,7908.995048494581
2024-08-18 00:00:00+00:00,7867.070537518915
2024-08-18 04:00:00+00:00,7889.465579032573
2024-08-18 08:00:00+00:00,8002.850834808794
2024-08-18 12:00:00+00:00,8047.671583755632
2024-08-18 16:00:00+00:00,8056.291392582554
2024-08-18 20:00:00+00:00,7866.829352332053
2024-08-19 00:00:00+00:00,7916.420561907478
2024-08-19 04:00:00+00:00,7872.824882130391
2024-08-19 08:00:00+00:00,7882.443384906294
2024-08-19 12:00:00+00:00,7925.803463580798
2024-08-19 16:00:00+00:00,7959.395330209597
2024-08-19 20:00:00+00:00,8028.439574166956
2024-08-20 00:00:00+00:00,8154.026231551487
2024-08-20 04:00:00+00:00,8222.053426240385
2024-08-20 08:00:00+00:00,8146.828614303024
2024-08-20 12:00:00+00:00,7967.469842243576
2024-08-20 16:00:00+00:00,8096.567349687677
2024-08-20 20:00:00+00:00,8007.888934761076
2024-08-21 00:00:00+00:00,8045.062805235064
2024-08-21 04:00:00+00:00,8078.917834184245
2024-08-21 08:00:00+00:00,7989.060959413986
2024-08-21 12:00:00+00:00,7975.071066399172
2024-08-21 16:00:00+00:00,8179.590779276277
2024-08-21 20:00:00+00:00,8141.780259603176
2024-08-22 00:00:00+00:00,8093.805770694321
2024-08-22 04:00:00+00:00,8161.60103560563
2024-08-22 08:00:00+00:00,8221.77998952539
2024-08-22 12:00:00+00:00,8148.447768308052
2024-08-22 16:00:00+00:00,8155.779682057905
2024-08-22 20:00:00+00:00,8192.599647509509
2024-08-23 00:00:00+00:00,8258.703236767113
2024-08-23 04:00:00+00:00,8289.998748114502
2024-08-23 08:00:00+00:00,8225.780158430938
2024-08-23 12:00:00+00:00,8308.31751861403
2024-08-23 16:00:00+00:00,8546.931147065745
2024-08-23 20:00:00+00:00,8656.64644362936
2024-08-24 00:00:00+00:00,8617.043769472904
2024-08-24 04:00:00+00:00,8662.313339451264
2024-08-24 08:00:00+00:00,8747.181047765904
2024-08-24 12:00:00+00:00,8819.63809910316
2024-08-24 16:00:00+00:00,8896.394785826878
2024-08-24 20:00:00+00:00,8844.98644648315
2024-08-25 00:00:00+00:00,8751.278059664592
2024-08-25 04:00:00+00:00,8625.463249232016
2024-08-25 08:00:00+00:00,8676.340796100274
2024-08-25 12:00:00+00:00,8764.29206262344
2024-08-25 16:00:00+00:00,8747.879771575215
2024-08-25 20:00:00+00:00,8733.384712222345
2024-08-26 00:00:00+00:00,8749.495141401876
2024-08-26 04:00:00+00:00,8695.34209787673
2024-08-26 08:00:00+00:00,8735.002247333881
2024-08-26 12:00:00+00:00,8618.947259170824
2024-08-26 16:00:00+00:00,8571.594401453016
2024-08-26 20:00:00+00:00,8531.10471886045
2024-08-27 00:00:00+00:00,8595.41757680246
2024-08-27 04:00:00+00:00,8585.580768346968
2024-08-27 08:00:00+00:00,8428.295374494131
2024-08-27 12:00:00+00:00,8391.937176056863
2024-08-27 16:00:00+00:00,8432.704914853757
2024-08-27 20:00:00+00:00,8024.301229961045
2024-08-28 00:00:00+00:00,8084.528020305234
2024-08-28 04:00:00+00:00,7920.702868433392
2024-08-28 08:00:00+00:00,8120.419243045367
2024-08-28 12:00:00+00:00,7968.239739222255
2024-08-28 16:00:00+00:00,7971.8104728288035
2024-08-28 20:00:00+00:00,7969.845966989569
2024-08-29 00:00:00+00:00,7972.487820994482
2024-08-29 04:00:00+00:00,8028.985102931115
2024-08-29 08:00:00+00:00,8066.362819677051
2024-08-29 12:00:00+00:00,8107.800348859972
2024-08-29 16:00:00+00:00,7855.603431096749
2024-08-29 20:00:00+00:00,7859.595355811951
2024-08-30 00:00:00+00:00,7810.831933680309
2024-08-30 04:00:00+00:00,7841.043075398474
2024-08-30 08:00:00+00:00,7838.880620645022
2024-08-30 12:00:00+00:00,7580.558814877055
2024-08-30 16:00:00+00:00,7731.705138050157
2024-08-30 20:00:00+00:00,7826.376042836474
2024-08-31 00:00:00+00:00,7829.796426173978
2024-08-31 04:00:00+00:00,7805.350784992524
2024-08-31 08:00:00+00:00,7797.707140883007
2024-08-31 12:00:00+00:00,7784.604626223305
2024-08-31 16:00:00+00:00,7719.441866678022
2024-08-31 20:00:00+00:00,7733.351037753147
2024-09-01 00:00:00+00:00,7659.716821485238
2024-09-01 04:00:00+00:00,7605.487341012386
2024-09-01 08:00:00+00:00,7567.519247707687
2024-09-01 12:00:00+00:00,7621.108338695289
2024-09-01 16:00:00+00:00,7656.264209118252
2024-09-01 20:00:00+00:00,7367.46304366032
2024-09-02 00:00:00+00:00,7440.05729833557
2024-09-02 04:00:00+00:00,7333.307714158672
2024-09-02 08:00:00+00:00,7548.900006917954
2024-09-02 12:00:00+00:00,7570.157338564527
2024-09-02 16:00:00+00:00,7599.743055556263
2024-09-02 20:00:00+00:00,7685.069992761519
2024-09-03 00:00:00+00:00,7711.87466207484
2024-09-03 04:00:00+00:00,7692.760211577206
2024-09-03 08:00:00+00:00,7682.538919491201
2024-09-03 12:00:00+00:00,7453.121236332112
2024-09-03 16:00:00+00:00,7513.271351685592
2024-09-03 20:00:00+00:00,7375.22111505171
2024-09-04 00:00:00+00:00,7333.756882827938
2024-09-04 04:00:00+00:00,7417.936913142989
2024-09-04 08:00:00+00:00,7329.509782105046
2024-09-04 12:00:00+00:00,7568.737578208038
2024-09-04 16:00:00+00:00,7540.1670670936865
2024-09-04 20:00:00+00:00,7547.4977207776465
2024-09-05 00:00:00+00:00,7440.866665826838
2024-09-05 04:00:00+00:00,7504.715223099022
2024-09-05 08:00:00+00:00,7478.451765776008
2024-09-05 12:00:00+00:00,7385.897556992499
2024-09-05 16:00:00+00:00,7324.752298228139
2024-09-05 20:00:00+00:00,7370.330072344745
2024-09-06 00:00:00+00:00,7430.728717474255
2024-09-06 04:00:00+00:00,7306.373643750339
2024-09-06 08:00:00+00:00,7374.795072336457
2024-09-06 12:00:00+00:00,7212.143959087713
2024-09-06 16:00:00+00:00,7049.477562873873
2024-09-06 20:00:00+00:00,7083.848823099235
2024-09-07 00:00:00+00:00,7089.973068046532
2024-09-07 04:00:00+00:00,7225.164272990108
2024-09-07 08:00:00+00:00,7206.439894184416
2024-09-07 12:00:00+00:00,7289.59761675764
2024-09-07 16:00:00+00:00,7261.674433059186
2024-09-07 20:00:00+00:00,7233.433488632178
2024-09-08 00:00:00+00:00,7283.712749548489
2024-09-08 04:00:00+00:00,7343.231920694045
2024-09-08 08:00:00+00:00,7356.949807947217
2024-09-08 12:00:00+00:00,7201.282047892863
2024-09-08 16:00:00+00:00,7290.96157416704
2024-09-08 20:00:00+00:00,7372.0647383752275
2024-09-09 00:00:00+00:00,7354.116978577563
2024-09-09 04:00:00+00:00,7386.53430170074
2024-09-09 08:00:00+00:00,7396.009384104404
2024-09-09 12:00:00+00:00,7369.589190868333
2024-09-09 16:00:00+00:00,7661.887521772759
2024-09-09 20:00:00+00:00,7656.887792125427
2024-09-10 00:00:00+00:00,7558.549889692728
2024-09-10 04:00:00+00:00,7655.864829018757
2024-09-10 08:00:00+00:00,7664.618121690368
2024-09-10 12:00:00+00:00,7583.397932872086
2024-09-10 16:00:00+00:00,7719.471335545084
2024-09-10 20:00:00+00:00,7681.639156650263
2024-09-11 00:00:00+00:00,7573.17955238554
2024-09-11 04:00:00+00:00,7532.522590500112
2024-09-11 08:00:00+00:00,7514.676102584074
2024-09-11 12:00:00+00:00,7485.058322927987
2024-09-11 16:00:00+00:00,7586.679655004893
2024-09-11 20:00:00+00:00,7568.255279980255
2024-09-12 00:00:00+00:00,7708.072074517271
2024-09-12 04:00:00+00:00,7687.444693606565
2024-09-12 08:00:00+00:00,7681.929685469141
2024-09-12 12:00:00+00:00,7625.316734979896
2024-09-12 16:00:00+00:00,7740.700158333219
2024-09-12 20:00:00+00:00,7757.75762676875
2024-09-13 00:00:00+00:00,7692.543445469238
2024-09-13 04:00:00+00:00,7716.34082956865
2024-09-13 08:00:00+00:00,7680.691534119761
2024-09-13 12:00:00+00:00,7893.538225073149
2024-09-13 16:00:00+00:00,7917.857210454867
2024-09-13 20:00:00+00:00,7969.760809126954
2024-09-14 00:00:00+00:00,7984.786300939283
2024-09-14 04:00:00+00:00,7922.083059589484
2024-09-14 08:00:00+00:00,7879.618634626978
2024-09-14 12:00:00+00:00,7914.932289300799
2024-09-14 16:00:00+00:00,7884.539647719373
2024-09-14 20:00:00+00:00,7915.83026202631
2024-09-15 00:00:00+00:00,7918.449532479261
2024-09-15 04:00:00+00:00,7913.173493523906
2024-09-15 08:00:00+00:00,7844.245137328386
2024-09-15 12:00:00+00:00,7883.214211032082
2024-09-15 16:00:00+00:00,7778.453255074436
2024-09-15 20:00:00+00:00,7646.076638372306
2024-09-16 00:00:00+00:00,7575.541236195451
2024-09-16 04:00:00+00:00,7633.916956471707
2024-09-16 08:00:00+00:00,7628.262231264542
2024-09-16 12:00:00+00:00,7557.349899906543
2024-09-16 16:00:00+00:00,7549.586846119841
2024-09-16 20:00:00+00:00,7571.985080087829
2024-09-17 00:00:00+00:00,7562.498582374998
2024-09-17 04:00:00+00:00,7625.269324205395
2024-09-17 08:00:00+00:00,7623.548537473021
2024-09-17 12:00:00+00:00,7783.056389430444
2024-09-17 16:00:00+00:00,7662.999005843749
2024-09-17 20:00:00+00:00,7642.180160779105
2024-09-18 00:00:00+00:00,7647.766200440261
2024-09-18 04:00:00+00:00,7628.807339016015
2024-09-18 08:00:00+00:00,7530.147762017673
2024-09-18 12:00:00+00:00,7458.530077971166
2024-09-18 16:00:00+00:00,7561.418216319891
2024-09-18 20:00:00+00:00,7810.411218168154
2024-09-19 00:00:00+00:00,7938.729295536234
2024-09-19 04:00:00+00:00,7964.172221923873
2024-09-19 08:00:00+00:00,8003.131755630146
2024-09-19 12:00:00+00:00,8120.1247127603165
2024-09-19 16:00:00+00:00,8142.214702101287
2024-09-19 20:00:00+00:00,8130.904026137261
2024-09-20 00:00:00+00:00,8245.462089246841
2024-09-20 04:00:00+00:00,8442.072326783447
2024-09-20 08:00:00+00:00,8400.385551868021
2024-09-20 12:00:00+00:00,8302.073699620156
2024-09-20 16:00:00+00:00,8252.316742440586
2024-09-20 20:00:00+00:00,8284.935252902631
2024-09-21 00:00:00+00:00,8237.787106814993
2024-09-21 04:00:00+00:00,8315.83827853167
2024-09-21 08:00:00+00:00,8319.028059400927
2024-09-21 12:00:00+00:00,8369.55265940029
2024-09-21 16:00:00+00:00,8371.023762636749
2024-09-21 20:00:00+00:00,8462.60027621508
2024-09-22 00:00:00+00:00,8383.880629247
2024-09-22 04:00:00+00:00,8355.379240271634
2024-09-22 08:00:00+00:00,8260.209988226796
2024-09-22 12:00:00+00:00,8192.658553979276
2024-09-22 16:00:00+00:00,8261.302631989454
2024-09-22 20:00:00+00:00,8270.69450388668
2024-09-23 00:00:00+00:00,8436.443765131571
2024-09-23 04:00:00+00:00,8332.634098788903
2024-09-23 08:00:00+00:00,8275.091803818308
2024-09-23 12:00:00+00:00,8327.425138634486
2024-09-23 16:00:00+00:00,8315.851566941918
2024-09-23 20:00:00+00:00,8342.426538705684
2024-09-24 00:00:00+00:00,8386.01822818341
2024-09-24 04:00:00+00:00,8411.412329265338
2024-09-24 08:00:00+00:00,8408.09132636482
2024-09-24 12:00:00+00:00,8349.89878204822
2024-09-24 16:00:00+00:00,8497.412235862785
2024-09-24 20:00:00+00:00,8625.984758532364
2024-09-25 00:00:00+00:00,8611.328790577194
2024-09-25 04:00:00+00:00,8493.095369497374
2024-09-25 08:00:00+00:00,8543.250922401414
2024-09-25 12:00:00+00:00,8499.224354117754
2024-09-25 16:00:00+00:00,8467.032988736866
2024-09-25 20:00:00+00:00,8398.917665321398
2024-09-26 00:00:00+00:00,8453.147767765722
2024-09-26 04:00:00+00:00,8606.65109792482
2024-09-26 08:00:00+00:00,8646.4317150486
2024-09-26 12:00:00+00:00,8834.364690805849
2024-09-26 16:00:00+00:00,8773.353372649683
2024-09-26 20:00:00+00:00,8787.780489219369
2024-09-27 00:00:00+00:00,8820.259045998866
2024-09-27 04:00:00+00:00,8916.405405357411
2024-09-27 08:00:00+00:00,8882.928300206539
2024-09-27 12:00:00+00:00,9020.83338612849
2024-09-27 16:00:00+00:00,8951.009047915593
2024-09-27 20:00:00+00:00,8954.38538141013
2024-09-28 00:00:00+00:00,9015.219163066611
2024-09-28 04:00:00+00:00,8890.186673086266
2024-09-28 08:00:00+00:00,8950.399874367107
2024-09-28 12:00:00+00:00,8996.391037249476
2024-09-28 16:00:00+00:00,8993.25260904577
2024-09-28 20:00:00+00:00,8963.712043087233
2024-09-29 00:00:00+00:00,8997.082684225028
2024-09-29 04:00:00+00:00,8877.980906294992
2024-09-29 08:00:00+00:00,8931.942844758272
2024-09-29 12:00:00+00:00,8975.458195959558
2024-09-29 16:00:00+00:00,9063.508777890462
2024-09-29 20:00:00+00:00,8967.554973930828
2024-09-30 00:00:00+00:00,8834.500227974282
2024-09-30 04:00:00+00:00,8872.970137768465
2024-09-30 08:00:00+00:00,8766.527607512378
2024-09-30 12:00:00+00:00,8656.477321609425
2024-09-30 16:00:00+00:00,8694.37518238
2024-09-30 20:00:00+00:00,8565.632773044917
2024-10-01 00:00:00+00:00,8722.46672522706
2024-10-01 04:00:00+00:00,8799.188363481491
2024-10-01 08:00:00+00:00,8773.802189753702
2024-10-01 12:00:00+00:00,8392.182854800769
2024-10-01 16:00:00+00:00,8175.832555389023
2024-10-01 20:00:00+00:00,8139.71421433391
2024-10-02 00:00:00+00:00,8260.968232673244
2024-10-02 04:00:00+00:00,8278.410589010391
2024-10-02 08:00:00+00:00,8158.370351765008
2024-10-02 12:00:00+00:00,8203.265007780234
2024-10-02 16:00:00+00:00,7901.080420044492
2024-10-02 20:00:00+00:00,7889.737815630791
2024-10-03 00:00:00+00:00,8011.6939237981
2024-10-03 04:00:00+00:00,7864.681646424351
2024-10-03 08:00:00+00:00,7754.712785634701
2024-10-03 12:00:00+00:00,7722.969150226899
2024-10-03 16:00:00+00:00,7805.845480812767
2024-10-03 20:00:00+00:00,7783.491144261546
2024-10-04 00:00:00+00:00,7827.193047302195
2024-10-04 04:00:00+00:00,7924.699730402635
2024-10-04 08:00:00+00:00,7959.864439449499
2024-10-04 12:00:00+00:00,8037.573611288606
2024-10-04 16:00:00+00:00,8123.147418052166
2024-10-04 20:00:00+00:00,8082.468813458666
2024-10-05 00:00:00+00:00,8010.838763788533
2024-10-05 04:00:00+00:00,8103.050905179826
2024-10-05 08:00:00+00:00,8093.935059947908
2024-10-05 12:00:00+00:00,8086.328896141892
2024-10-05 16:00:00+00:00,8032.714167584322
2024-10-05 20:00:00+00:00,8068.702488487978
2024-10-06 00:00:00+00:00,8058.104546991442
2024-10-06 04:00:00+00:00,8084.961803968044
2024-10-06 08:00:00+00:00,8119.395441539169
2024-10-06 12:00:00+00:00,8232.16954086118
2024-10-06 16:00:00+00:00,8191.966151285654
2024-10-06 20:00:00+00:00,8242.714518166367
2024-10-07 00:00:00+00:00,8401.10980158961
2024-10-07 04:00:00+00:00,8346.582866639243
2024-10-07 08:00:00+00:00,8287.391084489334
2024-10-07 12:00:00+00:00,8341.907134699148
2024-10-07 16:00:00+00:00,8272.412818189787
2024-10-07 20:00:00+00:00,8113.123004291378
2024-10-08 00:00:00+00:00,8173.272338592172
2024-10-08 04:00:00+00:00,8077.381131884729
2024-10-08 08:00:00+00:00,8156.630869080266
2024-10-08 12:00:00+00:00,8072.369837868373
2024-10-08 16:00:00+00:00,8125.7519623582275
2024-10-08 20:00:00+00:00,8108.321518826631
2024-10-09 00:00:00+00:00,8134.276166066204
2024-10-09 04:00:00+00:00,8120.31562263003
2024-10-09 08:00:00+00:00,8136.990005376625
2024-10-09 12:00:00+00:00,8126.579532025353
2024-10-09 16:00:00+00:00,8025.67634860605
2024-10-09 20:00:00+00:00,7938.201580940724
2024-10-10 00:00:00+00:00,7966.288588116891
2024-10-10 04:00:00+00:00,7956.91447404296
2024-10-10 08:00:00+00:00,7988.135815525605
2024-10-10 12:00:00+00:00,7911.697240930928
2024-10-10 16:00:00+00:00,7842.632422806056
2024-10-10 20:00:00+00:00,7910.76255454828
2024-10-11 00:00:00+00:00,7990.989963722377
2024-10-11 04:00:00+00:00,8001.15397249059
2024-10-11 08:00:00+00:00,8052.052117966933
2024-10-11 12:00:00+00:00,8162.815758131968
2024-10-11 16:00:00+00:00,8230.945402002031
2024-10-11 20:00:00+00:00,8219.515401041224
2024-10-12 00:00:00+00:00,8216.365561809731
2024-10-12 04:00:00+00:00,8244.847326104253
2024-10-12 08:00:00+00:00,8278.03613162568
2024-10-12 12:00:00+00:00,8292.11959191412
2024-10-12 16:00:00+00:00,8302.464912209485
2024-10-12 20:00:00+00:00,8289.574990984569
2024-10-13 00:00:00+00:00,8243.600015258768
2024-10-13 04:00:00+00:00,8289.740722937642
2024-10-13 08:00:00+00:00,8263.702846572713
2024-10-13 12:00:00+00:00,8188.659643227324
2024-10-13 16:00:00+00:00,8230.723533988388
2024-10-13 20:00:00+00:00,8306.270230397
2024-10-14 00:00:00+00:00,8507.771396613012
2024-10-14 04:00:00+00:00,8521.186320232773
2024-10-14 08:00:00+00:00,8530.785129270398
2024-10-14 12:00:00+00:00,8713.929982562306
2024-10-14 16:00:00+00:00,8673.951834237154
2024-10-14 20:00:00+00:00,8740.140611420682
2024-10-15 00:00:00+00:00,8661.006217022186
2024-10-15 04:00:00+00:00,8650.440471776166
2024-10-15 08:00:00+00:00,8526.579378446688
2024-10-15 12:00:00+00:00,8548.913037324486
2024-10-15 16:00:00+00:00,8646.436523539805
2024-10-15 20:00:00+00:00,8667.182361190435
2024-10-16 00:00:00+00:00,8633.037603433517
2024-10-16 04:00:00+00:00,8630.471446224099
2024-10-16 08:00:00+00:00,8789.516095957635
2024-10-16 12:00:00+00:00,8762.854741869412
2024-10-16 16:00:00+00:00,8757.46331225187
2024-10-16 20:00:00+00:00,8741.339340835102
2024-10-17 00:00:00+00:00,8761.061167102172
2024-10-17 04:00:00+00:00,8653.592215315595
2024-10-17 08:00:00+00:00,8580.73880365904
2024-10-17 12:00:00+00:00,8667.013367001502
2024-10-17 16:00:00+00:00,8541.666792444285
2024-10-17 20:00:00+00:00,8639.095879674782
2024-10-18 00:00:00+00:00,8712.920569756558
2024-10-18 04:00:00+00:00,8818.313413565778
2024-10-18 08:00:00+00:00,8761.818013355518
2024-10-18 12:00:00+00:00,8878.706161450309
2024-10-18 16:00:00+00:00,8868.676969133741
2024-10-18 20:00:00+00:00,8879.304465488216
2024-10-19 00:00:00+00:00,8942.767606825339
2024-10-19 04:00:00+00:00,8928.737973581901
2024-10-19 08:00:00+00:00,8876.118361377614
2024-10-19 12:00:00+00:00,8975.2113510931
2024-10-19 16:00:00+00:00,8928.318211582118
2024-10-19 20:00:00+00:00,9065.354296811754
2024-10-20 00:00:00+00:00,9003.745133186323
2024-10-20 04:00:00+00:00,9020.2003894796
2024-10-20 08:00:00+00:00,9040.549111300284
2024-10-20 12:00:00+00:00,9056.541686437493
2024-10-20 16:00:00+00:00,9075.45003518851
2024-10-20 20:00:00+00:00,9327.883538121065
2024-10-21 00:00:00+00:00,9400.757932159191
2024-10-21 04:00:00+00:00,9386.26374116044
2024-10-21 08:00:00+00:00,9298.25644267573
2024-10-21 12:00:00+00:00,9180.883630967232
2024-10-21 16:00:00+00:00,9284.310400642316
2024-10-21 20:00:00+00:00,9228.286205949278
2024-10-22 00:00:00+00:00,9246.947466992924
2024-10-22 04:00:00+00:00,9265.178290908363
2024-10-22 08:00:00+00:00,9241.479794521034
2024-10-22 12:00:00+00:00,9213.664985260004
2024-10-22 16:00:00+00:00,9227.078541916646
2024-10-22 20:00:00+00:00,9202.15736271024
2024-10-23 00:00:00+00:00,9112.277784970678
2024-10-23 04:00:00+00:00,9104.327137319811
2024-10-23 08:00:00+00:00,9068.718221443203
2024-10-23 12:00:00+00:00,9110.560069148329
2024-10-23 16:00:00+00:00,9232.241961768656
2024-10-23 20:00:00+00:00,9201.164057150609
2024-10-24 00:00:00+00:00,9307.670151791915
2024-10-24 04:00:00+00:00,9275.68636081416
2024-10-24 08:00:00+00:00,9282.49906682995
2024-10-24 12:00:00+00:00,9348.358276068331
2024-10-24 16:00:00+00:00,9440.148969600576
2024-10-24 20:00:00+00:00,9423.556414093237
2024-10-25 00:00:00+00:00,9332.889840228234
2024-10-25 04:00:00+00:00,9203.28809851961
2024-10-25 08:00:00+00:00,9296.137637521908
2024-10-25 12:00:00+00:00,9214.4683442255
2024-10-25 16:00:00+00:00,9046.679800886308
2024-10-25 20:00:00+00:00,8860.817363743252
2024-10-26 00:00:00+00:00,8933.243227468818
2024-10-26 04:00:00+00:00,8989.518995602453
2024-10-26 08:00:00+00:00,9044.469731387297
2024-10-26 12:00:00+00:00,8996.176162205356
2024-10-26 16:00:00+00:00,9127.907052994162
2024-10-26 20:00:00+00:00,9118.724404726188
2024-10-27 00:00:00+00:00,9169.456992157544
2024-10-27 04:00:00+00:00,9189.90280354919
2024-10-27 08:00:00+00:00,9190.735548532535
2024-10-27 12:00:00+00:00,9310.690574061204
2024-10-27 16:00:00+00:00,9341.793124050697
2024-10-27 20:00:00+00:00,9367.563934807158
2024-10-28 00:00:00+00:00,9300.700778986784
2024-10-28 04:00:00+00:00,9340.196967739015
2024-10-28 08:00:00+00:00,9420.9495833888
2024-10-28 12:00:00+00:00,9309.5458652263
2024-10-28 16:00:00+00:00,9515.24569273728
2024-10-28 20:00:00+00:00,9635.929615749224
2024-10-29 00:00:00+00:00,9828.958755669468
2024-10-29 04:00:00+00:00,9759.842929140086
2024-10-29 08:00:00+00:00,9809.561310553869
2024-10-29 12:00:00+00:00,9881.82185456758
2024-10-29 16:00:00+00:00,9776.30587512043
2024-10-29 20:00:00+00:00,9887.838486961267
2024-10-30 00:00:00+00:00,9886.673950208928
2024-10-30 04:00:00+00:00,9831.515544642298
2024-10-30 08:00:00+00:00,9683.721694738511
2024-10-30 12:00:00+00:00,9628.918821317731
2024-10-30 16:00:00+00:00,9647.90628541165
2024-10-30 20:00:00+00:00,9676.439512019371
2024-10-31 00:00:00+00:00,9677.439173577648
2024-10-31 04:00:00+00:00,9674.945153745268
2024-10-31 08:00:00+00:00,9672.355288630308
2024-10-31 12:00:00+00:00,9439.367838762451
2024-10-31 16:00:00+00:00,9275.002803045953
2024-10-31 20:00:00+00:00,9311.93459664476
2024-11-01 00:00:00+00:00,9240.163983436058
2024-11-01 04:00:00+00:00,9169.489021069809
2024-11-01 08:00:00+00:00,9294.790512040896
2024-11-01 12:00:00+00:00,9156.612817695586
2024-11-01 16:00:00+00:00,9232.895657933072
2024-11-01 20:00:00+00:00,9208.91310910434
2024-11-02 00:00:00+00:00,9261.457058751404
2024-11-02 04:00:00+00:00,9282.55281130648
2024-11-02 08:00:00+00:00,9202.406958027914
2024-11-02 12:00:00+00:00,9097.005582332298
2024-11-02 16:00:00+00:00,9161.260886984895
2024-11-02 20:00:00+00:00,9182.651335234816
2024-11-03 00:00:00+00:00,8930.045451273507
2024-11-03 04:00:00+00:00,8995.651519718398
2024-11-03 08:00:00+00:00,8942.294874154244
2024-11-03 12:00:00+00:00,8795.792683132926
2024-11-03 16:00:00+00:00,8878.07429293498
2024-11-03 20:00:00+00:00,8948.459677143339
2024-11-04 00:00:00+00:00,8981.184628804589
2024-11-04 04:00:00+00:00,8912.746128179015
2024-11-04 08:00:00+00:00,9054.878812682156
2024-11-04 12:00:00+00:00,9015.65334020452
2024-11-04 16:00:00+00:00,8907.334198651452
2024-11-04 20:00:00+00:00,8836.596518657128
2024-11-05 00:00:00+00:00,8941.486688006346
2024-11-05 04:00:00+00:00,9088.280493292294
2024-11-05 08:00:00+00:00,9127.688932014058
2024-11-05 12:00:00+00:00,9280.730256296529
2024-11-05 16:00:00+00:00,9138.303810448218
2024-11-05 20:00:00+00:00,9251.32760954702
2024-11-06 00:00:00+00:00,10307.176825702278
2024-11-06 04:00:00+00:00,10176.96111591902
2024-11-06 08:00:00+00:00,10288.11141298748
2024-11-06 12:00:00+00:00,10152.955908439157
2024-11-06 16:00:00+00:00,10309.487437390526
2024-11-06 20:00:00+00:00,10308.790557643211
2024-11-07 00:00:00+00:00,10462.268032324117
2024-11-07 04:00:00+00:00,10342.4607903679
2024-11-07 08:00:00+00:00,10257.223279885466
2024-11-07 12:00:00+00:00,10519.398880737295
2024-11-07 16:00:00+00:00,10656.424410568072
2024-11-07 20:00:00+00:00,10635.99684980169
2024-11-08 00:00:00+00:00,10696.525077656665
2024-11-08 04:00:00+00:00,10822.36345545015
2024-11-08 08:00:00+00:00,10868.154820172083
2024-11-08 12:00:00+00:00,10843.157633549768
2024-11-08 16:00:00+00:00,10818.442017011688
2024-11-08 20:00:00+00:00,10885.974662088936
2024-11-09 00:00:00+00:00,10879.234851285051
2024-11-09 04:00:00+00:00,11034.896766884209
2024-11-09 08:00:00+00:00,11076.200136464193
2024-11-09 12:00:00+00:00,10919.968093202411
2024-11-09 16:00:00+00:00,10937.44574257944
2024-11-09 20:00:00+00:00,11192.583731897956
2024-11-10 00:00:00+00:00,11364.322351787872
2024-11-10 04:00:00+00:00,11535.61480866058
2024-11-10 08:00:00+00:00,11777.347703231344
2024-11-10 12:00:00+00:00,11991.564307770344
2024-11-10 16:00:00+00:00,12073.962118427416
2024-11-10 20:00:00+00:00,12163.723643099212
2024-11-11 00:00:00+00:00,12349.043236745536
2024-11-11 04:00:00+00:00,12080.433657283662
2024-11-11 08:00:00+00:00,12518.82987296777
2024-11-11 12:00:00+00:00,12750.550231319192
2024-11-11 16:00:00+00:00,12877.850042508877
2024-11-11 20:00:00+00:00,13454.423201607267
2024-11-12 00:00:00+00:00,13483.832519726371
2024-11-12 04:00:00+00:00,13990.643797393664
2024-11-12 08:00:00+00:00,13469.065612547069
2024-11-12 12:00:00+00:00,13217.206051908515
2024-11-12 16:00:00+00:00,13433.268139728978
2024-11-12 20:00:00+00:00,13350.578853939687
2024-11-13 00:00:00+00:00,12915.264487065451
2024-11-13 04:00:00+00:00,13006.987569043522
2024-11-13 08:00:00+00:00,13199.596808568738
2024-11-13 12:00:00+00:00,13949.444228514332
2024-11-13 16:00:00+00:00,13281.58834622215
2024-11-13 20:00:00+00:00,13578.092841589352
2024-11-14 00:00:00+00:00,13595.990324084863
2024-11-14 04:00:00+00:00,13742.71537216407
2024-11-14 08:00:00+00:00,13606.420154671308
2024-11-14 12:00:00+00:00,13267.409459432822
2024-11-14 16:00:00+00:00,13624.495856827369
2024-11-14 20:00:00+00:00,13068.172403603809
2024-11-15 00:00:00+00:00,13205.85030336926
2024-11-15 04:00:00+00:00,13102.544609417444
2024-11-15 08:00:00+00:00,13397.45499239127
2024-11-15 12:00:00+00:00,13071.003362252482
2024-11-15 16:00:00+00:00,13396.165530719783
2024-11-15 20:00:00+00:00,13725.219745205164
2024-11-16 00:00:00+00:00,13869.308045558604
2024-11-16 04:00:00+00:00,13820.28743603401
2024-11-16 08:00:00+00:00,13941.001791399449
2024-11-16 12:00:00+00:00,13742.938090196603
2024-11-16 16:00:00+00:00,13958.475062245325
2024-11-16 20:00:00+00:00,13774.10081041864
2024-11-17 00:00:00+00:00,13683.652636603956
2024-11-17 04:00:00+00:00,14275.260368801051
2024-11-17 08:00:00+00:00,14157.027976509977
2024-11-17 12:00:00+00:00,14196.530724265958
2024-11-17 16:00:00+00:00,14117.30350786757
2024-11-17 20:00:00+00:00,14233.503632900163
2024-11-18 00:00:00+00:00,14587.742934598931
2024-11-18 04:00:00+00:00,14643.663968446768
2024-11-18 08:00:00+00:00,14405.44970649918
2024-11-18 12:00:00+00:00,14702.573756330425
2024-11-18 16:00:00+00:00,14294.69547819415
2024-11-18 20:00:00+00:00,14483.883132985353
2024-11-19 00:00:00+00:00,14571.80362043542
2024-11-19 04:00:00+00:00,14699.441152136327
2024-11-19 08:00:00+00:00,14715.02364268485
2024-11-19 12:00:00+00:00,14657.861478725386
2024-11-19 16:00:00+00:00,14869.905086703351
2024-11-19 20:00:00+00:00,14542.323085620505
2024-11-20 00:00:00+00:00,14342.601445765176
2024-11-20 04:00:00+00:00,14488.42313202806
2024-11-20 08:00:00+00:00,14597.438012035063
2024-11-20 12:00:00+00:00,14682.508746087728
2024-11-20 16:00:00+00:00,14212.423974138164
2024-11-20 20:00:00+00:00,14365.595959247416
2024-11-21 00:00:00+00:00,14338.317417992104
2024-11-21 04:00:00+00:00,14657.929715576249
2024-11-21 08:00:00+00:00,14604.0488599742
2024-11-21 12:00:00+00:00,14858.006969836271
2024-11-21 16:00:00+00:00,15155.602797917076
2024-11-21 20:00:00+00:00,15318.69820218182
2024-11-22 00:00:00+00:00,15724.220610137629
2024-11-22 04:00:00+00:00,15573.81340242577
2024-11-22 08:00:00+00:00,15750.703569918873
2024-11-22 12:00:00+00:00,15762.442954667637
2024-11-22 16:00:00+00:00,15668.74241723242
2024-11-22 20:00:00+00:00,16033.662676742895
2024-11-23 00:00:00+00:00,16394.781651675014
2024-11-23 04:00:00+00:00,16684.94893447941
2024-11-23 08:00:00+00:00,16694.289558279674
2024-11-23 12:00:00+00:00,16752.26616639719
2024-11-23 16:00:00+00:00,16158.88691194759
2024-11-23 20:00:00+00:00,16205.589462471527
2024-11-24 00:00:00+00:00,16489.582207471914
2024-11-24 04:00:00+00:00,16408.581478165455
2024-11-24 08:00:00+00:00,15747.8458920761
2024-11-24 12:00:00+00:00,15357.80475419416
2024-11-24 16:00:00+00:00,15754.719779994568
2024-11-24 20:00:00+00:00,16132.62878108406
2024-11-25 00:00:00+00:00,16010.73429778036
2024-11-25 04:00:00+00:00,16253.035517488011
2024-11-25 08:00:00+00:00,16236.539982105296
2024-11-25 12:00:00+00:00,15798.756250937731
2024-11-25 16:00:00+00:00,15543.544946273412
2024-11-25 20:00:00+00:00,15157.950554592837
2024-11-26 00:00:00+00:00,15442.860270483434
2024-11-26 04:00:00+00:00,15269.107184898863
2024-11-26 08:00:00+00:00,14657.75693613607
2024-11-26 12:00:00+00:00,14692.211655348568
2024-11-26 16:00:00+00:00,14775.118899494975
2024-11-26 20:00:00+00:00,14960.591973703757
2024-11-27 00:00:00+00:00,14963.624005867325
2024-11-27 04:00:00+00:00,15249.372084929746
2024-11-27 08:00:00+00:00,15247.785564445929
2024-11-27 12:00:00+00:00,15623.949127709897
2024-11-27 16:00:00+00:00,15600.451567288745
2024-11-27 20:00:00+00:00,15681.06893726098
2024-11-28 00:00:00+00:00,15668.190490370813
2024-11-28 04:00:00+00:00,15536.757966218756
2024-11-28 08:00:00+00:00,15518.03198320353
2024-11-28 12:00:00+00:00,15231.612142698716
2024-11-28 16:00:00+00:00,15456.329831063427
2024-11-28 20:00:00+00:00,15611.711678193493
2024-11-29 00:00:00+00:00,15813.996798617489
2024-11-29 04:00:00+00:00,15622.7188942891
2024-11-29 08:00:00+00:00,16075.563791798202
2024-11-29 12:00:00+00:00,16154.37150521605
2024-11-29 16:00:00+00:00,16228.056060429692
2024-11-29 20:00:00+00:00,16303.66472941494
2024-11-30 00:00:00+00:00,16273.95173845153
2024-11-30 04:00:00+00:00,16565.371003477074
2024-11-30 08:00:00+00:00,16317.666051290813
2024-11-30 12:00:00+00:00,16292.568294903169
2024-11-30 16:00:00+00:00,16357.372309443525
2024-11-30 20:00:00+00:00,16275.202722922855
2024-12-01 00:00:00+00:00,16171.968303701327
2024-12-01 04:00:00+00:00,16171.704510800851
2024-12-01 08:00:00+00:00,16252.841005329436
2024-12-01 12:00:00+00:00,16349.194487733395
2024-12-01 16:00:00+00:00,16518.077122827388
2024-12-01 20:00:00+00:00,16786.19974142404
2024-12-02 00:00:00+00:00,16677.417308856788
2024-12-02 04:00:00+00:00,16620.854186749933
2024-12-02 08:00:00+00:00,16103.518370341291
2024-12-02 12:00:00+00:00,16995.82893214468
2024-12-02 16:00:00+00:00,16806.853085286904
2024-12-02 20:00:00+00:00,16949.031579459595
2024-12-03 00:00:00+00:00,17060.720869583565
2024-12-03 04:00:00+00:00,16811.577973601114
2024-12-03 08:00:00+00:00,17011.689683826327
2024-12-03 12:00:00+00:00,16445.79479110721
2024-12-03 16:00:00+00:00,16712.17757533717
2024-12-03 20:00:00+00:00,16892.195889215862
2024-12-04 00:00:00+00:00,17171.59537380929
2024-12-04 04:00:00+00:00,17362.912810468188
2024-12-04 08:00:00+00:00,17334.84852153934
2024-12-04 12:00:00+00:00,17160.317174394662
2024-12-04 16:00:00+00:00,17019.269272598372
2024-12-04 20:00:00+00:00,17009.62639908651
2024-12-05 00:00:00+00:00,16992.92015981199
2024-12-05 04:00:00+00:00,17220.346339417214
2024-12-05 08:00:00+00:00,17590.35109554118
2024-12-05 12:00:00+00:00,17356.444821914618
2024-12-05 16:00:00+00:00,17035.42668995443
2024-12-05 20:00:00+00:00,16888.645985485182
2024-12-06 00:00:00+00:00,17311.171291003397
2024-12-06 04:00:00+00:00,17256.297792819816
2024-12-06 08:00:00+00:00,16919.96428038628
2024-12-06 12:00:00+00:00,17228.218513773987
2024-12-06 16:00:00+00:00,17456.407355944033
2024-12-06 20:00:00+00:00,17364.90032122017
2024-12-07 00:00:00+00:00,17287.36614275738
2024-12-07 04:00:00+00:00,17424.487434722872
2024-12-07 08:00:00+00:00,17536.58671027475
2024-12-07 12:00:00+00:00,17760.92013093701
2024-12-07 16:00:00+00:00,17874.810552295014
2024-12-07 20:00:00+00:00,17719.48257043262
2024-12-08 00:00:00+00:00,17921.58761458598
2024-12-08 04:00:00+00:00,17758.887965987782
2024-12-08 08:00:00+00:00,17658.97945047512
2024-12-08 12:00:00+00:00,17718.073828000004
2024-12-08 16:00:00+00:00,17770.060556838955
2024-12-08 20:00:00+00:00,17862.290094482167
2024-12-09 00:00:00+00:00,17357.11363731019
2024-12-09 04:00:00+00:00,17252.036662231785
2024-12-09 08:00:00+00:00,16764.805872847344
2024-12-09 12:00:00+00:00,16763.72786942986
2024-12-09 16:00:00+00:00,16681.923294684842
2024-12-09 20:00:00+00:00,15974.34599667843
2024-12-10 00:00:00+00:00,15725.660622944297
2024-12-10 04:00:00+00:00,15978.68963450856
2024-12-10 08:00:00+00:00,15992.994725128505
2024-12-10 12:00:00+00:00,14986.637752302024
2024-12-10 16:00:00+00:00,15385.73121173019
2024-12-10 20:00:00+00:00,15794.965189397635
2024-12-11 00:00:00+00:00,15865.148460768214
2024-12-11 04:00:00+00:00,15775.69245722787
2024-12-11 08:00:00+00:00,16235.362008752883
2024-12-11 12:00:00+00:00,16653.486148686326
2024-12-11 16:00:00+00:00,16714.70437804053
2024-12-11 20:00:00+00:00,16641.012004700853
2024-12-12 00:00:00+00:00,16874.434142851238
2024-12-12 04:00:00+00:00,16898.506509611205
2024-12-12 08:00:00+00:00,16810.670910794386
2024-12-12 12:00:00+00:00,16973.394635129647
2024-12-12 16:00:00+00:00,16589.60057051996
2024-12-12 20:00:00+00:00,16683.39463294899
2024-12-13 00:00:00+00:00,16735.44300596961
2024-12-13 04:00:00+00:00,16543.139868564307
2024-12-13 08:00:00+00:00,16597.53800440317
2024-12-13 12:00:00+00:00,16482.00689575006
2024-12-13 16:00:00+00:00,16642.291987055498
2024-12-13 20:00:00+00:00,16771.54743126383
2024-12-14 00:00:00+00:00,16869.92545696065
2024-12-14 04:00:00+00:00,16875.482642565243
2024-12-14 08:00:00+00:00,16728.97637487771
2024-12-14 12:00:00+00:00,16540.505496689493
2024-12-14 16:00:00+00:00,16301.419346231902
2024-12-14 20:00:00+00:00,16417.191626552732
2024-12-15 00:00:00+00:00,16402.8289905028
2024-12-15 04:00:00+00:00,16269.454766816283
2024-12-15 08:00:00+00:00,16432.368281191382
2024-12-15 12:00:00+00:00,16548.06249391259
2024-12-15 16:00:00+00:00,16549.45173185176
2024-12-15 20:00:00+00:00,16746.478191735765
2024-12-16 00:00:00+00:00,16562.092989095425
2024-12-16 04:00:00+00:00,16639.865139091944
2024-12-16 08:00:00+00:00,16181.48939156643
2024-12-16 12:00:00+00:00,16416.62537722847
2024-12-16 16:00:00+00:00,16665.101709803024
2024-12-16 20:00:00+00:00,16497.572591864842
2024-12-17 00:00:00+00:00,16517.801675017592
2024-12-17 04:00:00+00:00,16466.21237345146
2024-12-17 08:00:00+00:00,16874.257336005037
2024-12-17 12:00:00+00:00,16657.107002159064
2024-12-17 16:00:00+00:00,16843.60113135362
2024-12-17 20:00:00+00:00,16600.490738163156
2024-12-18 00:00:00+00:00,16317.174213174423
2024-12-18 04:00:00+00:00,16177.248556460794
2024-12-18 08:00:00+00:00,16409.21792308678
2024-12-18 12:00:00+00:00,16197.874885088431
2024-12-18 16:00:00+00:00,15799.244433979611
2024-12-18 20:00:00+00:00,15256.410479899352
2024-12-19 00:00:00+00:00,15453.19770839332
2024-12-19 04:00:00+00:00,15560.514581233208
2024-12-19 08:00:00+00:00,15611.04756130183
2024-12-19 12:00:00+00:00,15142.292255576524
2024-12-19 16:00:00+00:00,14104.713522286058
2024-12-19 20:00:00+00:00,14197.87357450224
2024-12-20 00:00:00+00:00,14456.571068117912
2024-12-20 04:00:00+00:00,14216.946972736418
2024-12-20 08:00:00+00:00,12665.603042423334
2024-12-20 12:00:00+00:00,13949.85244738659
2024-12-20 16:00:00+00:00,14254.585353066868
2024-12-20 20:00:00+00:00,14380.559410830134
2024-12-21 00:00:00+00:00,14468.043988575297
2024-12-21 04:00:00+00:00,14940.442179105728
2024-12-21 08:00:00+00:00,14562.63736119822
2024-12-21 12:00:00+00:00,14159.156814680298
2024-12-21 16:00:00+00:00,13911.351147197707
2024-12-21 20:00:00+00:00,13885.876817820845
2024-12-22 00:00:00+00:00,13895.579417159724
2024-12-22 04:00:00+00:00,13858.946146834956
2024-12-22 08:00:00+00:00,14082.41106613938
2024-12-22 12:00:00+00:00,13752.688037405656
2024-12-22 16:00:00+00:00,13547.079884138162
2024-12-22 20:00:00+00:00,13676.923102882172
2024-12-23 00:00:00+00:00,14009.673093964077
2024-12-23 04:00:00+00:00,13733.176722631702
2024-12-23 08:00:00+00:00,13862.140177561796
2024-12-23 12:00:00+00:00,13561.858217444043
2024-12-23 16:00:00+00:00,13950.52183217714
2024-12-23 20:00:00+00:00,14308.022635462426
2024-12-24 00:00:00+00:00,14226.92189375098
2024-12-24 04:00:00+00:00,14251.897786900818
2024-12-24 08:00:00+00:00,14308.798829907011
2024-12-24 12:00:00+00:00,14753.441272335258
2024-12-24 16:00:00+00:00,14614.289077799334
2024-12-24 20:00:00+00:00,14765.691113543266
2024-12-25 00:00:00+00:00,14754.905554397754
2024-12-25 04:00:00+00:00,14681.906863977209
2024-12-25 08:00:00+00:00,14586.76087691508
2024-12-25 12:00:00+00:00,14666.704574239768
2024-12-25 16:00:00+00:00,14748.26797229688
2024-12-25 20:00:00+00:00,14701.32703784536
2024-12-26 00:00:00+00:00,14565.836484827694
2024-12-26 04:00:00+00:00,14362.904090237733
2024-12-26 08:00:00+00:00,14092.612876728494
2024-12-26 12:00:00+00:00,13986.447687636964
2024-12-26 16:00:00+00:00,13996.994595746995
2024-12-26 20:00:00+00:00,13937.652659211351
2024-12-27 00:00:00+00:00,14036.002876162293
2024-12-27 04:00:00+00:00,13864.442201108515
2024-12-27 08:00:00+00:00,14261.527330264382
2024-12-27 12:00:00+00:00,13782.656167011512
2024-12-27 16:00:00+00:00,13955.666959777864
2024-12-27 20:00:00+00:00,13780.758672560773
2024-12-28 00:00:00+00:00,13848.545928159489
2024-12-28 04:00:00+00:00,13833.771758977577
2024-12-28 08:00:00+00:00,13957.183275123109
2024-12-28 12:00:00+00:00,14086.461005985131
2024-12-28 16:00:00+00:00,14277.044373223036
2024-12-28 20:00:00+00:00,14331.893749455105
2024-12-29 00:00:00+00:00,14303.456938696974
2024-12-29 04:00:00+00:00,14393.31369231521
2024-12-29 08:00:00+00:00,14312.539983084347
2024-12-29 12:00:00+00:00,14194.871898375844
2024-12-29 16:00:00+00:00,14038.440737607065
2024-12-29 20:00:00+00:00,13877.626768520013
2024-12-30 00:00:00+00:00,14001.618330089152
2024-12-30 04:00:00+00:00,14022.965134650143
2024-12-30 08:00:00+00:00,14070.341405313124
2024-12-30 12:00:00+00:00,13661.466002735937
2024-12-30 16:00:00+00:00,14169.366345243809
2024-12-30 20:00:00+00:00,13885.553489656806
2024-12-31 00:00:00+00:00,13763.202633678167
2024-12-31 04:00:00+00:00,13781.730430049976
2024-12-31 08:00:00+00:00,14039.908666659963
2024-12-31 12:00:00+00:00,14322.639629065492
2024-12-31 16:00:00+00:00,14013.000017842518
2024-12-31 20:00:00+00:00,13848.193482271265
2025-01-01 00:00:00+00:00,13938.344026733044
2025-01-01 04:00:00+00:00,13917.389076406089
2025-01-01 08:00:00+00:00,13956.20298134976
2025-01-01 12:00:00+00:00,14141.545985922716
2025-01-01 16:00:00+00:00,14341.62691054486
2025-01-01 20:00:00+00:00,14407.472293422485
2025-01-02 00:00:00+00:00,14682.411102372524
2025-01-02 04:00:00+00:00,14883.150954518762
2025-01-02 08:00:00+00:00,15133.133368566923
2025-01-02 12:00:00+00:00,14991.446128918991
2025-01-02 16:00:00+00:00,14990.25043915824
2025-01-02 20:00:00+00:00,15048.372277780414
2025-01-03 00:00:00+00:00,15171.909186069151
2025-01-03 04:00:00+00:00,15040.282998967969
2025-01-03 08:00:00+00:00,15402.792918415164
2025-01-03 12:00:00+00:00,15742.491225341277
2025-01-03 16:00:00+00:00,15923.186761222654
2025-01-03 20:00:00+00:00,15920.997643922548
2025-01-04 00:00:00+00:00,16016.61445114015
2025-01-04 04:00:00+00:00,15947.325535886104
2025-01-04 08:00:00+00:00,15943.93710242973
2025-01-04 12:00:00+00:00,15736.404501754205
2025-01-04 16:00:00+00:00,15862.504159988175
2025-01-04 20:00:00+00:00,16008.014614151149
2025-01-05 00:00:00+00:00,15934.679516033832
2025-01-05 04:00:00+00:00,15933.372839560405
2025-01-05 08:00:00+00:00,15713.579088061068
2025-01-05 12:00:00+00:00,15747.41098844583
2025-01-05 16:00:00+00:00,15740.49409418033
2025-01-05 20:00:00+00:00,15795.370164625634
2025-01-06 00:00:00+00:00,15934.891279115722
2025-01-06 04:00:00+00:00,15859.932845367888
2025-01-06 08:00:00+00:00,15958.007042905549
2025-01-06 12:00:00+00:00,16233.41199767966
2025-01-06 16:00:00+00:00,16166.650149239262
2025-01-06 20:00:00+00:00,16090.35571931607
2025-01-07 00:00:00+00:00,16075.021703387809
2025-01-07 04:00:00+00:00,16061.911128668296
2025-01-07 08:00:00+00:00,15920.023059023704
2025-01-07 12:00:00+00:00,15263.035789151823
2025-01-07 16:00:00+00:00,14964.186660101152
2025-01-07 20:00:00+00:00,14819.325403555384
2025-01-08 00:00:00+00:00,14818.512471318689
2025-01-08 04:00:00+00:00,14581.583959354108
2025-01-08 08:00:00+00:00,14626.09297721059
2025-01-08 12:00:00+00:00,14660.794584645404
2025-01-08 16:00:00+00:00,14388.549236039971
2025-01-08 20:00:00+00:00,14634.138694940388
2025-01-09 00:00:00+00:00,14474.017121650024
2025-01-09 04:00:00+00:00,14217.787857709482
2025-01-09 08:00:00+00:00,14250.372429167048
2025-01-09 12:00:00+00:00,14346.737721518288
2025-01-09 16:00:00+00:00,13865.876481235762
2025-01-09 20:00:00+00:00,13904.322938779038
2025-01-10 00:00:00+00:00,14134.724926164194
2025-01-10 04:00:00+00:00,14365.46144598658
2025-01-10 08:00:00+00:00,14381.02231388952
2025-01-10 12:00:00+00:00,14103.453716782064
2025-01-10 16:00:00+00:00,14349.274697681269
2025-01-10 20:00:00+00:00,14231.055411403471
2025-01-11 00:00:00+00:00,14137.465164525447
2025-01-11 04:00:00+00:00,14154.761700316629
2025-01-11 08:00:00+00:00,14325.24725996174
2025-01-11 12:00:00+00:00,14273.238819503003
2025-01-11 16:00:00+00:00,14448.799303597982
2025-01-11 20:00:00+00:00,14560.206838651004
2025-01-12 00:00:00+00:00,14518.65397802652
2025-01-12 04:00:00+00:00,14465.806818842511
2025-01-12 08:00:00+00:00,14370.171491147175
2025-01-12 12:00:00+00:00,14573.503974111003
2025-01-12 16:00:00+00:00,14528.499354575102
2025-01-12 20:00:00+00:00,14418.641607678788
2025-01-13 00:00:00+00:00,14234.659233728224
2025-01-13 04:00:00+00:00,14060.741959110326
2025-01-13 08:00:00+00:00,13483.384842751511
2025-01-13 12:00:00+00:00,13851.176975073888
2025-01-13 16:00:00+00:00,13788.409292022814
2025-01-13 20:00:00+00:00,14226.166057913086
2025-01-14 00:00:00+00:00,14338.787885459791
2025-01-14 04:00:00+00:00,14351.87825207901
2025-01-14 08:00:00+00:00,14559.111658235652
2025-01-14 12:00:00+00:00,14605.03188695566
2025-01-14 16:00:00+00:00,14723.70318244666
2025-01-14 20:00:00+00:00,14760.89438843438
2025-01-15 00:00:00+00:00,15061.532730785815
2025-01-15 04:00:00+00:00,15089.619575494602
2025-01-15 08:00:00+00:00,14783.515869008146
2025-01-15 12:00:00+00:00,15557.859767669826
2025-01-15 16:00:00+00:00,15772.320630705
2025-01-15 20:00:00+00:00,16163.69077336018
2025-01-16 00:00:00+00:00,15814.161010382217
2025-01-16 04:00:00+00:00,15946.059847659635
2025-01-16 08:00:00+00:00,16276.797848515716
2025-01-16 12:00:00+00:00,16341.535690275115
2025-01-16 16:00:00+00:00,16607.347172981692
2025-01-16 20:00:00+00:00,16281.471372506448
2025-01-17 00:00:00+00:00,16485.076043560657
2025-01-17 04:00:00+00:00,16659.26051071451
2025-01-17 08:00:00+00:00,16982.806862842222
2025-01-17 12:00:00+00:00,16910.357737039496
2025-01-17 16:00:00+00:00,16968.384199272383
2025-01-17 20:00:00+00:00,17081.787372961797
2025-01-18 00:00:00+00:00,16935.41002444693
2025-01-18 04:00:00+00:00,16899.219076470417
2025-01-18 08:00:00+00:00,17176.83575549588
2025-01-18 12:00:00+00:00,17641.911479199734
2025-01-18 16:00:00+00:00,17596.70175221151
2025-01-18 20:00:00+00:00,17849.510112276366
2025-01-19 00:00:00+00:00,17704.46100379612
2025-01-19 04:00:00+00:00,17924.917078329603
2025-01-19 08:00:00+00:00,17770.84691439548
2025-01-19 12:00:00+00:00,17884.377345800367
2025-01-19 16:00:00+00:00,18054.920001162165
2025-01-19 20:00:00+00:00,16769.41930729013
2025-01-20 00:00:00+00:00,16704.05793457464
2025-01-20 04:00:00+00:00,17636.09722988638
2025-01-20 08:00:00+00:00,17764.582119396324
2025-01-20 12:00:00+00:00,17321.198002699504
2025-01-20 16:00:00+00:00,16906.39230727627
2025-01-20 20:00:00+00:00,16643.34651886656
2025-01-21 00:00:00+00:00,16440.262773323735
2025-01-21 04:00:00+00:00,16312.847423443676
2025-01-21 08:00:00+00:00,16907.050329878177
2025-01-21 12:00:00+00:00,16899.389874158707
2025-01-21 16:00:00+00:00,17423.918605790852
2025-01-21 20:00:00+00:00,17184.567541198358
2025-01-22 00:00:00+00:00,17279.07256002081
2025-01-22 04:00:00+00:00,17295.05934056625
2025-01-22 08:00:00+00:00,17385.758802346063
2025-01-22 12:00:00+00:00,17189.79579176622
2025-01-22 16:00:00+00:00,17463.357430278043
2025-01-22 20:00:00+00:00,17212.988281570128
2025-01-23 00:00:00+00:00,16814.29667778674
2025-01-23 04:00:00+00:00,16820.298900198162
2025-01-23 08:00:00+00:00,16567.754323704936
2025-01-23 12:00:00+00:00,16880.075907375118
2025-01-23 16:00:00+00:00,16615.033637046978
2025-01-23 20:00:00+00:00,16951.288323765588
2025-01-24 00:00:00+00:00,16848.20123068034
2025-01-24 04:00:00+00:00,17243.542009008394
2025-01-24 08:00:00+00:00,17525.1663550391
2025-01-24 12:00:00+00:00,17345.35612845897
2025-01-24 16:00:00+00:00,17279.637045038322
2025-01-24 20:00:00+00:00,16892.5176405924
2025-01-25 00:00:00+00:00,16960.239899837106
2025-01-25 04:00:00+00:00,16715.333736902834
2025-01-25 08:00:00+00:00,16822.722149796242
2025-01-25 12:00:00+00:00,17030.880246824512
2025-01-25 16:00:00+00:00,17158.603442361116
2025-01-25 20:00:00+00:00,17036.869939507105
2025-01-26 00:00:00+00:00,17165.41092310264
2025-01-26 04:00:00+00:00,17192.953205928774
2025-01-26 08:00:00+00:00,17041.62143108101
2025-01-26 12:00:00+00:00,16999.537198692895
2025-01-26 16:00:00+00:00,17107.211229629705
2025-01-26 20:00:00+00:00,16283.581971384074
2025-01-27 00:00:00+00:00,16024.112401461864
2025-01-27 04:00:00+00:00,15365.945518659531
2025-01-27 08:00:00+00:00,15251.91599567584
2025-01-27 12:00:00+00:00,15846.109982583912
2025-01-27 16:00:00+00:00,15537.768922514537
2025-01-27 20:00:00+00:00,16107.622935274085
2025-01-28 00:00:00+00:00,16202.359177163024
2025-01-28 04:00:00+00:00,16270.844495235291
2025-01-28 08:00:00+00:00,16266.43198085357
2025-01-28 12:00:00+00:00,16272.970117660752
2025-01-28 16:00:00+00:00,15981.680634652916
2025-01-28 20:00:00+00:00,15625.476902527069
2025-01-29 00:00:00+00:00,15916.598836154471
2025-01-29 04:00:00+00:00,16094.802771515007
2025-01-29 08:00:00+00:00,15948.229340733276
2025-01-29 12:00:00+00:00,15752.420514253865
2025-01-29 16:00:00+00:00,15932.958676368104
2025-01-29 20:00:00+00:00,15797.41498375567
2025-01-30 00:00:00+00:00,16331.570105699471
2025-01-30 04:00:00+00:00,16260.743932510844
2025-01-30 08:00:00+00:00,16360.725626955618
2025-01-30 12:00:00+00:00,16434.832820723124
2025-01-30 16:00:00+00:00,16430.995990267347
2025-01-30 20:00:00+00:00,16291.723188723565
2025-01-31 00:00:00+00:00,16142.549507701076
2025-01-31 04:00:00+00:00,16157.39655774707
2025-01-31 08:00:00+00:00,16353.433995448184
2025-01-31 12:00:00+00:00,16526.570082475966
2025-01-31 16:00:00+00:00,15987.666139270586
2025-01-31 20:00:00+00:00,16021.34979325816
2025-02-01 00:00:00+00:00,16017.816286036352
2025-02-01 04:00:00+00:00,15948.515820051622
2025-02-01 08:00:00+00:00,15815.47121107512
2025-02-01 12:00:00+00:00,15701.49703158505
2025-02-01 16:00:00+00:00,15422.332185299376
2025-02-01 20:00:00+00:00,14999.518807465733
2025-02-02 00:00:00+00:00,14648.76154931433
2025-02-02 04:00:00+00:00,14861.937156475777
2025-02-02 08:00:00+00:00,14563.712948063006
2025-02-02 12:00:00+00:00,14709.535876009892
2025-02-02 16:00:00+00:00,14017.051120463631
2025-02-02 20:00:00+00:00,13809.73725505039
2025-02-03 00:00:00+00:00,12654.630514817312
2025-02-03 04:00:00+00:00,13200.863023804248
2025-02-03 08:00:00+00:00,13090.743574182365
2025-02-03 12:00:00+00:00,13766.539306835495
2025-02-03 16:00:00+00:00,14445.533230721105
2025-02-03 20:00:00+00:00,14468.63311321346
2025-02-04 00:00:00+00:00,14348.539387246836
2025-02-04 04:00:00+00:00,13459.937902752896
2025-02-04 08:00:00+00:00,13794.481073679077
2025-02-04 12:00:00+00:00,14061.258503469737
2025-02-04 16:00:00+00:00,13784.336139621792
2025-02-04 20:00:00+00:00,13629.82902104288
2025-02-05 00:00:00+00:00,13647.54648894431
2025-02-05 04:00:00+00:00,13608.72647226556
2025-02-05 08:00:00+00:00,13734.24058065072
2025-02-05 12:00:00+00:00,13496.88922342836
2025-02-05 16:00:00+00:00,13324.618368915158
2025-02-05 20:00:00+00:00,13135.577921556962
2025-02-06 00:00:00+00:00,13365.666596098026
2025-02-06 04:00:00+00:00,13478.149861673775
2025-02-06 08:00:00+00:00,13430.204544135811
2025-02-06 12:00:00+00:00,12842.573412304944
2025-02-06 16:00:00+00:00,12716.169728513116
2025-02-06 20:00:00+00:00,12768.97128916268
2025-02-07 00:00:00+00:00,12973.65861972206
2025-02-07 04:00:00+00:00,12862.393536695372
2025-02-07 08:00:00+00:00,13246.080042213243
2025-02-07 12:00:00+00:00,13273.14141161301
2025-02-07 16:00:00+00:00,13066.934727413638
2025-02-07 20:00:00+00:00,12871.22283143414
2025-02-08 00:00:00+00:00,12886.20242700603
2025-02-08 04:00:00+00:00,12900.074213252274
2025-02-08 08:00:00+00:00,12947.939702786758
2025-02-08 12:00:00+00:00,12929.157704979618
2025-02-08 16:00:00+00:00,13161.278482447764
2025-02-08 20:00:00+00:00,13202.608061882784
2025-02-09 00:00:00+00:00,13582.678235465017
2025-02-09 04:00:00+00:00,13466.556969952602
2025-02-09 08:00:00+00:00,13328.01017399718
2025-02-09 12:00:00+00:00,13284.150356262267
2025-02-09 16:00:00+00:00,13143.224513249372
2025-02-09 20:00:00+00:00,13168.617437329303
2025-02-10 00:00:00+00:00,13184.641348037258
2025-02-10 04:00:00+00:00,13280.357206764347
2025-02-10 08:00:00+00:00,13355.902401383068
2025-02-10 12:00:00+00:00,13304.23014919834
2025-02-10 16:00:00+00:00,13305.08343331601
2025-02-10 20:00:00+00:00,13315.741515636337
2025-02-11 00:00:00+00:00,13420.72153138492
2025-02-11 04:00:00+00:00,13712.32086725558
2025-02-11 08:00:00+00:00,13676.001060161
2025-02-11 12:00:00+00:00,13442.689049707484
2025-02-11 16:00:00+00:00,13095.410780512277
2025-02-11 20:00:00+00:00,13250.145674631269
2025-02-12 00:00:00+00:00,13077.197002717376
2025-02-12 04:00:00+00:00,13167.779804230886
2025-02-12 08:00:00+00:00,13288.915185003558
2025-02-12 12:00:00+00:00,13114.486968310226
2025-02-12 16:00:00+00:00,13391.586748415944
2025-02-12 20:00:00+00:00,13565.017005894886
2025-02-13 00:00:00+00:00,13644.146078435697
2025-02-13 04:00:00+00:00,13340.218912103015
2025-02-13 08:00:00+00:00,13301.771111438971
2025-02-13 12:00:00+00:00,13290.084026984974
2025-02-13 16:00:00+00:00,13241.27032890783
2025-02-13 20:00:00+00:00,13449.456071833434
2025-02-14 00:00:00+00:00,13629.99906778258
2025-02-14 04:00:00+00:00,13570.204281457223
2025-02-14 08:00:00+00:00,13848.45248677577
2025-02-14 12:00:00+00:00,13912.962006455824
2025-02-14 16:00:00+00:00,14044.948476067284
2025-02-14 20:00:00+00:00,13866.667279342604
2025-02-15 00:00:00+00:00,13984.415991354885
2025-02-15 04:00:00+00:00,13813.223621385496
2025-02-15 08:00:00+00:00,13832.704853699986
2025-02-15 12:00:00+00:00,13790.0270537492
2025-02-15 16:00:00+00:00,13693.698667811848
2025-02-15 20:00:00+00:00,13722.915342323087
2025-02-16 00:00:00+00:00,13735.503250446864
2025-02-16 04:00:00+00:00,13638.221442025926
2025-02-16 08:00:00+00:00,13715.250906868729
2025-02-16 12:00:00+00:00,13557.457438750802
2025-02-16 16:00:00+00:00,13506.255574016195
2025-02-16 20:00:00+00:00,13452.660054835302
2025-02-17 00:00:00+00:00,13408.12221646752
2025-02-17 04:00:00+00:00,13169.181529886668
2025-02-17 08:00:00+00:00,13339.816942114683
2025-02-17 12:00:00+00:00,13174.57122659862
2025-02-17 16:00:00+00:00,13024.87587544946
2025-02-17 20:00:00+00:00,13084.707062438762
2025-02-18 00:00:00+00:00,13075.679352875568
2025-02-18 04:00:00+00:00,12525.55986913991
2025-02-18 08:00:00+00:00,12624.589235812156
2025-02-18 12:00:00+00:00,12446.319396503652
2025-02-18 16:00:00+00:00,12360.08310677654
2025-02-18 20:00:00+00:00,12599.97498310864
2025-02-19 00:00:00+00:00,12568.323012348725
2025-02-19 04:00:00+00:00,12639.23352782701
2025-02-19 08:00:00+00:00,12859.494876059876
2025-02-19 12:00:00+00:00,12677.265616323486
2025-02-19 16:00:00+00:00,12703.091128931836
2025-02-19 20:00:00+00:00,12819.036542351989
2025-02-20 00:00:00+00:00,12919.33000616097
2025-02-20 04:00:00+00:00,12852.083251939712
2025-02-20 08:00:00+00:00,12931.144952277777
2025-02-20 12:00:00+00:00,12800.68970174993
2025-02-20 16:00:00+00:00,13023.484846573205
2025-02-20 20:00:00+00:00,13026.161922697484
2025-02-21 00:00:00+00:00,12875.357684850722
2025-02-21 04:00:00+00:00,12982.711905303991
2025-02-21 08:00:00+00:00,13065.17241221154
2025-02-21 12:00:00+00:00,12869.733069699423
2025-02-21 16:00:00+00:00,12412.5280931596
2025-02-21 20:00:00+00:00,12505.947037969594
2025-02-22 00:00:00+00:00,12586.535075413562
2025-02-22 04:00:00+00:00,12654.813324909306
2025-02-22 08:00:00+00:00,12736.149577273383
2025-02-22 12:00:00+00:00,12800.057163006102
2025-02-22 16:00:00+00:00,12806.60592352078
2025-02-22 20:00:00+00:00,12751.346939379357
2025-02-23 00:00:00+00:00,12661.10617897136
2025-02-23 04:00:00+00:00,12815.375815317511
2025-02-23 08:00:00+00:00,12642.810133779993
2025-02-23 12:00:00+00:00,12444.890469169148
2025-02-23 16:00:00+00:00,12519.658166573838
2025-02-23 20:00:00+00:00,12584.250181640202
2025-02-24 00:00:00+00:00,12115.467198308042
2025-02-24 04:00:00+00:00,12153.794807323857
2025-02-24 08:00:00+00:00,12060.983734096935
2025-02-24 12:00:00+00:00,11731.054126216524
2025-02-24 16:00:00+00:00,11580.98238461386
2025-02-24 20:00:00+00:00,11024.380433720444
2025-02-25 00:00:00+00:00,10933.502659328844
2025-02-25 04:00:00+00:00,10585.580363767174
2025-02-25 08:00:00+00:00,10825.351346428311
2025-02-25 12:00:00+00:00,10715.250658670928
2025-02-25 16:00:00+00:00,11049.596334407392
2025-02-25 20:00:00+00:00,11129.710662779236
2025-02-26 00:00:00+00:00,11120.406090145543
2025-02-26 04:00:00+00:00,10981.800707857128
2025-02-26 08:00:00+00:00,10920.844617312076
2025-02-26 12:00:00+00:00,10928.096244995322
2025-02-26 16:00:00+00:00,10402.75465160286
2025-02-26 20:00:00+00:00,10602.27805164352
2025-02-27 00:00:00+00:00,10738.589528667402
2025-02-27 04:00:00+00:00,10887.878807388272
2025-02-27 08:00:00+00:00,10891.268221108874
2025-02-27 12:00:00+00:00,10794.410133343894
2025-02-27 16:00:00+00:00,10617.043158001476
2025-02-27 20:00:00+00:00,10689.583656190502
2025-02-28 00:00:00+00:00,9908.212737738211
2025-02-28 04:00:00+00:00,9833.433388439042
2025-02-28 08:00:00+00:00,10028.980255455575
2025-02-28 12:00:00+00:00,10676.7416307493
2025-02-28 16:00:00+00:00,10742.566339287228
2025-02-28 20:00:00+00:00,10801.00929777823
2025-03-01 00:00:00+00:00,10834.378698086237
2025-03-01 04:00:00+00:00,10699.033286807002
2025-03-01 08:00:00+00:00,10596.035465663776
2025-03-01 12:00:00+00:00,10596.169065633983
2025-03-01 16:00:00+00:00,10673.153830892714
2025-03-01 20:00:00+00:00,10812.28376597107
2025-03-02 00:00:00+00:00,10876.209006939796
2025-03-02 04:00:00+00:00,10900.207773756272
2025-03-02 08:00:00+00:00,10902.858346035
2025-03-02 12:00:00+00:00,11694.58581972893
2025-03-02 16:00:00+00:00,12790.031748632746
2025-03-02 20:00:00+00:00,13152.561105026754
2025-03-03 00:00:00+00:00,12588.086833967394
2025-03-03 04:00:00+00:00,12186.553256401578
2025-03-03 08:00:00+00:00,12039.701769783089
2025-03-03 12:00:00+00:00,11814.47666187326
2025-03-03 16:00:00+00:00,10797.811936943082
2025-03-03 20:00:00+00:00,10865.104229650782
2025-03-04 00:00:00+00:00,10442.435965537476
2025-03-04 04:00:00+00:00,10473.110733643722
2025-03-04 08:00:00+00:00,10562.400089958492
2025-03-04 12:00:00+00:00,10642.159039247808
2025-03-04 16:00:00+00:00,11049.003738090292
2025-03-04 20:00:00+00:00,11043.48793714982
2025-03-05 00:00:00+00:00,10944.360676402142
2025-03-05 04:00:00+00:00,11031.495082189153
2025-03-05 08:00:00+00:00,11271.694037631769
2025-03-05 12:00:00+00:00,11009.08487264286
2025-03-05 16:00:00+00:00,11246.912325423666
2025-03-05 20:00:00+00:00,11315.2469415733
2025-03-06 00:00:00+00:00,11471.200093747168
2025-03-06 04:00:00+00:00,11448.517295401449
2025-03-06 08:00:00+00:00,11657.139610467711
2025-03-06 12:00:00+00:00,11523.497409824422
2025-03-06 16:00:00+00:00,11202.432333392797
2025-03-06 20:00:00+00:00,11247.697115075613
2025-03-07 00:00:00+00:00,10929.335294777771
2025-03-07 04:00:00+00:00,11160.495812582436
2025-03-07 08:00:00+00:00,11206.1789451408
2025-03-07 12:00:00+00:00,11213.709332593677
2025-03-07 16:00:00+00:00,11211.466458532805
2025-03-07 20:00:00+00:00,10813.510926086154
2025-03-08 00:00:00+00:00,10763.055263705754
2025-03-08 04:00:00+00:00,10746.303830899138
2025-03-08 08:00:00+00:00,10632.754740011822
2025-03-08 12:00:00+00:00,10701.42666567067
2025-03-08 16:00:00+00:00,10758.424955708146
2025-03-08 20:00:00+00:00,10639.712498507142
2025-03-09 00:00:00+00:00,10628.698966939955
2025-03-09 04:00:00+00:00,10688.855011095928
2025-03-09 08:00:00+00:00,10410.140378177935
2025-03-09 12:00:00+00:00,10042.896434134378
2025-03-09 16:00:00+00:00,9880.557797756552
2025-03-09 20:00:00+00:00,9715.94671672373
2025-03-10 00:00:00+00:00,9830.581243365672
2025-03-10 04:00:00+00:00,9918.789854978717
2025-03-10 08:00:00+00:00,10069.894876707684
2025-03-10 12:00:00+00:00,9543.24626495276
2025-03-10 16:00:00+00:00,9256.848106058129
2025-03-10 20:00:00+00:00,9104.953145927882
2025-03-11 00:00:00+00:00,9192.93337306886
2025-03-11 04:00:00+00:00,9439.778229549958
2025-03-11 08:00:00+00:00,9576.38551154228
2025-03-11 12:00:00+00:00,9556.877920517496
2025-03-11 16:00:00+00:00,9825.06892558206
2025-03-11 20:00:00+00:00,9653.808002824158
2025-03-12 00:00:00+00:00,9502.070850508571
2025-03-12 04:00:00+00:00,9623.671040495648
2025-03-12 08:00:00+00:00,9798.983661898024
2025-03-12 12:00:00+00:00,9651.387779823395
2025-03-12 16:00:00+00:00,9778.375481272356
2025-03-12 20:00:00+00:00,9885.689328504614
2025-03-13 00:00:00+00:00,9824.526362903847
2025-03-13 04:00:00+00:00,9779.654743603827
2025-03-13 08:00:00+00:00,9921.957822286606
2025-03-13 12:00:00+00:00,9769.484422790774
2025-03-13 16:00:00+00:00,9591.444735134952
2025-03-13 20:00:00+00:00,9702.435611649713
2025-03-14 00:00:00+00:00,9826.89080379302
2025-03-14 04:00:00+00:00,9825.431828423483
2025-03-14 08:00:00+00:00,9928.793035546678
2025-03-14 12:00:00+00:00,10199.903563057782
2025-03-14 16:00:00+00:00,10227.349219887266
2025-03-14 20:00:00+00:00,10196.887092098348
2025-03-15 00:00:00+00:00,10339.356656824944
2025-03-15 04:00:00+00:00,10221.52839750474
2025-03-15 08:00:00+00:00,10302.951174812222
2025-03-15 12:00:00+00:00,10392.329866200263
2025-03-15 16:00:00+00:00,10354.553763644026
2025-03-15 20:00:00+00:00,10412.606439228282
2025-03-16 00:00:00+00:00,10367.87723700984
2025-03-16 04:00:00+00:00,10338.571990713204
2025-03-16 08:00:00+00:00,9983.070807985758
2025-03-16 12:00:00+00:00,9977.825623718616
2025-03-16 16:00:00+00:00,9917.912771652042
2025-03-16 20:00:00+00:00,9898.78934343536
2025-03-17 00:00:00+00:00,10140.086794247163
2025-03-17 04:00:00+00:00,10137.170551918913
2025-03-17 08:00:00+00:00,10144.20088525628
2025-03-17 12:00:00+00:00,10099.222787853736
2025-03-17 16:00:00+00:00,10222.434333391047
2025-03-17 20:00:00+00:00,10131.437194549082
2025-03-18 00:00:00+00:00,9900.335501721222
2025-03-18 04:00:00+00:00,9951.611407443932
2025-03-18 08:00:00+00:00,9850.123499967602
2025-03-18 12:00:00+00:00,9746.062103827551
2025-03-18 16:00:00+00:00,9865.507923662266
2025-03-18 20:00:00+00:00,9945.804993681008
2025-03-19 00:00:00+00:00,9992.112248660187
2025-03-19 04:00:00+00:00,9942.774864252386
2025-03-19 08:00:00+00:00,10152.329615741866
2025-03-19 12:00:00+00:00,10476.04932157734
2025-03-19 16:00:00+00:00,10441.237858783015
2025-03-19 20:00:00+00:00,10629.544245733552
2025-03-20 00:00:00+00:00,10491.585957373203
2025-03-20 04:00:00+00:00,10450.809922802302
2025-03-20 08:00:00+00:00,10353.27231443841
2025-03-20 12:00:00+00:00,10224.565608045215
2025-03-20 16:00:00+00:00,10186.638994870123
2025-03-20 20:00:00+00:00,10188.318618078232
2025-03-21 00:00:00+00:00,10185.23803848234
2025-03-21 04:00:00+00:00,10160.359069711874
2025-03-21 08:00:00+00:00,10088.611366856085
2025-03-21 12:00:00+00:00,10030.917941721422
2025-03-21 16:00:00+00:00,10165.95658824006
2025-03-21 20:00:00+00:00,10142.258722865736
2025-03-22 00:00:00+00:00,10178.515462716412
2025-03-22 04:00:00+00:00,10192.641860429025
2025-03-22 08:00:00+00:00,10222.773937116624
2025-03-22 12:00:00+00:00,10165.902410987905
2025-03-22 16:00:00+00:00,10209.681667898658
2025-03-22 20:00:00+00:00,10131.733748451785
2025-03-23 00:00:00+00:00,10238.577912569132
2025-03-23 04:00:00+00:00,10254.509778884418
2025-03-23 08:00:00+00:00,10329.22417905068
2025-03-23 12:00:00+00:00,10330.919905681572
2025-03-23 16:00:00+00:00,10253.06079305413
2025-03-23 20:00:00+00:00,10387.034608907104
2025-03-24 00:00:00+00:00,10574.821005406777
2025-03-24 04:00:00+00:00,10635.752212694142
2025-03-24 08:00:00+00:00,10821.598986657413
2025-03-24 12:00:00+00:00,10892.7113078413
2025-03-24 16:00:00+00:00,10905.678102679214
2025-03-24 20:00:00+00:00,10807.022968978794
2025-03-25 00:00:00+00:00,10680.99813427862
2025-03-25 04:00:00+00:00,10743.09577826833
2025-03-25 08:00:00+00:00,10882.697350744998
2025-03-25 12:00:00+00:00,11002.990720219694
2025-03-25 16:00:00+00:00,11027.751429271397
2025-03-25 20:00:00+00:00,10964.27258933351
2025-03-26 00:00:00+00:00,10887.280594767137
2025-03-26 04:00:00+00:00,11129.566777737651
2025-03-26 08:00:00+00:00,11138.795062753112
2025-03-26 12:00:00+00:00,10820.39365602602
2025-03-26 16:00:00+00:00,10697.699589601183
2025-03-26 20:00:00+00:00,10689.856427771934
2025-03-27 00:00:00+00:00,10866.048258820234
2025-03-27 04:00:00+00:00,10801.788795304852
2025-03-27 08:00:00+00:00,10699.193648895782
2025-03-27 12:00:00+00:00,10702.23289026212
2025-03-27 16:00:00+00:00,10730.993050921756
2025-03-27 20:00:00+00:00,10710.703748663229
2025-03-28 00:00:00+00:00,10609.722371192856
2025-03-28 04:00:00+00:00,10231.402004334306
2025-03-28 08:00:00+00:00,10248.888450150733
2025-03-28 12:00:00+00:00,10087.3362350907
2025-03-28 16:00:00+00:00,10048.439001131612
2025-03-28 20:00:00+00:00,10117.711970383749
2025-03-29 00:00:00+00:00,10046.458912713731
2025-03-29 04:00:00+00:00,9858.555641771092
2025-03-29 08:00:00+00:00,9709.47004245666
2025-03-29 12:00:00+00:00,9763.015706632985
2025-03-29 16:00:00+00:00,9753.172327135137
2025-03-29 20:00:00+00:00,9727.24579875996
2025-03-30 00:00:00+00:00,9828.552152671797
2025-03-30 04:00:00+00:00,9809.948374342604
2025-03-30 08:00:00+00:00,9775.114057187411
2025-03-30 12:00:00+00:00,9720.493565449233
2025-03-30 16:00:00+00:00,9753.513319126603
2025-03-30 20:00:00+00:00,9678.281192409398
2025-03-31 00:00:00+00:00,9579.625217577404
2025-03-31 04:00:00+00:00,9582.408122732975
2025-03-31 08:00:00+00:00,9562.589052524458
2025-03-31 12:00:00+00:00,9741.257397728194
2025-03-31 16:00:00+00:00,9649.147508079286
2025-03-31 20:00:00+00:00,9641.859810639273
2025-04-01 00:00:00+00:00,9729.772836027334
2025-04-01 04:00:00+00:00,9769.1961263231
2025-04-01 08:00:00+00:00,9846.057519686732
2025-04-01 12:00:00+00:00,10012.369974155696
2025-04-01 16:00:00+00:00,9874.182076495328
2025-04-01 20:00:00+00:00,9896.969198650571
2025-04-02 00:00:00+00:00,9727.9277469546
2025-04-02 04:00:00+00:00,9713.971668844666
2025-04-02 08:00:00+00:00,9770.96579692828
2025-04-02 12:00:00+00:00,10048.369481099156
2025-04-02 16:00:00+00:00,10044.2899380258
2025-04-02 20:00:00+00:00,9306.820474859323
2025-04-03 00:00:00+00:00,9485.14005166393
2025-04-03 04:00:00+00:00,9409.50248398315
2025-04-03 08:00:00+00:00,9255.382371610216
2025-04-03 12:00:00+00:00,9132.929857089252
2025-04-03 16:00:00+00:00,9221.368934641929
2025-04-03 20:00:00+00:00,9347.227836053797
2025-04-04 00:00:00+00:00,9279.398531227464
2025-04-04 04:00:00+00:00,9465.988700559745
2025-04-04 08:00:00+00:00,9228.438879867375
2025-04-04 12:00:00+00:00,9475.19493360664
2025-04-04 16:00:00+00:00,9629.958545016383
2025-04-04 20:00:00+00:00,9653.665040853835
2025-04-05 00:00:00+00:00,9560.704922189483
2025-04-05 04:00:00+00:00,9587.881949797904
2025-04-05 08:00:00+00:00,9597.409366989334
2025-04-05 12:00:00+00:00,9426.500349430871
2025-04-05 16:00:00+00:00,9455.417068221584
2025-04-05 20:00:00+00:00,9556.618809549173
2025-04-06 00:00:00+00:00,9508.71567312152
2025-04-06 04:00:00+00:00,9413.575512462035
2025-04-06 08:00:00+00:00,9376.999321713784
2025-04-06 12:00:00+00:00,9219.021985302985
2025-04-06 16:00:00+00:00,8743.35697735786
2025-04-06 20:00:00+00:00,8546.877836646416
2025-04-07 00:00:00+00:00,8281.566516310491
2025-04-07 04:00:00+00:00,7784.990834679224
2025-04-07 08:00:00+00:00,8059.8613977478
2025-04-07 12:00:00+00:00,8499.193354315375
2025-04-07 16:00:00+00:00,8486.801914506828
2025-04-07 20:00:00+00:00,8573.71121219987
2025-04-08 00:00:00+00:00,8747.789932947986
2025-04-08 04:00:00+00:00,8625.320785029575
2025-04-08 08:00:00+00:00,8864.10564314691
2025-04-08 12:00:00+00:00,8602.94608058691
2025-04-08 16:00:00+00:00,8296.39712488693
2025-04-08 20:00:00+00:00,8296.376588728945
2025-04-09 00:00:00+00:00,8111.173187211638
2025-04-09 04:00:00+00:00,8465.337065104955
2025-04-09 08:00:00+00:00,8243.269999240556
2025-04-09 12:00:00+00:00,8437.87702191634
2025-04-09 16:00:00+00:00,9267.252224079084
2025-04-09 20:00:00+00:00,9296.452821649144
2025-04-10 00:00:00+00:00,9060.691091485687
2025-04-10 04:00:00+00:00,9040.98501822372
2025-04-10 08:00:00+00:00,9023.765642236678
2025-04-10 12:00:00+00:00,8698.416698458983
2025-04-10 16:00:00+00:00,8844.494733235788
2025-04-10 20:00:00+00:00,8899.881461554349
2025-04-11 00:00:00+00:00,9063.164526982026
2025-04-11 04:00:00+00:00,9110.973207497796
2025-04-11 08:00:00+00:00,9177.295135527524
2025-04-11 12:00:00+00:00,9239.517981021329
2025-04-11 16:00:00+00:00,9334.213979426846
2025-04-11 20:00:00+00:00,9319.285635488512
2025-04-12 00:00:00+00:00,9253.571685391384
2025-04-12 04:00:00+00:00,9464.63097207771
2025-04-12 08:00:00+00:00,9475.09566700164
2025-04-12 12:00:00+00:00,9844.91773110172
2025-04-12 16:00:00+00:00,9808.508224995683
2025-04-12 20:00:00+00:00,9893.54705518524
2025-04-13 00:00:00+00:00,9852.127892400942
2025-04-13 04:00:00+00:00,9711.36818701404
2025-04-13 08:00:00+00:00,9795.490717326864
2025-04-13 12:00:00+00:00,9666.090711802815
2025-04-13 16:00:00+00:00,9634.297859589611
2025-04-13 20:00:00+00:00,9630.623632880752
2025-04-14 00:00:00+00:00,9795.531901291351
2025-04-14 04:00:00+00:00,9796.16900991184
2025-04-14 08:00:00+00:00,9900.707370446778
2025-04-14 12:00:00+00:00,9632.873655947464
2025-04-14 16:00:00+00:00,9747.6306013842
2025-04-14 20:00:00+00:00,9648.936191190172
2025-04-15 00:00:00+00:00,9744.99694565046
2025-04-15 04:00:00+00:00,9767.007494264695
2025-04-15 08:00:00+00:00,9757.500861834413
2025-04-15 12:00:00+00:00,9617.169772048974
2025-04-15 16:00:00+00:00,9529.67388881413
2025-04-15 20:00:00+00:00,9416.019157129373
2025-04-16 00:00:00+00:00,9445.767902452586
2025-04-16 04:00:00+00:00,9324.299678445515
2025-04-16 08:00:00+00:00,9424.341346739864
2025-04-16 12:00:00+00:00,9519.045871399354
2025-04-16 16:00:00+00:00,9639.7544749364
2025-04-16 20:00:00+00:00,9566.06475922198
2025-04-17 00:00:00+00:00,9523.64957847009
2025-04-17 04:00:00+00:00,9700.223881924736
2025-04-17 08:00:00+00:00,9673.15806503613
2025-04-17 12:00:00+00:00,9641.045690813837
2025-04-17 16:00:00+00:00,9641.809285370004
2025-04-17 20:00:00+00:00,9685.58145505914
2025-04-18 00:00:00+00:00,9654.545494822236
2025-04-18 04:00:00+00:00,9681.179780190898
2025-04-18 08:00:00+00:00,9683.135506218652
2025-04-18 12:00:00+00:00,9629.4520803799
2025-04-18 16:00:00+00:00,9711.776984203065
2025-04-18 20:00:00+00:00,9681.651032378144
2025-04-19 00:00:00+00:00,9857.8871332154
2025-04-19 04:00:00+00:00,9866.200618957602
2025-04-19 08:00:00+00:00,9843.308170494203
2025-04-19 12:00:00+00:00,9842.406194225105
2025-04-19 16:00:00+00:00,9853.513096394758
2025-04-19 20:00:00+00:00,9886.44176343082
2025-04-20 00:00:00+00:00,9925.098495061078
2025-04-20 04:00:00+00:00,9853.011544572755
2025-04-20 08:00:00+00:00,9682.367981047642
2025-04-20 12:00:00+00:00,9674.226873697464
2025-04-20 16:00:00+00:00,9773.61363554276
2025-04-20 20:00:00+00:00,9799.0557646059
2025-04-21 00:00:00+00:00,9978.433053126702
2025-04-21 04:00:00+00:00,10053.628873019718
2025-04-21 08:00:00+00:00,9989.140814733526
2025-04-21 12:00:00+00:00,9970.723421240322
2025-04-21 16:00:00+00:00,9843.759730819373
2025-04-21 20:00:00+00:00,9838.127221640754
2025-04-22 00:00:00+00:00,9933.220577073407
2025-04-22 04:00:00+00:00,10023.510275840665
2025-04-22 08:00:00+00:00,10054.862517550975
2025-04-22 12:00:00+00:00,10382.815470048216
2025-04-22 16:00:00+00:00,10350.980549667776
2025-04-22 20:00:00+00:00,10659.984318763643
2025-04-23 00:00:00+00:00,10742.577348504898
2025-04-23 04:00:00+00:00,10849.867342784935
2025-04-23 08:00:00+00:00,10852.927173803006
2025-04-23 12:00:00+00:00,10749.297062005846
2025-04-23 16:00:00+00:00,10700.355958523363
2025-04-23 20:00:00+00:00,10741.770118850243
2025-04-24 00:00:00+00:00,10522.865122871322
2025-04-24 04:00:00+00:00,10466.89658581175
2025-04-24 08:00:00+00:00,10498.492988724598
2025-04-24 12:00:00+00:00,10675.414811824408
2025-04-24 16:00:00+00:00,10755.378149084803
2025-04-24 20:00:00+00:00,10805.332235905207
2025-04-25 00:00:00+00:00,10724.834459546337
2025-04-25 04:00:00+00:00,10864.838462783311
2025-04-25 08:00:00+00:00,10889.47197727695
2025-04-25 12:00:00+00:00,10843.123863067884
2025-04-25 16:00:00+00:00,10779.15292781368
2025-04-25 20:00:00+00:00,10728.461159361785
2025-04-26 00:00:00+00:00,10819.97440812352
2025-04-26 04:00:00+00:00,10838.183900230266
2025-04-26 08:00:00+00:00,10670.48576839333
2025-04-26 12:00:00+00:00,10724.642213353098
2025-04-26 16:00:00+00:00,10714.161125665822
2025-04-26 20:00:00+00:00,10720.489702838491
2025-04-27 00:00:00+00:00,10622.067436629692
2025-04-27 04:00:00+00:00,10609.266602676962
2025-04-27 08:00:00+00:00,10628.657723617434
2025-04-27 12:00:00+00:00,10682.543678967742
2025-04-27 16:00:00+00:00,10815.662694566592
2025-04-27 20:00:00+00:00,10676.715240153697
2025-04-28 00:00:00+00:00,10695.078524169783
2025-04-28 04:00:00+00:00,10891.033751818975
2025-04-28 08:00:00+00:00,10905.851371885788
2025-04-28 12:00:00+00:00,10596.892864231391
2025-04-28 16:00:00+00:00,10744.414861465975
2025-04-28 20:00:00+00:00,10738.417295554977
2025-04-29 00:00:00+00:00,10724.075871043417
2025-04-29 04:00:00+00:00,10786.07917885752
2025-04-29 08:00:00+00:00,10779.837952588085
2025-04-29 12:00:00+00:00,10727.684480804508
2025-04-29 16:00:00+00:00,10767.703989641168
2025-04-29 20:00:00+00:00,10572.08021943748
2025-04-30 00:00:00+00:00,10670.683752703866
2025-04-30 04:00:00+00:00,10553.83795504313
2025-04-30 08:00:00+00:00,10647.546084114403
2025-04-30 12:00:00+00:00,10305.7719566464
2025-04-30 16:00:00+00:00,10463.990136113429
2025-04-30 20:00:00+00:00,10515.08225673386
2025-05-01 00:00:00+00:00,10591.11381494096
2025-05-01 04:00:00+00:00,10639.03642138452
2025-05-01 08:00:00+00:00,10802.000111191988
2025-05-01 12:00:00+00:00,10813.998010637111
2025-05-01 16:00:00+00:00,10757.187104313753
2025-05-01 20:00:00+00:00,10758.29287737092
2025-05-02 00:00:00+00:00,10808.200971978267
2025-05-02 04:00:00+00:00,10647.190198567929
2025-05-02 08:00:00+00:00,10752.587493010436
2025-05-02 12:00:00+00:00,10751.874088008575
2025-05-02 16:00:00+00:00,10662.430892422964
2025-05-02 20:00:00+00:00,10687.072927951362
2025-05-03 00:00:00+00:00,10672.466556897072
2025-05-03 04:00:00+00:00,10635.835424749708
2025-05-03 08:00:00+00:00,10575.622851765182
2025-05-03 12:00:00+00:00,10659.595312351525
2025-05-03 16:00:00+00:00,10608.376723846126
2025-05-03 20:00:00+00:00,10544.975670350454
2025-05-04 00:00:00+00:00,10515.33962576364
2025-05-04 04:00:00+00:00,10525.950930948367
2025-05-04 08:00:00+00:00,10469.177049208864
2025-05-04 12:00:00+00:00,10501.332556926369
2025-05-04 16:00:00+00:00,10445.52825347723
2025-05-04 20:00:00+00:00,10328.3778062186
2025-05-05 00:00:00+00:00,10344.00359300575
2025-05-05 04:00:00+00:00,10481.314562463136
2025-05-05 08:00:00+00:00,10321.541754674145
2025-05-05 12:00:00+00:00,10263.596660957934
2025-05-05 16:00:00+00:00,10395.903505851462
2025-05-05 20:00:00+00:00,10392.033395166533
2025-05-06 00:00:00+00:00,10316.76109507571
2025-05-06 04:00:00+00:00,10308.867990151324
2025-05-06 08:00:00+00:00,10157.069127940818
2025-05-06 12:00:00+00:00,10225.73515978676
2025-05-06 16:00:00+00:00,10332.56562333572
2025-05-06 20:00:00+00:00,10475.095799924604
2025-05-07 00:00:00+00:00,10447.090563079028
2025-05-07 04:00:00+00:00,10497.266576037318
2025-05-07 08:00:00+00:00,10504.784388891769
2025-05-07 12:00:00+00:00,10383.6905577414
2025-05-07 16:00:00+00:00,10342.502320301284
2025-05-07 20:00:00+00:00,10448.416496995836
2025-05-08 00:00:00+00:00,10756.56179066995
2025-05-08 04:00:00+00:00,10823.355705637912
2025-05-08 08:00:00+00:00,10953.242223401892
2025-05-08 12:00:00+00:00,11251.57292013129
2025-05-08 16:00:00+00:00,11334.278661886989
2025-05-08 20:00:00+00:00,11636.619071280937
2025-05-09 00:00:00+00:00,11460.735346410474
2025-05-09 04:00:00+00:00,11812.501515826278
2025-05-09 08:00:00+00:00,12071.940316775328
2025-05-09 12:00:00+00:00,11935.400384940014
2025-05-09 16:00:00+00:00,11989.074920960458
2025-05-09 20:00:00+00:00,12056.50876489832
2025-05-10 00:00:00+00:00,12089.87185551209
2025-05-10 04:00:00+00:00,12306.610422591397
2025-05-10 08:00:00+00:00,12156.953222094831
2025-05-10 12:00:00+00:00,12298.662633602837
2025-05-10 16:00:00+00:00,12456.42603026447
2025-05-10 20:00:00+00:00,12893.228671215453
2025-05-11 00:00:00+00:00,12626.724406125548
2025-05-11 04:00:00+00:00,12349.257379407807
2025-05-11 08:00:00+00:00,12514.182658056154
2025-05-11 12:00:00+00:00,12252.688116420446
2025-05-11 16:00:00+00:00,12407.633892301588
2025-05-11 20:00:00+00:00,12419.583127689417
2025-05-12 00:00:00+00:00,12572.619796452986
2025-05-12 04:00:00+00:00,12717.74747751194
2025-05-12 08:00:00+00:00,12671.73133087238
2025-05-12 12:00:00+00:00,12658.000323104185
2025-05-12 16:00:00+00:00,12439.766462626643
2025-05-12 20:00:00+00:00,12591.960959155816
2025-05-13 00:00:00+00:00,12077.531761258842
2025-05-13 04:00:00+00:00,12364.661588781217
2025-05-13 08:00:00+00:00,12537.395736295732
2025-05-13 12:00:00+00:00,12674.52745271306
2025-05-13 16:00:00+00:00,13021.090170588308
2025-05-13 20:00:00+00:00,13062.479628907682
2025-05-14 00:00:00+00:00,12915.514205387126
2025-05-14 04:00:00+00:00,12983.966288838714
2025-05-14 08:00:00+00:00,12959.112277650249
2025-05-14 12:00:00+00:00,12734.670259753697
2025-05-14 16:00:00+00:00,12741.558902512164
2025-05-14 20:00:00+00:00,12695.676162606924
2025-05-15 00:00:00+00:00,12556.526890756815
2025-05-15 04:00:00+00:00,12271.023012943444
2025-05-15 08:00:00+00:00,12368.1501877284
2025-05-15 12:00:00+00:00,12388.335041255496
2025-05-15 16:00:00+00:00,12253.850498246607
2025-05-15 20:00:00+00:00,12160.433927122678
2025-05-16 00:00:00+00:00,12378.118165089016
2025-05-16 04:00:00+00:00,12353.798982138964
2025-05-16 08:00:00+00:00,12404.648885535613
2025-05-16 12:00:00+00:00,12390.212527886442
2025-05-16 16:00:00+00:00,12334.071650602533
2025-05-16 20:00:00+00:00,12097.425877357702
2025-05-17 00:00:00+00:00,12057.46880594974
2025-05-17 04:00:00+00:00,12070.304514847388
2025-05-17 08:00:00+00:00,11988.28618191809
2025-05-17 12:00:00+00:00,11943.752204709372
2025-05-17 16:00:00+00:00,11874.647242275849
2025-05-17 20:00:00+00:00,11914.729494743377
2025-05-18 00:00:00+00:00,11959.45493396524
2025-05-18 04:00:00+00:00,12200.302349787104
2025-05-18 08:00:00+00:00,12187.788167897568
2025-05-18 12:00:00+00:00,12592.414014651014
2025-05-18 16:00:00+00:00,11993.741469755902
2025-05-18 20:00:00+00:00,12429.325653366914
2025-05-19 00:00:00+00:00,11904.90371711332
2025-05-19 04:00:00+00:00,11758.025465820829
2025-05-19 08:00:00+00:00,11780.952365872405
2025-05-19 12:00:00+00:00,11945.321681159548
2025-05-19 16:00:00+00:00,12118.075173819345
2025-05-19 20:00:00+00:00,12114.300931743
2025-05-20 00:00:00+00:00,12208.118570283072
2025-05-20 04:00:00+00:00,12069.97762659202
2025-05-20 08:00:00+00:00,12013.064074739748
2025-05-20 12:00:00+00:00,12005.152545707848
2025-05-20 16:00:00+00:00,12124.677131371693
2025-05-20 20:00:00+00:00,12172.026843910728
2025-05-21 00:00:00+00:00,12257.423403326253
2025-05-21 04:00:00+00:00,12188.285935634878
2025-05-21 08:00:00+00:00,12207.295745117715
2025-05-21 12:00:00+00:00,12433.30410695331
2025-05-21 16:00:00+00:00,12366.483406248515
2025-05-21 20:00:00+00:00,12504.190937811769
2025-05-22 00:00:00+00:00,12757.353350038824
2025-05-22 04:00:00+00:00,12789.001075829212
2025-05-22 08:00:00+00:00,12826.677692467209
2025-05-22 12:00:00+00:00,12862.87996292089
2025-05-22 16:00:00+00:00,12793.080853093245
2025-05-22 20:00:00+00:00,12933.35078679865
2025-05-23 00:00:00+00:00,13200.503675263288
2025-05-23 04:00:00+00:00,12963.015244486996
2025-05-23 08:00:00+00:00,12626.694673067635
2025-05-23 12:00:00+00:00,12682.176872724836
2025-05-23 16:00:00+00:00,12586.057579405227
2025-05-23 20:00:00+00:00,12267.81446860913
2025-05-24 00:00:00+00:00,12410.723380827338
2025-05-24 04:00:00+00:00,12355.807589104868
2025-05-24 08:00:00+00:00,12494.612944332652
2025-05-24 12:00:00+00:00,12457.317288906705
2025-05-24 16:00:00+00:00,12469.6587616481
2025-05-24 20:00:00+00:00,12362.797115957175
2025-05-25 00:00:00+00:00,12278.42887921646
2025-05-25 04:00:00+00:00,12184.056857530804
2025-05-25 08:00:00+00:00,12133.208100726884
2025-05-25 12:00:00+00:00,12078.870032407604
2025-05-25 16:00:00+00:00,12192.187164192788
2025-05-25 20:00:00+00:00,12401.60651664823
2025-05-26 00:00:00+00:00,12476.522396043629
2025-05-26 04:00:00+00:00,12564.682283148944
2025-05-26 08:00:00+00:00,12493.656600048516
2025-05-26 12:00:00+00:00,12489.41912188467
2025-05-26 16:00:00+00:00,12315.692836651397
2025-05-26 20:00:00+00:00,12369.456128688342
2025-05-27 00:00:00+00:00,12292.563189962091
2025-05-27 04:00:00+00:00,12433.586684817485
2025-05-27 08:00:00+00:00,12513.074125820816
2025-05-27 12:00:00+00:00,12592.72376112246
2025-05-27 16:00:00+00:00,12550.155907792448
2025-05-27 20:00:00+00:00,12478.204047056122
2025-05-28 00:00:00+00:00,12415.87349489228
2025-05-28 04:00:00+00:00,12333.42629515063
2025-05-28 08:00:00+00:00,12394.637062010286
2025-05-28 12:00:00+00:00,12112.23597152116
2025-05-28 16:00:00+00:00,12063.603941549736
2025-05-28 20:00:00+00:00,12269.084785887271
2025-05-29 00:00:00+00:00,12417.822076849769
2025-05-29 04:00:00+00:00,12322.265669074046
2025-05-29 08:00:00+00:00,12366.040396089886
2025-05-29 12:00:00+00:00,12144.290559975285
2025-05-29 16:00:00+00:00,11998.992041385847
2025-05-29 20:00:00+00:00,11944.231733893115
2025-05-30 00:00:00+00:00,11802.92337540322
2025-05-30 04:00:00+00:00,11640.9861094366
2025-05-30 08:00:00+00:00,11716.39585390339
2025-05-30 12:00:00+00:00,11574.605207941227
2025-05-30 16:00:00+00:00,11534.548517305631
2025-05-30 20:00:00+00:00,11246.073376376728
2025-05-31 00:00:00+00:00,11087.348028155267
2025-05-31 04:00:00+00:00,11134.01552158981
2025-05-31 08:00:00+00:00,11066.544664799936
2025-05-31 12:00:00+00:00,11249.693470435644
2025-05-31 16:00:00+00:00,11358.94305093914
2025-05-31 20:00:00+00:00,11286.929718405032
2025-06-01 00:00:00+00:00,11192.853304222255
2025-06-01 04:00:00+00:00,11174.193848864124
2025-06-01 08:00:00+00:00,11070.945750991685
2025-06-01 12:00:00+00:00,11188.886437567886
2025-06-01 16:00:00+00:00,11254.87278497299
2025-06-01 20:00:00+00:00,11353.107125873348
2025-06-02 00:00:00+00:00,11209.02321284633
2025-06-02 04:00:00+00:00,11242.433159321195
2025-06-02 08:00:00+00:00,11101.902027318656
2025-06-02 12:00:00+00:00,11172.047706362411
2025-06-02 16:00:00+00:00,11157.847842585626
2025-06-02 20:00:00+00:00,11395.736048802051
2025-06-03 00:00:00+00:00,11471.82998019283
2025-06-03 04:00:00+00:00,11467.954010541764
2025-06-03 08:00:00+00:00,11501.889513953916
2025-06-03 12:00:00+00:00,11635.848847109452
2025-06-03 16:00:00+00:00,11604.328609946204
2025-06-03 20:00:00+00:00,11359.427621841323
2025-06-04 00:00:00+00:00,11467.746529497374
2025-06-04 04:00:00+00:00,11441.21866509101
2025-06-04 08:00:00+00:00,11412.530226828623
2025-06-04 12:00:00+00:00,11445.443254278922
2025-06-04 16:00:00+00:00,11290.709745175202
2025-06-04 20:00:00+00:00,11193.6165913685
2025-06-05 00:00:00+00:00,11250.90534859482
2025-06-05 04:00:00+00:00,11176.236207191709
2025-06-05 08:00:00+00:00,11193.507840555443
2025-06-05 12:00:00+00:00,11124.072994033955
2025-06-05 16:00:00+00:00,10707.788090526165
2025-06-05 20:00:00+00:00,10524.469862583095
2025-06-06 00:00:00+00:00,10710.65750378335
2025-06-06 04:00:00+00:00,10731.448923761758
2025-06-06 08:00:00+00:00,10845.56123741462
2025-06-06 12:00:00+00:00,11006.497524129918
2025-06-06 16:00:00+00:00,10892.968532665702
2025-06-06 20:00:00+00:00,10842.352508979717
2025-06-07 00:00:00+00:00,10967.942795310251
2025-06-07 04:00:00+00:00,11091.62447138595
2025-06-07 08:00:00+00:00,11081.629410178302
2025-06-07 12:00:00+00:00,11087.121255895834
2025-06-07 16:00:00+00:00,11037.014874634982
2025-06-07 20:00:00+00:00,11036.843198222325
2025-06-08 00:00:00+00:00,10998.789594119757
2025-06-08 04:00:00+00:00,11009.891001597343
2025-06-08 08:00:00+00:00,11064.814997650588
2025-06-08 12:00:00+00:00,11137.961309478713
2025-06-08 16:00:00+00:00,11290.677500264992
2025-06-08 20:00:00+00:00,11176.2178925876
2025-06-09 00:00:00+00:00,11104.230977789824
2025-06-09 04:00:00+00:00,11051.522330834629
2025-06-09 08:00:00+00:00,11313.276488004338
2025-06-09 12:00:00+00:00,11275.575216067564
2025-06-09 16:00:00+00:00,11379.19347768512
2025-06-09 20:00:00+00:00,11696.321179427736
2025-06-10 00:00:00+00:00,11608.38477454706
2025-06-10 04:00:00+00:00,11534.225702380738
2025-06-10 08:00:00+00:00,11708.87110839801
2025-06-10 12:00:00+00:00,11545.196947830364
2025-06-10 16:00:00+00:00,11778.656453713496
2025-06-10 20:00:00+00:00,11904.680487920305
2025-06-11 00:00:00+00:00,11907.279002402896
2025-06-11 04:00:00+00:00,11947.373568390867
2025-06-11 08:00:00+00:00,11854.364914513671
2025-06-11 12:00:00+00:00,12026.80003135136
2025-06-11 16:00:00+00:00,11738.227211351052
2025-06-11 20:00:00+00:00,11640.833315441854
2025-06-12 00:00:00+00:00,11543.997910258488
2025-06-12 04:00:00+00:00,11484.913915039948
2025-06-12 08:00:00+00:00,11395.567471098337
2025-06-12 12:00:00+00:00,11363.379080359118
2025-06-12 16:00:00+00:00,11252.18572848426
2025-06-12 20:00:00+00:00,11100.8012273152
2025-06-13 00:00:00+00:00,10686.334761483397
2025-06-13 04:00:00+00:00,10716.260354671367
2025-06-13 08:00:00+00:00,10774.347305659872
2025-06-13 12:00:00+00:00,10836.914665933344
2025-06-13 16:00:00+00:00,10724.345686224147
2025-06-13 20:00:00+00:00,10916.841621209604
2025-06-14 00:00:00+00:00,10823.304612081927
2025-06-14 04:00:00+00:00,10799.307618857518
2025-06-14 08:00:00+00:00,10808.298193062588
2025-06-14 12:00:00+00:00,10715.09255060178
2025-06-14 16:00:00+00:00,10642.29252839845
2025-06-14 20:00:00+00:00,10731.267709976855
2025-06-15 00:00:00+00:00,10773.545783864682
2025-06-15 04:00:00+00:00,10756.89936013504
2025-06-15 08:00:00+00:00,10753.09333017654
2025-06-15 12:00:00+00:00,10905.713012867216
2025-06-15 16:00:00+00:00,10913.73201044042
2025-06-15 20:00:00+00:00,10963.729022048035
2025-06-16 00:00:00+00:00,11062.077388421852
2025-06-16 04:00:00+00:00,11206.434958808242
2025-06-16 08:00:00+00:00,11197.100761303109
2025-06-16 12:00:00+00:00,11265.91079889099
2025-06-16 16:00:00+00:00,11388.49921836895
2025-06-16 20:00:00+00:00,10961.40619570398
2025-06-17 00:00:00+00:00,11105.058930276971
2025-06-17 04:00:00+00:00,11042.025956978125
2025-06-17 08:00:00+00:00,10890.927485388198
2025-06-17 12:00:00+00:00,10719.09066503236
2025-06-17 16:00:00+00:00,10799.78292014065
2025-06-17 20:00:00+00:00,10717.967559156752
2025-06-18 00:00:00+00:00,10780.429975474826
2025-06-18 04:00:00+00:00,10772.242974895558
2025-06-18 08:00:00+00:00,10662.6841498769
2025-06-18 12:00:00+00:00,10631.416724915623
2025-06-18 16:00:00+00:00,10562.91774288792
2025-06-18 20:00:00+00:00,10700.891615597264
2025-06-19 00:00:00+00:00,10708.734575916948
2025-06-19 04:00:00+00:00,10638.700005910852
2025-06-19 08:00:00+00:00,10627.230701920063
2025-06-19 12:00:00+00:00,10534.834667325244
2025-06-19 16:00:00+00:00,10649.69961219022
2025-06-19 20:00:00+00:00,10709.108554386865
2025-06-20 00:00:00+00:00,10639.091555469577
2025-06-20 04:00:00+00:00,10747.75482044595
2025-06-20 08:00:00+00:00,10771.981017621136
2025-06-20 12:00:00+00:00,10502.564196073992
2025-06-20 16:00:00+00:00,10344.197599674086
2025-06-20 20:00:00+00:00,10331.886839387016
2025-06-21 00:00:00+00:00,10388.910596356698
2025-06-21 04:00:00+00:00,10376.462698747628
2025-06-21 08:00:00+00:00,10432.280438114383
2025-06-21 12:00:00+00:00,10306.996190973625
2025-06-21 16:00:00+00:00,10116.93713437446
2025-06-21 20:00:00+00:00,10000.05522659261
2025-06-22 00:00:00+00:00,9977.789317145189
2025-06-22 04:00:00+00:00,10006.24948149647
2025-06-22 08:00:00+00:00,9914.80956591056
2025-06-22 12:00:00+00:00,9502.502303640907
2025-06-22 16:00:00+00:00,9546.05480135666
2025-06-22 20:00:00+00:00,9766.188068167998
2025-06-23 00:00:00+00:00,9812.869078514948
2025-06-23 04:00:00+00:00,9907.71239079764
2025-06-23 08:00:00+00:00,9845.290555181487
2025-06-23 12:00:00+00:00,9832.585846653152
2025-06-23 16:00:00+00:00,10157.26724214547
2025-06-23 20:00:00+00:00,10527.390475360386
2025-06-24 00:00:00+00:00,10472.794267782578
2025-06-24 04:00:00+00:00,10519.629740399889
2025-06-24 08:00:00+00:00,10552.672986486585
2025-06-24 12:00:00+00:00,10563.584273993714
2025-06-24 16:00:00+00:00,10566.2963795461
2025-06-24 20:00:00+00:00,10646.268718906593
2025-06-25 00:00:00+00:00,10626.460698368974
2025-06-25 04:00:00+00:00,10679.016526966328
2025-06-25 08:00:00+00:00,10659.783762720424
2025-06-25 12:00:00+00:00,10525.286350021704
2025-06-25 16:00:00+00:00,10631.316024570697
2025-06-25 20:00:00+00:00,10553.46705896862
2025-06-26 00:00:00+00:00,10672.449637418966
2025-06-26 04:00:00+00:00,10634.17318451642
2025-06-26 08:00:00+00:00,10515.548049346738
2025-06-26 12:00:00+00:00,10428.973002392007
2025-06-26 16:00:00+00:00,10428.458275011815
2025-06-26 20:00:00+00:00,10298.741951439357
2025-06-27 00:00:00+00:00,10406.994051093156
2025-06-27 04:00:00+00:00,10333.554582692428
2025-06-27 08:00:00+00:00,10390.0546337817
2025-06-27 12:00:00+00:00,10441.180816887423
2025-06-27 16:00:00+00:00,10352.79207382944
2025-06-27 20:00:00+00:00,10438.344650325547
2025-06-28 00:00:00+00:00,10520.221468492788
2025-06-28 04:00:00+00:00,10630.056493266566
2025-06-28 08:00:00+00:00,10630.17291111091
2025-06-28 12:00:00+00:00,10684.173320397718
2025-06-28 16:00:00+00:00,10741.378225556113
2025-06-28 20:00:00+00:00,10748.6909598467
2025-06-29 00:00:00+00:00,10698.476033265832
2025-06-29 04:00:00+00:00,10744.23592406981
2025-06-29 08:00:00+00:00,10814.271180991997
2025-06-29 12:00:00+00:00,10740.429339084416
2025-06-29 16:00:00+00:00,10767.402344661685
2025-06-29 20:00:00+00:00,10948.156968726917
2025-06-30 00:00:00+00:00,10867.595658250331
2025-06-30 04:00:00+00:00,10796.593370189614
2025-06-30 08:00:00+00:00,10758.841087810595
2025-06-30 12:00:00+00:00,10977.111982158693
2025-06-30 16:00:00+00:00,11146.034901958705
2025-06-30 20:00:00+00:00,10940.538120653844
2025-07-01 00:00:00+00:00,10910.149369069692
2025-07-01 04:00:00+00:00,10762.045287937794
2025-07-01 08:00:00+00:00,10675.95068969447
2025-07-01 12:00:00+00:00,10573.473220125235
2025-07-01 16:00:00+00:00,10467.768447557151
2025-07-01 20:00:00+00:00,10521.74024115553
2025-07-02 00:00:00+00:00,10623.69183253161
2025-07-02 04:00:00+00:00,10684.760575958386
2025-07-02 08:00:00+00:00,10667.65105774636
2025-07-02 12:00:00+00:00,10862.752547600723
2025-07-02 16:00:00+00:00,11067.339551562744
2025-07-02 20:00:00+00:00,10967.493240773892
2025-07-03 00:00:00+00:00,10997.47680597491
2025-07-03 04:00:00+00:00,11189.227136408444
2025-07-03 08:00:00+00:00,11160.28772366614
2025-07-03 12:00:00+00:00,10926.619967121524
2025-07-03 16:00:00+00:00,11039.399442790278
2025-07-03 20:00:00+00:00,11046.828053311674
2025-07-04 00:00:00+00:00,11002.300940990634
2025-07-04 04:00:00+00:00,10860.450501400655
2025-07-04 08:00:00+00:00,10878.916384044262
2025-07-04 12:00:00+00:00,10680.200809656984
2025-07-04 16:00:00+00:00,10657.481078888091
2025-07-04 20:00:00+00:00,10721.27682997126
2025-07-05 00:00:00+00:00,10753.213984892252
2025-07-05 04:00:00+00:00,10753.81146865602
2025-07-05 08:00:00+00:00,10757.578269335543
2025-07-05 12:00:00+00:00,10713.848058962894
2025-07-05 16:00:00+00:00,10700.720560975697
2025-07-05 20:00:00+00:00,10741.171897850329
2025-07-06 00:00:00+00:00,10723.87754854234
2025-07-06 04:00:00+00:00,10747.894847732783
2025-07-06 08:00:00+00:00,10801.703940201543
2025-07-06 12:00:00+00:00,10992.59581203632
2025-07-06 16:00:00+00:00,10959.336260031032
2025-07-06 20:00:00+00:00,11020.799191884864
2025-07-07 00:00:00+00:00,11053.185176073546
2025-07-07 04:00:00+00:00,11050.955842036772
2025-07-07 08:00:00+00:00,11038.138198132689
2025-07-07 12:00:00+00:00,10998.968333158407
2025-07-07 16:00:00+00:00,10905.74335938547
2025-07-07 20:00:00+00:00,10878.74790996997
2025-07-08 00:00:00+00:00,10850.821135147806
2025-07-08 04:00:00+00:00,10909.288640298411
2025-07-08 08:00:00+00:00,11006.914375042834
2025-07-08 12:00:00+00:00,10932.912211961097
2025-07-08 16:00:00+00:00,11062.168929223548
2025-07-08 20:00:00+00:00,11057.037485352412
2025-07-09 00:00:00+00:00,11019.572087730428
2025-07-09 04:00:00+00:00,11131.25908590109
2025-07-09 08:00:00+00:00,11213.035709724109
2025-07-09 12:00:00+00:00,11228.37424738669
2025-07-09 16:00:00+00:00,11467.810993514388
2025-07-09 20:00:00+00:00,11482.389338787343
2025-07-10 00:00:00+00:00,11505.409154181649
2025-07-10 04:00:00+00:00,11557.854091334726
2025-07-10 08:00:00+00:00,11549.596057787609
2025-07-10 12:00:00+00:00,11514.16174023698
2025-07-10 16:00:00+00:00,11740.119415786245
2025-07-10 20:00:00+00:00,12111.24693086556
2025-07-11 00:00:00+00:00,12214.19163672762
2025-07-11 04:00:00+00:00,12151.409658417097
2025-07-11 08:00:00+00:00,12265.475018254763
2025-07-11 12:00:00+00:00,12365.006460290368
2025-07-11 16:00:00+00:00,12642.13888966058
2025-07-11 20:00:00+00:00,12330.47930501338
2025-07-12 00:00:00+00:00,12457.376586172406
2025-07-12 04:00:00+00:00,12385.637103267138
2025-07-12 08:00:00+00:00,12373.153093616213
2025-07-12 12:00:00+00:00,12035.676893595675
2025-07-12 16:00:00+00:00,12226.61453628793
2025-07-12 20:00:00+00:00,12228.359583192898
2025-07-13 00:00:00+00:00,12297.2338486804
2025-07-13 04:00:00+00:00,12395.459235627492
2025-07-13 08:00:00+00:00,12364.883083535116
2025-07-13 12:00:00+00:00,12441.631301880989
2025-07-13 16:00:00+00:00,12481.631180307182
2025-07-13 20:00:00+00:00,12396.07285011563
2025-07-14 00:00:00+00:00,12759.068649656438
2025-07-14 04:00:00+00:00,12854.445115328514
2025-07-14 08:00:00+00:00,12815.97566519832
2025-07-14 12:00:00+00:00,12604.29039708424
2025-07-14 16:00:00+00:00,12572.788349742908
2025-07-14 20:00:00+00:00,12536.151986433742
2025-07-15 00:00:00+00:00,12215.88785664943
2025-07-15 04:00:00+00:00,12239.178012551798
2025-07-15 08:00:00+00:00,12320.892298607465
2025-07-15 12:00:00+00:00,12347.423418176631
2025-07-15 16:00:00+00:00,12313.597738436636
2025-07-15 20:00:00+00:00,12618.67027807757
2025-07-16 00:00:00+00:00,12515.689715148326
2025-07-16 04:00:00+00:00,12634.769040796144
2025-07-16 08:00:00+00:00,12745.673211412392
2025-07-16 12:00:00+00:00,12879.501941263565
2025-07-16 16:00:00+00:00,13217.233124316464
2025-07-16 20:00:00+00:00,13216.713072062024
2025-07-17 00:00:00+00:00,13021.46633114122
2025-07-17 04:00:00+00:00,13370.215872564766
2025-07-17 08:00:00+00:00,13566.566253787025
2025-07-17 12:00:00+00:00,13489.31214127972
2025-07-17 16:00:00+00:00,13466.44674087878
2025-07-17 20:00:00+00:00,13836.845407349048
2025-07-18 00:00:00+00:00,14348.56716798256
2025-07-18 04:00:00+00:00,14247.95573910386
2025-07-18 08:00:00+00:00,14201.289809160831
2025-07-18 12:00:00+00:00,13984.748928862218
2025-07-18 16:00:00+00:00,13980.110410343805
2025-07-18 20:00:00+00:00,13983.23431913668
2025-07-19 00:00:00+00:00,14186.378818902627
2025-07-19 04:00:00+00:00,14212.011865072083
2025-07-19 08:00:00+00:00,14050.556589384509
2025-07-19 12:00:00+00:00,14054.800935703488
2025-07-19 16:00:00+00:00,14116.5120481241
2025-07-19 20:00:00+00:00,14088.238719909144
2025-07-20 00:00:00+00:00,14296.012498006929
2025-07-20 04:00:00+00:00,14279.334708971845
2025-07-20 08:00:00+00:00,14445.935487316803
2025-07-20 12:00:00+00:00,14562.212734446091
2025-07-20 16:00:00+00:00,14733.533515023684
2025-07-20 20:00:00+00:00,14644.301564776151
2025-07-21 00:00:00+00:00,14816.882389683882
2025-07-21 04:00:00+00:00,15036.7948936569
2025-07-21 08:00:00+00:00,15047.277753649836
2025-07-21 12:00:00+00:00,15355.118693726778
2025-07-21 16:00:00+00:00,15021.450360137993
2025-07-21 20:00:00+00:00,15116.442428020104
2025-07-22 00:00:00+00:00,15123.551442830774
2025-07-22 04:00:00+00:00,15024.781941263998
2025-07-22 08:00:00+00:00,15149.616640437427
2025-07-22 12:00:00+00:00,15177.959485940852
2025-07-22 16:00:00+00:00,15043.724055699597
2025-07-22 20:00:00+00:00,15446.212639526077
2025-07-23 00:00:00+00:00,15204.047077737045
2025-07-23 04:00:00+00:00,15053.36532544426
2025-07-23 08:00:00+00:00,14956.13704711708
2025-07-23 12:00:00+00:00,14584.622362899185
2025-07-23 16:00:00+00:00,14208.18423315488
2025-07-23 20:00:00+00:00,14257.78660523164
2025-07-24 00:00:00+00:00,14303.992850961313
2025-07-24 04:00:00+00:00,13879.79149203474
2025-07-24 08:00:00+00:00,14135.085929338706
2025-07-24 12:00:00+00:00,14306.7372004075
2025-07-24 16:00:00+00:00,14251.606190121076
2025-07-24 20:00:00+00:00,13964.48354354861
2025-07-25 00:00:00+00:00,13603.153071333774
2025-07-25 04:00:00+00:00,13622.569084471254
2025-07-25 08:00:00+00:00,13899.2744630378
2025-07-25 12:00:00+00:00,13604.035455805746
2025-07-25 16:00:00+00:00,13796.395316014796
2025-07-25 20:00:00+00:00,14144.874582063803
2025-07-26 00:00:00+00:00,14132.629456096573
2025-07-26 04:00:00+00:00,14149.985040804097
2025-07-26 08:00:00+00:00,14216.313209012722
2025-07-26 12:00:00+00:00,14252.657339439833
2025-07-26 16:00:00+00:00,14248.55281185946
2025-07-26 20:00:00+00:00,14145.802184286886
2025-07-27 00:00:00+00:00,14291.553952636856
2025-07-27 04:00:00+00:00,14263.612861173608
2025-07-27 08:00:00+00:00,14255.9623433889
2025-07-27 12:00:00+00:00,14289.044220192782
2025-07-27 16:00:00+00:00,14390.451293293943
2025-07-27 20:00:00+00:00,14526.03929908868
2025-07-28 00:00:00+00:00,14713.19960282608
2025-07-28 04:00:00+00:00,14709.24106802066
2025-07-28 08:00:00+00:00,14652.514492928123
2025-07-28 12:00:00+00:00,14272.968127964716
2025-07-28 16:00:00+00:00,14173.10829932254
2025-07-28 20:00:00+00:00,14028.818372036863
2025-07-29 00:00:00+00:00,14096.025027234438
2025-07-29 04:00:00+00:00,14252.708142788926
2025-07-29 08:00:00+00:00,14058.86130721281
2025-07-29 12:00:00+00:00,13839.995779571556
2025-07-29 16:00:00+00:00,13848.049239704837
2025-07-29 20:00:00+00:00,13912.356974980645
2025-07-30 00:00:00+00:00,13937.139854562138
2025-07-30 04:00:00+00:00,13857.290347550956
2025-07-30 08:00:00+00:00,13587.084233388516
2025-07-30 12:00:00+00:00,13793.444701068827
2025-07-30 16:00:00+00:00,13598.798583645705
2025-07-30 20:00:00+00:00,13707.01740774844
2025-07-31 00:00:00+00:00,13887.106376697551
2025-07-31 04:00:00+00:00,13942.673297244535
2025-07-31 08:00:00+00:00,13894.66959989948
2025-07-31 12:00:00+00:00,13676.140641918017
2025-07-31 16:00:00+00:00,13505.3807525323
2025-07-31 20:00:00+00:00,13300.15647566604
2025-08-01 00:00:00+00:00,13243.216340521543
2025-08-01 04:00:00+00:00,13083.226324195264
2025-08-01 08:00:00+00:00,13101.596475958677
2025-08-01 12:00:00+00:00,13153.485157360465
2025-08-01 16:00:00+00:00,13008.02937646769
2025-08-01 20:00:00+00:00,12758.750490704297
2025-08-02 00:00:00+00:00,12871.13723012022
2025-08-02 04:00:00+00:00,12848.724654069249
2025-08-02 08:00:00+00:00,12782.165739482787
2025-08-02 12:00:00+00:00,12502.322387109689
2025-08-02 16:00:00+00:00,12286.36437990835
2025-08-02 20:00:00+00:00,12298.76468606996
2025-08-03 00:00:00+00:00,12511.960175948918
2025-08-03 04:00:00+00:00,12571.83271925835
2025-08-03 08:00:00+00:00,12609.0630637639
2025-08-03 12:00:00+00:00,12660.869057535723
2025-08-03 16:00:00+00:00,12681.517134779831
2025-08-03 20:00:00+00:00,12713.295379167092
2025-08-04 00:00:00+00:00,12851.35305246773
2025-08-04 04:00:00+00:00,12888.102125866517
2025-08-04 08:00:00+00:00,12827.442945134278
2025-08-04 12:00:00+00:00,13020.73845783374
2025-08-04 16:00:00+00:00,13052.175786939144
2025-08-04 20:00:00+00:00,13277.676493612737
2025-08-05 00:00:00+00:00,13116.57011248213
2025-08-05 04:00:00+00:00,12962.803476198322
2025-08-05 08:00:00+00:00,13244.93322097349
2025-08-05 12:00:00+00:00,12785.281434480004
2025-08-05 16:00:00+00:00,12737.68762423271
2025-08-05 20:00:00+00:00,12837.575557601163
2025-08-06 00:00:00+00:00,12668.47798374279
2025-08-06 04:00:00+00:00,12881.091522313169
2025-08-06 08:00:00+00:00,12848.741426704555
2025-08-06 12:00:00+00:00,13121.94533663212
2025-08-06 16:00:00+00:00,13138.022666920544
2025-08-06 20:00:00+00:00,13085.107515956744
2025-08-07 00:00:00+00:00,12997.023293658676
2025-08-07 04:00:00+00:00,13150.4201552805
2025-08-07 08:00:00+00:00,13463.137849118224
2025-08-07 12:00:00+00:00,13394.080457145745
2025-08-07 16:00:00+00:00,13523.587813362594
2025-08-07 20:00:00+00:00,13900.580398895914
2025-08-08 00:00:00+00:00,13952.935864721549
2025-08-08 04:00:00+00:00,14020.25673769436
2025-08-08 08:00:00+00:00,14011.398820452265
2025-08-08 12:00:00+00:00,13804.850465968284
2025-08-08 16:00:00+00:00,14140.785962778937
2025-08-08 20:00:00+00:00,14046.132501108154
2025-08-09 00:00:00+00:00,14097.381727733293
2025-08-09 04:00:00+00:00,14328.954905815755
2025-08-09 08:00:00+00:00,14356.948692769609
2025-08-09 12:00:00+00:00,14323.460739872711
2025-08-09 16:00:00+00:00,14411.009968250472
2025-08-09 20:00:00+00:00,14284.183144384182
2025-08-10 00:00:00+00:00,14504.95821133554
2025-08-10 04:00:00+00:00,14129.12144526182
2025-08-10 08:00:00+00:00,14141.88535676941
2025-08-10 12:00:00+00:00,14237.509089051771
2025-08-10 16:00:00+00:00,14315.234235628464
2025-08-10 20:00:00+00:00,14292.377734429738
2025-08-11 00:00:00+00:00,14561.125678886716
2025-08-11 04:00:00+00:00,14387.174116523169
2025-08-11 08:00:00+00:00,14121.417684208487
2025-08-11 12:00:00+00:00,14248.352624048506
2025-08-11 16:00:00+00:00,14011.788060777044
2025-08-11 20:00:00+00:00,13864.73551209601
2025-08-12 00:00:00+00:00,13960.817704355264
2025-08-12 04:00:00+00:00,13993.663670107542
2025-08-12 08:00:00+00:00,13908.880439539997
2025-08-12 12:00:00+00:00,14380.445706821083
2025-08-12 16:00:00+00:00,14776.243144552964
2025-08-12 20:00:00+00:00,14813.763967338398
2025-08-13 00:00:00+00:00,15009.438401488913
2025-08-13 04:00:00+00:00,15089.145106925607
2025-08-13 08:00:00+00:00,15270.260428462389
2025-08-13 12:00:00+00:00,15063.813682561218
2025-08-13 16:00:00+00:00,15281.70013664676
2025-08-13 20:00:00+00:00,15300.394517717958
2025-08-14 00:00:00+00:00,15653.687270538288
2025-08-14 04:00:00+00:00,15427.09377453395
2025-08-14 08:00:00+00:00,15244.873546006602
2025-08-14 12:00:00+00:00,14665.114127344708
2025-08-14 16:00:00+00:00,14512.371763288198
2025-08-14 20:00:00+00:00,14533.508891323248
2025-08-15 00:00:00+00:00,14764.715925284445
2025-08-15 04:00:00+00:00,14832.876307754856
2025-08-15 08:00:00+00:00,14717.620450955485
2025-08-15 12:00:00+00:00,14205.15324178488
2025-08-15 16:00:00+00:00,14175.817514487611
2025-08-15 20:00:00+00:00,14344.625826798954
2025-08-16 00:00:00+00:00,14458.57314162007
2025-08-16 04:00:00+00:00,14548.017678756069
2025-08-16 08:00:00+00:00,14315.146936592211
2025-08-16 12:00:00+00:00,14442.667162127178
2025-08-16 16:00:00+00:00,14465.27789229627
2025-08-16 20:00:00+00:00,14519.882313953773
2025-08-17 00:00:00+00:00,14650.085740733191
2025-08-17 04:00:00+00:00,14697.131528822549
2025-08-17 08:00:00+00:00,14819.537878856165
2025-08-17 12:00:00+00:00,14987.561712866143
2025-08-17 16:00:00+00:00,14664.633580692414
2025-08-17 20:00:00+00:00,14695.424390679158
2025-08-18 00:00:00+00:00,14162.244647674424
2025-08-18 04:00:00+00:00,14020.60301781488
2025-08-18 08:00:00+00:00,14036.167361942244
2025-08-18 12:00:00+00:00,14211.976246159738
2025-08-18 16:00:00+00:00,14289.544624984306
2025-08-18 20:00:00+00:00,14250.354413114255
2025-08-19 00:00:00+00:00,13925.035184652048
2025-08-19 04:00:00+00:00,14000.997344899555
2025-08-19 08:00:00+00:00,14151.049285311134
2025-08-19 12:00:00+00:00,13788.74862697998
2025-08-19 16:00:00+00:00,13652.032687211851
2025-08-19 20:00:00+00:00,13554.740767492602
2025-08-20 00:00:00+00:00,13767.279823089815
2025-08-20 04:00:00+00:00,13775.260112504417
2025-08-20 08:00:00+00:00,13810.955583640309
2025-08-20 12:00:00+00:00,13951.67971279104
2025-08-20 16:00:00+00:00,14312.865490680128
2025-08-20 20:00:00+00:00,14290.425677413268
2025-08-21 00:00:00+00:00,14258.412373576572
2025-08-21 04:00:00+00:00,14188.018827569544
2025-08-21 08:00:00+00:00,14035.04124560341
2025-08-21 12:00:00+00:00,13888.585529653086
2025-08-21 16:00:00+00:00,13804.135366943006
2025-08-21 20:00:00+00:00,13795.270744720983
2025-08-22 00:00:00+00:00,13851.088876850034
2025-08-22 04:00:00+00:00,13987.85632881958
2025-08-22 08:00:00+00:00,13717.306820384185
2025-08-22 12:00:00+00:00,14697.036822490258
2025-08-22 16:00:00+00:00,15096.95758546097
2025-08-22 20:00:00+00:00,15168.859472513006
2025-08-23 00:00:00+00:00,14840.001969062632
2025-08-23 04:00:00+00:00,15166.928089992216
2025-08-23 08:00:00+00:00,15054.79570952082
2025-08-23 12:00:00+00:00,15060.738203136449
2025-08-23 16:00:00+00:00,15121.45370016598
2025-08-23 20:00:00+00:00,15139.17891926357
2025-08-24 00:00:00+00:00,15258.924896961653
2025-08-24 04:00:00+00:00,15099.185551400951
2025-08-24 08:00:00+00:00,14960.50191953049
2025-08-24 12:00:00+00:00,15041.917484589963
2025-08-24 16:00:00+00:00,15087.717232720834
2025-08-24 20:00:00+00:00,15083.840553698948
2025-08-25 00:00:00+00:00,15138.12397859521
2025-08-25 04:00:00+00:00,14588.929618329075
2025-08-25 08:00:00+00:00,14506.31445021303
2025-08-25 12:00:00+00:00,14498.773839680229
2025-08-25 16:00:00+00:00,14147.782797932574
2025-08-25 20:00:00+00:00,13926.388720112343
2025-08-26 00:00:00+00:00,13954.63320418494
2025-08-26 04:00:00+00:00,14055.637964796304
2025-08-26 08:00:00+00:00,14013.517339585467
2025-08-26 12:00:00+00:00,14188.226742062552
2025-08-26 16:00:00+00:00,14610.024254007316
2025-08-26 20:00:00+00:00,14525.635449889136
2025-08-27 00:00:00+00:00,14702.502048292048
2025-08-27 04:00:00+00:00,14652.552729371731
2025-08-27 08:00:00+00:00,14762.129908960012
2025-08-27 12:00:00+00:00,14923.38437508178
2025-08-27 16:00:00+00:00,14801.13831326582
2025-08-27 20:00:00+00:00,14620.880129936177
2025-08-28 00:00:00+00:00,14828.1282427438
2025-08-28 04:00:00+00:00,15043.764718400553
2025-08-28 08:00:00+00:00,15042.374651531758
2025-08-28 12:00:00+00:00,14920.503237699037
2025-08-28 16:00:00+00:00,14798.573315113194
2025-08-28 20:00:00+00:00,15040.694170862573
2025-08-29 00:00:00+00:00,15034.128057550828
2025-08-29 04:00:00+00:00,14584.147948598307
2025-08-29 08:00:00+00:00,14538.223951275117
2025-08-29 12:00:00+00:00,14383.87633551798
2025-08-29 16:00:00+00:00,14316.704593860984
2025-08-29 20:00:00+00:00,14412.546648396914
2025-08-30 00:00:00+00:00,14451.404241999311
2025-08-30 04:00:00+00:00,14472.770990469206
2025-08-30 08:00:00+00:00,14370.299035829685
2025-08-30 12:00:00+00:00,14324.383441249172
2025-08-30 16:00:00+00:00,14316.23696730491
2025-08-30 20:00:00+00:00,14379.596014387937
2025-08-31 00:00:00+00:00,14579.259317883032
2025-08-31 04:00:00+00:00,14449.964526212529
2025-08-31 08:00:00+00:00,14461.966674843054
2025-08-31 12:00:00+00:00,14495.644759713265
2025-08-31 16:00:00+00:00,14455.470066678428
2025-08-31 20:00:00+00:00,14244.57689287548
2025-09-01 00:00:00+00:00,14113.9148879938
2025-09-01 04:00:00+00:00,14426.786782028
2025-09-01 08:00:00+00:00,14234.342049695995
2025-09-01 12:00:00+00:00,14147.10117172152
2025-09-01 16:00:00+00:00,14203.222388412976
2025-09-01 20:00:00+00:00,14065.32440703412
2025-09-02 00:00:00+00:00,14302.155474463085
2025-09-02 04:00:00+00:00,14305.965902168264
2025-09-02 08:00:00+00:00,14276.312940542311
2025-09-02 12:00:00+00:00,14184.563156326562
2025-09-02 16:00:00+00:00,14381.816571550607
2025-09-02 20:00:00+00:00,14596.006217675218
2025-09-03 00:00:00+00:00,14588.723952771925
2025-09-03 04:00:00+00:00,14561.188089933594
2025-09-03 08:00:00+00:00,14648.729172820144
2025-09-03 12:00:00+00:00,14773.509595236075
2025-09-03 16:00:00+00:00,14756.423580166373
2025-09-03 20:00:00+00:00,14717.52037330059
2025-09-04 00:00:00+00:00,14577.723183214062
2025-09-04 04:00:00+00:00,14480.586228802142
2025-09-04 08:00:00+00:00,14522.458858217477
2025-09-04 12:00:00+00:00,14318.146715647994
2025-09-04 16:00:00+00:00,14216.534599074654
2025-09-04 20:00:00+00:00,14263.395282511234
2025-09-05 00:00:00+00:00,14349.151625371069
2025-09-05 04:00:00+00:00,14597.68666194386
2025-09-05 08:00:00+00:00,14544.34524000721
2025-09-05 12:00:00+00:00,14340.814543634184
2025-09-05 16:00:00+00:00,14498.50110171011
2025-09-05 20:00:00+00:00,14386.162647255882
2025-09-06 00:00:00+00:00,14436.888395380232
2025-09-06 04:00:00+00:00,14373.96674794849
2025-09-06 08:00:00+00:00,14327.82951055804
2025-09-06 12:00:00+00:00,14274.454648306217
2025-09-06 16:00:00+00:00,14206.21179248736
2025-09-06 20:00:00+00:00,14277.559212064833
2025-09-07 00:00:00+00:00,14393.551153110213
2025-09-07 04:00:00+00:00,14411.935718285362
2025-09-07 08:00:00+00:00,14476.908217399236
2025-09-07 12:00:00+00:00,14613.708980833122
2025-09-07 16:00:00+00:00,14506.064114257211
2025-09-07 20:00:00+00:00,14683.901782475186
2025-09-08 00:00:00+00:00,14766.893366236196
2025-09-08 04:00:00+00:00,14781.477549531975
2025-09-08 08:00:00+00:00,15014.634839449634
2025-09-08 12:00:00+00:00,15165.940342529995
2025-09-08 16:00:00+00:00,15139.552915944623
2025-09-08 20:00:00+00:00,15121.782001877258
2025-09-09 00:00:00+00:00,15062.497157889964
2025-09-09 04:00:00+00:00,15347.112972914398
2025-09-09 08:00:00+00:00,15280.942823810074
2025-09-09 12:00:00+00:00,15026.011782381262
2025-09-09 16:00:00+00:00,15169.418962919612
2025-09-09 20:00:00+00:00,15183.357091430222
2025-09-10 00:00:00+00:00,15273.677210523152
2025-09-10 04:00:00+00:00,15399.438205846507
2025-09-10 08:00:00+00:00,15323.781111275875
2025-09-10 12:00:00+00:00,15552.248046930245
2025-09-10 16:00:00+00:00,15400.89245042652
2025-09-10 20:00:00+00:00,15568.53311509387
2025-09-11 00:00:00+00:00,15684.76115991478
2025-09-11 04:00:00+00:00,15626.434946367695
2025-09-11 08:00:00+00:00,15690.012768816903
2025-09-11 12:00:00+00:00,15665.350760286336
2025-09-11 16:00:00+00:00,15759.394024619658
2025-09-11 20:00:00+00:00,15906.56294082978
2025-09-12 00:00:00+00:00,16125.791320386194
2025-09-12 04:00:00+00:00,16201.601112611464
2025-09-12 08:00:00+00:00,16205.863953305068
2025-09-12 12:00:00+00:00,16278.406418536551
2025-09-12 16:00:00+00:00,16515.47860988793
2025-09-12 20:00:00+00:00,16618.39024666238
2025-09-13 00:00:00+00:00,16751.55129843115
2025-09-13 04:00:00+00:00,16742.270656554392
2025-09-13 08:00:00+00:00,16936.807562321326
2025-09-13 12:00:00+00:00,16796.713003509125
2025-09-13 16:00:00+00:00,16636.115273667576
2025-09-13 20:00:00+00:00,16787.43735457902
2025-09-14 00:00:00+00:00,16833.18438685292
2025-09-14 04:00:00+00:00,16869.285877915383
2025-09-14 08:00:00+00:00,16753.16502769214
2025-09-14 12:00:00+00:00,16508.033219498444
2025-09-14 16:00:00+00:00,16547.54934772375
2025-09-14 20:00:00+00:00,16454.701589864024
2025-09-15 00:00:00+00:00,16596.485141783764
2025-09-15 04:00:00+00:00,16299.31088525727
2025-09-15 08:00:00+00:00,16161.512859585791
2025-09-15 12:00:00+00:00,16059.429010743284
2025-09-15 16:00:00+00:00,16045.518934277618
2025-09-15 20:00:00+00:00,16151.216607364344
2025-09-16 00:00:00+00:00,16134.687856927068
2025-09-16 04:00:00+00:00,16227.833047337386
2025-09-16 08:00:00+00:00,16195.498738131691
2025-09-16 12:00:00+00:00,16286.927592024103
2025-09-16 16:00:00+00:00,16363.882425657905
2025-09-16 20:00:00+00:00,16349.59351415823
2025-09-17 00:00:00+00:00,16212.1589431139
2025-09-17 04:00:00+00:00,16368.549057175633
2025-09-17 08:00:00+00:00,16185.931248355591
2025-09-17 12:00:00+00:00,16172.15137288237
2025-09-17 16:00:00+00:00,16411.439476467945
2025-09-17 20:00:00+00:00,16842.941691797227
2025-09-18 00:00:00+00:00,16962.525626799703
2025-09-18 04:00:00+00:00,16852.44399757162
2025-09-18 08:00:00+00:00,16915.34578929087
2025-09-18 12:00:00+00:00,17048.093114902706
2025-09-18 16:00:00+00:00,17019.759012808056
2025-09-18 20:00:00+00:00,16927.387671680124
2025-09-19 00:00:00+00:00,16812.357166075868
2025-09-19 04:00:00+00:00,16760.799115600195
2025-09-19 08:00:00+00:00,16591.020727104962
2025-09-19 12:00:00+00:00,16415.703367046837
2025-09-19 16:00:00+00:00,16309.307843037344
2025-09-19 20:00:00+00:00,16400.621000141244
2025-09-20 00:00:00+00:00,16397.56188550498
2025-09-20 04:00:00+00:00,16504.213503460025
2025-09-20 08:00:00+00:00,16408.952612926543
2025-09-20 12:00:00+00:00,16548.178930546026
2025-09-20 16:00:00+00:00,16449.358732486144
2025-09-20 20:00:00+00:00,16525.930169265306
2025-09-21 00:00:00+00:00,16670.769294094825
2025-09-21 04:00:00+00:00,16611.533297685244
2025-09-21 08:00:00+00:00,16478.790637849575
2025-09-21 12:00:00+00:00,16480.54518226893
2025-09-21 16:00:00+00:00,16459.12811901596
2025-09-21 20:00:00+00:00,16352.240670115249
2025-09-22 00:00:00+00:00,15979.37356227659
2025-09-22 04:00:00+00:00,15397.56159707618
2025-09-22 08:00:00+00:00,15410.194381973228
2025-09-22 12:00:00+00:00,15408.281232536256
2025-09-22 16:00:00+00:00,15208.851087081555
2025-09-22 20:00:00+00:00,15451.106056585177
2025-09-23 00:00:00+00:00,15354.668813859107
2025-09-23 04:00:00+00:00,15467.514456904262
2025-09-23 08:00:00+00:00,15466.088221582491
2025-09-23 12:00:00+00:00,15509.533461822684
2025-09-23 16:00:00+00:00,15265.908635756896
2025-09-23 20:00:00+00:00,15213.868385995374
2025-09-24 00:00:00+00:00,15013.898433540126
2025-09-24 04:00:00+00:00,15239.439732379142
2025-09-24 08:00:00+00:00,15327.564611501772
2025-09-24 12:00:00+00:00,15428.845267832412
2025-09-24 16:00:00+00:00,15437.931331682688
2025-09-24 20:00:00+00:00,15288.91634256316
2025-09-25 00:00:00+00:00,15005.953363666697
2025-09-25 04:00:00+00:00,14810.983419985756
2025-09-25 08:00:00+00:00,14671.906600251175
2025-09-25 12:00:00+00:00,14696.085619490734
2025-09-25 16:00:00+00:00,14381.639148899796
2025-09-25 20:00:00+00:00,14135.35350216967
2025-09-26 00:00:00+00:00,14322.3126971753
2025-09-26 04:00:00+00:00,14304.1364618773
2025-09-26 08:00:00+00:00,14133.790384083948
2025-09-26 12:00:00+00:00,14267.239171405465
2025-09-26 16:00:00+00:00,14537.875044517728
2025-09-26 20:00:00+00:00,14685.90493588439
2025-09-27 00:00:00+00:00,14665.19387112317
2025-09-27 04:00:00+00:00,14591.047161811644
2025-09-27 08:00:00+00:00,14558.010482609938
2025-09-27 12:00:00+00:00,14632.597366551345
2025-09-27 16:00:00+00:00,14582.926705955726
2025-09-27 20:00:00+00:00,14640.77090956964
2025-09-28 00:00:00+00:00,14537.433484713672
2025-09-28 04:00:00+00:00,14563.40642971358
2025-09-28 08:00:00+00:00,14459.724327639911
2025-09-28 12:00:00+00:00,14657.081803169232
2025-09-28 16:00:00+00:00,14783.65544300288
2025-09-28 20:00:00+00:00,15087.90203310014
2025-09-29 00:00:00+00:00,15070.21597290563
2025-09-29 04:00:00+00:00,15011.006536361036
2025-09-29 08:00:00+00:00,14911.659108181411
2025-09-29 12:00:00+00:00,15108.410612952855
2025-09-29 16:00:00+00:00,15226.159223901845
2025-09-29 20:00:00+00:00,15229.970201393491
2025-09-30 00:00:00+00:00,15121.692109845322
2025-09-30 04:00:00+00:00,15048.003412426466
2025-09-30 08:00:00+00:00,14933.96476512807
2025-09-30 12:00:00+00:00,14817.277204421816
2025-09-30 16:00:00+00:00,15033.169085582216
2025-09-30 20:00:00+00:00,15010.14448130606
2025-10-01 00:00:00+00:00,14893.692233141075
2025-10-01 04:00:00+00:00,15064.942880313602
2025-10-01 08:00:00+00:00,15550.276097461943
2025-10-01 12:00:00+00:00,15642.365990810917
2025-10-01 16:00:00+00:00,15671.013643772723
2025-10-01 20:00:00+00:00,15767.66283952516
2025-10-02 00:00:00+00:00,15900.50928671378
2025-10-02 04:00:00+00:00,15894.085018907064
2025-10-02 08:00:00+00:00,15974.353101875671
2025-10-02 12:00:00+00:00,16064.580919436465
2025-10-02 16:00:00+00:00,16407.966433074016
2025-10-02 20:00:00+00:00,16469.903648106792
2025-10-03 00:00:00+00:00,16385.350766971675
2025-10-03 04:00:00+00:00,16222.295323499127
2025-10-03 08:00:00+00:00,16303.175671667164
2025-10-03 12:00:00+00:00,16642.702050703225
2025-10-03 16:00:00+00:00,16564.398646285495
2025-10-03 20:00:00+00:00,16575.34652356062
2025-10-04 00:00:00+00:00,16369.826912391658
2025-10-04 04:00:00+00:00,16356.120320611824
2025-10-04 08:00:00+00:00,16244.284074298455
2025-10-04 12:00:00+00:00,16050.228268733788
2025-10-04 16:00:00+00:00,16132.395365235296
2025-10-04 20:00:00+00:00,16201.94209807648
2025-10-05 00:00:00+00:00,16448.12522739155
2025-10-05 04:00:00+00:00,16778.603907520406
2025-10-05 08:00:00+00:00,16526.711095652157
2025-10-05 12:00:00+00:00,16396.368775110393
2025-10-05 16:00:00+00:00,16162.093246500888
2025-10-05 20:00:00+00:00,16280.17063776557
2025-10-06 00:00:00+00:00,16429.638349566787
2025-10-06 04:00:00+00:00,16438.026938238927
2025-10-06 08:00:00+00:00,16612.718986569897
2025-10-06 12:00:00+00:00,16838.740795074416
2025-10-06 16:00:00+00:00,16874.669022909668
2025-10-06 20:00:00+00:00,16717.882259584934
2025-10-07 00:00:00+00:00,16751.381110873102
2025-10-07 04:00:00+00:00,16622.688298177698
2025-10-07 08:00:00+00:00,16737.3577245233
2025-10-07 12:00:00+00:00,16216.446691348416
2025-10-07 16:00:00+00:00,16121.291831770392
2025-10-07 20:00:00+00:00,16045.47749052434
2025-10-08 00:00:00+00:00,15926.6557292396
2025-10-08 04:00:00+00:00,16099.923544472553
2025-10-08 08:00:00+00:00,16168.603373172458
2025-10-08 12:00:00+00:00,16145.49327223211
2025-10-08 16:00:00+00:00,16548.57064603104
2025-10-08 20:00:00+00:00,16463.85487471723
2025-10-09 00:00:00+00:00,16201.022072822652
2025-10-09 04:00:00+00:00,16147.888990922806
2025-10-09 08:00:00+00:00,16064.21227163934
2025-10-09 12:00:00+00:00,15804.410496365
2025-10-09 16:00:00+00:00,15804.457812772873
2025-10-09 20:00:00+00:00,15951.071165655145
2025-10-10 00:00:00+00:00,16008.737917594324
2025-10-10 04:00:00+00:00,15864.056577140647
2025-10-10 08:00:00+00:00,16017.901028590555
2025-10-10 12:00:00+00:00,15330.159596010764
2025-10-10 16:00:00+00:00,15031.197613806477
2025-10-10 20:00:00+00:00,13427.801195574906
2025-10-11 00:00:00+00:00,13421.519646037052
2025-10-11 04:00:00+00:00,13312.73950594474
2025-10-11 08:00:00+00:00,13530.51554335756
2025-10-11 12:00:00+00:00,13530.045736342476
2025-10-11 16:00:00+00:00,13170.489686026302
2025-10-11 20:00:00+00:00,13125.766816292917
2025-10-12 00:00:00+00:00,13056.756755014689
2025-10-12 04:00:00+00:00,13385.19450354705
2025-10-12 08:00:00+00:00,13449.566893875412
2025-10-12 12:00:00+00:00,14194.003122930151
2025-10-12 16:00:00+00:00,14471.646002615664
2025-10-12 20:00:00+00:00,14463.70528373759
2025-10-13 00:00:00+00:00,14407.811928165009
2025-10-13 04:00:00+00:00,14660.702554368983
2025-10-13 08:00:00+00:00,14336.215793898944
2025-10-13 12:00:00+00:00,14495.766148186496
2025-10-13 16:00:00+00:00,14924.377634683524
2025-10-13 20:00:00+00:00,14955.052565874266
2025-10-14 00:00:00+00:00,14699.391947581811
2025-10-14 04:00:00+00:00,13970.440988633858
2025-10-14 08:00:00+00:00,13962.019425236387
2025-10-14 12:00:00+00:00,14353.69319384946
2025-10-14 16:00:00+00:00,14229.133938627769
2025-10-14 20:00:00+00:00,14381.57415181198
2025-10-15 00:00:00+00:00,14297.418551564138
2025-10-15 04:00:00+00:00,14411.885232885094
2025-10-15 08:00:00+00:00,14286.625445445186
2025-10-15 12:00:00+00:00,13967.969312066292
2025-10-15 16:00:00+00:00,13863.452259122008
2025-10-15 20:00:00+00:00,13826.905623110531
2025-10-16 00:00:00+00:00,13877.516224622124
2025-10-16 04:00:00+00:00,13850.600628882446
2025-10-16 08:00:00+00:00,14053.259698897087
2025-10-16 12:00:00+00:00,13440.746269362808
2025-10-16 16:00:00+00:00,13323.74203657548
2025-10-16 20:00:00+00:00,13337.366416203524
2025-10-17 00:00:00+00:00,13472.910483661382
2025-10-17 04:00:00+00:00,12727.790255808604
2025-10-17 08:00:00+00:00,12935.075012895635
2025-10-17 12:00:00+00:00,13031.32926664714
2025-10-17 16:00:00+00:00,12990.731893041988
2025-10-17 20:00:00+00:00,13002.655206078623
2025-10-18 00:00:00+00:00,13191.587669779146
2025-10-18 04:00:00+00:00,13300.555557495982
2025-10-18 08:00:00+00:00,13302.466896215295
2025-10-18 12:00:00+00:00,13214.195885850722
2025-10-18 16:00:00+00:00,13311.13719872234
2025-10-18 20:00:00+00:00,13318.967687195898
2025-10-19 00:00:00+00:00,13329.302642005012
2025-10-19 04:00:00+00:00,13235.394079630094
2025-10-19 08:00:00+00:00,13444.427809115472
2025-10-19 12:00:00+00:00,13610.213928188305
2025-10-19 16:00:00+00:00,13565.90931441428
2025-10-19 20:00:00+00:00,13495.867832967711
2025-10-20 00:00:00+00:00,13729.812534715727
2025-10-20 04:00:00+00:00,13855.347953838562
2025-10-20 08:00:00+00:00,13794.01564137969
2025-10-20 12:00:00+00:00,13722.89585281275
2025-10-20 16:00:00+00:00,13711.785527702836
2025-10-20 20:00:00+00:00,13701.875286604709
2025-10-21 00:00:00+00:00,13445.980123097424
2025-10-21 04:00:00+00:00,13347.72611321302
2025-10-21 08:00:00+00:00,13403.834159849655
2025-10-21 12:00:00+00:00,14025.931725788298
2025-10-21 16:00:00+00:00,13820.022551865914
2025-10-21 20:00:00+00:00,13320.88934818073
2025-10-22 00:00:00+00:00,13316.311721753116
2025-10-22 04:00:00+00:00,13292.537279758964
2025-10-22 08:00:00+00:00,13248.385411688369
2025-10-22 12:00:00+00:00,13267.481889209324
2025-10-22 16:00:00+00:00,13084.067423884102
2025-10-22 20:00:00+00:00,13063.527397947377
2025-10-23 00:00:00+00:00,13199.740035775534
2025-10-23 04:00:00+00:00,13448.448308804653
2025-10-23 08:00:00+00:00,13404.082361830398
2025-10-23 12:00:00+00:00,13593.22136244238
2025-10-23 16:00:00+00:00,13571.22555231845
2025-10-23 20:00:00+00:00,13565.718930751424
2025-10-24 00:00:00+00:00,13605.23527125852
2025-10-24 04:00:00+00:00,13688.89436949858
2025-10-24 08:00:00+00:00,13706.669995316995
2025-10-24 12:00:00+00:00,13567.120573154489
2025-10-24 16:00:00+00:00,13733.014110646836
2025-10-24 20:00:00+00:00,13770.966207607877
2025-10-25 00:00:00+00:00,13799.720564471389
2025-10-25 04:00:00+00:00,13814.64923836615
2025-10-25 08:00:00+00:00,13808.579276893191
2025-10-25 12:00:00+00:00,13793.30922042741
2025-10-25 16:00:00+00:00,13908.09222813802
2025-10-25 20:00:00+00:00,13869.18619346229
2025-10-26 00:00:00+00:00,13816.946550821373
2025-10-26 04:00:00+00:00,13901.618694573246
2025-10-26 08:00:00+00:00,14158.386538059678
2025-10-26 12:00:00+00:00,14220.947749809584
2025-10-26 16:00:00+00:00,14151.688067157813
2025-10-26 20:00:00+00:00,14313.1574302911
2025-10-27 00:00:00+00:00,14470.936895516794
2025-10-27 04:00:00+00:00,14424.700392871431
2025-10-27 08:00:00+00:00,14347.329310071533
2025-10-27 12:00:00+00:00,14306.031117604289
2025-10-27 16:00:00+00:00,14325.66693400812
2025-10-27 20:00:00+00:00,14184.957269940003
2025-10-28 00:00:00+00:00,14231.333000920087
2025-10-28 04:00:00+00:00,14269.92528678102
2025-10-28 08:00:00+00:00,14198.21719347933
2025-10-28 12:00:00+00:00,14172.251498541344
2025-10-28 16:00:00+00:00,14009.322577723162
2025-10-28 20:00:00+00:00,13839.465484190365
2025-10-29 00:00:00+00:00,13833.98738797456
2025-10-29 04:00:00+00:00,13955.369760524894
2025-10-29 08:00:00+00:00,14056.476626864023
2025-10-29 12:00:00+00:00,13881.81418126096
2025-10-29 16:00:00+00:00,13782.493289087615
2025-10-29 20:00:00+00:00,13746.597665375244
2025-10-30 00:00:00+00:00,13903.766664118672
2025-10-30 04:00:00+00:00,13874.175181047178
2025-10-30 08:00:00+00:00,13623.909736687896
2025-10-30 12:00:00+00:00,13156.05378771375
2025-10-30 16:00:00+00:00,12821.706263562051
2025-10-30 20:00:00+00:00,13163.266466293646
2025-10-31 00:00:00+00:00,13256.809391610332
2025-10-31 04:00:00+00:00,13293.08122013686
2025-10-31 08:00:00+00:00,13452.355933159764
2025-10-31 12:00:00+00:00,13413.6718960992
2025-10-31 16:00:00+00:00,13465.22155220479
2025-10-31 20:00:00+00:00,13377.628370260552
2025-11-01 00:00:00+00:00,13406.304596016267
2025-11-01 04:00:00+00:00,13357.36319387448
2025-11-01 08:00:00+00:00,13373.95903540038
2025-11-01 12:00:00+00:00,13391.7083054259
2025-11-01 16:00:00+00:00,13394.2542738
2025-11-01 20:00:00+00:00,13392.213709168536
2025-11-02 00:00:00+00:00,13344.948711417008
2025-11-02 04:00:00+00:00,13487.227642377073
2025-11-02 08:00:00+00:00,13427.131152952736
2025-11-02 12:00:00+00:00,13240.727474693573
2025-11-02 16:00:00+00:00,13229.771015587978
2025-11-02 20:00:00+00:00,13438.728483308852
2025-11-03 00:00:00+00:00,12793.147195261528
2025-11-03 04:00:00+00:00,12699.826006715317
2025-11-03 08:00:00+00:00,12644.000442185696
2025-11-03 12:00:00+00:00,12141.072737816388
2025-11-03 16:00:00+00:00,12203.572843214375
2025-11-03 20:00:00+00:00,12145.749597063475
2025-11-04 00:00:00+00:00,12291.737863367574
2025-11-04 04:00:00+00:00,11654.76784005503
2025-11-04 08:00:00+00:00,11898.738419615049
2025-11-04 12:00:00+00:00,11838.726860814024
2025-11-04 16:00:00+00:00,11322.145654113629
2025-11-04 20:00:00+00:00,11469.739863884835
2025-11-05 00:00:00+00:00,11622.0661363789
2025-11-05 04:00:00+00:00,11632.080683330898
2025-11-05 08:00:00+00:00,11622.445003624944
2025-11-05 12:00:00+00:00,11846.068261233546
2025-11-05 16:00:00+00:00,11946.481739107949
2025-11-05 20:00:00+00:00,11947.520807559382
2025-11-06 00:00:00+00:00,11969.491600898584
2025-11-06 04:00:00+00:00,11761.06180777156
2025-11-06 08:00:00+00:00,11750.397061916055
2025-11-06 12:00:00+00:00,11488.473524187088
2025-11-06 16:00:00+00:00,11545.644224521766
2025-11-06 20:00:00+00:00,11516.360830780715
2025-11-07 00:00:00+00:00,11651.664008209736
2025-11-07 04:00:00+00:00,11727.838999049713
2025-11-07 08:00:00+00:00,11448.22395371993
2025-11-07 12:00:00+00:00,11593.547129972294
2025-11-07 16:00:00+00:00,12227.306737710493
2025-11-07 20:00:00+00:00,12121.840034142377
2025-11-08 00:00:00+00:00,12163.16373563326
2025-11-08 04:00:00+00:00,12125.697840162537
2025-11-08 08:00:00+00:00,12021.001385762773
2025-11-08 12:00:00+00:00,11832.984783176777
2025-11-08 16:00:00+00:00,11894.770460707196
2025-11-08 20:00:00+00:00,11941.768310947724
2025-11-09 00:00:00+00:00,11766.929318933691
2025-11-09 04:00:00+00:00,11961.299798198706
2025-11-09 08:00:00+00:00,11945.957554874409
2025-11-09 12:00:00+00:00,12159.286453260878
2025-11-09 16:00:00+00:00,12356.343808979347
2025-11-09 20:00:00+00:00,12301.745047224204
2025-11-10 00:00:00+00:00,12561.991510455928
2025-11-10 04:00:00+00:00,12546.267101034207
2025-11-10 08:00:00+00:00,12633.192218823864
2025-11-10 12:00:00+00:00,12455.63755771721
2025-11-10 16:00:00+00:00,12537.102607278404
2025-11-10 20:00:00+00:00,12557.600867033978
2025-11-11 00:00:00+00:00,12677.109053335467
2025-11-11 04:00:00+00:00,12280.29531222163
2025-11-11 08:00:00+00:00,12326.70015023914
2025-11-11 12:00:00+00:00,12162.160600435604
2025-11-11 16:00:00+00:00,11994.813825804404
2025-11-11 20:00:00+00:00,11844.59860025763
2025-11-12 00:00:00+00:00,11864.627756671898
2025-11-12 04:00:00+00:00,11831.379420506835
2025-11-12 08:00:00+00:00,12167.294434118612
2025-11-12 12:00:00+00:00,11829.798996521862
2025-11-12 16:00:00+00:00,11680.632923043571
2025-11-12 20:00:00+00:00,11760.047283906431
2025-11-13 00:00:00+00:00,11953.33107651728
2025-11-13 04:00:00+00:00,12047.316050299984
2025-11-13 08:00:00+00:00,12065.639922503322
2025-11-13 12:00:00+00:00,11826.185572232758
2025-11-13 16:00:00+00:00,11151.474397353728
2025-11-13 20:00:00+00:00,11282.721237109825
2025-11-14 00:00:00+00:00,11250.778735343823
2025-11-14 04:00:00+00:00,11195.137830951247
2025-11-14 08:00:00+00:00,11012.252386912283
2025-11-14 12:00:00+00:00,11146.90691613773
2025-11-14 16:00:00+00:00,11181.789368930686
2025-11-14 20:00:00+00:00,10872.707558369546
2025-11-15 00:00:00+00:00,11140.964312095224
2025-11-15 04:00:00+00:00,11143.730496041966
2025-11-15 08:00:00+00:00,11012.694619067306
2025-11-15 12:00:00+00:00,11092.01285327404
2025-11-15 16:00:00+00:00,11112.635757349706
2025-11-15 20:00:00+00:00,11002.222436819318
2025-11-16 00:00:00+00:00,11095.943418294624
2025-11-16 04:00:00+00:00,11150.300303491798
2025-11-16 08:00:00+00:00,10986.797291903267
2025-11-16 12:00:00+00:00,10796.629283899698
2025-11-16 16:00:00+00:00,10762.416491489152
2025-11-16 20:00:00+00:00,10816.360976269165
2025-11-17 00:00:00+00:00,11020.727127828544
2025-11-17 04:00:00+00:00,11069.729868596698
2025-11-17 08:00:00+00:00,11091.22099421591
2025-11-17 12:00:00+00:00,10784.5412409887
2025-11-17 16:00:00+00:00,10352.277255617822
2025-11-17 20:00:00+00:00,10457.35737711142
2025-11-18 00:00:00+00:00,10557.40357298226
2025-11-18 04:00:00+00:00,10626.693958528274
2025-11-18 08:00:00+00:00,10719.140711900662
2025-11-18 12:00:00+00:00,10864.112775954129
2025-11-18 16:00:00+00:00,10984.29892005914
2025-11-18 20:00:00+00:00,10931.642614955108
2025-11-19 00:00:00+00:00,10825.238512988506
2025-11-19 04:00:00+00:00,10823.911934565998
2025-11-19 08:00:00+00:00,10711.97449859079
2025-11-19 12:00:00+00:00,10431.852086744504
2025-11-19 16:00:00+00:00,10188.78084681118
2025-11-19 20:00:00+00:00,10564.453365048535
2025-11-20 00:00:00+00:00,10810.41682674736
2025-11-20 04:00:00+00:00,10839.766067279956
2025-11-20 08:00:00+00:00,10751.628185760985
2025-11-20 12:00:00+00:00,10559.878722515656
2025-11-20 16:00:00+00:00,10202.349055260926
2025-11-20 20:00:00+00:00,10153.768878891831
2025-11-21 00:00:00+00:00,10068.903827806536
2025-11-21 04:00:00+00:00,9700.86304359456
2025-11-21 08:00:00+00:00,9472.425120318132
2025-11-21 12:00:00+00:00,9562.590664226767
2025-11-21 16:00:00+00:00,9738.14851687311
2025-11-21 20:00:00+00:00,9777.198234900314
2025-11-22 00:00:00+00:00,9725.733001776896
2025-11-22 04:00:00+00:00,9739.45307098282
2025-11-22 08:00:00+00:00,9645.21686130697
2025-11-22 12:00:00+00:00,9661.72358028519
2025-11-22 16:00:00+00:00,9699.01441755829
2025-11-22 20:00:00+00:00,9748.661454009838
2025-11-23 00:00:00+00:00,9961.727762693605
2025-11-23 04:00:00+00:00,9905.497721624395
2025-11-23 08:00:00+00:00,9956.74770590449
2025-11-23 12:00:00+00:00,10129.414868069483
2025-11-23 16:00:00+00:00,10115.00689810317
2025-11-23 20:00:00+00:00,10006.142047283802
2025-11-24 00:00:00+00:00,10173.411246729238
2025-11-24 04:00:00+00:00,10054.469582259126
2025-11-24 08:00:00+00:00,9990.668576851356
2025-11-24 12:00:00+00:00,10114.395648009357
2025-11-24 16:00:00+00:00,10534.64240026103
2025-11-24 20:00:00+00:00,10543.40218769778
2025-11-25 00:00:00+00:00,10509.718388979383
2025-11-25 04:00:00+00:00,10413.120541998776
2025-11-25 08:00:00+00:00,10371.415499993058
2025-11-25 12:00:00+00:00,10309.834599804424
2025-11-25 16:00:00+00:00,10402.158717428249
2025-11-25 20:00:00+00:00,10539.258311511832
2025-11-26 00:00:00+00:00,10453.811379582625
2025-11-26 04:00:00+00:00,10557.7325479306
2025-11-26 08:00:00+00:00,10394.979440355602
2025-11-26 12:00:00+00:00,10413.16418340803
2025-11-26 16:00:00+00:00,10838.600698630476
2025-11-26 20:00:00+00:00,10795.73095289086
2025-11-27 00:00:00+00:00,10773.428434543752
2025-11-27 04:00:00+00:00,10803.673258743303
2025-11-27 08:00:00+00:00,10727.755540661474
2025-11-27 12:00:00+00:00,10749.496269827574
2025-11-27 16:00:00+00:00,10800.637185816782
2025-11-27 20:00:00+00:00,10708.69895547294
2025-11-28 00:00:00+00:00,10638.818336841812
2025-11-28 04:00:00+00:00,10596.149385439689
2025-11-28 08:00:00+00:00,10683.37907852616
2025-11-28 12:00:00+00:00,10816.869407043883
2025-11-28 16:00:00+00:00,10577.705616343455
2025-11-28 20:00:00+00:00,10551.227837283332
2025-11-29 00:00:00+00:00,10529.457193050055
2025-11-29 04:00:00+00:00,10511.04251556431
2025-11-29 08:00:00+00:00,10548.600598244597
2025-11-29 12:00:00+00:00,10570.427473254647
2025-11-29 16:00:00+00:00,10455.756496634302
2025-11-29 20:00:00+00:00,10465.848997703884
2025-11-30 00:00:00+00:00,10505.922890133575
2025-11-30 04:00:00+00:00,10497.197997318975
2025-11-30 08:00:00+00:00,10482.439492017322
2025-11-30 12:00:00+00:00,10591.582770795136
2025-11-30 16:00:00+00:00,10581.375821037827
2025-11-30 20:00:00+00:00,10329.183040339343
2025-12-01 00:00:00+00:00,9794.637105131196
2025-12-01 04:00:00+00:00,9829.84283623606
2025-12-01 08:00:00+00:00,9774.769833935958
2025-12-01 12:00:00+00:00,9604.197056708928
2025-12-01 16:00:00+00:00,9556.7425971362
2025-12-01 20:00:00+00:00,9735.28714338475
2025-12-02 00:00:00+00:00,9769.015819612285
2025-12-02 04:00:00+00:00,9763.92631892207
2025-12-02 08:00:00+00:00,9852.223999814418
2025-12-02 12:00:00+00:00,10459.84701639498
2025-12-02 16:00:00+00:00,10570.825720278728
2025-12-02 20:00:00+00:00,10490.37462296054
2025-12-03 00:00:00+00:00,10619.24518105198
2025-12-03 04:00:00+00:00,10741.806193818737
2025-12-03 08:00:00+00:00,10724.735703713011
2025-12-03 12:00:00+00:00,10686.505923929784
2025-12-03 16:00:00+00:00,10767.05683878279
2025-12-03 20:00:00+00:00,10926.24261959095
2025-12-04 00:00:00+00:00,10915.6148945924
2025-12-04 04:00:00+00:00,10837.392747288157
2025-12-04 08:00:00+00:00,10792.656387697649
2025-12-04 12:00:00+00:00,10816.938332109765
2025-12-04 16:00:00+00:00,10590.24347128594
2025-12-04 20:00:00+00:00,10572.903988016424
2025-12-05 00:00:00+00:00,10570.50446523897
2025-12-05 04:00:00+00:00,10603.541666406927
2025-12-05 08:00:00+00:00,10434.246497210324
2025-12-05 12:00:00+00:00,10343.74097821534
2025-12-05 16:00:00+00:00,10161.940563318398
2025-12-05 20:00:00+00:00,10174.844422449984
2025-12-06 00:00:00+00:00,10211.234214379205
2025-12-06 04:00:00+00:00,10158.047320229194
2025-12-06 08:00:00+00:00,10180.953475447852
2025-12-06 12:00:00+00:00,10185.420870262737
2025-12-06 16:00:00+00:00,10151.66238521828
2025-12-06 20:00:00+00:00,10168.676812966987
2025-12-07 00:00:00+00:00,10266.570674185084
2025-12-07 04:00:00+00:00,10167.299444294942
2025-12-07 08:00:00+00:00,10160.28360728292
2025-12-07 12:00:00+00:00,10175.611304426811
2025-12-07 16:00:00+00:00,10413.871923888708
2025-12-07 20:00:00+00:00,10190.5152937458
2025-12-08 00:00:00+00:00,10324.264990497755
2025-12-08 04:00:00+00:00,10413.336620354365
2025-12-08 08:00:00+00:00,10503.150078984016
2025-12-08 12:00:00+00:00,10360.379437427817
2025-12-08 16:00:00+00:00,10317.27716353887
2025-12-08 20:00:00+00:00,10313.360655472115
2025-12-09 00:00:00+00:00,10320.361126128962
2025-12-09 04:00:00+00:00,10271.626400139388
2025-12-09 08:00:00+00:00,10266.252554658971
2025-12-09 12:00:00+00:00,10622.56010608647
2025-12-09 16:00:00+00:00,10842.305756366131
2025-12-09 20:00:00+00:00,10624.998417999954
2025-12-10 00:00:00+00:00,10582.844165526092
2025-12-10 04:00:00+00:00,10617.307324989444
2025-12-10 08:00:00+00:00,10521.753534237425
2025-12-10 12:00:00+00:00,10485.098478210368
2025-12-10 16:00:00+00:00,10635.646013455718
2025-12-10 20:00:00+00:00,10450.879711383152
2025-12-11 00:00:00+00:00,10056.656565644738
2025-12-11 04:00:00+00:00,10110.438961131244
2025-12-11 08:00:00+00:00,10101.706419276808
2025-12-11 12:00:00+00:00,10073.347983369706
2025-12-11 16:00:00+00:00,10205.759541194717
2025-12-11 20:00:00+00:00,10364.434890038718
2025-12-12 00:00:00+00:00,10393.539108947069
2025-12-12 04:00:00+00:00,10450.586595502196
2025-12-12 08:00:00+00:00,10441.02874965929
2025-12-12 12:00:00+00:00,10084.21732744736
2025-12-12 16:00:00+00:00,10065.229990021591
2025-12-12 20:00:00+00:00,10115.788418619954
2025-12-13 00:00:00+00:00,10166.098665239306
2025-12-13 04:00:00+00:00,10178.188330009596
2025-12-13 08:00:00+00:00,10220.26322149383
2025-12-13 12:00:00+00:00,10230.126871974498
2025-12-13 16:00:00+00:00,10191.959604282509
2025-12-13 20:00:00+00:00,10211.160915941451
2025-12-14 00:00:00+00:00,10203.008334141308
2025-12-14 04:00:00+00:00,10199.52582839876
2025-12-14 08:00:00+00:00,10087.66642782143
2025-12-14 12:00:00+00:00,10036.36391826866
2025-12-14 16:00:00+00:00,10003.48656957271
2025-12-14 20:00:00+00:00,9942.80329394415
2025-12-15 00:00:00+00:00,10075.11795780922
2025-12-15 04:00:00+00:00,10119.65648216974
2025-12-15 08:00:00+00:00,10121.198371517494
2025-12-15 12:00:00+00:00,9725.72358601592
2025-12-15 16:00:00+00:00,9591.23628274452
2025-12-15 20:00:00+00:00,9699.129098365654
2025-12-16 00:00:00+00:00,9616.546530815292
2025-12-16 04:00:00+00:00,9589.122857166923
2025-12-16 08:00:00+00:00,9778.60490300019
2025-12-16 12:00:00+00:00,9862.914934849126
2025-12-16 16:00:00+00:00,9769.821884219024
2025-12-16 20:00:00+00:00,9822.065734607451
2025-12-17 00:00:00+00:00,9757.276446467806
2025-12-17 04:00:00+00:00,9754.75038689592
2025-12-17 08:00:00+00:00,9702.13131216636
2025-12-17 12:00:00+00:00,9658.840195734938
2025-12-17 16:00:00+00:00,9403.644953886234
2025-12-17 20:00:00+00:00,9429.745449608963
2025-12-18 00:00:00+00:00,9413.657603824378
2025-12-18 04:00:00+00:00,9371.181745124317
2025-12-18 08:00:00+00:00,9469.770550049603
2025-12-18 12:00:00+00:00,9695.166399675576
2025-12-18 16:00:00+00:00,9083.697252233262
2025-12-18 20:00:00+00:00,9200.086102066483
2025-12-19 00:00:00+00:00,9370.19439111188
2025-12-19 04:00:00+00:00,9528.235896684177
2025-12-19 08:00:00+00:00,9575.634942472465
2025-12-19 12:00:00+00:00,9585.574406833644
2025-12-19 16:00:00+00:00,9704.064494359834
2025-12-19 20:00:00+00:00,9696.2256575768
2025-12-20 00:00:00+00:00,9688.716770439674
2025-12-20 04:00:00+00:00,9691.427097273008
2025-12-20 08:00:00+00:00,9732.738635469634
2025-12-20 12:00:00+00:00,9711.00337169035
2025-12-20 16:00:00+00:00,9699.257974344517
2025-12-20 20:00:00+00:00,9698.216818778745
2025-12-21 00:00:00+00:00,9659.073944660824
2025-12-21 04:00:00+00:00,9660.9996833793
2025-12-21 08:00:00+00:00,9699.631906277047
2025-12-21 12:00:00+00:00,9606.740963313969
2025-12-21 16:00:00+00:00,9666.275248041686
2025-12-21 20:00:00+00:00,9696.39355912997
2025-12-22 00:00:00+00:00,9708.43617901487
2025-12-22 04:00:00+00:00,9732.485822682347
2025-12-22 08:00:00+00:00,9793.364412626688
2025-12-22 12:00:00+00:00,9844.366009725363
2025-12-22 16:00:00+00:00,9638.77271913091
2025-12-22 20:00:00+00:00,9702.548133709524
2025-12-23 00:00:00+00:00,9670.05600439146
2025-12-23 04:00:00+00:00,9569.218045767091
2025-12-23 08:00:00+00:00,9628.778137353116
2025-12-23 12:00:00+00:00,9513.488496499684
2025-12-23 16:00:00+00:00,9532.891224555018
2025-12-23 20:00:00+00:00,9539.00443662593
2025-12-24 00:00:00+00:00,9470.743002910562
2025-12-24 04:00:00+00:00,9398.214815691004
2025-12-24 08:00:00+00:00,9442.89454132132
2025-12-24 12:00:00+00:00,9459.64101346832
2025-12-24 16:00:00+00:00,9483.20687910255
2025-12-24 20:00:00+00:00,9480.178814397805
2025-12-25 00:00:00+00:00,9495.265428997398
2025-12-25 04:00:00+00:00,9476.84161668676
2025-12-25 08:00:00+00:00,9406.401924227252
2025-12-25 12:00:00+00:00,9527.52778231451
2025-12-25 16:00:00+00:00,9507.154842758438
2025-12-25 20:00:00+00:00,9288.046008302126
2025-12-26 00:00:00+00:00,9474.64124743756
2025-12-26 04:00:00+00:00,9460.801972402109
2025-12-26 08:00:00+00:00,9499.375328737731
2025-12-26 12:00:00+00:00,9327.949768478004
2025-12-26 16:00:00+00:00,9364.849151788743
2025-12-26 20:00:00+00:00,9368.655737032872
2025-12-27 00:00:00+00:00,9433.257162667727
2025-12-27 04:00:00+00:00,9417.87770681399
2025-12-27 08:00:00+00:00,9422.09031613531
2025-12-27 12:00:00+00:00,9432.029260793855
2025-12-27 16:00:00+00:00,9436.767928884192
2025-12-27 20:00:00+00:00,9529.506609995304
2025-12-28 00:00:00+00:00,9505.207961632648
2025-12-28 04:00:00+00:00,9510.911932567791
2025-12-28 08:00:00+00:00,9535.994339075049
2025-12-28 12:00:00+00:00,9544.18664853112
2025-12-28 16:00:00+00:00,9477.842604860542
2025-12-28 20:00:00+00:00,9554.433749282982
2025-12-29 00:00:00+00:00,9795.593160987852
2025-12-29 04:00:00+00:00,9731.933844309431
2025-12-29 08:00:00+00:00,9553.847111182657
2025-12-29 12:00:00+00:00,9489.216424906228
2025-12-29 16:00:00+00:00,9443.280577103476
2025-12-29 20:00:00+00:00,9443.019769120525
2025-12-30 00:00:00+00:00,9478.279110799198
2025-12-30 04:00:00+00:00,9488.141964673816
2025-12-30 08:00:00+00:00,9522.12787779968
2025-12-30 12:00:00+00:00,9586.116108007574
2025-12-30 16:00:00+00:00,9541.577425745858
2025-12-30 20:00:00+00:00,9555.531132451666
2025-12-31 00:00:00+00:00,9565.33345044881
2025-12-31 04:00:00+00:00,9588.674788608088
2025-12-31 08:00:00+00:00,9628.614705031465
2025-12-31 12:00:00+00:00,9530.808889129628
2025-12-31 16:00:00+00:00,9419.640745894549
2025-12-31 20:00:00+00:00,9442.530592477538
2026-01-01 00:00:00+00:00,9469.120082102956
2026-01-01 04:00:00+00:00,9435.057455534266
2026-01-01 08:00:00+00:00,9507.138347598995
2026-01-01 12:00:00+00:00,9549.158387898904
2026-01-01 16:00:00+00:00,9624.83437172136
2026-01-01 20:00:00+00:00,9680.12333621836
2026-01-02 00:00:00+00:00,9741.501056914962
2026-01-02 04:00:00+00:00,9695.63428161928
2026-01-02 08:00:00+00:00,9779.20902168789
2026-01-02 12:00:00+00:00,9905.70568559758
2026-01-02 16:00:00+00:00,10113.395280402745
2026-01-02 20:00:00+00:00,10173.326836735496
2026-01-03 00:00:00+00:00,10245.68335701051
2026-01-03 04:00:00+00:00,10051.722504158435
2026-01-03 08:00:00+00:00,10104.915405217362
2026-01-03 12:00:00+00:00,10128.89228616828
2026-01-03 16:00:00+00:00,10144.75637119694
2026-01-03 20:00:00+00:00,10222.785509624186
2026-01-04 00:00:00+00:00,10387.788442935058
2026-01-04 04:00:00+00:00,10385.863611242004
2026-01-04 08:00:00+00:00,10427.810037523115
2026-01-04 12:00:00+00:00,10440.487284418734
2026-01-04 16:00:00+00:00,10387.868223190668
2026-01-04 20:00:00+00:00,10417.335352890648
2026-01-05 00:00:00+00:00,10585.1501810569
2026-01-05 04:00:00+00:00,10514.766541794002
2026-01-05 08:00:00+00:00,10527.839294593196
2026-01-05 12:00:00+00:00,10590.270680511729
2026-01-05 16:00:00+00:00,10793.980349739237
2026-01-05 20:00:00+00:00,10848.764348631688
2026-01-06 00:00:00+00:00,10899.32290504323
2026-01-06 04:00:00+00:00,10779.614871095986
2026-01-06 08:00:00+00:00,10913.135664624877
2026-01-06 12:00:00+00:00,10956.616198503456
2026-01-06 16:00:00+00:00,10637.144611866664
2026-01-06 20:00:00+00:00,10915.52138267379
2026-01-07 00:00:00+00:00,10785.441459957772
2026-01-07 04:00:00+00:00,10815.468074226952
2026-01-07 08:00:00+00:00,10714.369275851686
2026-01-07 12:00:00+00:00,10524.628009576398
2026-01-07 16:00:00+00:00,10521.902632573372
2026-01-07 20:00:00+00:00,10525.371678860049
2026-01-08 00:00:00+00:00,10481.799076713927
2026-01-08 04:00:00+00:00,10396.192725592353
2026-01-08 08:00:00+00:00,10310.730770840504
2026-01-08 12:00:00+00:00,10399.041419935347
2026-01-08 16:00:00+00:00,10434.799431272637
2026-01-08 20:00:00+00:00,10454.354126869155
2026-01-09 00:00:00+00:00,10552.436862144115
2026-01-09 04:00:00+00:00,10485.703518677376
2026-01-09 08:00:00+00:00,10400.490208163545
2026-01-09 12:00:00+00:00,10472.732893851258
2026-01-09 16:00:00+00:00,10310.687879481124
2026-01-09 20:00:00+00:00,10350.61963364483
2026-01-10 00:00:00+00:00,10361.183581026737
2026-01-10 04:00:00+00:00,10369.8424584469
2026-01-10 08:00:00+00:00,10377.232541159578
2026-01-10 12:00:00+00:00,10376.2309943232
2026-01-10 16:00:00+00:00,10385.778148958032
2026-01-10 20:00:00+00:00,10348.526237178105
2026-01-11 00:00:00+00:00,10374.74842505934
2026-01-11 04:00:00+00:00,10380.526679219614
2026-01-11 08:00:00+00:00,10390.168990782237
2026-01-11 12:00:00+00:00,10415.663071844485
2026-01-11 16:00:00+00:00,10429.231531849424
2026-01-11 20:00:00+00:00,10427.120708113243
2026-01-12 00:00:00+00:00,10556.839149829542
2026-01-12 04:00:00+00:00,10460.066122227196
2026-01-12 08:00:00+00:00,10385.710736841947
2026-01-12 12:00:00+00:00,10535.984199189035
2026-01-12 16:00:00+00:00,10473.389508133869
2026-01-12 20:00:00+00:00,10372.749471780946
2026-01-13 00:00:00+00:00,10372.101773832272
2026-01-13 04:00:00+00:00,10437.616100972711
2026-01-13 08:00:00+00:00,10500.729484198442
2026-01-13 12:00:00+00:00,10667.056842954094
2026-01-13 16:00:00+00:00,10806.868242716944
2026-01-13 20:00:00+00:00,10956.944880231804
2026-01-14 00:00:00+00:00,11027.558036179906
2026-01-14 04:00:00+00:00,10916.269889109008
2026-01-14 08:00:00+00:00,10795.573103125958
2026-01-14 12:00:00+00:00,11009.914206356838
2026-01-14 16:00:00+00:00,10993.524091268062
2026-01-14 20:00:00+00:00,10975.550871304087
2026-01-15 00:00:00+00:00,10732.292737393504
2026-01-15 04:00:00+00:00,10833.773029782542
2026-01-15 08:00:00+00:00,10837.35926599178
2026-01-15 12:00:00+00:00,10761.870239228532
2026-01-15 16:00:00+00:00,10615.977334265031
2026-01-15 20:00:00+00:00,10666.153905640866
2026-01-16 00:00:00+00:00,10621.832340291565
2026-01-16 04:00:00+00:00,10678.091024664694
2026-01-16 08:00:00+00:00,10655.077610608958
2026-01-16 12:00:00+00:00,10498.118641773202
2026-01-16 16:00:00+00:00,10636.923412116475
2026-01-16 20:00:00+00:00,10705.029482871125
2026-01-17 00:00:00+00:00,10668.377154039696
2026-01-17 04:00:00+00:00,10647.772270900412
2026-01-17 08:00:00+00:00,10681.011823961122
2026-01-17 12:00:00+00:00,10764.83947381584
2026-01-17 16:00:00+00:00,10734.442099180787
2026-01-17 20:00:00+00:00,10687.61415657924
2026-01-18 00:00:00+00:00,10660.133606512763
2026-01-18 04:00:00+00:00,10619.987334448044
2026-01-18 08:00:00+00:00,10636.536087227234
2026-01-18 12:00:00+00:00,10625.395331372638
2026-01-18 16:00:00+00:00,10648.274056576884
2026-01-18 20:00:00+00:00,10340.740881598942
2026-01-19 00:00:00+00:00,10121.028514562096
2026-01-19 04:00:00+00:00,10104.23859250917
2026-01-19 08:00:00+00:00,10148.025465619046
2026-01-19 12:00:00+00:00,10132.660797878334
2026-01-19 16:00:00+00:00,10214.375293676883
2026-01-19 20:00:00+00:00,10137.99792570055
2026-01-20 00:00:00+00:00,10129.541323881376
2026-01-20 04:00:00+00:00,9961.545095794529
2026-01-20 08:00:00+00:00,9864.512186146929
2026-01-20 12:00:00+00:00,9790.036127167576
2026-01-20 16:00:00+00:00,9706.844655700024
2026-01-20 20:00:00+00:00,9603.066239544629
2026-01-21 00:00:00+00:00,9706.539524403035
2026-01-21 04:00:00+00:00,9691.681062490035
2026-01-21 08:00:00+00:00,9614.328456585989
2026-01-21 12:00:00+00:00,9872.604842726338
2026-01-21 16:00:00+00:00,9948.672393572402
2026-01-21 20:00:00+00:00,9815.067928993853
2026-01-22 00:00:00+00:00,9852.78460790131
2026-01-22 04:00:00+00:00,9834.132505923706
2026-01-22 08:00:00+00:00,9838.81355683376
2026-01-22 12:00:00+00:00,9684.128823834391
2026-01-22 16:00:00+00:00,9773.146325784592
2026-01-22 20:00:00+00:00,9738.51185551583
2026-01-23 00:00:00+00:00,9765.583761247586
2026-01-23 04:00:00+00:00,9726.158230438929
2026-01-23 08:00:00+00:00,9706.533755317234
2026-01-23 12:00:00+00:00,9734.7023958635
2026-01-23 16:00:00+00:00,9747.378539436277
2026-01-23 20:00:00+00:00,9717.450111557491
2026-01-24 00:00:00+00:00,9736.570746792191
2026-01-24 04:00:00+00:00,9703.970697779923
2026-01-24 08:00:00+00:00,9710.068971176886
2026-01-24 12:00:00+00:00,9675.032776959357
2026-01-24 16:00:00+00:00,9693.639392209776
2026-01-24 20:00:00+00:00,9688.245558168885
2026-01-25 00:00:00+00:00,9632.191769597925
2026-01-25 04:00:00+00:00,9614.90167330813
2026-01-25 08:00:00+00:00,9632.86196053704
2026-01-25 12:00:00+00:00,9565.007603265649
2026-01-25 16:00:00+00:00,9169.967218551756
2026-01-25 20:00:00+00:00,9236.61726924366
2026-01-26 00:00:00+00:00,9378.857144834765
2026-01-26 04:00:00+00:00,9465.249571498538
2026-01-26 08:00:00+00:00,9448.77625526922
2026-01-26 12:00:00+00:00,9519.861400157804
2026-01-26 16:00:00+00:00,9538.196446977448
2026-01-26 20:00:00+00:00,9546.29960013261
2026-01-27 00:00:00+00:00,9579.782093566557
2026-01-27 04:00:00+00:00,9555.434296355552
2026-01-27 08:00:00+00:00,9523.36365386861
2026-01-27 12:00:00+00:00,9572.257321777592
2026-01-27 16:00:00+00:00,9648.127720777527
2026-01-27 20:00:00+00:00,9744.212090695446
2026-01-28 00:00:00+00:00,9698.043445188889
2026-01-28 04:00:00+00:00,9734.397611003213
2026-01-28 08:00:00+00:00,9830.80365594374
2026-01-28 12:00:00+00:00,9689.26248031824
2026-01-28 16:00:00+00:00,9710.972110023731
2026-01-28 20:00:00+00:00,9680.586232433658
2026-01-29 00:00:00+00:00,9515.93167754268
2026-01-29 04:00:00+00:00,9559.40975445522
2026-01-29 08:00:00+00:00,9476.476881912387
2026-01-29 12:00:00+00:00,9109.168234176614
2026-01-29 16:00:00+00:00,9047.170132904066
2026-01-29 20:00:00+00:00,9135.460527032685
2026-01-30 00:00:00+00:00,8881.256495040923
2026-01-30 04:00:00+00:00,8932.73073882201
2026-01-30 08:00:00+00:00,8987.744032424162
2026-01-30 12:00:00+00:00,8973.19294475583
2026-01-30 16:00:00+00:00,9066.41231378681
2026-01-30 20:00:00+00:00,8989.310382645763
2026-01-31 00:00:00+00:00,8994.255945800329
2026-01-31 04:00:00+00:00,8899.069775043688
2026-01-31 08:00:00+00:00,8803.975899405608
2026-01-31 12:00:00+00:00,8387.555911887619
2026-01-31 16:00:00+00:00,7977.198476285089
2026-01-31 20:00:00+00:00,8211.790818660746
2026-02-01 00:00:00+00:00,8227.38358518419
2026-02-01 04:00:00+00:00,8211.957840737634
2026-02-01 08:00:00+00:00,8195.029960367468
2026-02-01 12:00:00+00:00,7954.925639395803
2026-02-01 16:00:00+00:00,7975.511033276765
2026-02-01 20:00:00+00:00,7924.573546761863
2026-02-02 00:00:00+00:00,7863.205972451563
2026-02-02 04:00:00+00:00,7895.834346788157
2026-02-02 08:00:00+00:00,8031.571537082706
2026-02-02 12:00:00+00:00,8215.21836071707
2026-02-02 16:00:00+00:00,8128.210723826376
2026-02-02 20:00:00+00:00,8157.596526394941
2026-02-03 00:00:00+00:00,8133.9626206314115
2026-02-03 04:00:00+00:00,8168.8057215061535
2026-02-03 08:00:00+00:00,8052.307482993489
2026-02-03 12:00:00+00:00,8116.271043726498
2026-02-03 16:00:00+00:00,7861.276362801196
2026-02-03 20:00:00+00:00,7833.6879445780705
2026-02-04 00:00:00+00:00,7953.840184250818
2026-02-04 04:00:00+00:00,7925.7148887820595
2026-02-04 08:00:00+00:00,7817.652305735167
2026-02-04 12:00:00+00:00,7566.053884134008
2026-02-04 16:00:00+00:00,7627.721074549351
2026-02-04 20:00:00+00:00,7456.589729573179
2026-02-05 00:00:00+00:00,7322.129214158782
2026-02-05 04:00:00+00:00,7266.1936836568675
2026-02-05 08:00:00+00:00,7140.411189349742
2026-02-05 12:00:00+00:00,6783.637176276911
2026-02-05 16:00:00+00:00,6541.62630508734
2026-02-05 20:00:00+00:00,6312.896269114875
2026-02-06 00:00:00+00:00,6375.255580034926
2026-02-06 04:00:00+00:00,6500.7625438578025
2026-02-06 08:00:00+00:00,6699.383804372843
2026-02-06 12:00:00+00:00,7002.479095761575
2026-02-06 16:00:00+00:00,7103.537620822611
2026-02-06 20:00:00+00:00,7119.310522550964
2026-02-07 00:00:00+00:00,7151.503885195023
2026-02-07 04:00:00+00:00,6916.955148969477
2026-02-07 08:00:00+00:00,6875.517791387658
2026-02-07 12:00:00+00:00,6985.790484025076
2026-02-07 16:00:00+00:00,7091.639473377544
2026-02-07 20:00:00+00:00,7055.6322169159
2026-02-08 00:00:00+00:00,7003.732499049141
2026-02-08 04:00:00+00:00,7028.561105699118
2026-02-08 08:00:00+00:00,7126.791827152657
2026-02-08 12:00:00+00:00,7081.510256025122
2026-02-08 16:00:00+00:00,7127.623929270991
2026-02-08 20:00:00+00:00,7024.240235101851
2026-02-09 00:00:00+00:00,7090.0014884246575
2026-02-09 04:00:00+00:00,6947.248418139431
2026-02-09 08:00:00+00:00,6798.755505498784
2026-02-09 12:00:00+00:00,6948.865495392429
2026-02-09 16:00:00+00:00,7090.346788404428
2026-02-09 20:00:00+00:00,7015.88195315896
2026-02-10 00:00:00+00:00,6951.172668014911
2026-02-10 04:00:00+00:00,6869.4099132062975
2026-02-10 08:00:00+00:00,6814.438098232563
2026-02-10 12:00:00+00:00,6827.384897447027
2026-02-10 16:00:00+00:00,6782.873787474354
2026-02-10 20:00:00+00:00,6781.165472102234
2026-02-11 00:00:00+00:00,6785.020408036115
2026-02-11 04:00:00+00:00,6604.192571765373
2026-02-11 08:00:00+00:00,6605.972266118798
2026-02-11 12:00:00+00:00,6520.547075750954
2026-02-11 16:00:00+00:00,6611.83143971455
2026-02-11 20:00:00+00:00,6580.762049972909
2026-02-12 00:00:00+00:00,6659.907303479317
2026-02-12 04:00:00+00:00,6674.414447962956
2026-02-12 08:00:00+00:00,6750.183140368052
2026-02-12 12:00:00+00:00,6636.374465771654
2026-02-12 16:00:00+00:00,6527.613049475141
2026-02-12 20:00:00+00:00,6585.489341269077
2026-02-13 00:00:00+00:00,6596.583434086147
2026-02-13 04:00:00+00:00,6558.107066378342
2026-02-13 08:00:00+00:00,6636.073007964319
2026-02-13 12:00:00+00:00,6812.792242581117
2026-02-13 16:00:00+00:00,6891.141337656612
2026-02-13 20:00:00+00:00,6879.810745719808
2026-02-14 00:00:00+00:00,6913.320388928368
2026-02-14 04:00:00+00:00,6928.672230650759
2026-02-14 08:00:00+00:00,7112.396175712956
2026-02-14 12:00:00+00:00,7141.154336610149
2026-02-14 16:00:00+00:00,7238.498241297257
2026-02-14 20:00:00+00:00,7263.454310130823
2026-02-15 00:00:00+00:00,7323.459417783763
2026-02-15 04:00:00+00:00,7529.305412756959
2026-02-15 08:00:00+00:00,7342.96216877987
2026-02-15 12:00:00+00:00,7171.451029737586
2026-02-15 16:00:00+00:00,6959.948158624454
2026-02-15 20:00:00+00:00,7020.25210320714
2026-02-16 00:00:00+00:00,6968.130675443936
2026-02-16 04:00:00+00:00,6968.498358105988
2026-02-16 08:00:00+00:00,7009.919315799268
2026-02-16 12:00:00+00:00,6882.886192636583
2026-02-16 16:00:00+00:00,6953.908047946856
2026-02-16 20:00:00+00:00,7056.420855609759
2026-02-17 00:00:00+00:00,7038.399478005229
2026-02-17 04:00:00+00:00,7016.544347972613
2026-02-17 08:00:00+00:00,6932.694684933639
2026-02-17 12:00:00+00:00,6909.589616353638
2026-02-17 16:00:00+00:00,6990.178210652479
2026-02-17 20:00:00+00:00,6970.909081328954
2026-02-18 00:00:00+00:00,6992.567100144629
2026-02-18 04:00:00+00:00,7014.609054651242
2026-02-18 08:00:00+00:00,6888.89862861328
2026-02-18 12:00:00+00:00,6925.221861312497
2026-02-18 16:00:00+00:00,6737.535115994504
2026-02-18 20:00:00+00:00,6763.451910904296
2026-02-19 00:00:00+00:00,6790.889923352816
2026-02-19 04:00:00+00:00,6818.36827149748
2026-02-19 08:00:00+00:00,6730.818198114365
2026-02-19 12:00:00+00:00,6680.717280914852
2026-02-19 16:00:00+00:00,6759.71760322088
2026-02-19 20:00:00+00:00,6779.715597991273
2026-02-20 00:00:00+00:00,6808.079171018185
2026-02-20 04:00:00+00:00,6840.843048898581
2026-02-20 08:00:00+00:00,6816.041630167075
2026-02-20 12:00:00+00:00,6906.601967126153
2026-02-20 16:00:00+00:00,6925.762309835533
2026-02-20 20:00:00+00:00,6931.944484077903
2026-02-21 00:00:00+00:00,6911.4308060198055
2026-02-21 04:00:00+00:00,6916.737566664999
2026-02-21 08:00:00+00:00,6975.271973788344
2026-02-21 12:00:00+00:00,7012.905159291947
2026-02-21 16:00:00+00:00,6990.195972257679
2026-02-21 20:00:00+00:00,6926.712550113371
2026-02-22 00:00:00+00:00,6900.535260324609
2026-02-22 04:00:00+00:00,6901.669255593715
2026-02-22 08:00:00+00:00,6910.231589858076
2026-02-22 12:00:00+00:00,6791.8242203476175
2026-02-22 16:00:00+00:00,6761.205881886798
2026-02-22 20:00:00+00:00,6770.588955892883
2026-02-23 00:00:00+00:00,6455.286713278854
2026-02-23 04:00:00+00:00,6582.863510620125
2026-02-23 08:00:00+00:00,6668.3173032593695
2026-02-23 12:00:00+00:00,6595.495597583707
2026-02-23 16:00:00+00:00,6484.851239859228
2026-02-23 20:00:00+00:00,6478.897371351937
2026-02-24 00:00:00+00:00,6405.598896384291
2026-02-24 04:00:00+00:00,6377.934265094361
2026-02-24 08:00:00+00:00,6379.408551917091
2026-02-24 12:00:00+00:00,6425.757739015052
2026-02-24 16:00:00+00:00,6470.199361942754
2026-02-24 20:00:00+00:00,6458.561548549429
2026-02-25 00:00:00+00:00,6618.214478257301
2026-02-25 04:00:00+00:00,6623.211211259667
2026-02-25 08:00:00+00:00,6721.849410831844
2026-02-25 12:00:00+00:00,7005.694344036279
2026-02-25 16:00:00+00:00,7201.142243455794
2026-02-25 20:00:00+00:00,7081.655290374918
2026-02-26 00:00:00+00:00,7079.677232799269
2026-02-26 04:00:00+00:00,7032.588798244418
2026-02-26 08:00:00+00:00,7008.770813373569
2026-02-26 12:00:00+00:00,6979.430222425898
2026-02-26 16:00:00+00:00,6952.3230620142185
2026-02-26 20:00:00+00:00,6931.844360928879
2026-02-27 00:00:00+00:00,7001.939049084169
2026-02-27 04:00:00+00:00,7003.094531959682
2026-02-27 08:00:00+00:00,6777.207280403058
2026-02-27 12:00:00+00:00,6716.581491261701
2026-02-27 16:00:00+00:00,6646.378059006164
2026-02-27 20:00:00+00:00,6677.104662390544
2026-02-28 00:00:00+00:00,6669.213045967792
2026-02-28 04:00:00+00:00,6431.321809219863
2026-02-28 08:00:00+00:00,6408.854166675008
2026-02-28 12:00:00+00:00,6552.059437350418
2026-02-28 16:00:00+00:00,6684.759721617206
2026-02-28 20:00:00+00:00,6797.027441706174
2026-03-01 00:00:00+00:00,6994.905861788348
2026-03-01 04:00:00+00:00,6912.5640446947455
2026-03-01 08:00:00+00:00,6821.750133397243
2026-03-01 12:00:00+00:00,6853.283738175604
2026-03-01 16:00:00+00:00,6712.89068687155
2026-03-01 20:00:00+00:00,6712.807073264191
2026-03-02 00:00:00+00:00,6809.097016260721
2026-03-02 04:00:00+00:00,6686.477488326058
2026-03-02 08:00:00+00:00,6731.266028716506
2026-03-02 12:00:00+00:00,7044.073322202912
2026-03-02 16:00:00+00:00,6990.894585365523
2026-03-02 20:00:00+00:00,6928.732740530738
2026-03-03 00:00:00+00:00,6880.066290926119
2026-03-03 04:00:00+00:00,6829.505699457668
2026-03-03 08:00:00+00:00,6735.714290010236
2026-03-03 12:00:00+00:00,6787.952960678664
2026-03-03 16:00:00+00:00,6796.34866424967
2026-03-03 20:00:00+00:00,6846.874793120619
2026-03-04 00:00:00+00:00,6784.588018695545
2026-03-04 04:00:00+00:00,6902.480558542096
2026-03-04 08:00:00+00:00,7055.464799624082
2026-03-04 12:00:00+00:00,7335.917865537318
2026-03-04 16:00:00+00:00,7382.693813553176
2026-03-04 20:00:00+00:00,7227.894918109489
2026-03-05 00:00:00+00:00,7158.212095218172
2026-03-05 04:00:00+00:00,7133.749672154207
2026-03-05 08:00:00+00:00,7233.919384899383
2026-03-05 12:00:00+00:00,7106.292684187617
2026-03-05 16:00:00+00:00,7056.84686133863
2026-03-05 20:00:00+00:00,7047.137563256115
2026-03-06 00:00:00+00:00,7051.599705218486
2026-03-06 04:00:00+00:00,7057.260927133169
2026-03-06 08:00:00+00:00,6960.383883946067
2026-03-06 12:00:00+00:00,6767.783091594566
2026-03-06 16:00:00+00:00,6798.728439587684
2026-03-06 20:00:00+00:00,6784.43540852876
2026-03-07 00:00:00+00:00,6780.035777452676
2026-03-07 04:00:00+00:00,6771.236544467854
2026-03-07 08:00:00+00:00,6785.216715987611
2026-03-07 12:00:00+00:00,6733.851127379153
2026-03-07 16:00:00+00:00,6666.708324095698
2026-03-07 20:00:00+00:00,6700.993628288003
2026-03-08 00:00:00+00:00,6647.721492779736
2026-03-08 04:00:00+00:00,6684.743396062318
2026-03-08 08:00:00+00:00,6682.475551957146
2026-03-08 12:00:00+00:00,6629.803254627467
2026-03-08 16:00:00+00:00,6672.759051320387
2026-03-08 20:00:00+00:00,6596.924464564833
2026-03-09 00:00:00+00:00,6705.321715594584
2026-03-09 04:00:00+00:00,6699.349763187849
2026-03-09 08:00:00+00:00,6735.374678699587
2026-03-09 12:00:00+00:00,6832.922192434654
2026-03-09 16:00:00+00:00,6876.3274466062985
2026-03-09 20:00:00+00:00,6806.050397462307
2026-03-10 00:00:00+00:00,6868.898496624849
2026-03-10 04:00:00+00:00,6946.451071495861
2026-03-10 08:00:00+00:00,6981.105605195716
2026-03-10 12:00:00+00:00,7125.610313987904
2026-03-10 16:00:00+00:00,6940.17369764314
2026-03-10 20:00:00+00:00,6933.172936203712
2026-03-11 00:00:00+00:00,6889.512919366627
2026-03-11 04:00:00+00:00,6876.517346116023
2026-03-11 08:00:00+00:00,6844.768577805595
2026-03-11 12:00:00+00:00,6912.763265641985
2026-03-11 16:00:00+00:00,7008.404902588202
2026-03-11 20:00:00+00:00,6958.188847298064
2026-03-12 00:00:00+00:00,6867.672518961322
2026-03-12 04:00:00+00:00,6914.127068246213
2026-03-12 08:00:00+00:00,6989.739024150922
2026-03-12 12:00:00+00:00,6969.752677341366
2026-03-12 16:00:00+00:00,6980.289200686293
2026-03-12 20:00:00+00:00,6994.911259036545
2026-03-13 00:00:00+00:00,7159.681586730079
2026-03-13 04:00:00+00:00,7125.314138264514
2026-03-13 08:00:00+00:00,7230.095241494511
2026-03-13 12:00:00+00:00,7166.799960170295
2026-03-13 16:00:00+00:00,7100.787128505769
2026-03-13 20:00:00+00:00,7068.378852558417
2026-03-14 00:00:00+00:00,7082.597101249962
2026-03-14 04:00:00+00:00,7011.7699689894725
2026-03-14 08:00:00+00:00,7008.20131549439
2026-03-14 12:00:00+00:00,6995.832415824029
2026-03-14 16:00:00+00:00,7003.386378874486
2026-03-14 20:00:00+00:00,7078.936453849221
2026-03-15 00:00:00+00:00,7083.242128319553
2026-03-15 04:00:00+00:00,7090.62727914858
2026-03-15 08:00:00+00:00,7129.90500721283
2026-03-15 12:00:00+00:00,7079.085991069775
2026-03-15 16:00:00+00:00,7094.033293394601
2026-03-15 20:00:00+00:00,7314.368459712074
2026-03-16 00:00:00+00:00,7421.93793459996
2026-03-16 04:00:00+00:00,7471.712326520923
2026-03-16 08:00:00+00:00,7444.631609861106
2026-03-16 12:00:00+00:00,7438.22072610273
2026-03-16 16:00:00+00:00,7582.367430405069
2026-03-16 20:00:00+00:00,7648.281824638571
2026-03-17 00:00:00+00:00,7553.997642515542
2026-03-17 04:00:00+00:00,7540.15860567878
2026-03-17 08:00:00+00:00,7483.7251096570835
2026-03-17 12:00:00+00:00,7484.612461976824
2026-03-17 16:00:00+00:00,7541.508635967535
2026-03-17 20:00:00+00:00,7515.519835733894
2026-03-18 00:00:00+00:00,7576.94423812189
2026-03-18 04:00:00+00:00,7503.045524256667
2026-03-18 08:00:00+00:00,7352.059226692056
2026-03-18 12:00:00+00:00,7140.834753262564
2026-03-18 16:00:00+00:00,7155.77644421992
2026-03-18 20:00:00+00:00,7200.713851493971
2026-03-19 00:00:00+00:00,7230.689429009107
2026-03-19 04:00:00+00:00,7134.833739011513
2026-03-19 08:00:00+00:00,7131.77212258973
2026-03-19 12:00:00+00:00,7012.4025413247655
2026-03-19 16:00:00+00:00,7076.635599056033
2026-03-19 20:00:00+00:00,7079.43383002883
2026-03-20 00:00:00+00:00,7129.597849501746
2026-03-20 04:00:00+00:00,7125.184999301525
2026-03-20 08:00:00+00:00,7103.516171356032
2026-03-20 12:00:00+00:00,7078.848436757417
2026-03-20 16:00:00+00:00,7076.0028558592
2026-03-20 20:00:00+00:00,7122.266878689867
2026-03-21 00:00:00+00:00,7147.885609166777
2026-03-21 04:00:00+00:00,7136.698008650661
2026-03-21 08:00:00+00:00,7126.109974658731
2026-03-21 12:00:00+00:00,7123.395933112004
2026-03-21 16:00:00+00:00,7109.201518694486
2026-03-21 20:00:00+00:00,6940.723094565866
2026-03-22 00:00:00+00:00,7006.832736031033
2026-03-22 04:00:00+00:00,6944.439653673046
2026-03-22 08:00:00+00:00,6884.907430161113
2026-03-22 12:00:00+00:00,6923.807114320015
2026-03-22 16:00:00+00:00,6868.830410764769
2026-03-22 20:00:00+00:00,6840.784762287293
2026-03-23 00:00:00+00:00,6852.234628264143
2026-03-23 04:00:00+00:00,6824.888580381444
2026-03-23 08:00:00+00:00,7028.818938962549
2026-03-23 12:00:00+00:00,7087.797726743459
2026-03-23 16:00:00+00:00,7151.363189434035
2026-03-23 20:00:00+00:00,7149.002979296426
2026-03-24 00:00:00+00:00,7084.507252905809
2026-03-24 04:00:00+00:00,7174.568893821111
2026-03-24 08:00:00+00:00,7157.218457052974
2026-03-24 12:00:00+00:00,7039.58105998749
2026-03-24 16:00:00+00:00,6982.78985249316
2026-03-24 20:00:00+00:00,7128.601384305234
2026-03-25 00:00:00+00:00,7159.916298307428
2026-03-25 04:00:00+00:00,7190.884502432745
2026-03-25 08:00:00+00:00,7255.471175399444
2026-03-25 12:00:00+00:00,7174.24136728662
2026-03-25 16:00:00+00:00,7186.941972523357
2026-03-25 20:00:00+00:00,7190.459182390605
2026-03-26 00:00:00+00:00,7126.511622979266
2026-03-26 04:00:00+00:00,7010.1672117206745
2026-03-26 08:00:00+00:00,6904.95243656245
2026-03-26 12:00:00+00:00,6884.705796802684
2026-03-26 16:00:00+00:00,6799.709827031994
2026-03-26 20:00:00+00:00,6865.336663740833
2026-03-27 00:00:00+00:00,6863.349516018315
2026-03-27 04:00:00+00:00,6847.451625410051
2026-03-27 08:00:00+00:00,6662.555237523165
2026-03-27 12:00:00+00:00,6659.192664417994
2026-03-27 16:00:00+00:00,6630.351815755807
2026-03-27 20:00:00+00:00,6649.753393872226
2026-03-28 00:00:00+00:00,6627.450179004752
2026-03-28 04:00:00+00:00,6694.145907213416
2026-03-28 08:00:00+00:00,6670.455594302888
2026-03-28 12:00:00+00:00,6754.612359524823
2026-03-28 16:00:00+00:00,6711.596825706192
2026-03-28 20:00:00+00:00,6630.328207956997
2026-03-29 00:00:00+00:00,6679.639683518336
2026-03-29 04:00:00+00:00,6653.248945952553
2026-03-29 08:00:00+00:00,6657.782249844312
2026-03-29 12:00:00+00:00,6604.552524793642
2026-03-29 16:00:00+00:00,6593.700503566897
2026-03-29 20:00:00+00:00,6584.093705046963
2026-03-30 00:00:00+00:00,6722.465653031384
2026-03-30 04:00:00+00:00,6774.538519933995
2026-03-30 08:00:00+00:00,6776.746810324128
2026-03-30 12:00:00+00:00,6777.448602220102
2026-03-30 16:00:00+00:00,6640.587051479134
2026-03-30 20:00:00+00:00,6646.572311445513
2026-03-31 00:00:00+00:00,6714.560987052163
2026-03-31 04:00:00+00:00,6679.372655951156
2026-03-31 08:00:00+00:00,6582.750905189984
2026-03-31 12:00:00+00:00,6592.728546247532
2026-03-31 16:00:00+00:00,6722.574294003309
2026-03-31 20:00:00+00:00,6742.125095118313
2026-04-01 00:00:00+00:00,6756.667103969649
2026-04-01 04:00:00+00:00,6806.072345837828
2026-04-01 08:00:00+00:00,6779.684677155414
2026-04-01 12:00:00+00:00,6796.082859006718
2026-04-01 16:00:00+00:00,6786.571650135945
2026-04-01 20:00:00+00:00,6701.194042987495
2026-04-02 00:00:00+00:00,6511.0395454054415
2026-04-02 04:00:00+00:00,6535.45051593618
2026-04-02 08:00:00+00:00,6450.379785655104
2026-04-02 12:00:00+00:00,6476.889038699531
2026-04-02 16:00:00+00:00,6500.772470323734
2026-04-02 20:00:00+00:00,6509.593442620806
2026-04-03 00:00:00+00:00,6517.066646294703
2026-04-03 04:00:00+00:00,6555.407145117317
2026-04-03 08:00:00+00:00,6567.944361330798
2026-04-03 12:00:00+00:00,6566.978389657938
2026-04-03 16:00:00+00:00,6567.896524927269
2026-04-03 20:00:00+00:00,6569.587486749429
2026-04-04 00:00:00+00:00,6557.929130053942
2026-04-04 04:00:00+00:00,6566.183133091005
2026-04-04 08:00:00+00:00,6557.255254264826
2026-04-04 12:00:00+00:00,6594.36752557159
2026-04-04 16:00:00+00:00,6605.464309484379
2026-04-04 20:00:00+00:00,6600.17626456226
2026-04-05 00:00:00+00:00,6579.828268577379
2026-04-05 04:00:00+00:00,6509.084165524937
2026-04-05 08:00:00+00:00,6530.028792673081
2026-04-05 12:00:00+00:00,6529.7724154799325
2026-04-05 16:00:00+00:00,6538.79396451376
2026-04-05 20:00:00+00:00,6685.121645412837
2026-04-06 00:00:00+00:00,6716.102238097239
2026-04-06 04:00:00+00:00,6716.888457186257
2026-04-06 08:00:00+00:00,6761.112363936375
2026-04-06 12:00:00+00:00,6765.514631588129
2026-04-06 16:00:00+00:00,6725.946932915902
2026-04-06 20:00:00+00:00,6604.456235929605
2026-04-07 00:00:00+00:00,6587.8028117358335
2026-04-07 04:00:00+00:00,6582.957112687426
2026-04-07 08:00:00+00:00,6547.664483428635
2026-04-07 12:00:00+00:00,6526.875651672349
2026-04-07 16:00:00+00:00,6670.577651629498
2026-04-07 20:00:00+00:00,6959.050067080735
2026-04-08 00:00:00+00:00,6901.800474074636
2026-04-08 04:00:00+00:00,6917.533123325918
2026-04-08 08:00:00+00:00,6904.924440466103
2026-04-08 12:00:00+00:00,6817.6117747747
2026-04-08 16:00:00+00:00,6803.655927155635
2026-04-08 20:00:00+00:00,6754.128045359409
2026-04-09 00:00:00+00:00,6714.724428201579
2026-04-09 04:00:00+00:00,6721.494935177359
2026-04-09 08:00:00+00:00,6725.250735853575
2026-04-09 12:00:00+00:00,6830.530127683685
2026-04-09 16:00:00+00:00,6857.77408710464
2026-04-09 20:00:00+00:00,6794.988934781343
2026-04-10 00:00:00+00:00,6771.254411911542
2026-04-10 04:00:00+00:00,6761.45185050964
2026-04-10 08:00:00+00:00,6803.361339291194
2026-04-10 12:00:00+00:00,6847.253288107747
2026-04-10 16:00:00+00:00,6936.929400974785
2026-04-10 20:00:00+00:00,6885.444077861385
2026-04-11 00:00:00+00:00,6866.163229542366
2026-04-11 04:00:00+00:00,6846.081108016948
2026-04-11 08:00:00+00:00,6847.813681861142
2026-04-11 12:00:00+00:00,6859.339376680577
2026-04-11 16:00:00+00:00,6983.110561004435
2026-04-11 20:00:00+00:00,6892.43855868928
2026-04-12 00:00:00+00:00,6722.437490237252
2026-04-12 04:00:00+00:00,6720.018180827696
2026-04-12 08:00:00+00:00,6716.487378810087
2026-04-12 12:00:00+00:00,6668.164817740642
2026-04-12 16:00:00+00:00,6695.722880626213
2026-04-12 20:00:00+00:00,6670.834316798635
2026-04-13 00:00:00+00:00,6693.694985781169
2026-04-13 04:00:00+00:00,6697.021723414497
2026-04-13 08:00:00+00:00,6690.295122214822
2026-04-13 12:00:00+00:00,6754.867746343118
2026-04-13 16:00:00+00:00,6864.352908180622
2026-04-13 20:00:00+00:00,7017.579948762094
2026-04-14 00:00:00+00:00,6985.765265430794
2026-04-14 04:00:00+00:00,6981.465602154292
2026-04-14 08:00:00+00:00,6986.74224422963
2026-04-14 12:00:00+00:00,7023.249586414567
2026-04-14 16:00:00+00:00,6891.84839965435
2026-04-14 20:00:00+00:00,6887.504822994461
2026-04-15 00:00:00+00:00,6888.277888283066
2026-04-15 04:00:00+00:00,6847.921679820669
2026-04-15 08:00:00+00:00,6911.145324391024
2026-04-15 12:00:00+00:00,6924.455136333808
2026-04-15 16:00:00+00:00,7051.361977055671
2026-04-15 20:00:00+00:00,7002.933313282671
2026-04-16 00:00:00+00:00,7050.870091926974
2026-04-16 04:00:00+00:00,7036.378795470169
2026-04-16 08:00:00+00:00,7027.20715542783
2026-04-16 12:00:00+00:00,7109.8479744007
2026-04-16 16:00:00+00:00,7292.223324239173
2026-04-16 20:00:00+00:00,7243.462905244914
2026-04-17 00:00:00+00:00,7146.246961232679
2026-04-17 04:00:00+00:00,7171.589899163582
2026-04-17 08:00:00+00:00,7207.93337987494
2026-04-17 12:00:00+00:00,7373.027025172004
2026-04-17 16:00:00+00:00,7336.93474633442
2026-04-17 20:00:00+00:00,7303.773348340931
2026-04-18 00:00:00+00:00,7266.591475200642
2026-04-18 04:00:00+00:00,7284.341718570604
2026-04-18 08:00:00+00:00,7120.974189618984
2026-04-18 12:00:00+00:00,7133.813271300552
2026-04-18 16:00:00+00:00,7082.535135772809
2026-04-18 20:00:00+00:00,7087.20938902012
2026-04-19 00:00:00+00:00,7052.881040118712
2026-04-19 04:00:00+00:00,7002.92079131487
2026-04-19 08:00:00+00:00,7045.433468944137
2026-04-19 12:00:00+00:00,7088.25960753554
2026-04-19 16:00:00+00:00,7014.137654551803
2026-04-19 20:00:00+00:00,6893.956619883157
2026-04-20 00:00:00+00:00,6977.788022922469
2026-04-20 04:00:00+00:00,7000.081237398766
2026-04-20 08:00:00+00:00,7013.837162058308
2026-04-20 12:00:00+00:00,7067.240560382034
2026-04-20 16:00:00+00:00,7084.960872607881
2026-04-20 20:00:00+00:00,7051.05806461131
2026-04-21 00:00:00+00:00,7044.466341647607
2026-04-21 04:00:00+00:00,7087.652306690268
2026-04-21 08:00:00+00:00,7102.019324531568
2026-04-21 12:00:00+00:00,7081.953794046636
2026-04-21 16:00:00+00:00,6992.666189288794
2026-04-21 20:00:00+00:00,7094.775035819382
2026-04-22 00:00:00+00:00,7184.903980803898
2026-04-22 04:00:00+00:00,7243.098205256188
2026-04-22 08:00:00+00:00,7260.316572104092
2026-04-22 12:00:00+00:00,7275.522860769603
2026-04-22 16:00:00+00:00,7213.297965617869
2026-04-22 20:00:00+00:00,7150.473257245694
2026-04-23 00:00:00+00:00,7090.631631540784
2026-04-23 04:00:00+00:00,7106.161759360066
2026-04-23 08:00:00+00:00,7091.929239918781
2026-04-23 12:00:00+00:00,7152.571721085955
2026-04-23 16:00:00+00:00,7090.193861483127
2026-04-23 20:00:00+00:00,7146.526825807488
2026-04-24 00:00:00+00:00,7109.611016220656
2026-04-24 04:00:00+00:00,7114.334499613736
2026-04-24 08:00:00+00:00,7158.296934322135
2026-04-24 12:00:00+00:00,7174.87619130037
2026-04-24 16:00:00+00:00,7159.6630848839695
2026-04-24 20:00:00+00:00,7141.577922600641
2026-04-25 00:00:00+00:00,7162.907842324615
2026-04-25 04:00:00+00:00,7149.65351049792
2026-04-25 08:00:00+00:00,7139.649354725482
2026-04-25 12:00:00+00:00,7118.601833228028
2026-04-25 16:00:00+00:00,7091.983000100113
2026-04-25 20:00:00+00:00,7118.177551804876
2026-04-26 00:00:00+00:00,7101.053681128269
2026-04-26 04:00:00+00:00,7156.77850101359
2026-04-26 08:00:00+00:00,7162.365335074339
2026-04-26 12:00:00+00:00,7165.053388011008
2026-04-26 16:00:00+00:00,7187.898427317172
2026-04-26 20:00:00+00:00,7193.228710011635
2026-04-27 00:00:00+00:00,7251.4107650915485
2026-04-27 04:00:00+00:00,7073.580413377677
2026-04-27 08:00:00+00:00,7086.126997217471
2026-04-27 12:00:00+00:00,6986.003522248653
2026-04-27 16:00:00+00:00,7007.251713916323
2026-04-27 20:00:00+00:00,7059.279219970343
2026-04-28 00:00:00+00:00,7025.854125363174
2026-04-28 04:00:00+00:00,7022.362545158751
2026-04-28 08:00:00+00:00,6972.923118086174
2026-04-28 12:00:00+00:00,6979.683145644415
2026-04-28 16:00:00+00:00,7010.540677228751
2026-04-28 20:00:00+00:00,7005.985484968133
2026-04-29 00:00:00+00:00,7063.505172307567
2026-04-29 04:00:00+00:00,7105.2321192914615
2026-04-29 08:00:00+00:00,7167.157793597442
2026-04-29 12:00:00+00:00,6979.647427808064
2026-04-29 16:00:00+00:00,6904.680242457646
2026-04-29 20:00:00+00:00,6983.480208141727
2026-04-30 00:00:00+00:00,7016.391185802267
2026-04-30 04:00:00+00:00,7030.79191471416
2026-04-30 08:00:00+00:00,7007.1919052115145
2026-04-30 12:00:00+00:00,7029.48024189808
2026-04-30 16:00:00+00:00,7013.597051027466
2026-04-30 20:00:00+00:00,7008.234262958325
2026-05-01 00:00:00+00:00,7082.284165611485
2026-05-01 04:00:00+00:00,7070.302517267711
2026-05-01 08:00:00+00:00,7087.637155672932
2026-05-01 12:00:00+00:00,7141.115540635233
2026-05-01 16:00:00+00:00,7115.657126309075
2026-05-01 20:00:00+00:00,7085.864602883114
2026-05-02 00:00:00+00:00,7090.342611286202
2026-05-02 04:00:00+00:00,7081.013567110234
2026-05-02 08:00:00+00:00,7078.501597452369
2026-05-02 12:00:00+00:00,7118.472110453319
2026-05-02 16:00:00+00:00,7122.151810457063
2026-05-02 20:00:00+00:00,7124.433315474047
2026-05-03 00:00:00+00:00,7077.287351970889
2026-05-03 04:00:00+00:00,7091.402371433713
2026-05-03 08:00:00+00:00,7118.848078368137
2026-05-03 12:00:00+00:00,7127.734247623896
2026-05-03 16:00:00+00:00,7136.530714486649
2026-05-03 20:00:00+00:00,7104.117916571629
2026-05-04 00:00:00+00:00,7265.161450088141
2026-05-04 04:00:00+00:00,7232.471641630604
2026-05-04 08:00:00+00:00,7151.412860579737
2026-05-04 12:00:00+00:00,7186.534904743138
2026-05-04 16:00:00+00:00,7189.644986143399
2026-05-04 20:00:00+00:00,7161.260505115552
2026-05-05 00:00:00+00:00,7234.985715097318
2026-05-05 04:00:00+00:00,7242.41085609811
2026-05-05 08:00:00+00:00,7257.985932702116
2026-05-05 12:00:00+00:00,7287.220540689501
2026-05-05 16:00:00+00:00,7324.950977674533
2026-05-05 20:00:00+00:00,7321.4466677154915
2026-05-06 00:00:00+00:00,7390.728091313038
2026-05-06 04:00:00+00:00,7408.236668582967
2026-05-06 08:00:00+00:00,7544.828185464966
2026-05-06 12:00:00+00:00,7436.487545326927
2026-05-06 16:00:00+00:00,7438.9358845561055
2026-05-06 20:00:00+00:00,7424.74304070061
2026-05-07 00:00:00+00:00,7324.542703076278
2026-05-07 04:00:00+00:00,7449.608438321028
2026-05-07 08:00:00+00:00,7399.715852819424
2026-05-07 12:00:00+00:00,7288.036810277636
2026-05-07 16:00:00+00:00,7293.428281936806
2026-05-07 20:00:00+00:00,7278.639720013356
2026-05-08 00:00:00+00:00,7255.10435217252
2026-05-08 04:00:00+00:00,7251.895174167009
2026-05-08 08:00:00+00:00,7296.737695971173
2026-05-08 12:00:00+00:00,7346.284501279555
2026-05-08 16:00:00+00:00,7471.730580528359
2026-05-08 20:00:00+00:00,7461.417219711151
2026-05-09 00:00:00+00:00,7536.627278713082
2026-05-09 04:00:00+00:00,7523.267873071254
2026-05-09 08:00:00+00:00,7512.47061832954
2026-05-09 12:00:00+00:00,7473.642715490577
2026-05-09 16:00:00+00:00,7523.8452966104605
2026-05-09 20:00:00+00:00,7493.640390856069
2026-05-10 00:00:00+00:00,7492.011522524653
2026-05-10 04:00:00+00:00,7498.254650789103
2026-05-10 08:00:00+00:00,7504.469361621331
2026-05-10 12:00:00+00:00,7588.612959582119
2026-05-10 16:00:00+00:00,7720.339324209868
2026-05-10 20:00:00+00:00,7724.748052797458
2026-05-11 00:00:00+00:00,7575.486970477286
2026-05-11 04:00:00+00:00,7592.766093113229
2026-05-11 08:00:00+00:00,7623.155019422761
2026-05-11 12:00:00+00:00,7707.159090531325
2026-05-11 16:00:00+00:00,7753.336260483271
2026-05-11 20:00:00+00:00,7734.9548841344895
2026-05-12 00:00:00+00:00,7643.150906551635
2026-05-12 04:00:00+00:00,7628.991374382278
2026-05-12 08:00:00+00:00,7583.90098536509
2026-05-12 12:00:00+00:00,7491.354503426597
2026-05-12 16:00:00+00:00,7579.292677438708
2026-05-12 20:00:00+00:00,7558.483330795224
2026-05-13 00:00:00+00:00,7668.253411571904
2026-05-13 04:00:00+00:00,7666.949723130481
2026-05-13 08:00:00+00:00,7627.955092396424
2026-05-13 12:00:00+00:00,7399.198303546829
2026-05-13 16:00:00+00:00,7473.708342937608
2026-05-13 20:00:00+00:00,7483.589277902938
2026-05-14 00:00:00+00:00,7425.292316155305
2026-05-14 04:00:00+00:00,7493.235657633084
2026-05-14 08:00:00+00:00,7474.73056074086
2026-05-14 12:00:00+00:00,7642.605448504718
2026-05-14 16:00:00+00:00,7698.748687972576
2026-05-14 20:00:00+00:00,7629.119428075976
2026-05-15 00:00:00+00:00,7636.755339920553
2026-05-15 04:00:00+00:00,7594.092970991627
2026-05-15 08:00:00+00:00,7576.826691463053
2026-05-15 12:00:00+00:00,7404.480661385476
2026-05-15 16:00:00+00:00,7433.2382735825395
2026-05-15 20:00:00+00:00,7429.644874890314
2026-05-16 00:00:00+00:00,7407.622697736751
2026-05-16 04:00:00+00:00,7294.126382367041
2026-05-16 08:00:00+00:00,7220.0981199208445
2026-05-16 12:00:00+00:00,7246.596203094812
2026-05-16 16:00:00+00:00,7255.835065617157
2026-05-16 20:00:00+00:00,7245.047669347811
2026-05-17 00:00:00+00:00,7234.417551169471
2026-05-17 04:00:00+00:00,7270.364350201282
2026-05-17 08:00:00+00:00,7288.246296020243
2026-05-17 12:00:00+00:00,7246.35490068849
2026-05-17 16:00:00+00:00,7277.748621019662
2026-05-17 20:00:00+00:00,7161.231879450977
2026-05-18 00:00:00+00:00,7102.525954468858
2026-05-18 04:00:00+00:00,7069.96806006263
2026-05-18 08:00:00+00:00,7093.194121229211
2026-05-18 12:00:00+00:00,7025.1311737944825
2026-05-18 16:00:00+00:00,7089.362796297198
2026-05-18 20:00:00+00:00,7104.528917196825
2026-05-19 00:00:00+00:00,7085.599152550361
2026-05-19 04:00:00+00:00,7121.820061095849
2026-05-19 08:00:00+00:00,7033.540421085182
2026-05-19 12:00:00+00:00,7024.346132431446
2026-05-19 16:00:00+00:00,7016.875643512897
2026-05-19 20:00:00+00:00,7015.413619924558
2026-05-20 00:00:00+00:00,7005.088809653895
2026-05-20 04:00:00+00:00,7058.101899996819
2026-05-20 08:00:00+00:00,7054.395057610529
2026-05-20 12:00:00+00:00,7115.307710444975
2026-05-20 16:00:00+00:00,7125.525722424076
2026-05-20 20:00:00+00:00,7108.640444038171
2026-05-21 00:00:00+00:00,7182.379638214432
2026-05-21 04:00:00+00:00,7160.950074833893
2026-05-21 08:00:00+00:00,7084.2167059542
2026-05-21 12:00:00+00:00,7125.33329965251
2026-05-21 16:00:00+00:00,7209.792315207372
2026-05-21 20:00:00+00:00,7186.814240618349
2026-05-22 00:00:00+00:00,7185.685047205406
2026-05-22 04:00:00+00:00,7169.639461933265
2026-05-22 08:00:00+00:00,7183.736766537219
2026-05-22 12:00:00+00:00,7146.344165856762
2026-05-22 16:00:00+00:00,7008.624594374189
2026-05-22 20:00:00+00:00,6981.772813412075
2026-05-23 00:00:00+00:00,6994.914934484154
2026-05-23 04:00:00+00:00,6822.410902851981
2026-05-23 08:00:00+00:00,6845.692066291625
2026-05-23 12:00:00+00:00,6954.332626859137
2026-05-23 16:00:00+00:00,7021.899608393424
2026-05-23 20:00:00+00:00,7086.112054238722
2026-05-24 00:00:00+00:00,7088.746414536416
2026-05-24 04:00:00+00:00,7093.635969044856
2026-05-24 08:00:00+00:00,7132.80356697784
2026-05-24 12:00:00+00:00,7038.812951336774
2026-05-24 16:00:00+00:00,7047.679289443803
2026-05-24 20:00:00+00:00,7050.503246448852
2026-05-25 00:00:00+00:00,7033.081431528552
2026-05-25 04:00:00+00:00,7101.705478142297
2026-05-25 08:00:00+00:00,7097.48413592732
2026-05-25 12:00:00+00:00,7128.791675245865
2026-05-25 16:00:00+00:00,7095.656901009137
2026-05-25 20:00:00+00:00,7063.107493682725
2026-05-26 00:00:00+00:00,6999.124997505742
2026-05-26 04:00:00+00:00,7006.7167517149965
2026-05-26 08:00:00+00:00,7075.204616334327
2026-05-26 12:00:00+00:00,7023.753394651422
2026-05-26 16:00:00+00:00,6969.157656986375
2026-05-26 20:00:00+00:00,6960.351323793849
2026-05-27 00:00:00+00:00,6951.935122981949
2026-05-27 04:00:00+00:00,6986.585428816014
2026-05-27 08:00:00+00:00,6969.179412908668
2026-05-27 12:00:00+00:00,7000.285038078664
2026-05-27 16:00:00+00:00,6962.449585174733
2026-05-27 20:00:00+00:00,6857.875578544908
2026-05-28 00:00:00+00:00,6718.582342860754
2026-05-28 04:00:00+00:00,6749.037956650583
2026-05-28 08:00:00+00:00,6722.595789596814
2026-05-28 12:00:00+00:00,6755.673933040562
2026-05-28 16:00:00+00:00,6818.558726841179
2026-05-28 20:00:00+00:00,6814.621903464121
2026-05-29 00:00:00+00:00,6783.749842182217
2026-05-29 04:00:00+00:00,6815.681144790006
2026-05-29 08:00:00+00:00,6791.992907337078
2026-05-29 12:00:00+00:00,6852.350831948236
2026-05-29 16:00:00+00:00,6826.94289293418
2026-05-29 20:00:00+00:00,6831.56204399319
2026-05-30 00:00:00+00:00,6914.146953547499
2026-05-30 04:00:00+00:00,6922.794574588681
2026-05-30 08:00:00+00:00,6917.0784618750495
2026-05-30 12:00:00+00:00,6974.636847072907
2026-05-30 16:00:00+00:00,7034.771555389594
2026-05-30 20:00:00+00:00,7005.313522086861
2026-05-31 00:00:00+00:00,7071.377635845172
2026-05-31 04:00:00+00:00,7001.601578542972
2026-05-31 08:00:00+00:00,7018.396072589908
2026-05-31 12:00:00+00:00,6961.832847005444
2026-05-31 16:00:00+00:00,6921.556923620628
2026-05-31 20:00:00+00:00,6969.983685476497
2026-06-01 00:00:00+00:00,6971.266838589063
2026-06-01 04:00:00+00:00,6823.750080264544
2026-06-01 08:00:00+00:00,6851.197690991378
2026-06-01 12:00:00+00:00,6733.098400611233
2026-06-01 16:00:00+00:00,6864.885639486992
2026-06-01 20:00:00+00:00,6862.294050922895
2026-06-02 00:00:00+00:00,6836.79130806575
2026-06-02 04:00:00+00:00,6730.49262791406
2026-06-02 08:00:00+00:00,6686.954790570317
2026-06-02 12:00:00+00:00,6477.631855743896
2026-06-02 16:00:00+00:00,6441.39007824681
2026-06-02 20:00:00+00:00,6346.644065464321
2026-06-03 00:00:00+00:00,6233.977542334484
2026-06-03 04:00:00+00:00,6419.138487777195
2026-06-03 08:00:00+00:00,6395.950433776648
2026-06-03 12:00:00+00:00,6294.318413142163
2026-06-03 16:00:00+00:00,6192.609672274745
2026-06-03 20:00:00+00:00,6165.88684968633
2026-06-04 00:00:00+00:00,6164.64302950716
2026-06-04 04:00:00+00:00,5988.737053314769
2026-06-04 08:00:00+00:00,5927.430341850127
2026-06-04 12:00:00+00:00,6018.939409938929
2026-06-04 16:00:00+00:00,6003.497548360508
2026-06-04 20:00:00+00:00,5978.942220684089
2026-06-05 00:00:00+00:00,5824.199783269029
2026-06-05 04:00:00+00:00,5777.668074005862
2026-06-05 08:00:00+00:00,5727.379036168543
2026-06-05 12:00:00+00:00,5577.678875347438
2026-06-05 16:00:00+00:00,5526.134576529312
2026-06-05 20:00:00+00:00,5551.47280320975
2026-06-06 00:00:00+00:00,5504.1016636725535
2026-06-06 04:00:00+00:00,5534.60688103681
2026-06-06 08:00:00+00:00,5502.69976657398
2026-06-06 12:00:00+00:00,5509.338168495803
2026-06-06 16:00:00+00:00,5465.409630718458
2026-06-06 20:00:00+00:00,5512.9444843242245
2026-06-07 00:00:00+00:00,5622.307700360545
2026-06-07 04:00:00+00:00,5709.8770940514
2026-06-07 08:00:00+00:00,5724.03550627888
2026-06-07 12:00:00+00:00,5708.735806370497
2026-06-07 16:00:00+00:00,5639.050776752827
2026-06-07 20:00:00+00:00,5835.768722028514
2026-06-08 00:00:00+00:00,5814.888015988137
2026-06-08 04:00:00+00:00,5792.325320040735
2026-06-08 08:00:00+00:00,5841.219278435338
2026-06-08 12:00:00+00:00,5880.921567176965
2026-06-08 16:00:00+00:00,5897.248783548575
2026-06-08 20:00:00+00:00,5852.506911412657
2026-06-09 00:00:00+00:00,5792.55190622145
2026-06-09 04:00:00+00:00,5857.839279519088
2026-06-09 08:00:00+00:00,5794.404791498463
2026-06-09 12:00:00+00:00,5664.404126212777
2026-06-09 16:00:00+00:00,5750.839601820527
2026-06-09 20:00:00+00:00,5717.25621564688
2026-06-10 00:00:00+00:00,5665.078173700091
2026-06-10 04:00:00+00:00,5669.44797693543
2026-06-10 08:00:00+00:00,5599.372905400045
2026-06-10 12:00:00+00:00,5741.281604062056
2026-06-10 16:00:00+00:00,5612.4445499421645
2026-06-10 20:00:00+00:00,5589.235199635583
2026-06-11 00:00:00+00:00,5727.624318568863
2026-06-11 04:00:00+00:00,5719.820388326365
2026-06-11 08:00:00+00:00,5763.515610538498
2026-06-11 12:00:00+00:00,5728.549220757517
2026-06-11 16:00:00+00:00,5837.648860866188
2026-06-11 20:00:00+00:00,5832.54475810558
2026-06-12 00:00:00+00:00,5835.644987608492
2026-06-12 04:00:00+00:00,5787.200288870849
2026-06-12 08:00:00+00:00,5842.889493573001
2026-06-12 12:00:00+00:00,5833.398280694688
2026-06-12 16:00:00+00:00,5823.669651223118
2026-06-12 20:00:00+00:00,5812.830363495058
2026-06-13 00:00:00+00:00,5812.869129002992
2026-06-13 04:00:00+00:00,5854.21367408651
2026-06-13 08:00:00+00:00,5889.9889983296025
2026-06-13 12:00:00+00:00,5931.138525970176
2026-06-13 16:00:00+00:00,5900.104234335265
2026-06-13 20:00:00+00:00,5926.64130838944
2026-06-14 00:00:00+00:00,5933.412458386081
2026-06-14 04:00:00+00:00,5894.714539608676
2026-06-14 08:00:00+00:00,5891.779671946383
2026-06-14 12:00:00+00:00,5840.914611156842
2026-06-14 16:00:00+00:00,5832.017080366491
2026-06-14 20:00:00+00:00,6071.93992386788
2026-06-15 00:00:00+00:00,6073.858645666579
2026-06-15 04:00:00+00:00,6057.184873947914
2026-06-15 08:00:00+00:00,6180.2728576130885
2026-06-15 12:00:00+00:00,6341.543550178412
2026-06-15 16:00:00+00:00,6301.196481843575
2026-06-15 20:00:00+00:00,6205.619699958226
2026-06-16 00:00:00+00:00,6172.49743688021
2026-06-16 04:00:00+00:00,6205.842414092656
2026-06-16 08:00:00+00:00,6223.969011216818
2026-06-16 12:00:00+00:00,6123.628353648461
2026-06-16 16:00:00+00:00,6153.7033495343485
2026-06-16 20:00:00+00:00,6137.763272115604
2026-06-17 00:00:00+00:00,6147.959318411589
2026-06-17 04:00:00+00:00,6121.065024009149
2026-06-17 08:00:00+00:00,6043.45235768521
2026-06-17 12:00:00+00:00,6140.462680450833
2026-06-17 16:00:00+00:00,5993.994993010752
2026-06-17 20:00:00+00:00,6026.603933838629
2026-06-18 00:00:00+00:00,5990.003249513445
2026-06-18 04:00:00+00:00,5980.227199378361
2026-06-18 08:00:00+00:00,5934.345520524933
2026-06-18 12:00:00+00:00,5755.173751740906
2026-06-18 16:00:00+00:00,5817.520233753695
2026-06-18 20:00:00+00:00,5837.008019346823
2026-06-19 00:00:00+00:00,5796.064176639891
2026-06-19 04:00:00+00:00,5749.555226766169
2026-06-19 08:00:00+00:00,5744.982462692237
2026-06-19 12:00:00+00:00,5811.157283566035
2026-06-19 16:00:00+00:00,5787.339781661304
2026-06-19 20:00:00+00:00,5828.317875491858
2026-06-20 00:00:00+00:00,5834.3842270577925
2026-06-20 04:00:00+00:00,5912.231557427964
2026-06-20 08:00:00+00:00,5912.777635561932
2026-06-20 12:00:00+00:00,5930.578958765224
2026-06-20 16:00:00+00:00,5906.416693199947
2026-06-20 20:00:00+00:00,5964.977725327036
2026-06-21 00:00:00+00:00,5978.320093327329
2026-06-21 04:00:00+00:00,5961.700182214284
2026-06-21 08:00:00+00:00,5945.874157994589
2026-06-21 12:00:00+00:00,5987.384780296961
2026-06-21 16:00:00+00:00,5994.21289752751
2026-06-21 20:00:00+00:00,5877.487296094295
2026-06-22 00:00:00+00:00,5940.524577866415
2026-06-22 04:00:00+00:00,5985.252315515495
2026-06-22 08:00:00+00:00,6021.537376708855
2026-06-22 12:00:00+00:00,5971.237915379893
2026-06-22 16:00:00+00:00,5932.848191027355
2026-06-22 20:00:00+00:00,5895.805769045295
2026-06-23 00:00:00+00:00,5898.929218059819
2026-06-23 04:00:00+00:00,5764.151863249737
2026-06-23 08:00:00+00:00,5719.220219809958
2026-06-23 12:00:00+00:00,5694.869147671104
2026-06-23 16:00:00+00:00,5693.34648074604
2026-06-23 20:00:00+00:00,5737.19255683007
2026-06-24 00:00:00+00:00,5728.627832441213
2026-06-24 04:00:00+00:00,5715.748504306641
2026-06-24 08:00:00+00:00,5735.346478836249
2026-06-24 12:00:00+00:00,5519.580626132767
2026-06-24 16:00:00+00:00,5454.9557013785525
2026-06-24 20:00:00+00:00,5584.887755596637
2026-06-25 00:00:00+00:00,5570.616038102955
2026-06-25 04:00:00+00:00,5672.6446466401
2026-06-25 08:00:00+00:00,5584.4158256587725
2026-06-25 12:00:00+00:00,5424.260935994676
2026-06-25 16:00:00+00:00,5415.122784003289
2026-06-25 20:00:00+00:00,5497.734619912771
2026-06-26 00:00:00+00:00,5500.090287793328
2026-06-26 04:00:00+00:00,5611.3849232068
2026-06-26 08:00:00+00:00,5472.862557669333
2026-06-26 12:00:00+00:00,5632.486213992403
2026-06-26 16:00:00+00:00,5658.900841929279
2026-06-26 20:00:00+00:00,5645.785460978494
2026-06-27 00:00:00+00:00,5661.587718183708
2026-06-27 04:00:00+00:00,5667.256012696353
2026-06-27 08:00:00+00:00,5642.443314272038
2026-06-27 12:00:00+00:00,5708.595008543669
2026-06-27 16:00:00+00:00,5601.399340255913
2026-06-27 20:00:00+00:00,5570.915593310832
2026-06-28 00:00:00+00:00,5584.083571676954
2026-06-28 04:00:00+00:00,5581.384385116191
2026-06-28 08:00:00+00:00,5609.270712881724
2026-06-28 12:00:00+00:00,5602.258062074351
2026-06-28 16:00:00+00:00,5534.094286182315
2026-06-28 20:00:00+00:00,5567.462333067969
2026-06-29 00:00:00+00:00,5622.416638599884
2026-06-29 04:00:00+00:00,5611.463329126406
2026-06-29 08:00:00+00:00,5606.5503775927855
2026-06-29 12:00:00+00:00,5640.87577371116
2026-06-29 16:00:00+00:00,5764.894433829478
2026-06-29 20:00:00+00:00,5713.123071515161
2026-06-30 00:00:00+00:00,5642.263481870473
2026-06-30 04:00:00+00:00,5640.752067928639
2026-06-30 08:00:00+00:00,5588.382919066094
2026-06-30 12:00:00+00:00,5553.9980231569325
2026-06-30 16:00:00+00:00,5608.309735471056
2026-06-30 20:00:00+00:00,5593.532815229885
2026-07-01 00:00:00+00:00,5596.455359549855
