time,equity
2015-10-01 00:00:00+00:00,5000.0
2015-10-02 00:00:00+00:00,4996.830599196061
2015-10-05 00:00:00+00:00,5006.485575450216
2015-10-06 00:00:00+00:00,5015.925442219793
2015-10-07 00:00:00+00:00,5029.020096085516
2015-10-08 00:00:00+00:00,5030.228177904742
2015-10-09 00:00:00+00:00,5040.488770758114
2015-10-12 00:00:00+00:00,5047.100087300588
2015-10-13 00:00:00+00:00,5029.658132438207
2015-10-14 00:00:00+00:00,5043.595831197962
2015-10-15 00:00:00+00:00,5036.43544524873
2015-10-16 00:00:00+00:00,5036.669894963899
2015-10-19 00:00:00+00:00,5041.764066374415
2015-10-20 00:00:00+00:00,5045.083487760973
2015-10-21 00:00:00+00:00,5046.858610516047
2015-10-22 00:00:00+00:00,5040.951476224451
2015-10-23 00:00:00+00:00,5042.493082546349
2015-10-26 00:00:00+00:00,5050.747725089549
2015-10-27 00:00:00+00:00,5037.970554238405
2015-10-28 00:00:00+00:00,5025.452795895469
2015-10-29 00:00:00+00:00,5027.459293015059
2015-10-30 00:00:00+00:00,5033.296744618133
2015-11-02 00:00:00+00:00,5032.729072049515
2015-11-03 00:00:00+00:00,5028.754488261526
2015-11-04 00:00:00+00:00,5023.840440104448
2015-11-05 00:00:00+00:00,5021.118216471418
2015-11-06 00:00:00+00:00,5016.524547692644
2015-11-09 00:00:00+00:00,5020.768341067801
2015-11-10 00:00:00+00:00,5017.613055793356
2015-11-11 00:00:00+00:00,5024.050793133791
2015-11-12 00:00:00+00:00,5031.135634933382
2015-11-13 00:00:00+00:00,5029.481067973891
2015-11-16 00:00:00+00:00,5026.143796343492
2015-11-17 00:00:00+00:00,5026.3894690236775
2015-11-18 00:00:00+00:00,5034.168347917223
2015-11-19 00:00:00+00:00,5040.849952692678
2015-11-20 00:00:00+00:00,5030.682143156362
2015-11-23 00:00:00+00:00,5020.27794741457
2015-11-24 00:00:00+00:00,5017.685195941378
2015-11-25 00:00:00+00:00,5024.569732001975
2015-11-26 00:00:00+00:00,5020.111452977529
2015-11-27 00:00:00+00:00,5018.763444184497
2015-11-30 00:00:00+00:00,5026.232835799397
2015-12-01 00:00:00+00:00,5041.663616442063
2015-12-02 00:00:00+00:00,5029.581816629128
2015-12-03 00:00:00+00:00,5061.368370887287
2015-12-04 00:00:00+00:00,5064.204101767948
2015-12-07 00:00:00+00:00,5060.985542540281
2015-12-08 00:00:00+00:00,5056.778592424679
2015-12-09 00:00:00+00:00,5065.24413139819
2015-12-10 00:00:00+00:00,5072.280076430012
2015-12-11 00:00:00+00:00,5071.189202580836
2015-12-14 00:00:00+00:00,5072.994989778788
2015-12-15 00:00:00+00:00,5062.557326960884
2015-12-16 00:00:00+00:00,5067.902484648869
2015-12-17 00:00:00+00:00,5053.754545704155
2015-12-18 00:00:00+00:00,5044.941683447383
2015-12-21 00:00:00+00:00,5054.887651782806
2015-12-22 00:00:00+00:00,5057.086859746915
2015-12-23 00:00:00+00:00,5052.327841657752
2015-12-24 00:00:00+00:00,5055.895017370565
2015-12-25 00:00:00+00:00,5056.11833135002
2015-12-28 00:00:00+00:00,5058.705651148109
2015-12-29 00:00:00+00:00,5056.483720373905
2015-12-30 00:00:00+00:00,5058.603614208331
2015-12-31 00:00:00+00:00,5041.739654753134
2016-01-01 00:00:00+00:00,5041.6949919572435
2016-01-04 00:00:00+00:00,5023.076292447251
2016-01-05 00:00:00+00:00,5008.533527767838
2016-01-06 00:00:00+00:00,4998.022471378808
2016-01-07 00:00:00+00:00,4998.295715360578
2016-01-08 00:00:00+00:00,4980.549078922374
2016-01-11 00:00:00+00:00,4991.460084763503
2016-01-12 00:00:00+00:00,4983.376840033331
2016-01-13 00:00:00+00:00,4986.21814461135
2016-01-14 00:00:00+00:00,4986.572612274648
2016-01-15 00:00:00+00:00,4971.487339044936
2016-01-18 00:00:00+00:00,4975.8669343103165
2016-01-19 00:00:00+00:00,4977.487570580996
2016-01-20 00:00:00+00:00,4975.921467155982
2016-01-21 00:00:00+00:00,4999.066872282059
2016-01-22 00:00:00+00:00,4994.773254252308
2016-01-25 00:00:00+00:00,4996.69342481411
2016-01-26 00:00:00+00:00,5005.1761304702395
2016-01-27 00:00:00+00:00,4996.939466164903
2016-01-28 00:00:00+00:00,5011.823842644465
2016-01-29 00:00:00+00:00,5017.735393996506
2016-02-01 00:00:00+00:00,5043.434226533308
2016-02-02 00:00:00+00:00,5034.739835719249
2016-02-03 00:00:00+00:00,5032.5381717171085
2016-02-04 00:00:00+00:00,5030.114586326518
2016-02-05 00:00:00+00:00,5011.5539642308895
2016-02-08 00:00:00+00:00,5007.179773981415
2016-02-09 00:00:00+00:00,5003.049808538219
2016-02-10 00:00:00+00:00,4996.717354339281
2016-02-11 00:00:00+00:00,4993.932318708009
2016-02-12 00:00:00+00:00,4984.368922926977
2016-02-15 00:00:00+00:00,4993.912177083576
2016-02-16 00:00:00+00:00,4975.113577269512
2016-02-17 00:00:00+00:00,4961.858229210984
2016-02-18 00:00:00+00:00,4951.313458178581
2016-02-19 00:00:00+00:00,4945.044547754156
2016-02-22 00:00:00+00:00,4934.327268642661
2016-02-23 00:00:00+00:00,4912.248591074414
2016-02-24 00:00:00+00:00,4902.648330897873
2016-02-25 00:00:00+00:00,4915.210355633145
2016-02-26 00:00:00+00:00,4905.198078492126
2016-02-29 00:00:00+00:00,4883.220017208171
2016-03-01 00:00:00+00:00,4893.745397770405
2016-03-02 00:00:00+00:00,4905.563275408226
2016-03-03 00:00:00+00:00,4929.822483018108
2016-03-04 00:00:00+00:00,4944.725153476815
2016-03-07 00:00:00+00:00,4944.127775646896
2016-03-08 00:00:00+00:00,4934.665047986894
2016-03-09 00:00:00+00:00,4928.279143175166
2016-03-10 00:00:00+00:00,4943.711106375453
2016-03-11 00:00:00+00:00,4957.99837604066
2016-03-14 00:00:00+00:00,4947.9488276049515
2016-03-15 00:00:00+00:00,4928.187895650523
2016-03-16 00:00:00+00:00,4930.536402656817
2016-03-17 00:00:00+00:00,4937.695565153606
2016-03-18 00:00:00+00:00,4930.377754640121
2016-03-21 00:00:00+00:00,4927.552118412452
2016-03-22 00:00:00+00:00,4919.461370600447
2016-03-23 00:00:00+00:00,4915.356093395454
2016-03-24 00:00:00+00:00,4924.851787796737
2016-03-25 00:00:00+00:00,4920.403854626555
2016-03-28 00:00:00+00:00,4934.774059852841
2016-03-29 00:00:00+00:00,4947.074693508423
2016-03-30 00:00:00+00:00,4948.078732707236
2016-03-31 00:00:00+00:00,4951.404763763627
2016-04-01 00:00:00+00:00,4931.478429065057
2016-04-04 00:00:00+00:00,4929.406001526841
2016-04-05 00:00:00+00:00,4909.953269520521
2016-04-06 00:00:00+00:00,4904.4760759908195
2016-04-07 00:00:00+00:00,4877.317602600489
2016-04-08 00:00:00+00:00,4875.4503449106915
2016-04-11 00:00:00+00:00,4883.619006142987
2016-04-12 00:00:00+00:00,4893.653284780511
2016-04-13 00:00:00+00:00,4893.656924707788
2016-04-14 00:00:00+00:00,4888.784773799713
2016-04-15 00:00:00+00:00,4894.001442277314
2016-04-18 00:00:00+00:00,4901.904486555289
2016-04-19 00:00:00+00:00,4921.087799570397
2016-04-20 00:00:00+00:00,4916.313861375051
2016-04-21 00:00:00+00:00,4911.4112897359355
2016-04-22 00:00:00+00:00,4930.740537814377
2016-04-25 00:00:00+00:00,4935.57535028444
2016-04-26 00:00:00+00:00,4942.716051593774
2016-04-27 00:00:00+00:00,4923.956658817433
2016-04-28 00:00:00+00:00,4896.694405164086
2016-04-29 00:00:00+00:00,4875.479036814239
2016-05-02 00:00:00+00:00,4893.443220970338
2016-05-03 00:00:00+00:00,4882.078118458677
2016-05-04 00:00:00+00:00,4891.7834868433065
2016-05-05 00:00:00+00:00,4896.2672031640095
2016-05-06 00:00:00+00:00,4881.919393493295
2016-05-09 00:00:00+00:00,4898.024164791946
2016-05-10 00:00:00+00:00,4907.245285171865
2016-05-11 00:00:00+00:00,4903.059844271041
2016-05-12 00:00:00+00:00,4901.31200046009
2016-05-13 00:00:00+00:00,4887.058793992684
2016-05-16 00:00:00+00:00,4904.5832043694645
2016-05-17 00:00:00+00:00,4914.114553650271
2016-05-18 00:00:00+00:00,4928.890325314065
2016-05-19 00:00:00+00:00,4929.001963502839
2016-05-20 00:00:00+00:00,4924.000179202589
2016-05-23 00:00:00+00:00,4918.7741778846475
2016-05-24 00:00:00+00:00,4926.01115154686
2016-05-25 00:00:00+00:00,4929.326659645293
2016-05-26 00:00:00+00:00,4925.018025777133
2016-05-27 00:00:00+00:00,4917.563694199925
2016-05-30 00:00:00+00:00,4933.584920561452
2016-05-31 00:00:00+00:00,4928.777599621821
2016-06-01 00:00:00+00:00,4918.789087379144
2016-06-02 00:00:00+00:00,4911.845488631089
2016-06-03 00:00:00+00:00,4910.8210763348625
2016-06-06 00:00:00+00:00,4911.499225847795
2016-06-07 00:00:00+00:00,4911.543448826392
2016-06-08 00:00:00+00:00,4899.320394329569
2016-06-09 00:00:00+00:00,4902.851909467036
2016-06-10 00:00:00+00:00,4888.2850669379295
2016-06-13 00:00:00+00:00,4893.504907070808
2016-06-14 00:00:00+00:00,4871.8432298958905
2016-06-15 00:00:00+00:00,4887.34270274547
2016-06-16 00:00:00+00:00,4865.421971135802
2016-06-17 00:00:00+00:00,4868.764725409154
2016-06-20 00:00:00+00:00,4894.8679482194175
2016-06-21 00:00:00+00:00,4895.828336479927
2016-06-22 00:00:00+00:00,4900.79680726126
2016-06-23 00:00:00+00:00,4939.261832475407
2016-06-24 00:00:00+00:00,4808.0454748513175
2016-06-27 00:00:00+00:00,4771.854828695855
2016-06-28 00:00:00+00:00,4789.734372629333
2016-06-29 00:00:00+00:00,4796.091108776927
2016-06-30 00:00:00+00:00,4784.72917369289
2016-07-01 00:00:00+00:00,4779.452691798241
2016-07-04 00:00:00+00:00,4791.29970466869
2016-07-05 00:00:00+00:00,4768.281642828614
2016-07-06 00:00:00+00:00,4757.987396349174
2016-07-07 00:00:00+00:00,4757.232629770896
2016-07-08 00:00:00+00:00,4760.863400395728
2016-07-11 00:00:00+00:00,4785.9512942219335
2016-07-12 00:00:00+00:00,4832.8448087303095
2016-07-13 00:00:00+00:00,4820.508185335711
2016-07-14 00:00:00+00:00,4835.40111518484
2016-07-15 00:00:00+00:00,4811.341676185035
2016-07-18 00:00:00+00:00,4830.487734291792
2016-07-19 00:00:00+00:00,4813.031034986704
2016-07-20 00:00:00+00:00,4831.106367004415
2016-07-21 00:00:00+00:00,4817.192986444749
2016-07-22 00:00:00+00:00,4804.249151479258
2016-07-25 00:00:00+00:00,4817.507442007346
2016-07-26 00:00:00+00:00,4811.73770267155
2016-07-27 00:00:00+00:00,4831.6988200481655
2016-07-28 00:00:00+00:00,4826.310956089186
2016-07-29 00:00:00+00:00,4799.373936242064
2016-08-01 00:00:00+00:00,4801.8911261309595
2016-08-02 00:00:00+00:00,4810.166495252495
2016-08-03 00:00:00+00:00,4799.981018281956
2016-08-04 00:00:00+00:00,4787.624540504685
2016-08-05 00:00:00+00:00,4788.65308399826
2016-08-08 00:00:00+00:00,4792.735988224328
2016-08-09 00:00:00+00:00,4784.586019106956
2016-08-10 00:00:00+00:00,4779.638604009151
2016-08-11 00:00:00+00:00,4775.757296285673
2016-08-12 00:00:00+00:00,4759.368742533808
2016-08-15 00:00:00+00:00,4756.322333423462
2016-08-16 00:00:00+00:00,4761.6006573708
2016-08-17 00:00:00+00:00,4757.759150135423
2016-08-18 00:00:00+00:00,4766.635679415164
2016-08-19 00:00:00+00:00,4761.533310673409
2016-08-22 00:00:00+00:00,4775.546486007753
2016-08-23 00:00:00+00:00,4785.336457978011
2016-08-24 00:00:00+00:00,4787.021568848223
2016-08-25 00:00:00+00:00,4783.949292765036
2016-08-26 00:00:00+00:00,4792.258634409994
2016-08-29 00:00:00+00:00,4796.775275599312
2016-08-30 00:00:00+00:00,4808.422136391589
2016-08-31 00:00:00+00:00,4821.637086215499
2016-09-01 00:00:00+00:00,4832.545700823717
2016-09-02 00:00:00+00:00,4829.3133898981505
2016-09-05 00:00:00+00:00,4824.2814964331055
2016-09-06 00:00:00+00:00,4824.026825920875
2016-09-07 00:00:00+00:00,4818.958486505809
2016-09-08 00:00:00+00:00,4833.038717459418
2016-09-09 00:00:00+00:00,4830.031100456534
2016-09-12 00:00:00+00:00,4824.924516703037
2016-09-13 00:00:00+00:00,4822.50288047143
2016-09-14 00:00:00+00:00,4833.309252124012
2016-09-15 00:00:00+00:00,4835.684953175112
2016-09-16 00:00:00+00:00,4822.660146964754
2016-09-19 00:00:00+00:00,4831.157650231407
2016-09-20 00:00:00+00:00,4830.202187084644
2016-09-21 00:00:00+00:00,4817.424260588753
2016-09-22 00:00:00+00:00,4818.0796873902955
2016-09-23 00:00:00+00:00,4817.706904152288
2016-09-26 00:00:00+00:00,4821.918048742965
2016-09-27 00:00:00+00:00,4812.4589608337465
2016-09-28 00:00:00+00:00,4811.581289785915
2016-09-29 00:00:00+00:00,4810.344739976031
2016-09-30 00:00:00+00:00,4816.695559602662
2016-10-03 00:00:00+00:00,4809.243885778583
2016-10-04 00:00:00+00:00,4814.274226990175
2016-10-05 00:00:00+00:00,4814.049619716424
2016-10-06 00:00:00+00:00,4809.065173989201
2016-10-07 00:00:00+00:00,4789.19646833868
2016-10-10 00:00:00+00:00,4777.859568701836
2016-10-11 00:00:00+00:00,4749.261784294476
2016-10-12 00:00:00+00:00,4762.538119051474
2016-10-13 00:00:00+00:00,4761.754497525766
2016-10-14 00:00:00+00:00,4760.424372714741
2016-10-17 00:00:00+00:00,4759.636097033417
2016-10-18 00:00:00+00:00,4763.69089410698
2016-10-19 00:00:00+00:00,4761.756382143489
2016-10-20 00:00:00+00:00,4761.623023461215
2016-10-21 00:00:00+00:00,4752.768510062807
2016-10-24 00:00:00+00:00,4754.63787768178
2016-10-25 00:00:00+00:00,4758.9794444877325
2016-10-26 00:00:00+00:00,4772.343829813186
2016-10-27 00:00:00+00:00,4773.429617985248
2016-10-28 00:00:00+00:00,4778.962244844657
2016-10-31 00:00:00+00:00,4783.181442171888
2016-11-01 00:00:00+00:00,4788.765557036619
2016-11-02 00:00:00+00:00,4799.379682123085
2016-11-03 00:00:00+00:00,4806.119202141597
2016-11-04 00:00:00+00:00,4804.034364743565
2016-11-07 00:00:00+00:00,4799.122600448203
2016-11-08 00:00:00+00:00,4801.301467084518
2016-11-09 00:00:00+00:00,4835.380300579657
2016-11-10 00:00:00+00:00,4874.574037118477
2016-11-11 00:00:00+00:00,4865.111261181146
2016-11-14 00:00:00+00:00,4876.716493853659
2016-11-15 00:00:00+00:00,4866.824616728028
2016-11-16 00:00:00+00:00,4852.571561450471
2016-11-17 00:00:00+00:00,4860.08782854736
2016-11-18 00:00:00+00:00,4860.059207587338
2016-11-21 00:00:00+00:00,4870.476286175374
2016-11-22 00:00:00+00:00,4879.223137871309
2016-11-23 00:00:00+00:00,4889.642331494421
2016-11-24 00:00:00+00:00,4903.490182339976
2016-11-25 00:00:00+00:00,4905.261110274657
2016-11-28 00:00:00+00:00,4894.364423312982
2016-11-29 00:00:00+00:00,4911.424268591519
2016-11-30 00:00:00+00:00,4922.286493718583
2016-12-01 00:00:00+00:00,4930.476244404294
2016-12-02 00:00:00+00:00,4931.131304136141
2016-12-05 00:00:00+00:00,4944.473194365025
2016-12-06 00:00:00+00:00,4932.131783618585
2016-12-07 00:00:00+00:00,4929.477657696116
2016-12-08 00:00:00+00:00,4920.2244704350105
2016-12-09 00:00:00+00:00,4925.5962161156585
2016-12-12 00:00:00+00:00,4935.87902373674
2016-12-13 00:00:00+00:00,4938.63520176605
2016-12-14 00:00:00+00:00,4947.988079877509
2016-12-15 00:00:00+00:00,4934.323582019991
2016-12-16 00:00:00+00:00,4929.034197724043
2016-12-19 00:00:00+00:00,4905.21721321538
2016-12-20 00:00:00+00:00,4912.56616866475
2016-12-21 00:00:00+00:00,4912.371941979747
2016-12-22 00:00:00+00:00,4914.737631929306
2016-12-23 00:00:00+00:00,4904.399867715377
2016-12-26 00:00:00+00:00,4906.366141116107
2016-12-27 00:00:00+00:00,4915.059831952427
2016-12-28 00:00:00+00:00,4907.801812929655
2016-12-29 00:00:00+00:00,4909.863810720073
2016-12-30 00:00:00+00:00,4910.613039974408
2017-01-03 00:00:00+00:00,4922.51059994981
2017-01-04 00:00:00+00:00,4939.168016496523
2017-01-05 00:00:00+00:00,4933.642691575699
2017-01-06 00:00:00+00:00,4926.728638024429
2017-01-09 00:00:00+00:00,4923.5402506987275
2017-01-10 00:00:00+00:00,4932.7062750575815
2017-01-11 00:00:00+00:00,4942.552443474426
2017-01-12 00:00:00+00:00,4933.90500591785
2017-01-13 00:00:00+00:00,4924.622933290819
2017-01-16 00:00:00+00:00,4919.647398017119
2017-01-17 00:00:00+00:00,4934.558822271009
2017-01-18 00:00:00+00:00,4952.356755907508
2017-01-19 00:00:00+00:00,4974.514482272791
2017-01-20 00:00:00+00:00,4959.160172834541
2017-01-23 00:00:00+00:00,4950.97344994789
2017-01-24 00:00:00+00:00,4964.630221261751
2017-01-25 00:00:00+00:00,4952.219473534369
2017-01-26 00:00:00+00:00,4957.34374999884
2017-01-27 00:00:00+00:00,4954.778439043342
2017-01-30 00:00:00+00:00,4933.09873265501
2017-01-31 00:00:00+00:00,4935.816474826403
2017-02-01 00:00:00+00:00,4939.670402610112
2017-02-02 00:00:00+00:00,4926.016117824075
2017-02-03 00:00:00+00:00,4917.676905509211
2017-02-06 00:00:00+00:00,4912.610402570021
2017-02-07 00:00:00+00:00,4922.682489127886
2017-02-08 00:00:00+00:00,4912.476148417447
2017-02-09 00:00:00+00:00,4913.024776366519
2017-02-10 00:00:00+00:00,4910.330776897376
2017-02-13 00:00:00+00:00,4913.294501298001
2017-02-14 00:00:00+00:00,4914.563646086583
2017-02-15 00:00:00+00:00,4922.5031007409125
2017-02-16 00:00:00+00:00,4916.588250249972
2017-02-17 00:00:00+00:00,4901.583519709155
2017-02-20 00:00:00+00:00,4909.364173626573
2017-02-21 00:00:00+00:00,4901.866664621411
2017-02-22 00:00:00+00:00,4899.859736023665
2017-02-23 00:00:00+00:00,4893.915171961652
2017-02-24 00:00:00+00:00,4880.762447724147
2017-02-27 00:00:00+00:00,4893.205567917683
2017-02-28 00:00:00+00:00,4896.651210643297
2017-03-01 00:00:00+00:00,4891.1997846731565
2017-03-02 00:00:00+00:00,4889.994281307845
2017-03-03 00:00:00+00:00,4878.175668589389
2017-03-06 00:00:00+00:00,4871.882519640397
2017-03-07 00:00:00+00:00,4865.100679878283
2017-03-08 00:00:00+00:00,4865.696889238334
2017-03-09 00:00:00+00:00,4878.040610435182
2017-03-10 00:00:00+00:00,4878.2467779907265
2017-03-13 00:00:00+00:00,4882.551059790031
2017-03-14 00:00:00+00:00,4875.033643679974
2017-03-15 00:00:00+00:00,4875.403275255734
2017-03-16 00:00:00+00:00,4875.025811924336
2017-03-17 00:00:00+00:00,4867.144914868119
2017-03-20 00:00:00+00:00,4867.256339596519
2017-03-21 00:00:00+00:00,4867.920444953461
2017-03-22 00:00:00+00:00,4855.728602337016
2017-03-23 00:00:00+00:00,4848.451652811461
2017-03-24 00:00:00+00:00,4844.663500746872
2017-03-27 00:00:00+00:00,4851.629628845801
2017-03-28 00:00:00+00:00,4851.327818017808
2017-03-29 00:00:00+00:00,4839.747323947066
2017-03-30 00:00:00+00:00,4842.3874368686575
2017-03-31 00:00:00+00:00,4837.050367045367
2017-04-03 00:00:00+00:00,4831.0189031591635
2017-04-04 00:00:00+00:00,4825.835158241174
2017-04-05 00:00:00+00:00,4829.726131892434
2017-04-06 00:00:00+00:00,4823.735298951869
2017-04-07 00:00:00+00:00,4807.548955652945
2017-04-10 00:00:00+00:00,4810.776449631937
2017-04-11 00:00:00+00:00,4803.136396672959
2017-04-12 00:00:00+00:00,4795.136574715877
2017-04-13 00:00:00+00:00,4799.5285181466415
2017-04-14 00:00:00+00:00,4791.231588687711
2017-04-17 00:00:00+00:00,4802.986649777829
2017-04-18 00:00:00+00:00,4823.512531443071
2017-04-19 00:00:00+00:00,4827.561496728387
2017-04-20 00:00:00+00:00,4837.220024319888
2017-04-21 00:00:00+00:00,4833.499451121219
2017-04-24 00:00:00+00:00,4855.203127189574
2017-04-25 00:00:00+00:00,4876.439851686566
2017-04-26 00:00:00+00:00,4876.490672574753
2017-04-27 00:00:00+00:00,4874.544871756342
2017-04-28 00:00:00+00:00,4878.2255714021185
2017-05-01 00:00:00+00:00,4883.77915574007
2017-05-02 00:00:00+00:00,4894.592325247111
2017-05-03 00:00:00+00:00,4887.405146902656
2017-05-04 00:00:00+00:00,4896.312721001714
2017-05-05 00:00:00+00:00,4902.19530677634
2017-05-08 00:00:00+00:00,4912.052362577441
2017-05-09 00:00:00+00:00,4916.204365289307
2017-05-10 00:00:00+00:00,4918.141280218123
2017-05-11 00:00:00+00:00,4898.809971427108
2017-05-12 00:00:00+00:00,4896.1318947952195
2017-05-15 00:00:00+00:00,4901.38392296163
2017-05-16 00:00:00+00:00,4896.353826545543
2017-05-17 00:00:00+00:00,4885.160080569259
2017-05-18 00:00:00+00:00,4883.643778741011
2017-05-19 00:00:00+00:00,4890.5212692750265
2017-05-22 00:00:00+00:00,4897.283097739528
2017-05-23 00:00:00+00:00,4896.785300251815
2017-05-24 00:00:00+00:00,4890.235141196124
2017-05-25 00:00:00+00:00,4891.985838212197
2017-05-26 00:00:00+00:00,4876.384627018434
2017-05-29 00:00:00+00:00,4875.648206555091
2017-05-30 00:00:00+00:00,4883.904884586169
2017-05-31 00:00:00+00:00,4883.369900450739
2017-06-01 00:00:00+00:00,4883.981145754004
2017-06-02 00:00:00+00:00,4886.472094498369
2017-06-05 00:00:00+00:00,4879.198371861493
2017-06-06 00:00:00+00:00,4867.632873197532
2017-06-07 00:00:00+00:00,4881.276094329789
2017-06-08 00:00:00+00:00,4880.509177370417
2017-06-09 00:00:00+00:00,4867.7711825616725
2017-06-12 00:00:00+00:00,4851.575557879942
2017-06-13 00:00:00+00:00,4855.957137162664
2017-06-14 00:00:00+00:00,4854.563455862627
2017-06-15 00:00:00+00:00,4865.866199755099
2017-06-16 00:00:00+00:00,4870.636225872259
2017-06-19 00:00:00+00:00,4871.530696923821
2017-06-20 00:00:00+00:00,4870.658451312109
2017-06-21 00:00:00+00:00,4873.916386373259
2017-06-22 00:00:00+00:00,4867.8217771876625
2017-06-23 00:00:00+00:00,4873.49876755547
2017-06-26 00:00:00+00:00,4877.581286599382
2017-06-27 00:00:00+00:00,4896.66410217282
2017-06-28 00:00:00+00:00,4902.883204056967
2017-06-29 00:00:00+00:00,4916.941261489233
2017-06-30 00:00:00+00:00,4925.6249605259845
2017-07-03 00:00:00+00:00,4928.246183189516
2017-07-04 00:00:00+00:00,4915.202245253142
2017-07-05 00:00:00+00:00,4921.846845955182
2017-07-06 00:00:00+00:00,4924.526989901656
2017-07-07 00:00:00+00:00,4920.661533406017
2017-07-10 00:00:00+00:00,4918.982137015693
2017-07-11 00:00:00+00:00,4917.676636340063
2017-07-12 00:00:00+00:00,4902.661627273915
2017-07-13 00:00:00+00:00,4911.761919154169
2017-07-14 00:00:00+00:00,4920.547020844873
2017-07-17 00:00:00+00:00,4917.135059132033
2017-07-18 00:00:00+00:00,4916.831518760127
2017-07-19 00:00:00+00:00,4915.9641158507075
2017-07-20 00:00:00+00:00,4921.153122119651
2017-07-21 00:00:00+00:00,4917.548780868219
2017-07-24 00:00:00+00:00,4917.477133076505
2017-07-25 00:00:00+00:00,4931.694479118179
2017-07-26 00:00:00+00:00,4940.8050860267795
2017-07-27 00:00:00+00:00,4942.642150601021
2017-07-28 00:00:00+00:00,4949.852978341907
2017-07-31 00:00:00+00:00,4959.130882557581
2017-08-01 00:00:00+00:00,4955.459185070285
2017-08-02 00:00:00+00:00,4964.300564286549
2017-08-03 00:00:00+00:00,4950.8933450292225
2017-08-04 00:00:00+00:00,4947.426240675095
2017-08-07 00:00:00+00:00,4947.018588438374
2017-08-08 00:00:00+00:00,4930.514712583753
2017-08-09 00:00:00+00:00,4925.6048094203
2017-08-10 00:00:00+00:00,4911.53285141888
2017-08-11 00:00:00+00:00,4915.201291356004
2017-08-14 00:00:00+00:00,4913.1476356265475
2017-08-15 00:00:00+00:00,4912.9867731873255
2017-08-16 00:00:00+00:00,4911.92616281877
2017-08-17 00:00:00+00:00,4899.9943524807495
2017-08-18 00:00:00+00:00,4898.126746753556
2017-08-21 00:00:00+00:00,4899.535110168552
2017-08-22 00:00:00+00:00,4894.970208573868
2017-08-23 00:00:00+00:00,4884.86717219512
2017-08-24 00:00:00+00:00,4889.427081968142
2017-08-25 00:00:00+00:00,4897.89510961416
2017-08-28 00:00:00+00:00,4916.585825490267
2017-08-29 00:00:00+00:00,4917.849355151249
2017-08-30 00:00:00+00:00,4914.918566134684
2017-08-31 00:00:00+00:00,4912.4867762867925
2017-09-01 00:00:00+00:00,4911.516503617451
2017-09-04 00:00:00+00:00,4902.871411977594
2017-09-05 00:00:00+00:00,4907.392911477504
2017-09-06 00:00:00+00:00,4902.613067809908
2017-09-07 00:00:00+00:00,4901.387230493365
2017-09-08 00:00:00+00:00,4903.918378641611
2017-09-11 00:00:00+00:00,4913.782755418352
2017-09-12 00:00:00+00:00,4940.645506366945
2017-09-13 00:00:00+00:00,4929.519967105314
2017-09-14 00:00:00+00:00,4937.087164567507
2017-09-15 00:00:00+00:00,4964.17210924464
2017-09-18 00:00:00+00:00,4969.31515793599
2017-09-19 00:00:00+00:00,4983.35509134792
2017-09-20 00:00:00+00:00,4991.029333156872
2017-09-21 00:00:00+00:00,4996.320188512655
2017-09-22 00:00:00+00:00,4986.300298227984
2017-09-25 00:00:00+00:00,4969.794225275929
2017-09-26 00:00:00+00:00,4963.916435207867
2017-09-27 00:00:00+00:00,4973.300432937594
2017-09-28 00:00:00+00:00,4973.187604618951
2017-09-29 00:00:00+00:00,4974.229202911883
2017-10-02 00:00:00+00:00,4965.659278760592
2017-10-03 00:00:00+00:00,4961.363968158781
2017-10-04 00:00:00+00:00,4967.004649244517
2017-10-05 00:00:00+00:00,4957.720972464069
2017-10-06 00:00:00+00:00,4950.925686645557
2017-10-09 00:00:00+00:00,4958.637061772492
2017-10-10 00:00:00+00:00,4968.732353921676
2017-10-11 00:00:00+00:00,4969.284610234533
2017-10-12 00:00:00+00:00,4979.923829669184
2017-10-13 00:00:00+00:00,4984.524181470252
2017-10-16 00:00:00+00:00,4987.067173593204
2017-10-17 00:00:00+00:00,4974.294129322916
2017-10-18 00:00:00+00:00,4986.941320277338
2017-10-19 00:00:00+00:00,4973.703945016962
2017-10-20 00:00:00+00:00,4986.782171041539
2017-10-23 00:00:00+00:00,4986.858717990416
2017-10-24 00:00:00+00:00,4989.85460748149
2017-10-25 00:00:00+00:00,4993.544597504964
2017-10-26 00:00:00+00:00,4979.292540785493
2017-10-27 00:00:00+00:00,4971.019410231546
2017-10-30 00:00:00+00:00,4977.279457075285
2017-10-31 00:00:00+00:00,4983.586111460743
2017-11-01 00:00:00+00:00,4989.54901242675
2017-11-02 00:00:00+00:00,4978.00495821719
2017-11-03 00:00:00+00:00,4974.672180891108
2017-11-06 00:00:00+00:00,4973.178725834046
2017-11-07 00:00:00+00:00,4974.960200481818
2017-11-08 00:00:00+00:00,4974.87770045116
2017-11-09 00:00:00+00:00,4968.562329855105
2017-11-10 00:00:00+00:00,4975.083342041711
2017-11-13 00:00:00+00:00,4969.172802606386
2017-11-14 00:00:00+00:00,4977.782782471168
2017-11-15 00:00:00+00:00,4970.473241870575
2017-11-16 00:00:00+00:00,4967.502570716291
2017-11-17 00:00:00+00:00,4948.366116862942
2017-11-20 00:00:00+00:00,4955.8685333615385
2017-11-21 00:00:00+00:00,4948.559048183549
2017-11-22 00:00:00+00:00,4940.711829429158
2017-11-23 00:00:00+00:00,4943.0948437115285
2017-11-24 00:00:00+00:00,4949.987162170346
2017-11-27 00:00:00+00:00,4948.1077684483
2017-11-28 00:00:00+00:00,4948.925907076802
2017-11-29 00:00:00+00:00,4959.232482145627
2017-11-30 00:00:00+00:00,4977.926079091237
2017-12-01 00:00:00+00:00,4965.638393102152
2017-12-04 00:00:00+00:00,4966.456396759989
2017-12-05 00:00:00+00:00,4970.6591370114675
2017-12-06 00:00:00+00:00,4967.072174233815
2017-12-07 00:00:00+00:00,4979.925280576266
2017-12-08 00:00:00+00:00,4976.772079332716
2017-12-11 00:00:00+00:00,4985.762753464389
2017-12-12 00:00:00+00:00,4989.50052364546
2017-12-13 00:00:00+00:00,4993.383883100871
2017-12-14 00:00:00+00:00,4991.4987979739435
2017-12-15 00:00:00+00:00,4986.941202357764
2017-12-18 00:00:00+00:00,4991.159530965497
2017-12-19 00:00:00+00:00,5002.199151069226
2017-12-20 00:00:00+00:00,5013.7391336391765
2017-12-21 00:00:00+00:00,5021.284172003294
2017-12-22 00:00:00+00:00,5027.288678298742
2017-12-26 00:00:00+00:00,5032.326291767389
2017-12-27 00:00:00+00:00,5033.680500357519
2017-12-28 00:00:00+00:00,5031.991800320728
2017-12-29 00:00:00+00:00,5035.704142294002
2018-01-02 00:00:00+00:00,5038.4105787639055
2018-01-03 00:00:00+00:00,5030.491915049856
2018-01-04 00:00:00+00:00,5041.820291563881
2018-01-05 00:00:00+00:00,5039.316376158886
2018-01-08 00:00:00+00:00,5035.715451373775
2018-01-09 00:00:00+00:00,5028.507109536118
2018-01-10 00:00:00+00:00,5018.5391348037065
2018-01-11 00:00:00+00:00,5031.602067863039
2018-01-12 00:00:00+00:00,5042.532734203529
2018-01-15 00:00:00+00:00,5044.095461889043
2018-01-16 00:00:00+00:00,5036.2791874520735
2018-01-17 00:00:00+00:00,5045.114886842804
2018-01-18 00:00:00+00:00,5048.2190289692035
2018-01-19 00:00:00+00:00,5043.789155842061
2018-01-22 00:00:00+00:00,5062.454931153429
2018-01-23 00:00:00+00:00,5056.8666183548185
2018-01-24 00:00:00+00:00,5055.673763476056
2018-01-25 00:00:00+00:00,5048.541224701012
2018-01-26 00:00:00+00:00,5042.892663573236
2018-01-29 00:00:00+00:00,5039.548514859289
2018-01-30 00:00:00+00:00,5046.275657680868
2018-01-31 00:00:00+00:00,5049.236885166203
2018-02-01 00:00:00+00:00,5053.776611094522
2018-02-02 00:00:00+00:00,5050.591575372432
2018-02-05 00:00:00+00:00,5022.3568257410225
2018-02-06 00:00:00+00:00,5031.838015175001
2018-02-07 00:00:00+00:00,5012.437489797188
2018-02-08 00:00:00+00:00,5002.577620134564
2018-02-09 00:00:00+00:00,4998.046758159744
2018-02-12 00:00:00+00:00,5001.900461168565
2018-02-13 00:00:00+00:00,5000.533302172994
2018-02-14 00:00:00+00:00,5007.218753960944
2018-02-15 00:00:00+00:00,5006.4552680723045
2018-02-16 00:00:00+00:00,4999.019930063973
2018-02-19 00:00:00+00:00,4999.993676296145
2018-02-20 00:00:00+00:00,5011.576752578587
2018-02-21 00:00:00+00:00,5007.282635679094
2018-02-22 00:00:00+00:00,4995.1996009789655
2018-02-23 00:00:00+00:00,4987.982308580234
2018-02-26 00:00:00+00:00,4998.368058801932
2018-02-27 00:00:00+00:00,4992.2142887318305
2018-02-28 00:00:00+00:00,4971.219348406341
2018-03-01 00:00:00+00:00,4975.011293196346
2018-03-02 00:00:00+00:00,4973.673274273478
2018-03-05 00:00:00+00:00,4986.8122827565085
2018-03-06 00:00:00+00:00,4998.788844188955
2018-03-07 00:00:00+00:00,4999.8198093341925
2018-03-08 00:00:00+00:00,4985.832766780182
2018-03-09 00:00:00+00:00,4996.581746179738
2018-03-12 00:00:00+00:00,4999.147950359678
2018-03-13 00:00:00+00:00,5014.142916220909
2018-03-14 00:00:00+00:00,5010.3899191376295
2018-03-15 00:00:00+00:00,5003.866021685868
2018-03-16 00:00:00+00:00,4989.185650345252
2018-03-19 00:00:00+00:00,5002.07960893569
2018-03-20 00:00:00+00:00,4994.999006345717
2018-03-21 00:00:00+00:00,4995.612211554543
2018-03-22 00:00:00+00:00,4980.098823931677
2018-03-23 00:00:00+00:00,4976.212754354786
2018-03-26 00:00:00+00:00,4998.581305956221
2018-03-27 00:00:00+00:00,4985.941932652955
2018-03-28 00:00:00+00:00,4990.575578282709
2018-03-29 00:00:00+00:00,4978.862350926325
2018-03-30 00:00:00+00:00,4977.29010417611
2018-04-02 00:00:00+00:00,4972.908945579116
2018-04-03 00:00:00+00:00,4982.719049636096
2018-04-04 00:00:00+00:00,4988.598369534379
2018-04-05 00:00:00+00:00,4987.373947919504
2018-04-06 00:00:00+00:00,4991.239642194162
2018-04-09 00:00:00+00:00,4996.545704848792
2018-04-10 00:00:00+00:00,5010.605136903318
2018-04-11 00:00:00+00:00,5004.267978149918
2018-04-12 00:00:00+00:00,5013.699876412167
2018-04-13 00:00:00+00:00,5010.603956897783
2018-04-16 00:00:00+00:00,5015.940141964131
2018-04-17 00:00:00+00:00,5011.998776694968
2018-04-18 00:00:00+00:00,5014.584513487978
2018-04-19 00:00:00+00:00,5012.778583844316
2018-04-20 00:00:00+00:00,5004.338336775855
2018-04-23 00:00:00+00:00,5015.113990240638
2018-04-24 00:00:00+00:00,5014.779720676927
2018-04-25 00:00:00+00:00,5010.079611042243
2018-04-26 00:00:00+00:00,5004.480733049576
2018-04-27 00:00:00+00:00,4990.742761797256
2018-04-30 00:00:00+00:00,4985.8526267702455
2018-05-01 00:00:00+00:00,4981.045685391401
2018-05-02 00:00:00+00:00,4979.887211792875
2018-05-03 00:00:00+00:00,4979.340212086792
2018-05-04 00:00:00+00:00,4978.106802753666
2018-05-07 00:00:00+00:00,4983.296519555427
2018-05-08 00:00:00+00:00,4976.1206017445
2018-05-09 00:00:00+00:00,4981.048110636531
2018-05-10 00:00:00+00:00,4970.005866586611
2018-05-11 00:00:00+00:00,4980.120739345443
2018-05-14 00:00:00+00:00,4984.920741173268
2018-05-15 00:00:00+00:00,4979.505853328745
2018-05-16 00:00:00+00:00,4975.334717212896
2018-05-17 00:00:00+00:00,4983.911820636861
2018-05-18 00:00:00+00:00,4989.914601003437
2018-05-21 00:00:00+00:00,4991.610134457441
2018-05-22 00:00:00+00:00,4984.943614245314
2018-05-23 00:00:00+00:00,4958.05923062563
2018-05-24 00:00:00+00:00,4951.9687529229
2018-05-25 00:00:00+00:00,4941.367133477451
2018-05-28 00:00:00+00:00,4946.126721875247
2018-05-29 00:00:00+00:00,4928.0496143346945
2018-05-30 00:00:00+00:00,4944.301195873834
2018-05-31 00:00:00+00:00,4954.279670214416
2018-06-01 00:00:00+00:00,4964.052489066072
2018-06-04 00:00:00+00:00,4980.368596939782
2018-06-05 00:00:00+00:00,4994.774635630792
2018-06-06 00:00:00+00:00,5006.368304252631
2018-06-07 00:00:00+00:00,5002.53745802981
2018-06-08 00:00:00+00:00,4990.482746162204
2018-06-11 00:00:00+00:00,5006.910750462402
2018-06-12 00:00:00+00:00,5009.876131742388
2018-06-13 00:00:00+00:00,5011.347994604998
2018-06-14 00:00:00+00:00,4994.570789530412
2018-06-15 00:00:00+00:00,4991.360718856511
2018-06-18 00:00:00+00:00,4982.602471187151
2018-06-19 00:00:00+00:00,4966.116495921501
2018-06-20 00:00:00+00:00,4961.357627429594
2018-06-21 00:00:00+00:00,4960.255643618091
2018-06-22 00:00:00+00:00,4962.719084915858
2018-06-25 00:00:00+00:00,4958.99827252616
2018-06-26 00:00:00+00:00,4953.640859022827
2018-06-27 00:00:00+00:00,4943.242956756897
2018-06-28 00:00:00+00:00,4927.051371287831
2018-06-29 00:00:00+00:00,4950.586315353979
2018-07-02 00:00:00+00:00,4940.283424117893
2018-07-03 00:00:00+00:00,4930.618502977124
2018-07-04 00:00:00+00:00,4928.883115456391
2018-07-05 00:00:00+00:00,4929.292424063946
2018-07-06 00:00:00+00:00,4936.724760207335
2018-07-09 00:00:00+00:00,4948.851801032275
2018-07-10 00:00:00+00:00,4942.848253923766
2018-07-11 00:00:00+00:00,4942.438859099819
2018-07-12 00:00:00+00:00,4951.723759419026
2018-07-13 00:00:00+00:00,4949.445482713546
2018-07-16 00:00:00+00:00,4946.562211703229
2018-07-17 00:00:00+00:00,4945.599964208348
2018-07-18 00:00:00+00:00,4940.851476952902
2018-07-19 00:00:00+00:00,4934.089572869557
2018-07-20 00:00:00+00:00,4936.767532184222
2018-07-23 00:00:00+00:00,4922.908421563154
2018-07-24 00:00:00+00:00,4927.407242707769
2018-07-25 00:00:00+00:00,4925.773773803985
2018-07-26 00:00:00+00:00,4907.4066254591235
2018-07-27 00:00:00+00:00,4907.995686762017
2018-07-30 00:00:00+00:00,4910.035974774327
2018-07-31 00:00:00+00:00,4921.840839760475
2018-08-01 00:00:00+00:00,4913.99334660162
2018-08-02 00:00:00+00:00,4896.8185458797
2018-08-03 00:00:00+00:00,4888.56719598867
2018-08-06 00:00:00+00:00,4883.918375961446
2018-08-07 00:00:00+00:00,4889.194138713131
2018-08-08 00:00:00+00:00,4880.981644517114
2018-08-09 00:00:00+00:00,4864.805162027514
2018-08-10 00:00:00+00:00,4851.816918587083
2018-08-13 00:00:00+00:00,4852.053911135319
2018-08-14 00:00:00+00:00,4836.867366177088
2018-08-15 00:00:00+00:00,4840.178146671976
2018-08-16 00:00:00+00:00,4846.578760564134
2018-08-17 00:00:00+00:00,4850.922214493228
2018-08-20 00:00:00+00:00,4854.033250220064
2018-08-21 00:00:00+00:00,4871.598493936153
2018-08-22 00:00:00+00:00,4867.853831847141
2018-08-23 00:00:00+00:00,4866.710670049502
2018-08-24 00:00:00+00:00,4880.299501370701
2018-08-27 00:00:00+00:00,4878.183258431634
2018-08-28 00:00:00+00:00,4886.526903489488
2018-08-29 00:00:00+00:00,4894.516620384859
2018-08-30 00:00:00+00:00,4880.178245268077
2018-08-31 00:00:00+00:00,4866.54413436149
2018-09-03 00:00:00+00:00,4865.991521479477
2018-09-04 00:00:00+00:00,4873.1275481555795
2018-09-05 00:00:00+00:00,4882.583847895333
2018-09-06 00:00:00+00:00,4864.9754824896445
2018-09-07 00:00:00+00:00,4858.257007520597
2018-09-10 00:00:00+00:00,4870.39324445421
2018-09-11 00:00:00+00:00,4870.923656892694
2018-09-12 00:00:00+00:00,4866.640202591587
2018-09-13 00:00:00+00:00,4878.527342909122
2018-09-14 00:00:00+00:00,4871.541005590927
2018-09-17 00:00:00+00:00,4880.102425359385
2018-09-18 00:00:00+00:00,4885.064598614556
2018-09-19 00:00:00+00:00,4888.7182741119905
2018-09-20 00:00:00+00:00,4912.089727860178
2018-09-21 00:00:00+00:00,4897.7399955081855
2018-09-24 00:00:00+00:00,4906.747296694577
2018-09-25 00:00:00+00:00,4915.771712624951
2018-09-26 00:00:00+00:00,4909.124804958735
2018-09-27 00:00:00+00:00,4901.133440728755
2018-09-28 00:00:00+00:00,4894.476647565514
2018-10-01 00:00:00+00:00,4893.095080106527
2018-10-02 00:00:00+00:00,4881.475102379733
2018-10-03 00:00:00+00:00,4884.93723624283
2018-10-04 00:00:00+00:00,4884.0533705465905
2018-10-05 00:00:00+00:00,4876.876686271085
2018-10-08 00:00:00+00:00,4873.6073732745945
2018-10-09 00:00:00+00:00,4879.5657156187735
2018-10-10 00:00:00+00:00,4878.791691857678
2018-10-11 00:00:00+00:00,4889.406295218472
2018-10-12 00:00:00+00:00,4878.686881594498
2018-10-15 00:00:00+00:00,4875.122243565653
2018-10-16 00:00:00+00:00,4881.80145768478
2018-10-17 00:00:00+00:00,4880.997639945191
2018-10-18 00:00:00+00:00,4875.218395602433
2018-10-19 00:00:00+00:00,4897.347543099658
2018-10-22 00:00:00+00:00,4887.732704888315
2018-10-23 00:00:00+00:00,4880.617874992419
2018-10-24 00:00:00+00:00,4870.529047335818
2018-10-25 00:00:00+00:00,4865.675699439808
2018-10-26 00:00:00+00:00,4860.234559816439
2018-10-29 00:00:00+00:00,4882.969642563621
2018-10-30 00:00:00+00:00,4890.284436096348
2018-10-31 00:00:00+00:00,4896.436267112521
2018-11-01 00:00:00+00:00,4925.568808740378
2018-11-02 00:00:00+00:00,4923.790058176171
2018-11-05 00:00:00+00:00,4927.604158911672
2018-11-06 00:00:00+00:00,4940.263313762556
2018-11-07 00:00:00+00:00,4951.645143807058
2018-11-08 00:00:00+00:00,4958.968972725516
2018-11-09 00:00:00+00:00,4944.701119030956
2018-11-12 00:00:00+00:00,4931.413524597985
2018-11-13 00:00:00+00:00,4953.316853120782
2018-11-14 00:00:00+00:00,4955.340734786869
2018-11-15 00:00:00+00:00,4941.0390799292245
2018-11-16 00:00:00+00:00,4944.340016028065
2018-11-19 00:00:00+00:00,4943.6571120991575
2018-11-20 00:00:00+00:00,4930.839894868715
2018-11-21 00:00:00+00:00,4935.813998959999
2018-11-22 00:00:00+00:00,4940.35702259656
2018-11-23 00:00:00+00:00,4930.866528964258
2018-11-26 00:00:00+00:00,4944.816428485774
2018-11-27 00:00:00+00:00,4938.648088098526
2018-11-28 00:00:00+00:00,4953.133404111057
2018-11-29 00:00:00+00:00,4950.0260654388085
2018-11-30 00:00:00+00:00,4949.320929242628
2018-12-03 00:00:00+00:00,4954.067153387444
2018-12-04 00:00:00+00:00,4948.152364193574
2018-12-05 00:00:00+00:00,4950.225462800109
2018-12-06 00:00:00+00:00,4939.505570820878
2018-12-07 00:00:00+00:00,4928.77704079269
2018-12-10 00:00:00+00:00,4926.311253632917
2018-12-11 00:00:00+00:00,4917.8206856738425
2018-12-12 00:00:00+00:00,4924.621957699012
2018-12-13 00:00:00+00:00,4937.187115836337
2018-12-14 00:00:00+00:00,4919.0339522608865
2018-12-17 00:00:00+00:00,4912.164827840787
2018-12-18 00:00:00+00:00,4917.798786496131
2018-12-19 00:00:00+00:00,4907.002209448998
2018-12-20 00:00:00+00:00,4893.6017971332885
2018-12-21 00:00:00+00:00,4881.732316060314
2018-12-24 00:00:00+00:00,4877.04656517831
2018-12-26 00:00:00+00:00,4885.40406151373
2018-12-27 00:00:00+00:00,4874.399423496198
2018-12-28 00:00:00+00:00,4869.193166318938
2018-12-31 00:00:00+00:00,4865.688312988482
2019-01-02 00:00:00+00:00,4829.614684976473
2019-01-03 00:00:00+00:00,4821.715368532812
2019-01-04 00:00:00+00:00,4838.462981534571
2019-01-07 00:00:00+00:00,4845.916830751727
2019-01-08 00:00:00+00:00,4836.485071064833
2019-01-09 00:00:00+00:00,4840.1841822518145
2019-01-10 00:00:00+00:00,4841.623729546895
2019-01-11 00:00:00+00:00,4852.82436565935
2019-01-14 00:00:00+00:00,4842.542767434608
2019-01-15 00:00:00+00:00,4847.017615533353
2019-01-16 00:00:00+00:00,4843.6475406840555
2019-01-17 00:00:00+00:00,4858.943056502753
2019-01-18 00:00:00+00:00,4853.896919405961
2019-01-21 00:00:00+00:00,4857.097506339674
2019-01-22 00:00:00+00:00,4858.8265455694045
2019-01-23 00:00:00+00:00,4869.425035372581
2019-01-24 00:00:00+00:00,4858.265260132452
2019-01-25 00:00:00+00:00,4878.92723242179
2019-01-28 00:00:00+00:00,4876.101114460379
2019-01-29 00:00:00+00:00,4871.416444858515
2019-01-30 00:00:00+00:00,4885.371251882929
2019-01-31 00:00:00+00:00,4882.1959461350425
2019-02-01 00:00:00+00:00,4884.342655111843
2019-02-04 00:00:00+00:00,4884.514428839198
2019-02-05 00:00:00+00:00,4877.780258542281
2019-02-06 00:00:00+00:00,4861.2279372969815
2019-02-07 00:00:00+00:00,4859.441987047364
2019-02-08 00:00:00+00:00,4852.657959811748
2019-02-11 00:00:00+00:00,4857.54828715304
2019-02-12 00:00:00+00:00,4865.554162374929
2019-02-13 00:00:00+00:00,4874.74929053893
2019-02-14 00:00:00+00:00,4866.788270850376
2019-02-15 00:00:00+00:00,4874.461196622554
2019-02-18 00:00:00+00:00,4876.619630520022
2019-02-19 00:00:00+00:00,4888.47024104642
2019-02-20 00:00:00+00:00,4888.722478792208
2019-02-21 00:00:00+00:00,4880.702828614015
2019-02-22 00:00:00+00:00,4878.415473144955
2019-02-25 00:00:00+00:00,4895.997186371913
2019-02-26 00:00:00+00:00,4905.2602968272395
2019-02-27 00:00:00+00:00,4905.165485439245
2019-02-28 00:00:00+00:00,4902.772439211707
2019-03-01 00:00:00+00:00,4908.646082144106
2019-03-04 00:00:00+00:00,4906.792383734316
2019-03-05 00:00:00+00:00,4905.7543571217575
2019-03-06 00:00:00+00:00,4904.578708479106
2019-03-07 00:00:00+00:00,4894.231370431051
2019-03-08 00:00:00+00:00,4889.381708918176
2019-03-11 00:00:00+00:00,4901.217249812909
2019-03-12 00:00:00+00:00,4899.983072691253
2019-03-13 00:00:00+00:00,4913.117418446266
2019-03-14 00:00:00+00:00,4909.201382370639
2019-03-15 00:00:00+00:00,4910.319660822585
2019-03-18 00:00:00+00:00,4905.32173906701
2019-03-19 00:00:00+00:00,4903.503992623228
2019-03-20 00:00:00+00:00,4890.146885390081
2019-03-21 00:00:00+00:00,4884.666013492598
2019-03-22 00:00:00+00:00,4881.506810155404
2019-03-25 00:00:00+00:00,4884.156583515441
2019-03-26 00:00:00+00:00,4892.8077778772395
2019-03-27 00:00:00+00:00,4885.256494349224
2019-03-28 00:00:00+00:00,4874.2487245475
2019-03-29 00:00:00+00:00,4878.477520701655
2019-04-01 00:00:00+00:00,4881.52697622854
2019-04-02 00:00:00+00:00,4878.694232057495
2019-04-03 00:00:00+00:00,4889.503564605234
2019-04-04 00:00:00+00:00,4882.525645333304
2019-04-05 00:00:00+00:00,4877.046767740561
2019-04-08 00:00:00+00:00,4875.4882097364825
2019-04-09 00:00:00+00:00,4871.21274867232
2019-04-10 00:00:00+00:00,4875.3228286545
2019-04-11 00:00:00+00:00,4876.044208680142
2019-04-12 00:00:00+00:00,4886.717147211151
2019-04-15 00:00:00+00:00,4894.470753093289
2019-04-16 00:00:00+00:00,4890.88325208996
2019-04-17 00:00:00+00:00,4889.528743420746
2019-04-18 00:00:00+00:00,4876.776753536177
2019-04-19 00:00:00+00:00,4877.008464932672
2019-04-22 00:00:00+00:00,4876.758839473769
2019-04-23 00:00:00+00:00,4873.819249186124
2019-04-24 00:00:00+00:00,4865.397620800954
2019-04-25 00:00:00+00:00,4858.1961475568205
2019-04-26 00:00:00+00:00,4859.501338506189
2019-04-29 00:00:00+00:00,4869.470204713244
2019-04-30 00:00:00+00:00,4871.308039739683
2019-05-01 00:00:00+00:00,4865.8689267730915
2019-05-02 00:00:00+00:00,4868.432545127993
2019-05-03 00:00:00+00:00,4870.251472091077
2019-05-06 00:00:00+00:00,4859.9544866129745
2019-05-07 00:00:00+00:00,4854.538123679048
2019-05-08 00:00:00+00:00,4847.79615091473
2019-05-09 00:00:00+00:00,4847.550622749887
2019-05-10 00:00:00+00:00,4845.461718394566
2019-05-13 00:00:00+00:00,4830.968531609183
2019-05-14 00:00:00+00:00,4828.210763246938
2019-05-15 00:00:00+00:00,4818.1684645183
2019-05-16 00:00:00+00:00,4814.52778882959
2019-05-17 00:00:00+00:00,4809.478770895858
2019-05-20 00:00:00+00:00,4809.376501511349
2019-05-21 00:00:00+00:00,4807.561012509509
2019-05-22 00:00:00+00:00,4801.020865117789
2019-05-23 00:00:00+00:00,4797.71531969671
2019-05-24 00:00:00+00:00,4801.877217410985
2019-05-27 00:00:00+00:00,4801.237475556712
2019-05-28 00:00:00+00:00,4803.600130527338
2019-05-29 00:00:00+00:00,4798.425939426466
2019-05-30 00:00:00+00:00,4796.751523202231
2019-05-31 00:00:00+00:00,4800.7925368378865
2019-06-03 00:00:00+00:00,4811.4014390911525
2019-06-04 00:00:00+00:00,4809.049496100304
2019-06-05 00:00:00+00:00,4810.542725489371
2019-06-06 00:00:00+00:00,4815.751090641039
2019-06-07 00:00:00+00:00,4818.874380065263
2019-06-10 00:00:00+00:00,4798.546444011154
2019-06-11 00:00:00+00:00,4800.4320900283765
2019-06-12 00:00:00+00:00,4796.650407395692
2019-06-13 00:00:00+00:00,4791.225350934179
2019-06-14 00:00:00+00:00,4777.705709861489
2019-06-17 00:00:00+00:00,4774.289457476734
2019-06-18 00:00:00+00:00,4774.961133018423
2019-06-19 00:00:00+00:00,4770.497567224189
2019-06-20 00:00:00+00:00,4766.3655594401935
2019-06-21 00:00:00+00:00,4778.016330232941
2019-06-24 00:00:00+00:00,4783.691092662975
2019-06-25 00:00:00+00:00,4779.762122714584
2019-06-26 00:00:00+00:00,4788.8518516473
2019-06-27 00:00:00+00:00,4790.754275036773
2019-06-28 00:00:00+00:00,4797.533136954586
2019-07-01 00:00:00+00:00,4789.823252336471
2019-07-02 00:00:00+00:00,4778.723659248337
2019-07-03 00:00:00+00:00,4778.043122948707
2019-07-04 00:00:00+00:00,4774.717518189894
2019-07-05 00:00:00+00:00,4772.124545481262
2019-07-08 00:00:00+00:00,4771.882603797076
2019-07-09 00:00:00+00:00,4772.785223869071
2019-07-10 00:00:00+00:00,4775.374612030725
2019-07-11 00:00:00+00:00,4778.020829678834
2019-07-12 00:00:00+00:00,4774.146590907549
2019-07-15 00:00:00+00:00,4773.031458525578
2019-07-16 00:00:00+00:00,4769.199080727967
2019-07-17 00:00:00+00:00,4768.757833006029
2019-07-18 00:00:00+00:00,4773.720766966031
2019-07-19 00:00:00+00:00,4771.185913665322
2019-07-22 00:00:00+00:00,4772.662611989694
2019-07-23 00:00:00+00:00,4768.704136265527
2019-07-24 00:00:00+00:00,4764.762813953469
2019-07-25 00:00:00+00:00,4766.911422849371
2019-07-26 00:00:00+00:00,4757.933561619456
2019-07-29 00:00:00+00:00,4748.878851756693
2019-07-30 00:00:00+00:00,4738.969063754133
2019-07-31 00:00:00+00:00,4733.9087227775835
2019-08-01 00:00:00+00:00,4714.530106363348
2019-08-02 00:00:00+00:00,4706.067588425597
2019-08-05 00:00:00+00:00,4706.1839663236005
2019-08-06 00:00:00+00:00,4716.336819731391
2019-08-07 00:00:00+00:00,4708.264980817734
2019-08-08 00:00:00+00:00,4699.907499688854
2019-08-09 00:00:00+00:00,4686.6996481141605
2019-08-12 00:00:00+00:00,4686.986394966517
2019-08-13 00:00:00+00:00,4700.30890920657
2019-08-14 00:00:00+00:00,4692.850047349508
2019-08-15 00:00:00+00:00,4697.38823737928
2019-08-16 00:00:00+00:00,4701.344894641679
2019-08-19 00:00:00+00:00,4709.467771611573
2019-08-20 00:00:00+00:00,4706.199867140881
2019-08-21 00:00:00+00:00,4704.792546959789
2019-08-22 00:00:00+00:00,4710.988034224075
2019-08-23 00:00:00+00:00,4706.1040381342345
2019-08-26 00:00:00+00:00,4708.83646968263
2019-08-27 00:00:00+00:00,4708.191592310289
2019-08-28 00:00:00+00:00,4707.37247184204
2019-08-29 00:00:00+00:00,4709.428574493632
2019-08-30 00:00:00+00:00,4700.5435459462415
2019-09-02 00:00:00+00:00,4692.561650080782
2019-09-03 00:00:00+00:00,4691.05457753117
2019-09-04 00:00:00+00:00,4702.019300548397
2019-09-05 00:00:00+00:00,4718.954275490698
2019-09-06 00:00:00+00:00,4714.065945682688
2019-09-09 00:00:00+00:00,4727.004817265967
2019-09-10 00:00:00+00:00,4727.658134908126
2019-09-11 00:00:00+00:00,4728.823297482959
2019-09-12 00:00:00+00:00,4733.876292725473
2019-09-13 00:00:00+00:00,4745.443216692165
2019-09-16 00:00:00+00:00,4732.48582087105
2019-09-17 00:00:00+00:00,4741.22404792193
2019-09-18 00:00:00+00:00,4739.034679685058
2019-09-19 00:00:00+00:00,4733.302222447345
2019-09-20 00:00:00+00:00,4715.848019942806
2019-09-23 00:00:00+00:00,4714.477469330652
2019-09-24 00:00:00+00:00,4715.534367765497
2019-09-25 00:00:00+00:00,4708.482640440227
2019-09-26 00:00:00+00:00,4711.031283331895
2019-09-27 00:00:00+00:00,4711.143402072418
2019-09-30 00:00:00+00:00,4711.320134445317
2019-10-01 00:00:00+00:00,4705.036161834779
2019-10-02 00:00:00+00:00,4707.907296351128
2019-10-03 00:00:00+00:00,4708.714852929983
2019-10-04 00:00:00+00:00,4707.137622218217
2019-10-07 00:00:00+00:00,4704.047132943656
2019-10-08 00:00:00+00:00,4698.1469119129615
2019-10-09 00:00:00+00:00,4702.47202125128
2019-10-10 00:00:00+00:00,4725.723931828366
2019-10-11 00:00:00+00:00,4743.116254699469
2019-10-14 00:00:00+00:00,4735.223054406642
2019-10-15 00:00:00+00:00,4749.406276680297
2019-10-16 00:00:00+00:00,4751.235367094256
2019-10-17 00:00:00+00:00,4761.313898510102
2019-10-18 00:00:00+00:00,4768.270877670185
2019-10-21 00:00:00+00:00,4769.780972247884
2019-10-22 00:00:00+00:00,4762.76750097847
2019-10-23 00:00:00+00:00,4768.4980481307
2019-10-24 00:00:00+00:00,4756.947294596587
2019-10-25 00:00:00+00:00,4750.078768475662
2019-10-28 00:00:00+00:00,4760.012424514742
2019-10-29 00:00:00+00:00,4764.012651400092
2019-10-30 00:00:00+00:00,4773.262709147498
2019-10-31 00:00:00+00:00,4770.965219310204
2019-11-01 00:00:00+00:00,4770.585975223755
2019-11-04 00:00:00+00:00,4768.580062841711
2019-11-05 00:00:00+00:00,4772.783762630517
2019-11-06 00:00:00+00:00,4766.836549498482
2019-11-07 00:00:00+00:00,4767.8510918447955
2019-11-08 00:00:00+00:00,4758.494788016191
2019-11-11 00:00:00+00:00,4762.7118290002645
2019-11-12 00:00:00+00:00,4762.691948025961
2019-11-13 00:00:00+00:00,4766.794328302413
2019-11-14 00:00:00+00:00,4756.915304339834
2019-11-15 00:00:00+00:00,4765.378493162149
2019-11-18 00:00:00+00:00,4770.817579311643
2019-11-19 00:00:00+00:00,4776.003377700366
2019-11-20 00:00:00+00:00,4778.230565490475
2019-11-21 00:00:00+00:00,4771.60595684695
2019-11-22 00:00:00+00:00,4765.787407548691
2019-11-25 00:00:00+00:00,4775.70122014125
2019-11-26 00:00:00+00:00,4778.709871317385
2019-11-27 00:00:00+00:00,4785.343876202261
2019-11-28 00:00:00+00:00,4783.120724124278
2019-11-29 00:00:00+00:00,4785.922659365616
2019-12-02 00:00:00+00:00,4795.706250007097
2019-12-03 00:00:00+00:00,4795.4318385485285
2019-12-04 00:00:00+00:00,4799.386488995259
2019-12-05 00:00:00+00:00,4800.102551004108
2019-12-06 00:00:00+00:00,4797.410125213557
2019-12-09 00:00:00+00:00,4791.020115383593
2019-12-10 00:00:00+00:00,4794.548537863549
2019-12-11 00:00:00+00:00,4798.706119537934
2019-12-12 00:00:00+00:00,4809.099038856206
2019-12-13 00:00:00+00:00,4813.399382181038
2019-12-16 00:00:00+00:00,4816.131889989905
2019-12-17 00:00:00+00:00,4797.239679694369
2019-12-18 00:00:00+00:00,4792.977683326334
2019-12-19 00:00:00+00:00,4787.706241707574
2019-12-20 00:00:00+00:00,4789.362270527771
2019-12-23 00:00:00+00:00,4789.447972377521
2019-12-24 00:00:00+00:00,4787.934207812737
2019-12-26 00:00:00+00:00,4799.417228570217
2019-12-27 00:00:00+00:00,4807.665739828401
2019-12-30 00:00:00+00:00,4806.123061701042
2019-12-31 00:00:00+00:00,4812.017282252107
2020-01-02 00:00:00+00:00,4794.144966700891
2020-01-03 00:00:00+00:00,4781.581234360198
2020-01-06 00:00:00+00:00,4787.94464853597
2020-01-07 00:00:00+00:00,4778.916780072104
2020-01-08 00:00:00+00:00,4782.774195055464
2020-01-09 00:00:00+00:00,4783.482341329258
2020-01-10 00:00:00+00:00,4786.993842263911
2020-01-13 00:00:00+00:00,4787.988042849073
2020-01-14 00:00:00+00:00,4786.762246326122
2020-01-15 00:00:00+00:00,4786.908402067571
2020-01-16 00:00:00+00:00,4792.057711466628
2020-01-17 00:00:00+00:00,4778.878321744238
2020-01-20 00:00:00+00:00,4778.599475789989
2020-01-21 00:00:00+00:00,4778.281295326193
2020-01-22 00:00:00+00:00,4783.805043995874
2020-01-23 00:00:00+00:00,4780.678213254833
2020-01-24 00:00:00+00:00,4771.683545442733
2020-01-27 00:00:00+00:00,4761.068637720051
2020-01-28 00:00:00+00:00,4756.96858274696
2020-01-29 00:00:00+00:00,4753.110839868662
2020-01-30 00:00:00+00:00,4754.1499287408615
2020-01-31 00:00:00+00:00,4755.764901801987
2020-02-03 00:00:00+00:00,4746.011902645818
2020-02-04 00:00:00+00:00,4759.085916171611
2020-02-05 00:00:00+00:00,4756.238799475017
2020-02-06 00:00:00+00:00,4752.497621620944
2020-02-07 00:00:00+00:00,4740.980390519259
2020-02-10 00:00:00+00:00,4737.795674170825
2020-02-11 00:00:00+00:00,4741.311971730157
2020-02-12 00:00:00+00:00,4746.487107022918
2020-02-13 00:00:00+00:00,4742.904621097514
2020-02-14 00:00:00+00:00,4740.134137878466
2020-02-17 00:00:00+00:00,4738.142942737763
2020-02-18 00:00:00+00:00,4731.767710299753
2020-02-19 00:00:00+00:00,4743.106237889661
2020-02-20 00:00:00+00:00,4748.1887492908745
2020-02-21 00:00:00+00:00,4752.035057714381
2020-02-24 00:00:00+00:00,4746.494674318071
2020-02-25 00:00:00+00:00,4743.929626034571
2020-02-26 00:00:00+00:00,4741.544695569773
2020-02-27 00:00:00+00:00,4748.342701230887
2020-02-28 00:00:00+00:00,4721.528963812949
2020-03-02 00:00:00+00:00,4720.854052348733
2020-03-03 00:00:00+00:00,4720.714427587107
2020-03-04 00:00:00+00:00,4733.700377712521
2020-03-05 00:00:00+00:00,4733.301916826328
2020-03-06 00:00:00+00:00,4745.69730916516
2020-03-09 00:00:00+00:00,4744.253974197611
2020-03-10 00:00:00+00:00,4758.2167166365625
2020-03-11 00:00:00+00:00,4751.867250364692
2020-03-12 00:00:00+00:00,4722.333789821487
2020-03-13 00:00:00+00:00,4731.278790794389
2020-03-16 00:00:00+00:00,4739.828025484302
2020-03-17 00:00:00+00:00,4731.626777415795
2020-03-18 00:00:00+00:00,4709.937409669943
2020-03-19 00:00:00+00:00,4721.154750797028
2020-03-20 00:00:00+00:00,4747.501636244211
2020-03-23 00:00:00+00:00,4781.959233961477
2020-03-24 00:00:00+00:00,4801.076836260563
2020-03-25 00:00:00+00:00,4779.2889177284305
2020-03-26 00:00:00+00:00,4768.1182754020065
2020-03-27 00:00:00+00:00,4790.64608961786
2020-03-30 00:00:00+00:00,4801.25084420745
2020-03-31 00:00:00+00:00,4785.833777853835
2020-04-01 00:00:00+00:00,4786.80795457827
2020-04-02 00:00:00+00:00,4788.874057345257
2020-04-03 00:00:00+00:00,4799.858747680887
2020-04-06 00:00:00+00:00,4806.142792273099
2020-04-07 00:00:00+00:00,4804.3056089220345
2020-04-08 00:00:00+00:00,4805.854518198174
2020-04-09 00:00:00+00:00,4809.337551562102
2020-04-10 00:00:00+00:00,4797.576997920351
2020-04-13 00:00:00+00:00,4805.860932204172
2020-04-14 00:00:00+00:00,4807.174644514113
2020-04-15 00:00:00+00:00,4808.94898533167
2020-04-16 00:00:00+00:00,4804.195896629462
2020-04-17 00:00:00+00:00,4798.728215878326
2020-04-20 00:00:00+00:00,4810.0703236328945
2020-04-21 00:00:00+00:00,4806.749021266858
2020-04-22 00:00:00+00:00,4809.45014117812
2020-04-23 00:00:00+00:00,4820.999437583804
2020-04-24 00:00:00+00:00,4829.399132731545
2020-04-27 00:00:00+00:00,4831.136814711199
2020-04-28 00:00:00+00:00,4815.214040417805
2020-04-29 00:00:00+00:00,4809.100141445308
2020-04-30 00:00:00+00:00,4836.763350690286
2020-05-01 00:00:00+00:00,4832.431996427443
2020-05-04 00:00:00+00:00,4808.473363422747
2020-05-05 00:00:00+00:00,4800.619179092387
2020-05-06 00:00:00+00:00,4797.079899604501
2020-05-07 00:00:00+00:00,4798.510436964099
2020-05-08 00:00:00+00:00,4797.491957038789
2020-05-11 00:00:00+00:00,4807.848559158427
2020-05-12 00:00:00+00:00,4813.882166156506
2020-05-13 00:00:00+00:00,4797.5839346539915
2020-05-14 00:00:00+00:00,4787.3704916255865
2020-05-15 00:00:00+00:00,4774.499882842824
2020-05-18 00:00:00+00:00,4794.968765481523
2020-05-19 00:00:00+00:00,4805.717959201051
2020-05-20 00:00:00+00:00,4798.210623495304
2020-05-21 00:00:00+00:00,4786.331134109832
2020-05-22 00:00:00+00:00,4772.462266795243
2020-05-25 00:00:00+00:00,4768.500989308971
2020-05-26 00:00:00+00:00,4779.081027112731
2020-05-27 00:00:00+00:00,4779.15805555832
2020-05-28 00:00:00+00:00,4785.622369346907
2020-05-29 00:00:00+00:00,4790.270275766557
2020-06-01 00:00:00+00:00,4804.3993778064905
2020-06-02 00:00:00+00:00,4828.807876384691
2020-06-03 00:00:00+00:00,4842.45510551463
2020-06-04 00:00:00+00:00,4860.920652095512
2020-06-05 00:00:00+00:00,4862.69690927157
2020-06-08 00:00:00+00:00,4854.816879644251
2020-06-09 00:00:00+00:00,4852.4794465352
2020-06-10 00:00:00+00:00,4849.274318080716
2020-06-11 00:00:00+00:00,4845.600549066032
2020-06-12 00:00:00+00:00,4834.146281851513
2020-06-15 00:00:00+00:00,4847.6704584113695
2020-06-16 00:00:00+00:00,4838.763312857714
2020-06-17 00:00:00+00:00,4831.664781144604
2020-06-18 00:00:00+00:00,4831.00038172886
2020-06-19 00:00:00+00:00,4816.913091977963
2020-06-22 00:00:00+00:00,4833.68161971464
2020-06-23 00:00:00+00:00,4835.977660925703
2020-06-24 00:00:00+00:00,4835.879068736687
2020-06-25 00:00:00+00:00,4834.557235704712
2020-06-26 00:00:00+00:00,4839.012073502402
2020-06-29 00:00:00+00:00,4845.062175269108
2020-06-30 00:00:00+00:00,4853.679443320505
2020-07-01 00:00:00+00:00,4846.672968065887
2020-07-02 00:00:00+00:00,4842.256340421748
2020-07-03 00:00:00+00:00,4839.539535307702
2020-07-06 00:00:00+00:00,4847.654451301042
2020-07-07 00:00:00+00:00,4864.9905880725
2020-07-08 00:00:00+00:00,4864.571580610279
2020-07-09 00:00:00+00:00,4860.209680801583
2020-07-10 00:00:00+00:00,4853.839992310294
2020-07-13 00:00:00+00:00,4865.4110402571405
2020-07-14 00:00:00+00:00,4861.018384595888
2020-07-15 00:00:00+00:00,4860.516723490541
2020-07-16 00:00:00+00:00,4860.622188660882
2020-07-17 00:00:00+00:00,4865.652488952534
2020-07-20 00:00:00+00:00,4876.393416551283
2020-07-21 00:00:00+00:00,4884.470385262274
2020-07-22 00:00:00+00:00,4892.866101818968
2020-07-23 00:00:00+00:00,4888.233558994378
2020-07-24 00:00:00+00:00,4878.4487866567015
2020-07-27 00:00:00+00:00,4877.913474382832
2020-07-28 00:00:00+00:00,4873.020559297464
2020-07-29 00:00:00+00:00,4881.005546678879
2020-07-30 00:00:00+00:00,4895.146742370002
2020-07-31 00:00:00+00:00,4901.715005583078
2020-08-03 00:00:00+00:00,4910.87161251796
2020-08-04 00:00:00+00:00,4911.2635225559925
2020-08-05 00:00:00+00:00,4908.185238109571
2020-08-06 00:00:00+00:00,4920.173520251725
2020-08-07 00:00:00+00:00,4899.921331215029
2020-08-10 00:00:00+00:00,4901.581283723151
2020-08-11 00:00:00+00:00,4902.297803939141
2020-08-12 00:00:00+00:00,4905.671715392419
2020-08-13 00:00:00+00:00,4899.234217595488
2020-08-14 00:00:00+00:00,4894.3882431682905
2020-08-17 00:00:00+00:00,4899.490794116602
2020-08-18 00:00:00+00:00,4907.2226822041075
2020-08-19 00:00:00+00:00,4898.059994208995
2020-08-20 00:00:00+00:00,4896.125248900661
2020-08-21 00:00:00+00:00,4877.881133894049
2020-08-24 00:00:00+00:00,4880.948912409564
2020-08-25 00:00:00+00:00,4892.629671220583
2020-08-26 00:00:00+00:00,4899.765551672551
2020-08-27 00:00:00+00:00,4914.562792258345
2020-08-28 00:00:00+00:00,4914.660313184224
2020-08-31 00:00:00+00:00,4929.0055756535885
2020-09-01 00:00:00+00:00,4930.215865942052
2020-09-02 00:00:00+00:00,4923.046599183735
2020-09-03 00:00:00+00:00,4909.915437579589
2020-09-04 00:00:00+00:00,4905.138961263461
2020-09-07 00:00:00+00:00,4898.686071606868
2020-09-08 00:00:00+00:00,4883.22035303329
2020-09-09 00:00:00+00:00,4880.489944632444
2020-09-10 00:00:00+00:00,4867.407632946875
2020-09-11 00:00:00+00:00,4865.247485499055
2020-09-14 00:00:00+00:00,4862.774285411762
2020-09-15 00:00:00+00:00,4864.4617165090085
2020-09-16 00:00:00+00:00,4857.0844010590035
2020-09-17 00:00:00+00:00,4856.557729840792
2020-09-18 00:00:00+00:00,4859.263502280495
2020-09-21 00:00:00+00:00,4848.9936109402215
2020-09-22 00:00:00+00:00,4847.800578638993
2020-09-23 00:00:00+00:00,4860.697114416546
2020-09-24 00:00:00+00:00,4854.293715786124
2020-09-25 00:00:00+00:00,4858.761613966142
2020-09-28 00:00:00+00:00,4869.67920238353
2020-09-29 00:00:00+00:00,4885.441386299578
2020-09-30 00:00:00+00:00,4878.352968380281
2020-10-01 00:00:00+00:00,4872.686051831529
2020-10-02 00:00:00+00:00,4861.661149908037
2020-10-05 00:00:00+00:00,4867.564097181763
2020-10-06 00:00:00+00:00,4858.969849713347
2020-10-07 00:00:00+00:00,4860.045981671129
2020-10-08 00:00:00+00:00,4858.813952101652
2020-10-09 00:00:00+00:00,4861.341263445679
2020-10-12 00:00:00+00:00,4858.436779738681
2020-10-13 00:00:00+00:00,4851.3975714896715
2020-10-14 00:00:00+00:00,4851.655705049976
2020-10-15 00:00:00+00:00,4838.124686905157
2020-10-16 00:00:00+00:00,4830.913783547956
2020-10-19 00:00:00+00:00,4838.35583952998
2020-10-20 00:00:00+00:00,4835.032473826051
2020-10-21 00:00:00+00:00,4849.399107037677
2020-10-22 00:00:00+00:00,4842.924826895141
2020-10-23 00:00:00+00:00,4837.8915252231045
2020-10-26 00:00:00+00:00,4841.9502785692075
2020-10-27 00:00:00+00:00,4840.542671728906
2020-10-28 00:00:00+00:00,4834.846810538524
2020-10-29 00:00:00+00:00,4830.624052110966
2020-10-30 00:00:00+00:00,4822.7798337326085
2020-11-02 00:00:00+00:00,4830.564338249558
2020-11-03 00:00:00+00:00,4839.059352227045
2020-11-04 00:00:00+00:00,4831.224136268523
2020-11-05 00:00:00+00:00,4836.78249305066
2020-11-06 00:00:00+00:00,4831.3504236881845
2020-11-09 00:00:00+00:00,4856.352305371278
2020-11-10 00:00:00+00:00,4864.611112476305
2020-11-11 00:00:00+00:00,4870.611929596371
2020-11-12 00:00:00+00:00,4861.894318288162
2020-11-13 00:00:00+00:00,4853.709888653239
2020-11-16 00:00:00+00:00,4861.491741080303
2020-11-17 00:00:00+00:00,4859.417548857975
2020-11-18 00:00:00+00:00,4858.2363597045905
2020-11-19 00:00:00+00:00,4852.03487221045
2020-11-20 00:00:00+00:00,4852.737604784322
2020-11-23 00:00:00+00:00,4862.823454055314
2020-11-24 00:00:00+00:00,4870.202352046711
2020-11-25 00:00:00+00:00,4874.086719270255
2020-11-26 00:00:00+00:00,4871.288996525464
2020-11-27 00:00:00+00:00,4870.6751537425125
2020-11-30 00:00:00+00:00,4875.17744551518
2020-12-01 00:00:00+00:00,4887.370535516405
2020-12-02 00:00:00+00:00,4888.053188187748
2020-12-03 00:00:00+00:00,4883.483656497283
2020-12-04 00:00:00+00:00,4875.577072138489
2020-12-07 00:00:00+00:00,4873.240876569027
2020-12-08 00:00:00+00:00,4868.756724420094
2020-12-09 00:00:00+00:00,4873.024236933289
2020-12-10 00:00:00+00:00,4884.004246377902
2020-12-11 00:00:00+00:00,4879.829863777504
2020-12-14 00:00:00+00:00,4890.648648886959
2020-12-15 00:00:00+00:00,4883.950997807742
2020-12-16 00:00:00+00:00,4891.367090736531
2020-12-17 00:00:00+00:00,4901.532881100442
2020-12-18 00:00:00+00:00,4900.9304316284015
2020-12-21 00:00:00+00:00,4898.233778257262
2020-12-22 00:00:00+00:00,4889.090625122221
2020-12-23 00:00:00+00:00,4899.6443791096635
2020-12-24 00:00:00+00:00,4901.042530801295
2020-12-28 00:00:00+00:00,4903.53066391713
2020-12-29 00:00:00+00:00,4906.362312821493
2020-12-30 00:00:00+00:00,4918.487267446501
2020-12-31 00:00:00+00:00,4912.176643304877
2021-01-04 00:00:00+00:00,4909.363425284464
2021-01-05 00:00:00+00:00,4916.31512860899
2021-01-06 00:00:00+00:00,4920.2504425036
2021-01-07 00:00:00+00:00,4932.028159682317
2021-01-08 00:00:00+00:00,4922.348026245322
2021-01-11 00:00:00+00:00,4920.766890627557
2021-01-12 00:00:00+00:00,4926.032117489464
2021-01-13 00:00:00+00:00,4917.229855084807
2021-01-14 00:00:00+00:00,4916.226284283533
2021-01-15 00:00:00+00:00,4899.82332373855
2021-01-18 00:00:00+00:00,4892.857083461435
2021-01-19 00:00:00+00:00,4904.117191744793
2021-01-20 00:00:00+00:00,4901.922791900465
2021-01-21 00:00:00+00:00,4917.07066563127
2021-01-22 00:00:00+00:00,4920.66264501375
2021-01-25 00:00:00+00:00,4926.025932007478
2021-01-26 00:00:00+00:00,4928.547447996869
2021-01-27 00:00:00+00:00,4929.509247928968
2021-01-28 00:00:00+00:00,4936.597570905671
2021-01-29 00:00:00+00:00,4948.854203430273
2021-02-01 00:00:00+00:00,4940.318814050907
2021-02-02 00:00:00+00:00,4932.247821953616
2021-02-03 00:00:00+00:00,4935.96332528537
2021-02-04 00:00:00+00:00,4942.143748951536
2021-02-05 00:00:00+00:00,4942.908965131216
2021-02-08 00:00:00+00:00,4946.949728653256
2021-02-09 00:00:00+00:00,4948.7754097818215
2021-02-10 00:00:00+00:00,4943.950261577339
2021-02-11 00:00:00+00:00,4947.144150511139
2021-02-12 00:00:00+00:00,4949.309293956312
2021-02-15 00:00:00+00:00,4959.401206269117
2021-02-16 00:00:00+00:00,4972.540671299509
2021-02-17 00:00:00+00:00,4964.476208591468
2021-02-18 00:00:00+00:00,4977.952717883421
2021-02-19 00:00:00+00:00,4992.6046000578635
2021-02-22 00:00:00+00:00,5010.2005095528
2021-02-23 00:00:00+00:00,5012.786732979861
2021-02-24 00:00:00+00:00,5028.997956166688
2021-02-25 00:00:00+00:00,5029.9626517915885
2021-02-26 00:00:00+00:00,5003.873958358957
2021-03-01 00:00:00+00:00,5008.073960981895
2021-03-02 00:00:00+00:00,5014.612426407247
2021-03-03 00:00:00+00:00,5023.390171821271
2021-03-04 00:00:00+00:00,5025.1301028493235
2021-03-05 00:00:00+00:00,5017.5007510386195
2021-03-08 00:00:00+00:00,5026.461185409985
2021-03-09 00:00:00+00:00,5021.346210156011
2021-03-10 00:00:00+00:00,5023.092513097626
2021-03-11 00:00:00+00:00,5025.235640114287
2021-03-12 00:00:00+00:00,5019.445675561442
2021-03-15 00:00:00+00:00,5017.02299455162
2021-03-16 00:00:00+00:00,5009.4667742351
2021-03-17 00:00:00+00:00,5017.285407847598
2021-03-18 00:00:00+00:00,5009.232343297995
2021-03-19 00:00:00+00:00,5003.718871207415
2021-03-22 00:00:00+00:00,5007.260392703283
2021-03-23 00:00:00+00:00,4984.225923925113
2021-03-24 00:00:00+00:00,4976.21696214831
2021-03-25 00:00:00+00:00,4975.40550811906
2021-03-26 00:00:00+00:00,4990.294355902166
2021-03-29 00:00:00+00:00,4988.970735833733
2021-03-30 00:00:00+00:00,4988.7256093105625
2021-03-31 00:00:00+00:00,4990.545003737074
2021-04-01 00:00:00+00:00,4994.476637767006
2021-04-02 00:00:00+00:00,4994.223717502919
2021-04-05 00:00:00+00:00,4999.142290178156
2021-04-06 00:00:00+00:00,4990.217470632104
2021-04-07 00:00:00+00:00,4980.824813567219
2021-04-08 00:00:00+00:00,4974.991674124021
2021-04-09 00:00:00+00:00,4973.288121286754
2021-04-12 00:00:00+00:00,4972.70733574025
2021-04-13 00:00:00+00:00,4972.4712916965245
2021-04-14 00:00:00+00:00,4987.648058502242
2021-04-15 00:00:00+00:00,4986.6900889761855
2021-04-16 00:00:00+00:00,4984.995625765159
2021-04-19 00:00:00+00:00,4990.53596078253
2021-04-20 00:00:00+00:00,4991.742228402051
2021-04-21 00:00:00+00:00,4989.631997505281
2021-04-22 00:00:00+00:00,4976.022981897618
2021-04-23 00:00:00+00:00,4983.043312556574
2021-04-26 00:00:00+00:00,4991.78313777817
2021-04-27 00:00:00+00:00,5001.635854675807
2021-04-28 00:00:00+00:00,5000.002532095641
2021-04-29 00:00:00+00:00,5004.831030917874
2021-04-30 00:00:00+00:00,4990.489725516285
2021-05-03 00:00:00+00:00,4999.520613562574
2021-05-04 00:00:00+00:00,4993.202086058947
2021-05-05 00:00:00+00:00,4999.395536501572
2021-05-06 00:00:00+00:00,4994.983092074368
2021-05-07 00:00:00+00:00,5000.231511255514
2021-05-10 00:00:00+00:00,5007.150207802418
2021-05-11 00:00:00+00:00,5011.079357090233
2021-05-12 00:00:00+00:00,5005.363640894593
2021-05-13 00:00:00+00:00,4997.1009787698285
2021-05-14 00:00:00+00:00,5003.726806954033
2021-05-17 00:00:00+00:00,5000.582200759283
2021-05-18 00:00:00+00:00,5010.0244426513755
2021-05-19 00:00:00+00:00,5003.663254074967
2021-05-20 00:00:00+00:00,5005.299174143194
2021-05-21 00:00:00+00:00,4996.759095434169
2021-05-24 00:00:00+00:00,4999.3332685329115
2021-05-25 00:00:00+00:00,5005.398114485088
2021-05-26 00:00:00+00:00,5009.897612772136
2021-05-27 00:00:00+00:00,5023.766196839263
2021-05-28 00:00:00+00:00,5016.995809899687
2021-05-31 00:00:00+00:00,5021.219524089378
2021-06-01 00:00:00+00:00,5016.9357649979065
2021-06-02 00:00:00+00:00,5014.318275947751
2021-06-03 00:00:00+00:00,5010.160601948556
2021-06-04 00:00:00+00:00,5010.2479067747645
2021-06-07 00:00:00+00:00,5007.440234695721
2021-06-08 00:00:00+00:00,5001.530412399234
2021-06-09 00:00:00+00:00,4999.48581358751
2021-06-10 00:00:00+00:00,4999.6075486726395
2021-06-11 00:00:00+00:00,4994.306920898369
2021-06-14 00:00:00+00:00,5005.779456015489
2021-06-15 00:00:00+00:00,5003.251304997475
2021-06-16 00:00:00+00:00,5003.118876281007
2021-06-17 00:00:00+00:00,4984.667418691747
2021-06-18 00:00:00+00:00,4976.328371898105
2021-06-21 00:00:00+00:00,4987.013590320305
2021-06-22 00:00:00+00:00,4992.76823712492
2021-06-23 00:00:00+00:00,4995.863207962792
2021-06-24 00:00:00+00:00,4984.117647050182
2021-06-25 00:00:00+00:00,4979.052126654982
2021-06-28 00:00:00+00:00,4974.099557629319
2021-06-29 00:00:00+00:00,4964.000694159542
2021-06-30 00:00:00+00:00,4971.650180257717
2021-07-01 00:00:00+00:00,4972.874725119773
2021-07-02 00:00:00+00:00,4966.0243899810175
2021-07-05 00:00:00+00:00,4970.321089681884
2021-07-06 00:00:00+00:00,4967.991201374057
2021-07-07 00:00:00+00:00,4963.796177878991
2021-07-08 00:00:00+00:00,4943.821314296261
2021-07-09 00:00:00+00:00,4959.547196493269
2021-07-12 00:00:00+00:00,4959.275785204749
2021-07-13 00:00:00+00:00,4956.09695253391
2021-07-14 00:00:00+00:00,4958.0967786092
2021-07-15 00:00:00+00:00,4950.539640478663
2021-07-16 00:00:00+00:00,4947.402964215024
2021-07-19 00:00:00+00:00,4935.864441403813
2021-07-20 00:00:00+00:00,4934.568996683255
2021-07-21 00:00:00+00:00,4945.916766000989
2021-07-22 00:00:00+00:00,4947.418466254145
2021-07-23 00:00:00+00:00,4947.782268600458
2021-07-26 00:00:00+00:00,4955.029213562935
2021-07-27 00:00:00+00:00,4946.855339191034
2021-07-28 00:00:00+00:00,4946.239349362741
2021-07-29 00:00:00+00:00,4946.64813550932
2021-07-30 00:00:00+00:00,4938.773648111322
2021-08-02 00:00:00+00:00,4936.320767838428
2021-08-03 00:00:00+00:00,4940.3843730626495
2021-08-04 00:00:00+00:00,4947.134628860302
2021-08-05 00:00:00+00:00,4952.893317634013
2021-08-06 00:00:00+00:00,4951.541416143863
2021-08-09 00:00:00+00:00,4949.042574400356
2021-08-10 00:00:00+00:00,4952.507598301898
2021-08-11 00:00:00+00:00,4953.555193158814
2021-08-12 00:00:00+00:00,4945.145733923639
2021-08-13 00:00:00+00:00,4942.6063171170845
2021-08-16 00:00:00+00:00,4932.462037064374
2021-08-17 00:00:00+00:00,4917.3510543622
2021-08-18 00:00:00+00:00,4920.460286548159
2021-08-19 00:00:00+00:00,4909.041656978164
2021-08-20 00:00:00+00:00,4914.282515163938
2021-08-23 00:00:00+00:00,4924.666000699779
2021-08-24 00:00:00+00:00,4927.383570098932
2021-08-25 00:00:00+00:00,4940.883551004775
2021-08-26 00:00:00+00:00,4940.877427837411
2021-08-27 00:00:00+00:00,4942.826820680247
2021-08-30 00:00:00+00:00,4944.181356244393
2021-08-31 00:00:00+00:00,4948.679323308733
2021-09-01 00:00:00+00:00,4955.094255223727
2021-09-02 00:00:00+00:00,4963.693051165607
2021-09-03 00:00:00+00:00,4967.053961001468
2021-09-06 00:00:00+00:00,4964.6392906826895
2021-09-07 00:00:00+00:00,4965.735571603636
2021-09-08 00:00:00+00:00,4962.742636900037
2021-09-09 00:00:00+00:00,4957.355818873863
2021-09-10 00:00:00+00:00,4959.373051095471
2021-09-13 00:00:00+00:00,4961.732892827783
2021-09-14 00:00:00+00:00,4952.712052749585
2021-09-15 00:00:00+00:00,4949.469607574465
2021-09-16 00:00:00+00:00,4949.392769385859
2021-09-17 00:00:00+00:00,4948.172623006341
2021-09-20 00:00:00+00:00,4937.661744930952
2021-09-21 00:00:00+00:00,4930.573112499926
2021-09-22 00:00:00+00:00,4929.743357136655
2021-09-23 00:00:00+00:00,4949.656524964617
2021-09-24 00:00:00+00:00,4943.62205667011
2021-09-27 00:00:00+00:00,4950.415906827781
2021-09-28 00:00:00+00:00,4947.307592344236
2021-09-29 00:00:00+00:00,4937.5352704023035
2021-09-30 00:00:00+00:00,4936.5519237052085
2021-10-01 00:00:00+00:00,4937.166948686345
2021-10-04 00:00:00+00:00,4941.076987789704
2021-10-05 00:00:00+00:00,4951.763109589906
2021-10-06 00:00:00+00:00,4939.0487868028395
2021-10-07 00:00:00+00:00,4947.92753580794
2021-10-08 00:00:00+00:00,4954.976709056082
2021-10-11 00:00:00+00:00,4974.811349884078
2021-10-12 00:00:00+00:00,4974.841627699723
2021-10-13 00:00:00+00:00,4974.273812337394
2021-10-14 00:00:00+00:00,4985.45078733627
2021-10-15 00:00:00+00:00,4991.961635516037
2021-10-18 00:00:00+00:00,4998.564133716716
2021-10-19 00:00:00+00:00,5008.420442911438
2021-10-20 00:00:00+00:00,5012.717100865382
2021-10-21 00:00:00+00:00,5002.332243974437
2021-10-22 00:00:00+00:00,4989.614940061925
2021-10-25 00:00:00+00:00,4995.929298484117
2021-10-26 00:00:00+00:00,5002.3706898978
2021-10-27 00:00:00+00:00,4999.337579249548
2021-10-28 00:00:00+00:00,5009.388397067473
2021-10-29 00:00:00+00:00,4999.856355286625
2021-11-01 00:00:00+00:00,5010.29069824571
2021-11-02 00:00:00+00:00,4994.256907811209
2021-11-03 00:00:00+00:00,4998.4192022217285
2021-11-04 00:00:00+00:00,4973.745856272092
2021-11-05 00:00:00+00:00,4963.087107379705
2021-11-08 00:00:00+00:00,4973.439094238018
2021-11-09 00:00:00+00:00,4961.864118171746
2021-11-10 00:00:00+00:00,4960.289951469808
2021-11-11 00:00:00+00:00,4956.237028897242
2021-11-12 00:00:00+00:00,4957.1091683823315
2021-11-15 00:00:00+00:00,4958.685772135589
2021-11-16 00:00:00+00:00,4964.454169358208
2021-11-17 00:00:00+00:00,4954.532480532719
2021-11-18 00:00:00+00:00,4966.91746132915
2021-11-19 00:00:00+00:00,4951.140215030265
2021-11-22 00:00:00+00:00,4961.4837925877
2021-11-23 00:00:00+00:00,4969.192719442024
2021-11-24 00:00:00+00:00,4963.924577227684
2021-11-25 00:00:00+00:00,4966.140423294517
2021-11-26 00:00:00+00:00,4952.692759392486
2021-11-29 00:00:00+00:00,4945.853217805782
2021-11-30 00:00:00+00:00,4935.284414237906
2021-12-01 00:00:00+00:00,4929.152174666556
2021-12-02 00:00:00+00:00,4925.1946297008
2021-12-03 00:00:00+00:00,4904.21072541117
2021-12-06 00:00:00+00:00,4916.718319751108
2021-12-07 00:00:00+00:00,4912.6350447024815
2021-12-08 00:00:00+00:00,4917.859311561223
2021-12-09 00:00:00+00:00,4914.782265707751
2021-12-10 00:00:00+00:00,4916.011109426761
2021-12-13 00:00:00+00:00,4915.006227900119
2021-12-14 00:00:00+00:00,4920.734314216571
2021-12-15 00:00:00+00:00,4930.0088637612325
2021-12-16 00:00:00+00:00,4925.637812431893
2021-12-17 00:00:00+00:00,4908.594420758459
2021-12-20 00:00:00+00:00,4906.4473817358685
2021-12-21 00:00:00+00:00,4924.125769030707
2021-12-22 00:00:00+00:00,4934.522524957659
2021-12-23 00:00:00+00:00,4940.846562889787
2021-12-24 00:00:00+00:00,4934.043536208034
2021-12-27 00:00:00+00:00,4948.448550764808
2021-12-28 00:00:00+00:00,4943.620393698821
2021-12-29 00:00:00+00:00,4951.403511982739
2021-12-30 00:00:00+00:00,4945.675347974909
2021-12-31 00:00:00+00:00,4947.869014832792
2022-01-03 00:00:00+00:00,4941.503265099301
2022-01-04 00:00:00+00:00,4956.499327568293
2022-01-05 00:00:00+00:00,4961.189144274255
2022-01-06 00:00:00+00:00,4946.479097318716
2022-01-07 00:00:00+00:00,4948.945337467235
2022-01-10 00:00:00+00:00,4942.27079343561
2022-01-11 00:00:00+00:00,4951.9556142318415
2022-01-12 00:00:00+00:00,4956.5078584009125
2022-01-13 00:00:00+00:00,4952.165279285569
2022-01-14 00:00:00+00:00,4935.6638145801635
2022-01-17 00:00:00+00:00,4939.163369720646
2022-01-18 00:00:00+00:00,4929.086729101641
2022-01-19 00:00:00+00:00,4933.706267864754
2022-01-20 00:00:00+00:00,4927.656113120041
2022-01-21 00:00:00+00:00,4912.602110965519
2022-01-24 00:00:00+00:00,4912.260385024463
2022-01-25 00:00:00+00:00,4914.373995900667
2022-01-26 00:00:00+00:00,4917.412840044833
2022-01-27 00:00:00+00:00,4909.476903448545
2022-01-28 00:00:00+00:00,4904.035041943667
2022-01-31 00:00:00+00:00,4912.909019212903
2022-02-01 00:00:00+00:00,4918.672954701784
2022-02-02 00:00:00+00:00,4921.126329826868
2022-02-03 00:00:00+00:00,4942.584895410671
2022-02-04 00:00:00+00:00,4945.27652833621
2022-02-07 00:00:00+00:00,4940.9792369566785
2022-02-08 00:00:00+00:00,4949.478230293222
2022-02-09 00:00:00+00:00,4949.258445722167
2022-02-10 00:00:00+00:00,4960.867018623777
2022-02-11 00:00:00+00:00,4940.454819938578
2022-02-14 00:00:00+00:00,4930.072943039222
2022-02-15 00:00:00+00:00,4938.84394114938
2022-02-16 00:00:00+00:00,4942.625956861907
2022-02-17 00:00:00+00:00,4936.954052574354
2022-02-18 00:00:00+00:00,4932.396433876818
2022-02-21 00:00:00+00:00,4930.39920097389
2022-02-22 00:00:00+00:00,4941.748454020398
2022-02-23 00:00:00+00:00,4935.788989128177
2022-02-24 00:00:00+00:00,4926.657111936299
2022-02-25 00:00:00+00:00,4933.481126805517
2022-02-28 00:00:00+00:00,4926.767310877773
2022-03-01 00:00:00+00:00,4917.022691792784
2022-03-02 00:00:00+00:00,4931.875364449461
2022-03-03 00:00:00+00:00,4927.246299540531
2022-03-04 00:00:00+00:00,4916.613452810783
2022-03-07 00:00:00+00:00,4921.050782412039
2022-03-08 00:00:00+00:00,4928.819857476066
2022-03-09 00:00:00+00:00,4939.635186805934
2022-03-10 00:00:00+00:00,4935.26029940232
2022-03-11 00:00:00+00:00,4929.448993468902
2022-03-14 00:00:00+00:00,4935.880565727596
2022-03-15 00:00:00+00:00,4940.152157095927
2022-03-16 00:00:00+00:00,4961.321372266228
2022-03-17 00:00:00+00:00,4968.350772112299
2022-03-18 00:00:00+00:00,4968.822091559009
2022-03-21 00:00:00+00:00,4966.408433070468
2022-03-22 00:00:00+00:00,4997.1941900923675
2022-03-23 00:00:00+00:00,4995.905788537435
2022-03-24 00:00:00+00:00,5002.552695385209
2022-03-25 00:00:00+00:00,4992.832601233927
2022-03-28 00:00:00+00:00,5006.845107146772
2022-03-29 00:00:00+00:00,5004.037198220809
2022-03-30 00:00:00+00:00,4995.830947018718
2022-03-31 00:00:00+00:00,4981.270803542683
2022-04-01 00:00:00+00:00,4988.182523386624
2022-04-04 00:00:00+00:00,4989.179681732731
2022-04-05 00:00:00+00:00,5000.657749376136
2022-04-06 00:00:00+00:00,5002.466400947367
2022-04-07 00:00:00+00:00,4999.256812822907
2022-04-08 00:00:00+00:00,4991.8112320082
2022-04-11 00:00:00+00:00,4999.307087475794
2022-04-12 00:00:00+00:00,4994.401774538833
2022-04-13 00:00:00+00:00,5001.053465698902
2022-04-14 00:00:00+00:00,5004.661614882144
2022-04-15 00:00:00+00:00,5004.284573629846
2022-04-18 00:00:00+00:00,4998.583981644339
2022-04-19 00:00:00+00:00,5031.850944919794
2022-04-20 00:00:00+00:00,5033.049023042564
2022-04-21 00:00:00+00:00,5036.452923474631
2022-04-22 00:00:00+00:00,5011.120425305563
2022-04-25 00:00:00+00:00,4989.321693018346
2022-04-26 00:00:00+00:00,4964.982899186895
2022-04-27 00:00:00+00:00,4969.131242305721
2022-04-28 00:00:00+00:00,4980.841107075827
2022-04-29 00:00:00+00:00,4977.931433601687
2022-05-02 00:00:00+00:00,4974.687914859306
2022-05-03 00:00:00+00:00,4974.4878662554365
2022-05-04 00:00:00+00:00,4985.952925797779
2022-05-05 00:00:00+00:00,4969.150803802669
2022-05-06 00:00:00+00:00,4968.057381725853
2022-05-09 00:00:00+00:00,4966.546275161878
2022-05-10 00:00:00+00:00,4962.006760539085
2022-05-11 00:00:00+00:00,4946.768546468784
2022-05-12 00:00:00+00:00,4906.151447831838
2022-05-13 00:00:00+00:00,4924.4877358827225
2022-05-16 00:00:00+00:00,4928.221170441203
2022-05-17 00:00:00+00:00,4953.705472433848
2022-05-18 00:00:00+00:00,4913.985088435685
2022-05-19 00:00:00+00:00,4927.315461422087
2022-05-20 00:00:00+00:00,4928.507751569635
2022-05-23 00:00:00+00:00,4952.299824561977
2022-05-24 00:00:00+00:00,4935.987425985057
2022-05-25 00:00:00+00:00,4939.927568344428
2022-05-26 00:00:00+00:00,4940.142697594931
2022-05-27 00:00:00+00:00,4942.708363627381
2022-05-30 00:00:00+00:00,4954.032399066901
2022-05-31 00:00:00+00:00,4959.385066894679
2022-06-01 00:00:00+00:00,4960.999732791847
2022-06-02 00:00:00+00:00,4975.9239205493395
2022-06-03 00:00:00+00:00,4973.413432092202
2022-06-06 00:00:00+00:00,4988.522398348733
2022-06-07 00:00:00+00:00,5004.063614973597
2022-06-08 00:00:00+00:00,5019.166783879089
2022-06-09 00:00:00+00:00,5004.650287439752
2022-06-10 00:00:00+00:00,4992.288608204623
2022-06-13 00:00:00+00:00,4978.180426877903
2022-06-14 00:00:00+00:00,4982.171153675061
2022-06-15 00:00:00+00:00,4978.2862628326775
2022-06-16 00:00:00+00:00,4982.59289373288
2022-06-17 00:00:00+00:00,4990.464118068816
2022-06-20 00:00:00+00:00,4992.173975994123
2022-06-21 00:00:00+00:00,5007.701296701181
2022-06-22 00:00:00+00:00,4997.361735493073
2022-06-23 00:00:00+00:00,4973.794967891142
2022-06-24 00:00:00+00:00,4978.886279199838
2022-06-27 00:00:00+00:00,4981.593387446864
2022-06-28 00:00:00+00:00,4978.180920218489
2022-06-29 00:00:00+00:00,4967.50501098572
2022-06-30 00:00:00+00:00,4967.631707530303
2022-07-01 00:00:00+00:00,4947.659636737186
2022-07-04 00:00:00+00:00,4956.779376939094
2022-07-05 00:00:00+00:00,4942.91917960488
2022-07-06 00:00:00+00:00,4937.982705120177
2022-07-07 00:00:00+00:00,4943.480191518888
2022-07-08 00:00:00+00:00,4948.760161227704
2022-07-11 00:00:00+00:00,4940.401446115764
2022-07-12 00:00:00+00:00,4939.995094115069
2022-07-13 00:00:00+00:00,4938.44793096364
2022-07-14 00:00:00+00:00,4958.876220135614
2022-07-15 00:00:00+00:00,4952.952268942925
2022-07-18 00:00:00+00:00,4958.381951238236
2022-07-19 00:00:00+00:00,4975.143570864312
2022-07-20 00:00:00+00:00,4970.706538757336
2022-07-21 00:00:00+00:00,4971.870371405315
2022-07-22 00:00:00+00:00,4950.658817180176
2022-07-25 00:00:00+00:00,4962.0456211495975
2022-07-26 00:00:00+00:00,4951.055716028979
2022-07-27 00:00:00+00:00,4964.731789710049
2022-07-28 00:00:00+00:00,4935.467285618251
2022-07-29 00:00:00+00:00,4924.68016904361
2022-08-01 00:00:00+00:00,4923.180271918225
2022-08-02 00:00:00+00:00,4931.907681516308
2022-08-03 00:00:00+00:00,4930.831037070909
2022-08-04 00:00:00+00:00,4926.781106594052
2022-08-05 00:00:00+00:00,4936.331829435219
2022-08-08 00:00:00+00:00,4936.152312397
2022-08-09 00:00:00+00:00,4936.795113242746
2022-08-10 00:00:00+00:00,4933.5896657201365
2022-08-11 00:00:00+00:00,4936.1018860917275
2022-08-12 00:00:00+00:00,4928.228970956719
2022-08-15 00:00:00+00:00,4907.3557582409785
2022-08-16 00:00:00+00:00,4921.902529589753
2022-08-17 00:00:00+00:00,4922.898344028061
2022-08-18 00:00:00+00:00,4919.569017330441
2022-08-19 00:00:00+00:00,4914.954015364994
2022-08-22 00:00:00+00:00,4911.466158713052
2022-08-23 00:00:00+00:00,4908.755900105415
2022-08-24 00:00:00+00:00,4905.533489262901
2022-08-25 00:00:00+00:00,4908.8304390951835
2022-08-26 00:00:00+00:00,4908.493696861401
2022-08-29 00:00:00+00:00,4923.401620906387
2022-08-30 00:00:00+00:00,4927.885284354901
2022-08-31 00:00:00+00:00,4931.343973659611
2022-09-01 00:00:00+00:00,4927.560643503251
2022-09-02 00:00:00+00:00,4920.254104207385
2022-09-05 00:00:00+00:00,4920.823804709113
2022-09-06 00:00:00+00:00,4941.564897802856
2022-09-07 00:00:00+00:00,4958.816589278817
2022-09-08 00:00:00+00:00,4953.567516741212
2022-09-09 00:00:00+00:00,4945.603109639829
2022-09-12 00:00:00+00:00,4964.42040889895
2022-09-13 00:00:00+00:00,4949.919707691265
2022-09-14 00:00:00+00:00,4934.450580887446
2022-09-15 00:00:00+00:00,4937.508529274115
2022-09-16 00:00:00+00:00,4934.013948920246
2022-09-19 00:00:00+00:00,4932.467133938979
2022-09-20 00:00:00+00:00,4929.148951405209
2022-09-21 00:00:00+00:00,4908.196425029284
2022-09-22 00:00:00+00:00,4895.212295189541
2022-09-23 00:00:00+00:00,4857.66453746728
2022-09-26 00:00:00+00:00,4858.344592840785
2022-09-27 00:00:00+00:00,4855.914065536885
2022-09-28 00:00:00+00:00,4868.261899381965
2022-09-29 00:00:00+00:00,4898.264349891864
2022-09-30 00:00:00+00:00,4896.271099521556
2022-10-03 00:00:00+00:00,4918.812400925169
2022-10-04 00:00:00+00:00,4927.753898936974
2022-10-05 00:00:00+00:00,4920.027941705122
2022-10-06 00:00:00+00:00,4903.659054746329
2022-10-07 00:00:00+00:00,4885.8965292737275
2022-10-10 00:00:00+00:00,4878.750061525523
2022-10-11 00:00:00+00:00,4877.882285382296
2022-10-12 00:00:00+00:00,4898.98580309758
2022-10-13 00:00:00+00:00,4927.441908023528
2022-10-14 00:00:00+00:00,4923.650882646896
2022-10-17 00:00:00+00:00,4953.074770137513
2022-10-18 00:00:00+00:00,4959.317626037293
2022-10-19 00:00:00+00:00,4956.754415227975
2022-10-20 00:00:00+00:00,4959.658749102967
2022-10-21 00:00:00+00:00,4948.253024380768
2022-10-24 00:00:00+00:00,4957.420615975496
2022-10-25 00:00:00+00:00,4971.318715303184
2022-10-26 00:00:00+00:00,4984.782961745804
2022-10-27 00:00:00+00:00,4964.933215177516
2022-10-28 00:00:00+00:00,4978.686746496496
2022-10-31 00:00:00+00:00,4976.416884135422
2022-11-01 00:00:00+00:00,4973.1884982147385
2022-11-02 00:00:00+00:00,4954.7873789553605
2022-11-03 00:00:00+00:00,4930.827832118582
2022-11-04 00:00:00+00:00,4950.939033210354
2022-11-07 00:00:00+00:00,4965.460239241798
2022-11-08 00:00:00+00:00,4964.11765865673
2022-11-09 00:00:00+00:00,4945.813786282784
2022-11-10 00:00:00+00:00,4929.517337209476
2022-11-11 00:00:00+00:00,4929.828098387199
2022-11-14 00:00:00+00:00,4933.690791018595
2022-11-15 00:00:00+00:00,4942.996583643646
2022-11-16 00:00:00+00:00,4954.31498890449
2022-11-17 00:00:00+00:00,4956.251493321291
2022-11-18 00:00:00+00:00,4959.535189388821
2022-11-21 00:00:00+00:00,4967.367004398203
2022-11-22 00:00:00+00:00,4964.993469138364
2022-11-23 00:00:00+00:00,4973.092482076584
2022-11-24 00:00:00+00:00,4971.51112323537
2022-11-25 00:00:00+00:00,4971.325394393666
2022-11-28 00:00:00+00:00,4948.434030509519
2022-11-29 00:00:00+00:00,4950.705718235526
2022-11-30 00:00:00+00:00,4965.623375554584
2022-12-01 00:00:00+00:00,4958.169346750823
2022-12-02 00:00:00+00:00,4961.701669574607
2022-12-05 00:00:00+00:00,4982.411750921908
2022-12-06 00:00:00+00:00,4981.323460688694
2022-12-07 00:00:00+00:00,4988.3043811708085
2022-12-08 00:00:00+00:00,4994.827567886134
2022-12-09 00:00:00+00:00,4999.512266083532
2022-12-12 00:00:00+00:00,5013.297760140122
2022-12-13 00:00:00+00:00,5002.7599107812985
2022-12-14 00:00:00+00:00,5011.107016872872
2022-12-15 00:00:00+00:00,5005.068609856705
2022-12-16 00:00:00+00:00,4991.035950611771
2022-12-19 00:00:00+00:00,4993.738623512673
2022-12-20 00:00:00+00:00,4929.554691574846
2022-12-21 00:00:00+00:00,4924.18814556215
2022-12-22 00:00:00+00:00,4915.136469491311
2022-12-23 00:00:00+00:00,4921.4192495661455
2022-12-27 00:00:00+00:00,4929.846265778601
2022-12-28 00:00:00+00:00,4942.95200225917
2022-12-29 00:00:00+00:00,4935.023477297755
2022-12-30 00:00:00+00:00,4919.461821807599
2023-01-03 00:00:00+00:00,4893.649948110319
2023-01-04 00:00:00+00:00,4922.520708219302
2023-01-05 00:00:00+00:00,4908.333898759997
2023-01-06 00:00:00+00:00,4919.326982730239
2023-01-09 00:00:00+00:00,4931.572238327391
2023-01-10 00:00:00+00:00,4931.8159207378585
2023-01-11 00:00:00+00:00,4937.292989980968
2023-01-12 00:00:00+00:00,4912.759054195308
2023-01-13 00:00:00+00:00,4893.80412771421
2023-01-16 00:00:00+00:00,4897.722636734049
2023-01-17 00:00:00+00:00,4895.26691296928
2023-01-18 00:00:00+00:00,4915.699723044126
2023-01-19 00:00:00+00:00,4913.009824085604
2023-01-20 00:00:00+00:00,4933.202437528843
2023-01-23 00:00:00+00:00,4951.920112854477
2023-01-24 00:00:00+00:00,4946.569897616067
2023-01-25 00:00:00+00:00,4948.369288310114
2023-01-26 00:00:00+00:00,4954.1989470199405
2023-01-27 00:00:00+00:00,4943.854140784917
2023-01-30 00:00:00+00:00,4945.391704015915
2023-01-31 00:00:00+00:00,4934.247932939326
2023-02-01 00:00:00+00:00,4935.654758423468
2023-02-02 00:00:00+00:00,4913.756752510887
2023-02-03 00:00:00+00:00,4915.546973477211
2023-02-06 00:00:00+00:00,4929.069242104513
2023-02-07 00:00:00+00:00,4906.019482816925
2023-02-08 00:00:00+00:00,4909.075592863856
2023-02-09 00:00:00+00:00,4915.425305487529
2023-02-10 00:00:00+00:00,4892.1729263437055
2023-02-13 00:00:00+00:00,4916.866168312042
2023-02-14 00:00:00+00:00,4928.627887906649
2023-02-15 00:00:00+00:00,4921.229706795575
2023-02-16 00:00:00+00:00,4912.82306593402
2023-02-17 00:00:00+00:00,4913.50489337392
2023-02-20 00:00:00+00:00,4914.165905996691
2023-02-21 00:00:00+00:00,4926.951815140408
2023-02-22 00:00:00+00:00,4913.142570096369
2023-02-23 00:00:00+00:00,4911.803921808102
2023-02-24 00:00:00+00:00,4916.480934918069
2023-02-27 00:00:00+00:00,4925.3526303025155
2023-02-28 00:00:00+00:00,4923.769182604939
2023-03-01 00:00:00+00:00,4932.218854448021
2023-03-02 00:00:00+00:00,4922.86891523976
2023-03-03 00:00:00+00:00,4917.63209732241
2023-03-06 00:00:00+00:00,4915.630618911093
2023-03-07 00:00:00+00:00,4900.920462139096
2023-03-08 00:00:00+00:00,4901.998199841609
2023-03-09 00:00:00+00:00,4903.988947319412
2023-03-10 00:00:00+00:00,4901.438989986185
2023-03-13 00:00:00+00:00,4919.9858517144585
2023-03-14 00:00:00+00:00,4922.334393114935
2023-03-15 00:00:00+00:00,4906.84592758887
2023-03-16 00:00:00+00:00,4909.080465053003
2023-03-17 00:00:00+00:00,4906.839523445627
2023-03-20 00:00:00+00:00,4913.610900111424
2023-03-21 00:00:00+00:00,4910.689027310662
2023-03-22 00:00:00+00:00,4912.075212117286
2023-03-23 00:00:00+00:00,4903.675807446258
2023-03-24 00:00:00+00:00,4882.874457166983
2023-03-27 00:00:00+00:00,4893.680868981758
2023-03-28 00:00:00+00:00,4898.756734273315
2023-03-29 00:00:00+00:00,4909.976032569318
2023-03-30 00:00:00+00:00,4919.318219664882
2023-03-31 00:00:00+00:00,4906.381770040241
2023-04-03 00:00:00+00:00,4920.133438222751
2023-04-04 00:00:00+00:00,4921.602062986319
2023-04-05 00:00:00+00:00,4912.5488469468855
2023-04-06 00:00:00+00:00,4908.099896571717
2023-04-07 00:00:00+00:00,4904.778926117292
2023-04-10 00:00:00+00:00,4916.271986163782
2023-04-11 00:00:00+00:00,4919.206419551956
2023-04-12 00:00:00+00:00,4921.6011808519725
2023-04-13 00:00:00+00:00,4927.124937543871
2023-04-14 00:00:00+00:00,4917.338566934111
2023-04-17 00:00:00+00:00,4919.462891299868
2023-04-18 00:00:00+00:00,4926.805560447039
2023-04-19 00:00:00+00:00,4935.162644841663
2023-04-20 00:00:00+00:00,4927.772915917901
2023-04-21 00:00:00+00:00,4921.823314987894
2023-04-24 00:00:00+00:00,4933.720322671677
2023-04-25 00:00:00+00:00,4916.328377374717
2023-04-26 00:00:00+00:00,4924.9924259433255
2023-04-27 00:00:00+00:00,4929.219197635616
2023-04-28 00:00:00+00:00,4957.737295257292
2023-05-01 00:00:00+00:00,4963.793646417071
2023-05-02 00:00:00+00:00,4962.092787351331
2023-05-03 00:00:00+00:00,4947.427121391783
2023-05-04 00:00:00+00:00,4942.446631113837
2023-05-05 00:00:00+00:00,4947.830739636793
2023-05-08 00:00:00+00:00,4957.782023435897
2023-05-09 00:00:00+00:00,4953.601661522148
2023-05-10 00:00:00+00:00,4941.839317946628
2023-05-11 00:00:00+00:00,4925.9543775630345
2023-05-12 00:00:00+00:00,4918.304130747761
2023-05-15 00:00:00+00:00,4934.006269584876
2023-05-16 00:00:00+00:00,4931.744071235782
2023-05-17 00:00:00+00:00,4948.985187076132
2023-05-18 00:00:00+00:00,4953.148959870126
2023-05-19 00:00:00+00:00,4951.360195257432
2023-05-22 00:00:00+00:00,4965.554997634033
2023-05-23 00:00:00+00:00,4958.457230965909
2023-05-24 00:00:00+00:00,4948.205585540558
2023-05-25 00:00:00+00:00,4946.744413431489
2023-05-26 00:00:00+00:00,4942.9302065667525
2023-05-29 00:00:00+00:00,4942.460734105569
2023-05-30 00:00:00+00:00,4943.405281476762
2023-05-31 00:00:00+00:00,4934.086753870894
2023-06-01 00:00:00+00:00,4938.547268035226
2023-06-02 00:00:00+00:00,4942.185806148052
2023-06-05 00:00:00+00:00,4938.513916396507
2023-06-06 00:00:00+00:00,4937.175624188442
2023-06-07 00:00:00+00:00,4938.611840855611
2023-06-08 00:00:00+00:00,4945.704083954262
2023-06-09 00:00:00+00:00,4947.494020120108
2023-06-12 00:00:00+00:00,4954.528827614677
2023-06-13 00:00:00+00:00,4970.303171408142
2023-06-14 00:00:00+00:00,4976.251410660313
2023-06-15 00:00:00+00:00,4999.259926716115
2023-06-16 00:00:00+00:00,5013.602447940976
2023-06-19 00:00:00+00:00,5012.751024378365
2023-06-20 00:00:00+00:00,5003.254741797492
2023-06-21 00:00:00+00:00,5011.054221437333
2023-06-22 00:00:00+00:00,5018.4299104328875
2023-06-23 00:00:00+00:00,5006.635630735272
2023-06-26 00:00:00+00:00,5008.2428300476195
2023-06-27 00:00:00+00:00,5022.228022830917
2023-06-28 00:00:00+00:00,5005.738560019159
2023-06-29 00:00:00+00:00,5004.857456944526
2023-06-30 00:00:00+00:00,5013.936001233102
2023-07-03 00:00:00+00:00,5021.005195229257
2023-07-04 00:00:00+00:00,5020.500134141672
2023-07-05 00:00:00+00:00,5018.213363508796
2023-07-06 00:00:00+00:00,5021.830553037465
2023-07-07 00:00:00+00:00,5009.747045701636
2023-07-10 00:00:00+00:00,5003.013857322156
2023-07-11 00:00:00+00:00,4992.365839353149
2023-07-12 00:00:00+00:00,4987.575748723314
2023-07-13 00:00:00+00:00,5008.733992605734
2023-07-14 00:00:00+00:00,5010.1082067622365
2023-07-17 00:00:00+00:00,5002.901091089113
2023-07-18 00:00:00+00:00,4995.139248110249
2023-07-19 00:00:00+00:00,4989.22933766371
2023-07-20 00:00:00+00:00,4991.450914407233
2023-07-21 00:00:00+00:00,5002.834043834342
2023-07-24 00:00:00+00:00,4993.383628322487
2023-07-25 00:00:00+00:00,4995.582886092883
2023-07-26 00:00:00+00:00,4988.54280638305
2023-07-27 00:00:00+00:00,4957.355856803547
2023-07-28 00:00:00+00:00,4968.93274625791
2023-07-31 00:00:00+00:00,4995.520721798143
2023-08-01 00:00:00+00:00,4999.779766914432
2023-08-02 00:00:00+00:00,4987.455024134628
2023-08-03 00:00:00+00:00,4987.697459864685
2023-08-04 00:00:00+00:00,4976.776132378045
2023-08-07 00:00:00+00:00,4993.243080663086
2023-08-08 00:00:00+00:00,4996.229701738444
2023-08-09 00:00:00+00:00,4996.814092259992
2023-08-10 00:00:00+00:00,5005.976167381141
2023-08-11 00:00:00+00:00,4997.37768503185
2023-08-14 00:00:00+00:00,5001.8464560653965
2023-08-15 00:00:00+00:00,5003.672031430046
2023-08-16 00:00:00+00:00,5010.867216218144
2023-08-17 00:00:00+00:00,5001.5256901964
2023-08-18 00:00:00+00:00,4993.530409213687
2023-08-21 00:00:00+00:00,5007.561728248373
2023-08-22 00:00:00+00:00,4997.033938515709
2023-08-23 00:00:00+00:00,4986.697782739556
2023-08-24 00:00:00+00:00,4981.686682889636
2023-08-25 00:00:00+00:00,4978.792433690666
2023-08-28 00:00:00+00:00,4990.154233131318
2023-08-29 00:00:00+00:00,4995.556841268373
2023-08-30 00:00:00+00:00,5005.808514165024
2023-08-31 00:00:00+00:00,4998.106309673879
2023-09-01 00:00:00+00:00,4991.829276531692
2023-09-04 00:00:00+00:00,5003.1360168869605
2023-09-05 00:00:00+00:00,5008.845789186958
2023-09-06 00:00:00+00:00,5009.377884113353
2023-09-07 00:00:00+00:00,5002.6848669461
2023-09-08 00:00:00+00:00,5005.217787795247
2023-09-11 00:00:00+00:00,4994.830086985102
2023-09-12 00:00:00+00:00,4995.63226822505
2023-09-13 00:00:00+00:00,4997.577529173986
2023-09-14 00:00:00+00:00,4982.131365394373
2023-09-15 00:00:00+00:00,4981.357121461192
2023-09-18 00:00:00+00:00,4987.702210391863
2023-09-19 00:00:00+00:00,4990.171133531959
2023-09-20 00:00:00+00:00,4990.570744937341
2023-09-21 00:00:00+00:00,4983.941453089248
2023-09-22 00:00:00+00:00,4991.886732150811
2023-09-25 00:00:00+00:00,4996.394056258944
2023-09-26 00:00:00+00:00,4998.114685993403
2023-09-27 00:00:00+00:00,4996.520922137339
2023-09-28 00:00:00+00:00,5005.082682536719
2023-09-29 00:00:00+00:00,5008.381209424946
2023-10-02 00:00:00+00:00,5001.338245158494
2023-10-03 00:00:00+00:00,4996.123581108006
2023-10-04 00:00:00+00:00,5004.156595007633
2023-10-05 00:00:00+00:00,5018.084509998945
2023-10-06 00:00:00+00:00,5031.157859914497
2023-10-09 00:00:00+00:00,5021.155742363261
2023-10-10 00:00:00+00:00,5025.299130426491
2023-10-11 00:00:00+00:00,5026.832979684246
2023-10-12 00:00:00+00:00,5011.643617525132
2023-10-13 00:00:00+00:00,4998.962363107834
2023-10-16 00:00:00+00:00,5006.445609629429
2023-10-17 00:00:00+00:00,5013.554384798682
2023-10-18 00:00:00+00:00,5011.4873023432965
2023-10-19 00:00:00+00:00,5011.827446162044
2023-10-20 00:00:00+00:00,5010.556654720285
2023-10-23 00:00:00+00:00,5021.2344901513225
2023-10-24 00:00:00+00:00,5016.468595238718
2023-10-25 00:00:00+00:00,5013.5998488860705
2023-10-26 00:00:00+00:00,5015.79320283451
2023-10-27 00:00:00+00:00,5009.336872100596
2023-10-30 00:00:00+00:00,5013.086454054871
2023-10-31 00:00:00+00:00,5038.936196427212
2023-11-01 00:00:00+00:00,5026.1843843887145
2023-11-02 00:00:00+00:00,5023.687434488109
2023-11-03 00:00:00+00:00,5040.700416837552
2023-11-06 00:00:00+00:00,5044.680372118949
2023-11-07 00:00:00+00:00,5037.7279735843385
2023-11-08 00:00:00+00:00,5042.731927259229
2023-11-09 00:00:00+00:00,5044.953568320932
2023-11-10 00:00:00+00:00,5042.227771982631
2023-11-13 00:00:00+00:00,5049.1804475127765
2023-11-14 00:00:00+00:00,5069.222518845887
2023-11-15 00:00:00+00:00,5070.2453981605
2023-11-16 00:00:00+00:00,5057.085607121864
2023-11-17 00:00:00+00:00,5056.288344829177
2023-11-20 00:00:00+00:00,5050.391781115877
2023-11-21 00:00:00+00:00,5051.789109000273
2023-11-22 00:00:00+00:00,5056.44622397251
2023-11-23 00:00:00+00:00,5064.33826909863
2023-11-24 00:00:00+00:00,5069.719031508019
2023-11-27 00:00:00+00:00,5067.816067963392
2023-11-28 00:00:00+00:00,5065.03178415434
2023-11-29 00:00:00+00:00,5061.76705788679
2023-11-30 00:00:00+00:00,5061.108271346128
2023-12-01 00:00:00+00:00,5048.98196152066
2023-12-04 00:00:00+00:00,5047.029902850201
2023-12-05 00:00:00+00:00,5032.89301915251
2023-12-06 00:00:00+00:00,5026.430958055339
2023-12-07 00:00:00+00:00,5006.883549083565
2023-12-08 00:00:00+00:00,5004.279073360758
2023-12-11 00:00:00+00:00,5017.055188194219
2023-12-12 00:00:00+00:00,5009.601469636736
2023-12-13 00:00:00+00:00,4995.276488688912
2023-12-14 00:00:00+00:00,5003.061982194471
2023-12-15 00:00:00+00:00,4991.771166992513
2023-12-18 00:00:00+00:00,4997.983720103487
2023-12-19 00:00:00+00:00,5022.407638497738
2023-12-20 00:00:00+00:00,5009.075998496249
2023-12-21 00:00:00+00:00,5001.093009025876
2023-12-22 00:00:00+00:00,5003.309547444069
2023-12-26 00:00:00+00:00,5008.230538279887
2023-12-27 00:00:00+00:00,5009.017945772264
2023-12-28 00:00:00+00:00,4995.3297930015515
2023-12-29 00:00:00+00:00,4986.411732337181
2024-01-02 00:00:00+00:00,4979.777366530048
2024-01-03 00:00:00+00:00,4994.41255172976
2024-01-04 00:00:00+00:00,5011.330548074841
2024-01-05 00:00:00+00:00,5011.276921717713
2024-01-08 00:00:00+00:00,5007.527678689996
2024-01-09 00:00:00+00:00,5010.471318937609
2024-01-10 00:00:00+00:00,5031.055353489556
2024-01-11 00:00:00+00:00,5025.590548908716
2024-01-12 00:00:00+00:00,5017.982123211236
2024-01-15 00:00:00+00:00,5023.82621457412
2024-01-16 00:00:00+00:00,5032.209509419307
2024-01-17 00:00:00+00:00,5044.607284142083
2024-01-18 00:00:00+00:00,5047.57221754953
2024-01-19 00:00:00+00:00,5046.591699449819
2024-01-22 00:00:00+00:00,5045.353805224408
2024-01-23 00:00:00+00:00,5050.102337692149
2024-01-24 00:00:00+00:00,5042.652635175386
2024-01-25 00:00:00+00:00,5039.219453896963
2024-01-26 00:00:00+00:00,5037.808373850098
2024-01-29 00:00:00+00:00,5035.007467805605
2024-01-30 00:00:00+00:00,5034.5038799383465
2024-01-31 00:00:00+00:00,5021.1940377086285
2024-02-01 00:00:00+00:00,5019.695123871788
2024-02-02 00:00:00+00:00,5022.8212497252425
2024-02-05 00:00:00+00:00,5017.044279064536
2024-02-06 00:00:00+00:00,5016.828187547959
2024-02-07 00:00:00+00:00,5026.025916306345
2024-02-08 00:00:00+00:00,5038.633614531232
2024-02-09 00:00:00+00:00,5043.45682996443
2024-02-12 00:00:00+00:00,5043.328196155244
2024-02-13 00:00:00+00:00,5053.567137723017
2024-02-14 00:00:00+00:00,5050.038502633774
2024-02-15 00:00:00+00:00,5047.678621174478
2024-02-16 00:00:00+00:00,5052.208214451397
2024-02-19 00:00:00+00:00,5056.4859619634435
2024-02-20 00:00:00+00:00,5063.860571440576
2024-02-21 00:00:00+00:00,5068.300359198099
2024-02-22 00:00:00+00:00,5076.214767853082
2024-02-23 00:00:00+00:00,5078.259622090523
2024-02-26 00:00:00+00:00,5080.004021181915
2024-02-27 00:00:00+00:00,5076.686392313711
2024-02-28 00:00:00+00:00,5070.161078598272
2024-02-29 00:00:00+00:00,5056.695156128391
2024-03-01 00:00:00+00:00,5062.585015152403
2024-03-04 00:00:00+00:00,5071.628905904033
2024-03-05 00:00:00+00:00,5065.57689966125
2024-03-06 00:00:00+00:00,5066.39809055992
2024-03-07 00:00:00+00:00,5064.476183868347
2024-03-08 00:00:00+00:00,5052.5487116029
2024-03-11 00:00:00+00:00,5046.87032358623
2024-03-12 00:00:00+00:00,5052.6084899129055
2024-03-13 00:00:00+00:00,5053.7821002570745
2024-03-14 00:00:00+00:00,5050.443566560101
2024-03-15 00:00:00+00:00,5053.4578248167345
2024-03-18 00:00:00+00:00,5059.438551167017
2024-03-19 00:00:00+00:00,5074.240604682425
2024-03-20 00:00:00+00:00,5088.488102400948
2024-03-21 00:00:00+00:00,5081.349854225677
2024-03-22 00:00:00+00:00,5063.324225002783
2024-03-25 00:00:00+00:00,5071.021566114794
2024-03-26 00:00:00+00:00,5072.456148686738
2024-03-27 00:00:00+00:00,5065.835052733786
2024-03-28 00:00:00+00:00,5058.179364312237
2024-03-29 00:00:00+00:00,5052.76860805222
2024-04-01 00:00:00+00:00,5050.3371769366095
2024-04-02 00:00:00+00:00,5057.3118295535105
2024-04-03 00:00:00+00:00,5072.94598046805
2024-04-04 00:00:00+00:00,5072.541350752792
2024-04-05 00:00:00+00:00,5069.937237907936
2024-04-08 00:00:00+00:00,5077.756487176087
2024-04-09 00:00:00+00:00,5083.280681776289
2024-04-10 00:00:00+00:00,5073.484582313617
2024-04-11 00:00:00+00:00,5076.823969416124
2024-04-12 00:00:00+00:00,5057.2757729222985
2024-04-15 00:00:00+00:00,5068.685516887977
2024-04-16 00:00:00+00:00,5079.604081706037
2024-04-17 00:00:00+00:00,5082.226378839745
2024-04-18 00:00:00+00:00,5082.4979459892265
2024-04-19 00:00:00+00:00,5073.639338346352
2024-04-22 00:00:00+00:00,5082.023862885167
2024-04-23 00:00:00+00:00,5091.301080226059
2024-04-24 00:00:00+00:00,5105.637998227755
2024-04-25 00:00:00+00:00,5119.265044971463
2024-04-26 00:00:00+00:00,5143.717507409059
2024-04-29 00:00:00+00:00,5128.931444958842
2024-04-30 00:00:00+00:00,5134.008814534686
2024-05-01 00:00:00+00:00,5103.1400778047055
2024-05-02 00:00:00+00:00,5094.091190824741
2024-05-03 00:00:00+00:00,5095.1450921498035
2024-05-06 00:00:00+00:00,5106.087805786069
2024-05-07 00:00:00+00:00,5111.683461868196
2024-05-08 00:00:00+00:00,5117.949028508381
2024-05-09 00:00:00+00:00,5121.449475606571
2024-05-10 00:00:00+00:00,5121.266847999
2024-05-13 00:00:00+00:00,5133.452051862973
2024-05-14 00:00:00+00:00,5144.585072455624
2024-05-15 00:00:00+00:00,5142.507489743589
2024-05-16 00:00:00+00:00,5146.855250265907
2024-05-17 00:00:00+00:00,5152.354789620253
2024-05-20 00:00:00+00:00,5155.583720532004
2024-05-21 00:00:00+00:00,5156.775748458404
2024-05-22 00:00:00+00:00,5163.247355248839
2024-05-23 00:00:00+00:00,5164.131866959927
2024-05-24 00:00:00+00:00,5169.89872325243
2024-05-27 00:00:00+00:00,5174.067283793497
2024-05-28 00:00:00+00:00,5180.993477047655
2024-05-29 00:00:00+00:00,5179.303005408975
2024-05-30 00:00:00+00:00,5171.553298140834
2024-05-31 00:00:00+00:00,5179.636550480081
2024-06-03 00:00:00+00:00,5199.832584973721
2024-06-04 00:00:00+00:00,5180.589015937596
2024-06-05 00:00:00+00:00,5188.4020511744675
2024-06-06 00:00:00+00:00,5197.855716774506
2024-06-07 00:00:00+00:00,5200.600499837919
2024-06-10 00:00:00+00:00,5198.454069030827
2024-06-11 00:00:00+00:00,5212.144200447243
2024-06-12 00:00:00+00:00,5228.697695537791
2024-06-13 00:00:00+00:00,5207.036308268557
2024-06-14 00:00:00+00:00,5196.650238582756
2024-06-17 00:00:00+00:00,5209.469962022881
2024-06-18 00:00:00+00:00,5209.466934920677
2024-06-19 00:00:00+00:00,5211.88267789604
2024-06-20 00:00:00+00:00,5213.526498979177
2024-06-21 00:00:00+00:00,5212.911118541334
2024-06-24 00:00:00+00:00,5212.715490049522
2024-06-25 00:00:00+00:00,5217.437577388649
2024-06-26 00:00:00+00:00,5229.286123502326
2024-06-27 00:00:00+00:00,5236.187376033742
2024-06-28 00:00:00+00:00,5233.660609985334
2024-07-01 00:00:00+00:00,5250.627944004874
2024-07-02 00:00:00+00:00,5249.65362830888
2024-07-03 00:00:00+00:00,5258.998645832201
2024-07-04 00:00:00+00:00,5257.090115326862
2024-07-05 00:00:00+00:00,5260.161835963083
2024-07-08 00:00:00+00:00,5256.539712863889
2024-07-09 00:00:00+00:00,5257.030685776897
2024-07-10 00:00:00+00:00,5263.356425851863
2024-07-11 00:00:00+00:00,5237.200342336226
2024-07-12 00:00:00+00:00,5231.654159971349
2024-07-15 00:00:00+00:00,5234.100105695449
2024-07-16 00:00:00+00:00,5231.1814073780815
2024-07-17 00:00:00+00:00,5210.7624923013855
2024-07-18 00:00:00+00:00,5221.88166823219
2024-07-19 00:00:00+00:00,5217.406726562885
2024-07-22 00:00:00+00:00,5208.908187868711
2024-07-23 00:00:00+00:00,5190.140702244581
2024-07-24 00:00:00+00:00,5168.500659137828
2024-07-25 00:00:00+00:00,5160.757170522746
2024-07-26 00:00:00+00:00,5163.511900931135
2024-07-29 00:00:00+00:00,5168.7209662244695
2024-07-30 00:00:00+00:00,5154.427513402584
2024-07-31 00:00:00+00:00,5120.065560327668
2024-08-01 00:00:00+00:00,5104.561578995615
2024-08-02 00:00:00+00:00,5091.451157206474
2024-08-05 00:00:00+00:00,5060.1670421657755
2024-08-06 00:00:00+00:00,5063.911280747023
2024-08-07 00:00:00+00:00,5090.30078111864
2024-08-08 00:00:00+00:00,5095.575555186557
2024-08-09 00:00:00+00:00,5084.654843081134
2024-08-12 00:00:00+00:00,5103.081102956571
2024-08-13 00:00:00+00:00,5115.5037775517085
2024-08-14 00:00:00+00:00,5107.2130166984025
2024-08-15 00:00:00+00:00,5128.490311494038
2024-08-16 00:00:00+00:00,5125.069151863828
2024-08-19 00:00:00+00:00,5128.292317302291
2024-08-20 00:00:00+00:00,5129.341979275032
2024-08-21 00:00:00+00:00,5140.498637517062
2024-08-22 00:00:00+00:00,5154.301714623053
2024-08-23 00:00:00+00:00,5144.302618138137
2024-08-26 00:00:00+00:00,5144.019347212227
2024-08-27 00:00:00+00:00,5154.548051415657
2024-08-28 00:00:00+00:00,5150.118855575519
2024-08-29 00:00:00+00:00,5159.8164536625545
2024-08-30 00:00:00+00:00,5162.552104944187
2024-09-02 00:00:00+00:00,5178.102887467762
2024-09-03 00:00:00+00:00,5148.835290773428
2024-09-04 00:00:00+00:00,5137.042299748841
2024-09-05 00:00:00+00:00,5138.262864211321
2024-09-06 00:00:00+00:00,5114.753025126065
2024-09-09 00:00:00+00:00,5113.4786688539825
2024-09-10 00:00:00+00:00,5110.004264918192
2024-09-11 00:00:00+00:00,5099.635668988885
2024-09-12 00:00:00+00:00,5102.569981509689
2024-09-13 00:00:00+00:00,5078.022502291137
2024-09-16 00:00:00+00:00,5090.696234235461
2024-09-17 00:00:00+00:00,5105.607750522819
2024-09-18 00:00:00+00:00,5115.772241409981
2024-09-19 00:00:00+00:00,5135.471894126342
2024-09-20 00:00:00+00:00,5154.351956916311
2024-09-23 00:00:00+00:00,5152.8579676731315
2024-09-24 00:00:00+00:00,5160.146799533598
2024-09-25 00:00:00+00:00,5170.444179667883
2024-09-26 00:00:00+00:00,5190.296766337348
2024-09-27 00:00:00+00:00,5153.864442070854
2024-09-30 00:00:00+00:00,5175.484930244972
2024-10-01 00:00:00+00:00,5151.185791062158
2024-10-02 00:00:00+00:00,5177.17312269158
2024-10-03 00:00:00+00:00,5164.375055941426
2024-10-04 00:00:00+00:00,5171.890730448506
2024-10-07 00:00:00+00:00,5159.422282777268
2024-10-08 00:00:00+00:00,5166.393714715107
2024-10-09 00:00:00+00:00,5173.899147533015
2024-10-10 00:00:00+00:00,5164.642237535232
2024-10-11 00:00:00+00:00,5167.460077563686
2024-10-14 00:00:00+00:00,5179.563717127633
2024-10-15 00:00:00+00:00,5176.96587544165
2024-10-16 00:00:00+00:00,5175.482719529922
2024-10-17 00:00:00+00:00,5184.075828628693
2024-10-18 00:00:00+00:00,5182.406597328617
2024-10-21 00:00:00+00:00,5188.194510394883
2024-10-22 00:00:00+00:00,5189.196673809163
2024-10-23 00:00:00+00:00,5195.139233612588
2024-10-24 00:00:00+00:00,5193.7896618373525
2024-10-25 00:00:00+00:00,5194.775213036624
2024-10-28 00:00:00+00:00,5210.315584321501
2024-10-29 00:00:00+00:00,5215.441264793642
2024-10-30 00:00:00+00:00,5218.6989142364055
2024-10-31 00:00:00+00:00,5197.238297535102
2024-11-01 00:00:00+00:00,5212.255050364918
2024-11-04 00:00:00+00:00,5202.205457205512
2024-11-05 00:00:00+00:00,5211.912432790384
2024-11-06 00:00:00+00:00,5214.383491593815
2024-11-07 00:00:00+00:00,5211.182288032821
2024-11-08 00:00:00+00:00,5196.134726822149
2024-11-11 00:00:00+00:00,5207.114356227192
2024-11-12 00:00:00+00:00,5207.743394051017
2024-11-13 00:00:00+00:00,5203.274110020085
2024-11-14 00:00:00+00:00,5202.947476625484
2024-11-15 00:00:00+00:00,5177.445506520718
2024-11-18 00:00:00+00:00,5189.119348152197
2024-11-19 00:00:00+00:00,5185.390940203084
2024-11-20 00:00:00+00:00,5188.4002773446255
2024-11-21 00:00:00+00:00,5172.059072217131
2024-11-22 00:00:00+00:00,5165.658487888099
2024-11-25 00:00:00+00:00,5163.710657766476
2024-11-26 00:00:00+00:00,5158.840868977984
2024-11-27 00:00:00+00:00,5154.719108489919
2024-11-28 00:00:00+00:00,5153.582909143698
2024-11-29 00:00:00+00:00,5136.8876841482925
2024-12-02 00:00:00+00:00,5122.41048000167
2024-12-03 00:00:00+00:00,5124.869263725218
2024-12-04 00:00:00+00:00,5131.016272719006
2024-12-05 00:00:00+00:00,5132.770003291378
2024-12-06 00:00:00+00:00,5125.599258669576
2024-12-09 00:00:00+00:00,5146.450215458368
2024-12-10 00:00:00+00:00,5144.733536355288
2024-12-11 00:00:00+00:00,5143.413315802609
2024-12-12 00:00:00+00:00,5143.811447772103
2024-12-13 00:00:00+00:00,5152.044356328766
2024-12-16 00:00:00+00:00,5167.2767136371585
2024-12-17 00:00:00+00:00,5157.738007746769
2024-12-18 00:00:00+00:00,5145.263299271819
2024-12-19 00:00:00+00:00,5168.249068970743
2024-12-20 00:00:00+00:00,5158.128915080417
2024-12-23 00:00:00+00:00,5169.068211088696
2024-12-24 00:00:00+00:00,5160.645498638488
2024-12-26 00:00:00+00:00,5178.912360913974
2024-12-27 00:00:00+00:00,5185.9262859367855
2024-12-30 00:00:00+00:00,5179.789029921173
2024-12-31 00:00:00+00:00,5178.6300374158245
2025-01-02 00:00:00+00:00,5160.995691270805
2025-01-03 00:00:00+00:00,5166.742369945446
2025-01-06 00:00:00+00:00,5176.835318007104
2025-01-07 00:00:00+00:00,5176.707799344455
2025-01-08 00:00:00+00:00,5168.481985551171
2025-01-09 00:00:00+00:00,5162.210902260187
2025-01-10 00:00:00+00:00,5145.851354376108
2025-01-13 00:00:00+00:00,5144.402990710943
2025-01-14 00:00:00+00:00,5153.187813244728
2025-01-15 00:00:00+00:00,5137.863959423153
2025-01-16 00:00:00+00:00,5133.7175083116435
2025-01-17 00:00:00+00:00,5137.430522186943
2025-01-20 00:00:00+00:00,5151.494727462523
2025-01-21 00:00:00+00:00,5157.752630162382
2025-01-22 00:00:00+00:00,5162.1301502478345
2025-01-23 00:00:00+00:00,5158.95090924114
2025-01-24 00:00:00+00:00,5173.853450331062
2025-01-27 00:00:00+00:00,5167.343138285136
2025-01-28 00:00:00+00:00,5162.301478486205
2025-01-29 00:00:00+00:00,5157.336101268173
2025-01-30 00:00:00+00:00,5147.109554737613
2025-01-31 00:00:00+00:00,5153.638773555153
2025-02-03 00:00:00+00:00,5138.418082579733
2025-02-04 00:00:00+00:00,5141.507781459933
2025-02-05 00:00:00+00:00,5131.488123858622
2025-02-06 00:00:00+00:00,5106.882121738006
2025-02-07 00:00:00+00:00,5100.663109967894
2025-02-10 00:00:00+00:00,5106.036235591552
2025-02-11 00:00:00+00:00,5123.810819263193
2025-02-12 00:00:00+00:00,5146.387479095452
2025-02-13 00:00:00+00:00,5137.500206322501
2025-02-14 00:00:00+00:00,5135.946887205654
2025-02-17 00:00:00+00:00,5130.44839962034
2025-02-18 00:00:00+00:00,5130.375160813622
2025-02-19 00:00:00+00:00,5126.984054440247
2025-02-20 00:00:00+00:00,5118.459557500235
2025-02-21 00:00:00+00:00,5107.29562930995
2025-02-24 00:00:00+00:00,5114.51427931137
2025-02-25 00:00:00+00:00,5112.663229211765
2025-02-26 00:00:00+00:00,5106.545927218075
2025-02-27 00:00:00+00:00,5098.8948924104425
2025-02-28 00:00:00+00:00,5100.984980102798
2025-03-03 00:00:00+00:00,5116.136578394133
2025-03-04 00:00:00+00:00,5136.773704910097
2025-03-05 00:00:00+00:00,5152.339322427853
2025-03-06 00:00:00+00:00,5132.351283375443
2025-03-07 00:00:00+00:00,5136.654019649663
2025-03-10 00:00:00+00:00,5128.601040480782
2025-03-11 00:00:00+00:00,5149.329739233739
2025-03-12 00:00:00+00:00,5149.744468017371
2025-03-13 00:00:00+00:00,5135.197031805315
2025-03-14 00:00:00+00:00,5145.30019071436
2025-03-17 00:00:00+00:00,5167.872391845999
2025-03-18 00:00:00+00:00,5167.083366778749
2025-03-19 00:00:00+00:00,5161.163189977118
2025-03-20 00:00:00+00:00,5150.214536881761
2025-03-21 00:00:00+00:00,5149.035418765043
2025-03-24 00:00:00+00:00,5158.651961013237
2025-03-25 00:00:00+00:00,5150.404595160178
2025-03-26 00:00:00+00:00,5151.144105248406
2025-03-27 00:00:00+00:00,5173.590237514134
2025-03-28 00:00:00+00:00,5159.100728199424
2025-03-31 00:00:00+00:00,5160.650494940178
2025-04-01 00:00:00+00:00,5151.4961262939605
2025-04-02 00:00:00+00:00,5155.004031042702
2025-04-03 00:00:00+00:00,5126.979507490223
2025-04-04 00:00:00+00:00,5093.577993302386
2025-04-07 00:00:00+00:00,5088.002301305446
2025-04-08 00:00:00+00:00,5075.208784668175
2025-04-09 00:00:00+00:00,5098.073581369888
2025-04-10 00:00:00+00:00,5089.4624659152805
2025-04-11 00:00:00+00:00,5103.44301856962
2025-04-14 00:00:00+00:00,5104.931666059603
2025-04-15 00:00:00+00:00,5114.57627012003
2025-04-16 00:00:00+00:00,5101.524562087281
2025-04-17 00:00:00+00:00,5105.717823060664
2025-04-18 00:00:00+00:00,5103.351988528488
2025-04-21 00:00:00+00:00,5110.646653135541
2025-04-22 00:00:00+00:00,5100.7379018020065
2025-04-23 00:00:00+00:00,5115.2136441136545
2025-04-24 00:00:00+00:00,5121.063808943887
2025-04-25 00:00:00+00:00,5123.189158207031
2025-04-28 00:00:00+00:00,5120.049847277081
2025-04-29 00:00:00+00:00,5111.775541283741
2025-04-30 00:00:00+00:00,5112.834304832493
2025-05-01 00:00:00+00:00,5133.560494224365
2025-05-02 00:00:00+00:00,5131.074228733997
2025-05-05 00:00:00+00:00,5125.9660694289205
2025-05-06 00:00:00+00:00,5123.64483505762
2025-05-07 00:00:00+00:00,5117.712564536015
2025-05-08 00:00:00+00:00,5134.068541298981
2025-05-09 00:00:00+00:00,5132.115800582267
2025-05-12 00:00:00+00:00,5151.6850297929395
2025-05-13 00:00:00+00:00,5161.9828238260825
2025-05-14 00:00:00+00:00,5144.664823970744
2025-05-15 00:00:00+00:00,5131.826067398022
2025-05-16 00:00:00+00:00,5127.394561714899
2025-05-19 00:00:00+00:00,5132.936660063425
2025-05-20 00:00:00+00:00,5126.625501188995
2025-05-21 00:00:00+00:00,5124.547605783476
2025-05-22 00:00:00+00:00,5119.144047779594
2025-05-23 00:00:00+00:00,5119.005921445545
2025-05-26 00:00:00+00:00,5128.476820052204
2025-05-27 00:00:00+00:00,5136.244617110167
2025-05-28 00:00:00+00:00,5140.677598675131
2025-05-29 00:00:00+00:00,5137.87311296592
2025-05-30 00:00:00+00:00,5130.200199340907
2025-06-02 00:00:00+00:00,5130.354329790054
2025-06-03 00:00:00+00:00,5135.915001863872
2025-06-04 00:00:00+00:00,5127.0060950110965
2025-06-05 00:00:00+00:00,5141.609653790653
2025-06-06 00:00:00+00:00,5146.899805939478
2025-06-09 00:00:00+00:00,5150.654775462834
2025-06-10 00:00:00+00:00,5151.553568896903
2025-06-11 00:00:00+00:00,5148.401124188531
2025-06-12 00:00:00+00:00,5146.567042566964
2025-06-13 00:00:00+00:00,5139.64856158616
2025-06-16 00:00:00+00:00,5157.217033483171
2025-06-17 00:00:00+00:00,5145.031162200281
2025-06-18 00:00:00+00:00,5147.985366526926
2025-06-19 00:00:00+00:00,5151.607920447674
2025-06-20 00:00:00+00:00,5158.384626779557
2025-06-23 00:00:00+00:00,5171.710883414971
2025-06-24 00:00:00+00:00,5164.321707340071
2025-06-25 00:00:00+00:00,5178.173116575281
2025-06-26 00:00:00+00:00,5173.495614661622
2025-06-27 00:00:00+00:00,5174.205086255407
2025-06-30 00:00:00+00:00,5174.919787156739
2025-07-01 00:00:00+00:00,5170.470234901405
2025-07-02 00:00:00+00:00,5163.894197077909
2025-07-03 00:00:00+00:00,5171.323745496225
2025-07-04 00:00:00+00:00,5164.2893340466935
2025-07-07 00:00:00+00:00,5171.16694037348
2025-07-08 00:00:00+00:00,5177.825839241047
2025-07-09 00:00:00+00:00,5174.857606659318
2025-07-10 00:00:00+00:00,5177.899238567725
2025-07-11 00:00:00+00:00,5180.994630137413
2025-07-14 00:00:00+00:00,5179.300492043192
2025-07-15 00:00:00+00:00,5184.382809920888
2025-07-16 00:00:00+00:00,5174.771445870583
2025-07-17 00:00:00+00:00,5181.04291658712
2025-07-18 00:00:00+00:00,5185.7082043174705
2025-07-21 00:00:00+00:00,5177.964320941475
2025-07-22 00:00:00+00:00,5176.181773333579
2025-07-23 00:00:00+00:00,5183.325603068751
2025-07-24 00:00:00+00:00,5183.1310379078395
2025-07-25 00:00:00+00:00,5182.607306420161
2025-07-28 00:00:00+00:00,5179.379241436638
2025-07-29 00:00:00+00:00,5173.6216424840395
2025-07-30 00:00:00+00:00,5164.496572937971
2025-07-31 00:00:00+00:00,5176.756108836426
2025-08-01 00:00:00+00:00,5156.695733065682
2025-08-04 00:00:00+00:00,5153.764342916585
2025-08-05 00:00:00+00:00,5156.909071111044
2025-08-06 00:00:00+00:00,5165.03023443657
2025-08-07 00:00:00+00:00,5173.182095715795
2025-08-08 00:00:00+00:00,5176.467385400388
2025-08-11 00:00:00+00:00,5183.111703685587
2025-08-12 00:00:00+00:00,5187.649875327854
2025-08-13 00:00:00+00:00,5192.761733932566
2025-08-14 00:00:00+00:00,5188.887793510462
2025-08-15 00:00:00+00:00,5186.19470173754
2025-08-18 00:00:00+00:00,5189.000549991042
2025-08-19 00:00:00+00:00,5182.5981187542275
2025-08-20 00:00:00+00:00,5166.276569721607
2025-08-21 00:00:00+00:00,5173.291623356575
2025-08-22 00:00:00+00:00,5170.803651085287
2025-08-25 00:00:00+00:00,5171.03425007777
2025-08-26 00:00:00+00:00,5170.399633159619
2025-08-27 00:00:00+00:00,5169.507724624685
2025-08-28 00:00:00+00:00,5171.054591124499
2025-08-29 00:00:00+00:00,5171.600728734273
2025-09-01 00:00:00+00:00,5181.097613113691
2025-09-02 00:00:00+00:00,5177.987352908616
2025-09-03 00:00:00+00:00,5183.157112580265
2025-09-04 00:00:00+00:00,5183.576866675861
2025-09-05 00:00:00+00:00,5183.772662030119
2025-09-08 00:00:00+00:00,5195.062874673214
2025-09-09 00:00:00+00:00,5188.109541230175
2025-09-10 00:00:00+00:00,5191.643856561832
2025-09-11 00:00:00+00:00,5194.612628155185
2025-09-12 00:00:00+00:00,5195.64694035814
2025-09-15 00:00:00+00:00,5196.682776971489
2025-09-16 00:00:00+00:00,5193.567502253369
2025-09-17 00:00:00+00:00,5190.546164250087
2025-09-18 00:00:00+00:00,5191.427315227815
2025-09-19 00:00:00+00:00,5175.964153441419
2025-09-22 00:00:00+00:00,5185.22553568228
2025-09-23 00:00:00+00:00,5185.551492082245
2025-09-24 00:00:00+00:00,5189.276509393547
2025-09-25 00:00:00+00:00,5184.417662970979
2025-09-26 00:00:00+00:00,5183.665846102802
2025-09-29 00:00:00+00:00,5179.422055850143
2025-09-30 00:00:00+00:00,5175.299768616333
2025-10-01 00:00:00+00:00,5169.334435840371
2025-10-02 00:00:00+00:00,5171.206474449838
2025-10-03 00:00:00+00:00,5177.390672675283
2025-10-06 00:00:00+00:00,5210.966972756771
2025-10-07 00:00:00+00:00,5217.6472070099535
2025-10-08 00:00:00+00:00,5222.409965591141
2025-10-09 00:00:00+00:00,5213.998529756141
2025-10-10 00:00:00+00:00,5191.4012973245335
2025-10-13 00:00:00+00:00,5204.70470272042
2025-10-14 00:00:00+00:00,5198.433227747718
2025-10-15 00:00:00+00:00,5198.6560717995035
2025-10-16 00:00:00+00:00,5193.329604682231
2025-10-17 00:00:00+00:00,5189.492951153938
2025-10-20 00:00:00+00:00,5191.678488588922
2025-10-21 00:00:00+00:00,5200.35152112379
2025-10-22 00:00:00+00:00,5199.072718302657
2025-10-23 00:00:00+00:00,5205.92486829481
2025-10-24 00:00:00+00:00,5210.217567645222
2025-10-27 00:00:00+00:00,5217.966763143427
2025-10-28 00:00:00+00:00,5205.501068844567
2025-10-29 00:00:00+00:00,5204.943188393987
2025-10-30 00:00:00+00:00,5215.791333631772
2025-10-31 00:00:00+00:00,5210.0679725021755
2025-11-03 00:00:00+00:00,5211.8759038079925
2025-11-04 00:00:00+00:00,5193.263035903837
2025-11-05 00:00:00+00:00,5201.971718260823
2025-11-06 00:00:00+00:00,5195.201436215294
2025-11-07 00:00:00+00:00,5193.85847646469
2025-11-10 00:00:00+00:00,5206.658262471117
2025-11-11 00:00:00+00:00,5203.359410223702
2025-11-12 00:00:00+00:00,5210.23626552831
2025-11-13 00:00:00+00:00,5213.291361909925
2025-11-14 00:00:00+00:00,5210.669245937156
2025-11-17 00:00:00+00:00,5218.025645220124
2025-11-18 00:00:00+00:00,5217.167709069985
2025-11-19 00:00:00+00:00,5225.1380658495
2025-11-20 00:00:00+00:00,5227.818524681726
2025-11-21 00:00:00+00:00,5221.022540275652
2025-11-24 00:00:00+00:00,5231.80421028289
2025-11-25 00:00:00+00:00,5227.8986582294665
2025-11-26 00:00:00+00:00,5245.9918760455275
2025-11-27 00:00:00+00:00,5247.432085314588
2025-11-28 00:00:00+00:00,5240.767765415042
2025-12-01 00:00:00+00:00,5234.455885231151
2025-12-02 00:00:00+00:00,5239.154995800681
2025-12-03 00:00:00+00:00,5251.361577967837
2025-12-04 00:00:00+00:00,5245.108189101472
2025-12-05 00:00:00+00:00,5244.197414614835
2025-12-08 00:00:00+00:00,5255.667860006208
2025-12-09 00:00:00+00:00,5263.076542128148
2025-12-10 00:00:00+00:00,5265.052972274383
2025-12-11 00:00:00+00:00,5256.75457040824
2025-12-12 00:00:00+00:00,5254.026887061587
2025-12-15 00:00:00+00:00,5247.200956832818
2025-12-16 00:00:00+00:00,5241.871882797875
2025-12-17 00:00:00+00:00,5249.646415155234
2025-12-18 00:00:00+00:00,5245.624067242919
2025-12-19 00:00:00+00:00,5270.595873514404
2025-12-22 00:00:00+00:00,5276.095250892427
2025-12-23 00:00:00+00:00,5273.476759507465
2025-12-24 00:00:00+00:00,5267.259316984009
2025-12-26 00:00:00+00:00,5272.1452164937655
2025-12-29 00:00:00+00:00,5268.727360432915
2025-12-30 00:00:00+00:00,5268.273001845371
2025-12-31 00:00:00+00:00,5269.3775290627
2026-01-02 00:00:00+00:00,5266.080742044058
2026-01-05 00:00:00+00:00,5271.757266868837
2026-01-06 00:00:00+00:00,5276.4131373151995
2026-01-07 00:00:00+00:00,5273.129280826758
2026-01-08 00:00:00+00:00,5269.280068798216
2026-01-09 00:00:00+00:00,5274.471992952843
2026-01-12 00:00:00+00:00,5287.906220659099
2026-01-13 00:00:00+00:00,5288.958211769269
2026-01-14 00:00:00+00:00,5281.117064360476
2026-01-15 00:00:00+00:00,5273.54668260658
2026-01-16 00:00:00+00:00,5263.210487838344
2026-01-19 00:00:00+00:00,5274.021227130349
2026-01-20 00:00:00+00:00,5283.951458640387
2026-01-21 00:00:00+00:00,5282.1987280204285
2026-01-22 00:00:00+00:00,5303.186932423073
2026-01-23 00:00:00+00:00,5280.435373842428
2026-01-26 00:00:00+00:00,5274.355896337796
2026-01-27 00:00:00+00:00,5270.813215678717
2026-01-28 00:00:00+00:00,5282.544277791515
2026-01-29 00:00:00+00:00,5278.890239313431
2026-01-30 00:00:00+00:00,5281.928917809636
2026-02-02 00:00:00+00:00,5284.679039453376
2026-02-03 00:00:00+00:00,5293.219609732563
2026-02-04 00:00:00+00:00,5299.111717891814
2026-02-05 00:00:00+00:00,5289.381099301413
2026-02-06 00:00:00+00:00,5303.015629178525
2026-02-09 00:00:00+00:00,5300.624852677783
2026-02-10 00:00:00+00:00,5274.18404079084
2026-02-11 00:00:00+00:00,5262.740045941886
2026-02-12 00:00:00+00:00,5254.333658214284
2026-02-13 00:00:00+00:00,5252.876161042621
2026-02-16 00:00:00+00:00,5259.232390575977
2026-02-17 00:00:00+00:00,5257.083683099612
2026-02-18 00:00:00+00:00,5257.230810264216
2026-02-19 00:00:00+00:00,5260.514269468978
2026-02-20 00:00:00+00:00,5261.674133827002
2026-02-23 00:00:00+00:00,5260.66319434
2026-02-24 00:00:00+00:00,5271.555434202262
2026-02-25 00:00:00+00:00,5292.4071706738
2026-02-26 00:00:00+00:00,5281.080415654712
2026-02-27 00:00:00+00:00,5280.824428963851
2026-03-02 00:00:00+00:00,5280.7965907144
2026-03-03 00:00:00+00:00,5279.467078458121
2026-03-04 00:00:00+00:00,5274.73058070444
2026-03-05 00:00:00+00:00,5275.569256042811
2026-03-06 00:00:00+00:00,5278.779119326272
2026-03-09 00:00:00+00:00,5284.740625348409
2026-03-10 00:00:00+00:00,5288.438199724738
2026-03-11 00:00:00+00:00,5299.552122281142
2026-03-12 00:00:00+00:00,5293.24386638849
2026-03-13 00:00:00+00:00,5273.025143450217
2026-03-16 00:00:00+00:00,5284.521322573108
2026-03-17 00:00:00+00:00,5290.516702064794
2026-03-18 00:00:00+00:00,5285.6783659926805
2026-03-19 00:00:00+00:00,5291.9983612184
2026-03-20 00:00:00+00:00,5295.705576235142
2026-03-23 00:00:00+00:00,5296.237668538141
2026-03-24 00:00:00+00:00,5295.865560614306
2026-03-25 00:00:00+00:00,5295.189351399267
2026-03-26 00:00:00+00:00,5293.325843654788
2026-03-27 00:00:00+00:00,5296.396837028841
2026-03-30 00:00:00+00:00,5278.851891475722
2026-03-31 00:00:00+00:00,5279.566911400955
2026-04-01 00:00:00+00:00,5284.624880874611
2026-04-02 00:00:00+00:00,5283.759054523746
2026-04-03 00:00:00+00:00,5276.34249281342
2026-04-06 00:00:00+00:00,5282.532206892464
2026-04-07 00:00:00+00:00,5292.047738221622
2026-04-08 00:00:00+00:00,5295.99009805813
2026-04-09 00:00:00+00:00,5308.976785954678
2026-04-10 00:00:00+00:00,5311.461137773156
2026-04-13 00:00:00+00:00,5323.169582920344
2026-04-14 00:00:00+00:00,5323.694184333986
2026-04-15 00:00:00+00:00,5330.330949459006
2026-04-16 00:00:00+00:00,5324.293423314508
2026-04-17 00:00:00+00:00,5315.574502413042
2026-04-20 00:00:00+00:00,5319.358810402252
2026-04-21 00:00:00+00:00,5320.067761052306
2026-04-22 00:00:00+00:00,5321.949374233542
2026-04-23 00:00:00+00:00,5317.926497260913
2026-04-24 00:00:00+00:00,5321.5846933226985
2026-04-27 00:00:00+00:00,5327.429750009154
2026-04-28 00:00:00+00:00,5329.835359299699
2026-04-29 00:00:00+00:00,5328.169399150605
2026-04-30 00:00:00+00:00,5299.1495810595425
2026-05-01 00:00:00+00:00,5298.258336780197
2026-05-04 00:00:00+00:00,5295.725070763881
2026-05-05 00:00:00+00:00,5302.73053000302
2026-05-06 00:00:00+00:00,5297.661387616377
2026-05-07 00:00:00+00:00,5298.92688613146
2026-05-08 00:00:00+00:00,5307.275163161404
2026-05-11 00:00:00+00:00,5313.694026051594
2026-05-12 00:00:00+00:00,5310.813420814449
2026-05-13 00:00:00+00:00,5308.951132783616
2026-05-14 00:00:00+00:00,5299.981062904471
2026-05-15 00:00:00+00:00,5287.121323925654
2026-05-18 00:00:00+00:00,5302.5061946787355
2026-05-19 00:00:00+00:00,5296.418843932704
2026-05-20 00:00:00+00:00,5300.838104428753
2026-05-21 00:00:00+00:00,5302.40699754556
2026-05-22 00:00:00+00:00,5299.203729534541
2026-05-25 00:00:00+00:00,5309.114225242439
2026-05-26 00:00:00+00:00,5308.08898093321
2026-05-27 00:00:00+00:00,5314.972395607717
2026-05-28 00:00:00+00:00,5314.984923668725
2026-05-29 00:00:00+00:00,5321.377301334394
2026-06-01 00:00:00+00:00,5322.761978488137
2026-06-02 00:00:00+00:00,5325.904907505077
2026-06-03 00:00:00+00:00,5318.052850955331
2026-06-04 00:00:00+00:00,5318.004469928116
2026-06-05 00:00:00+00:00,5300.843529332086
2026-06-08 00:00:00+00:00,5305.092562859421
2026-06-09 00:00:00+00:00,5310.692892093921
2026-06-10 00:00:00+00:00,5307.524883065504
2026-06-11 00:00:00+00:00,5307.863419585558
2026-06-12 00:00:00+00:00,5307.055994210582
2026-06-15 00:00:00+00:00,5314.50347091806
2026-06-16 00:00:00+00:00,5317.512012518559
2026-06-17 00:00:00+00:00,5300.437817163449
2026-06-18 00:00:00+00:00,5302.638372805831
2026-06-19 00:00:00+00:00,5300.772222493242
2026-06-22 00:00:00+00:00,5304.2879705903615
2026-06-23 00:00:00+00:00,5294.140939541758
2026-06-24 00:00:00+00:00,5292.171762218716
2026-06-25 00:00:00+00:00,5290.709106279217
2026-06-26 00:00:00+00:00,5288.687776329183
2026-06-29 00:00:00+00:00,5300.34181707029
2026-06-30 00:00:00+00:00,5312.531840149551
2026-07-01 00:00:00+00:00,5310.154966828461
