time,equity
2017-07-03 00:00:00+00:00,5000.0
2017-07-04 00:00:00+00:00,5000.0
2017-07-05 00:00:00+00:00,5000.0
2017-07-06 00:00:00+00:00,5000.0
2017-07-07 00:00:00+00:00,5000.0
2017-07-10 00:00:00+00:00,5000.0
2017-07-11 00:00:00+00:00,5000.0
2017-07-12 00:00:00+00:00,5000.0
2017-07-13 00:00:00+00:00,5000.0
2017-07-14 00:00:00+00:00,5000.0
2017-07-17 00:00:00+00:00,5000.0
2017-07-18 00:00:00+00:00,5000.0
2017-07-19 00:00:00+00:00,5000.0
2017-07-20 00:00:00+00:00,5000.0
2017-07-21 00:00:00+00:00,5000.0
2017-07-24 00:00:00+00:00,5000.0
2017-07-25 00:00:00+00:00,5000.0
2017-07-26 00:00:00+00:00,5000.0
2017-07-27 00:00:00+00:00,5000.0
2017-07-28 00:00:00+00:00,5000.0
2017-07-31 00:00:00+00:00,5000.0
2017-08-01 00:00:00+00:00,5000.0
2017-08-02 00:00:00+00:00,5000.0
2017-08-03 00:00:00+00:00,5000.0
2017-08-04 00:00:00+00:00,5000.0
2017-08-07 00:00:00+00:00,5000.0
2017-08-08 00:00:00+00:00,5000.0
2017-08-09 00:00:00+00:00,5000.0
2017-08-10 00:00:00+00:00,5000.0
2017-08-11 00:00:00+00:00,5000.0
2017-08-14 00:00:00+00:00,5000.0
2017-08-15 00:00:00+00:00,5000.0
2017-08-16 00:00:00+00:00,5000.0
2017-08-17 00:00:00+00:00,5000.0
2017-08-18 00:00:00+00:00,5000.0
2017-08-21 00:00:00+00:00,5000.0
2017-08-22 00:00:00+00:00,5000.0
2017-08-23 00:00:00+00:00,5000.0
2017-08-24 00:00:00+00:00,5000.0
2017-08-25 00:00:00+00:00,5000.0
2017-08-28 00:00:00+00:00,5000.0
2017-08-29 00:00:00+00:00,5000.0
2017-08-30 00:00:00+00:00,5000.0
2017-08-31 00:00:00+00:00,5000.0
2017-09-01 00:00:00+00:00,5000.0
2017-09-04 00:00:00+00:00,5000.0
2017-09-05 00:00:00+00:00,5000.0
2017-09-06 00:00:00+00:00,5000.0
2017-09-07 00:00:00+00:00,5000.0
2017-09-08 00:00:00+00:00,5000.0
2017-09-11 00:00:00+00:00,5000.0
2017-09-12 00:00:00+00:00,5000.0
2017-09-13 00:00:00+00:00,5000.0
2017-09-14 00:00:00+00:00,5000.0
2017-09-15 00:00:00+00:00,5000.0
2017-09-18 00:00:00+00:00,5000.0
2017-09-19 00:00:00+00:00,5000.0
2017-09-20 00:00:00+00:00,5000.0
2017-09-21 00:00:00+00:00,5000.0
2017-09-22 00:00:00+00:00,5000.0
2017-09-25 00:00:00+00:00,5000.0
2017-09-26 00:00:00+00:00,5000.0
2017-09-27 00:00:00+00:00,5000.0
2017-09-28 00:00:00+00:00,5000.0
2017-09-29 00:00:00+00:00,5000.0
2017-10-02 00:00:00+00:00,5000.0
2017-10-03 00:00:00+00:00,5000.0
2017-10-04 00:00:00+00:00,5000.0
2017-10-05 00:00:00+00:00,5000.0
2017-10-06 00:00:00+00:00,5000.0
2017-10-07 00:00:00+00:00,5000.0
2017-10-09 00:00:00+00:00,5000.0
2017-10-10 00:00:00+00:00,4937.749002364053
2017-10-11 00:00:00+00:00,4936.697457129657
2017-10-12 00:00:00+00:00,4944.047663656753
2017-10-13 00:00:00+00:00,4944.076512792167
2017-10-16 00:00:00+00:00,4949.821483369817
2017-10-17 00:00:00+00:00,4967.329824250669
2017-10-18 00:00:00+00:00,4964.96878667745
2017-10-19 00:00:00+00:00,4949.75507200752
2017-10-20 00:00:00+00:00,4956.980468113743
2017-10-21 00:00:00+00:00,4956.980468113743
2017-10-23 00:00:00+00:00,4924.367805836946
2017-10-24 00:00:00+00:00,4953.669780400215
2017-10-25 00:00:00+00:00,4983.877901509688
2017-10-26 00:00:00+00:00,5004.95490418498
2017-10-27 00:00:00+00:00,4964.389181033277
2017-10-30 00:00:00+00:00,4980.937220360556
2017-10-31 00:00:00+00:00,4977.589032366442
2017-11-01 00:00:00+00:00,4959.164150187032
2017-11-02 00:00:00+00:00,4937.4048667330135
2017-11-03 00:00:00+00:00,4956.834203311254
2017-11-06 00:00:00+00:00,4963.609900810103
2017-11-07 00:00:00+00:00,4950.601981305871
2017-11-08 00:00:00+00:00,4953.278281752846
2017-11-09 00:00:00+00:00,4960.311691625038
2017-11-10 00:00:00+00:00,4959.729681886183
2017-11-13 00:00:00+00:00,4927.389782786172
2017-11-14 00:00:00+00:00,4951.579228155089
2017-11-15 00:00:00+00:00,4957.182164931015
2017-11-16 00:00:00+00:00,4919.6599520931795
2017-11-17 00:00:00+00:00,4900.761463665932
2017-11-20 00:00:00+00:00,4892.336737945751
2017-11-21 00:00:00+00:00,4865.816371418309
2017-11-22 00:00:00+00:00,4824.9333679491765
2017-11-23 00:00:00+00:00,4789.664334898329
2017-11-24 00:00:00+00:00,4785.789866404056
2017-11-27 00:00:00+00:00,4865.595691695193
2017-11-28 00:00:00+00:00,4849.732938993066
2017-11-29 00:00:00+00:00,4856.160130149104
2017-11-30 00:00:00+00:00,4852.459133333147
2017-12-01 00:00:00+00:00,4841.472285447607
2017-12-04 00:00:00+00:00,4824.408705686237
2017-12-05 00:00:00+00:00,4835.391181422736
2017-12-06 00:00:00+00:00,4865.26519189113
2017-12-07 00:00:00+00:00,4865.1588484535605
2017-12-08 00:00:00+00:00,4894.794621852046
2017-12-11 00:00:00+00:00,4934.880885823759
2017-12-12 00:00:00+00:00,4918.451971332202
2017-12-13 00:00:00+00:00,4901.927291346288
2017-12-14 00:00:00+00:00,4906.67910497442
2017-12-15 00:00:00+00:00,4876.516236419824
2017-12-18 00:00:00+00:00,4893.817374566357
2017-12-19 00:00:00+00:00,4888.901387410813
2017-12-20 00:00:00+00:00,4898.455496358379
2017-12-21 00:00:00+00:00,4893.649246993577
2017-12-22 00:00:00+00:00,4899.488460350276
2017-12-26 00:00:00+00:00,4891.132850264712
2017-12-27 00:00:00+00:00,4885.611946106481
2017-12-28 00:00:00+00:00,4875.656930967119
2017-12-29 00:00:00+00:00,4887.728276804934
2018-01-02 00:00:00+00:00,4851.695709349054
2018-01-03 00:00:00+00:00,4818.317866313783
2018-01-04 00:00:00+00:00,4813.915414973097
2018-01-05 00:00:00+00:00,4827.232587873013
2018-01-08 00:00:00+00:00,4804.961581277228
2018-01-09 00:00:00+00:00,4760.201205562987
2018-01-10 00:00:00+00:00,4751.770733038702
2018-01-11 00:00:00+00:00,4746.340615373472
2018-01-12 00:00:00+00:00,4718.641063144423
2018-01-15 00:00:00+00:00,4707.675426042559
2018-01-16 00:00:00+00:00,4724.09638221368
2018-01-17 00:00:00+00:00,4713.44715826428
2018-01-18 00:00:00+00:00,4721.393615976003
2018-01-19 00:00:00+00:00,4712.288279796278
2018-01-22 00:00:00+00:00,4713.0401241194395
2018-01-23 00:00:00+00:00,4705.7894784556365
2018-01-24 00:00:00+00:00,4640.106227833938
2018-01-25 00:00:00+00:00,4654.40346794956
2018-01-26 00:00:00+00:00,4601.296962318401
2018-01-29 00:00:00+00:00,4593.595895107493
2018-01-30 00:00:00+00:00,4639.760371944994
2018-01-31 00:00:00+00:00,4631.83452889312
2018-02-01 00:00:00+00:00,4593.360873587026
2018-02-02 00:00:00+00:00,4564.42870568084
2018-02-05 00:00:00+00:00,4603.560687885541
2018-02-06 00:00:00+00:00,4585.51328531357
2018-02-07 00:00:00+00:00,4630.315250626342
2018-02-08 00:00:00+00:00,4652.857158748285
2018-02-09 00:00:00+00:00,4647.608399081874
2018-02-12 00:00:00+00:00,4626.094659515718
2018-02-13 00:00:00+00:00,4647.881451045548
2018-02-14 00:00:00+00:00,4632.815907884124
2018-02-15 00:00:00+00:00,4582.88111380911
2018-02-16 00:00:00+00:00,4593.032145990645
2018-02-19 00:00:00+00:00,4565.659481701686
2018-02-20 00:00:00+00:00,4599.808795273804
2018-02-21 00:00:00+00:00,4622.644582994848
2018-02-22 00:00:00+00:00,4595.240465896136
2018-02-23 00:00:00+00:00,4596.199797812576
2018-02-26 00:00:00+00:00,4583.721289093383
2018-02-27 00:00:00+00:00,4609.046888956597
2018-02-28 00:00:00+00:00,4586.852603038886
2018-03-01 00:00:00+00:00,4569.559478466119
2018-03-02 00:00:00+00:00,4584.3935859273915
2018-03-05 00:00:00+00:00,4566.43600930787
2018-03-06 00:00:00+00:00,4585.044269258333
2018-03-07 00:00:00+00:00,4590.3776544935035
2018-03-08 00:00:00+00:00,4625.5988134119125
2018-03-09 00:00:00+00:00,4603.276610723328
2018-03-12 00:00:00+00:00,4617.141877794054
2018-03-13 00:00:00+00:00,4637.985586178769
2018-03-14 00:00:00+00:00,4641.463641798042
2018-03-15 00:00:00+00:00,4637.238625403072
2018-03-16 00:00:00+00:00,4629.774255208739
2018-03-19 00:00:00+00:00,4637.291344500764
2018-03-20 00:00:00+00:00,4619.415479413255
2018-03-21 00:00:00+00:00,4636.560209236675
2018-03-22 00:00:00+00:00,4672.597368479513
2018-03-23 00:00:00+00:00,4649.741628512212
2018-03-26 00:00:00+00:00,4654.2766468005575
2018-03-27 00:00:00+00:00,4673.045740011857
2018-03-28 00:00:00+00:00,4683.347262213798
2018-03-29 00:00:00+00:00,4688.556966657097
2018-04-02 00:00:00+00:00,4708.36622817684
2018-04-03 00:00:00+00:00,4698.871502590705
2018-04-04 00:00:00+00:00,4700.066740092024
2018-04-05 00:00:00+00:00,4707.039863485815
2018-04-06 00:00:00+00:00,4740.9690593937285
2018-04-09 00:00:00+00:00,4736.94501886644
2018-04-10 00:00:00+00:00,4730.792757920217
2018-04-11 00:00:00+00:00,4700.41749274399
2018-04-12 00:00:00+00:00,4685.069110450419
2018-04-13 00:00:00+00:00,4699.098031006765
2018-04-16 00:00:00+00:00,4694.5738861862
2018-04-17 00:00:00+00:00,4680.314659292664
2018-04-18 00:00:00+00:00,4665.782387709904
2018-04-19 00:00:00+00:00,4694.947737818856
2018-04-20 00:00:00+00:00,4700.316571982934
2018-04-23 00:00:00+00:00,4724.133468052646
2018-04-24 00:00:00+00:00,4725.545871442209
2018-04-25 00:00:00+00:00,4716.860853929107
2018-04-26 00:00:00+00:00,4746.380672763691
2018-04-27 00:00:00+00:00,4740.237310302047
2018-04-30 00:00:00+00:00,4765.483289812145
2018-05-01 00:00:00+00:00,4750.009842061818
2018-05-02 00:00:00+00:00,4720.056088583001
2018-05-03 00:00:00+00:00,4703.884606218548
2018-05-04 00:00:00+00:00,4690.217544896617
2018-05-07 00:00:00+00:00,4709.887571623522
2018-05-08 00:00:00+00:00,4729.7906612129145
2018-05-09 00:00:00+00:00,4729.359681908614
2018-05-10 00:00:00+00:00,4726.018261318014
2018-05-11 00:00:00+00:00,4756.519617113002
2018-05-14 00:00:00+00:00,4801.043485605758
2018-05-15 00:00:00+00:00,4784.536716879756
2018-05-16 00:00:00+00:00,4820.806720256572
2018-05-17 00:00:00+00:00,4825.405461454241
2018-05-18 00:00:00+00:00,4789.941700013341
2018-05-21 00:00:00+00:00,4756.601493926215
2018-05-22 00:00:00+00:00,4789.853808746331
2018-05-23 00:00:00+00:00,4820.731436999869
2018-05-24 00:00:00+00:00,4844.313389431764
2018-05-25 00:00:00+00:00,4908.595679318696
2018-05-28 00:00:00+00:00,4920.173460528441
2018-05-29 00:00:00+00:00,4898.439874967265
2018-05-30 00:00:00+00:00,4937.732416872542
2018-05-31 00:00:00+00:00,5030.921076419345
2018-06-01 00:00:00+00:00,5057.57233734774
2018-06-04 00:00:00+00:00,5046.201657420295
2018-06-05 00:00:00+00:00,4972.03282128431
2018-06-06 00:00:00+00:00,5058.175578219859
2018-06-07 00:00:00+00:00,5088.582534343329
2018-06-08 00:00:00+00:00,5056.558338789123
2018-06-11 00:00:00+00:00,5016.755033262472
2018-06-12 00:00:00+00:00,4959.449439237492
2018-06-13 00:00:00+00:00,4981.085906111852
2018-06-14 00:00:00+00:00,4916.99906443921
2018-06-15 00:00:00+00:00,4931.179555781953
2018-06-18 00:00:00+00:00,4964.9487677587485
2018-06-19 00:00:00+00:00,5002.8666455945395
2018-06-20 00:00:00+00:00,4915.479315445586
2018-06-21 00:00:00+00:00,4806.346264119456
2018-06-22 00:00:00+00:00,4735.200994115562
2018-06-25 00:00:00+00:00,4750.223283129009
2018-06-26 00:00:00+00:00,4682.596985580271
2018-06-27 00:00:00+00:00,4630.135953268027
2018-06-28 00:00:00+00:00,4581.350889428116
2018-06-29 00:00:00+00:00,4620.900416938978
2018-07-02 00:00:00+00:00,4529.228913552929
2018-07-03 00:00:00+00:00,4539.274882036087
2018-07-04 00:00:00+00:00,4556.8460752510555
2018-07-05 00:00:00+00:00,4592.781097818511
2018-07-06 00:00:00+00:00,4520.391150372798
2018-07-09 00:00:00+00:00,4579.2823694454155
2018-07-10 00:00:00+00:00,4613.481390746131
2018-07-11 00:00:00+00:00,4545.86788645482
2018-07-12 00:00:00+00:00,4576.37125444139
2018-07-13 00:00:00+00:00,4592.069576619187
2018-07-16 00:00:00+00:00,4566.275413603838
2018-07-17 00:00:00+00:00,4574.829094757672
2018-07-18 00:00:00+00:00,4583.250290287788
2018-07-19 00:00:00+00:00,4550.301895552442
2018-07-20 00:00:00+00:00,4572.110919609266
2018-07-23 00:00:00+00:00,4594.4325143153765
2018-07-24 00:00:00+00:00,4578.685061397124
2018-07-25 00:00:00+00:00,4571.44099477352
2018-07-26 00:00:00+00:00,4578.492643221523
2018-07-27 00:00:00+00:00,4608.597993743201
2018-07-30 00:00:00+00:00,4588.558460891466
2018-07-31 00:00:00+00:00,4607.316286506701
2018-08-01 00:00:00+00:00,4546.030339584898
2018-08-02 00:00:00+00:00,4535.278518929501
2018-08-03 00:00:00+00:00,4552.672147819473
2018-08-06 00:00:00+00:00,4567.453400432985
2018-08-07 00:00:00+00:00,4611.908134764022
2018-08-08 00:00:00+00:00,4614.155379169717
2018-08-09 00:00:00+00:00,4605.500953673917
2018-08-10 00:00:00+00:00,4604.208825058561
2018-08-13 00:00:00+00:00,4625.059463583903
2018-08-14 00:00:00+00:00,4636.6323802075585
2018-08-15 00:00:00+00:00,4656.504124047608
2018-08-16 00:00:00+00:00,4664.292497430399
2018-08-17 00:00:00+00:00,4670.9050946753
2018-08-20 00:00:00+00:00,4688.569476659597
2018-08-21 00:00:00+00:00,4689.249186338453
2018-08-22 00:00:00+00:00,4698.713611553241
2018-08-23 00:00:00+00:00,4705.79406619673
2018-08-24 00:00:00+00:00,4725.314617668289
2018-08-27 00:00:00+00:00,4749.464742714829
2018-08-28 00:00:00+00:00,4756.801180631294
2018-08-29 00:00:00+00:00,4775.018239895035
2018-08-30 00:00:00+00:00,4761.905517191387
2018-08-31 00:00:00+00:00,4769.790609011201
2018-09-03 00:00:00+00:00,4781.787332245133
2018-09-04 00:00:00+00:00,4814.475870896159
2018-09-05 00:00:00+00:00,4816.995462682689
2018-09-06 00:00:00+00:00,4836.495339082033
2018-09-07 00:00:00+00:00,4869.485102585556
2018-09-10 00:00:00+00:00,4916.051583183659
2018-09-11 00:00:00+00:00,4897.562852392458
2018-09-12 00:00:00+00:00,4891.191465037536
2018-09-13 00:00:00+00:00,4905.755091014253
2018-09-14 00:00:00+00:00,4878.227874646022
2018-09-17 00:00:00+00:00,4886.796138431425
2018-09-18 00:00:00+00:00,4888.43370303099
2018-09-19 00:00:00+00:00,4823.77049461722
2018-09-20 00:00:00+00:00,4828.685938991389
2018-09-21 00:00:00+00:00,4802.868679138934
2018-09-24 00:00:00+00:00,4877.30041888877
2018-09-25 00:00:00+00:00,4906.491091367092
2018-09-26 00:00:00+00:00,4919.8671352037
2018-09-27 00:00:00+00:00,4920.352417682381
2018-09-28 00:00:00+00:00,4929.491767811992
2018-10-01 00:00:00+00:00,4927.3874281635535
2018-10-02 00:00:00+00:00,4938.537091766984
2018-10-03 00:00:00+00:00,4941.579257340993
2018-10-04 00:00:00+00:00,4971.164690436499
2018-10-05 00:00:00+00:00,4944.551796618553
2018-10-08 00:00:00+00:00,4937.647402045778
2018-10-09 00:00:00+00:00,4965.954342110816
2018-10-10 00:00:00+00:00,4960.177414055874
2018-10-11 00:00:00+00:00,4938.245210084139
2018-10-12 00:00:00+00:00,4917.002205630407
2018-10-15 00:00:00+00:00,4918.635732149373
2018-10-16 00:00:00+00:00,4931.541207636915
2018-10-17 00:00:00+00:00,4991.695554233216
2018-10-18 00:00:00+00:00,5019.270075942793
2018-10-19 00:00:00+00:00,5002.309969344613
2018-10-22 00:00:00+00:00,5003.424139030139
2018-10-23 00:00:00+00:00,5005.995722808337
2018-10-24 00:00:00+00:00,4948.241863058043
2018-10-25 00:00:00+00:00,4966.034245643656
2018-10-26 00:00:00+00:00,4987.755555009714
2018-10-29 00:00:00+00:00,5002.098926797207
2018-10-30 00:00:00+00:00,4985.111567349021
2018-10-31 00:00:00+00:00,4991.6540989743535
2018-11-01 00:00:00+00:00,4974.733852502764
2018-11-02 00:00:00+00:00,5017.1113025311715
2018-11-05 00:00:00+00:00,5039.965665967978
2018-11-06 00:00:00+00:00,5044.586164193406
2018-11-07 00:00:00+00:00,5082.451426277685
2018-11-08 00:00:00+00:00,5077.404640012079
2018-11-09 00:00:00+00:00,5064.860248178078
2018-11-12 00:00:00+00:00,5106.494919477627
2018-11-13 00:00:00+00:00,5151.534415797633
2018-11-14 00:00:00+00:00,5123.073820237429
2018-11-15 00:00:00+00:00,5134.736615755261
2018-11-16 00:00:00+00:00,5139.861684086932
2018-11-19 00:00:00+00:00,5105.213170326809
2018-11-20 00:00:00+00:00,5108.200626657763
2018-11-21 00:00:00+00:00,5078.817896016614
2018-11-22 00:00:00+00:00,5064.425249302776
2018-11-23 00:00:00+00:00,5110.192202495357
2018-11-26 00:00:00+00:00,5099.895126592398
2018-11-27 00:00:00+00:00,5092.138549084278
2018-11-28 00:00:00+00:00,5079.390138498237
2018-11-29 00:00:00+00:00,5055.607185971505
2018-11-30 00:00:00+00:00,5064.394134410135
2018-12-03 00:00:00+00:00,5080.666113314239
2018-12-04 00:00:00+00:00,5074.850951295379
2018-12-05 00:00:00+00:00,5066.139675858813
2018-12-06 00:00:00+00:00,5069.69573294832
2018-12-07 00:00:00+00:00,5117.983392267339
2018-12-10 00:00:00+00:00,5095.741885335714
2018-12-11 00:00:00+00:00,5065.328373839267
2018-12-12 00:00:00+00:00,5106.370815029998
2018-12-13 00:00:00+00:00,5088.62573862757
2018-12-14 00:00:00+00:00,5110.704085230742
2018-12-17 00:00:00+00:00,5144.863383696223
2018-12-18 00:00:00+00:00,5208.722615237809
2018-12-19 00:00:00+00:00,5140.260971459278
2018-12-20 00:00:00+00:00,5083.2076666118355
2018-12-21 00:00:00+00:00,5048.894478575077
2018-12-24 00:00:00+00:00,5008.219936936777
2018-12-26 00:00:00+00:00,5068.488225027784
2018-12-27 00:00:00+00:00,5018.476661850633
2018-12-28 00:00:00+00:00,5000.0493538755145
2018-12-31 00:00:00+00:00,5043.304705110662
2019-01-02 00:00:00+00:00,5048.114277085036
2019-01-03 00:00:00+00:00,5082.697113960894
2019-01-04 00:00:00+00:00,5112.90305180652
2019-01-07 00:00:00+00:00,5090.789221723472
2019-01-08 00:00:00+00:00,5093.660362151196
2019-01-09 00:00:00+00:00,5121.742093302545
2019-01-10 00:00:00+00:00,5104.902823644146
2019-01-11 00:00:00+00:00,5098.977331650162
2019-01-14 00:00:00+00:00,5072.3287712067195
2019-01-15 00:00:00+00:00,5074.1201475456455
2019-01-16 00:00:00+00:00,5111.143661564381
2019-01-17 00:00:00+00:00,5109.936231811615
2019-01-18 00:00:00+00:00,5113.9411655559425
2019-01-21 00:00:00+00:00,5114.662675528521
2019-01-22 00:00:00+00:00,5096.264394935008
2019-01-23 00:00:00+00:00,5105.695003982743
2019-01-24 00:00:00+00:00,5056.256961310551
2019-01-25 00:00:00+00:00,5057.4592928722495
2019-01-28 00:00:00+00:00,5046.685302718017
2019-01-29 00:00:00+00:00,5052.877273604039
2019-01-30 00:00:00+00:00,5020.849259710353
2019-01-31 00:00:00+00:00,4994.305145172154
2019-02-01 00:00:00+00:00,5031.423222952571
2019-02-04 00:00:00+00:00,5064.17325464743
2019-02-05 00:00:00+00:00,5092.710202418508
2019-02-06 00:00:00+00:00,5115.762536898836
2019-02-07 00:00:00+00:00,5145.222341815834
2019-02-08 00:00:00+00:00,5167.501326715621
2019-02-11 00:00:00+00:00,5143.3771502287545
2019-02-12 00:00:00+00:00,5159.107997524773
2019-02-13 00:00:00+00:00,5192.897149529691
2019-02-14 00:00:00+00:00,5229.4516854527665
2019-02-15 00:00:00+00:00,5264.24793810504
2019-02-18 00:00:00+00:00,5256.89943379891
2019-02-19 00:00:00+00:00,5252.993794206675
2019-02-20 00:00:00+00:00,5245.216146678859
2019-02-21 00:00:00+00:00,5257.595310825576
2019-02-22 00:00:00+00:00,5236.8852523664855
2019-02-25 00:00:00+00:00,5168.83979724581
2019-02-26 00:00:00+00:00,5194.507412864367
2019-02-27 00:00:00+00:00,5178.8925182882995
2019-02-28 00:00:00+00:00,5142.622608717821
2019-03-01 00:00:00+00:00,5137.278331624676
2019-03-04 00:00:00+00:00,5143.48983170475
2019-03-05 00:00:00+00:00,5155.961570027773
2019-03-06 00:00:00+00:00,5181.593814885405
2019-03-07 00:00:00+00:00,5174.774969259068
2019-03-08 00:00:00+00:00,5172.924865068739
2019-03-11 00:00:00+00:00,5188.6032168613065
2019-03-12 00:00:00+00:00,5183.304511040396
2019-03-13 00:00:00+00:00,5158.144692369597
2019-03-14 00:00:00+00:00,5106.820668766757
2019-03-15 00:00:00+00:00,5101.582167521618
2019-03-18 00:00:00+00:00,5085.189694336094
2019-03-19 00:00:00+00:00,5131.213943828284
2019-03-20 00:00:00+00:00,5128.107882180938
2019-03-21 00:00:00+00:00,5092.787393794838
2019-03-22 00:00:00+00:00,5098.84378944548
2019-03-25 00:00:00+00:00,5110.415423537346
2019-03-26 00:00:00+00:00,5105.19686983848
2019-03-27 00:00:00+00:00,5133.8170964995
2019-03-28 00:00:00+00:00,5127.759432991068
2019-03-29 00:00:00+00:00,5102.306514555125
2019-04-01 00:00:00+00:00,5107.194345464915
2019-04-02 00:00:00+00:00,5071.412849687788
2019-04-03 00:00:00+00:00,5076.704002573565
2019-04-04 00:00:00+00:00,5080.428363488526
2019-04-05 00:00:00+00:00,5089.736960515147
2019-04-08 00:00:00+00:00,5055.909903772632
2019-04-09 00:00:00+00:00,5045.870047551263
2019-04-10 00:00:00+00:00,5086.615493909137
2019-04-11 00:00:00+00:00,5088.442463424574
2019-04-12 00:00:00+00:00,5121.0955116606765
2019-04-15 00:00:00+00:00,5111.194846097493
2019-04-16 00:00:00+00:00,5104.314758768051
2019-04-17 00:00:00+00:00,5119.812792538631
2019-04-18 00:00:00+00:00,5128.298370847699
2019-04-22 00:00:00+00:00,5171.51572777998
2019-04-23 00:00:00+00:00,5158.681694176176
2019-04-24 00:00:00+00:00,5190.345741713507
2019-04-25 00:00:00+00:00,5215.909392309454
2019-04-26 00:00:00+00:00,5172.302415257895
2019-04-29 00:00:00+00:00,5160.84308088978
2019-04-30 00:00:00+00:00,5177.837813735867
2019-05-01 00:00:00+00:00,5199.496708613537
2019-05-02 00:00:00+00:00,5208.138458286511
2019-05-03 00:00:00+00:00,5219.0702582350095
2019-05-06 00:00:00+00:00,5208.464132125391
2019-05-07 00:00:00+00:00,5165.031218317769
2019-05-08 00:00:00+00:00,5159.18960048542
2019-05-09 00:00:00+00:00,5182.006202282425
2019-05-10 00:00:00+00:00,5211.964812058354
2019-05-13 00:00:00+00:00,5205.586781280398
2019-05-14 00:00:00+00:00,5239.6861254107225
2019-05-15 00:00:00+00:00,5258.40380860174
2019-05-16 00:00:00+00:00,5251.963850105883
2019-05-17 00:00:00+00:00,5227.0976703735805
2019-05-20 00:00:00+00:00,5193.028452760154
2019-05-21 00:00:00+00:00,5209.484825953364
2019-05-22 00:00:00+00:00,5232.233069219351
2019-05-23 00:00:00+00:00,5236.154459914415
2019-05-24 00:00:00+00:00,5272.993440895739
2019-05-27 00:00:00+00:00,5308.124158630325
2019-05-28 00:00:00+00:00,5327.964962075941
2019-05-29 00:00:00+00:00,5290.075562601784
2019-05-30 00:00:00+00:00,5242.014236992532
2019-05-31 00:00:00+00:00,5198.3973663342895
2019-06-03 00:00:00+00:00,5149.075992609605
2019-06-04 00:00:00+00:00,5193.461240077312
2019-06-05 00:00:00+00:00,5212.024474752918
2019-06-06 00:00:00+00:00,5235.850538407626
2019-06-07 00:00:00+00:00,5243.500139089073
2019-06-10 00:00:00+00:00,5201.6261279284845
2019-06-11 00:00:00+00:00,5203.164524360029
2019-06-12 00:00:00+00:00,5164.028105554864
2019-06-13 00:00:00+00:00,5194.514797115836
2019-06-14 00:00:00+00:00,5227.627879649089
2019-06-17 00:00:00+00:00,5169.768954665746
2019-06-18 00:00:00+00:00,5104.7741687834005
2019-06-19 00:00:00+00:00,5090.004588433095
2019-06-20 00:00:00+00:00,5067.185129567352
2019-06-21 00:00:00+00:00,5092.1549519517985
2019-06-24 00:00:00+00:00,5025.93374354526
2019-06-25 00:00:00+00:00,5031.1512845222605
2019-06-26 00:00:00+00:00,5029.702224458639
2019-06-27 00:00:00+00:00,5025.1055189186445
2019-06-28 00:00:00+00:00,5013.726966284592
2019-07-01 00:00:00+00:00,5000.094837912082
2019-07-02 00:00:00+00:00,4997.7939087620125
2019-07-03 00:00:00+00:00,5021.033096812386
2019-07-04 00:00:00+00:00,5004.105185155801
2019-07-05 00:00:00+00:00,5033.771625670376
2019-07-08 00:00:00+00:00,4999.623807773226
2019-07-09 00:00:00+00:00,4983.643421974626
2019-07-10 00:00:00+00:00,5005.821984591676
2019-07-11 00:00:00+00:00,5002.346408339129
2019-07-12 00:00:00+00:00,5017.71701670776
2019-07-15 00:00:00+00:00,5028.993247994336
2019-07-16 00:00:00+00:00,5014.558881907196
2019-07-17 00:00:00+00:00,5019.828811660099
2019-07-18 00:00:00+00:00,5000.684137743432
2019-07-19 00:00:00+00:00,5017.984331085672
2019-07-22 00:00:00+00:00,5027.90175517495
2019-07-23 00:00:00+00:00,5024.1369805589475
2019-07-24 00:00:00+00:00,5032.713333091074
2019-07-25 00:00:00+00:00,5027.144852362133
2019-07-26 00:00:00+00:00,5019.1896519347465
2019-07-29 00:00:00+00:00,4990.977033484708
2019-07-30 00:00:00+00:00,4980.310580538993
2019-07-31 00:00:00+00:00,4963.537565590782
2019-08-01 00:00:00+00:00,4972.238718808653
2019-08-02 00:00:00+00:00,4928.925872079521
2019-08-05 00:00:00+00:00,4846.119620280152
2019-08-06 00:00:00+00:00,4855.233669052662
2019-08-07 00:00:00+00:00,4835.674442944191
2019-08-08 00:00:00+00:00,4819.170541402723
2019-08-09 00:00:00+00:00,4759.620609809534
2019-08-12 00:00:00+00:00,4728.787573193485
2019-08-13 00:00:00+00:00,4777.211394401525
2019-08-14 00:00:00+00:00,4766.080923412371
2019-08-15 00:00:00+00:00,4725.648292595982
2019-08-16 00:00:00+00:00,4736.910710969119
2019-08-19 00:00:00+00:00,4723.051489533632
2019-08-20 00:00:00+00:00,4749.061641075047
2019-08-21 00:00:00+00:00,4791.909809436068
2019-08-22 00:00:00+00:00,4799.820980796856
2019-08-23 00:00:00+00:00,4844.347277108609
2019-08-26 00:00:00+00:00,4831.137571677636
2019-08-27 00:00:00+00:00,4785.985059470917
2019-08-28 00:00:00+00:00,4792.607210660067
2019-08-29 00:00:00+00:00,4769.838723837716
2019-08-30 00:00:00+00:00,4779.112691378712
2019-09-02 00:00:00+00:00,4765.070956588958
2019-09-03 00:00:00+00:00,4803.418151018665
2019-09-04 00:00:00+00:00,4817.701539723667
2019-09-05 00:00:00+00:00,4824.066600963762
2019-09-06 00:00:00+00:00,4803.729187590383
2019-09-09 00:00:00+00:00,4780.599528440116
2019-09-10 00:00:00+00:00,4795.088308761582
2019-09-11 00:00:00+00:00,4807.347447161115
2019-09-12 00:00:00+00:00,4814.443887292672
2019-09-13 00:00:00+00:00,4812.058691815301
2019-09-16 00:00:00+00:00,4868.318228998196
2019-09-17 00:00:00+00:00,4806.180286229675
2019-09-18 00:00:00+00:00,4874.832857913919
2019-09-19 00:00:00+00:00,4914.583769939939
2019-09-20 00:00:00+00:00,4920.967301877117
2019-09-23 00:00:00+00:00,4898.127836477485
2019-09-24 00:00:00+00:00,4869.102295451945
2019-09-25 00:00:00+00:00,4890.317634357709
2019-09-26 00:00:00+00:00,4906.037327042981
2019-09-27 00:00:00+00:00,4900.7856487453255
2019-09-30 00:00:00+00:00,4901.953253800169
2019-10-01 00:00:00+00:00,4909.495713139471
2019-10-02 00:00:00+00:00,4886.31573668977
2019-10-03 00:00:00+00:00,4911.651113267436
2019-10-04 00:00:00+00:00,4925.260130946934
2019-10-07 00:00:00+00:00,4924.62891541236
2019-10-08 00:00:00+00:00,4925.686432940953
2019-10-09 00:00:00+00:00,4925.5921901526435
2019-10-10 00:00:00+00:00,4919.148105945738
2019-10-11 00:00:00+00:00,4932.005134140119
2019-10-14 00:00:00+00:00,4923.792141130214
2019-10-15 00:00:00+00:00,4937.8429992556075
2019-10-16 00:00:00+00:00,4949.49905829148
2019-10-17 00:00:00+00:00,4924.995671268918
2019-10-18 00:00:00+00:00,4900.1099502663055
2019-10-21 00:00:00+00:00,4888.357745586947
2019-10-22 00:00:00+00:00,4874.863688536317
2019-10-23 00:00:00+00:00,4870.157229074427
2019-10-24 00:00:00+00:00,4883.441585050807
2019-10-25 00:00:00+00:00,4879.21070739593
2019-10-28 00:00:00+00:00,4906.364711719959
2019-10-29 00:00:00+00:00,4915.305652178827
2019-10-30 00:00:00+00:00,4887.166239862104
2019-10-31 00:00:00+00:00,4885.729378734282
2019-11-01 00:00:00+00:00,4906.108670517565
2019-11-04 00:00:00+00:00,4905.227511821973
2019-11-05 00:00:00+00:00,4919.111540892723
2019-11-06 00:00:00+00:00,4885.764763090309
2019-11-07 00:00:00+00:00,4878.044507645323
2019-11-08 00:00:00+00:00,4876.375575053976
2019-11-11 00:00:00+00:00,4880.66047888452
2019-11-12 00:00:00+00:00,4873.792563494146
2019-11-13 00:00:00+00:00,4870.965232563642
2019-11-14 00:00:00+00:00,4887.445816466609
2019-11-15 00:00:00+00:00,4895.980161298877
2019-11-18 00:00:00+00:00,4875.848408214778
2019-11-19 00:00:00+00:00,4883.694440736844
2019-11-20 00:00:00+00:00,4879.479276658803
2019-11-21 00:00:00+00:00,4881.78250476737
2019-11-22 00:00:00+00:00,4900.174364777057
2019-11-25 00:00:00+00:00,4900.279492245224
2019-11-26 00:00:00+00:00,4913.839233883341
2019-11-27 00:00:00+00:00,4925.565725264443
2019-11-28 00:00:00+00:00,4926.802311350002
2019-11-29 00:00:00+00:00,4938.439150662756
2019-12-02 00:00:00+00:00,4904.733761962609
2019-12-03 00:00:00+00:00,4881.996092827418
2019-12-04 00:00:00+00:00,4882.5853014732165
2019-12-05 00:00:00+00:00,4900.956712813715
2019-12-06 00:00:00+00:00,4921.616000992414
2019-12-09 00:00:00+00:00,4907.378640465599
2019-12-10 00:00:00+00:00,4898.071052562353
2019-12-11 00:00:00+00:00,4892.102753758691
2019-12-12 00:00:00+00:00,4893.086379463627
2019-12-13 00:00:00+00:00,4895.570514997493
2019-12-16 00:00:00+00:00,4886.761121255789
2019-12-17 00:00:00+00:00,4896.187170872065
2019-12-18 00:00:00+00:00,4890.783418621671
2019-12-19 00:00:00+00:00,4899.271552725205
2019-12-20 00:00:00+00:00,4911.71952090867
2019-12-23 00:00:00+00:00,4920.770196007859
2019-12-24 00:00:00+00:00,4931.175377693471
2019-12-26 00:00:00+00:00,4935.346615499382
2019-12-27 00:00:00+00:00,4936.764724626994
2019-12-30 00:00:00+00:00,4917.562914227543
2019-12-31 00:00:00+00:00,4903.848624715327
2020-01-02 00:00:00+00:00,4919.664583680519
2020-01-03 00:00:00+00:00,4951.417811998507
2020-01-06 00:00:00+00:00,4944.619233135679
2020-01-07 00:00:00+00:00,4945.644891042579
2020-01-08 00:00:00+00:00,4964.4192262131855
2020-01-09 00:00:00+00:00,4960.961778559292
2020-01-10 00:00:00+00:00,4970.928072830428
2020-01-13 00:00:00+00:00,4983.964396687167
2020-01-14 00:00:00+00:00,4992.2843809067635
2020-01-15 00:00:00+00:00,4984.082528088179
2020-01-16 00:00:00+00:00,4974.141816176447
2020-01-17 00:00:00+00:00,4983.722807279669
2020-01-20 00:00:00+00:00,4985.86318134336
2020-01-21 00:00:00+00:00,4971.006537225741
2020-01-22 00:00:00+00:00,5003.644680664831
2020-01-23 00:00:00+00:00,4995.759631774602
2020-01-24 00:00:00+00:00,5001.566552656666
2020-01-27 00:00:00+00:00,4978.877140345484
2020-01-28 00:00:00+00:00,4959.204152029931
2020-01-29 00:00:00+00:00,5003.099623998221
2020-01-30 00:00:00+00:00,4954.572795811346
2020-01-31 00:00:00+00:00,4943.279271998226
2020-02-03 00:00:00+00:00,4880.956506895915
2020-02-04 00:00:00+00:00,4888.605155219652
2020-02-05 00:00:00+00:00,4879.845970722022
2020-02-06 00:00:00+00:00,4845.35318453973
2020-02-07 00:00:00+00:00,4853.9814202514735
2020-02-10 00:00:00+00:00,4823.277591599557
2020-02-11 00:00:00+00:00,4860.558539956553
2020-02-12 00:00:00+00:00,4869.3627342541095
2020-02-13 00:00:00+00:00,4895.023403772657
2020-02-14 00:00:00+00:00,4905.666574490701
2020-02-17 00:00:00+00:00,4908.088512865429
2020-02-18 00:00:00+00:00,4934.574516607728
2020-02-19 00:00:00+00:00,4942.605326005594
2020-02-20 00:00:00+00:00,4916.065692382961
2020-02-21 00:00:00+00:00,4890.006110083544
2020-02-24 00:00:00+00:00,4889.813834737291
2020-02-25 00:00:00+00:00,4912.6238259009615
2020-02-26 00:00:00+00:00,4913.030466708342
2020-02-27 00:00:00+00:00,4996.341378114673
2020-02-28 00:00:00+00:00,5027.224415128393
2020-03-02 00:00:00+00:00,5024.602719295752
2020-03-03 00:00:00+00:00,4978.817925772375
2020-03-04 00:00:00+00:00,4943.7869062041555
2020-03-05 00:00:00+00:00,4919.713619943585
2020-03-06 00:00:00+00:00,4979.899423984409
2020-03-09 00:00:00+00:00,5101.8069439869705
2020-03-10 00:00:00+00:00,4967.568905729645
2020-03-11 00:00:00+00:00,4958.2901922572
2020-03-12 00:00:00+00:00,4871.4281930245115
2020-03-13 00:00:00+00:00,4825.1335264887475
2020-03-16 00:00:00+00:00,4782.085186743474
2020-03-17 00:00:00+00:00,4943.4276657607215
2020-03-18 00:00:00+00:00,5492.128391140657
2020-03-19 00:00:00+00:00,5129.7566806177965
2020-03-20 00:00:00+00:00,5449.7056336337855
2020-03-23 00:00:00+00:00,5421.180729699325
2020-03-24 00:00:00+00:00,5329.067684071861
2020-03-25 00:00:00+00:00,5269.158362112441
2020-03-26 00:00:00+00:00,5437.428140903524
2020-03-27 00:00:00+00:00,5330.496649099521
2020-03-30 00:00:00+00:00,5564.233148135954
2020-03-31 00:00:00+00:00,5488.545850252077
2020-04-01 00:00:00+00:00,5196.325914461273
2020-04-02 00:00:00+00:00,5202.560586019901
2020-04-03 00:00:00+00:00,5330.695844546348
2020-04-06 00:00:00+00:00,5599.2231790406
2020-04-07 00:00:00+00:00,5910.192639464586
2020-04-08 00:00:00+00:00,5713.045818488056
2020-04-09 00:00:00+00:00,6055.183885245165
2020-04-13 00:00:00+00:00,6320.617287391173
2020-04-14 00:00:00+00:00,6429.128570173851
2020-04-15 00:00:00+00:00,6147.000974204353
2020-04-16 00:00:00+00:00,6349.687652152529
2020-04-17 00:00:00+00:00,6874.513273937424
2020-04-20 00:00:00+00:00,7477.109717954707
2020-04-21 00:00:00+00:00,11027.784753062468
2020-04-22 00:00:00+00:00,10098.783173824466
2020-04-23 00:00:00+00:00,8437.221172750324
2020-04-24 00:00:00+00:00,8138.957651210954
2020-04-27 00:00:00+00:00,9860.507420918142
2020-04-28 00:00:00+00:00,9414.932984921426
2020-04-29 00:00:00+00:00,8395.842787998894
2020-04-30 00:00:00+00:00,7535.853471604925
2020-05-01 00:00:00+00:00,7246.783100924749
2020-05-04 00:00:00+00:00,7059.850550869146
2020-05-05 00:00:00+00:00,6917.876867279202
2020-05-06 00:00:00+00:00,6736.693068143134
2020-05-07 00:00:00+00:00,6778.3524097521595
2020-05-08 00:00:00+00:00,6818.043258772445
2020-05-11 00:00:00+00:00,6575.651864505937
2020-05-12 00:00:00+00:00,6389.472963566492
2020-05-13 00:00:00+00:00,6375.422880902487
2020-05-14 00:00:00+00:00,6436.7978079407185
2020-05-15 00:00:00+00:00,6426.084432032295
2020-05-18 00:00:00+00:00,6531.7208635431525
2020-05-19 00:00:00+00:00,6436.842674830939
2020-05-20 00:00:00+00:00,6426.906858212148
2020-05-21 00:00:00+00:00,6425.026090018379
2020-05-22 00:00:00+00:00,6367.527258049405
2020-05-25 00:00:00+00:00,6385.525252332413
2020-05-26 00:00:00+00:00,6407.303859309101
2020-05-27 00:00:00+00:00,6388.884813240926
2020-05-28 00:00:00+00:00,6354.991929807058
2020-05-29 00:00:00+00:00,6387.124119240383
2020-06-01 00:00:00+00:00,6486.716380507606
2020-06-02 00:00:00+00:00,6475.724882022973
2020-06-03 00:00:00+00:00,6453.197105647078
2020-06-04 00:00:00+00:00,6458.320303683179
2020-06-05 00:00:00+00:00,6545.046637477222
2020-06-08 00:00:00+00:00,6452.418145531796
2020-06-09 00:00:00+00:00,6404.241717053927
2020-06-10 00:00:00+00:00,6396.840448476554
2020-06-11 00:00:00+00:00,6307.601651955114
2020-06-12 00:00:00+00:00,6357.345380223707
2020-06-15 00:00:00+00:00,6401.259690542561
2020-06-16 00:00:00+00:00,6442.5716884041885
2020-06-17 00:00:00+00:00,6447.977406092855
2020-06-18 00:00:00+00:00,6464.489522364887
2020-06-19 00:00:00+00:00,6476.037772315742
2020-06-22 00:00:00+00:00,6509.7716866532965
2020-06-23 00:00:00+00:00,6500.4778146322205
2020-06-24 00:00:00+00:00,6448.489928022408
2020-06-25 00:00:00+00:00,6459.277592084575
2020-06-26 00:00:00+00:00,6443.730175157629
2020-06-29 00:00:00+00:00,6439.368871736767
2020-06-30 00:00:00+00:00,6394.239003681488
2020-07-01 00:00:00+00:00,6443.555918998115
2020-07-02 00:00:00+00:00,6496.326931655911
2020-07-03 00:00:00+00:00,6499.10749220102
2020-07-06 00:00:00+00:00,6499.872914544727
2020-07-07 00:00:00+00:00,6491.851273264763
2020-07-08 00:00:00+00:00,6499.180664296164
2020-07-09 00:00:00+00:00,6520.258320350669
2020-07-10 00:00:00+00:00,6535.469859127183
2020-07-13 00:00:00+00:00,6497.159311662119
2020-07-14 00:00:00+00:00,6504.010676674172
2020-07-15 00:00:00+00:00,6527.667993955136
2020-07-16 00:00:00+00:00,6505.896996893314
2020-07-17 00:00:00+00:00,6488.425949352614
2020-07-20 00:00:00+00:00,6527.229696418072
2020-07-21 00:00:00+00:00,6549.562363637744
2020-07-22 00:00:00+00:00,6555.606957652701
2020-07-23 00:00:00+00:00,6509.4436394253
2020-07-24 00:00:00+00:00,6494.462265333664
2020-07-27 00:00:00+00:00,6483.355668103334
2020-07-28 00:00:00+00:00,6494.258769581404
2020-07-29 00:00:00+00:00,6532.608265373669
2020-07-30 00:00:00+00:00,6583.207023704614
2020-07-31 00:00:00+00:00,6573.588849123737
2020-08-03 00:00:00+00:00,6568.566919207383
2020-08-04 00:00:00+00:00,6544.105227870614
2020-08-05 00:00:00+00:00,6590.805036123283
2020-08-06 00:00:00+00:00,6609.639171590829
2020-08-07 00:00:00+00:00,6590.310063067305
2020-08-10 00:00:00+00:00,6583.708034454733
2020-08-11 00:00:00+00:00,6578.179410203291
2020-08-12 00:00:00+00:00,6573.447863269777
2020-08-13 00:00:00+00:00,6561.384436849984
2020-08-14 00:00:00+00:00,6562.180947697493
2020-08-17 00:00:00+00:00,6545.649380991106
2020-08-18 00:00:00+00:00,6545.672028219623
2020-08-19 00:00:00+00:00,6550.106529569892
2020-08-20 00:00:00+00:00,6525.822348440528
2020-08-21 00:00:00+00:00,6490.924338352568
2020-08-24 00:00:00+00:00,6580.918728697159
2020-08-25 00:00:00+00:00,6595.002807284307
2020-08-26 00:00:00+00:00,6560.3929069661035
2020-08-27 00:00:00+00:00,6529.125907707283
2020-08-28 00:00:00+00:00,6566.85786605665
2020-08-31 00:00:00+00:00,6548.678421959178
2020-09-01 00:00:00+00:00,6560.131994990195
2020-09-02 00:00:00+00:00,6520.300993879886
2020-09-03 00:00:00+00:00,6501.495098357228
2020-09-04 00:00:00+00:00,6471.443775290736
2020-09-07 00:00:00+00:00,6483.919673527223
2020-09-08 00:00:00+00:00,6426.8689284979555
2020-09-09 00:00:00+00:00,6416.961852288473
2020-09-10 00:00:00+00:00,6394.26975324479
2020-09-11 00:00:00+00:00,6348.887297745146
2020-09-14 00:00:00+00:00,6340.537710617259
2020-09-15 00:00:00+00:00,6364.27781393042
2020-09-16 00:00:00+00:00,6406.479528262028
2020-09-17 00:00:00+00:00,6463.987446604629
2020-09-18 00:00:00+00:00,6438.741011838771
2020-09-21 00:00:00+00:00,6402.292090923315
2020-09-22 00:00:00+00:00,6406.576018533349
2020-09-23 00:00:00+00:00,6395.369927564346
2020-09-24 00:00:00+00:00,6372.951633302421
2020-09-25 00:00:00+00:00,6386.585475915023
2020-09-28 00:00:00+00:00,6419.233908896422
2020-09-29 00:00:00+00:00,6370.632873588457
2020-09-30 00:00:00+00:00,6376.857977097033
2020-10-01 00:00:00+00:00,6342.449040021045
2020-10-02 00:00:00+00:00,6287.69547519184
2020-10-05 00:00:00+00:00,6360.929007491857
2020-10-06 00:00:00+00:00,6372.284690375043
2020-10-07 00:00:00+00:00,6385.88853660397
2020-10-08 00:00:00+00:00,6433.8921551058065
2020-10-09 00:00:00+00:00,6423.518050669926
2020-10-12 00:00:00+00:00,6396.566357020338
2020-10-13 00:00:00+00:00,6425.411691651355
2020-10-14 00:00:00+00:00,6464.576991415763
2020-10-15 00:00:00+00:00,6448.995722965037
2020-10-16 00:00:00+00:00,6429.01904899565
2020-10-19 00:00:00+00:00,6390.810837339579
2020-10-20 00:00:00+00:00,6404.257206792449
2020-10-21 00:00:00+00:00,6388.297493006762
2020-10-22 00:00:00+00:00,6423.706788593728
2020-10-23 00:00:00+00:00,6403.592727575271
2020-10-26 00:00:00+00:00,6372.336657070575
2020-10-27 00:00:00+00:00,6366.549901723134
2020-10-28 00:00:00+00:00,6333.534660383216
2020-10-29 00:00:00+00:00,6255.619081732831
2020-10-30 00:00:00+00:00,6258.376632822843
2020-11-02 00:00:00+00:00,6315.869431922264
2020-11-03 00:00:00+00:00,6326.540912101013
2020-11-04 00:00:00+00:00,6373.756634295941
2020-11-05 00:00:00+00:00,6364.833071073532
2020-11-06 00:00:00+00:00,6336.123352520493
2020-11-09 00:00:00+00:00,6413.781808660459
2020-11-10 00:00:00+00:00,6490.683815045888
2020-11-11 00:00:00+00:00,6497.589330541264
2020-11-12 00:00:00+00:00,6489.558810855808
2020-11-13 00:00:00+00:00,6488.4299751304825
2020-11-16 00:00:00+00:00,6530.316927953671
2020-11-17 00:00:00+00:00,6521.55289891169
2020-11-18 00:00:00+00:00,6547.472859673266
2020-11-19 00:00:00+00:00,6543.051868279366
2020-11-20 00:00:00+00:00,6603.006931346542
2020-11-23 00:00:00+00:00,6645.1622309452305
2020-11-24 00:00:00+00:00,6707.484973795842
2020-11-25 00:00:00+00:00,6736.234891719581
2020-11-26 00:00:00+00:00,6690.545646877864
2020-11-27 00:00:00+00:00,6705.568794294312
2020-11-30 00:00:00+00:00,6667.104420175815
2020-12-01 00:00:00+00:00,6683.068309703632
2020-12-02 00:00:00+00:00,6725.944975441254
2020-12-03 00:00:00+00:00,6760.829370757053
2020-12-04 00:00:00+00:00,6753.453754933303
2020-12-07 00:00:00+00:00,6742.393032370827
2020-12-08 00:00:00+00:00,6772.175040858589
2020-12-09 00:00:00+00:00,6789.279828542219
2020-12-10 00:00:00+00:00,6843.717319702326
2020-12-11 00:00:00+00:00,6827.586260076621
2020-12-14 00:00:00+00:00,6828.0697682061145
2020-12-15 00:00:00+00:00,6822.940243897332
2020-12-16 00:00:00+00:00,6839.726421441653
2020-12-17 00:00:00+00:00,6841.896957774871
2020-12-18 00:00:00+00:00,6886.362156272645
2020-12-21 00:00:00+00:00,6822.782019912067
2020-12-22 00:00:00+00:00,6797.322662572808
2020-12-23 00:00:00+00:00,6841.08032560417
2020-12-24 00:00:00+00:00,6839.499554563585
2020-12-28 00:00:00+00:00,6844.12184125817
2020-12-29 00:00:00+00:00,6852.261310286897
2020-12-30 00:00:00+00:00,6860.253852545148
2020-12-31 00:00:00+00:00,6877.499453388307
2021-01-04 00:00:00+00:00,6850.026995226749
2021-01-05 00:00:00+00:00,6981.167998918009
2021-01-06 00:00:00+00:00,6998.368695051442
2021-01-07 00:00:00+00:00,6996.436799624965
2021-01-08 00:00:00+00:00,7061.34619146654
2021-01-11 00:00:00+00:00,7029.106259297096
2021-01-12 00:00:00+00:00,7063.892165034255
2021-01-13 00:00:00+00:00,7016.151777150582
2021-01-14 00:00:00+00:00,6994.407305320652
2021-01-15 00:00:00+00:00,6937.106304316589
2021-01-18 00:00:00+00:00,6918.088743530116
2021-01-19 00:00:00+00:00,6987.583429901838
2021-01-20 00:00:00+00:00,6974.074372672024
2021-01-21 00:00:00+00:00,7003.9240656350685
2021-01-22 00:00:00+00:00,6972.802949016089
2021-01-25 00:00:00+00:00,7002.910156317335
2021-01-26 00:00:00+00:00,7014.017687422299
2021-01-27 00:00:00+00:00,6962.535832984274
2021-01-28 00:00:00+00:00,6967.52500688648
2021-01-29 00:00:00+00:00,6973.087203450831
2021-02-01 00:00:00+00:00,7016.931333588152
2021-02-02 00:00:00+00:00,7062.270356727736
2021-02-03 00:00:00+00:00,7090.33726892585
2021-02-04 00:00:00+00:00,7091.240141814936
2021-02-05 00:00:00+00:00,7104.975764228511
2021-02-08 00:00:00+00:00,7153.735951747664
2021-02-09 00:00:00+00:00,7184.202194336947
2021-02-10 00:00:00+00:00,7180.5367800274435
2021-02-11 00:00:00+00:00,7184.326863311739
2021-02-12 00:00:00+00:00,7250.587455663865
2021-02-15 00:00:00+00:00,7284.685477908677
2021-02-16 00:00:00+00:00,7290.762977447667
2021-02-17 00:00:00+00:00,7338.355574849108
2021-02-18 00:00:00+00:00,7303.223153214605
2021-02-19 00:00:00+00:00,7296.409674939913
2021-02-22 00:00:00+00:00,7383.819824377385
2021-02-23 00:00:00+00:00,7373.900196604925
2021-02-24 00:00:00+00:00,7446.921780217886
2021-02-25 00:00:00+00:00,7408.436436331594
2021-02-26 00:00:00+00:00,7371.709858456535
2021-03-01 00:00:00+00:00,7342.351275211475
2021-03-02 00:00:00+00:00,7311.289067240742
2021-03-03 00:00:00+00:00,7340.593185310658
2021-03-04 00:00:00+00:00,7449.090840005617
2021-03-05 00:00:00+00:00,7551.869781721379
2021-03-08 00:00:00+00:00,7496.740366324505
2021-03-09 00:00:00+00:00,7476.903577986385
2021-03-10 00:00:00+00:00,7512.6163160289525
2021-03-11 00:00:00+00:00,7559.546179464498
2021-03-12 00:00:00+00:00,7547.504385415424
2021-03-15 00:00:00+00:00,7520.372400502904
2021-03-16 00:00:00+00:00,7515.956554870752
2021-03-17 00:00:00+00:00,7480.959082813919
2021-03-18 00:00:00+00:00,7306.095281697563
2021-03-19 00:00:00+00:00,7347.844346787869
2021-03-22 00:00:00+00:00,7328.80911544174
2021-03-23 00:00:00+00:00,7200.798397757411
2021-03-24 00:00:00+00:00,7321.464035536394
2021-03-25 00:00:00+00:00,7242.852015494205
2021-03-26 00:00:00+00:00,7355.397910104081
2021-03-29 00:00:00+00:00,7362.217003079664
2021-03-30 00:00:00+00:00,7344.763532916211
2021-03-31 00:00:00+00:00,7308.9515983123065
2021-04-01 00:00:00+00:00,7341.184565402561
2021-04-05 00:00:00+00:00,7273.506028285203
2021-04-06 00:00:00+00:00,7285.934237786066
2021-04-07 00:00:00+00:00,7296.0869626231615
2021-04-08 00:00:00+00:00,7311.175095139617
2021-04-09 00:00:00+00:00,7313.9640594729
2021-04-12 00:00:00+00:00,7313.62947774993
2021-04-13 00:00:00+00:00,7329.174240083696
2021-04-14 00:00:00+00:00,7389.79146438606
2021-04-15 00:00:00+00:00,7404.637986725978
2021-04-16 00:00:00+00:00,7417.733327679467
2021-04-19 00:00:00+00:00,7428.690885780411
2021-04-20 00:00:00+00:00,7446.098752855412
2021-04-21 00:00:00+00:00,7434.462335653959
2021-04-22 00:00:00+00:00,7432.853922511547
2021-04-23 00:00:00+00:00,7439.097056823039
2021-04-26 00:00:00+00:00,7416.989183450393
2021-04-27 00:00:00+00:00,7396.120841019844
2021-04-28 00:00:00+00:00,7390.017420012353
2021-04-29 00:00:00+00:00,7412.608492963068
2021-04-30 00:00:00+00:00,7423.749532598677
2021-05-03 00:00:00+00:00,7405.52036596705
2021-05-04 00:00:00+00:00,7416.983850033065
2021-05-05 00:00:00+00:00,7430.152285748644
2021-05-06 00:00:00+00:00,7430.175013870487
2021-05-07 00:00:00+00:00,7426.455018101976
2021-05-10 00:00:00+00:00,7424.4185367895525
2021-05-11 00:00:00+00:00,7401.435688711283
2021-05-12 00:00:00+00:00,7397.065280831055
2021-05-13 00:00:00+00:00,7399.0962405155515
2021-05-14 00:00:00+00:00,7402.791425665696
2021-05-17 00:00:00+00:00,7377.462553584225
2021-05-18 00:00:00+00:00,7384.472469037229
2021-05-19 00:00:00+00:00,7398.076277058873
2021-05-20 00:00:00+00:00,7381.425986686932
2021-05-21 00:00:00+00:00,7340.195070541098
2021-05-24 00:00:00+00:00,7288.932633832554
2021-05-25 00:00:00+00:00,7296.504722338848
2021-05-26 00:00:00+00:00,7305.561453473113
2021-05-27 00:00:00+00:00,7282.684423838881
2021-05-28 00:00:00+00:00,7283.387296635783
2021-05-31 00:00:00+00:00,7297.98476100737
2021-06-01 00:00:00+00:00,7299.345850477242
2021-06-02 00:00:00+00:00,7288.856355176496
2021-06-03 00:00:00+00:00,7283.888252828763
2021-06-04 00:00:00+00:00,7256.7117710404755
2021-06-07 00:00:00+00:00,7257.828668213806
2021-06-08 00:00:00+00:00,7241.821216272413
2021-06-09 00:00:00+00:00,7257.535594828435
2021-06-10 00:00:00+00:00,7251.237961858591
2021-06-11 00:00:00+00:00,7207.725023845175
2021-06-14 00:00:00+00:00,7220.147852241623
2021-06-15 00:00:00+00:00,7205.359861097456
2021-06-16 00:00:00+00:00,7249.714930593957
2021-06-17 00:00:00+00:00,7191.013008295262
2021-06-18 00:00:00+00:00,7175.374192247395
2021-06-21 00:00:00+00:00,7139.466019554387
2021-06-22 00:00:00+00:00,7162.5805820273345
2021-06-23 00:00:00+00:00,7180.462445554626
2021-06-24 00:00:00+00:00,7188.909256008787
2021-06-25 00:00:00+00:00,7171.760194322537
2021-06-28 00:00:00+00:00,7166.056543599598
2021-06-29 00:00:00+00:00,7159.609398496565
2021-06-30 00:00:00+00:00,7156.328132034314
2021-07-01 00:00:00+00:00,7113.168699728438
2021-07-02 00:00:00+00:00,7144.00659422899
2021-07-05 00:00:00+00:00,7148.964410832278
2021-07-06 00:00:00+00:00,7181.730764728882
2021-07-07 00:00:00+00:00,7185.9865551944395
2021-07-08 00:00:00+00:00,7174.092444210744
2021-07-09 00:00:00+00:00,7158.514443239472
2021-07-12 00:00:00+00:00,7166.802367535593
2021-07-13 00:00:00+00:00,7182.2175452765305
2021-07-14 00:00:00+00:00,7216.417260920592
2021-07-15 00:00:00+00:00,7225.098737857711
2021-07-16 00:00:00+00:00,7213.03127870227
2021-07-19 00:00:00+00:00,7232.069513471292
2021-07-20 00:00:00+00:00,7231.436399134978
2021-07-21 00:00:00+00:00,7203.169313924073
2021-07-22 00:00:00+00:00,7197.349649300341
2021-07-23 00:00:00+00:00,7211.2895648801195
2021-07-26 00:00:00+00:00,7261.7100265288245
2021-07-27 00:00:00+00:00,7280.221852009501
2021-07-28 00:00:00+00:00,7240.813178419739
2021-07-29 00:00:00+00:00,7241.388853755818
2021-07-30 00:00:00+00:00,7228.498211020057
2021-08-02 00:00:00+00:00,7247.2939929061085
2021-08-03 00:00:00+00:00,7277.729234340656
2021-08-04 00:00:00+00:00,7298.382338327518
2021-08-05 00:00:00+00:00,7287.518080485789
2021-08-06 00:00:00+00:00,7318.177352632725
2021-08-09 00:00:00+00:00,7314.743593446355
2021-08-10 00:00:00+00:00,7298.804004502507
2021-08-11 00:00:00+00:00,7287.132617122272
2021-08-12 00:00:00+00:00,7285.625515928534
2021-08-13 00:00:00+00:00,7281.535953508935
2021-08-16 00:00:00+00:00,7278.1603104675905
2021-08-17 00:00:00+00:00,7300.286094837054
2021-08-18 00:00:00+00:00,7336.7726010789565
2021-08-19 00:00:00+00:00,7324.47971734472
2021-08-20 00:00:00+00:00,7347.718598863884
2021-08-23 00:00:00+00:00,7333.504480138603
2021-08-24 00:00:00+00:00,7368.086538127115
2021-08-25 00:00:00+00:00,7407.030592846485
2021-08-26 00:00:00+00:00,7379.346517851059
2021-08-27 00:00:00+00:00,7395.311935575091
2021-08-30 00:00:00+00:00,7398.106965976091
2021-08-31 00:00:00+00:00,7407.007507944109
2021-09-01 00:00:00+00:00,7397.402518279921
2021-09-02 00:00:00+00:00,7392.061987611498
2021-09-03 00:00:00+00:00,7421.340725387623
2021-09-06 00:00:00+00:00,7397.324927465246
2021-09-07 00:00:00+00:00,7400.98987365992
2021-09-08 00:00:00+00:00,7405.081434518249
2021-09-09 00:00:00+00:00,7407.629002610034
2021-09-10 00:00:00+00:00,7387.756265512002
2021-09-13 00:00:00+00:00,7358.757798438617
2021-09-14 00:00:00+00:00,7370.117340870587
2021-09-15 00:00:00+00:00,7334.788769751212
2021-09-16 00:00:00+00:00,7355.1287670553675
2021-09-17 00:00:00+00:00,7375.706412189865
2021-09-20 00:00:00+00:00,7395.242420983412
2021-09-21 00:00:00+00:00,7403.032236894475
2021-09-22 00:00:00+00:00,7406.2767372522685
2021-09-23 00:00:00+00:00,7409.450186113355
2021-09-24 00:00:00+00:00,7410.038675211972
2021-09-27 00:00:00+00:00,7395.340774502455
2021-09-28 00:00:00+00:00,7388.702156656539
2021-09-29 00:00:00+00:00,7390.365859258742
2021-09-30 00:00:00+00:00,7399.275626539146
2021-10-01 00:00:00+00:00,7406.404729273105
2021-10-04 00:00:00+00:00,7422.260174997162
2021-10-05 00:00:00+00:00,7413.414008535927
2021-10-06 00:00:00+00:00,7434.279344704356
2021-10-07 00:00:00+00:00,7406.564704115893
2021-10-08 00:00:00+00:00,7351.349697977852
2021-10-11 00:00:00+00:00,7358.4479847701
2021-10-12 00:00:00+00:00,7321.699878214045
2021-10-13 00:00:00+00:00,7320.831189509272
2021-10-14 00:00:00+00:00,7317.293506289707
2021-10-15 00:00:00+00:00,7280.399256844741
2021-10-18 00:00:00+00:00,7244.777012780779
2021-10-19 00:00:00+00:00,7251.189898511398
2021-10-20 00:00:00+00:00,7218.395215659359
2021-10-21 00:00:00+00:00,7205.071844022254
2021-10-22 00:00:00+00:00,7173.780614265636
2021-10-25 00:00:00+00:00,7214.274679364906
2021-10-26 00:00:00+00:00,7171.52227683693
2021-10-27 00:00:00+00:00,7192.12320977867
2021-10-28 00:00:00+00:00,7157.57917878817
2021-10-29 00:00:00+00:00,7119.112425469596
2021-11-01 00:00:00+00:00,7136.713215899166
2021-11-02 00:00:00+00:00,7169.37163433761
2021-11-03 00:00:00+00:00,7178.814526407326
2021-11-04 00:00:00+00:00,7207.670140667453
2021-11-05 00:00:00+00:00,7180.020188860014
2021-11-08 00:00:00+00:00,7212.0452511937
2021-11-09 00:00:00+00:00,7162.920728816769
2021-11-10 00:00:00+00:00,7197.584667999735
2021-11-11 00:00:00+00:00,7196.928756952515
2021-11-12 00:00:00+00:00,7185.949963988744
2021-11-15 00:00:00+00:00,7178.567270473208
2021-11-16 00:00:00+00:00,7215.647831917748
2021-11-17 00:00:00+00:00,7214.099158572799
2021-11-18 00:00:00+00:00,7224.638528627493
2021-11-19 00:00:00+00:00,7223.092891863793
2021-11-22 00:00:00+00:00,7248.085563733712
2021-11-23 00:00:00+00:00,7296.413212050946
2021-11-24 00:00:00+00:00,7287.9744776216285
2021-11-25 00:00:00+00:00,7300.869680279864
2021-11-26 00:00:00+00:00,7325.417708916828
2021-11-29 00:00:00+00:00,7287.176839094394
2021-11-30 00:00:00+00:00,7283.177149636827
2021-12-01 00:00:00+00:00,7287.258903496908
2021-12-02 00:00:00+00:00,7276.405096142592
2021-12-03 00:00:00+00:00,7316.68147010357
2021-12-06 00:00:00+00:00,7331.374534338256
2021-12-07 00:00:00+00:00,7319.30361379236
2021-12-08 00:00:00+00:00,7315.506264083084
2021-12-09 00:00:00+00:00,7312.619541998619
2021-12-10 00:00:00+00:00,7311.046641480321
2021-12-13 00:00:00+00:00,7300.124930758119
2021-12-14 00:00:00+00:00,7281.4151400455785
2021-12-15 00:00:00+00:00,7274.305539307207
2021-12-16 00:00:00+00:00,7256.008226050767
2021-12-17 00:00:00+00:00,7258.650219142707
2021-12-20 00:00:00+00:00,7260.9919259521985
2021-12-21 00:00:00+00:00,7250.306644320772
2021-12-22 00:00:00+00:00,7242.306923643143
2021-12-23 00:00:00+00:00,7277.688046366569
2021-12-27 00:00:00+00:00,7261.890744805783
2021-12-28 00:00:00+00:00,7283.897052080012
2021-12-29 00:00:00+00:00,7272.7527699398
2021-12-30 00:00:00+00:00,7261.427137195021
2021-12-31 00:00:00+00:00,7243.8692659583485
2022-01-03 00:00:00+00:00,7289.735228586088
2022-01-04 00:00:00+00:00,7301.931129757693
2022-01-05 00:00:00+00:00,7293.599779891876
2022-01-06 00:00:00+00:00,7268.117529194643
2022-01-07 00:00:00+00:00,7302.425912696064
2022-01-10 00:00:00+00:00,7278.675849117032
2022-01-11 00:00:00+00:00,7271.764780613927
2022-01-12 00:00:00+00:00,7250.973511454768
2022-01-13 00:00:00+00:00,7267.912767101764
2022-01-14 00:00:00+00:00,7258.859941539984
2022-01-17 00:00:00+00:00,7272.808362650262
2022-01-18 00:00:00+00:00,7262.356370797238
2022-01-19 00:00:00+00:00,7253.324059124738
2022-01-20 00:00:00+00:00,7268.827038388936
2022-01-21 00:00:00+00:00,7275.568943373264
2022-01-24 00:00:00+00:00,7283.955082223823
2022-01-25 00:00:00+00:00,7259.5130556639215
2022-01-26 00:00:00+00:00,7244.214368437328
2022-01-27 00:00:00+00:00,7254.975639606502
2022-01-28 00:00:00+00:00,7273.942095396006
2022-01-31 00:00:00+00:00,7240.0040109022175
2022-02-01 00:00:00+00:00,7233.236872914334
2022-02-02 00:00:00+00:00,7249.934741302135
2022-02-03 00:00:00+00:00,7237.530340839979
2022-02-04 00:00:00+00:00,7250.267133279502
2022-02-07 00:00:00+00:00,7270.269843840487
2022-02-08 00:00:00+00:00,7262.5613904040765
2022-02-09 00:00:00+00:00,7275.400711822358
2022-02-10 00:00:00+00:00,7253.554087369059
2022-02-11 00:00:00+00:00,7262.132256870109
2022-02-14 00:00:00+00:00,7257.7907399537935
2022-02-15 00:00:00+00:00,7245.431166252064
2022-02-16 00:00:00+00:00,7222.838682462032
2022-02-17 00:00:00+00:00,7229.657695003969
2022-02-18 00:00:00+00:00,7241.98205337138
2022-02-21 00:00:00+00:00,7280.566395506099
2022-02-22 00:00:00+00:00,7308.236325063373
2022-02-23 00:00:00+00:00,7323.137033895164
2022-02-24 00:00:00+00:00,7369.505601400594
2022-02-25 00:00:00+00:00,7364.792588276528
2022-02-28 00:00:00+00:00,7360.094116225514
2022-03-01 00:00:00+00:00,7344.312736967969
2022-03-02 00:00:00+00:00,7505.422157889346
2022-03-03 00:00:00+00:00,7436.779707601434
2022-03-04 00:00:00+00:00,7517.650229093795
2022-03-07 00:00:00+00:00,7580.353558030582
2022-03-08 00:00:00+00:00,7632.033804104634
2022-03-09 00:00:00+00:00,7474.199306219327
2022-03-10 00:00:00+00:00,7507.868530593666
2022-03-11 00:00:00+00:00,7500.933989121383
2022-03-14 00:00:00+00:00,7476.532804731507
2022-03-15 00:00:00+00:00,7456.889717488163
2022-03-16 00:00:00+00:00,7384.087021093425
2022-03-17 00:00:00+00:00,7422.309805781949
2022-03-18 00:00:00+00:00,7401.639032783686
2022-03-21 00:00:00+00:00,7469.328238108248
2022-03-22 00:00:00+00:00,7469.486986557344
2022-03-23 00:00:00+00:00,7544.2378447283045
2022-03-24 00:00:00+00:00,7541.140558318769
2022-03-25 00:00:00+00:00,7556.886523368363
2022-03-28 00:00:00+00:00,7518.044985435924
2022-03-29 00:00:00+00:00,7538.4790808524795
2022-03-30 00:00:00+00:00,7526.783804961042
2022-03-31 00:00:00+00:00,7585.1501603586585
2022-04-01 00:00:00+00:00,7619.3901042242505
2022-04-04 00:00:00+00:00,7577.413848715098
2022-04-05 00:00:00+00:00,7590.481782341711
2022-04-06 00:00:00+00:00,7594.564366450012
2022-04-07 00:00:00+00:00,7563.390383264113
2022-04-08 00:00:00+00:00,7563.693660674019
2022-04-11 00:00:00+00:00,7538.151303257543
2022-04-12 00:00:00+00:00,7530.700479241914
2022-04-13 00:00:00+00:00,7555.007606105559
2022-04-14 00:00:00+00:00,7560.17069001295
2022-04-18 00:00:00+00:00,7573.164721544799
2022-04-19 00:00:00+00:00,7566.329723855746
2022-04-20 00:00:00+00:00,7552.714831735347
2022-04-21 00:00:00+00:00,7544.904438658573
2022-04-22 00:00:00+00:00,7536.776249803384
2022-04-25 00:00:00+00:00,7508.65015806867
2022-04-26 00:00:00+00:00,7489.658367848761
2022-04-27 00:00:00+00:00,7455.426891059463
2022-04-28 00:00:00+00:00,7424.076970074715
2022-04-29 00:00:00+00:00,7439.103554941383
2022-05-02 00:00:00+00:00,7448.397430171735
2022-05-03 00:00:00+00:00,7444.429223166564
2022-05-04 00:00:00+00:00,7444.286661211883
2022-05-05 00:00:00+00:00,7449.803060925984
2022-05-06 00:00:00+00:00,7436.2719585762425
2022-05-09 00:00:00+00:00,7454.137434684839
2022-05-10 00:00:00+00:00,7457.964525179659
2022-05-11 00:00:00+00:00,7415.805585855365
2022-05-12 00:00:00+00:00,7375.991698537247
2022-05-13 00:00:00+00:00,7357.902527718188
2022-05-16 00:00:00+00:00,7309.093255195272
2022-05-17 00:00:00+00:00,7269.697020676989
2022-05-18 00:00:00+00:00,7309.348845215696
2022-05-19 00:00:00+00:00,7297.5968725760285
2022-05-20 00:00:00+00:00,7286.246585959096
2022-05-23 00:00:00+00:00,7316.67474361096
2022-05-24 00:00:00+00:00,7346.654446941546
2022-05-25 00:00:00+00:00,7345.264475916736
2022-05-26 00:00:00+00:00,7317.475338789584
2022-05-27 00:00:00+00:00,7333.26310831535
2022-05-30 00:00:00+00:00,7356.782969497378
2022-05-31 00:00:00+00:00,7360.676542766606
2022-06-01 00:00:00+00:00,7361.850285647999
2022-06-02 00:00:00+00:00,7346.204041746321
2022-06-03 00:00:00+00:00,7382.430875354453
2022-06-06 00:00:00+00:00,7356.002504785177
2022-06-07 00:00:00+00:00,7360.694716742093
2022-06-08 00:00:00+00:00,7383.812426078077
2022-06-09 00:00:00+00:00,7387.54609293373
2022-06-10 00:00:00+00:00,7384.092053880529
2022-06-13 00:00:00+00:00,7374.588243283773
2022-06-14 00:00:00+00:00,7414.253894309961
2022-06-15 00:00:00+00:00,7457.624443175678
2022-06-16 00:00:00+00:00,7415.491390837738
2022-06-17 00:00:00+00:00,7401.555651699118
2022-06-20 00:00:00+00:00,7469.686415773443
2022-06-21 00:00:00+00:00,7437.119229897788
2022-06-22 00:00:00+00:00,7443.971503465758
2022-06-23 00:00:00+00:00,7433.797272751523
2022-06-24 00:00:00+00:00,7390.992006818607
2022-06-27 00:00:00+00:00,7395.770520023388
2022-06-28 00:00:00+00:00,7427.680223151025
2022-06-29 00:00:00+00:00,7463.227625462369
2022-06-30 00:00:00+00:00,7499.459469292398
2022-07-01 00:00:00+00:00,7488.340002691527
2022-07-04 00:00:00+00:00,7505.594979437468
2022-07-05 00:00:00+00:00,7494.716197012457
2022-07-06 00:00:00+00:00,7423.753325025124
2022-07-07 00:00:00+00:00,7415.391078509978
2022-07-08 00:00:00+00:00,7430.7600834978075
2022-07-11 00:00:00+00:00,7470.157836090296
2022-07-12 00:00:00+00:00,7490.610902218468
2022-07-13 00:00:00+00:00,7475.8593184031
2022-07-14 00:00:00+00:00,7473.855381500514
2022-07-15 00:00:00+00:00,7489.3714846992025
2022-07-18 00:00:00+00:00,7475.907353367583
2022-07-19 00:00:00+00:00,7470.938428778189
2022-07-20 00:00:00+00:00,7467.717579802562
2022-07-21 00:00:00+00:00,7503.9859581059645
2022-07-22 00:00:00+00:00,7547.943744669618
2022-07-25 00:00:00+00:00,7514.645943841987
2022-07-26 00:00:00+00:00,7559.114060299109
2022-07-27 00:00:00+00:00,7558.2101764017325
2022-07-28 00:00:00+00:00,7623.143650268751
2022-07-29 00:00:00+00:00,7632.450495396435
2022-08-01 00:00:00+00:00,7683.578274242877
2022-08-02 00:00:00+00:00,7657.083305753814
2022-08-03 00:00:00+00:00,7676.664491300474
2022-08-04 00:00:00+00:00,7629.426476884467
2022-08-05 00:00:00+00:00,7648.09768422478
2022-08-08 00:00:00+00:00,7640.072386014324
2022-08-09 00:00:00+00:00,7643.461782349363
2022-08-10 00:00:00+00:00,7610.4868874703625
2022-08-11 00:00:00+00:00,7592.476794467217
2022-08-12 00:00:00+00:00,7635.263758140339
2022-08-15 00:00:00+00:00,7625.585576505037
2022-08-16 00:00:00+00:00,7633.325022883574
2022-08-17 00:00:00+00:00,7630.047993617139
2022-08-18 00:00:00+00:00,7641.544480814717
2022-08-19 00:00:00+00:00,7638.705563089798
2022-08-22 00:00:00+00:00,7623.636298494817
2022-08-23 00:00:00+00:00,7617.5513169412825
2022-08-24 00:00:00+00:00,7620.959130981461
2022-08-25 00:00:00+00:00,7654.232396476608
2022-08-26 00:00:00+00:00,7660.732548596687
2022-08-29 00:00:00+00:00,7648.511951317282
2022-08-30 00:00:00+00:00,7680.389359404903
2022-08-31 00:00:00+00:00,7669.178386140745
2022-09-01 00:00:00+00:00,7643.379422757134
2022-09-02 00:00:00+00:00,7678.688562119052
2022-09-05 00:00:00+00:00,7697.213749523555
2022-09-06 00:00:00+00:00,7658.499835946458
2022-09-07 00:00:00+00:00,7660.1704497860055
2022-09-08 00:00:00+00:00,7646.142483132045
2022-09-09 00:00:00+00:00,7661.896860497829
2022-09-12 00:00:00+00:00,7656.666228366437
2022-09-13 00:00:00+00:00,7641.058965498595
2022-09-14 00:00:00+00:00,7610.13344698177
2022-09-15 00:00:00+00:00,7620.31114205188
2022-09-16 00:00:00+00:00,7640.525865643737
2022-09-19 00:00:00+00:00,7665.56940836513
2022-09-20 00:00:00+00:00,7670.151442914268
2022-09-21 00:00:00+00:00,7696.815850735014
2022-09-22 00:00:00+00:00,7699.27416338379
2022-09-23 00:00:00+00:00,7749.138050918506
2022-09-26 00:00:00+00:00,7748.839676436031
2022-09-27 00:00:00+00:00,7760.8956158459305
2022-09-28 00:00:00+00:00,7708.5298777996695
2022-09-29 00:00:00+00:00,7700.67258718274
2022-09-30 00:00:00+00:00,7678.725579601845
2022-10-03 00:00:00+00:00,7643.238622726561
2022-10-04 00:00:00+00:00,7635.354737834081
2022-10-05 00:00:00+00:00,7656.065597423736
2022-10-06 00:00:00+00:00,7667.959288529874
2022-10-07 00:00:00+00:00,7619.320982866895
2022-10-10 00:00:00+00:00,7609.959902276243
2022-10-11 00:00:00+00:00,7625.873121730539
2022-10-12 00:00:00+00:00,7642.024422517008
2022-10-13 00:00:00+00:00,7645.445851060008
2022-10-14 00:00:00+00:00,7690.426360844593
2022-10-17 00:00:00+00:00,7697.507494898638
2022-10-18 00:00:00+00:00,7754.645615144278
2022-10-19 00:00:00+00:00,7706.582733261778
2022-10-20 00:00:00+00:00,7712.016949143635
2022-10-21 00:00:00+00:00,7743.359763388558
2022-10-24 00:00:00+00:00,7769.010440741643
2022-10-25 00:00:00+00:00,7736.0222724527675
2022-10-26 00:00:00+00:00,7701.666272518321
2022-10-27 00:00:00+00:00,7711.559517895802
2022-10-28 00:00:00+00:00,7693.174325314176
2022-10-31 00:00:00+00:00,7731.039288034658
2022-11-01 00:00:00+00:00,7713.113673266862
2022-11-02 00:00:00+00:00,7723.262656192704
2022-11-03 00:00:00+00:00,7732.997910102769
2022-11-04 00:00:00+00:00,7698.32057022125
2022-11-07 00:00:00+00:00,7700.736985247238
2022-11-08 00:00:00+00:00,7723.567480393328
2022-11-09 00:00:00+00:00,7742.852358956334
2022-11-10 00:00:00+00:00,7764.157696007096
2022-11-11 00:00:00+00:00,7748.054220341901
2022-11-14 00:00:00+00:00,7776.794914350578
2022-11-15 00:00:00+00:00,7750.327168113697
2022-11-16 00:00:00+00:00,7775.9267618349795
2022-11-17 00:00:00+00:00,7822.6474352689775
2022-11-18 00:00:00+00:00,7796.755357181089
2022-11-21 00:00:00+00:00,7779.446797521062
2022-11-22 00:00:00+00:00,7748.347244314657
2022-11-23 00:00:00+00:00,7781.499173158106
2022-11-24 00:00:00+00:00,7781.614484422539
2022-11-25 00:00:00+00:00,7806.664965513164
2022-11-28 00:00:00+00:00,7740.901901211401
2022-11-29 00:00:00+00:00,7680.40466353212
2022-11-30 00:00:00+00:00,7701.766510359524
2022-12-01 00:00:00+00:00,7656.674817360991
2022-12-02 00:00:00+00:00,7643.998184545037
2022-12-05 00:00:00+00:00,7640.885204392907
2022-12-06 00:00:00+00:00,7590.271445174438
2022-12-07 00:00:00+00:00,7566.800092410732
2022-12-08 00:00:00+00:00,7545.529387283166
2022-12-09 00:00:00+00:00,7577.563172523148
2022-12-12 00:00:00+00:00,7558.15666720071
2022-12-13 00:00:00+00:00,7608.285971626565
2022-12-14 00:00:00+00:00,7629.387891928754
2022-12-15 00:00:00+00:00,7601.9887321282595
2022-12-16 00:00:00+00:00,7610.762290568097
2022-12-19 00:00:00+00:00,7544.601360273036
2022-12-20 00:00:00+00:00,7510.791048417082
2022-12-21 00:00:00+00:00,7523.454750324072
2022-12-22 00:00:00+00:00,7509.8129670581
2022-12-23 00:00:00+00:00,7612.36043307726
2022-12-27 00:00:00+00:00,7615.128563756238
2022-12-28 00:00:00+00:00,7590.810706424901
2022-12-29 00:00:00+00:00,7590.069390947085
2022-12-30 00:00:00+00:00,7636.032865815365
2023-01-03 00:00:00+00:00,7588.728156994237
2023-01-04 00:00:00+00:00,7536.173092488157
2023-01-05 00:00:00+00:00,7547.8603408421
2023-01-06 00:00:00+00:00,7539.651441324056
2023-01-09 00:00:00+00:00,7551.255965171337
2023-01-10 00:00:00+00:00,7551.31224303742
2023-01-11 00:00:00+00:00,7603.106475832048
2023-01-12 00:00:00+00:00,7630.908999070013
2023-01-13 00:00:00+00:00,7630.493143659853
2023-01-16 00:00:00+00:00,7618.452557389524
2023-01-17 00:00:00+00:00,7656.391180968858
2023-01-18 00:00:00+00:00,7631.910743499139
2023-01-19 00:00:00+00:00,7661.687351864913
2023-01-20 00:00:00+00:00,7699.930504161514
2023-01-23 00:00:00+00:00,7731.587263461918
2023-01-24 00:00:00+00:00,7708.367473810019
2023-01-25 00:00:00+00:00,7678.74573631648
2023-01-26 00:00:00+00:00,7717.083353950397
2023-01-27 00:00:00+00:00,7741.348697354185
2023-01-30 00:00:00+00:00,7724.836105741977
2023-01-31 00:00:00+00:00,7713.225832595593
2023-02-01 00:00:00+00:00,7685.559870570728
2023-02-02 00:00:00+00:00,7673.691301380298
2023-02-03 00:00:00+00:00,7676.679869049747
2023-02-06 00:00:00+00:00,7710.679523872811
2023-02-07 00:00:00+00:00,7701.737999274865
2023-02-08 00:00:00+00:00,7711.466798698401
2023-02-09 00:00:00+00:00,7699.035587599488
2023-02-10 00:00:00+00:00,7723.088173232908
2023-02-13 00:00:00+00:00,7711.497508913079
2023-02-14 00:00:00+00:00,7699.107373564
2023-02-15 00:00:00+00:00,7707.017275831977
2023-02-16 00:00:00+00:00,7692.71628752596
2023-02-17 00:00:00+00:00,7694.338389113824
2023-02-20 00:00:00+00:00,7708.0134329958655
2023-02-21 00:00:00+00:00,7696.772066726776
2023-02-22 00:00:00+00:00,7692.429693859201
2023-02-23 00:00:00+00:00,7717.525031258809
2023-02-24 00:00:00+00:00,7704.8184542820945
2023-02-27 00:00:00+00:00,7689.841555227746
2023-02-28 00:00:00+00:00,7693.409768050442
2023-03-01 00:00:00+00:00,7724.214475111919
2023-03-02 00:00:00+00:00,7713.27925911371
2023-03-03 00:00:00+00:00,7688.20296636718
2023-03-06 00:00:00+00:00,7659.09430669093
2023-03-07 00:00:00+00:00,7627.961556358636
2023-03-08 00:00:00+00:00,7647.058184364962
2023-03-09 00:00:00+00:00,7626.400321207181
2023-03-10 00:00:00+00:00,7647.769019382629
2023-03-13 00:00:00+00:00,7622.162612076315
2023-03-14 00:00:00+00:00,7603.109840306496
2023-03-15 00:00:00+00:00,7588.552565931373
2023-03-16 00:00:00+00:00,7612.191676661143
2023-03-17 00:00:00+00:00,7593.2348805966485
2023-03-20 00:00:00+00:00,7596.789680587949
2023-03-21 00:00:00+00:00,7567.4572470005305
2023-03-22 00:00:00+00:00,7583.7192777260425
2023-03-23 00:00:00+00:00,7582.822939574804
2023-03-24 00:00:00+00:00,7555.904497593027
2023-03-27 00:00:00+00:00,7533.951014801403
2023-03-28 00:00:00+00:00,7530.5638664162525
2023-03-29 00:00:00+00:00,7501.395632294094
2023-03-30 00:00:00+00:00,7475.133909923135
2023-03-31 00:00:00+00:00,7485.10064807569
2023-04-03 00:00:00+00:00,7544.7086740515315
2023-04-04 00:00:00+00:00,7536.921077251459
2023-04-05 00:00:00+00:00,7538.301768710115
2023-04-06 00:00:00+00:00,7533.377291083045
2023-04-10 00:00:00+00:00,7528.775885232684
2023-04-11 00:00:00+00:00,7516.727942180054
2023-04-12 00:00:00+00:00,7523.211021368931
2023-04-13 00:00:00+00:00,7510.723785425709
2023-04-14 00:00:00+00:00,7497.494237633299
2023-04-17 00:00:00+00:00,7487.160996955204
2023-04-18 00:00:00+00:00,7487.865481549649
2023-04-19 00:00:00+00:00,7470.320525362018
2023-04-20 00:00:00+00:00,7438.951220308112
2023-04-21 00:00:00+00:00,7463.74432295908
2023-04-24 00:00:00+00:00,7481.324377442438
2023-04-25 00:00:00+00:00,7442.937099152275
2023-04-26 00:00:00+00:00,7411.134832921427
2023-04-27 00:00:00+00:00,7422.126282677471
2023-04-28 00:00:00+00:00,7446.868472288658
2023-05-01 00:00:00+00:00,7443.451910536658
2023-05-02 00:00:00+00:00,7414.219606378335
2023-05-03 00:00:00+00:00,7399.716458184816
2023-05-04 00:00:00+00:00,7412.256481078405
2023-05-05 00:00:00+00:00,7436.931139046035
2023-05-08 00:00:00+00:00,7433.645176735303
2023-05-09 00:00:00+00:00,7431.395152324683
2023-05-10 00:00:00+00:00,7435.326766255031
2023-05-11 00:00:00+00:00,7437.398118889888
2023-05-12 00:00:00+00:00,7434.410532296741
2023-05-15 00:00:00+00:00,7447.191210533379
2023-05-16 00:00:00+00:00,7433.5238013778235
2023-05-17 00:00:00+00:00,7449.115989033153
2023-05-18 00:00:00+00:00,7438.316313362116
2023-05-19 00:00:00+00:00,7428.77594503767
2023-05-22 00:00:00+00:00,7431.398930502192
2023-05-23 00:00:00+00:00,7438.759550235146
2023-05-24 00:00:00+00:00,7460.655905481198
2023-05-25 00:00:00+00:00,7468.962431909411
2023-05-26 00:00:00+00:00,7481.282328746677
2023-05-29 00:00:00+00:00,7465.263917788643
2023-05-30 00:00:00+00:00,7462.5453706841345
2023-05-31 00:00:00+00:00,7483.450461862761
2023-06-01 00:00:00+00:00,7453.734669379284
2023-06-02 00:00:00+00:00,7475.544975020098
2023-06-05 00:00:00+00:00,7491.478643141764
2023-06-06 00:00:00+00:00,7485.473005529982
2023-06-07 00:00:00+00:00,7471.697912034612
2023-06-08 00:00:00+00:00,7490.415518672739
2023-06-09 00:00:00+00:00,7493.404096044064
2023-06-12 00:00:00+00:00,7506.7323506618095
2023-06-13 00:00:00+00:00,7510.493543161316
2023-06-14 00:00:00+00:00,7514.183678784831
2023-06-15 00:00:00+00:00,7525.854356917901
2023-06-16 00:00:00+00:00,7509.98124832296
2023-06-19 00:00:00+00:00,7516.6518984624945
2023-06-20 00:00:00+00:00,7506.251064546556
2023-06-21 00:00:00+00:00,7500.541774626406
2023-06-22 00:00:00+00:00,7528.139043612741
2023-06-23 00:00:00+00:00,7532.438878268342
2023-06-26 00:00:00+00:00,7535.778024256329
2023-06-27 00:00:00+00:00,7532.796858046578
2023-06-28 00:00:00+00:00,7504.4694121630555
2023-06-29 00:00:00+00:00,7502.662218239726
2023-06-30 00:00:00+00:00,7515.362483474938
2023-07-03 00:00:00+00:00,7515.669728722939
2023-07-04 00:00:00+00:00,7523.45583786783
2023-07-05 00:00:00+00:00,7502.96804646088
2023-07-06 00:00:00+00:00,7497.511135752754
2023-07-07 00:00:00+00:00,7488.18342097527
2023-07-10 00:00:00+00:00,7490.285844623283
2023-07-11 00:00:00+00:00,7477.955638842998
2023-07-12 00:00:00+00:00,7461.251595146111
2023-07-13 00:00:00+00:00,7454.461944272961
2023-07-14 00:00:00+00:00,7467.395803582495
2023-07-17 00:00:00+00:00,7463.111271302975
2023-07-18 00:00:00+00:00,7426.445159426514
2023-07-19 00:00:00+00:00,7433.501026611788
2023-07-20 00:00:00+00:00,7415.475717533175
2023-07-21 00:00:00+00:00,7408.197979375971
2023-07-24 00:00:00+00:00,7390.236087525329
2023-07-25 00:00:00+00:00,7379.611212336855
2023-07-26 00:00:00+00:00,7393.613991951584
2023-07-27 00:00:00+00:00,7383.144110733173
2023-07-28 00:00:00+00:00,7399.718018106033
2023-07-31 00:00:00+00:00,7372.596830995197
2023-08-01 00:00:00+00:00,7372.555686081523
2023-08-02 00:00:00+00:00,7391.579741360382
2023-08-03 00:00:00+00:00,7369.452530087936
2023-08-04 00:00:00+00:00,7361.362230047335
2023-08-07 00:00:00+00:00,7352.071245022093
2023-08-08 00:00:00+00:00,7343.63470350193
2023-08-09 00:00:00+00:00,7337.653261729764
2023-08-10 00:00:00+00:00,7363.898807390082
2023-08-11 00:00:00+00:00,7370.685300046979
2023-08-14 00:00:00+00:00,7379.543250182878
2023-08-15 00:00:00+00:00,7398.847237553045
2023-08-16 00:00:00+00:00,7420.3405156621575
2023-08-17 00:00:00+00:00,7398.208488416168
2023-08-18 00:00:00+00:00,7380.759455855545
2023-08-21 00:00:00+00:00,7407.901881745414
2023-08-22 00:00:00+00:00,7409.366150448379
2023-08-23 00:00:00+00:00,7418.790438923469
2023-08-24 00:00:00+00:00,7405.83388860734
2023-08-25 00:00:00+00:00,7427.114871866799
2023-08-28 00:00:00+00:00,7400.673990607627
2023-08-29 00:00:00+00:00,7383.894277978291
2023-08-30 00:00:00+00:00,7375.805238933788
2023-08-31 00:00:00+00:00,7346.0955680387515
2023-09-01 00:00:00+00:00,7317.03145887235
2023-09-04 00:00:00+00:00,7324.413464853544
2023-09-05 00:00:00+00:00,7340.912100510198
2023-09-06 00:00:00+00:00,7319.884294324849
2023-09-07 00:00:00+00:00,7321.6998242591235
2023-09-08 00:00:00+00:00,7336.307391986323
2023-09-11 00:00:00+00:00,7336.4011574814585
2023-09-12 00:00:00+00:00,7327.915787808259
2023-09-13 00:00:00+00:00,7334.006612322689
2023-09-14 00:00:00+00:00,7329.268365964403
2023-09-15 00:00:00+00:00,7313.511490765472
2023-09-18 00:00:00+00:00,7281.8253689491985
2023-09-19 00:00:00+00:00,7294.52081796844
2023-09-20 00:00:00+00:00,7301.693870805848
2023-09-21 00:00:00+00:00,7287.7069927275315
2023-09-22 00:00:00+00:00,7249.947587072404
2023-09-25 00:00:00+00:00,7254.487062781439
2023-09-26 00:00:00+00:00,7252.041546293984
2023-09-27 00:00:00+00:00,7167.790903673951
2023-09-28 00:00:00+00:00,7212.896804315005
2023-09-29 00:00:00+00:00,7218.176019248202
2023-10-02 00:00:00+00:00,7231.772374410906
2023-10-03 00:00:00+00:00,7223.243954781697
2023-10-04 00:00:00+00:00,7202.667891884095
2023-10-05 00:00:00+00:00,7200.251929346612
2023-10-06 00:00:00+00:00,7204.511166860723
2023-10-09 00:00:00+00:00,7227.913536381531
2023-10-10 00:00:00+00:00,7237.806202341284
2023-10-11 00:00:00+00:00,7270.772623951913
2023-10-12 00:00:00+00:00,7288.3567902455425
2023-10-13 00:00:00+00:00,7325.848248578694
2023-10-16 00:00:00+00:00,7324.1172521222015
2023-10-17 00:00:00+00:00,7327.144458916016
2023-10-18 00:00:00+00:00,7310.812934613058
2023-10-19 00:00:00+00:00,7303.184048582497
2023-10-20 00:00:00+00:00,7314.133560343738
2023-10-23 00:00:00+00:00,7326.043041079311
2023-10-24 00:00:00+00:00,7333.782716449817
2023-10-25 00:00:00+00:00,7356.4685376049865
2023-10-26 00:00:00+00:00,7356.087664405818
2023-10-27 00:00:00+00:00,7358.210157178312
2023-10-30 00:00:00+00:00,7368.076224296948
2023-10-31 00:00:00+00:00,7355.485292542616
2023-11-01 00:00:00+00:00,7355.323664945574
2023-11-02 00:00:00+00:00,7381.676939924041
2023-11-03 00:00:00+00:00,7369.702923301636
2023-11-06 00:00:00+00:00,7367.280162129252
2023-11-07 00:00:00+00:00,7339.205367833476
2023-11-08 00:00:00+00:00,7315.263698815832
2023-11-09 00:00:00+00:00,7322.517027053479
2023-11-10 00:00:00+00:00,7332.597774579112
2023-11-13 00:00:00+00:00,7330.942288650704
2023-11-14 00:00:00+00:00,7333.205059631132
2023-11-15 00:00:00+00:00,7338.475246366019
2023-11-16 00:00:00+00:00,7323.2743666554325
2023-11-17 00:00:00+00:00,7343.127060804207
2023-11-20 00:00:00+00:00,7355.472118060278
2023-11-21 00:00:00+00:00,7378.089227643919
2023-11-22 00:00:00+00:00,7379.74052867434
2023-11-23 00:00:00+00:00,7376.2145214918855
2023-11-24 00:00:00+00:00,7367.564537242201
2023-11-27 00:00:00+00:00,7385.880125150298
2023-11-28 00:00:00+00:00,7382.308408791247
2023-11-29 00:00:00+00:00,7393.577565608474
2023-11-30 00:00:00+00:00,7368.448583949217
2023-12-01 00:00:00+00:00,7358.514219103786
2023-12-04 00:00:00+00:00,7366.040888073483
2023-12-05 00:00:00+00:00,7360.5270869649685
2023-12-06 00:00:00+00:00,7352.442280678232
2023-12-07 00:00:00+00:00,7332.378565911239
2023-12-08 00:00:00+00:00,7337.3256744140335
2023-12-11 00:00:00+00:00,7340.463578346334
2023-12-12 00:00:00+00:00,7325.314935322745
2023-12-13 00:00:00+00:00,7352.088517375279
2023-12-14 00:00:00+00:00,7383.426604362884
2023-12-15 00:00:00+00:00,7391.382057084401
2023-12-18 00:00:00+00:00,7423.225006119558
2023-12-19 00:00:00+00:00,7432.2151835899585
2023-12-20 00:00:00+00:00,7438.5919095731
2023-12-21 00:00:00+00:00,7429.748198926032
2023-12-22 00:00:00+00:00,7448.174693408501
2023-12-26 00:00:00+00:00,7430.683986955218
2023-12-27 00:00:00+00:00,7442.186771250967
2023-12-28 00:00:00+00:00,7425.365856690206
2023-12-29 00:00:00+00:00,7431.297723277143
2024-01-02 00:00:00+00:00,7420.02381720502
2024-01-03 00:00:00+00:00,7426.294185622055
2024-01-04 00:00:00+00:00,7406.748022906226
2024-01-05 00:00:00+00:00,7377.933931102984
2024-01-08 00:00:00+00:00,7400.878252277615
2024-01-09 00:00:00+00:00,7391.671884577748
2024-01-10 00:00:00+00:00,7398.453110300842
2024-01-11 00:00:00+00:00,7405.058652109039
2024-01-12 00:00:00+00:00,7418.909696150351
2024-01-15 00:00:00+00:00,7416.618019450189
2024-01-16 00:00:00+00:00,7428.764046461709
2024-01-17 00:00:00+00:00,7391.344751467808
2024-01-18 00:00:00+00:00,7379.110113539593
2024-01-19 00:00:00+00:00,7381.275735885813
2024-01-22 00:00:00+00:00,7387.063097537364
2024-01-23 00:00:00+00:00,7379.1087199376
2024-01-24 00:00:00+00:00,7367.991442481571
2024-01-25 00:00:00+00:00,7384.759560319606
2024-01-26 00:00:00+00:00,7424.483198968794
2024-01-29 00:00:00+00:00,7414.348062973481
2024-01-30 00:00:00+00:00,7386.6305468259025
2024-01-31 00:00:00+00:00,7373.081070995987
2024-02-01 00:00:00+00:00,7380.904325739786
2024-02-02 00:00:00+00:00,7381.114589785837
2024-02-05 00:00:00+00:00,7393.822866181914
2024-02-06 00:00:00+00:00,7396.196861121284
2024-02-07 00:00:00+00:00,7404.035128437532
2024-02-08 00:00:00+00:00,7411.474862662715
2024-02-09 00:00:00+00:00,7418.6978554999105
2024-02-12 00:00:00+00:00,7391.7537623390745
2024-02-13 00:00:00+00:00,7361.762972711373
2024-02-14 00:00:00+00:00,7366.965739617215
2024-02-15 00:00:00+00:00,7394.2004662198415
2024-02-16 00:00:00+00:00,7383.021325974775
2024-02-19 00:00:00+00:00,7380.410814284581
2024-02-20 00:00:00+00:00,7386.760889663128
2024-02-21 00:00:00+00:00,7365.122114006466
2024-02-22 00:00:00+00:00,7367.728856058021
2024-02-23 00:00:00+00:00,7357.9041902215395
2024-02-26 00:00:00+00:00,7349.564173339963
2024-02-27 00:00:00+00:00,7334.401826951026
2024-02-28 00:00:00+00:00,7317.052166265231
2024-02-29 00:00:00+00:00,7326.159108436342
2024-03-01 00:00:00+00:00,7330.809217854909
2024-03-04 00:00:00+00:00,7356.768439743218
2024-03-05 00:00:00+00:00,7341.210244691958
2024-03-06 00:00:00+00:00,7338.244700135505
2024-03-07 00:00:00+00:00,7339.690616796268
2024-03-08 00:00:00+00:00,7341.504093832502
2024-03-11 00:00:00+00:00,7361.312572579932
2024-03-12 00:00:00+00:00,7361.872857814943
2024-03-13 00:00:00+00:00,7372.217432703029
2024-03-14 00:00:00+00:00,7368.762931378387
2024-03-15 00:00:00+00:00,7380.955882221285
2024-03-18 00:00:00+00:00,7383.276723012512
2024-03-19 00:00:00+00:00,7380.047068305883
2024-03-20 00:00:00+00:00,7384.924537371671
2024-03-21 00:00:00+00:00,7380.504652558658
2024-03-22 00:00:00+00:00,7380.845560629533
2024-03-25 00:00:00+00:00,7386.731472302075
2024-03-26 00:00:00+00:00,7368.866656841601
2024-03-27 00:00:00+00:00,7369.674816252669
2024-03-28 00:00:00+00:00,7373.570176636596
2024-04-01 00:00:00+00:00,7376.444927867278
2024-04-02 00:00:00+00:00,7392.708006257939
2024-04-03 00:00:00+00:00,7396.41672188246
2024-04-04 00:00:00+00:00,7427.981286860106
2024-04-05 00:00:00+00:00,7428.165090832418
2024-04-08 00:00:00+00:00,7413.609336300743
2024-04-09 00:00:00+00:00,7416.516682044355
2024-04-10 00:00:00+00:00,7425.561658403201
2024-04-11 00:00:00+00:00,7443.999537450946
2024-04-12 00:00:00+00:00,7447.618538652424
2024-04-15 00:00:00+00:00,7447.662902625464
2024-04-16 00:00:00+00:00,7439.4972196088775
2024-04-17 00:00:00+00:00,7426.019298431098
2024-04-18 00:00:00+00:00,7406.73750757542
2024-04-19 00:00:00+00:00,7409.944002740111
2024-04-22 00:00:00+00:00,7397.047640867345
2024-04-23 00:00:00+00:00,7399.076733899402
2024-04-24 00:00:00+00:00,7411.160204961139
2024-04-25 00:00:00+00:00,7416.295385964848
2024-04-26 00:00:00+00:00,7431.014766962987
2024-04-29 00:00:00+00:00,7431.332501907009
2024-04-30 00:00:00+00:00,7414.364661474099
2024-05-01 00:00:00+00:00,7390.707315128694
2024-05-02 00:00:00+00:00,7412.59344949817
2024-05-03 00:00:00+00:00,7415.907884440905
2024-05-06 00:00:00+00:00,7420.3142290515925
2024-05-07 00:00:00+00:00,7408.344208102886
2024-05-08 00:00:00+00:00,7400.28424101972
2024-05-09 00:00:00+00:00,7410.273824900949
2024-05-10 00:00:00+00:00,7391.826958102714
2024-05-13 00:00:00+00:00,7380.910444020366
2024-05-14 00:00:00+00:00,7374.958569486398
2024-05-15 00:00:00+00:00,7365.125234417178
2024-05-16 00:00:00+00:00,7366.573120764239
2024-05-17 00:00:00+00:00,7366.89928996405
2024-05-20 00:00:00+00:00,7375.142378953561
2024-05-21 00:00:00+00:00,7358.969958262072
2024-05-22 00:00:00+00:00,7352.876809776552
2024-05-23 00:00:00+00:00,7358.196113501488
2024-05-24 00:00:00+00:00,7355.686560103266
2024-05-27 00:00:00+00:00,7367.4851974487965
2024-05-28 00:00:00+00:00,7375.922460638271
2024-05-29 00:00:00+00:00,7370.15358951637
2024-05-30 00:00:00+00:00,7349.067750138235
2024-05-31 00:00:00+00:00,7351.804889751756
2024-06-03 00:00:00+00:00,7310.75707560823
2024-06-04 00:00:00+00:00,7316.461434914135
2024-06-05 00:00:00+00:00,7332.301081832145
2024-06-06 00:00:00+00:00,7350.90247154051
2024-06-07 00:00:00+00:00,7328.235738360983
2024-06-10 00:00:00+00:00,7337.010291695381
2024-06-11 00:00:00+00:00,7342.959037678098
2024-06-12 00:00:00+00:00,7351.970274873028
2024-06-13 00:00:00+00:00,7353.982340542224
2024-06-14 00:00:00+00:00,7350.025439934264
2024-06-17 00:00:00+00:00,7359.516666079235
2024-06-18 00:00:00+00:00,7371.913438688016
2024-06-19 00:00:00+00:00,7363.862982026614
2024-06-20 00:00:00+00:00,7344.7263934103785
2024-06-21 00:00:00+00:00,7348.677890885405
2024-06-24 00:00:00+00:00,7346.320997637899
2024-06-25 00:00:00+00:00,7323.282941693393
2024-06-26 00:00:00+00:00,7343.352778647888
2024-06-27 00:00:00+00:00,7347.209756232374
2024-06-28 00:00:00+00:00,7342.407675385928
2024-07-01 00:00:00+00:00,7349.566683580012
2024-07-02 00:00:00+00:00,7357.173687367286
2024-07-03 00:00:00+00:00,7363.525362491782
2024-07-04 00:00:00+00:00,7368.9595484286965
2024-07-05 00:00:00+00:00,7353.340030126698
2024-07-08 00:00:00+00:00,7341.927044417976
2024-07-09 00:00:00+00:00,7325.053732985214
2024-07-10 00:00:00+00:00,7313.585319959955
2024-07-11 00:00:00+00:00,7308.699760951584
2024-07-12 00:00:00+00:00,7307.781457124613
2024-07-15 00:00:00+00:00,7304.957019720738
2024-07-16 00:00:00+00:00,7294.244163880846
2024-07-17 00:00:00+00:00,7266.760848311462
2024-07-18 00:00:00+00:00,7289.140062342358
2024-07-19 00:00:00+00:00,7275.407871726287
2024-07-22 00:00:00+00:00,7276.664453927269
2024-07-23 00:00:00+00:00,7274.136018120801
2024-07-24 00:00:00+00:00,7275.187487055385
2024-07-25 00:00:00+00:00,7288.812229324377
2024-07-26 00:00:00+00:00,7273.676045968243
2024-07-29 00:00:00+00:00,7265.230635232031
2024-07-30 00:00:00+00:00,7259.765971345203
2024-07-31 00:00:00+00:00,7275.3549766944825
2024-08-01 00:00:00+00:00,7276.99935690802
2024-08-02 00:00:00+00:00,7255.598712196429
2024-08-05 00:00:00+00:00,7255.9056312736875
2024-08-06 00:00:00+00:00,7250.974081177694
2024-08-07 00:00:00+00:00,7257.4888353600145
2024-08-08 00:00:00+00:00,7260.25517702238
2024-08-09 00:00:00+00:00,7255.864833084435
2024-08-12 00:00:00+00:00,7263.667229495995
2024-08-13 00:00:00+00:00,7258.20758433038
2024-08-14 00:00:00+00:00,7255.251340211895
2024-08-15 00:00:00+00:00,7272.072580279965
2024-08-16 00:00:00+00:00,7272.072075515885
2024-08-19 00:00:00+00:00,7251.862332028605
2024-08-20 00:00:00+00:00,7248.335336127909
2024-08-21 00:00:00+00:00,7250.21027783138
2024-08-22 00:00:00+00:00,7256.620695596977
2024-08-23 00:00:00+00:00,7256.097335269767
2024-08-26 00:00:00+00:00,7261.222693065544
2024-08-27 00:00:00+00:00,7258.238322883502
2024-08-28 00:00:00+00:00,7235.228019694096
2024-08-29 00:00:00+00:00,7246.444672529778
2024-08-30 00:00:00+00:00,7256.479408034761
2024-09-02 00:00:00+00:00,7248.539156469745
2024-09-03 00:00:00+00:00,7224.6698801022485
2024-09-04 00:00:00+00:00,7220.502087541005
2024-09-05 00:00:00+00:00,7222.362750358962
2024-09-06 00:00:00+00:00,7202.239471759097
2024-09-09 00:00:00+00:00,7186.711625102605
2024-09-10 00:00:00+00:00,7189.167595104694
2024-09-11 00:00:00+00:00,7190.945765457552
2024-09-12 00:00:00+00:00,7174.423385385876
2024-09-13 00:00:00+00:00,7174.274750644317
2024-09-16 00:00:00+00:00,7159.7570973292
2024-09-17 00:00:00+00:00,7178.952910334339
2024-09-18 00:00:00+00:00,7167.398688496976
2024-09-19 00:00:00+00:00,7162.003812787783
2024-09-20 00:00:00+00:00,7146.612931743471
2024-09-23 00:00:00+00:00,7154.904868773219
2024-09-24 00:00:00+00:00,7166.974178997954
2024-09-25 00:00:00+00:00,7185.203820000912
2024-09-26 00:00:00+00:00,7193.88849734669
2024-09-27 00:00:00+00:00,7193.459866334632
2024-09-30 00:00:00+00:00,7209.0735287373745
2024-10-01 00:00:00+00:00,7228.859395271371
2024-10-02 00:00:00+00:00,7233.710877271364
2024-10-03 00:00:00+00:00,7258.072451789954
2024-10-04 00:00:00+00:00,7238.195001811616
2024-10-07 00:00:00+00:00,7256.414161053347
2024-10-08 00:00:00+00:00,7236.911181704823
2024-10-09 00:00:00+00:00,7218.482075259301
2024-10-10 00:00:00+00:00,7236.364359618175
2024-10-11 00:00:00+00:00,7232.220745213728
2024-10-14 00:00:00+00:00,7236.150929648213
2024-10-15 00:00:00+00:00,7249.924118444569
2024-10-16 00:00:00+00:00,7259.829214615835
2024-10-17 00:00:00+00:00,7248.620082790699
2024-10-18 00:00:00+00:00,7255.972874647073
2024-10-21 00:00:00+00:00,7249.360207965657
2024-10-22 00:00:00+00:00,7251.821763109892
2024-10-23 00:00:00+00:00,7245.669800704801
2024-10-24 00:00:00+00:00,7248.02381364985
2024-10-25 00:00:00+00:00,7250.502735075591
2024-10-28 00:00:00+00:00,7225.881955905543
2024-10-29 00:00:00+00:00,7218.928477467387
2024-10-30 00:00:00+00:00,7221.362884618017
2024-10-31 00:00:00+00:00,7223.005623644066
2024-11-01 00:00:00+00:00,7222.527546128569
2024-11-04 00:00:00+00:00,7226.444488351028
2024-11-05 00:00:00+00:00,7215.916648185926
2024-11-06 00:00:00+00:00,7202.330070351745
2024-11-07 00:00:00+00:00,7201.652917467773
2024-11-08 00:00:00+00:00,7214.919321821614
2024-11-11 00:00:00+00:00,7228.400302523263
2024-11-12 00:00:00+00:00,7227.74767596927
2024-11-13 00:00:00+00:00,7234.285728744436
2024-11-14 00:00:00+00:00,7230.065835814514
2024-11-15 00:00:00+00:00,7248.565971749271
2024-11-18 00:00:00+00:00,7242.364237310479
2024-11-19 00:00:00+00:00,7227.909486130102
2024-11-20 00:00:00+00:00,7228.610492809426
2024-11-21 00:00:00+00:00,7228.751031032448
2024-11-22 00:00:00+00:00,7204.218600147091
2024-11-25 00:00:00+00:00,7214.980919541199
2024-11-26 00:00:00+00:00,7213.444168349371
2024-11-27 00:00:00+00:00,7222.959866081047
2024-11-28 00:00:00+00:00,7225.714271141335
2024-11-29 00:00:00+00:00,7283.922960812712
2024-12-02 00:00:00+00:00,7233.340346011816
2024-12-03 00:00:00+00:00,7229.841441241372
2024-12-04 00:00:00+00:00,7233.596328833954
2024-12-05 00:00:00+00:00,7232.5180384332425
2024-12-06 00:00:00+00:00,7245.074735618682
2024-12-09 00:00:00+00:00,7234.919103507541
2024-12-10 00:00:00+00:00,7221.879107882634
2024-12-11 00:00:00+00:00,7189.028217496217
2024-12-12 00:00:00+00:00,7199.276556859336
2024-12-13 00:00:00+00:00,7189.334922143068
2024-12-16 00:00:00+00:00,7184.327389865052
2024-12-17 00:00:00+00:00,7174.638198476021
2024-12-18 00:00:00+00:00,7162.334909813103
2024-12-19 00:00:00+00:00,7165.385604963511
2024-12-20 00:00:00+00:00,7167.448357665906
2024-12-23 00:00:00+00:00,7171.220595518293
2024-12-24 00:00:00+00:00,7168.431034617447
2024-12-26 00:00:00+00:00,7180.041878824153
2024-12-27 00:00:00+00:00,7178.500300407005
2024-12-30 00:00:00+00:00,7158.807335549035
2024-12-31 00:00:00+00:00,7141.852700359812
2025-01-02 00:00:00+00:00,7144.135443232358
2025-01-03 00:00:00+00:00,7125.866499288367
2025-01-06 00:00:00+00:00,7143.814575297355
2025-01-07 00:00:00+00:00,7140.565365398919
2025-01-08 00:00:00+00:00,7154.327465190117
2025-01-09 00:00:00+00:00,7160.521672124006
2025-01-10 00:00:00+00:00,7168.633453421583
2025-01-13 00:00:00+00:00,7117.188857084605
2025-01-14 00:00:00+00:00,7113.9200669661495
2025-01-15 00:00:00+00:00,7082.17347568646
2025-01-16 00:00:00+00:00,7092.770799206184
2025-01-17 00:00:00+00:00,7100.408698725722
2025-01-20 00:00:00+00:00,7126.668435217279
2025-01-21 00:00:00+00:00,7123.934803573676
2025-01-22 00:00:00+00:00,7133.594813635177
2025-01-23 00:00:00+00:00,7153.327043626089
2025-01-24 00:00:00+00:00,7153.722804193504
2025-01-27 00:00:00+00:00,7168.16306198523
2025-01-28 00:00:00+00:00,7134.003859506063
2025-01-29 00:00:00+00:00,7153.564455006532
2025-01-30 00:00:00+00:00,7155.297125602344
2025-01-31 00:00:00+00:00,7130.544721994493
2025-02-03 00:00:00+00:00,7178.559882605194
2025-02-04 00:00:00+00:00,7186.299837302586
2025-02-05 00:00:00+00:00,7200.671716315171
2025-02-06 00:00:00+00:00,7219.947512001562
2025-02-07 00:00:00+00:00,7213.296784750732
2025-02-10 00:00:00+00:00,7204.324633330708
2025-02-11 00:00:00+00:00,7206.640525267595
2025-02-12 00:00:00+00:00,7215.371103580019
2025-02-13 00:00:00+00:00,7206.906600320071
2025-02-14 00:00:00+00:00,7229.330817620483
2025-02-17 00:00:00+00:00,7220.37118773659
2025-02-18 00:00:00+00:00,7215.130780285972
2025-02-19 00:00:00+00:00,7209.401916878765
2025-02-20 00:00:00+00:00,7206.240445006847
2025-02-21 00:00:00+00:00,7216.598950441771
2025-02-24 00:00:00+00:00,7205.369002974119
2025-02-25 00:00:00+00:00,7210.287015611941
2025-02-26 00:00:00+00:00,7207.633438139732
2025-02-27 00:00:00+00:00,7181.659876116086
2025-02-28 00:00:00+00:00,7169.344580521071
2025-03-03 00:00:00+00:00,7168.155565403916
2025-03-04 00:00:00+00:00,7176.563590430662
2025-03-05 00:00:00+00:00,7173.913786445577
2025-03-06 00:00:00+00:00,7183.949860762043
2025-03-07 00:00:00+00:00,7192.54613290602
2025-03-10 00:00:00+00:00,7193.3492605481
2025-03-11 00:00:00+00:00,7191.215619938334
2025-03-12 00:00:00+00:00,7183.139113228158
2025-03-13 00:00:00+00:00,7188.752911887208
2025-03-14 00:00:00+00:00,7192.2885824840205
2025-03-17 00:00:00+00:00,7197.703028748154
2025-03-18 00:00:00+00:00,7212.654385476365
2025-03-19 00:00:00+00:00,7214.3569093186015
2025-03-20 00:00:00+00:00,7206.483296930583
2025-03-21 00:00:00+00:00,7201.378322308991
2025-03-24 00:00:00+00:00,7194.938449215444
2025-03-25 00:00:00+00:00,7202.794707718573
2025-03-26 00:00:00+00:00,7201.87517349267
2025-03-27 00:00:00+00:00,7204.340454259703
2025-03-28 00:00:00+00:00,7204.548147785891
2025-03-31 00:00:00+00:00,7186.332601858581
2025-04-01 00:00:00+00:00,7182.067013470638
2025-04-02 00:00:00+00:00,7166.415592067286
2025-04-03 00:00:00+00:00,7190.596158211878
2025-04-04 00:00:00+00:00,7243.998453756734
2025-04-07 00:00:00+00:00,7232.020741202004
2025-04-08 00:00:00+00:00,7242.472916469933
2025-04-09 00:00:00+00:00,7197.77348450057
2025-04-10 00:00:00+00:00,7221.6473936285365
2025-04-11 00:00:00+00:00,7209.134332874423
2025-04-14 00:00:00+00:00,7217.562044521275
2025-04-15 00:00:00+00:00,7218.104415343777
2025-04-16 00:00:00+00:00,7216.069911646554
2025-04-17 00:00:00+00:00,7196.19506660385
2025-04-21 00:00:00+00:00,7184.955886232322
2025-04-22 00:00:00+00:00,7179.3353621890565
2025-04-23 00:00:00+00:00,7184.23153846417
2025-04-24 00:00:00+00:00,7176.747183586617
2025-04-25 00:00:00+00:00,7165.265734621671
2025-04-28 00:00:00+00:00,7167.639875039336
2025-04-29 00:00:00+00:00,7187.5313253819795
2025-04-30 00:00:00+00:00,7193.443063027732
2025-05-01 00:00:00+00:00,7190.702446279331
2025-05-02 00:00:00+00:00,7206.174310528326
2025-05-05 00:00:00+00:00,7214.573787634041
2025-05-06 00:00:00+00:00,7201.428587844246
2025-05-07 00:00:00+00:00,7202.527243247546
2025-05-08 00:00:00+00:00,7188.385783450282
2025-05-09 00:00:00+00:00,7179.664748904595
2025-05-12 00:00:00+00:00,7187.386466046223
2025-05-13 00:00:00+00:00,7176.154861113204
2025-05-14 00:00:00+00:00,7181.954069533534
2025-05-15 00:00:00+00:00,7182.298755459649
2025-05-16 00:00:00+00:00,7180.089188956829
2025-05-19 00:00:00+00:00,7165.178153749922
2025-05-20 00:00:00+00:00,7168.817584028693
2025-05-21 00:00:00+00:00,7174.24787440927
2025-05-22 00:00:00+00:00,7169.823332762707
2025-05-23 00:00:00+00:00,7163.512179581941
2025-05-26 00:00:00+00:00,7159.865040228672
2025-05-27 00:00:00+00:00,7161.972791396191
2025-05-28 00:00:00+00:00,7138.53021631618
2025-05-29 00:00:00+00:00,7143.422267896149
2025-05-30 00:00:00+00:00,7099.907998203305
2025-06-02 00:00:00+00:00,7113.376385789184
2025-06-03 00:00:00+00:00,7128.178005173042
2025-06-04 00:00:00+00:00,7119.280068070555
2025-06-05 00:00:00+00:00,7107.297100686221
2025-06-06 00:00:00+00:00,7090.4690612995255
2025-06-09 00:00:00+00:00,7086.505480453033
2025-06-10 00:00:00+00:00,7102.4839073695985
2025-06-11 00:00:00+00:00,7090.316770236025
2025-06-12 00:00:00+00:00,7074.003051493226
2025-06-13 00:00:00+00:00,7068.835056173826
2025-06-16 00:00:00+00:00,7072.016006688252
2025-06-17 00:00:00+00:00,7063.5316413053415
2025-06-18 00:00:00+00:00,7075.117513597745
2025-06-19 00:00:00+00:00,7085.825074721252
2025-06-20 00:00:00+00:00,7077.934697205197
2025-06-23 00:00:00+00:00,7088.744591752064
2025-06-24 00:00:00+00:00,7076.947055103592
2025-06-25 00:00:00+00:00,7048.680294074049
2025-06-26 00:00:00+00:00,7050.457138636594
2025-06-27 00:00:00+00:00,7037.017776536645
2025-06-30 00:00:00+00:00,7065.10276425224
2025-07-01 00:00:00+00:00,7076.636822419631
2025-07-02 00:00:00+00:00,7073.34217530539
2025-07-03 00:00:00+00:00,7083.775220989578
2025-07-04 00:00:00+00:00,7087.2248885752215
2025-07-07 00:00:00+00:00,7072.625271406835
2025-07-08 00:00:00+00:00,7085.290560169015
2025-07-09 00:00:00+00:00,7089.242646841846
2025-07-10 00:00:00+00:00,7100.847229275496
2025-07-11 00:00:00+00:00,7101.939809249037
2025-07-14 00:00:00+00:00,7129.8998301478305
2025-07-15 00:00:00+00:00,7125.479783803967
2025-07-16 00:00:00+00:00,7122.363017758345
2025-07-17 00:00:00+00:00,7119.838459574271
2025-07-18 00:00:00+00:00,7122.217243482774
2025-07-21 00:00:00+00:00,7132.124441879155
2025-07-22 00:00:00+00:00,7137.238770620232
2025-07-23 00:00:00+00:00,7142.215318954062
2025-07-24 00:00:00+00:00,7123.63639675112
2025-07-25 00:00:00+00:00,7143.177679300845
2025-07-28 00:00:00+00:00,7147.482480993574
2025-07-29 00:00:00+00:00,7138.995759116657
2025-07-30 00:00:00+00:00,7132.049021102406
2025-07-31 00:00:00+00:00,7136.89220212141
2025-08-01 00:00:00+00:00,7130.66787382542
2025-08-04 00:00:00+00:00,7149.439507450307
2025-08-05 00:00:00+00:00,7157.612491818678
2025-08-06 00:00:00+00:00,7164.854826113575
2025-08-07 00:00:00+00:00,7164.311596955589
2025-08-08 00:00:00+00:00,7188.287814139727
2025-08-11 00:00:00+00:00,7153.898378388655
2025-08-12 00:00:00+00:00,7204.451585427252
2025-08-13 00:00:00+00:00,7196.078208252319
2025-08-14 00:00:00+00:00,7182.238095385161
2025-08-15 00:00:00+00:00,7191.52518993006
2025-08-18 00:00:00+00:00,7198.884164989346
2025-08-19 00:00:00+00:00,7209.60426510924
2025-08-20 00:00:00+00:00,7219.746722532531
2025-08-21 00:00:00+00:00,7219.900020692687
2025-08-22 00:00:00+00:00,7207.836004197667
2025-08-25 00:00:00+00:00,7199.540496226132
2025-08-26 00:00:00+00:00,7207.321273890544
2025-08-27 00:00:00+00:00,7197.6733528551695
2025-08-28 00:00:00+00:00,7197.965282843964
2025-08-29 00:00:00+00:00,7208.620873040892
2025-09-01 00:00:00+00:00,7221.453585982044
2025-09-02 00:00:00+00:00,7213.042450818201
2025-09-03 00:00:00+00:00,7236.698148676658
2025-09-04 00:00:00+00:00,7226.757290559802
2025-09-05 00:00:00+00:00,7245.835093582662
2025-09-08 00:00:00+00:00,7262.148966971118
2025-09-09 00:00:00+00:00,7262.150350637543
2025-09-10 00:00:00+00:00,7266.47883373535
2025-09-11 00:00:00+00:00,7295.243616096002
2025-09-12 00:00:00+00:00,7324.552730486657
2025-09-15 00:00:00+00:00,7312.443505050952
2025-09-16 00:00:00+00:00,7284.4468788998365
2025-09-17 00:00:00+00:00,7283.014752856208
2025-09-18 00:00:00+00:00,7274.545164045841
2025-09-19 00:00:00+00:00,7287.221380994033
2025-09-22 00:00:00+00:00,7284.544432734391
2025-09-23 00:00:00+00:00,7266.610698993039
2025-09-24 00:00:00+00:00,7258.778618251922
2025-09-25 00:00:00+00:00,7259.7921273015
2025-09-26 00:00:00+00:00,7261.90965181647
2025-09-29 00:00:00+00:00,7269.672371830555
2025-09-30 00:00:00+00:00,7277.78621893201
2025-10-01 00:00:00+00:00,7273.47375020362
2025-10-02 00:00:00+00:00,7277.16406407918
2025-10-03 00:00:00+00:00,7283.815222737824
2025-10-06 00:00:00+00:00,7290.1003520236
2025-10-07 00:00:00+00:00,7278.887372422807
2025-10-08 00:00:00+00:00,7282.657510258367
2025-10-09 00:00:00+00:00,7278.1090187260415
2025-10-10 00:00:00+00:00,7310.947090537043
2025-10-13 00:00:00+00:00,7294.706723801351
2025-10-14 00:00:00+00:00,7277.885381236901
2025-10-15 00:00:00+00:00,7279.762092399127
2025-10-16 00:00:00+00:00,7269.645153725376
2025-10-17 00:00:00+00:00,7277.894434104148
2025-10-20 00:00:00+00:00,7258.003882520196
2025-10-21 00:00:00+00:00,7265.026938086347
2025-10-22 00:00:00+00:00,7272.758408859534
2025-10-23 00:00:00+00:00,7276.145217560675
2025-10-24 00:00:00+00:00,7303.823253154967
2025-10-27 00:00:00+00:00,7294.839560138024
2025-10-28 00:00:00+00:00,7292.165830536992
2025-10-29 00:00:00+00:00,7312.262894348615
2025-10-30 00:00:00+00:00,7298.3746631012355
2025-10-31 00:00:00+00:00,7301.022168396316
2025-11-03 00:00:00+00:00,7304.644289573778
2025-11-04 00:00:00+00:00,7310.331471322714
2025-11-05 00:00:00+00:00,7310.1015973218655
2025-11-06 00:00:00+00:00,7312.665403992931
2025-11-07 00:00:00+00:00,7304.081500095008
2025-11-10 00:00:00+00:00,7306.7396938295415
2025-11-11 00:00:00+00:00,7328.300227131254
2025-11-12 00:00:00+00:00,7342.132772191844
2025-11-13 00:00:00+00:00,7345.358839643356
2025-11-14 00:00:00+00:00,7348.072313752742
2025-11-17 00:00:00+00:00,7332.653209753468
2025-11-18 00:00:00+00:00,7319.101570260355
2025-11-19 00:00:00+00:00,7318.828127938663
2025-11-20 00:00:00+00:00,7328.300168359281
2025-11-21 00:00:00+00:00,7341.13039617467
2025-11-24 00:00:00+00:00,7333.260211824045
2025-11-25 00:00:00+00:00,7335.230766817686
2025-11-26 00:00:00+00:00,7336.0398835268215
2025-11-27 00:00:00+00:00,7327.417274024345
2025-11-28 00:00:00+00:00,7334.106982325337
2025-12-01 00:00:00+00:00,7320.095166945755
2025-12-02 00:00:00+00:00,7314.312504387887
2025-12-03 00:00:00+00:00,7302.050409176629
2025-12-04 00:00:00+00:00,7293.295944610418
2025-12-05 00:00:00+00:00,7296.974891478064
2025-12-08 00:00:00+00:00,7285.021276141169
2025-12-09 00:00:00+00:00,7289.725679995925
2025-12-10 00:00:00+00:00,7289.566415328194
2025-12-11 00:00:00+00:00,7280.671867040329
2025-12-12 00:00:00+00:00,7277.975380940451
2025-12-15 00:00:00+00:00,7270.963081982665
2025-12-16 00:00:00+00:00,7256.0798739705915
2025-12-17 00:00:00+00:00,7270.684879980755
2025-12-18 00:00:00+00:00,7260.338167894629
2025-12-19 00:00:00+00:00,7278.453950782678
2025-12-22 00:00:00+00:00,7282.679036660808
2025-12-23 00:00:00+00:00,7272.873992264151
2025-12-24 00:00:00+00:00,7266.62672508825
2025-12-26 00:00:00+00:00,7268.572861812519
2025-12-29 00:00:00+00:00,7254.745311276561
2025-12-30 00:00:00+00:00,7251.331145280746
2025-12-31 00:00:00+00:00,7262.788644637456
2026-01-02 00:00:00+00:00,7256.4578249082215
2026-01-05 00:00:00+00:00,7256.448793080048
2026-01-06 00:00:00+00:00,7260.19074128431
2026-01-07 00:00:00+00:00,7304.435613952586
2026-01-08 00:00:00+00:00,7350.883148991649
2026-01-09 00:00:00+00:00,7343.702405894929
2026-01-12 00:00:00+00:00,7359.949455886317
2026-01-13 00:00:00+00:00,7357.873597350666
2026-01-14 00:00:00+00:00,7371.925067872017
2026-01-15 00:00:00+00:00,7360.620197660232
2026-01-16 00:00:00+00:00,7377.21875035373
2026-01-19 00:00:00+00:00,7361.147090984666
2026-01-20 00:00:00+00:00,7347.518732547031
2026-01-21 00:00:00+00:00,7350.928107086535
2026-01-22 00:00:00+00:00,7348.806721988002
2026-01-23 00:00:00+00:00,7369.259968198134
2026-01-26 00:00:00+00:00,7361.8469671248295
2026-01-27 00:00:00+00:00,7378.95558378425
2026-01-28 00:00:00+00:00,7383.64657909148
2026-01-29 00:00:00+00:00,7401.602178210432
2026-01-30 00:00:00+00:00,7390.557890011107
2026-02-02 00:00:00+00:00,7367.510943159846
2026-02-03 00:00:00+00:00,7372.783381346909
2026-02-04 00:00:00+00:00,7392.858592371195
2026-02-05 00:00:00+00:00,7382.30195960149
2026-02-06 00:00:00+00:00,7398.651453368944
2026-02-09 00:00:00+00:00,7432.045371808937
2026-02-10 00:00:00+00:00,7441.981169420748
2026-02-11 00:00:00+00:00,7438.798304794682
2026-02-12 00:00:00+00:00,7411.567921044282
2026-02-13 00:00:00+00:00,7426.638303435008
2026-02-16 00:00:00+00:00,7433.6066703003435
2026-02-17 00:00:00+00:00,7435.771014286659
2026-02-18 00:00:00+00:00,7467.774350135594
2026-02-19 00:00:00+00:00,7476.51736925399
2026-02-20 00:00:00+00:00,7476.00499626379
2026-02-23 00:00:00+00:00,7459.9454549312895
2026-02-24 00:00:00+00:00,7472.51773015973
2026-02-25 00:00:00+00:00,7504.01852822763
2026-02-26 00:00:00+00:00,7531.013412450925
2026-02-27 00:00:00+00:00,7570.784673394316
2026-03-02 00:00:00+00:00,7673.594087013058
2026-03-03 00:00:00+00:00,7723.694671669892
2026-03-04 00:00:00+00:00,7666.219820643452
2026-03-05 00:00:00+00:00,7552.282312543323
2026-03-06 00:00:00+00:00,7317.920652403306
2026-03-09 00:00:00+00:00,7423.717109618522
2026-03-10 00:00:00+00:00,7517.26843729409
2026-03-11 00:00:00+00:00,7536.182633865519
2026-03-12 00:00:00+00:00,7571.958778429697
2026-03-13 00:00:00+00:00,7562.369789934128
2026-03-16 00:00:00+00:00,7702.913297288494
2026-03-17 00:00:00+00:00,7799.172643978278
2026-03-18 00:00:00+00:00,8051.126401650509
2026-03-19 00:00:00+00:00,8179.7655364981265
2026-03-20 00:00:00+00:00,8229.230535268134
2026-03-23 00:00:00+00:00,8102.143909682208
2026-03-24 00:00:00+00:00,8126.348579272525
2026-03-25 00:00:00+00:00,8024.455198976451
2026-03-26 00:00:00+00:00,8041.8320882878415
2026-03-27 00:00:00+00:00,7848.172360462088
2026-03-30 00:00:00+00:00,7647.068029875481
2026-03-31 00:00:00+00:00,7524.026267275386
2026-04-01 00:00:00+00:00,7517.2945586172245
2026-04-02 00:00:00+00:00,7166.396035922288
2026-04-06 00:00:00+00:00,7136.89776902321
2026-04-07 00:00:00+00:00,7008.557402219696
2026-04-08 00:00:00+00:00,7312.839638403713
2026-04-09 00:00:00+00:00,7212.123927791609
2026-04-10 00:00:00+00:00,7222.580432140239
2026-04-13 00:00:00+00:00,7299.089303065838
2026-04-14 00:00:00+00:00,7517.437156044348
2026-04-15 00:00:00+00:00,7546.220907595797
2026-04-16 00:00:00+00:00,7672.1755375031435
2026-04-17 00:00:00+00:00,7662.668291639405
2026-04-20 00:00:00+00:00,7682.3970884375285
2026-04-21 00:00:00+00:00,7715.860326332727
2026-04-22 00:00:00+00:00,7698.558596388423
2026-04-23 00:00:00+00:00,7717.899225680809
2026-04-24 00:00:00+00:00,7849.510414749455
2026-04-27 00:00:00+00:00,7870.538297311231
2026-04-28 00:00:00+00:00,7805.295547974663
2026-04-29 00:00:00+00:00,7672.108676472178
2026-04-30 00:00:00+00:00,7828.718100951207
2026-05-01 00:00:00+00:00,7888.872303502414
2026-05-04 00:00:00+00:00,8011.510124555488
2026-05-05 00:00:00+00:00,7958.852360978467
2026-05-06 00:00:00+00:00,7858.043949842313
2026-05-07 00:00:00+00:00,7822.274004684889
2026-05-08 00:00:00+00:00,7857.0142044890235
2026-05-11 00:00:00+00:00,7827.802479081336
2026-05-12 00:00:00+00:00,7747.986433289669
2026-05-13 00:00:00+00:00,7692.277143012719
2026-05-14 00:00:00+00:00,7673.782354640714
2026-05-15 00:00:00+00:00,7597.5566033179
2026-05-18 00:00:00+00:00,7492.5125058466565
2026-05-19 00:00:00+00:00,7487.826952149685
2026-05-20 00:00:00+00:00,7465.624534183874
2026-05-21 00:00:00+00:00,7494.054547434466
2026-05-22 00:00:00+00:00,7495.312812729438
2026-05-25 00:00:00+00:00,7423.036931433631
2026-05-26 00:00:00+00:00,7403.531994612141
2026-05-27 00:00:00+00:00,7453.98876344412
2026-05-28 00:00:00+00:00,7501.974037990925
2026-05-29 00:00:00+00:00,7489.146443598676
2026-06-01 00:00:00+00:00,7413.860292823041
2026-06-02 00:00:00+00:00,7380.9367607774275
2026-06-03 00:00:00+00:00,7318.5432164177655
2026-06-04 00:00:00+00:00,7371.28452983073
2026-06-05 00:00:00+00:00,7411.791864879157
2026-06-08 00:00:00+00:00,7436.749252962755
2026-06-09 00:00:00+00:00,7460.819332103651
2026-06-10 00:00:00+00:00,7431.867116610607
2026-06-11 00:00:00+00:00,7439.266045166228
2026-06-12 00:00:00+00:00,7429.643733324616
2026-06-15 00:00:00+00:00,7430.363522034269
2026-06-16 00:00:00+00:00,7496.860061181324
2026-06-17 00:00:00+00:00,7499.77931512917
2026-06-18 00:00:00+00:00,7511.148173250514
2026-06-19 00:00:00+00:00,7502.698206183191
2026-06-22 00:00:00+00:00,7501.446463071508
2026-06-23 00:00:00+00:00,7487.664707691349
2026-06-24 00:00:00+00:00,7433.037472863327
2026-06-25 00:00:00+00:00,7421.5615999993315
2026-06-26 00:00:00+00:00,7401.7863168978365
2026-06-29 00:00:00+00:00,7406.1226887899575
2026-06-30 00:00:00+00:00,7420.842950811349
2026-07-01 00:00:00+00:00,7405.410991128552
