time,equity
2021-04-02 17:30:00+00:00,5000.0
2021-04-02 23:15:00+00:00,5001.511222162218
2021-04-03 00:15:00+00:00,4988.059456886364
2021-04-03 05:15:00+00:00,4974.613148285681
2021-04-05 08:30:00+00:00,4976.236607044957
2021-04-05 09:45:00+00:00,4962.927670633246
2021-04-05 12:00:00+00:00,4949.573688962575
2021-04-05 14:00:00+00:00,4936.150933620755
2021-04-06 12:15:00+00:00,4922.831840987182
2021-04-06 14:15:00+00:00,4959.524418307854
2021-04-06 17:30:00+00:00,4946.395649612033
2021-04-07 00:00:00+00:00,4948.085559777806
2021-04-07 01:15:00+00:00,4984.607653392937
2021-04-07 02:30:00+00:00,4971.301495986376
2021-04-07 05:00:00+00:00,4972.944526019285
2021-04-07 05:30:00+00:00,4959.632738239427
2021-04-07 09:15:00+00:00,4961.533405682733
2021-04-07 19:00:00+00:00,4998.567199722874
2021-04-08 01:15:00+00:00,4985.413943374898
2021-04-08 04:15:00+00:00,4972.181191332203
2021-04-08 06:00:00+00:00,4958.901907293899
2021-04-10 12:30:00+00:00,4945.871884575754
2021-04-13 18:45:00+00:00,4947.848773179467
2021-04-16 05:15:00+00:00,4934.730193328292
2021-04-16 11:15:00+00:00,4971.687379424135
2021-04-16 14:15:00+00:00,4958.697992733635
2021-04-16 20:30:00+00:00,4945.694697991041
2021-04-17 01:00:00+00:00,4947.409318897952
2021-04-17 13:30:00+00:00,4949.242666094955
2021-04-17 19:15:00+00:00,4951.098629419558
2021-04-18 01:15:00+00:00,4987.969418241488
2021-04-18 03:15:00+00:00,5024.921810492149
2021-04-25 21:30:00+00:00,5011.958553886727
2021-04-26 00:00:00+00:00,5049.101514475053
2021-04-29 20:00:00+00:00,5085.94994276237
2021-04-30 04:00:00+00:00,5072.824207890507
2021-04-30 07:00:00+00:00,5059.590708688115
2021-05-02 16:15:00+00:00,5061.395922441147
2021-05-02 21:00:00+00:00,5048.14442477568
2021-05-03 00:00:00+00:00,5049.702085193535
2021-05-03 00:30:00+00:00,5036.414762560435
2021-05-03 01:30:00+00:00,5023.170907305355
2021-05-03 07:15:00+00:00,5009.9913276868365
2021-05-03 16:30:00+00:00,5011.842306897222
2021-05-04 00:45:00+00:00,5048.800482182568
2021-05-05 00:15:00+00:00,5050.931030468391
2021-05-06 18:45:00+00:00,5087.868751727237
2021-05-06 19:45:00+00:00,5074.904986744431
2021-05-06 21:45:00+00:00,5061.952407100793
2021-05-06 23:30:00+00:00,5048.901460107676
2021-05-07 00:15:00+00:00,5035.819327735882
2021-05-07 10:00:00+00:00,5037.784217116606
2021-05-10 15:45:00+00:00,5039.76743021199
2021-05-10 19:30:00+00:00,5076.844533956107
2021-05-11 06:45:00+00:00,5079.021891449786
2021-05-13 14:00:00+00:00,5081.239755874949
2021-05-16 20:30:00+00:00,5068.522246598175
2021-05-17 01:15:00+00:00,5070.823388811622
2021-05-17 20:45:00+00:00,5058.083696709833
2021-05-18 19:30:00+00:00,5060.315954752531
2021-05-18 23:45:00+00:00,5062.528192009138
2021-05-19 01:30:00+00:00,5099.753641933206
2021-05-19 10:00:00+00:00,5102.0534013511715
2021-05-19 12:30:00+00:00,5089.388598207621
2021-05-19 13:00:00+00:00,5076.794631559151
2021-05-19 13:45:00+00:00,5079.233262457491
2021-05-20 00:30:00+00:00,5081.677332324425
2021-05-20 12:15:00+00:00,5119.063476844742
2021-05-20 16:00:00+00:00,5106.364278371273
2021-05-20 16:30:00+00:00,5093.692738887091
2021-05-20 22:30:00+00:00,5096.037374633247
2021-05-26 15:15:00+00:00,5133.140797947139
2021-05-26 21:45:00+00:00,5120.306902452401
2021-05-27 03:00:00+00:00,5157.42892468406
2021-05-27 05:45:00+00:00,5144.566652571762
2021-05-27 08:00:00+00:00,5131.697072179503
2021-05-31 14:15:00+00:00,5118.8183918606355
2021-05-31 19:30:00+00:00,5120.948338722638
2021-06-01 23:00:00+00:00,5108.098696775746
2021-06-07 20:45:00+00:00,5145.031702690555
2021-06-08 15:15:00+00:00,5132.206751920439
2021-06-08 20:15:00+00:00,5169.397650859965
2021-06-09 03:00:00+00:00,5171.514885951531
2021-06-09 15:00:00+00:00,5208.660761464136
2021-06-09 19:00:00+00:00,5195.905749900877
2021-06-10 10:00:00+00:00,5233.104246769916
2021-06-10 14:00:00+00:00,5220.268669113053
2021-06-16 04:30:00+00:00,5222.212741019094
2021-06-16 11:00:00+00:00,5258.972408993374
2021-06-16 16:00:00+00:00,5260.954470509219
2021-06-17 01:15:00+00:00,5262.255213069565
2021-06-17 03:30:00+00:00,5249.219885597925
2021-06-17 06:15:00+00:00,5236.0284623142425
2021-06-17 09:45:00+00:00,5222.8585610894625
2021-06-17 14:00:00+00:00,5259.680376137059
2021-06-17 15:45:00+00:00,5246.568883951813
2021-06-17 17:15:00+00:00,5283.49783794402
2021-06-17 20:15:00+00:00,5284.102108068748
2021-06-17 23:00:00+00:00,5271.096327360507
2021-06-18 02:45:00+00:00,5273.036566806075
2021-06-18 07:30:00+00:00,5275.037390426204
2021-06-18 10:15:00+00:00,5276.943311154885
2021-06-18 14:00:00+00:00,5313.9304572912915
2021-06-23 01:00:00+00:00,5351.173595230517
2021-06-23 19:45:00+00:00,5338.289599104983
2021-06-23 21:30:00+00:00,5339.088301698698
2021-06-24 18:00:00+00:00,5376.15814006847
2021-06-25 00:45:00+00:00,5372.482108745828
2021-06-25 02:00:00+00:00,5409.489439144177
2021-06-25 03:30:00+00:00,5396.57102662474
2021-06-25 09:30:00+00:00,5398.613840878997
2021-06-27 18:00:00+00:00,5400.701944974236
2021-06-28 13:45:00+00:00,5402.768452679213
2021-07-05 11:15:00+00:00,5439.475764739089
2021-07-05 17:45:00+00:00,5441.373509844896
2021-07-06 12:45:00+00:00,5428.367097194749
2021-07-06 17:45:00+00:00,5430.342083269484
2021-07-06 23:45:00+00:00,5417.359136177075
2021-07-07 01:00:00+00:00,5419.264198539659
2021-07-07 03:30:00+00:00,5406.127417834985
2021-07-07 13:00:00+00:00,5407.898248896839
2021-07-07 16:00:00+00:00,5394.747512870788
2021-07-08 06:00:00+00:00,5396.679328657078
2021-07-08 07:30:00+00:00,5433.643717336951
2021-07-08 12:30:00+00:00,5420.704159877912
2021-07-08 16:00:00+00:00,5407.717599167266
2021-07-08 19:45:00+00:00,5394.655704822741
2021-07-08 23:15:00+00:00,5396.501869078393
2021-07-12 23:45:00+00:00,5383.272272726707
2021-07-13 00:30:00+00:00,5370.066435094438
2021-07-13 06:30:00+00:00,5371.903583749601
2021-07-13 23:15:00+00:00,5358.727282632912
2021-07-14 03:15:00+00:00,5395.535721938259
2021-07-15 19:15:00+00:00,5397.464102984066
2021-07-15 20:45:00+00:00,5384.366447445737
2021-07-16 02:00:00+00:00,5371.185972600407
2021-07-20 13:30:00+00:00,5373.060084854414
2021-07-20 14:15:00+00:00,5374.879460361056
2021-07-20 16:45:00+00:00,5376.853314501999
2021-07-20 21:00:00+00:00,5378.755367303464
2021-07-21 00:15:00+00:00,5380.451628839663
2021-07-21 04:15:00+00:00,5417.159808023111
2021-07-21 10:00:00+00:00,5453.885618126755
2021-07-27 13:30:00+00:00,5440.873359650687
2021-07-27 14:30:00+00:00,5442.886319311289
2021-07-29 00:45:00+00:00,5430.074090246586
2021-08-02 13:30:00+00:00,5431.956484829214
2021-08-02 20:00:00+00:00,5468.828492652871
2021-08-02 22:15:00+00:00,5455.79729189724
2021-08-03 00:15:00+00:00,5457.749292611506
2021-08-03 04:45:00+00:00,5494.7716792499905
2021-08-03 07:00:00+00:00,5481.811501109061
2021-08-03 12:15:00+00:00,5483.772632287461
2021-08-03 16:45:00+00:00,5470.746921806984
2021-08-03 19:15:00+00:00,5457.750076710005
2021-08-04 00:45:00+00:00,5459.670368018458
2021-08-04 05:00:00+00:00,5461.583284642263
2021-08-04 06:30:00+00:00,5463.411660980583
2021-08-04 10:45:00+00:00,5450.265559370753
2021-08-04 13:15:00+00:00,5437.089226119722
2021-08-04 15:00:00+00:00,5423.972564163345
2021-08-05 14:00:00+00:00,5411.014244796287
2021-08-05 14:45:00+00:00,5398.085735790547
2021-08-05 16:00:00+00:00,5400.196878926949
2021-08-13 00:00:00+00:00,5387.072978735359
2021-08-13 01:15:00+00:00,5373.928036083814
2021-08-13 02:45:00+00:00,5360.784251108332
2021-08-13 06:15:00+00:00,5347.566384017987
2021-08-13 07:00:00+00:00,5334.391462807934
2021-08-13 11:30:00+00:00,5321.253835702547
2021-08-14 14:15:00+00:00,5308.244153956832
2021-08-14 19:30:00+00:00,5295.09602425622
2021-08-14 21:30:00+00:00,5296.901630376289
2021-08-15 01:30:00+00:00,5283.718332515011
2021-08-15 13:45:00+00:00,5285.549905988276
2021-08-15 16:00:00+00:00,5287.480646347169
2021-08-15 17:45:00+00:00,5289.37026842546
2021-08-15 19:45:00+00:00,5276.206285084692
2021-08-15 21:15:00+00:00,5263.010328224985
2021-08-15 22:15:00+00:00,5249.826168339346
2021-08-16 00:00:00+00:00,5236.621423717209
2021-08-16 16:00:00+00:00,5223.500902165725
2021-08-16 18:15:00+00:00,5210.387775358332
2021-08-16 22:00:00+00:00,5212.1770298809115
2021-08-16 23:30:00+00:00,5213.9998078142735
2021-08-17 01:00:00+00:00,5215.842765088976
2021-08-17 08:15:00+00:00,5217.803517987147
2021-08-17 09:30:00+00:00,5204.670285302624
2021-08-17 18:00:00+00:00,5191.590129976175
2021-08-17 20:15:00+00:00,5228.494108164042
2021-08-18 01:30:00+00:00,5230.495056954468
2021-08-18 03:45:00+00:00,5232.52500329585
2021-08-18 10:30:00+00:00,5232.327079290325
2021-08-19 05:15:00+00:00,5219.202872955808
2021-08-19 08:00:00+00:00,5206.068249966066
2021-08-25 13:00:00+00:00,5192.767895146157
2021-08-26 12:15:00+00:00,5194.7380011503155
2021-08-26 17:00:00+00:00,5196.735007214295
2021-08-31 07:15:00+00:00,5183.464253710285
2021-08-31 08:15:00+00:00,5170.128028022883
2021-09-01 04:00:00+00:00,5156.912048250726
2021-09-08 00:00:00+00:00,5156.34214543736
2021-09-08 08:15:00+00:00,5193.536161970887
2021-09-13 11:15:00+00:00,5180.4740805703295
2021-09-13 20:45:00+00:00,5167.692937564473
2021-09-14 13:30:00+00:00,5204.339659750387
2021-09-14 17:30:00+00:00,5206.215163985173
2021-09-14 18:15:00+00:00,5192.974268346147
2021-09-14 21:15:00+00:00,5194.730893663796
2021-09-15 06:15:00+00:00,5196.454857667892
2021-09-15 08:45:00+00:00,5198.085052062453
2021-09-15 12:45:00+00:00,5199.663641489747
2021-09-16 02:30:00+00:00,5201.344996125151
2021-09-21 00:15:00+00:00,5238.488665727055
2021-09-24 08:45:00+00:00,5225.387551407439
2021-09-28 20:45:00+00:00,5218.8839681894815
2021-09-29 00:15:00+00:00,5205.789086355216
2021-09-29 03:45:00+00:00,5192.8128942467065
2021-09-29 10:30:00+00:00,5192.779141870045
2021-09-29 22:30:00+00:00,5179.625015583053
2021-09-30 00:15:00+00:00,5166.433801014902
2021-09-30 00:45:00+00:00,5153.234445480289
2021-09-30 02:45:00+00:00,5140.182287596771
2021-10-01 07:15:00+00:00,5176.858777882475
2021-10-01 10:15:00+00:00,5213.658282654354
2021-10-02 13:00:00+00:00,5200.091131758965
2021-10-02 13:45:00+00:00,5186.4679406979685
2021-10-02 20:30:00+00:00,5188.133857536821
2021-10-03 21:00:00+00:00,5224.87279890121
2021-10-04 08:00:00+00:00,5226.752674248203
2021-10-04 16:00:00+00:00,5213.719637408805
2021-10-04 21:30:00+00:00,5200.8070760044675
2021-10-05 18:15:00+00:00,5237.800880083956
2021-10-05 20:15:00+00:00,5274.62390362782
2021-10-06 19:45:00+00:00,5266.28100110564
2021-10-07 21:30:00+00:00,5268.230810995294
2021-10-08 01:15:00+00:00,5255.042541649004
2021-10-08 05:45:00+00:00,5241.757860550006
2021-10-08 18:15:00+00:00,5243.716931462313
2021-10-09 03:15:00+00:00,5245.553589244007
2021-10-09 14:15:00+00:00,5247.370956407381
2021-10-09 15:45:00+00:00,5234.139401862195
2021-10-09 16:30:00+00:00,5220.812909939931
2021-10-09 20:00:00+00:00,5207.530894387129
2021-10-10 09:00:00+00:00,5194.402449320796
2021-10-11 07:15:00+00:00,5196.308510023447
2021-10-12 11:30:00+00:00,5183.104748807105
2021-10-12 13:15:00+00:00,5169.8647118411145
2021-10-12 17:30:00+00:00,5206.709332506249
2021-10-12 20:00:00+00:00,5243.645494635267
2021-10-13 04:15:00+00:00,5237.349157700488
2021-10-13 20:30:00+00:00,5239.25215438411
2021-10-14 01:00:00+00:00,5276.0787407519465
2021-10-15 08:00:00+00:00,5278.066812820328
2021-10-15 13:45:00+00:00,5314.9240303973875
2021-10-16 18:45:00+00:00,5316.72361690195
2021-10-17 08:15:00+00:00,5318.220047717536
2021-10-17 20:00:00+00:00,5354.9565710062425
2021-10-18 07:45:00+00:00,5341.680341918488
2021-10-18 13:15:00+00:00,5343.695648934307
2021-10-20 13:30:00+00:00,5380.660603680877
2021-10-20 22:15:00+00:00,5382.139653590065
2021-10-21 01:45:00+00:00,5418.900423745629
2021-10-21 07:15:00+00:00,5420.801739198178
2021-10-21 08:30:00+00:00,5407.719511600422
2021-10-21 09:00:00+00:00,5394.608707335142
2021-10-22 20:00:00+00:00,5396.732771272649
2021-10-22 22:45:00+00:00,5398.744135123898
2021-10-23 01:00:00+00:00,5385.617076417166
2021-10-23 15:45:00+00:00,5372.473979351753
2021-10-24 12:15:00+00:00,5359.171008081025
2021-10-24 15:30:00+00:00,5361.069079857578
2021-10-25 10:30:00+00:00,5347.6720049602545
2021-10-25 11:30:00+00:00,5349.191619402477
2021-10-25 13:30:00+00:00,5350.797235838941
2021-10-25 17:00:00+00:00,5352.534483360698
2021-10-25 17:30:00+00:00,5339.1920766962285
2021-10-25 19:45:00+00:00,5325.920328408213
2021-10-26 15:30:00+00:00,5327.398222763671
2021-10-26 21:45:00+00:00,5364.058390499579
2021-10-27 04:15:00+00:00,5351.053015162576
2021-10-28 09:45:00+00:00,5337.951367377402
2021-10-28 17:30:00+00:00,5324.759077094145
2021-10-28 18:30:00+00:00,5311.474745149327
2021-10-28 20:00:00+00:00,5348.624818382788
2021-10-29 18:45:00+00:00,5335.611873592368
2021-10-29 21:15:00+00:00,5337.451311981021
2021-10-30 10:45:00+00:00,5324.010500842143
2021-10-30 13:30:00+00:00,5310.558932853364
2021-10-30 16:00:00+00:00,5312.352131558375
2021-10-31 10:00:00+00:00,5348.895831143116
2021-10-31 12:15:00+00:00,5350.613803345711
2021-10-31 14:30:00+00:00,5337.426666781515
2021-10-31 17:15:00+00:00,5324.292594339857
2021-10-31 20:45:00+00:00,5311.079804054001
2021-11-01 13:45:00+00:00,5307.248776505895
2021-11-02 14:15:00+00:00,5304.4161763772845
2021-11-03 13:30:00+00:00,5341.018177428386
2021-11-03 16:00:00+00:00,5327.81882346073
2021-11-03 18:00:00+00:00,5314.552142944333
2021-11-03 18:45:00+00:00,5301.576924237819
2021-11-04 13:45:00+00:00,5288.275992165485
2021-11-04 21:45:00+00:00,5285.118192786215
2021-11-05 18:15:00+00:00,5271.800462694867
2021-11-06 01:00:00+00:00,5268.570545450852
2021-11-07 00:45:00+00:00,5305.172486320323
2021-11-07 06:30:00+00:00,5306.598606888076
2021-11-07 09:00:00+00:00,5292.782913744502
2021-11-08 00:00:00+00:00,5329.265315058787
2021-11-08 01:15:00+00:00,5331.129830932112
2021-11-08 23:00:00+00:00,5368.0417393488415
2021-11-09 17:30:00+00:00,5369.920580808163
2021-11-09 21:00:00+00:00,5356.764270145666
2021-11-10 00:15:00+00:00,5358.486755788446
2021-11-10 18:45:00+00:00,5345.4900166270045
2021-11-10 19:30:00+00:00,5332.348415590108
2021-11-11 05:15:00+00:00,5333.037974373401
2021-11-11 07:30:00+00:00,5319.941543328196
2021-11-11 08:45:00+00:00,5321.735642527993
2021-11-12 08:30:00+00:00,5308.296338700102
2021-11-12 13:30:00+00:00,5310.199269554611
2021-11-12 17:45:00+00:00,5312.141870203608
2021-11-12 21:00:00+00:00,5299.154115251145
2021-11-13 07:45:00+00:00,5301.042688116383
2021-11-13 18:15:00+00:00,5287.7109581373625
2021-11-15 06:45:00+00:00,5282.878170971844
2021-11-16 00:00:00+00:00,5319.632430344773
2021-11-17 10:30:00+00:00,5306.608267436272
2021-11-17 14:45:00+00:00,5293.587088949411
2021-11-18 10:45:00+00:00,5295.429021645941
2021-11-18 22:00:00+00:00,5297.607265854391
2021-11-20 06:45:00+00:00,5299.173628769071
2021-11-20 13:45:00+00:00,5285.6300223247235
2021-11-20 15:45:00+00:00,5272.2768298698775
2021-11-20 18:15:00+00:00,5308.976376140655
2021-11-22 03:30:00+00:00,5295.814205994345
2021-11-22 05:00:00+00:00,5282.705549965509
2021-11-22 08:00:00+00:00,5284.56879587072
2021-11-22 13:30:00+00:00,5282.344677768187
2021-11-22 15:00:00+00:00,5269.457091059837
2021-11-22 22:45:00+00:00,5271.473717354722
2021-11-23 03:00:00+00:00,5258.502382395036
2021-11-25 04:15:00+00:00,5245.283803675579
2021-11-25 16:00:00+00:00,5282.061196502184
2021-11-25 19:15:00+00:00,5268.855309045671
2021-11-27 08:00:00+00:00,5270.982763676484
2021-11-27 20:30:00+00:00,5270.05820006259
2021-11-28 00:30:00+00:00,5271.810226118675
2021-11-28 21:45:00+00:00,5308.695576903591
2021-11-29 00:30:00+00:00,5345.672627615155
2021-11-29 07:15:00+00:00,5341.723813783748
2021-11-29 11:30:00+00:00,5343.386093118972
2021-11-30 08:30:00+00:00,5330.2050951735855
2021-11-30 11:15:00+00:00,5317.135254080788
2021-11-30 12:00:00+00:00,5304.0655994412255
2021-12-01 00:30:00+00:00,5291.183163863789
2021-12-01 02:00:00+00:00,5278.164091740954
2021-12-01 02:30:00+00:00,5265.301955316793
2021-12-01 02:45:00+00:00,5252.217796511072
2021-12-01 03:45:00+00:00,5239.275405399028
2021-12-01 04:15:00+00:00,5226.350710635569
2021-12-01 07:15:00+00:00,5220.2558992004615
2021-12-01 17:45:00+00:00,5207.160995015925
2021-12-01 19:00:00+00:00,5194.110271178072
2021-12-02 01:15:00+00:00,5181.188339134067
2021-12-02 03:00:00+00:00,5218.129449549093
2021-12-02 08:00:00+00:00,5205.247652826435
2021-12-02 08:15:00+00:00,5207.304886098974
2021-12-02 09:15:00+00:00,5194.501920596699
2021-12-02 11:30:00+00:00,5196.423031572397
2021-12-02 12:15:00+00:00,5198.6142357288045
2021-12-02 12:45:00+00:00,5200.57162056825
2021-12-02 13:15:00+00:00,5187.82589178157
2021-12-02 14:30:00+00:00,5175.104047671618
2021-12-02 15:30:00+00:00,5212.312057748333
2021-12-02 21:45:00+00:00,5214.585179576923
2021-12-02 22:30:00+00:00,5201.689648320132
2021-12-03 03:15:00+00:00,5238.943188257202
2021-12-03 04:15:00+00:00,5240.700486663368
2021-12-03 06:30:00+00:00,5227.495890230862
2021-12-03 12:00:00+00:00,5214.124803914324
2021-12-03 13:45:00+00:00,5252.67463424296
2021-12-03 15:45:00+00:00,5276.606341375219
2021-12-03 16:00:00+00:00,5387.035930037078
2021-12-03 17:15:00+00:00,5389.030193518434
2021-12-03 19:30:00+00:00,5425.995671782461
2021-12-03 20:15:00+00:00,5463.195158110603
2021-12-03 21:00:00+00:00,5524.861287619247
2021-12-03 21:15:00+00:00,5512.182942440099
2021-12-04 03:45:00+00:00,5549.376464281859
2021-12-04 04:45:00+00:00,5586.598653159002
2021-12-04 05:00:00+00:00,5623.864549186998
2021-12-04 05:15:00+00:00,5598.590207497908
2021-12-04 11:15:00+00:00,5588.400910723252
2021-12-04 15:00:00+00:00,5625.831348965658
2021-12-05 00:00:00+00:00,5612.969831178847
2021-12-05 09:00:00+00:00,5599.935842173326
2021-12-05 12:15:00+00:00,5602.103113841219
2021-12-05 13:15:00+00:00,5604.101249598597
2021-12-05 15:00:00+00:00,5641.307636278566
2021-12-05 15:30:00+00:00,5615.46737076627
2021-12-05 16:00:00+00:00,5592.15088862432
2021-12-05 19:00:00+00:00,5594.31783812826
2021-12-06 06:45:00+00:00,5596.420277342092
2021-12-06 09:30:00+00:00,5570.901087608604
2021-12-06 10:45:00+00:00,5558.154284835097
2021-12-06 12:15:00+00:00,5560.451844117001
2021-12-06 14:30:00+00:00,5547.740010247427
2021-12-06 21:45:00+00:00,5584.942166412287
2021-12-07 10:00:00+00:00,5624.356490873475
2021-12-07 12:15:00+00:00,5626.4763517104675
2021-12-07 15:15:00+00:00,5663.684565654173
2021-12-07 15:30:00+00:00,5701.067726740851
2021-12-07 16:15:00+00:00,5688.226661021714
2021-12-07 19:00:00+00:00,5675.305496693042
2021-12-08 04:15:00+00:00,5664.7642988269445
2021-12-08 06:45:00+00:00,5651.754000190881
2021-12-08 09:45:00+00:00,5651.376921210342
2021-12-08 10:30:00+00:00,5653.580544364591
2021-12-08 11:00:00+00:00,5690.765008440259
2021-12-08 13:00:00+00:00,5677.8252248320905
2021-12-08 13:45:00+00:00,5667.066874336062
2021-12-08 14:15:00+00:00,5654.008928714925
2021-12-08 14:45:00+00:00,5615.253531191138
2021-12-08 19:30:00+00:00,5617.33825796822
2021-12-08 21:30:00+00:00,5619.571150474064
2021-12-08 22:15:00+00:00,5620.064476510142
2021-12-09 00:00:00+00:00,5607.109648265748
2021-12-09 01:45:00+00:00,5594.104735836891
2021-12-09 03:00:00+00:00,5568.39906804
2021-12-09 06:30:00+00:00,5555.579190561555
2021-12-09 07:30:00+00:00,5557.742290033883
2021-12-09 10:30:00+00:00,5559.700725492426
2021-12-09 12:15:00+00:00,5561.652580868683
2021-12-09 14:30:00+00:00,5563.964992392112
2021-12-09 15:30:00+00:00,5600.900253125809
2021-12-09 16:15:00+00:00,5603.015305140059
2021-12-09 20:00:00+00:00,5640.224811434197
2021-12-09 21:00:00+00:00,5627.478644113627
2021-12-09 21:15:00+00:00,5629.542615284439
2021-12-09 22:00:00+00:00,5616.537362225116
2021-12-10 00:30:00+00:00,5618.541575782612
2021-12-10 02:15:00+00:00,5607.868206053452
2021-12-10 06:45:00+00:00,5644.959834675718
2021-12-10 09:30:00+00:00,5647.075354501258
2021-12-10 10:00:00+00:00,5634.293667396191
2021-12-10 13:30:00+00:00,5636.4438412163345
2021-12-10 14:45:00+00:00,5623.444253010208
2021-12-10 18:15:00+00:00,5599.773850527473
2021-12-10 21:00:00+00:00,5586.9347796940065
2021-12-10 23:45:00+00:00,5623.999220663984
2021-12-11 00:15:00+00:00,5626.138640452724
2021-12-11 07:45:00+00:00,5626.76587031271
2021-12-11 08:15:00+00:00,5613.842235875098
2021-12-11 10:45:00+00:00,5653.177842406348
2021-12-11 11:30:00+00:00,5640.252256082454
2021-12-11 15:00:00+00:00,5637.752577986576
2021-12-11 15:30:00+00:00,5637.685148810194
2021-12-11 17:45:00+00:00,5624.57222222346
2021-12-11 20:15:00+00:00,5626.656296357597
2021-12-11 22:30:00+00:00,5613.623133441985
2021-12-12 00:45:00+00:00,5650.764662766975
2021-12-12 06:30:00+00:00,5637.730730448773
2021-12-12 09:45:00+00:00,5639.569259917639
2021-12-12 11:15:00+00:00,5641.40934268576
2021-12-12 11:30:00+00:00,5643.187329639266
2021-12-12 14:30:00+00:00,5644.9761149479855
2021-12-12 15:30:00+00:00,5631.76549921986
2021-12-12 16:15:00+00:00,5618.450984658774
2021-12-12 17:30:00+00:00,5622.247000664052
2021-12-12 18:00:00+00:00,5659.333484900823
2021-12-12 18:15:00+00:00,5646.305796615283
2021-12-12 19:45:00+00:00,5633.3584643454515
2021-12-12 20:45:00+00:00,5635.38691472527
2021-12-12 21:45:00+00:00,5622.409137362706
2021-12-13 00:15:00+00:00,5609.288810155074
2021-12-13 01:00:00+00:00,5596.448619272557
2021-12-13 01:45:00+00:00,5583.683490555475
2021-12-13 04:45:00+00:00,5570.777514167328
2021-12-13 05:45:00+00:00,5557.7940264074205
2021-12-13 08:15:00+00:00,5559.836431820086
2021-12-13 12:00:00+00:00,5563.951192600044
2021-12-13 12:15:00+00:00,5552.941168723461
2021-12-13 14:15:00+00:00,5589.775552040989
2021-12-13 15:45:00+00:00,5700.823712735246
2021-12-13 16:00:00+00:00,5702.994847677668
2021-12-13 16:45:00+00:00,5705.00032393716
2021-12-13 17:00:00+00:00,5707.156921190415
2021-12-13 17:45:00+00:00,5694.403438915412
2021-12-13 19:30:00+00:00,5731.51380388302
2021-12-14 00:00:00+00:00,5755.816491193246
2021-12-14 06:15:00+00:00,5742.961758927746
2021-12-14 10:30:00+00:00,5780.130695834497
2021-12-14 11:45:00+00:00,5819.49534277642
2021-12-14 13:30:00+00:00,5806.620086656273
2021-12-14 15:45:00+00:00,5795.972022961965
2021-12-14 18:15:00+00:00,5783.378221161167
2021-12-14 20:30:00+00:00,5785.58286179821
2021-12-14 21:30:00+00:00,5787.64081995665
2021-12-15 01:00:00+00:00,5789.702166468891
2021-12-15 01:30:00+00:00,5776.878253158104
2021-12-15 02:00:00+00:00,5778.88397896316
2021-12-15 05:45:00+00:00,5781.021794026829
2021-12-15 07:00:00+00:00,5782.890520388645
2021-12-15 09:15:00+00:00,5769.921124211889
2021-12-15 11:15:00+00:00,5757.034811550194
2021-12-15 12:30:00+00:00,5746.043056292819
2021-12-15 12:45:00+00:00,5733.143352772096
2021-12-15 14:45:00+00:00,5720.2738697611885
2021-12-15 15:00:00+00:00,5707.222369948826
2021-12-15 17:00:00+00:00,5694.26246929936
2021-12-15 18:15:00+00:00,5681.294150341201
2021-12-15 18:45:00+00:00,5718.435590886596
2021-12-15 19:00:00+00:00,5692.417304189213
2021-12-15 19:15:00+00:00,5679.617209342756
2021-12-15 19:30:00+00:00,5669.17421781825
2021-12-16 04:30:00+00:00,5671.416025249357
2021-12-16 05:45:00+00:00,5673.613145896017
2021-12-16 11:30:00+00:00,5710.714975917564
2021-12-16 15:00:00+00:00,5712.84133180364
2021-12-16 16:30:00+00:00,5699.994722735689
2021-12-16 18:45:00+00:00,5686.947770212458
2021-12-16 19:15:00+00:00,5673.802542450533
2021-12-16 22:00:00+00:00,5660.709377349395
2021-12-17 00:30:00+00:00,5662.594561331105
2021-12-17 05:15:00+00:00,5649.533216204013
2021-12-17 07:00:00+00:00,5651.773218577053
2021-12-17 07:15:00+00:00,5688.871182162879
2021-12-17 08:00:00+00:00,5690.742093256058
2021-12-17 10:30:00+00:00,5677.782813831634
2021-12-17 12:15:00+00:00,5664.522234906732
2021-12-17 14:30:00+00:00,5701.502275518066
2021-12-17 14:45:00+00:00,5703.592682210142
2021-12-17 15:30:00+00:00,5677.805890447761
2021-12-17 16:00:00+00:00,5667.043741196235
2021-12-17 16:15:00+00:00,5628.581358566032
2021-12-17 21:30:00+00:00,5605.12527632929
2021-12-17 22:15:00+00:00,5642.22112274259
2021-12-18 03:30:00+00:00,5644.333454420961
2021-12-18 10:45:00+00:00,5646.604939905348
2021-12-18 12:15:00+00:00,5633.640542216742
2021-12-18 15:45:00+00:00,5635.5108473846585
2021-12-18 17:00:00+00:00,5637.748136272479
2021-12-18 19:00:00+00:00,5639.840494954819
2021-12-18 20:15:00+00:00,5641.563496226106
2021-12-19 00:45:00+00:00,5628.534399606016
2021-12-19 02:45:00+00:00,5665.434689879206
2021-12-19 06:30:00+00:00,5667.513861595481
2021-12-19 08:45:00+00:00,5654.486415152589
2021-12-19 09:00:00+00:00,5641.286886214835
2021-12-19 10:00:00+00:00,5615.224181590806
2021-12-19 10:45:00+00:00,5602.184723899971
2021-12-19 13:00:00+00:00,5588.933633801235
2021-12-19 13:30:00+00:00,5590.933291307973
2021-12-19 18:00:00+00:00,5629.795724531334
2021-12-19 19:15:00+00:00,5616.709506167588
2021-12-19 22:45:00+00:00,5603.697983275682
2021-12-20 00:15:00+00:00,5640.817072667073
2021-12-20 00:45:00+00:00,5614.66623591403
2021-12-20 01:00:00+00:00,5601.774457962702
2021-12-20 08:45:00+00:00,5625.789031558115
2021-12-20 09:00:00+00:00,5662.661756173129
2021-12-20 09:15:00+00:00,5699.808990558687
2021-12-20 11:15:00+00:00,5686.88555316768
2021-12-20 13:15:00+00:00,5688.9173359450015
2021-12-20 14:45:00+00:00,5691.122477196041
2021-12-20 16:45:00+00:00,5693.247427696085
2021-12-20 17:00:00+00:00,5695.5150900705885
2021-12-20 19:00:00+00:00,5682.629123739828
2021-12-20 20:45:00+00:00,5669.381764923544
2021-12-20 21:00:00+00:00,5656.456378533864
2021-12-20 22:15:00+00:00,5643.3333110654
2021-12-20 22:45:00+00:00,5630.331189925382
2021-12-21 01:00:00+00:00,5632.2987612972765
2021-12-21 02:00:00+00:00,5669.353543814711
2021-12-21 03:45:00+00:00,5706.19072451135
2021-12-21 04:15:00+00:00,5743.411711109787
2021-12-21 05:15:00+00:00,5730.4553595305215
2021-12-21 05:30:00+00:00,5732.36338184736
2021-12-21 06:15:00+00:00,5719.366827593745
2021-12-21 11:30:00+00:00,5719.460496966873
2021-12-21 12:45:00+00:00,5721.357986777059
2021-12-21 13:15:00+00:00,5720.261819042128
2021-12-21 14:15:00+00:00,5722.165769788035
2021-12-21 15:15:00+00:00,5711.151851115968
2021-12-21 22:15:00+00:00,5735.111225193379
2021-12-22 00:45:00+00:00,5737.226698765701
2021-12-22 05:00:00+00:00,5711.091653771277
2021-12-22 09:30:00+00:00,5713.083210584926
2021-12-22 10:00:00+00:00,5750.063308753475
2021-12-22 11:00:00+00:00,5736.825743375345
2021-12-22 12:30:00+00:00,5723.879254121828
2021-12-22 12:45:00+00:00,5760.380912845159
2021-12-22 14:00:00+00:00,5762.0228039938365
2021-12-22 14:15:00+00:00,5764.1296306040795
2021-12-22 15:30:00+00:00,5750.916105430709
2021-12-22 16:00:00+00:00,5737.56659684006
2021-12-22 17:30:00+00:00,5739.750215104062
2021-12-22 19:30:00+00:00,5741.497586919461
2021-12-22 23:00:00+00:00,5745.799453702582
2021-12-23 00:00:00+00:00,5732.843857821097
2021-12-23 01:00:00+00:00,5719.974996320626
2021-12-23 01:45:00+00:00,5707.114871080548
2021-12-23 02:00:00+00:00,5693.820257697989
2021-12-23 04:15:00+00:00,5682.331964843824
2021-12-23 07:30:00+00:00,5669.541313196494
2021-12-23 07:45:00+00:00,5656.626725047433
2021-12-23 10:45:00+00:00,5643.695968879605
2021-12-23 11:00:00+00:00,5645.329619739197
2021-12-23 12:30:00+00:00,5631.893883047348
2021-12-23 12:45:00+00:00,5619.031592370559
2021-12-23 15:00:00+00:00,5606.150046241219
2021-12-23 15:45:00+00:00,5606.667190960792
2021-12-23 16:45:00+00:00,5580.284507058427
2021-12-23 17:15:00+00:00,5582.378073957991
2021-12-23 18:00:00+00:00,5569.476842157814
2021-12-23 21:15:00+00:00,5571.3737229629005
2021-12-24 01:15:00+00:00,5573.493773782364
2021-12-24 04:45:00+00:00,5575.684615420947
2021-12-24 06:00:00+00:00,5577.537277064581
2021-12-24 08:30:00+00:00,5579.523293721838
2021-12-24 10:00:00+00:00,5566.587888366964
2021-12-24 11:00:00+00:00,5553.5611094276655
2021-12-24 12:15:00+00:00,5555.612157716857
2021-12-24 14:45:00+00:00,5592.573570386546
2021-12-24 19:45:00+00:00,5629.716837424827
2021-12-24 20:00:00+00:00,5604.064067104076
2021-12-24 21:15:00+00:00,5605.770374630074
2021-12-25 00:30:00+00:00,5607.536478507919
2021-12-25 00:45:00+00:00,5609.622055644092
2021-12-25 04:45:00+00:00,5608.840937726443
2021-12-25 06:30:00+00:00,5611.0326329432855
2021-12-25 07:15:00+00:00,5612.820167085865
2021-12-25 11:15:00+00:00,5588.215073375632
2021-12-25 12:15:00+00:00,5576.500182946354
2021-12-25 15:30:00+00:00,5549.7906947215415
2021-12-25 17:45:00+00:00,5551.074807648227
2021-12-25 18:00:00+00:00,5538.05996276854
2021-12-25 18:30:00+00:00,5524.451157110328
2021-12-25 21:00:00+00:00,5511.422826921864
2021-12-25 22:00:00+00:00,5498.055740959197
2021-12-26 00:30:00+00:00,5486.648842575768
2021-12-26 02:30:00+00:00,5462.502321695017
2021-12-26 03:45:00+00:00,5486.661245572375
2021-12-26 07:45:00+00:00,5473.31147055676
2021-12-26 09:45:00+00:00,5471.574087189319
2021-12-26 10:45:00+00:00,5473.565863897262
2021-12-26 11:00:00+00:00,5460.35549204294
2021-12-26 11:45:00+00:00,5421.351271742007
2021-12-26 12:45:00+00:00,5423.338411184789
2021-12-26 14:00:00+00:00,5425.367653321202
2021-12-26 16:30:00+00:00,5412.103780469587
2021-12-26 17:15:00+00:00,5449.164670426907
2021-12-26 18:00:00+00:00,5436.298219322582
2021-12-26 21:00:00+00:00,5438.299506104492
2021-12-26 21:15:00+00:00,5426.127324234635
2021-12-27 06:00:00+00:00,5412.646270564697
2021-12-27 08:45:00+00:00,5399.05723803096
2021-12-27 09:15:00+00:00,5400.492441665642
2021-12-27 10:00:00+00:00,5387.331194438494
2021-12-27 12:15:00+00:00,5375.2049693376875
2021-12-27 15:30:00+00:00,5376.744398443665
2021-12-27 16:15:00+00:00,5378.7951810521845
2021-12-27 18:15:00+00:00,5380.7881841755725
2021-12-27 19:15:00+00:00,5382.697267033625
2021-12-27 20:30:00+00:00,5384.332802258307
2021-12-27 22:45:00+00:00,5371.146536191611
2021-12-27 23:30:00+00:00,5381.626175747153
2021-12-28 00:00:00+00:00,5368.515529932076
2021-12-28 00:15:00+00:00,5405.423047994545
2021-12-28 01:30:00+00:00,5442.0309583332155
2021-12-28 04:15:00+00:00,5516.026370979631
2021-12-28 05:45:00+00:00,5540.3640652573
2021-12-28 06:15:00+00:00,5527.523423620072
2021-12-28 08:00:00+00:00,5514.714985492961
2021-12-28 11:30:00+00:00,5501.796508457487
2021-12-28 12:30:00+00:00,5496.703396679811
2021-12-28 13:00:00+00:00,5496.9859646742725
2021-12-28 14:00:00+00:00,5484.138397244679
2021-12-28 16:45:00+00:00,5486.197196869747
2021-12-28 20:15:00+00:00,5473.36746624442
2021-12-28 20:45:00+00:00,5460.634730597107
2021-12-29 02:45:00+00:00,5461.362918000738
2021-12-29 09:45:00+00:00,5465.288591969494
2021-12-29 12:45:00+00:00,5502.439848112597
2021-12-29 13:15:00+00:00,5539.4227486658965
2021-12-29 14:30:00+00:00,5541.587458225962
2021-12-29 18:30:00+00:00,5543.791133999429
2021-12-29 23:15:00+00:00,5580.7698138782525
2021-12-30 00:00:00+00:00,5617.941074331067
2021-12-30 00:15:00+00:00,5655.055320168106
2021-12-30 00:30:00+00:00,5654.28521338223
2021-12-30 06:30:00+00:00,5658.713072539912
2021-12-30 06:45:00+00:00,5660.93995567796
2021-12-30 08:00:00+00:00,5635.7818947194455
2021-12-30 11:00:00+00:00,5637.780204916469
2021-12-30 11:30:00+00:00,5624.528945089586
2021-12-30 13:45:00+00:00,5598.463819815772
2021-12-30 17:15:00+00:00,5600.166507811218
2022-01-19 14:45:00+00:00,5587.17024499529
2022-01-19 15:45:00+00:00,5573.998890461808
2022-01-19 16:00:00+00:00,5560.930189670484
2022-01-19 16:30:00+00:00,5562.801799303615
2022-01-19 17:00:00+00:00,5564.783064144161
2022-01-19 19:15:00+00:00,5552.008322789523
2022-01-19 20:45:00+00:00,5553.99763639133
2022-01-19 23:15:00+00:00,5548.263660140532
2022-01-20 08:15:00+00:00,5549.958041286692
2022-01-20 09:00:00+00:00,5536.974857256758
2022-01-20 12:45:00+00:00,5538.948911466031
2022-01-20 14:00:00+00:00,5575.66070691959
2022-01-20 14:30:00+00:00,5611.894741067322
2022-01-20 14:45:00+00:00,5685.349234790171
2022-01-20 16:00:00+00:00,5722.198980512454
2022-01-20 17:45:00+00:00,5709.225522936671
2022-01-20 18:45:00+00:00,5696.0045891512755
2022-01-20 19:00:00+00:00,5682.651627330576
2022-01-20 20:15:00+00:00,5669.3703867600325
2022-01-20 20:30:00+00:00,5656.401994907145
2022-01-20 20:45:00+00:00,5643.221063239768
2022-01-20 21:45:00+00:00,5680.188853222605
2022-01-21 00:00:00+00:00,5717.223345093332
2022-01-21 01:00:00+00:00,5791.223444631736
2022-01-21 01:45:00+00:00,5828.339660194162
2022-01-21 02:15:00+00:00,5817.820193866715
2022-01-21 07:30:00+00:00,5807.204208231385
2022-01-21 12:30:00+00:00,5844.384060565919
2022-01-21 19:45:00+00:00,5906.016853213636
2022-01-21 21:45:00+00:00,5893.335448863253
2022-01-21 22:30:00+00:00,5880.631480013978
2022-01-22 03:30:00+00:00,5870.311356200526
2022-01-22 04:30:00+00:00,5857.66372103568
2022-01-22 05:30:00+00:00,5857.8226396854525
2022-01-22 06:00:00+00:00,5845.144138106411
2022-01-22 06:30:00+00:00,5832.488683475937
2022-01-22 07:15:00+00:00,5794.358729548263
2022-01-22 09:30:00+00:00,5781.671151991051
2022-01-22 09:45:00+00:00,5769.016824078291
2022-01-22 10:00:00+00:00,5756.333381956949
2022-01-22 16:00:00+00:00,5720.571155803779
2022-01-22 17:45:00+00:00,5710.352072778441
2022-01-22 18:00:00+00:00,5712.682113625924
2022-01-23 08:30:00+00:00,5699.910589711354
2022-01-23 09:15:00+00:00,5687.050677335146
2022-01-23 09:30:00+00:00,5674.270525927792
2022-01-23 13:15:00+00:00,5676.369233845618
2022-01-23 13:30:00+00:00,5678.492908413957
2022-01-23 14:15:00+00:00,5665.561626462534
2022-01-23 14:45:00+00:00,5702.701785189502
2022-01-23 18:45:00+00:00,5651.460678768308
2022-01-23 19:15:00+00:00,5638.7165899540405
2022-01-23 21:30:00+00:00,5640.899308276227
2022-01-24 04:45:00+00:00,5643.141439639062
2022-01-24 05:00:00+00:00,5680.240895516593
2022-01-24 06:15:00+00:00,5667.135405543868
2022-01-24 07:00:00+00:00,5704.32682689525
2022-01-24 08:45:00+00:00,5706.20348952893
2022-01-24 10:00:00+00:00,5743.212362520573
2022-01-24 10:15:00+00:00,5745.477513033
2022-01-24 12:00:00+00:00,5747.805940628823
2022-01-24 12:30:00+00:00,5785.089016241669
2022-01-24 17:30:00+00:00,5772.386786531306
2022-01-24 17:45:00+00:00,5809.683046205072
2022-01-24 18:15:00+00:00,5797.012170643814
2022-01-24 18:45:00+00:00,5834.25510200935
2022-01-24 22:30:00+00:00,5823.87786378995
2022-01-25 00:45:00+00:00,5826.129166833918
2022-01-25 01:30:00+00:00,5828.460463856878
2022-01-25 05:15:00+00:00,5815.72865881872
2022-01-25 07:30:00+00:00,5809.7271178121755
2022-01-25 08:00:00+00:00,5811.501012071637
2022-01-25 15:00:00+00:00,5798.779824888434
2022-01-25 20:00:00+00:00,5785.8618802174105
2022-01-25 21:15:00+00:00,5760.374252949367
2022-01-26 02:45:00+00:00,5762.3880591141715
2022-01-26 04:45:00+00:00,5799.4609586688175
2022-01-26 06:15:00+00:00,5801.729002020015
2022-01-26 06:45:00+00:00,5788.8816699304
2022-01-26 08:30:00+00:00,5791.089317779934
2022-01-26 12:30:00+00:00,5793.214557713948
2022-01-26 13:45:00+00:00,5830.268268034722
2022-01-26 15:15:00+00:00,5832.399353450302
2022-01-26 17:30:00+00:00,5834.551165401487
2022-01-26 18:00:00+00:00,5871.577294470075
2022-01-26 18:45:00+00:00,5873.708153005959
2022-01-26 20:15:00+00:00,5913.143565192364
2022-01-26 21:30:00+00:00,5987.659279061065
2022-01-26 23:00:00+00:00,5974.986331716535
2022-01-27 11:30:00+00:00,5964.435074768462
2022-01-27 13:00:00+00:00,5966.741185350761
2022-01-27 14:00:00+00:00,5969.046868646813
2022-01-27 16:15:00+00:00,5956.22426820506
2022-01-27 16:30:00+00:00,5958.161193075178
2022-01-27 17:00:00+00:00,5945.3479417714125
2022-01-27 17:15:00+00:00,5932.547182087422
2022-01-27 19:30:00+00:00,5919.763056388435
2022-01-27 20:15:00+00:00,5907.002313364204
2022-01-27 22:30:00+00:00,5881.269532167112
2022-01-27 23:45:00+00:00,5870.481422972579
2022-01-28 03:00:00+00:00,5872.687413254262
2022-01-28 06:30:00+00:00,5874.898594150363
2022-01-28 07:45:00+00:00,5862.103260862872
2022-01-28 08:30:00+00:00,5849.055514785242
2022-01-28 11:15:00+00:00,5836.039031140935
2022-01-28 13:30:00+00:00,5822.9581432271425
2022-01-28 17:45:00+00:00,5812.314207935606
2022-01-28 21:15:00+00:00,5799.516835411945
2022-01-29 05:45:00+00:00,5836.721210421363
2022-01-29 08:45:00+00:00,5838.397212967269
2022-01-29 09:00:00+00:00,5825.280402392282
2022-01-29 09:45:00+00:00,5862.391049299787
2022-01-29 14:30:00+00:00,5864.504172880655
2022-01-29 14:45:00+00:00,5866.417503992143
2022-01-29 15:45:00+00:00,5853.575641594081
2022-01-29 20:45:00+00:00,5855.54211934669
2022-01-29 21:00:00+00:00,5892.782334829709
2022-01-29 22:00:00+00:00,5879.720649478809
2022-01-29 22:15:00+00:00,5866.874401511865
2022-01-30 00:30:00+00:00,5853.791685509715
2022-01-30 04:45:00+00:00,5842.942881571147
2022-01-30 14:00:00+00:00,5844.515152103767
2022-01-30 14:15:00+00:00,5846.535959541697
2022-01-30 19:00:00+00:00,5885.427587472126
2022-01-30 20:00:00+00:00,5959.264257800211
2022-01-30 21:30:00+00:00,5946.098831025192
2022-01-30 23:00:00+00:00,5970.204385103345
2022-01-31 00:30:00+00:00,6007.134718579545
2022-01-31 00:45:00+00:00,6081.1669649323285
2022-01-31 07:15:00+00:00,6081.677833056975
2022-01-31 07:30:00+00:00,6073.82750936366
2022-01-31 07:45:00+00:00,6076.03220828597
2022-01-31 10:45:00+00:00,6062.60070106002
2022-01-31 11:45:00+00:00,6064.230476191045
2022-01-31 13:30:00+00:00,6051.049857426903
2022-01-31 16:45:00+00:00,6037.95982428115
2022-01-31 19:15:00+00:00,6074.810159361243
2022-01-31 21:45:00+00:00,6061.64865172656
2022-01-31 23:15:00+00:00,6048.528898080545
2022-01-31 23:30:00+00:00,6085.254643880344
2022-02-01 00:15:00+00:00,6072.115209898597
2022-02-01 02:45:00+00:00,6109.1821560483295
2022-02-01 09:00:00+00:00,6146.052048054647
2022-02-01 09:15:00+00:00,6184.978617406707
2022-02-01 14:30:00+00:00,6171.983813275852
2022-02-01 17:45:00+00:00,6174.2348460943795
2022-02-01 19:15:00+00:00,6161.500420464251
2022-02-01 22:45:00+00:00,6162.741357601252
2022-02-01 23:30:00+00:00,6149.656662303523
2022-02-02 03:00:00+00:00,6143.489238440287
2022-02-02 04:15:00+00:00,6130.51167158565
2022-02-02 06:30:00+00:00,6117.029721424953
2022-02-02 08:15:00+00:00,6118.535579327273
2022-02-02 08:45:00+00:00,6105.034977087381
2022-02-02 12:00:00+00:00,6091.983394739333
2022-02-02 12:30:00+00:00,6094.026287997546
2022-02-02 13:45:00+00:00,6080.990947959898
2022-02-02 14:30:00+00:00,6117.497623194422
2022-02-02 14:45:00+00:00,6142.582510061145
2022-02-02 16:00:00+00:00,6129.772191916228
2022-02-02 16:45:00+00:00,6116.793021530803
2022-02-02 17:00:00+00:00,6120.935094449112
2022-02-02 18:30:00+00:00,6108.165696036255
2022-02-02 19:30:00+00:00,6095.111018092764
2022-02-02 21:30:00+00:00,6168.875823797397
2022-02-02 22:30:00+00:00,6193.227945078043
2022-02-03 04:15:00+00:00,6192.592786845781
2022-02-03 07:30:00+00:00,6192.710656870168
2022-02-03 10:00:00+00:00,6229.370264678753
2022-02-03 15:15:00+00:00,6231.502057945595
2022-02-03 19:30:00+00:00,6233.465429090222
2022-02-03 20:45:00+00:00,6220.634419254805
2022-02-03 21:45:00+00:00,6222.8859419002565
2022-02-03 23:45:00+00:00,6209.725715958363
2022-02-04 01:30:00+00:00,6211.483820758664
2022-02-04 02:45:00+00:00,6198.319277022033
2022-02-04 05:15:00+00:00,6185.017873463221
2022-02-04 09:45:00+00:00,6221.97682447688
2022-02-04 11:00:00+00:00,6209.046052555915
2022-02-04 12:15:00+00:00,6196.15910547687
2022-02-04 13:30:00+00:00,6184.946403762289
2022-02-04 15:00:00+00:00,6223.4571160080795
2022-02-04 15:15:00+00:00,6297.62879447644
2022-02-04 18:00:00+00:00,6334.624457067376
2022-02-04 23:45:00+00:00,6371.740202010075
2022-02-05 03:45:00+00:00,6445.947533750691
2022-02-05 09:45:00+00:00,6433.091573080556
2022-02-05 16:30:00+00:00,6419.975761804736
2022-02-05 17:00:00+00:00,6406.93889929292
2022-02-05 17:45:00+00:00,6394.042175073199
2022-02-05 22:00:00+00:00,6396.149093029235
2022-02-06 01:00:00+00:00,6383.193100521455
2022-02-06 01:45:00+00:00,6370.141206830649
2022-02-06 04:00:00+00:00,6406.983602373158
2022-02-06 10:00:00+00:00,6408.969432072386
2022-02-06 13:00:00+00:00,6395.387829002057
2022-02-06 14:30:00+00:00,6381.904951145632
2022-02-06 14:45:00+00:00,6418.947549328305
2022-02-06 15:15:00+00:00,6420.68592512594
2022-02-06 16:30:00+00:00,6411.160567466505
2022-02-06 20:30:00+00:00,6372.273018377787
2022-02-06 23:00:00+00:00,6359.054069027134
2022-02-06 23:15:00+00:00,6358.2128718768345
2022-02-06 23:30:00+00:00,6345.243585374878
2022-02-07 02:00:00+00:00,6382.424660187967
2022-02-07 02:15:00+00:00,6384.30086596281
2022-02-07 02:30:00+00:00,6386.33742446213
2022-02-07 03:15:00+00:00,6373.231741621459
2022-02-07 03:30:00+00:00,6347.054522382983
2022-02-07 05:00:00+00:00,6334.279623447354
2022-02-07 05:30:00+00:00,6371.442759975186
2022-02-07 11:00:00+00:00,6373.41942523854
2022-02-07 12:45:00+00:00,6375.383121555533
2022-02-07 13:15:00+00:00,6377.526710253444
2022-02-07 13:45:00+00:00,6364.499156893485
2022-02-07 15:15:00+00:00,6366.231923169718
2022-02-07 16:30:00+00:00,6353.160559008989
2022-02-07 20:00:00+00:00,6340.282269584895
2022-02-07 20:45:00+00:00,6327.462191540719
2022-02-08 00:00:00+00:00,6316.9602787265185
2022-02-08 01:30:00+00:00,6304.122399541974
2022-02-08 03:30:00+00:00,6306.130554992537
2022-02-08 04:30:00+00:00,6308.260553694176
2022-02-08 05:00:00+00:00,6295.018385758306
2022-02-08 05:45:00+00:00,6281.634012995238
2022-02-08 06:00:00+00:00,6255.437457628151
2022-02-08 06:30:00+00:00,6244.320453733905
2022-02-08 08:00:00+00:00,6281.257371223082
2022-02-08 08:15:00+00:00,6355.2409148732095
2022-02-08 09:30:00+00:00,6357.230240783807
2022-02-08 10:45:00+00:00,6359.246683167477
2022-02-08 12:15:00+00:00,6396.22280955072
2022-02-08 20:30:00+00:00,6398.23228435476
2022-02-08 21:00:00+00:00,6387.398937041195
2022-02-08 23:30:00+00:00,6374.5612714949275
2022-02-09 02:00:00+00:00,6376.845353356359
2022-02-09 07:45:00+00:00,6415.872310516819
2022-02-09 09:30:00+00:00,6417.6903136614665
2022-02-09 12:30:00+00:00,6404.589357669199
2022-02-09 14:45:00+00:00,6406.564070264716
2022-02-09 16:00:00+00:00,6393.6062474350665
2022-02-09 21:15:00+00:00,6380.664834423171
2022-02-10 00:00:00+00:00,6367.733182991108
2022-02-10 00:15:00+00:00,6369.7041131912065
2022-02-10 07:00:00+00:00,6356.735880304123
2022-02-10 09:00:00+00:00,6343.653669539406
2022-02-10 09:15:00+00:00,6330.514057872261
2022-02-10 10:00:00+00:00,6367.15769291142
2022-02-10 10:15:00+00:00,6353.962464566442
2022-02-10 10:30:00+00:00,6340.7039847184715
2022-02-10 11:30:00+00:00,6327.416295843129
2022-02-10 11:45:00+00:00,6329.035823763394
2022-02-10 12:15:00+00:00,6315.820722910741
2022-02-10 12:30:00+00:00,6302.560315669091
2022-02-10 13:15:00+00:00,6291.310496680685
2022-02-10 13:30:00+00:00,6293.1384353453295
2022-02-10 14:15:00+00:00,6282.207635254639
2022-02-10 14:30:00+00:00,6284.390511889555
2022-02-10 14:45:00+00:00,6271.6063617262125
2022-02-10 15:00:00+00:00,6245.907336757613
2022-02-10 17:00:00+00:00,6257.4241783649195
2022-02-10 19:45:00+00:00,6244.590095286847
2022-02-11 00:00:00+00:00,6281.832083022358
2022-02-11 01:00:00+00:00,6321.2499873987945
2022-02-11 06:45:00+00:00,6299.935935856409
2022-02-11 07:30:00+00:00,6292.492980536691
2022-02-11 08:00:00+00:00,6293.335381475244
2022-02-11 09:15:00+00:00,6295.369246481887
2022-02-11 18:30:00+00:00,6334.610412061748
2022-02-11 19:30:00+00:00,6308.752582303253
2022-02-11 22:15:00+00:00,6345.834984888633
2022-02-12 04:45:00+00:00,6379.616268664441
2022-02-12 05:00:00+00:00,6381.07551946277
2022-02-12 10:30:00+00:00,6367.91310621316
2022-02-12 15:45:00+00:00,6405.006490182392
2022-02-12 16:30:00+00:00,6392.1809899082655
2022-02-12 18:00:00+00:00,6429.267917217283
2022-02-12 19:15:00+00:00,6416.262589548274
2022-02-12 20:00:00+00:00,6403.0244188726965
2022-02-12 21:15:00+00:00,6389.753466949257
2022-02-12 21:30:00+00:00,6391.958801950016
2022-02-13 00:30:00+00:00,6378.8291625544225
2022-02-13 10:00:00+00:00,6369.781742090403
2022-02-13 10:30:00+00:00,6371.821227143308
2022-02-13 11:15:00+00:00,6408.734552305611
2022-02-13 13:45:00+00:00,6406.876801717759
2022-02-13 14:30:00+00:00,6393.70398571191
2022-02-13 16:00:00+00:00,6383.087440626959
2022-02-13 17:45:00+00:00,6384.947850912227
2022-02-13 19:15:00+00:00,6387.101819557257
2022-02-13 20:15:00+00:00,6388.976494378792
2022-02-14 06:45:00+00:00,6377.7150383947655
2022-02-14 07:45:00+00:00,6379.826820574279
2022-02-14 08:00:00+00:00,6366.603384244952
2022-02-14 09:45:00+00:00,6353.644801651244
2022-02-14 10:45:00+00:00,6340.725632544469
2022-02-14 11:30:00+00:00,6327.40214694029
2022-02-14 12:45:00+00:00,6314.433879852056
2022-02-14 13:15:00+00:00,6338.540648012675
2022-02-14 14:45:00+00:00,6340.238896141821
2022-02-14 15:00:00+00:00,6342.114090379458
2022-02-14 15:30:00+00:00,6329.023536682576
2022-02-14 18:15:00+00:00,6316.1732105160945
2022-02-14 18:45:00+00:00,6302.970815969783
2022-02-14 19:00:00+00:00,6276.991948525747
2022-02-14 19:15:00+00:00,6263.995475374286
2022-02-14 22:00:00+00:00,6301.050962208976
2022-02-15 00:00:00+00:00,6338.178565543542
2022-02-15 01:30:00+00:00,6375.231193060272
2022-02-15 04:45:00+00:00,6412.148973995556
2022-02-15 08:00:00+00:00,6414.159099761275
2022-02-15 08:15:00+00:00,6413.887079740513
2022-02-15 09:00:00+00:00,6415.789366916793
2022-02-15 10:15:00+00:00,6402.643403902628
2022-02-15 14:30:00+00:00,6404.4106872561915
2022-02-15 15:15:00+00:00,6406.459870518355
2022-02-15 16:30:00+00:00,6408.421481969809
2022-02-15 17:15:00+00:00,6395.419180767822
2022-02-15 21:45:00+00:00,6375.468428330997
2022-02-15 22:00:00+00:00,6362.4760064670345
2022-02-15 23:00:00+00:00,6364.465039557719
2022-02-16 13:30:00+00:00,6401.23966280165
2022-02-16 15:30:00+00:00,6388.203588012307
2022-02-16 18:45:00+00:00,6375.188805526374
2022-02-16 19:00:00+00:00,6349.070178433148
2022-02-16 19:15:00+00:00,6322.943495252037
2022-02-16 20:15:00+00:00,6309.995100795803
2022-02-16 21:45:00+00:00,6297.008297805086
2022-02-16 22:15:00+00:00,6298.921082190945
2022-02-17 01:00:00+00:00,6300.720981598855
2022-02-17 03:00:00+00:00,6287.747095278232
2022-02-17 04:00:00+00:00,6324.579310170317
2022-02-17 06:15:00+00:00,6311.6097396202495
2022-02-17 06:30:00+00:00,6298.643248849448
2022-02-17 07:30:00+00:00,6285.4257019388815
2022-02-17 09:15:00+00:00,6322.420339112165
2022-02-17 10:00:00+00:00,6324.4613450722545
2022-02-17 13:15:00+00:00,6361.204153304965
2022-02-17 16:00:00+00:00,6400.431940452049
2022-02-17 17:45:00+00:00,6437.51696161084
2022-02-17 18:00:00+00:00,6474.399611007064
2022-02-17 18:15:00+00:00,6511.499706442594
2022-02-17 18:30:00+00:00,6513.65525568436
2022-02-17 21:00:00+00:00,6515.83865243181
2022-02-17 22:00:00+00:00,6517.861364262919
2022-02-18 01:30:00+00:00,6519.963262253899
2022-02-18 04:00:00+00:00,6522.096422791201
2022-02-18 04:45:00+00:00,6515.916727958788
2022-02-18 07:15:00+00:00,6502.501401000943
2022-02-18 08:00:00+00:00,6489.5392280844335
2022-02-18 08:45:00+00:00,6481.966202755197
2022-02-18 11:45:00+00:00,6518.630789114114
2022-02-18 14:30:00+00:00,6555.480160334418
2022-02-18 22:15:00+00:00,6542.699090492979
2022-02-18 23:15:00+00:00,6544.129954043694
2022-02-19 06:30:00+00:00,6581.112901838689
2022-02-19 06:45:00+00:00,6568.204468444629
2022-02-19 08:15:00+00:00,6555.207417399325
2022-02-19 08:45:00+00:00,6529.058550203912
2022-02-19 10:15:00+00:00,6516.003709744643
2022-02-19 11:30:00+00:00,6489.597385704081
2022-02-19 13:00:00+00:00,6500.347308503902
2022-02-19 14:00:00+00:00,6489.329933897658
2022-02-19 16:15:00+00:00,6526.357802364211
2022-02-19 19:00:00+00:00,6528.367395086423
2022-02-19 22:15:00+00:00,6530.376395700855
2022-02-19 23:45:00+00:00,6516.839158841586
2022-02-20 05:45:00+00:00,6553.093769377606
2022-02-20 06:00:00+00:00,6589.971364168087
2022-02-20 08:15:00+00:00,6576.820684369318
2022-02-20 08:45:00+00:00,6563.855583339025
2022-02-20 09:30:00+00:00,6553.147291583838
2022-02-20 12:30:00+00:00,6555.073563040484
2022-02-20 12:45:00+00:00,6557.2986588886015
2022-02-20 14:15:00+00:00,6546.685353213209
2022-02-20 20:15:00+00:00,6548.807129902177
2022-02-20 22:00:00+00:00,6550.660009570485
2022-02-20 22:45:00+00:00,6537.749155511977
2022-02-20 23:00:00+00:00,6574.952671577681
2022-02-21 00:45:00+00:00,6576.710760632865
2022-02-21 04:45:00+00:00,6567.49497893595
2022-02-21 07:00:00+00:00,6554.4491787766465
2022-02-21 07:30:00+00:00,6552.212162469046
2022-02-21 07:45:00+00:00,6538.966732167109
2022-02-21 10:15:00+00:00,6525.856531871225
2022-02-21 10:30:00+00:00,6549.761809405395
2022-02-21 11:30:00+00:00,6536.725684820701
2022-02-21 13:45:00+00:00,6525.764783894181
2022-02-21 14:00:00+00:00,6527.867264470883
2022-02-21 14:15:00+00:00,6515.103260547413
2022-02-21 15:00:00+00:00,6502.311518114463
2022-02-21 18:00:00+00:00,6489.452080242146
2022-02-21 19:00:00+00:00,6480.710024035497
2022-02-21 21:45:00+00:00,6517.9930032210295
2022-02-22 03:00:00+00:00,6542.482709118371
2022-02-22 10:15:00+00:00,6544.772231430307
2022-02-22 10:30:00+00:00,6547.003253585999
2022-02-22 14:45:00+00:00,6534.027178646563
2022-02-22 15:45:00+00:00,6573.32770847731
2022-02-22 16:00:00+00:00,6560.492118305421
2022-02-22 16:15:00+00:00,6534.864103007
2022-02-22 22:45:00+00:00,6533.992962298436
2022-02-23 02:30:00+00:00,6535.333468101321
2022-02-23 07:15:00+00:00,6572.431379182159
2022-02-23 12:00:00+00:00,6574.591261624442
2022-02-23 13:15:00+00:00,6611.60377360589
2022-02-23 13:30:00+00:00,6613.690976762224
2022-02-23 14:00:00+00:00,6615.80449770675
2022-02-23 14:45:00+00:00,6602.75086953435
2022-02-23 15:00:00+00:00,6589.792784813866
2022-02-23 16:00:00+00:00,6563.4727965685315
2022-02-23 16:15:00+00:00,6537.3882361363385
2022-02-23 17:30:00+00:00,6539.384306825622
2022-02-23 18:00:00+00:00,6580.216369870431
2022-02-23 19:30:00+00:00,6567.445057444268
2022-02-23 20:00:00+00:00,6554.467436662219
2022-02-23 20:15:00+00:00,6556.367214275069
2022-02-23 22:30:00+00:00,6558.271792749204
2022-02-24 01:15:00+00:00,6597.396804782964
2022-02-24 02:45:00+00:00,6634.416912038017
2022-02-24 03:00:00+00:00,6708.643668387399
2022-02-24 03:30:00+00:00,6745.825479705362
2022-02-24 03:45:00+00:00,6748.082384800034
2022-02-24 05:30:00+00:00,6785.362533948612
2022-02-24 07:30:00+00:00,6772.715625371779
2022-02-24 14:00:00+00:00,6771.786386501262
2022-02-24 14:15:00+00:00,6766.88489388168
2022-02-24 14:45:00+00:00,6769.231481951147
2022-02-24 17:15:00+00:00,6771.5131545190425
2022-02-24 18:45:00+00:00,6758.741925611185
2022-02-24 20:00:00+00:00,6796.02799228149
2022-02-24 22:30:00+00:00,6820.59481162961
2022-02-24 22:45:00+00:00,6807.941404561473
2022-02-25 00:45:00+00:00,6810.265584464471
2022-02-25 05:00:00+00:00,6797.568559557014
2022-02-25 05:30:00+00:00,6797.098775295418
2022-02-25 09:15:00+00:00,6784.256433488392
2022-02-25 12:00:00+00:00,6808.570094412006
2022-02-25 13:30:00+00:00,6845.827635419115
2022-02-25 15:00:00+00:00,6832.949803928434
2022-02-25 15:45:00+00:00,6835.17312055264
2022-02-25 17:15:00+00:00,6837.322252649475
2022-02-25 18:00:00+00:00,6824.475345334119
2022-02-25 21:00:00+00:00,6811.73327117597
2022-02-25 23:45:00+00:00,6848.921182140212
2022-02-26 00:30:00+00:00,6886.084998555828
2022-02-26 01:00:00+00:00,6875.571154985001
2022-02-26 05:30:00+00:00,6862.85896614534
2022-02-26 05:45:00+00:00,6865.134594667613
2022-02-26 07:00:00+00:00,6852.316244470451
2022-02-26 08:30:00+00:00,6854.504567311953
2022-02-26 09:00:00+00:00,6841.557488864719
2022-02-26 16:30:00+00:00,6843.525193507204
2022-02-26 18:15:00+00:00,6830.612380392814
2022-02-26 19:30:00+00:00,6831.955222439426
2022-02-26 22:00:00+00:00,6819.027868093422
2022-02-26 23:00:00+00:00,6806.111398735349
2022-02-27 00:30:00+00:00,6843.366530883819
2022-02-27 05:45:00+00:00,6817.591302918798
2022-02-27 08:30:00+00:00,6791.80294112205
2022-02-27 09:15:00+00:00,6778.98348047381
2022-02-27 10:30:00+00:00,6815.940429399844
2022-02-27 10:45:00+00:00,6803.110052206331
2022-02-27 12:45:00+00:00,6789.9738797967675
2022-02-27 13:30:00+00:00,6778.8964097127255
2022-02-27 13:45:00+00:00,6852.719568877672
2022-02-27 16:15:00+00:00,6839.93571258577
2022-02-27 19:45:00+00:00,6876.983048499068
2022-02-27 20:30:00+00:00,6916.15193849155
2022-02-27 20:45:00+00:00,6903.335998209997
2022-02-27 21:45:00+00:00,6905.493049231623
2022-02-28 00:00:00+00:00,6892.6885424497395
2022-02-28 01:00:00+00:00,6879.841709161714
2022-02-28 01:15:00+00:00,6867.025541947733
2022-02-28 04:00:00+00:00,6869.10113403071
2022-02-28 06:15:00+00:00,6871.181715236983
2022-02-28 07:30:00+00:00,6875.392399885248
2022-02-28 08:00:00+00:00,6862.619478420233
2022-02-28 14:15:00+00:00,6850.3634371894705
2022-02-28 16:15:00+00:00,6854.786975795413
2022-02-28 17:45:00+00:00,6891.891006977259
2022-02-28 22:30:00+00:00,6929.023819556076
2022-03-01 00:00:00+00:00,7003.248276206093
2022-03-01 05:30:00+00:00,7004.071182710762
2022-03-01 14:30:00+00:00,6991.3075504779
2022-03-01 16:45:00+00:00,6978.590030545186
2022-03-01 21:30:00+00:00,6979.937579588586
2022-03-01 22:30:00+00:00,6967.084596260433
2022-03-02 00:45:00+00:00,6969.185577669676
2022-03-02 03:30:00+00:00,6956.34744935353
2022-03-02 03:45:00+00:00,6958.370668092927
2022-03-02 06:30:00+00:00,6932.747726474297
2022-03-02 10:30:00+00:00,6934.766186217821
2022-03-02 12:00:00+00:00,6936.9174852385695
2022-03-02 13:15:00+00:00,6939.115353140534
2022-03-02 13:30:00+00:00,6976.2905989134715
2022-03-02 14:30:00+00:00,6963.394179512312
2022-03-02 15:00:00+00:00,6950.431694254936
2022-03-02 21:45:00+00:00,6939.718465825837
2022-03-02 22:30:00+00:00,6937.843863986187
2022-03-03 00:30:00+00:00,6938.15579368122
2022-03-03 04:00:00+00:00,6925.070864500402
2022-03-03 04:45:00+00:00,6912.134380346931
2022-03-03 06:00:00+00:00,6949.0360718182865
2022-03-03 07:00:00+00:00,6951.114472292395
2022-03-03 10:45:00+00:00,6939.965798778795
2022-03-03 11:15:00+00:00,6926.9418571915885
2022-03-03 13:30:00+00:00,6913.910273676501
2022-03-03 15:00:00+00:00,6950.796205370017
2022-03-03 15:15:00+00:00,7024.969750166806
2022-03-03 15:30:00+00:00,7061.8692111148775
2022-03-03 16:00:00+00:00,7048.886643275366
2022-03-03 16:15:00+00:00,7050.881906201855
2022-03-03 17:15:00+00:00,7052.830485325155
2022-03-03 18:00:00+00:00,7055.038376853813
2022-03-03 22:00:00+00:00,7057.037062940907
2022-03-04 00:15:00+00:00,7056.3305195510175
2022-03-04 01:00:00+00:00,7091.52001169901
2022-03-04 03:30:00+00:00,7078.6318520222785
2022-03-04 07:00:00+00:00,7065.645624431108
2022-03-04 08:00:00+00:00,7066.036839536193
2022-03-04 08:45:00+00:00,7039.550391064068
2022-03-04 11:45:00+00:00,7026.615356659944
2022-03-04 14:15:00+00:00,7013.792212154374
2022-03-04 15:45:00+00:00,7001.012605836015
2022-03-04 20:00:00+00:00,7038.02867658684
2022-03-04 22:15:00+00:00,7075.122687192508
2022-03-04 22:45:00+00:00,7077.212785983041
2022-03-05 00:30:00+00:00,7114.319686048792
2022-03-05 05:30:00+00:00,7108.799971449045
2022-03-05 05:45:00+00:00,7094.593106452825
2022-03-05 08:30:00+00:00,7081.374991641996
2022-03-05 11:15:00+00:00,7042.452411168058
2022-03-05 12:00:00+00:00,7029.149580059526
2022-03-05 14:00:00+00:00,7052.853932329477
2022-03-05 14:15:00+00:00,7054.603499929322
2022-03-05 16:30:00+00:00,7041.3060769183785
2022-03-05 17:30:00+00:00,7027.946107172657
2022-03-05 18:00:00+00:00,7015.0462957291975
2022-03-05 18:15:00+00:00,7016.994857754255
2022-03-06 01:15:00+00:00,7017.1770197331625
2022-03-06 04:00:00+00:00,7003.75367425005
2022-03-06 04:30:00+00:00,7005.395192541154
2022-03-06 07:15:00+00:00,7007.065839121561
2022-03-06 08:45:00+00:00,7008.692465121471
2022-03-06 09:15:00+00:00,6982.010595181691
2022-03-06 10:00:00+00:00,6941.84309129711
2022-03-06 12:30:00+00:00,6928.840548474596
2022-03-06 13:15:00+00:00,6915.837755744442
2022-03-06 16:00:00+00:00,6917.82879359056
2022-03-06 19:45:00+00:00,6954.900617323541
2022-03-06 20:45:00+00:00,6941.844875279395
2022-03-06 21:00:00+00:00,6943.803166781746
2022-03-06 23:00:00+00:00,6930.846021267962
2022-03-07 00:15:00+00:00,6967.897267416392
2022-03-07 00:30:00+00:00,6969.918772827551
2022-03-07 01:30:00+00:00,6972.033871354923
2022-03-07 07:00:00+00:00,6967.897089045773
2022-03-07 09:00:00+00:00,6970.018275765628
2022-03-07 10:30:00+00:00,6971.83381212668
2022-03-07 12:00:00+00:00,6973.8268447780365
2022-03-07 12:15:00+00:00,6960.815656071648
2022-03-07 13:00:00+00:00,6947.6519496472265
2022-03-07 13:30:00+00:00,6984.697816067937
2022-03-07 16:45:00+00:00,6960.378055146259
2022-03-07 17:00:00+00:00,6947.391304480026
2022-03-07 18:00:00+00:00,6908.562777309591
2022-03-07 19:45:00+00:00,6945.642156745339
2022-03-07 20:15:00+00:00,6947.722762619739
2022-03-07 22:00:00+00:00,6934.87837417085
2022-03-08 00:15:00+00:00,6937.027251747899
2022-03-08 02:30:00+00:00,6924.142655420771
2022-03-08 05:00:00+00:00,6926.277713224921
2022-03-08 05:15:00+00:00,6924.697926945587
2022-03-08 08:15:00+00:00,6926.828589251471
2022-03-08 10:00:00+00:00,6928.92836656682
2022-03-08 11:30:00+00:00,6930.932154968255
2022-03-08 12:30:00+00:00,6919.982370673657
2022-03-08 13:00:00+00:00,6906.969075995636
2022-03-08 13:15:00+00:00,6894.017958627008
2022-03-08 14:15:00+00:00,6896.034446535823
2022-03-08 15:30:00+00:00,6872.115481804521
2022-03-08 19:00:00+00:00,6859.203112929314
2022-03-08 21:00:00+00:00,6833.709062264949
2022-03-08 23:30:00+00:00,6820.738720283126
2022-03-09 00:30:00+00:00,6807.791422813
2022-03-09 01:00:00+00:00,6794.700875585696
2022-03-09 01:45:00+00:00,6781.697168727983
2022-03-09 02:00:00+00:00,6768.4006371211535
2022-03-09 03:45:00+00:00,6805.117122792329
2022-03-09 12:30:00+00:00,6807.060696669569
2022-03-09 13:45:00+00:00,6795.98977557788
2022-03-09 18:15:00+00:00,6800.0657438138405
2022-03-10 01:00:00+00:00,6799.481908857509
2022-03-10 01:30:00+00:00,6803.502795690412
2022-03-10 11:15:00+00:00,6803.463758188988
2022-03-10 13:30:00+00:00,6788.015001795743
2022-03-10 13:45:00+00:00,6798.998239186567
2022-03-10 14:45:00+00:00,6786.101189580707
2022-03-10 18:45:00+00:00,6788.106826405869
2022-03-10 19:15:00+00:00,6775.138608713765
2022-03-10 20:45:00+00:00,6762.005249122591
2022-03-10 21:30:00+00:00,6757.602580735415
2022-03-11 07:00:00+00:00,6794.624070149752
2022-03-11 07:15:00+00:00,6781.65818318256
2022-03-11 09:30:00+00:00,6768.742275760027
2022-03-11 11:15:00+00:00,6755.6583603351355
2022-03-11 12:15:00+00:00,6792.69486656755
2022-03-11 13:00:00+00:00,6779.732043735544
2022-03-11 13:15:00+00:00,6753.809110335021
2022-03-11 13:45:00+00:00,6740.901715782487
2022-03-11 15:00:00+00:00,6727.995230834698
2022-03-11 16:00:00+00:00,6689.029490511608
2022-03-11 20:45:00+00:00,6650.312670324515
2022-03-11 21:15:00+00:00,6637.1932977996175
2022-03-11 22:15:00+00:00,6661.530866872511
2022-03-12 00:00:00+00:00,6659.876683479234
2022-03-12 00:15:00+00:00,6662.12832770693
2022-03-12 02:00:00+00:00,6649.019041235052
2022-03-12 03:45:00+00:00,6651.276942950294
2022-03-12 04:15:00+00:00,6653.185843219725
2022-03-12 05:00:00+00:00,6655.098804067019
2022-03-12 09:15:00+00:00,6656.806952046708
2022-03-12 12:30:00+00:00,6658.3103891803075
2022-03-12 17:15:00+00:00,6659.844138049174
2022-03-12 18:15:00+00:00,6661.425900353311
2022-03-12 19:00:00+00:00,6648.062684338981
2022-03-12 19:15:00+00:00,6634.835279935849
2022-03-12 21:15:00+00:00,6621.895440645598
2022-03-13 00:45:00+00:00,6623.337192510245
2022-03-13 04:00:00+00:00,6609.95352610448
2022-03-13 07:30:00+00:00,6611.451022294105
2022-03-13 09:30:00+00:00,6598.0005582392505
2022-03-13 11:15:00+00:00,6584.623008835167
2022-03-13 11:45:00+00:00,6620.767064531173
2022-03-13 12:15:00+00:00,6657.0159131131195
2022-03-13 13:00:00+00:00,6658.450489188243
2022-03-13 13:15:00+00:00,6645.052512195605
2022-03-13 13:45:00+00:00,6631.94940340348
2022-03-13 14:45:00+00:00,6633.659425479372
2022-03-13 15:00:00+00:00,6620.400219314658
2022-03-13 17:15:00+00:00,6594.080602104676
2022-03-13 17:30:00+00:00,6595.897845328138
2022-03-13 22:45:00+00:00,6632.620134218517
2022-03-14 01:00:00+00:00,6619.400064997369
2022-03-14 04:00:00+00:00,6593.324498009923
2022-03-14 04:45:00+00:00,6567.378080407937
2022-03-14 05:30:00+00:00,6554.578784573043
2022-03-14 07:30:00+00:00,6591.605700692843
2022-03-14 10:45:00+00:00,6593.2784530619665
2022-03-14 12:15:00+00:00,6595.4778905871735
2022-03-14 12:45:00+00:00,6582.320414198078
2022-03-14 13:30:00+00:00,6569.047248478616
2022-03-14 21:00:00+00:00,6571.228825097571
2022-03-15 09:15:00+00:00,6559.9481172241
2022-03-15 12:15:00+00:00,6546.828842140661
2022-03-15 12:30:00+00:00,6533.5755937354315
2022-03-15 14:00:00+00:00,6522.330313836905
2022-03-15 16:15:00+00:00,6561.056843599463
2022-03-15 18:00:00+00:00,6597.903143822632
2022-03-15 19:00:00+00:00,6621.737980355594
2022-03-15 20:00:00+00:00,6658.663490906182
2022-03-15 20:30:00+00:00,6645.489629708163
2022-03-15 20:45:00+00:00,6632.500971988039
2022-03-15 22:15:00+00:00,6634.358651729018
2022-03-15 22:30:00+00:00,6623.371732330146
2022-03-16 00:45:00+00:00,6610.227992174361
2022-03-16 01:30:00+00:00,6647.10904512441
2022-03-16 02:00:00+00:00,6683.66288739234
2022-03-16 03:00:00+00:00,6670.586326171013
2022-03-16 08:15:00+00:00,6657.668662810556
2022-03-16 12:45:00+00:00,6644.52702464383
2022-03-16 15:45:00+00:00,6631.41962279373
2022-03-16 16:15:00+00:00,6633.286039580887
2022-03-16 18:00:00+00:00,6554.8515377050335
2022-03-17 02:15:00+00:00,6545.929660045572
2022-03-17 04:15:00+00:00,6582.954143657919
2022-03-17 06:30:00+00:00,6569.85903491303
2022-03-17 12:45:00+00:00,6606.753554853868
2022-03-17 14:30:00+00:00,6593.593044358049
2022-03-17 14:45:00+00:00,6580.637194284848
2022-03-17 15:45:00+00:00,6582.804880200762
2022-03-17 20:15:00+00:00,6569.96721764637
2022-03-18 00:30:00+00:00,6556.8066301966355
2022-03-18 03:15:00+00:00,6595.504386287357
2022-03-18 05:00:00+00:00,6597.291469630639
2022-03-18 05:45:00+00:00,6584.274796960685
2022-03-18 08:15:00+00:00,6586.163665280535
2022-03-18 13:15:00+00:00,6572.907900310677
2022-03-18 14:00:00+00:00,6574.453648300531
2022-03-18 15:30:00+00:00,6577.89294439017
2022-03-18 16:15:00+00:00,6551.650935570111
2022-03-18 17:00:00+00:00,6588.6779083224665
2022-03-18 19:00:00+00:00,6575.758183701046
2022-03-18 20:00:00+00:00,6612.431120596267
2022-03-18 23:45:00+00:00,6611.163800056919
2022-03-19 02:00:00+00:00,6612.952994454541
2022-03-19 03:15:00+00:00,6614.4993811729855
2022-03-19 06:15:00+00:00,6601.362195822584
2022-03-19 13:45:00+00:00,6601.4930335624
2022-03-19 14:30:00+00:00,6603.304872954886
2022-03-19 15:45:00+00:00,6590.207879811376
2022-03-19 18:00:00+00:00,6577.285364003699
2022-03-19 22:00:00+00:00,6579.193253839964
2022-03-19 22:15:00+00:00,6563.698240278481
2022-03-20 09:15:00+00:00,6600.694011863831
2022-03-20 09:30:00+00:00,6637.5247427434015
2022-03-20 09:45:00+00:00,6634.358677064626
2022-03-20 12:00:00+00:00,6671.057863035703
2022-03-20 12:15:00+00:00,6659.685237182965
2022-03-20 14:45:00+00:00,6646.649798300304
2022-03-20 16:15:00+00:00,6633.734304761563
2022-03-20 19:30:00+00:00,6635.538685423453
2022-03-20 19:45:00+00:00,6637.237585628869
2022-03-20 20:00:00+00:00,6625.9757467601885
2022-03-21 00:45:00+00:00,6612.7526091898735
2022-03-21 02:30:00+00:00,6649.737244216495
2022-03-21 02:45:00+00:00,6688.598306317801
2022-03-21 04:45:00+00:00,6675.462472223552
2022-03-21 05:45:00+00:00,6662.465180417626
2022-03-21 06:00:00+00:00,6649.0807765761865
2022-03-21 07:30:00+00:00,6622.673964005415
2022-03-21 07:45:00+00:00,6609.462456639626
2022-03-21 08:30:00+00:00,6570.211368802198
2022-03-21 09:30:00+00:00,6571.807404084491
2022-03-21 12:30:00+00:00,6560.806765408147
2022-03-21 13:00:00+00:00,6562.431795612235
2022-03-21 14:00:00+00:00,6564.357749607308
2022-03-21 15:15:00+00:00,6551.191024959139
2022-03-21 15:45:00+00:00,6538.136574713186
2022-03-21 17:30:00+00:00,6539.970208816266
2022-03-21 17:45:00+00:00,6541.909066472062
2022-03-21 20:15:00+00:00,6529.026398221619
2022-03-21 21:45:00+00:00,6531.23490287319
2022-03-22 00:30:00+00:00,6532.954193304695
2022-03-22 03:15:00+00:00,6569.843262512613
2022-03-22 03:30:00+00:00,6606.739373451013
2022-03-22 04:15:00+00:00,6643.590251050865
2022-03-22 04:45:00+00:00,6645.569631402094
2022-03-22 06:00:00+00:00,6619.538753527717
2022-03-22 15:30:00+00:00,6621.646309633528
2022-03-22 19:45:00+00:00,6623.665494098659
2022-03-23 00:00:00+00:00,6599.495909430322
2022-03-23 02:15:00+00:00,6586.345446497876
2022-03-23 02:30:00+00:00,6573.275607552283
2022-03-23 04:30:00+00:00,6610.135092275869
2022-03-23 05:45:00+00:00,6611.981605507309
2022-03-23 06:15:00+00:00,6598.712749759642
2022-03-23 10:15:00+00:00,6602.443733867256
2022-03-23 12:30:00+00:00,6604.068958046341
2022-03-23 12:45:00+00:00,6594.257298637838
2022-03-23 14:00:00+00:00,6580.885717845959
2022-03-23 16:00:00+00:00,6618.059187384417
2022-03-23 17:45:00+00:00,6605.245961020081
2022-03-23 19:00:00+00:00,6581.71714801072
2022-03-23 22:15:00+00:00,6568.774318782408
2022-03-24 00:00:00+00:00,6605.978520278261
2022-03-24 01:00:00+00:00,6592.922004594896
2022-03-24 01:15:00+00:00,6579.741987852761
2022-03-24 02:15:00+00:00,6616.957492725073
2022-03-24 09:30:00+00:00,6618.784227095662
2022-03-24 12:30:00+00:00,6625.054275502306
2022-03-24 14:45:00+00:00,6627.026661372565
2022-03-24 19:15:00+00:00,6664.149689029649
2022-03-24 22:15:00+00:00,6660.499419735299
2022-03-24 22:45:00+00:00,6662.688802900273
2022-03-25 10:30:00+00:00,6649.662617383456
2022-03-25 11:00:00+00:00,6636.578008152179
2022-03-25 12:30:00+00:00,6623.497825344488
2022-03-25 15:15:00+00:00,6660.578925494251
2022-03-25 15:30:00+00:00,6647.418507276856
2022-03-25 16:00:00+00:00,6721.278289035599
2022-03-25 16:30:00+00:00,6708.373427951859
2022-03-25 17:00:00+00:00,6695.1996010621615
2022-03-25 18:00:00+00:00,6697.146694959857
2022-03-25 18:15:00+00:00,6684.312733960246
2022-03-25 20:00:00+00:00,6686.290754552874
2022-03-25 20:45:00+00:00,6688.106178849609
2022-03-26 01:30:00+00:00,6690.241024025546
2022-03-26 03:30:00+00:00,6691.340114535127
2022-03-26 03:45:00+00:00,6678.326277008548
2022-03-26 05:00:00+00:00,6679.927853703488
2022-03-26 05:30:00+00:00,6666.775700061369
2022-03-26 07:00:00+00:00,6652.917139965142
2022-03-26 12:15:00+00:00,6654.663314626935
2022-03-26 16:00:00+00:00,6641.623890005376
2022-03-26 17:00:00+00:00,6627.567946369335
2022-03-26 18:00:00+00:00,6614.333575009722
2022-03-26 19:00:00+00:00,6615.382898909858
2022-03-26 20:00:00+00:00,6602.128570019741
2022-03-26 20:45:00+00:00,6604.104032019444
2022-03-26 21:15:00+00:00,6591.022986629184
2022-03-27 03:30:00+00:00,6614.459401486778
2022-03-27 10:15:00+00:00,6608.587838950361
2022-03-27 15:00:00+00:00,6609.656153592496
2022-03-27 15:15:00+00:00,6645.665605217695
2022-03-27 16:30:00+00:00,6632.568936101923
2022-03-27 16:45:00+00:00,6633.734839928024
2022-03-27 20:15:00+00:00,6620.033257157957
2022-03-27 20:30:00+00:00,6621.92136313467
2022-03-27 22:30:00+00:00,6658.549125081005
2022-03-27 23:45:00+00:00,6695.2811523404025
2022-03-28 00:30:00+00:00,6682.284934793967
2022-03-28 03:30:00+00:00,6718.9940814494985
2022-03-28 05:00:00+00:00,6705.975379953221
2022-03-28 05:45:00+00:00,6742.903960510548
2022-03-28 09:30:00+00:00,6731.584718741553
2022-03-28 11:30:00+00:00,6718.717834836083
2022-03-28 15:00:00+00:00,6755.838572824427
2022-03-28 16:15:00+00:00,6742.937512091663
2022-03-28 19:45:00+00:00,6729.9217866366425
2022-03-28 21:30:00+00:00,6766.950789888098
2022-03-28 23:00:00+00:00,6754.006433688412
2022-03-28 23:15:00+00:00,6790.632077419403
2022-03-29 05:00:00+00:00,6814.6987334350015
2022-03-29 11:30:00+00:00,6816.497339807363
2022-03-29 11:45:00+00:00,6853.338169592461
2022-03-29 12:00:00+00:00,6840.20238419405
2022-03-29 13:15:00+00:00,6842.295992486897
2022-03-29 15:45:00+00:00,6915.93401855763
2022-03-29 16:00:00+00:00,6917.728559481748
2022-03-29 16:15:00+00:00,6904.7595812865475
2022-03-29 17:45:00+00:00,6906.511548799623
2022-03-29 19:00:00+00:00,6893.461923491171
2022-03-29 19:15:00+00:00,6880.1618186838205
2022-03-30 00:45:00+00:00,6882.235060524048
2022-03-30 03:45:00+00:00,6869.3797770913125
2022-03-30 05:15:00+00:00,6871.270968305561
2022-03-30 06:00:00+00:00,6873.328914112868
2022-03-30 07:00:00+00:00,6859.928932121204
2022-03-30 11:15:00+00:00,6861.729437916564
2022-03-30 13:30:00+00:00,6848.435221589891
2022-03-30 15:30:00+00:00,6887.65731180218
2022-03-30 16:15:00+00:00,6876.7289156471
2022-03-30 19:00:00+00:00,6863.639734507806
2022-03-30 19:45:00+00:00,6850.919911033991
2022-03-30 23:15:00+00:00,6849.731501645343
2022-03-31 00:30:00+00:00,6836.682898116795
2022-03-31 01:15:00+00:00,6823.656019871394
2022-03-31 04:30:00+00:00,6810.59546625241
2022-03-31 08:00:00+00:00,6812.437628241274
2022-03-31 08:45:00+00:00,6798.93070976395
2022-03-31 09:45:00+00:00,6785.483174161021
2022-03-31 13:15:00+00:00,6759.011527225943
2022-03-31 14:00:00+00:00,6795.6570388252
2022-03-31 14:45:00+00:00,6819.873176817247
2022-03-31 16:15:00+00:00,6859.009544831468
2022-03-31 16:30:00+00:00,6895.777508505224
2022-03-31 19:30:00+00:00,6883.009457419634
2022-03-31 21:15:00+00:00,6870.252254172383
2022-03-31 22:45:00+00:00,6868.165355730535
2022-03-31 23:45:00+00:00,6855.366581120274
2022-04-01 02:15:00+00:00,6892.276916099776
2022-04-01 04:00:00+00:00,6930.896606938269
2022-04-01 04:15:00+00:00,6918.1732257719195
2022-04-01 05:15:00+00:00,6905.329119774899
2022-04-01 07:00:00+00:00,6892.329316983208
2022-04-01 07:45:00+00:00,6879.165901102385
2022-04-01 08:00:00+00:00,6839.945341506127
2022-04-01 10:30:00+00:00,6826.7098848068945
2022-04-01 11:00:00+00:00,6828.395128739189
2022-04-01 12:30:00+00:00,6829.990366519353
2022-04-01 13:15:00+00:00,6818.740814718731
2022-04-01 13:30:00+00:00,6805.552179422019
2022-04-01 13:45:00+00:00,6792.618394359823
2022-04-01 14:15:00+00:00,6779.714101491423
2022-04-01 14:45:00+00:00,6766.878441121446
2022-04-01 17:45:00+00:00,6804.092095587428
2022-04-01 20:00:00+00:00,6791.260530276067
2022-04-01 20:45:00+00:00,6793.468652152678
2022-04-01 22:30:00+00:00,6780.47003025545
2022-04-02 08:45:00+00:00,6767.294050837358
2022-04-02 11:15:00+00:00,6740.607421838959
2022-04-02 12:00:00+00:00,6742.484739711787
2022-04-02 12:45:00+00:00,6744.52790744783
2022-04-02 13:45:00+00:00,6746.197827746857
2022-04-02 15:00:00+00:00,6732.902061339327
2022-04-02 18:00:00+00:00,6719.769768723342
2022-04-02 23:30:00+00:00,6708.34853329735
2022-04-02 23:45:00+00:00,6695.301639966771
2022-04-03 00:30:00+00:00,6697.476623249896
2022-04-03 02:00:00+00:00,6699.624797069897
2022-04-03 04:00:00+00:00,6686.4185635583235
2022-04-03 05:30:00+00:00,6660.637894167018
2022-04-03 06:00:00+00:00,6634.33988292218
2022-04-03 09:30:00+00:00,6621.478647433627
2022-04-03 11:45:00+00:00,6608.1022021937415
2022-04-03 13:30:00+00:00,6609.96272627076
2022-04-03 14:00:00+00:00,6611.715822826862
2022-04-03 14:30:00+00:00,6648.683493157159
2022-04-03 15:30:00+00:00,6635.837059153896
2022-04-03 16:15:00+00:00,6622.483136353319
2022-04-03 17:15:00+00:00,6609.145046559721
2022-04-03 22:30:00+00:00,6645.777825945448
2022-04-03 23:00:00+00:00,6647.611758218547
2022-04-03 23:30:00+00:00,6649.761664180985
2022-04-04 00:15:00+00:00,6686.753714964491
2022-04-04 01:45:00+00:00,6688.834713251201
2022-04-04 03:30:00+00:00,6675.878512287806
2022-04-04 07:45:00+00:00,6677.878329545313
2022-04-04 09:45:00+00:00,6664.926632741423
2022-04-04 12:45:00+00:00,6666.985529097537
2022-04-04 15:00:00+00:00,6654.250696053906
2022-04-04 17:30:00+00:00,6715.285983034793
2022-04-04 19:00:00+00:00,6717.3346657218935
2022-04-04 19:30:00+00:00,6719.23867060939
2022-04-04 20:15:00+00:00,6706.068852680196
2022-04-04 22:45:00+00:00,6694.726695559725
2022-04-05 02:00:00+00:00,6681.641260136062
2022-04-05 05:00:00+00:00,6718.844531274405
2022-04-05 05:15:00+00:00,6715.722867724269
2022-04-05 11:00:00+00:00,6717.357194071755
2022-04-05 12:00:00+00:00,6703.984665982509
2022-04-05 13:15:00+00:00,6740.6974471544745
2022-04-05 13:30:00+00:00,6742.940151830927
2022-04-05 16:15:00+00:00,6780.2118662733155
2022-04-05 19:15:00+00:00,6782.018435689747
2022-04-05 21:00:00+00:00,6785.220094523084
2022-04-05 21:45:00+00:00,6787.136261946126
2022-04-06 00:00:00+00:00,6824.191254237986
2022-04-06 00:15:00+00:00,6861.36790045313
2022-04-06 02:00:00+00:00,6885.240970374912
2022-04-06 04:45:00+00:00,6872.411577104636
2022-04-06 06:45:00+00:00,6865.068039812798
2022-04-06 09:00:00+00:00,6866.123264175205
2022-04-06 17:45:00+00:00,6868.319972784157
2022-04-06 18:00:00+00:00,6870.374348467607
2022-04-06 18:30:00+00:00,6859.61809222908
2022-04-06 19:45:00+00:00,6846.869314838711
2022-04-06 20:00:00+00:00,6834.067243643706
2022-04-06 21:30:00+00:00,6821.234038524342
2022-04-07 00:15:00+00:00,6823.403005729389
2022-04-07 01:00:00+00:00,6825.643320256347
2022-04-07 01:45:00+00:00,6827.5108561682955
2022-04-07 07:00:00+00:00,6804.068019581602
2022-04-07 07:30:00+00:00,6791.286045905026
2022-04-07 08:00:00+00:00,6778.435454465897
2022-04-07 11:00:00+00:00,6765.23624649488
2022-04-07 11:15:00+00:00,6767.360886856499
2022-04-07 11:30:00+00:00,6754.179576429417
2022-04-07 14:00:00+00:00,6755.764691234549
2022-04-07 15:00:00+00:00,6742.628485182743
2022-04-07 18:15:00+00:00,6716.65109340251
2022-04-08 00:30:00+00:00,6718.7620014625145
2022-04-08 01:00:00+00:00,6705.289309815815
2022-04-08 02:30:00+00:00,6742.244893744986
2022-04-08 07:15:00+00:00,6744.387166428173
2022-04-08 07:30:00+00:00,6731.151382837105
2022-04-08 07:45:00+00:00,6732.888055895812
2022-04-08 09:00:00+00:00,6734.663461898256
2022-04-08 10:00:00+00:00,6708.5773370366305
2022-04-08 11:00:00+00:00,6695.680593857849
2022-04-08 11:45:00+00:00,6682.49776257246
2022-04-08 12:30:00+00:00,6669.2210241892435
2022-04-08 13:30:00+00:00,6655.793625832641
2022-04-08 14:00:00+00:00,6629.4198414988105
2022-04-08 14:15:00+00:00,6666.539654609447
2022-04-08 15:00:00+00:00,6703.3397780240475
2022-04-08 16:45:00+00:00,6690.23346007397
2022-04-08 18:00:00+00:00,6679.300465260711
2022-04-08 23:00:00+00:00,6753.209710064945
2022-04-09 00:00:00+00:00,6755.18189937543
2022-04-09 04:00:00+00:00,6757.275721307054
2022-04-09 08:00:00+00:00,6759.084780526596
2022-04-09 17:30:00+00:00,6760.934697913564
2022-04-09 19:30:00+00:00,6747.841744918177
2022-04-09 21:30:00+00:00,6734.604171677456
2022-04-09 22:15:00+00:00,6721.289979235398
2022-04-10 00:15:00+00:00,6722.790587485504
2022-04-10 01:15:00+00:00,6724.540469118932
2022-04-10 02:45:00+00:00,6726.532762857172
2022-04-10 03:00:00+00:00,6750.237401369565
2022-04-10 04:00:00+00:00,6737.376769499578
2022-04-10 05:00:00+00:00,6738.596734933595
2022-04-10 05:45:00+00:00,6725.101617279642
2022-04-10 06:00:00+00:00,6712.235848394435
2022-04-10 08:00:00+00:00,6698.75815323064
2022-04-10 09:00:00+00:00,6685.301334355528
2022-04-10 11:45:00+00:00,6671.3986038234925
2022-04-10 12:00:00+00:00,6658.362859030027
2022-04-10 16:30:00+00:00,6644.581780174232
2022-04-10 17:15:00+00:00,6681.287120532741
2022-04-10 21:30:00+00:00,6704.3165366918565
2022-04-10 21:45:00+00:00,6706.0838666011
2022-04-10 22:15:00+00:00,6695.121931536417
2022-04-10 22:30:00+00:00,6681.6330589173
2022-04-10 22:45:00+00:00,6655.199537120114
2022-04-11 00:30:00+00:00,6649.4288583001035
2022-04-11 02:45:00+00:00,6723.005660914831
2022-04-11 04:30:00+00:00,6725.001872395552
2022-04-11 05:45:00+00:00,6711.908477557789
2022-04-11 08:30:00+00:00,6748.956388110129
2022-04-11 09:00:00+00:00,6785.613798551018
2022-04-11 09:15:00+00:00,6822.546618691782
2022-04-11 09:45:00+00:00,6824.466112923495
2022-04-11 10:00:00+00:00,6811.601421694326
2022-04-11 12:00:00+00:00,6798.788142202431
2022-04-11 13:15:00+00:00,6785.974738393499
2022-04-11 13:45:00+00:00,6787.9067321709435
2022-04-11 19:30:00+00:00,6775.105752979673
2022-04-11 20:00:00+00:00,6812.185758697484
2022-04-11 20:15:00+00:00,6814.2063641421955
2022-04-11 23:30:00+00:00,6816.266141803923
2022-04-12 04:15:00+00:00,6803.252276264618
2022-04-12 05:15:00+00:00,6790.094127632256
2022-04-12 05:30:00+00:00,6777.126433026262
2022-04-12 06:45:00+00:00,6779.150056992267
2022-04-12 08:00:00+00:00,6752.839377438349
2022-04-12 11:15:00+00:00,6739.710472213258
2022-04-12 11:30:00+00:00,6726.455655086772
2022-04-12 12:30:00+00:00,6714.968099519375
2022-04-12 13:45:00+00:00,6716.68335502349
2022-04-12 14:15:00+00:00,6703.865282378455
2022-04-12 17:30:00+00:00,6691.076232455445
2022-04-12 18:00:00+00:00,6692.980225445054
2022-04-12 19:45:00+00:00,6716.996345413905
2022-04-12 21:45:00+00:00,6704.13294651211
2022-04-13 00:00:00+00:00,6691.244722645471
2022-04-13 01:00:00+00:00,6693.134406166718
2022-04-13 11:45:00+00:00,6679.723784675064
2022-04-13 13:00:00+00:00,6666.436126142346
2022-04-13 13:45:00+00:00,6703.185231417484
2022-04-13 14:15:00+00:00,6727.340226754546
2022-04-13 15:15:00+00:00,6764.125303023949
2022-04-13 16:45:00+00:00,6766.0216548673825
2022-04-13 17:30:00+00:00,6753.144363042316
2022-04-13 19:00:00+00:00,6789.972550067337
2022-04-13 21:30:00+00:00,6792.045423678226
2022-04-14 03:15:00+00:00,6778.8465536101
2022-04-14 07:00:00+00:00,6765.52233365187
2022-04-14 09:15:00+00:00,6752.189045200962
2022-04-14 10:00:00+00:00,6739.099613971716
2022-04-14 10:30:00+00:00,6726.248883460199
2022-04-14 11:45:00+00:00,6712.958772819349
2022-04-14 13:30:00+00:00,6716.934577190085
2022-04-14 14:00:00+00:00,6753.555226644608
2022-04-14 16:00:00+00:00,6790.50831893566
2022-04-14 23:15:00+00:00,6792.471000675411
2022-04-15 00:00:00+00:00,6791.640501153066
2022-04-15 00:15:00+00:00,6778.454491478563
2022-04-15 03:00:00+00:00,6779.927836837777
2022-04-15 03:15:00+00:00,6768.4999559199705
2022-04-15 03:45:00+00:00,6755.434375835382
2022-04-15 04:00:00+00:00,6792.497512882612
2022-04-15 04:15:00+00:00,6778.9669165511705
2022-04-15 04:45:00+00:00,6766.114455250279
2022-04-15 07:15:00+00:00,6753.302694060664
2022-04-15 07:45:00+00:00,6756.626987833151
2022-04-15 08:00:00+00:00,6758.411547958381
2022-04-15 11:30:00+00:00,6760.565473570855
2022-04-15 11:45:00+00:00,6762.452195744663
2022-04-15 12:30:00+00:00,6764.571382513131
2022-04-15 12:45:00+00:00,6751.311659575026
2022-04-15 16:00:00+00:00,6753.222044707776
2022-04-15 19:15:00+00:00,6740.262116961098
2022-04-15 22:00:00+00:00,6742.10138769948
2022-04-16 03:15:00+00:00,6743.739362534448
2022-04-16 06:30:00+00:00,6730.385660924056
2022-04-16 14:30:00+00:00,6717.115991449009
2022-04-16 15:00:00+00:00,6703.550458418435
2022-04-16 15:30:00+00:00,6726.141225083936
2022-04-16 17:00:00+00:00,6749.538348142126
2022-04-16 21:15:00+00:00,6736.453712923027
2022-04-16 21:45:00+00:00,6772.620398031736
2022-04-17 02:15:00+00:00,6732.487186782992
2022-04-17 03:00:00+00:00,6768.952033477852
2022-04-17 03:15:00+00:00,6770.6327990931
2022-04-17 04:15:00+00:00,6756.616307277265
2022-04-17 05:45:00+00:00,6742.933329846579
2022-04-17 08:15:00+00:00,6729.788081898894
2022-04-17 11:15:00+00:00,6731.554498414324
2022-04-17 11:30:00+00:00,6732.486641686667
2022-04-17 13:15:00+00:00,6718.90671885049
2022-04-17 14:00:00+00:00,6720.705526442897
2022-04-17 14:30:00+00:00,6722.165535278081
2022-04-17 15:15:00+00:00,6758.761317042534
2022-04-17 16:45:00+00:00,6760.1361214646295
2022-04-17 17:45:00+00:00,6746.983946459478
2022-04-17 18:00:00+00:00,6783.584464345644
2022-04-17 19:45:00+00:00,6784.761824408703
2022-04-17 20:45:00+00:00,6760.3312558718835
2022-04-17 22:00:00+00:00,6747.084353134355
2022-04-17 22:15:00+00:00,6747.818213293354
2022-04-17 23:15:00+00:00,6784.530987774478
2022-04-18 02:15:00+00:00,6808.121937516536
2022-04-18 02:30:00+00:00,6794.779081797184
2022-04-18 04:15:00+00:00,6831.318337643337
2022-04-18 07:15:00+00:00,6891.738374224884
2022-04-18 09:45:00+00:00,6878.5931240027785
2022-04-18 10:30:00+00:00,6865.662913873753
2022-04-18 16:00:00+00:00,6852.599581254034
2022-04-18 17:15:00+00:00,6876.61737176552
2022-04-18 19:00:00+00:00,6878.679626392205
2022-04-19 01:15:00+00:00,6865.553749720635
2022-04-19 02:15:00+00:00,6855.102456321183
2022-04-19 02:30:00+00:00,6841.965851009127
2022-04-19 02:45:00+00:00,6843.978811675138
2022-04-19 07:15:00+00:00,6832.504667356583
2022-04-19 09:00:00+00:00,6819.077379392113
2022-04-19 09:30:00+00:00,6813.0259037412025
2022-04-19 11:15:00+00:00,6799.475069136165
2022-04-19 11:45:00+00:00,6786.219298641131
2022-04-19 14:00:00+00:00,6822.734128075005
2022-04-19 16:30:00+00:00,6809.438217553522
2022-04-19 17:15:00+00:00,6796.232043136494
2022-04-19 19:15:00+00:00,6833.000887007232
2022-04-19 20:00:00+00:00,6835.076444261837
2022-04-20 00:00:00+00:00,6821.893494346736
2022-04-20 00:15:00+00:00,6823.925281598282
2022-04-20 00:30:00+00:00,6819.767354960649
2022-04-20 07:00:00+00:00,6815.528660290407
2022-04-20 08:00:00+00:00,6804.252486517931
2022-04-20 09:30:00+00:00,6790.732295950374
2022-04-20 10:15:00+00:00,6764.086462260761
2022-04-20 11:00:00+00:00,6752.329096862466
2022-04-20 12:00:00+00:00,6754.013165565303
2022-04-20 13:30:00+00:00,6740.738077278793
2022-04-20 14:15:00+00:00,6752.992096090334
2022-04-20 15:00:00+00:00,6739.752055706375
2022-04-20 18:30:00+00:00,6687.514419496145
2022-04-20 19:00:00+00:00,6689.556468237692
2022-04-20 20:00:00+00:00,6676.491897319587
2022-04-20 20:45:00+00:00,6663.288768335804
2022-04-20 21:15:00+00:00,6650.271045197352
2022-04-20 21:30:00+00:00,6637.278746811239
2022-04-21 00:45:00+00:00,6639.325876625889
2022-04-21 01:00:00+00:00,6626.033725101478
2022-04-21 07:45:00+00:00,6628.030435366544
2022-04-21 10:15:00+00:00,6629.759468804649
2022-04-21 11:30:00+00:00,6666.243542613881
2022-04-21 13:45:00+00:00,6668.182712416698
2022-04-21 14:30:00+00:00,6669.924574129029
2022-04-21 15:30:00+00:00,6658.49182773587
2022-04-21 15:45:00+00:00,6645.237097075651
2022-04-21 16:00:00+00:00,6632.104466670634
2022-04-21 16:45:00+00:00,6618.8571739472545
2022-04-21 17:00:00+00:00,6579.776819364804
2022-04-21 18:45:00+00:00,6566.674357081323
2022-04-21 19:00:00+00:00,6553.633298781073
2022-04-21 21:45:00+00:00,6590.407138988067
2022-04-21 22:30:00+00:00,6627.292636067434
2022-04-22 00:30:00+00:00,6666.286782205602
2022-04-22 04:45:00+00:00,6640.409652563374
2022-04-22 05:00:00+00:00,6634.612384676953
2022-04-22 06:00:00+00:00,6621.238387614458
2022-04-22 07:15:00+00:00,6615.065653279131
2022-04-22 19:30:00+00:00,6601.99614349551
2022-04-22 23:00:00+00:00,6588.867012312889
2022-04-22 23:45:00+00:00,6590.777837762446
2022-04-23 04:15:00+00:00,6627.519147359807
2022-04-23 05:00:00+00:00,6650.853500898518
2022-04-23 05:30:00+00:00,6652.6599256723275
2022-04-23 08:00:00+00:00,6639.591802942755
2022-04-23 08:45:00+00:00,6626.349720385448
2022-04-23 10:15:00+00:00,6612.390286151133
2022-04-23 11:00:00+00:00,6598.792121128122
2022-04-23 12:30:00+00:00,6600.121005476209
2022-04-23 13:00:00+00:00,6601.84717535246
2022-04-23 17:00:00+00:00,6603.769130201343
2022-04-23 19:15:00+00:00,6590.747374213142
2022-04-23 23:00:00+00:00,6577.465053031131
2022-04-23 23:30:00+00:00,6614.202767047466
2022-04-24 02:30:00+00:00,6615.779447160039
2022-04-24 03:00:00+00:00,6602.302414034612
2022-04-24 03:30:00+00:00,6603.663962624145
2022-04-24 08:30:00+00:00,6590.428504246354
2022-04-24 11:15:00+00:00,6576.1597480711
2022-04-24 13:00:00+00:00,6561.9058792764035
2022-04-24 13:30:00+00:00,6547.847738128039
2022-04-24 14:30:00+00:00,6584.48027556009
2022-04-24 14:45:00+00:00,6586.087829729736
2022-04-24 16:45:00+00:00,6609.833977401205
2022-04-24 17:00:00+00:00,6611.081850565392
2022-04-24 18:45:00+00:00,6598.121166185233
2022-04-25 00:00:00+00:00,6598.796297495231
2022-04-25 00:15:00+00:00,6635.689540341066
2022-04-25 00:45:00+00:00,6696.32438980884
2022-04-25 01:30:00+00:00,6697.986424964939
2022-04-25 03:15:00+00:00,6686.699574149379
2022-04-25 04:00:00+00:00,6673.73943941392
2022-04-25 06:15:00+00:00,6660.5266892255795
2022-04-25 06:30:00+00:00,6647.496924729611
2022-04-25 06:45:00+00:00,6634.360092808184
2022-04-25 07:00:00+00:00,6671.069681926949
2022-04-25 09:00:00+00:00,6682.004671333418
2022-04-25 09:15:00+00:00,6668.819276054525
2022-04-25 13:30:00+00:00,6670.5942450673
2022-04-25 16:15:00+00:00,6744.75415282686
2022-04-25 18:45:00+00:00,6781.778907041272
2022-04-25 19:30:00+00:00,6855.7580712305935
2022-04-26 01:45:00+00:00,6842.642784637204
2022-04-26 02:15:00+00:00,6838.282911641959
2022-04-26 02:30:00+00:00,6824.648122944895
2022-04-26 04:00:00+00:00,6811.516801175246
2022-04-26 05:30:00+00:00,6798.358257925414
2022-04-26 06:15:00+00:00,6785.164967168548
2022-04-26 07:00:00+00:00,6758.717102126228
2022-04-26 08:00:00+00:00,6760.242762033722
2022-04-26 09:00:00+00:00,6746.609655945268
2022-04-26 09:30:00+00:00,6733.014296094612
2022-04-26 11:00:00+00:00,6719.366928624502
2022-04-26 12:45:00+00:00,6707.360933239798
2022-04-26 13:15:00+00:00,6694.114432426892
2022-04-26 13:45:00+00:00,6680.997382307766
2022-04-26 14:30:00+00:00,6667.975680950592
2022-04-26 16:00:00+00:00,6654.996319881847
2022-04-26 17:30:00+00:00,6657.056898332709
2022-04-26 19:30:00+00:00,6694.057347647333
2022-04-26 20:45:00+00:00,6696.1238678872
2022-04-26 21:00:00+00:00,6698.2153134985565
2022-04-26 21:45:00+00:00,6700.300341486871
2022-04-26 23:45:00+00:00,6702.205034707553
2022-04-27 01:30:00+00:00,6704.280557999152
2022-04-27 02:15:00+00:00,6706.360416116701
2022-04-27 04:30:00+00:00,6693.257324100273
2022-04-27 05:45:00+00:00,6680.215784764211
2022-04-27 06:45:00+00:00,6667.20994640106
2022-04-27 07:00:00+00:00,6641.343974921084
2022-04-27 07:30:00+00:00,6628.181825819051
2022-04-27 08:00:00+00:00,6615.046956740595
2022-04-27 11:00:00+00:00,6601.976144947192
2022-04-27 13:45:00+00:00,6638.93600588316
2022-04-27 14:00:00+00:00,6640.937959259995
2022-04-27 17:00:00+00:00,6628.023909544722
2022-04-27 18:30:00+00:00,6615.0020665274615
2022-04-27 18:45:00+00:00,6602.098497302675
2022-04-28 01:45:00+00:00,6604.130201778915
2022-04-28 07:00:00+00:00,6591.118505452191
2022-04-28 10:00:00+00:00,6593.006667110248
2022-04-28 12:30:00+00:00,6594.661742547779
2022-04-28 12:45:00+00:00,6581.549067226989
2022-04-28 13:00:00+00:00,6618.478598605898
2022-04-28 13:15:00+00:00,6605.2148286901665
2022-04-28 13:45:00+00:00,6606.915166118842
2022-04-28 14:00:00+00:00,6593.737904580098
2022-04-28 15:00:00+00:00,6604.346804907699
2022-04-28 15:45:00+00:00,6606.254706299065
2022-04-28 16:30:00+00:00,6608.321413999232
2022-04-28 18:00:00+00:00,6645.168862164043
2022-04-28 19:45:00+00:00,6632.120492343682
2022-04-28 20:00:00+00:00,6619.171447071787
2022-04-29 02:00:00+00:00,6623.194232097939
2022-04-29 05:15:00+00:00,6625.192304180004
2022-04-29 05:30:00+00:00,6627.322536719175
2022-04-29 08:00:00+00:00,6614.517186087943
2022-04-29 12:00:00+00:00,6616.472774371927
2022-04-29 12:15:00+00:00,6603.275287370027
2022-04-29 12:30:00+00:00,6589.982328910663
2022-04-29 13:15:00+00:00,6578.647968218836
2022-04-29 13:30:00+00:00,6565.508965579027
2022-04-29 13:45:00+00:00,6539.15949402468
2022-04-30 05:00:00+00:00,6541.021700210405
2022-04-30 13:30:00+00:00,6527.880340590818
2022-04-30 15:00:00+00:00,6564.8713993552
2022-04-30 17:45:00+00:00,6551.7554864100675
2022-04-30 22:00:00+00:00,6538.8141028710115
2022-04-30 23:00:00+00:00,6575.746448670896
2022-05-01 00:30:00+00:00,6523.75377590293
2022-05-01 01:45:00+00:00,6518.29946365296
2022-05-01 05:00:00+00:00,6555.539634691924
2022-05-01 08:30:00+00:00,6554.216720280844
2022-05-01 11:15:00+00:00,6541.274182111132
2022-05-01 13:45:00+00:00,6543.314933739361
2022-05-01 15:15:00+00:00,6530.433234489201
2022-05-01 16:00:00+00:00,6567.46844966475
2022-05-01 17:00:00+00:00,6604.659299153418
2022-05-01 18:45:00+00:00,6591.620933036368
2022-05-01 20:45:00+00:00,6578.801671620181
2022-05-01 23:15:00+00:00,6565.790580061665
2022-05-02 00:15:00+00:00,6602.527367907729
2022-05-02 02:00:00+00:00,6576.825224042433
2022-05-02 06:00:00+00:00,6579.010693693548
2022-05-02 07:45:00+00:00,6580.9492618228305
2022-05-02 08:30:00+00:00,6567.563924210357
2022-05-02 09:45:00+00:00,6554.440556112284
2022-05-02 11:15:00+00:00,6541.209589147186
2022-05-02 11:30:00+00:00,6529.896813403583
2022-05-02 13:30:00+00:00,6531.44465474961
2022-05-02 17:00:00+00:00,6521.7394332120475
2022-05-02 17:45:00+00:00,6523.9775960713005
2022-05-02 21:45:00+00:00,6561.008750109555
2022-05-02 23:45:00+00:00,6563.091934841408
2022-05-03 00:45:00+00:00,6564.586029951955
2022-05-03 11:45:00+00:00,6566.061406596055
2022-05-03 16:00:00+00:00,6568.0605714454305
2022-05-03 17:00:00+00:00,6555.014086203921
2022-05-03 18:00:00+00:00,6591.378762355302
2022-05-03 19:30:00+00:00,6615.336263001842
2022-05-03 19:45:00+00:00,6617.274007658213
2022-05-03 20:45:00+00:00,6604.081380056293
2022-05-03 21:15:00+00:00,6605.679171847317
2022-05-04 00:30:00+00:00,6579.583602718108
2022-05-04 02:15:00+00:00,6566.4764431619105
2022-05-04 03:30:00+00:00,6540.269328061021
2022-05-04 04:00:00+00:00,6526.894999190055
2022-05-04 06:00:00+00:00,6513.19864976496
2022-05-04 07:00:00+00:00,6500.054095263124
2022-05-04 08:30:00+00:00,6486.768983739014
2022-05-04 09:15:00+00:00,6473.517347337115
2022-05-04 09:30:00+00:00,6459.773335227594
2022-05-04 10:30:00+00:00,6446.684108543606
2022-05-04 12:15:00+00:00,6447.022430008454
2022-05-04 13:45:00+00:00,6433.618675393736
2022-05-04 15:00:00+00:00,6470.627401891271
2022-05-04 16:15:00+00:00,6472.428936928781
2022-05-04 17:00:00+00:00,6474.061156276916
2022-05-04 18:00:00+00:00,6476.154032148298
2022-05-04 18:30:00+00:00,6463.073389070483
2022-05-04 18:45:00+00:00,6500.06747782667
2022-05-05 00:00:00+00:00,6487.287243687631
2022-05-05 02:00:00+00:00,6488.658302910959
2022-05-05 05:45:00+00:00,6490.745239187102
2022-05-05 06:45:00+00:00,6477.738678740109
2022-05-05 08:30:00+00:00,6464.666462912512
2022-05-05 13:30:00+00:00,6438.327854504927
2022-05-05 14:30:00+00:00,6474.814064877732
2022-05-05 14:45:00+00:00,6511.480239834271
2022-05-05 15:00:00+00:00,6548.677830376664
2022-05-05 19:00:00+00:00,6659.749720719605
2022-05-06 04:45:00+00:00,6662.015613077006
2022-05-06 10:45:00+00:00,6699.1140347114
2022-05-06 14:45:00+00:00,6686.282193171865
2022-05-06 21:30:00+00:00,6685.173540848913
2022-05-06 22:15:00+00:00,6685.370342514701
2022-05-07 03:00:00+00:00,6672.464388537438
2022-05-07 07:00:00+00:00,6659.486727240623
2022-05-07 08:45:00+00:00,6646.075630280836
2022-05-07 13:00:00+00:00,6648.13883359458
2022-05-07 16:15:00+00:00,6646.945173708511
2022-05-07 16:45:00+00:00,6633.858491446385
2022-05-07 19:30:00+00:00,6620.902936652678
2022-05-07 21:00:00+00:00,6607.670015898329
2022-05-07 21:45:00+00:00,6631.674527539042
2022-05-07 22:15:00+00:00,6633.30192884413
2022-05-07 23:00:00+00:00,6635.127929231992
2022-05-08 00:45:00+00:00,6622.29604889433
2022-05-08 02:00:00+00:00,6659.265077613954
2022-05-08 02:30:00+00:00,6646.292878353367
2022-05-08 03:00:00+00:00,6633.368093519423
2022-05-08 06:30:00+00:00,6620.5433691990675
2022-05-08 13:15:00+00:00,6622.631292435347
2022-05-08 13:45:00+00:00,6611.815824030399
2022-05-08 14:45:00+00:00,6612.73306379921
2022-05-08 17:00:00+00:00,6649.65180412259
2022-05-08 22:00:00+00:00,6651.561646970894
2022-05-09 02:00:00+00:00,6642.70788123892
2022-05-09 05:30:00+00:00,6644.739309866907
2022-05-09 06:00:00+00:00,6633.981378334249
2022-05-09 08:15:00+00:00,6620.929076110604
2022-05-09 09:00:00+00:00,6622.926654510891
2022-05-09 10:15:00+00:00,6596.833471685215
2022-05-09 11:30:00+00:00,6584.063611278951
2022-05-09 14:15:00+00:00,6588.362694216535
2022-05-09 14:30:00+00:00,6590.6319644618325
2022-05-09 15:30:00+00:00,6577.812500904247
2022-05-09 16:30:00+00:00,6552.146863581608
2022-05-09 17:00:00+00:00,6513.820913306776
2022-05-09 18:15:00+00:00,6477.862326409959
2022-05-09 18:30:00+00:00,6452.506003813794
2022-05-09 19:45:00+00:00,6427.044082642526
2022-05-09 22:00:00+00:00,6416.7617771742725
2022-05-09 22:45:00+00:00,6404.141845850617
2022-05-09 23:30:00+00:00,6391.487783588314
2022-05-10 00:15:00+00:00,6393.828886564593
2022-05-10 06:00:00+00:00,6431.1576136610465
2022-05-10 11:30:00+00:00,6433.393398913727
2022-05-10 12:45:00+00:00,6470.694759529883
2022-05-10 19:15:00+00:00,6458.038869489042
2022-05-10 20:30:00+00:00,6460.401500578679
2022-05-11 00:15:00+00:00,6435.052234920477
2022-05-11 02:15:00+00:00,6437.403980620599
2022-05-11 05:00:00+00:00,6424.70728679499
2022-05-11 05:30:00+00:00,6419.753163758435
2022-05-11 06:45:00+00:00,6407.116629850738
2022-05-11 07:30:00+00:00,6394.508673518995
2022-05-11 08:15:00+00:00,6419.165069473602
2022-05-11 08:30:00+00:00,6406.529176242651
2022-05-11 08:45:00+00:00,6393.737109438722
2022-05-11 09:30:00+00:00,6430.944868109893
2022-05-11 10:00:00+00:00,6418.293390474708
2022-05-11 11:30:00+00:00,6405.658483993001
2022-05-11 12:00:00+00:00,6392.890322665482
2022-05-11 12:30:00+00:00,6380.1508876204625
2022-05-11 12:45:00+00:00,6429.402056651704
2022-05-11 13:45:00+00:00,6466.851322819511
2022-05-11 16:00:00+00:00,6469.276791309646
2022-05-11 16:15:00+00:00,6456.715663579305
2022-05-11 17:30:00+00:00,6459.150916511915
2022-05-12 03:15:00+00:00,6433.989866578164
2022-05-12 04:15:00+00:00,6421.313263102605
2022-05-12 04:45:00+00:00,6408.669460702912
2022-05-12 05:00:00+00:00,6396.045088478086
2022-05-12 07:00:00+00:00,6370.84341334956
2022-05-12 08:30:00+00:00,6375.654352058423
2022-05-12 12:00:00+00:00,6378.011843119541
2022-05-12 12:30:00+00:00,6415.415071867937
2022-05-12 13:30:00+00:00,6390.174158185986
2022-05-12 13:45:00+00:00,6384.850737703946
2022-05-12 18:30:00+00:00,6387.214403363807
2022-05-12 22:15:00+00:00,6389.609264926784
2022-05-13 09:45:00+00:00,6376.983095532549
2022-05-13 14:15:00+00:00,6414.254246494123
2022-05-13 15:15:00+00:00,6401.559503924139
2022-05-13 16:30:00+00:00,6388.8642965390745
2022-05-14 00:30:00+00:00,6389.93366527182
2022-05-14 22:45:00+00:00,6377.1345266431645
2022-05-15 00:15:00+00:00,6364.362693792448
2022-05-15 05:30:00+00:00,6366.612177449429
2022-05-15 13:45:00+00:00,6353.798573198359
2022-05-15 20:00:00+00:00,6390.957289542489
2022-05-26 05:15:00+00:00,6427.6328287773895
2022-05-26 08:15:00+00:00,6464.571476762752
2022-05-26 09:00:00+00:00,6464.932741826195
2022-05-26 13:45:00+00:00,6467.050154995429
2022-05-26 15:00:00+00:00,6454.254033241865
2022-05-26 16:15:00+00:00,6441.431141355524
2022-05-26 23:00:00+00:00,6443.58214235399
2022-05-27 15:45:00+00:00,6430.917349966053
2022-05-27 17:15:00+00:00,6418.273239720668
2022-05-28 12:15:00+00:00,6420.258019043086
2022-05-29 11:45:00+00:00,6406.949984816626
2022-05-29 14:15:00+00:00,6393.741223723069
2022-05-30 02:00:00+00:00,6380.567325109221
2022-05-30 06:00:00+00:00,6367.453774238099
2022-05-30 06:45:00+00:00,6354.386614956875
2022-05-30 12:45:00+00:00,6356.349991470034
2022-05-30 20:15:00+00:00,6343.253210819291
2022-05-31 13:15:00+00:00,6345.147965544663
2022-05-31 14:45:00+00:00,6332.216496491253
2022-05-31 15:45:00+00:00,6319.279425636549
2022-05-31 17:45:00+00:00,6306.3545323020235
2022-06-01 10:15:00+00:00,6343.2864260336555
2022-06-01 11:15:00+00:00,6330.338031358135
2022-06-01 14:30:00+00:00,6317.4174535718985
2022-06-03 10:15:00+00:00,6304.139140871355
2022-06-03 12:30:00+00:00,6306.025359380755
2022-06-03 21:45:00+00:00,6292.975749707131
2022-06-04 02:30:00+00:00,6329.692810300222
2022-06-04 09:30:00+00:00,6316.500491192202
2022-06-04 11:45:00+00:00,6303.2925025936365
2022-06-05 17:15:00+00:00,6289.854058820725
2022-06-06 13:00:00+00:00,6276.634184491576
2022-06-06 13:30:00+00:00,6263.456322353788
2022-06-06 15:00:00+00:00,6250.349283278257
2022-06-07 22:30:00+00:00,6237.224463569844
2022-06-08 05:30:00+00:00,6224.256836357357
2022-06-08 13:30:00+00:00,6210.94710378891
2022-06-09 07:30:00+00:00,6197.393029298487
2022-06-09 10:30:00+00:00,6183.704483667033
2022-06-09 11:45:00+00:00,6170.155878004767
2022-06-09 14:00:00+00:00,6156.839514123659
2022-06-09 20:00:00+00:00,6143.392266928323
2022-06-10 06:30:00+00:00,6180.088471126052
2022-06-10 07:15:00+00:00,6166.843960457651
2022-06-10 09:15:00+00:00,6153.645774070128
2022-06-10 12:30:00+00:00,6140.503279781413
2022-06-10 14:15:00+00:00,6142.4132037779555
2022-06-10 14:30:00+00:00,6144.191927250626
2022-06-10 16:15:00+00:00,6181.188723262276
2022-06-10 20:15:00+00:00,6205.28258890793
2022-06-11 03:00:00+00:00,6207.587219471884
2022-06-11 07:30:00+00:00,6194.114590601586
2022-06-11 09:00:00+00:00,6231.040720207777
2022-06-11 11:15:00+00:00,6217.965614271384
2022-06-11 12:30:00+00:00,6205.130802924094
2022-06-11 12:45:00+00:00,6179.091566401792
2022-06-11 14:15:00+00:00,6181.253404681627
2022-06-11 14:30:00+00:00,6168.239914374037
2022-06-11 15:15:00+00:00,6144.820278566426
2022-06-11 15:30:00+00:00,6106.430475438489
2022-06-11 23:00:00+00:00,6108.734224048626
2022-06-11 23:30:00+00:00,6110.8670894120005
2022-06-12 01:45:00+00:00,6113.103985623934
2022-06-12 05:00:00+00:00,6100.4327754050855
2022-06-12 05:15:00+00:00,6087.727860943668
2022-06-12 10:00:00+00:00,6089.294674251858
2022-06-12 13:45:00+00:00,6091.487942305628
2022-06-12 14:15:00+00:00,6093.642924821749
2022-06-12 15:15:00+00:00,6080.939843685375
2022-06-12 17:15:00+00:00,6068.097602146388
2022-06-12 22:30:00+00:00,6105.40816821794
2022-06-12 23:30:00+00:00,6142.645576551241
2022-06-13 00:00:00+00:00,6179.913412451654
2022-06-13 01:45:00+00:00,6217.157274813147
2022-06-13 02:45:00+00:00,6204.356207606369
2022-06-13 03:00:00+00:00,6191.707297693352
2022-06-13 05:30:00+00:00,6194.02020944629
2022-06-13 05:45:00+00:00,6196.243837192668
2022-06-13 07:30:00+00:00,6170.770209058588
2022-06-13 08:45:00+00:00,6158.119662803287
2022-06-13 10:15:00+00:00,6122.4439324821715
2022-06-13 11:15:00+00:00,6109.733637510396
2022-06-13 12:45:00+00:00,6086.762458991332
2022-06-13 21:30:00+00:00,6089.065076698068
2022-06-13 22:30:00+00:00,6091.419874220865
2022-06-14 00:45:00+00:00,6093.766642540113
2022-06-14 05:15:00+00:00,6131.071266457394
2022-06-14 10:45:00+00:00,6133.451640177406
2022-06-14 11:00:00+00:00,6135.797234987837
2022-06-14 12:15:00+00:00,6123.085861269111
2022-06-14 13:00:00+00:00,6125.454844760548
2022-06-14 13:45:00+00:00,6127.744452009366
2022-06-14 14:00:00+00:00,6114.966786539296
2022-06-14 14:30:00+00:00,6117.291553070029
2022-06-14 17:45:00+00:00,6104.646053860368
2022-06-14 18:00:00+00:00,6092.001203070859
2022-06-14 21:45:00+00:00,6079.33056843515
2022-06-15 03:30:00+00:00,6068.855493175914
2022-06-15 05:15:00+00:00,6108.328462676734
2022-06-15 05:45:00+00:00,6110.594224463406
2022-06-15 09:30:00+00:00,6147.845219632686
2022-06-15 10:15:00+00:00,6150.1294976115905
2022-06-15 11:15:00+00:00,6137.447228957686
2022-06-15 11:30:00+00:00,6139.693118852137
2022-06-15 16:15:00+00:00,6126.958938524431
2022-06-15 18:00:00+00:00,6114.287915093222
2022-06-15 18:15:00+00:00,6106.03834485916
2022-06-15 18:30:00+00:00,6093.376801146881
2022-06-15 19:15:00+00:00,6080.739002763452
2022-06-15 19:30:00+00:00,6068.065483385953
2022-06-16 06:30:00+00:00,6055.297116438146
2022-06-16 07:15:00+00:00,6029.821600111685
2022-06-16 07:30:00+00:00,6017.00935709719
2022-06-16 09:30:00+00:00,6004.148485562501
2022-06-16 16:30:00+00:00,6006.31408567331
2022-06-16 22:45:00+00:00,6043.583826456571
2022-06-17 01:30:00+00:00,6030.833760291528
2022-06-17 10:00:00+00:00,6033.040621890103
2022-06-17 12:45:00+00:00,6020.153076543517
2022-06-17 14:15:00+00:00,6022.275030119649
2022-06-17 14:30:00+00:00,6009.534201641212
2022-06-17 19:45:00+00:00,5996.784637413109
2022-06-17 21:00:00+00:00,5989.172321633857
2022-06-17 22:15:00+00:00,5976.309027880248
2022-06-18 06:45:00+00:00,6013.463967079647
2022-06-18 10:15:00+00:00,6052.798067989028
2022-06-18 16:45:00+00:00,6049.091235847179
2022-06-18 17:30:00+00:00,6036.24316990501
2022-06-18 20:15:00+00:00,6038.501172099528
2022-06-19 05:15:00+00:00,6025.737579587742
2022-06-19 07:15:00+00:00,6013.004641517754
2022-06-19 08:00:00+00:00,6015.317559997752
2022-06-19 12:45:00+00:00,6002.588631059651
2022-06-19 17:15:00+00:00,6004.922274250396
2022-06-19 18:45:00+00:00,6007.018227652417
2022-06-19 20:30:00+00:00,6081.620491757003
2022-06-20 02:15:00+00:00,6068.778667754234
2022-06-20 08:30:00+00:00,6055.955690224073
2022-06-20 10:45:00+00:00,6093.120850083046
2022-06-20 11:30:00+00:00,6130.378060389589
2022-06-20 12:15:00+00:00,6117.654358258753
2022-06-20 16:15:00+00:00,6092.108380402073
2022-06-20 17:45:00+00:00,6094.263992663313
2022-06-20 18:00:00+00:00,6081.5439298094625
2022-06-21 00:30:00+00:00,6083.674729026901
2022-06-21 08:45:00+00:00,6070.6972921770885
2022-06-21 10:15:00+00:00,6057.913339977516
2022-06-21 13:15:00+00:00,6059.939058514827
2022-06-21 14:00:00+00:00,6049.491625394047
2022-06-21 19:15:00+00:00,6036.774016191213
2022-06-21 23:15:00+00:00,6073.935584375643
2022-06-22 02:00:00+00:00,6111.219012548494
2022-06-22 06:30:00+00:00,6098.293102572566
2022-06-22 09:00:00+00:00,6100.507888871528
2022-06-22 10:00:00+00:00,6087.717186540392
2022-06-22 11:15:00+00:00,6074.915008298643
2022-06-22 13:45:00+00:00,6077.102995059489
2022-06-22 15:30:00+00:00,6079.086427284412
2022-06-23 00:15:00+00:00,6066.300787942686
2022-06-23 05:30:00+00:00,6053.325718047761
2022-06-23 06:30:00+00:00,6040.390690541551
2022-06-23 10:15:00+00:00,6042.457201071111
2022-06-23 19:15:00+00:00,6029.519525919753
2022-06-23 22:45:00+00:00,6031.382812123356
2022-06-24 05:45:00+00:00,6018.536432801905
2022-06-24 09:45:00+00:00,6020.616990067492
2022-06-24 10:45:00+00:00,6022.864399366762
2022-06-24 12:15:00+00:00,6059.895447294453
2022-06-24 20:00:00+00:00,6096.943078957689
2022-06-25 16:30:00+00:00,6099.094123136054
2022-06-25 19:00:00+00:00,6086.0885627893085
2022-06-25 21:00:00+00:00,6073.051539773306
2022-06-26 00:00:00+00:00,6060.058278573177
2022-06-26 01:00:00+00:00,6047.08567405656
2022-06-26 02:45:00+00:00,6034.182938727398
2022-06-26 03:45:00+00:00,6036.126335394514
2022-06-26 06:30:00+00:00,6023.33055624211
2022-06-26 07:30:00+00:00,6060.262736909751
2022-06-26 10:30:00+00:00,6047.39929623547
2022-06-26 11:30:00+00:00,6034.516224628346
2022-06-26 12:45:00+00:00,6021.724129820929
2022-06-26 16:00:00+00:00,6008.760388279228
2022-06-26 17:15:00+00:00,6045.9243022128585
2022-06-26 18:15:00+00:00,6048.127132591237
2022-06-26 21:45:00+00:00,6085.323966560791
2022-06-27 06:45:00+00:00,6072.215467044799
2022-06-27 11:45:00+00:00,6059.349099179989
2022-06-27 13:15:00+00:00,6048.134157738982
2022-06-27 13:30:00+00:00,6035.2752558903985
2022-06-27 22:00:00+00:00,6037.380797629482
2022-06-28 05:00:00+00:00,6024.449885089915
2022-06-28 13:00:00+00:00,6011.510016899223
2022-06-28 14:15:00+00:00,5998.571195492343
2022-06-28 15:15:00+00:00,5985.819046241306
2022-06-28 18:30:00+00:00,5974.929062766616
2022-06-28 22:30:00+00:00,6012.1291560646305
2022-06-29 06:45:00+00:00,6123.581203983676
2022-06-29 16:15:00+00:00,6110.757373460923
2022-06-29 17:00:00+00:00,6097.981831722199
2022-06-29 18:15:00+00:00,6085.22213447995
2022-06-29 20:00:00+00:00,6072.370239319086
2022-06-30 00:00:00+00:00,6074.629907176782
2022-06-30 01:15:00+00:00,6111.78265506908
2022-06-30 07:15:00+00:00,6098.825345585789
2022-06-30 08:00:00+00:00,6085.9184951538855
2022-06-30 08:45:00+00:00,6073.011957274914
2022-06-30 11:15:00+00:00,6060.1315210327
2022-06-30 20:00:00+00:00,6047.328678448634
2022-06-30 20:30:00+00:00,6034.532796031423
2022-06-30 23:15:00+00:00,6036.7619865398
2022-07-01 00:15:00+00:00,6011.284501031978
2022-07-01 00:30:00+00:00,5998.543646362297
2022-07-01 05:15:00+00:00,6023.094647100738
2022-07-01 07:30:00+00:00,6010.357530801514
2022-07-01 08:00:00+00:00,6012.6612699209645
2022-07-01 13:45:00+00:00,6014.915958835108
2022-07-01 19:45:00+00:00,6002.158159948862
2022-07-01 20:00:00+00:00,5989.126439158848
2022-07-02 06:00:00+00:00,5976.312869152446
2022-07-02 09:15:00+00:00,6013.546580621788
2022-07-02 18:30:00+00:00,6015.529821138639
2022-07-02 21:45:00+00:00,6002.347563178607
2022-07-03 03:45:00+00:00,5989.090554517234
2022-07-04 11:45:00+00:00,6025.9761730384225
2022-07-04 12:45:00+00:00,6012.987197824932
2022-07-04 13:30:00+00:00,5999.8583227140825
2022-07-04 14:00:00+00:00,5986.880776964637
2022-07-04 15:00:00+00:00,6023.714749425082
2022-07-04 17:15:00+00:00,6097.549019955864
2022-07-04 18:30:00+00:00,6099.550927835441
2022-07-04 23:30:00+00:00,6136.4931877945055
2022-07-04 23:45:00+00:00,6173.334670631349
2022-07-05 06:30:00+00:00,6174.937848674977
2022-07-05 07:15:00+00:00,6161.753904165114
2022-07-05 08:00:00+00:00,6148.59898198727
2022-07-05 08:30:00+00:00,6137.606881434482
2022-07-05 09:15:00+00:00,6111.486590672827
2022-07-05 09:30:00+00:00,6098.407249376261
2022-07-05 11:45:00+00:00,6072.428623332822
2022-07-05 12:00:00+00:00,6046.485719618488
2022-07-05 13:30:00+00:00,6033.45175551938
2022-07-05 18:30:00+00:00,6020.451459883932
2022-07-05 18:45:00+00:00,6007.484340638622
2022-07-05 19:30:00+00:00,5994.38922378166
2022-07-05 20:00:00+00:00,5981.40280290946
2022-07-05 21:15:00+00:00,5968.466525506354
2022-07-05 23:15:00+00:00,5970.658249371394
2022-07-05 23:30:00+00:00,5957.746782357935
2022-07-06 01:30:00+00:00,5946.986915638407
2022-07-06 04:00:00+00:00,5949.074096039499
2022-07-06 05:30:00+00:00,5951.1328227300055
2022-07-06 06:15:00+00:00,5938.148811153099
2022-07-06 11:45:00+00:00,5925.330135697351
2022-07-06 18:30:00+00:00,5962.322380728515
2022-07-06 20:15:00+00:00,5986.75755744226
2022-07-06 23:00:00+00:00,6023.921907600275
2022-07-07 01:15:00+00:00,6017.0297846516
2022-07-07 04:15:00+00:00,6003.833298826726
2022-07-07 05:45:00+00:00,5990.625284282439
2022-07-07 09:45:00+00:00,6029.339765719376
2022-07-07 10:45:00+00:00,6031.010365420199
2022-07-07 11:00:00+00:00,6017.801697568088
2022-07-07 12:15:00+00:00,6004.585760242371
2022-07-07 12:30:00+00:00,6005.186778856784
2022-07-07 14:00:00+00:00,6042.246444779426
2022-07-07 14:15:00+00:00,6078.818773224817
2022-07-07 17:00:00+00:00,6080.871937955191
2022-07-07 19:30:00+00:00,6119.745118869529
2022-07-07 20:00:00+00:00,6121.834751825527
2022-07-07 22:15:00+00:00,6095.742428979998
2022-07-08 00:15:00+00:00,6082.761091422411
2022-07-08 01:15:00+00:00,6119.820869744312
2022-07-08 01:45:00+00:00,6143.80991288348
2022-07-08 02:15:00+00:00,6145.763476925084
2022-07-08 05:45:00+00:00,6119.872507683776
2022-07-08 07:15:00+00:00,6106.894345000672
2022-07-08 08:30:00+00:00,6093.889494071663
2022-07-08 09:00:00+00:00,6080.979870212703
2022-07-08 10:45:00+00:00,6068.135592990505
2022-07-08 12:30:00+00:00,6055.279724902463
2022-07-08 14:30:00+00:00,6042.320822814691
2022-07-08 20:30:00+00:00,6029.404081915818
2022-07-08 21:45:00+00:00,6016.602066353654
2022-07-08 22:15:00+00:00,6016.873464233411
2022-07-09 04:30:00+00:00,6003.971260621946
2022-07-09 10:00:00+00:00,5990.87625520649
2022-07-09 11:45:00+00:00,5977.71102420977
2022-07-09 14:00:00+00:00,5951.421583018555
2022-07-09 16:15:00+00:00,5938.292965236462
2022-07-09 17:30:00+00:00,5940.248282283683
2022-07-09 19:45:00+00:00,5941.859077238874
2022-07-10 00:00:00+00:00,5943.811780411549
2022-07-10 02:15:00+00:00,5980.479843589478
2022-07-10 19:45:00+00:00,5967.495933033805
2022-07-11 10:15:00+00:00,5958.991987696582
2022-07-11 12:30:00+00:00,5960.631017984048
2022-07-11 12:45:00+00:00,5947.324655767858
2022-07-11 13:15:00+00:00,5949.107333193117
2022-07-11 14:00:00+00:00,5950.977804102106
2022-07-11 14:30:00+00:00,5952.914567785448
2022-07-11 16:15:00+00:00,5939.957779259496
2022-07-11 16:30:00+00:00,5941.710063236506
2022-07-11 17:00:00+00:00,5928.649658229524
2022-07-11 17:30:00+00:00,5915.354318922683
2022-07-11 18:00:00+00:00,5902.3639072629885
2022-07-11 21:45:00+00:00,5939.358979543004
2022-07-12 08:15:00+00:00,5976.423729046989
2022-07-12 12:00:00+00:00,5978.261782431985
2022-07-12 12:15:00+00:00,5980.1058292222715
2022-07-12 13:00:00+00:00,5966.9884530536465
2022-07-12 13:30:00+00:00,5953.654609845409
2022-07-12 14:45:00+00:00,5942.341889136667
2022-07-12 15:00:00+00:00,5929.316161743658
2022-07-12 19:15:00+00:00,5966.312400802254
2022-07-12 20:15:00+00:00,5953.445218940296
2022-07-13 02:00:00+00:00,5940.487897420167
2022-07-13 02:15:00+00:00,5932.4308807221205
2022-07-13 02:30:00+00:00,5919.56460421994
2022-07-13 05:30:00+00:00,5906.663810630644
2022-07-13 07:00:00+00:00,5893.606401288115
2022-07-13 07:30:00+00:00,5867.32206955394
2022-07-13 08:30:00+00:00,5854.189583749541
2022-07-13 12:00:00+00:00,5841.089446256595
2022-07-13 14:30:00+00:00,5828.198794110534
2022-07-13 16:45:00+00:00,5817.586281343519
2022-07-13 21:15:00+00:00,5813.180518140262
2022-07-14 07:30:00+00:00,5800.091093220994
2022-07-14 08:30:00+00:00,5786.99400277598
2022-07-14 09:30:00+00:00,5773.925387765408
2022-07-14 11:30:00+00:00,5760.862455258698
2022-07-14 15:30:00+00:00,5797.8222231840755
2022-07-14 19:30:00+00:00,5834.8799771567155
2022-07-14 22:15:00+00:00,5821.93303556165
2022-07-15 06:30:00+00:00,5809.0636933073365
2022-07-15 11:00:00+00:00,5811.178786548407
2022-07-15 12:30:00+00:00,5798.181016425619
2022-07-15 13:30:00+00:00,5785.154201828907
2022-07-15 15:30:00+00:00,5772.154186797392
2022-07-15 20:15:00+00:00,5809.262797693119
2022-07-15 21:15:00+00:00,5811.212056106622
2022-07-15 23:15:00+00:00,5798.393414466031
2022-07-16 00:30:00+00:00,5772.466525699549
2022-07-16 05:45:00+00:00,5746.430960458858
2022-07-16 06:15:00+00:00,5733.550442449734
2022-07-16 15:00:00+00:00,5770.233568587582
2022-07-16 15:15:00+00:00,5806.91878008367
2022-07-16 16:00:00+00:00,5843.81806998735
2022-07-16 18:30:00+00:00,5882.556428211228
2022-07-16 20:00:00+00:00,5869.455103417578
2022-07-17 01:15:00+00:00,5870.583930782124
2022-07-17 06:30:00+00:00,5911.59736112197
2022-07-18 10:45:00+00:00,5913.617421102949
2022-07-18 11:45:00+00:00,5900.712068588562
2022-07-18 16:30:00+00:00,5902.828208213145
2022-07-18 17:15:00+00:00,5892.139684659737
2022-07-18 17:45:00+00:00,5879.32400834042
2022-07-18 18:45:00+00:00,5866.477023013595
2022-07-18 19:00:00+00:00,5853.672237155746
2022-07-18 19:45:00+00:00,5840.861650144182
2022-07-20 08:45:00+00:00,5828.096321580322
2022-07-20 15:30:00+00:00,5828.845849212479
2022-07-21 11:30:00+00:00,5815.979279261362
2022-07-21 13:15:00+00:00,5816.647853078078
2022-07-21 14:15:00+00:00,5790.788523685223
2022-07-21 20:00:00+00:00,5777.907911657152
2022-07-22 05:45:00+00:00,5779.988969099615
2022-07-22 15:15:00+00:00,5817.054222370248
2022-07-22 19:45:00+00:00,5853.937792057712
2022-07-23 00:00:00+00:00,5891.033409411044
2022-07-23 00:30:00+00:00,5878.099702826263
2022-07-23 00:45:00+00:00,5865.131522304002
2022-07-23 02:00:00+00:00,5852.208168102056
2022-07-23 04:30:00+00:00,5854.386751152691
2022-07-23 10:30:00+00:00,5880.101213240091
2022-07-23 11:15:00+00:00,5954.139158281586
2022-07-23 12:00:00+00:00,5956.168446333768
2022-07-23 13:45:00+00:00,5943.262324421023
2022-07-23 15:00:00+00:00,5945.175274594425
2022-07-23 17:45:00+00:00,5984.308801993762
2022-07-23 18:00:00+00:00,5986.200829619011
2022-07-23 18:15:00+00:00,5988.259573101988
2022-07-23 20:15:00+00:00,5975.301387917017
2022-07-23 22:15:00+00:00,5962.189242812969
2022-07-24 00:00:00+00:00,5936.1373819763285
2022-07-24 02:30:00+00:00,5923.1384570448345
2022-07-24 05:00:00+00:00,5924.935640704781
2022-07-24 08:30:00+00:00,5907.402401009211
2022-07-24 09:15:00+00:00,5944.448489415375
2022-07-24 10:30:00+00:00,5931.457411391669
2022-07-24 11:30:00+00:00,5933.493580276498
2022-07-24 14:30:00+00:00,5920.353240359748
2022-07-24 15:00:00+00:00,5907.379463587834
2022-07-24 17:30:00+00:00,5894.467744466083
2022-07-24 20:15:00+00:00,5896.306775230968
2022-07-24 22:45:00+00:00,5898.332300748099
2022-07-25 00:30:00+00:00,5935.445348341931
2022-07-25 01:45:00+00:00,5972.3569407021605
2022-07-25 05:45:00+00:00,5974.312025782209
2022-07-25 08:30:00+00:00,5976.49297739921
2022-07-25 12:00:00+00:00,5975.677226098265
2022-07-25 14:15:00+00:00,6012.870416648145
2022-07-25 14:45:00+00:00,6014.527078255941
2022-07-25 19:30:00+00:00,6051.27662676626
2022-07-25 19:45:00+00:00,6075.223189080536
2022-07-25 20:00:00+00:00,6077.2931903483795
2022-07-25 23:45:00+00:00,6125.045589512142
2022-07-26 03:15:00+00:00,6164.171023115414
2022-07-26 03:30:00+00:00,6166.3381318861275
2022-07-26 04:15:00+00:00,6155.478115034306
2022-07-26 09:45:00+00:00,6157.632375765051
2022-07-26 10:00:00+00:00,6152.359229157956
2022-07-26 12:00:00+00:00,6154.248908787186
2022-07-26 13:30:00+00:00,6157.779277937329
2022-07-26 14:00:00+00:00,6159.7320194465765
2022-07-26 15:15:00+00:00,6196.775016638491
2022-07-26 16:45:00+00:00,6198.846997322757
2022-07-26 17:00:00+00:00,6200.627198990459
2022-07-26 20:00:00+00:00,6202.640883717516
2022-07-26 21:00:00+00:00,6191.572382062675
2022-07-26 22:00:00+00:00,6178.663280201479
2022-07-26 22:15:00+00:00,6167.508345505668
2022-07-26 23:45:00+00:00,6154.34861386411
2022-07-27 01:00:00+00:00,6115.386739671147
2022-07-27 05:00:00+00:00,6117.541505164014
2022-07-27 07:00:00+00:00,6106.44318778007
2022-07-28 02:45:00+00:00,6143.55188102077
2022-07-28 09:15:00+00:00,6130.366070375754
2022-07-28 12:15:00+00:00,6132.389469960242
2022-07-28 13:45:00+00:00,6133.47999357922
2022-07-28 15:30:00+00:00,6170.620784669572
2022-07-29 18:30:00+00:00,6172.800606795067
2022-07-29 23:45:00+00:00,6159.9755556172495
2022-07-30 09:45:00+00:00,6147.180039385176
2022-07-30 19:00:00+00:00,6149.361723704014
2022-07-30 19:45:00+00:00,6136.502136101185
2022-07-30 22:00:00+00:00,6123.690709220655
2022-07-31 04:45:00+00:00,6109.1574554597155
2022-08-02 10:00:00+00:00,6111.189622592696
2022-08-02 16:15:00+00:00,6098.280982379083
2022-08-03 01:45:00+00:00,6100.251942632431
2022-08-03 03:00:00+00:00,6087.295537259256
2022-08-03 05:15:00+00:00,6074.326285142976
2022-08-03 05:30:00+00:00,6048.057707428235
2022-08-03 06:15:00+00:00,6034.553314751115
2022-08-03 07:15:00+00:00,6021.381185387726
2022-08-03 08:00:00+00:00,6007.850693367256
2022-08-03 08:30:00+00:00,5994.741157018779
2022-08-03 09:15:00+00:00,5981.762076073055
2022-08-03 10:15:00+00:00,5968.550267588595
2022-08-03 12:15:00+00:00,6005.776690252067
2022-08-03 21:00:00+00:00,5984.356586839439
2022-08-03 22:30:00+00:00,5971.467298663163
2022-08-03 23:30:00+00:00,5958.5954010933465
2022-08-04 00:15:00+00:00,5945.3595649285335
2022-08-04 01:00:00+00:00,5906.269238977017
2022-08-04 01:15:00+00:00,5893.041431495028
2022-08-04 05:00:00+00:00,5880.0284658455475
2022-08-04 12:00:00+00:00,5868.780777678383
2022-08-04 13:30:00+00:00,5855.680159916404
2022-08-04 13:45:00+00:00,5859.55305534049
2022-08-04 15:45:00+00:00,5861.6265717773795
2022-08-04 16:00:00+00:00,5863.493095460351
2022-08-04 16:45:00+00:00,5900.459736647413
2022-08-04 18:15:00+00:00,5902.328659744593
2022-08-04 23:45:00+00:00,5904.395502332956
2022-08-05 01:00:00+00:00,5899.586340200271
2022-08-05 01:30:00+00:00,5886.0920941744935
2022-08-05 01:45:00+00:00,5873.0299409221625
2022-08-05 02:30:00+00:00,5833.381983992013
2022-08-05 06:00:00+00:00,5819.876868605745
2022-08-05 14:00:00+00:00,5806.620266201126
2022-08-05 19:45:00+00:00,5808.419546395182
2022-08-05 20:00:00+00:00,5795.392897035287
2022-08-05 21:00:00+00:00,5781.948073396554
2022-08-05 22:30:00+00:00,5768.485254193556
2022-08-06 17:00:00+00:00,5755.507328860538
2022-08-06 20:15:00+00:00,5757.580494611463
2022-08-06 22:30:00+00:00,5759.644073766397
2022-08-06 23:15:00+00:00,5746.675572141581
2022-08-07 00:00:00+00:00,5748.768580952695
2022-08-07 00:45:00+00:00,5735.902265072351
2022-08-07 02:45:00+00:00,5759.529313984668
2022-08-07 05:30:00+00:00,5761.6924858751945
2022-08-07 07:45:00+00:00,5748.422884208258
2022-08-07 09:00:00+00:00,5735.450252120303
2022-08-07 10:45:00+00:00,5721.889153605129
2022-08-07 12:00:00+00:00,5708.228197210652
2022-08-07 12:45:00+00:00,5694.66102571461
2022-08-07 16:15:00+00:00,5696.133089540491
2022-08-07 16:30:00+00:00,5698.26421568412
2022-08-07 17:00:00+00:00,5684.713973791745
2022-08-07 23:00:00+00:00,5686.819253555883
2022-08-08 00:00:00+00:00,5688.78768653727
2022-08-08 00:30:00+00:00,5675.770688461631
2022-08-08 00:45:00+00:00,5677.79876255554
2022-08-08 05:15:00+00:00,5663.8154368383075
2022-08-08 06:00:00+00:00,5700.838361185622
2022-08-08 09:45:00+00:00,5739.627313598034
2022-08-08 10:30:00+00:00,5776.589656922011
2022-08-08 12:15:00+00:00,5778.245640108914
2022-08-08 13:15:00+00:00,5780.368845988273
2022-08-08 14:15:00+00:00,5767.412001221316
2022-08-08 14:30:00+00:00,5754.324942273962
2022-08-08 15:15:00+00:00,5740.945125193235
2022-08-08 16:00:00+00:00,5729.813575221372
2022-08-08 18:00:00+00:00,5716.969204838649
2022-08-08 19:15:00+00:00,5703.699435024162
2022-08-08 21:15:00+00:00,5705.582114102783
2022-08-08 22:30:00+00:00,5692.697293534849
2022-08-09 06:15:00+00:00,5694.535474469166
2022-08-09 07:15:00+00:00,5681.604023925268
2022-08-09 08:15:00+00:00,5668.701763261574
2022-08-09 08:45:00+00:00,5655.787808208934
2022-08-09 09:15:00+00:00,5642.896712503874
2022-08-09 14:00:00+00:00,5679.493453041649
2022-08-09 20:45:00+00:00,5709.373039423412
2022-08-09 21:15:00+00:00,5707.517419018551
2022-08-09 22:45:00+00:00,5709.146999046118
2022-08-10 00:30:00+00:00,5745.550804517164
2022-08-10 00:45:00+00:00,5819.193265137456
2022-08-10 01:15:00+00:00,5792.770191992885
2022-08-10 02:45:00+00:00,5794.756028671402
2022-08-10 04:30:00+00:00,5781.458083433442
2022-08-10 07:00:00+00:00,5768.400291187396
2022-08-10 07:30:00+00:00,5770.427939597838
2022-08-10 08:00:00+00:00,5757.312935952252
2022-08-10 08:30:00+00:00,5744.11569945002
2022-08-10 08:45:00+00:00,5730.638022064167
2022-08-10 11:15:00+00:00,5703.777857236156
2022-08-10 12:00:00+00:00,5690.559015244737
2022-08-10 12:30:00+00:00,5692.506480268568
2022-08-10 12:45:00+00:00,5666.084659223194
2022-08-10 18:30:00+00:00,5652.973916911213
2022-08-11 00:00:00+00:00,5689.747088229605
2022-08-11 02:15:00+00:00,5676.490086432576
2022-08-11 06:45:00+00:00,5678.340593785387
2022-08-11 07:45:00+00:00,5665.006725716183
2022-08-11 09:15:00+00:00,5652.092207226429
2022-08-11 09:45:00+00:00,5639.126204248118
2022-08-11 11:00:00+00:00,5626.1673905601965
2022-08-11 13:00:00+00:00,5613.29955790598
2022-08-11 14:30:00+00:00,5615.07234100985
2022-08-12 09:30:00+00:00,5601.721717649198
2022-08-12 10:45:00+00:00,5638.427914162368
2022-08-12 13:30:00+00:00,5625.279440443324
2022-08-12 15:15:00+00:00,5612.112840241414
2022-08-12 19:15:00+00:00,5598.920794570235
2022-08-13 05:45:00+00:00,5635.73225454373
2022-08-13 06:30:00+00:00,5622.75245133539
2022-08-13 07:45:00+00:00,5624.911371265551
2022-08-13 08:45:00+00:00,5611.938075487851
2022-08-13 10:15:00+00:00,5599.038671823447
2022-08-13 11:30:00+00:00,5586.1092551052325
2022-08-13 12:30:00+00:00,5560.13896496297
2022-08-13 15:15:00+00:00,5547.193157361032
2022-08-13 15:30:00+00:00,5549.073047284151
2022-08-13 18:15:00+00:00,5535.997316097021
2022-08-14 05:00:00+00:00,5538.091419628635
2022-08-14 06:45:00+00:00,5575.208688718723
2022-08-14 08:00:00+00:00,5562.399468745348
2022-08-14 11:30:00+00:00,5549.432664725597
2022-08-14 11:45:00+00:00,5551.617633549237
2022-08-14 15:45:00+00:00,5588.814826561097
2022-08-14 16:45:00+00:00,5591.051072562645
2022-08-15 00:00:00+00:00,5593.355156381401
2022-08-15 00:30:00+00:00,5595.386688647857
2022-08-15 02:15:00+00:00,5582.211439108682
2022-08-15 05:45:00+00:00,5556.562920473766
2022-08-15 06:15:00+00:00,5593.4403010735205
2022-08-15 06:30:00+00:00,5617.713745585058
2022-08-15 07:15:00+00:00,5619.826767748912
2022-08-15 08:00:00+00:00,5607.023659217642
2022-08-15 10:45:00+00:00,5593.98027243692
2022-08-15 13:00:00+00:00,5595.833587386316
2022-08-15 13:30:00+00:00,5597.6108120565605
2022-08-15 13:45:00+00:00,5584.751318431163
2022-08-15 15:45:00+00:00,5571.839311531533
2022-08-15 16:45:00+00:00,5558.893020083802
2022-08-15 20:15:00+00:00,5550.2515142724305
2022-08-15 23:15:00+00:00,5552.207428682323
2022-08-15 23:30:00+00:00,5539.235353350789
2022-08-16 01:00:00+00:00,5526.227583125035
2022-08-16 01:15:00+00:00,5513.269695559932
2022-08-16 03:30:00+00:00,5500.376735363498
2022-08-16 09:00:00+00:00,5487.379100087553
2022-08-16 10:30:00+00:00,5478.716632566388
2022-08-16 11:00:00+00:00,5480.666535582373
2022-08-16 14:00:00+00:00,5517.646156699116
2022-08-16 14:15:00+00:00,5519.926368906453
2022-08-16 15:45:00+00:00,5521.929695335528
2022-08-16 17:00:00+00:00,5523.856528344526
2022-08-16 19:00:00+00:00,5525.932538172276
2022-08-16 20:00:00+00:00,5513.056394884174
2022-08-17 00:15:00+00:00,5500.088341638553
2022-08-17 00:45:00+00:00,5504.4475875931175
2022-08-17 03:30:00+00:00,5491.400169033322
2022-08-17 05:00:00+00:00,5478.426601083342
2022-08-17 05:45:00+00:00,5465.299796995242
2022-08-17 07:15:00+00:00,5467.529925981951
2022-08-17 09:30:00+00:00,5454.554880586787
2022-08-17 12:15:00+00:00,5491.49039942286
2022-08-17 12:30:00+00:00,5530.279318206879
2022-08-17 14:45:00+00:00,5567.298238287658
2022-08-17 18:30:00+00:00,5569.287063115998
2022-08-17 20:00:00+00:00,5593.110443450505
2022-08-18 00:15:00+00:00,5629.99599194173
2022-08-18 00:30:00+00:00,5632.036499640262
2022-08-18 02:45:00+00:00,5625.983025135831
2022-08-18 07:00:00+00:00,5619.97278890916
2022-08-18 07:15:00+00:00,5612.98963763774
2022-08-18 09:30:00+00:00,5610.428743121533
2022-08-18 09:45:00+00:00,5597.06317369933
2022-08-18 15:00:00+00:00,5633.745377987319
2022-08-18 18:45:00+00:00,5670.69566675008
2022-08-18 20:15:00+00:00,5672.5237717811615
2022-08-18 23:00:00+00:00,5709.558761244386
2022-08-18 23:15:00+00:00,5746.32124237832
2022-08-19 06:30:00+00:00,5783.441751033986
2022-08-22 03:45:00+00:00,5770.423984993113
2022-08-22 07:30:00+00:00,5757.33189546465
2022-08-22 08:30:00+00:00,5744.258800902166
2022-08-23 01:15:00+00:00,5731.329633504882
2022-08-23 05:15:00+00:00,5718.356546800463
2022-08-23 07:00:00+00:00,5705.0347168970475
2022-08-23 09:15:00+00:00,5691.799294315249
2022-08-23 10:00:00+00:00,5693.565755680244
2022-08-23 13:30:00+00:00,5682.71813294714
2022-08-23 13:45:00+00:00,5683.478111456168
2022-08-23 14:00:00+00:00,5720.465985213233
2022-08-23 14:45:00+00:00,5707.334384329441
2022-08-23 15:00:00+00:00,5694.416303990891
2022-08-23 17:00:00+00:00,5681.5107492634415
2022-08-23 18:15:00+00:00,5718.563721926843
2022-08-23 20:30:00+00:00,5705.6565616789485
2022-08-23 21:30:00+00:00,5701.186925707323
2022-08-24 00:15:00+00:00,5703.210261522509
2022-08-24 00:30:00+00:00,5689.762744991068
2022-08-24 01:30:00+00:00,5678.457298821795
2022-08-24 01:45:00+00:00,5652.336748511913
2022-08-24 07:00:00+00:00,5639.297661682212
2022-08-24 07:30:00+00:00,5641.012393884056
2022-08-24 08:30:00+00:00,5627.99481798813
2022-08-24 14:00:00+00:00,5614.866677454825
2022-08-24 14:30:00+00:00,5616.324534894847
2022-08-24 15:45:00+00:00,5653.2020117982665
2022-08-24 16:00:00+00:00,5689.708822793841
2022-08-24 16:30:00+00:00,5691.676995529371
2022-08-24 17:45:00+00:00,5678.402458514289
2022-08-24 21:45:00+00:00,5652.081458447215
2022-08-24 22:15:00+00:00,5641.00569686493
2022-08-24 22:30:00+00:00,5601.163132774158
2022-08-24 23:30:00+00:00,5587.735552659019
2022-08-25 03:30:00+00:00,5576.507580551694
2022-08-25 05:00:00+00:00,5565.3630441678015
2022-08-25 06:15:00+00:00,5552.267604289602
2022-08-25 07:00:00+00:00,5589.107516653286
2022-08-25 09:15:00+00:00,5590.957967763038
2022-08-25 10:45:00+00:00,5577.337357062983
2022-08-25 12:15:00+00:00,5579.205364445003
2022-08-25 13:00:00+00:00,5565.487182778347
2022-08-25 14:00:00+00:00,5552.342533272261
2022-08-25 15:15:00+00:00,5554.148104136824
2022-08-25 20:30:00+00:00,5556.197345715638
2022-08-25 22:00:00+00:00,5554.101686613437
2022-08-25 22:45:00+00:00,5527.856234465054
2022-08-25 23:45:00+00:00,5529.709478137743
2022-08-26 00:00:00+00:00,5566.593333193264
2022-08-26 00:15:00+00:00,5553.4597791681135
2022-08-26 01:45:00+00:00,5540.390319295772
2022-08-26 05:15:00+00:00,5527.191003407181
2022-08-26 06:15:00+00:00,5566.11058120073
2022-08-26 08:45:00+00:00,5603.099973196882
2022-08-26 09:45:00+00:00,5590.216625573024
2022-08-26 10:30:00+00:00,5564.282380517191
2022-08-26 11:00:00+00:00,5551.395764840964
2022-08-26 13:00:00+00:00,5525.457008929402
2022-08-26 14:00:00+00:00,5527.60108086432
2022-08-26 14:30:00+00:00,5516.8773659799
2022-08-26 15:00:00+00:00,5504.074831165332
2022-08-26 21:15:00+00:00,5541.291428254108
2022-08-27 05:00:00+00:00,5578.455406457587
2022-08-27 14:30:00+00:00,5602.576853737971
2022-08-27 15:45:00+00:00,5639.655863073621
2022-08-28 07:15:00+00:00,5626.570289561588
2022-08-28 16:00:00+00:00,5613.6409064923455
2022-08-28 21:45:00+00:00,5650.649137349065
2022-08-28 23:15:00+00:00,5637.811927223695
2022-08-29 01:00:00+00:00,5625.0346485413165
2022-08-29 04:45:00+00:00,5627.28130149774
2022-08-29 05:30:00+00:00,5614.435690712333
2022-08-29 12:15:00+00:00,5651.633100750932
2022-08-29 14:15:00+00:00,5688.7777990954855
2022-08-30 01:30:00+00:00,5690.924818163075
2022-08-30 06:00:00+00:00,5678.092644263403
2022-08-30 08:45:00+00:00,5680.22842597236
2022-08-30 10:45:00+00:00,5682.322713652778
2022-08-30 11:15:00+00:00,5669.2179503636235
2022-08-30 12:15:00+00:00,5656.334604819779
2022-08-30 12:45:00+00:00,5643.266125717433
2022-08-30 13:45:00+00:00,5630.205377507265
2022-08-30 14:00:00+00:00,5617.330078246031
2022-08-30 14:30:00+00:00,5604.314823826551
2022-08-30 16:15:00+00:00,5578.31226445194
2022-08-30 16:30:00+00:00,5565.514424643858
2022-08-30 18:30:00+00:00,5552.447286521348
2022-08-30 19:00:00+00:00,5539.287271895944
2022-08-31 00:15:00+00:00,5541.213287176346
2022-08-31 01:00:00+00:00,5528.207982470753
2022-08-31 02:00:00+00:00,5515.02072706209
2022-08-31 06:30:00+00:00,5501.786045521567
2022-08-31 08:15:00+00:00,5488.563681307365
2022-08-31 14:30:00+00:00,5490.410373100377
2022-08-31 15:00:00+00:00,5477.388959376266
2022-09-01 11:00:00+00:00,5464.0994461838145
2022-09-01 13:30:00+00:00,5465.766036213768
2022-09-01 14:45:00+00:00,5502.595582771414
2022-09-01 17:15:00+00:00,5489.455363609856
2022-09-01 19:00:00+00:00,5476.445092152509
2022-09-01 20:00:00+00:00,5463.347187600613
2022-09-01 20:30:00+00:00,5437.333150203538
2022-09-01 22:00:00+00:00,5424.332390123998
2022-09-02 01:00:00+00:00,5411.376867412161
2022-09-02 03:00:00+00:00,5398.216568719285
2022-09-02 05:00:00+00:00,5400.245224231015
2022-09-02 06:00:00+00:00,5387.098827947072
2022-09-02 10:30:00+00:00,5390.772186875105
2022-09-02 12:30:00+00:00,5427.648634574832
2022-09-02 16:30:00+00:00,5466.439237044029
2022-09-02 16:45:00+00:00,5453.537069268706
2022-09-02 17:15:00+00:00,5440.586959940811
2022-09-02 18:15:00+00:00,5416.5397936533545
2022-09-02 19:15:00+00:00,5403.6166617994195
2022-09-02 21:00:00+00:00,5377.432330572712
2022-09-02 22:30:00+00:00,5379.457186600995
2022-09-02 23:45:00+00:00,5366.16307964933
2022-09-03 00:00:00+00:00,5353.071542014158
2022-09-03 05:15:00+00:00,5340.008172317638
2022-09-03 06:15:00+00:00,5326.998239716078
2022-09-03 07:45:00+00:00,5313.980819099936
2022-09-03 12:15:00+00:00,5300.672010304285
2022-09-03 13:45:00+00:00,5286.928754259868
2022-09-03 15:30:00+00:00,5323.930889046287
2022-09-03 16:45:00+00:00,5325.8913399744715
2022-09-03 18:45:00+00:00,5327.859722610675
2022-09-03 19:15:00+00:00,5328.99504457388
2022-09-03 21:00:00+00:00,5331.685570143203
2022-09-03 23:30:00+00:00,5333.6375969940145
2022-09-03 23:45:00+00:00,5319.745778940011
2022-09-04 00:15:00+00:00,5306.410206115222
2022-09-04 01:15:00+00:00,5330.030226752237
2022-09-04 02:00:00+00:00,5316.5617684226145
2022-09-04 07:45:00+00:00,5352.4644697921785
2022-09-04 08:00:00+00:00,5354.46118909164
2022-09-04 08:30:00+00:00,5340.498120789983
2022-09-04 09:00:00+00:00,5326.647389716249
2022-09-04 09:45:00+00:00,5328.600666162219
2022-09-04 11:00:00+00:00,5315.466243767279
2022-09-04 11:15:00+00:00,5301.932662350829
2022-09-04 11:45:00+00:00,5288.613025012333
2022-09-04 12:00:00+00:00,5274.842741062029
2022-09-04 12:15:00+00:00,5273.423038417456
2022-09-04 13:30:00+00:00,5260.312443467967
2022-09-04 13:45:00+00:00,5262.244816909584
2022-09-04 18:45:00+00:00,5251.300179792101
2022-09-04 19:30:00+00:00,5253.332150423016
2022-09-04 20:30:00+00:00,5253.525957274378
2022-09-04 21:45:00+00:00,5240.480570920307
2022-09-04 23:30:00+00:00,5242.161334372842
2022-09-05 00:00:00+00:00,5228.903419335077
2022-09-05 00:30:00+00:00,5230.746510961081
2022-09-05 02:00:00+00:00,5234.421071540736
2022-09-05 05:00:00+00:00,5236.364072343837
2022-09-05 07:15:00+00:00,5225.193503296232
2022-09-05 08:00:00+00:00,5227.124174469653
2022-09-05 09:15:00+00:00,5263.920393053467
2022-09-05 10:30:00+00:00,5250.940886320299
2022-09-05 11:45:00+00:00,5239.374155702958
2022-09-05 13:00:00+00:00,5225.8651318426255
2022-09-05 14:45:00+00:00,5212.329854393499
2022-09-05 15:30:00+00:00,5249.34005951616
2022-09-05 17:00:00+00:00,5235.754610729517
2022-09-06 01:45:00+00:00,5224.628012823311
2022-09-06 12:45:00+00:00,5213.48838521099
2022-09-06 13:45:00+00:00,5200.411803266988
2022-09-06 14:30:00+00:00,5187.35093437113
2022-09-06 15:45:00+00:00,5224.359975325178
2022-09-06 17:00:00+00:00,5211.462524379789
2022-09-06 20:45:00+00:00,5250.4375233769015
2022-09-07 00:30:00+00:00,5252.454643946105
2022-09-07 02:15:00+00:00,5289.462665154914
2022-09-07 03:15:00+00:00,5276.566451630526
2022-09-07 07:00:00+00:00,5263.424838826562
2022-09-07 12:45:00+00:00,5264.974135209873
2022-09-07 16:30:00+00:00,5251.646052517526
2022-09-08 00:30:00+00:00,5253.456280330929
2022-09-08 01:30:00+00:00,5240.284143855975
2022-09-08 06:30:00+00:00,5242.151093355423
2022-09-08 07:00:00+00:00,5230.729146914927
2022-09-08 07:15:00+00:00,5217.160014201563
2022-09-08 09:45:00+00:00,5205.511699444521
2022-09-08 12:15:00+00:00,5207.182504977294
2022-09-08 12:30:00+00:00,5193.865756309172
2022-09-08 13:00:00+00:00,5154.206982403882
2022-09-08 14:45:00+00:00,5191.234337032447
2022-09-08 16:00:00+00:00,5193.095806036585
2022-09-08 16:15:00+00:00,5194.96134908654
2022-09-08 19:00:00+00:00,5182.103945240666
2022-09-09 00:15:00+00:00,5219.14936648468
2022-09-09 03:00:00+00:00,5256.029054159284
2022-09-09 03:30:00+00:00,5292.995034847762
2022-09-09 04:00:00+00:00,5329.796864892832
2022-09-09 05:15:00+00:00,5366.8312306844555
2022-09-09 06:15:00+00:00,5403.480107335542
2022-09-09 08:45:00+00:00,5440.456439597176
2022-09-09 09:00:00+00:00,5442.4871796033285
2022-09-09 12:30:00+00:00,5516.193668984653
2022-09-09 13:00:00+00:00,5518.241715400842
2022-09-09 13:15:00+00:00,5505.080564457499
2022-09-09 14:30:00+00:00,5492.150511463588
2022-09-09 16:00:00+00:00,5479.227717489522
2022-09-09 17:30:00+00:00,5466.306997609912
2022-09-09 23:00:00+00:00,5503.241539867187
2022-09-09 23:15:00+00:00,5540.190367335907
2022-09-10 00:15:00+00:00,5528.885940357729
2022-09-10 07:45:00+00:00,5530.781778055923
2022-09-10 12:15:00+00:00,5517.446298023926
2022-09-12 12:00:00+00:00,5554.232156255671
2022-09-12 13:30:00+00:00,5556.403141583187
2022-09-12 14:30:00+00:00,5543.557679823553
2022-09-12 15:00:00+00:00,5530.549520589066
2022-09-12 15:30:00+00:00,5517.650116642418
2022-09-12 15:45:00+00:00,5504.795826563449
2022-09-12 16:00:00+00:00,5478.892916400918
2022-09-13 00:15:00+00:00,5481.071335737669
2022-09-13 17:15:00+00:00,5468.269781500909
2022-09-13 19:30:00+00:00,5470.352088743891
2022-09-13 20:00:00+00:00,5472.520224115054
2022-09-13 20:30:00+00:00,5474.653102095654
2022-09-13 23:00:00+00:00,5461.661548792057
2022-09-14 01:00:00+00:00,5463.7721006483625
2022-09-14 02:00:00+00:00,5450.795246724624
2022-09-14 03:00:00+00:00,5437.7986504133
2022-09-14 04:15:00+00:00,5424.71232975804
2022-09-14 04:30:00+00:00,5413.609843254249
2022-09-14 07:00:00+00:00,5400.3809097594785
2022-09-14 08:00:00+00:00,5400.795730961861
2022-09-14 08:30:00+00:00,5402.654237617416
2022-09-14 12:30:00+00:00,5391.362771637144
2022-09-14 16:30:00+00:00,5394.810614831979
2022-09-14 18:00:00+00:00,5431.831062655595
2022-09-14 18:30:00+00:00,5433.9094420882
2022-09-14 19:45:00+00:00,5400.987303871073
2022-09-14 20:30:00+00:00,5388.084636932583
2022-09-14 21:45:00+00:00,5362.001188275292
2022-09-14 22:30:00+00:00,5349.031579146906
2022-09-15 03:00:00+00:00,5386.114882983362
2022-09-15 05:00:00+00:00,5447.025451001403
2022-09-15 06:30:00+00:00,5434.164964004148
2022-09-15 06:45:00+00:00,5438.026644682152
2022-09-15 07:15:00+00:00,5399.434884223378
2022-09-15 10:00:00+00:00,5401.461277780896
2022-09-15 12:30:00+00:00,5403.584821061611
2022-09-15 14:45:00+00:00,5477.633257549288
2022-09-15 15:15:00+00:00,5514.571865237293
2022-09-15 15:30:00+00:00,5516.703680929156
2022-09-15 16:30:00+00:00,5503.697036260602
2022-09-15 19:30:00+00:00,5490.672070218243
2022-09-15 20:00:00+00:00,5477.652013932045
2022-09-15 23:30:00+00:00,5479.600493347761
2022-09-16 00:15:00+00:00,5481.282265102632
2022-09-16 00:30:00+00:00,5481.619732830052
2022-09-16 02:00:00+00:00,5518.3421584677935
2022-09-16 04:00:00+00:00,5520.484206323626
2022-09-16 07:00:00+00:00,5516.9367148495085
2022-09-16 09:15:00+00:00,5503.770863598182
2022-09-16 10:30:00+00:00,5505.806842573157
2022-09-17 15:45:00+00:00,5507.885280209541
2022-09-17 19:00:00+00:00,5510.035483211827
2022-09-17 20:00:00+00:00,5497.155897712282
2022-09-18 00:00:00+00:00,5499.2468715837995
2022-09-18 01:30:00+00:00,5486.310169053733
2022-09-19 13:45:00+00:00,5488.398469802819
2022-09-19 14:30:00+00:00,5475.391847528094
2022-09-19 19:30:00+00:00,5462.410219540296
2022-09-20 15:30:00+00:00,5499.252262621951
2022-09-20 16:15:00+00:00,5486.269095709174
2022-09-20 17:15:00+00:00,5473.312705851236
2022-09-20 21:30:00+00:00,5460.338554451528
2022-09-21 14:45:00+00:00,5446.861187444041
2022-09-21 15:15:00+00:00,5433.656605999602
2022-09-21 17:15:00+00:00,5435.346631586274
2022-09-21 17:45:00+00:00,5472.1825526547145
2022-09-21 19:15:00+00:00,5496.29793825861
2022-09-22 05:30:00+00:00,5483.477509347594
2022-09-22 07:15:00+00:00,5470.481521201118
2022-09-22 08:00:00+00:00,5457.574019849319
2022-09-22 11:00:00+00:00,5459.58736669739
2022-09-22 13:15:00+00:00,5446.612959345083
2022-09-22 13:45:00+00:00,5433.553013205297
2022-09-22 14:45:00+00:00,5420.566478108173
2022-09-22 19:30:00+00:00,5457.630963681781
2022-09-22 23:15:00+00:00,5459.5371690912425
2022-09-23 02:00:00+00:00,5496.562603811573
2022-09-23 02:15:00+00:00,5497.879547662572
2022-09-23 05:15:00+00:00,5534.844464419519
2022-09-23 07:00:00+00:00,5534.787623313649
2022-09-23 07:30:00+00:00,5508.7850809008605
2022-09-23 08:15:00+00:00,5495.365772818635
2022-09-23 09:30:00+00:00,5455.945798192098
2022-09-23 10:45:00+00:00,5457.555521284902
2022-09-23 13:45:00+00:00,5431.270562562514
2022-09-23 19:15:00+00:00,5468.428313540995
2022-09-23 21:00:00+00:00,5455.669459110554
2022-09-24 00:15:00+00:00,5457.887455307721
2022-09-24 01:45:00+00:00,5495.052071881133
2022-09-24 03:15:00+00:00,5482.29351232176
2022-09-24 04:00:00+00:00,5484.399896308083
2022-09-24 04:45:00+00:00,5521.013867636465
2022-09-24 06:30:00+00:00,5522.631376357153
2022-09-24 07:00:00+00:00,5509.714935265423
2022-09-24 10:00:00+00:00,5494.280480324138
2022-09-24 12:45:00+00:00,5481.408660610369
2022-09-24 13:30:00+00:00,5483.534578000497
2022-09-24 13:45:00+00:00,5481.536284145997
2022-09-24 14:00:00+00:00,5483.527831089345
2022-09-24 14:15:00+00:00,5470.228453630301
2022-09-24 15:00:00+00:00,5457.270599866712
2022-09-24 18:00:00+00:00,5444.430614238154
2022-09-24 20:45:00+00:00,5438.8627436835295
2022-09-24 21:15:00+00:00,5430.489080010031
2022-09-24 22:00:00+00:00,5404.136381453053
2022-09-25 12:45:00+00:00,5391.202814405317
2022-09-25 13:45:00+00:00,5378.239192886337
2022-09-25 22:15:00+00:00,5380.112579348822
2022-09-26 00:00:00+00:00,5367.071086700574
2022-09-26 01:30:00+00:00,5354.064993334645
2022-09-26 14:30:00+00:00,5341.061844720673
2022-09-26 22:00:00+00:00,5342.829311047428
2022-09-27 01:30:00+00:00,5379.684904951847
2022-09-27 03:00:00+00:00,5416.517827748333
2022-09-27 05:15:00+00:00,5403.527898562534
2022-09-27 09:00:00+00:00,5405.455337529857
2022-09-27 11:00:00+00:00,5407.121725206233
2022-09-27 12:00:00+00:00,5410.553934958747
2022-09-27 12:45:00+00:00,5397.6571751312795
2022-09-27 13:00:00+00:00,5384.075615084847
2022-09-27 13:45:00+00:00,5385.905436648061
2022-09-27 14:00:00+00:00,5387.485514240384
2022-09-27 15:45:00+00:00,5374.39774503903
2022-09-27 16:00:00+00:00,5350.006404914606
2022-09-27 16:15:00+00:00,5336.758148218134
2022-09-27 16:30:00+00:00,5323.788237657855
2022-09-27 22:15:00+00:00,5297.90706548301
2022-09-27 23:30:00+00:00,5287.773408921637
2022-09-28 01:30:00+00:00,5324.85938408187
2022-09-28 05:45:00+00:00,5363.882652463834
2022-09-28 07:30:00+00:00,5365.829999938596
2022-09-28 10:00:00+00:00,5367.781553969185
2022-09-28 10:15:00+00:00,5366.3054104540315
2022-09-28 10:30:00+00:00,5368.252811321269
2022-09-28 14:30:00+00:00,5342.447484355087
2022-09-28 18:30:00+00:00,5344.59179676692
2022-09-29 05:30:00+00:00,5331.070278130078
2022-09-29 07:00:00+00:00,5317.54451944673
2022-09-29 08:30:00+00:00,5304.097146111435
2022-09-29 12:00:00+00:00,5305.698179538059
2022-09-30 14:45:00+00:00,5292.626989781898
2022-10-01 08:00:00+00:00,5292.225434260344
2022-10-01 16:30:00+00:00,5329.274673772814
2022-10-01 17:15:00+00:00,5365.883821665299
2022-10-01 18:45:00+00:00,5367.720573993205
2022-10-01 20:30:00+00:00,5369.527987936874
2022-10-02 00:15:00+00:00,5356.355625172299
2022-10-02 01:45:00+00:00,5342.941345718737
2022-10-02 04:00:00+00:00,5329.709004369094
2022-10-02 05:30:00+00:00,5316.3519727571165
2022-10-02 11:15:00+00:00,5302.923430395774
2022-10-02 16:00:00+00:00,5304.613435082427
2022-10-02 16:45:00+00:00,5306.246453951041
2022-10-02 19:00:00+00:00,5307.8401035219185
2022-10-02 21:45:00+00:00,5282.789579366051
2022-10-02 22:00:00+00:00,5284.518292986632
2022-10-02 23:00:00+00:00,5357.949731507563
2022-10-03 00:15:00+00:00,5392.858062396678
2022-10-03 01:15:00+00:00,5382.626795553987
2022-10-03 01:45:00+00:00,5369.5658445794825
2022-10-03 02:00:00+00:00,5356.568084887726
2022-10-03 05:45:00+00:00,5358.315853218265
2022-10-03 06:00:00+00:00,5360.182757750645
2022-10-03 10:30:00+00:00,5360.896026815952
2022-10-03 13:15:00+00:00,5334.469842873363
2022-10-04 14:30:00+00:00,5336.206105809493
2022-10-04 16:45:00+00:00,5373.2342426701525
2022-10-04 17:15:00+00:00,5359.953042491431
2022-10-04 19:00:00+00:00,5361.682812807409
2022-10-04 22:15:00+00:00,5363.428266750611
2022-10-05 00:30:00+00:00,5349.845470469909
2022-10-05 01:00:00+00:00,5336.4680393782
2022-10-05 03:30:00+00:00,5322.938845903747
2022-10-05 07:15:00+00:00,5324.212602319585
2022-10-05 08:00:00+00:00,5326.4272810921275
2022-10-05 12:15:00+00:00,5299.628319540431
2022-10-05 13:00:00+00:00,5286.6448624826435
2022-10-05 16:00:00+00:00,5323.712108253665
2022-10-05 22:45:00+00:00,5323.06319625749
2022-10-07 19:30:00+00:00,5322.743955734474
2022-10-08 00:15:00+00:00,5324.178577325702
2022-10-08 07:00:00+00:00,5319.407407335571
2022-10-08 14:45:00+00:00,5315.742722878658
2022-10-08 16:30:00+00:00,5301.524662088045
2022-10-08 21:00:00+00:00,5337.204655752054
2022-10-08 21:30:00+00:00,5373.328163868308
2022-10-09 05:15:00+00:00,5370.005797831325
2022-10-09 06:45:00+00:00,5356.031581469922
2022-10-09 10:15:00+00:00,5341.8923272331285
2022-10-09 14:30:00+00:00,5342.649108164887
2022-10-09 15:30:00+00:00,5328.4086811804555
2022-10-09 19:00:00+00:00,5364.132067567317
2022-10-09 22:15:00+00:00,5336.783995348841
2022-10-10 00:45:00+00:00,5322.856310632104
2022-10-10 10:00:00+00:00,5309.199649139135
2022-10-10 12:30:00+00:00,5268.613981360704
2022-10-10 21:30:00+00:00,5305.169273140199
2022-10-10 22:00:00+00:00,5341.814830117625
2022-10-10 23:45:00+00:00,5378.658237012965
2022-10-11 00:00:00+00:00,5415.328395826249
2022-10-11 06:45:00+00:00,5448.089141199156
2022-10-11 07:30:00+00:00,5425.452146615538
2022-10-11 11:00:00+00:00,5413.512799357664
2022-10-11 12:00:00+00:00,5399.911666012199
2022-10-11 12:15:00+00:00,5373.109458337324
2022-10-11 14:00:00+00:00,5409.517465860329
2022-10-11 14:15:00+00:00,5405.752435861861
2022-10-11 15:15:00+00:00,5407.517796601648
2022-10-11 15:30:00+00:00,5394.226419938147
2022-10-11 16:45:00+00:00,5381.302940150934
2022-10-11 20:15:00+00:00,5383.340454451866
2022-10-12 00:15:00+00:00,5370.2151735426305
2022-10-12 00:45:00+00:00,5371.887654048337
2022-10-12 04:15:00+00:00,5358.752211513219
2022-10-12 15:15:00+00:00,5360.860476188353
2022-10-13 13:45:00+00:00,5348.136439804265
2022-10-14 01:30:00+00:00,5385.268612004112
2022-10-14 05:30:00+00:00,5372.119096118126
2022-10-14 07:15:00+00:00,5358.669624013005
2022-10-14 07:30:00+00:00,5332.464314118675
2022-10-14 11:30:00+00:00,5334.0077518490025
2022-10-14 12:30:00+00:00,5335.6942268831235
2022-10-14 14:00:00+00:00,5337.243957467206
2022-10-14 15:15:00+00:00,5327.59977339327
2022-10-14 16:00:00+00:00,5301.3536924958225
2022-10-14 18:15:00+00:00,5275.3623447314185
2022-10-14 21:30:00+00:00,5249.31439201985
2022-10-14 21:45:00+00:00,5236.2519807285935
2022-10-15 08:30:00+00:00,5238.059274552546
2022-10-15 21:00:00+00:00,5239.684201459319
2022-10-17 10:15:00+00:00,5226.5406930549225
2022-10-17 11:15:00+00:00,5213.341989106434
2022-10-17 12:30:00+00:00,5200.142710546218
2022-10-17 13:30:00+00:00,5187.0018326975405
2022-10-17 22:45:00+00:00,5182.9943719847315
2022-10-18 01:30:00+00:00,5168.787590614641
2022-10-18 03:30:00+00:00,5155.727215863323
2022-10-18 07:45:00+00:00,5142.462224833589
2022-10-18 08:30:00+00:00,5128.405371436268
2022-10-18 13:45:00+00:00,5129.384448990279
2022-10-18 14:15:00+00:00,5116.038321425985
2022-10-18 16:15:00+00:00,5117.871910004877
2022-10-18 17:45:00+00:00,5104.7885246760525
2022-10-18 18:30:00+00:00,5091.780597595777
2022-10-18 19:00:00+00:00,5115.457213777654
2022-10-18 20:00:00+00:00,5102.394466920482
2022-10-18 20:45:00+00:00,5089.29927626581
2022-10-19 06:15:00+00:00,5091.328272134907
2022-10-19 06:30:00+00:00,5128.24964766356
2022-10-19 12:45:00+00:00,5130.064965782431
2022-10-19 13:30:00+00:00,5116.792057970084
2022-10-19 14:15:00+00:00,5103.555965294612
2022-10-19 15:45:00+00:00,5090.415464500825
2022-10-19 20:00:00+00:00,5077.254316941768
2022-10-19 22:30:00+00:00,5051.208239251496
2022-10-20 00:00:00+00:00,5089.633196275911
2022-10-20 01:15:00+00:00,5091.618878572974
2022-10-20 02:15:00+00:00,5080.5034528925125
2022-10-20 02:30:00+00:00,5067.4959043105555
2022-10-20 04:00:00+00:00,5054.377719977607
2022-10-20 04:15:00+00:00,5041.293089625266
2022-10-20 04:45:00+00:00,5028.224447205359
2022-10-20 09:00:00+00:00,5014.864773688847
2022-10-20 11:30:00+00:00,5011.575341710197
2022-10-20 12:30:00+00:00,4998.16730230354
2022-10-20 14:15:00+00:00,4999.910585430964
2022-10-20 16:00:00+00:00,4986.515234591884
2022-10-20 17:45:00+00:00,4988.07436968571
2022-10-20 18:00:00+00:00,5024.5493349693315
2022-10-20 19:45:00+00:00,5011.349888481981
2022-10-20 20:45:00+00:00,5011.799319178271
2022-10-20 21:45:00+00:00,5013.76369897791
2022-10-21 00:15:00+00:00,5050.615711741084
2022-10-21 01:15:00+00:00,5037.642298892952
2022-10-21 02:00:00+00:00,5039.688161360496
2022-10-21 04:30:00+00:00,5039.022039123597
2022-10-21 07:30:00+00:00,5035.110171040358
2022-10-21 08:30:00+00:00,5071.970572108096
2022-10-21 09:45:00+00:00,5058.771249478892
2022-10-21 12:00:00+00:00,5094.44860261577
2022-10-21 12:15:00+00:00,5132.766080797009
2022-10-21 12:30:00+00:00,5134.703615729997
2022-10-21 12:45:00+00:00,5121.253055710073
2022-10-21 13:00:00+00:00,5108.048965169399
2022-10-21 13:45:00+00:00,5094.758231746294
2022-10-21 16:00:00+00:00,5057.446034931148
2022-10-21 17:30:00+00:00,5044.5355504779955
2022-10-22 13:30:00+00:00,5046.086612577828
2022-10-22 16:00:00+00:00,5032.8331831277155
2022-10-22 16:30:00+00:00,5019.386233119988
2022-10-22 19:00:00+00:00,5020.86666991248
2022-10-22 23:30:00+00:00,5022.35927878678
2022-10-23 00:30:00+00:00,5009.006376611514
2022-10-23 01:00:00+00:00,5010.724579041096
2022-10-23 03:30:00+00:00,5012.414521633936
2022-10-23 11:00:00+00:00,4998.898733760959
2022-10-24 01:00:00+00:00,4985.553584705622
2022-10-24 01:15:00+00:00,4986.709818180092
2022-10-24 01:45:00+00:00,4973.550726113065
2022-10-24 03:00:00+00:00,4933.140276890716
2022-10-24 04:00:00+00:00,4919.198586017353
2022-10-24 12:15:00+00:00,4920.29366106668
2022-10-25 05:15:00+00:00,4907.094047771884
2022-10-25 15:30:00+00:00,4943.140449348591
2022-10-25 16:00:00+00:00,4980.026820739749
2022-10-25 16:15:00+00:00,5016.639713564288
2022-10-25 17:00:00+00:00,5053.204075728095
2022-10-25 17:30:00+00:00,5163.3938707141515
2022-10-25 18:00:00+00:00,5165.571086596606
2022-10-25 20:00:00+00:00,5167.278204693364
2022-10-25 20:15:00+00:00,5141.63105247973
2022-10-25 20:30:00+00:00,5143.454480947814
2022-10-25 23:45:00+00:00,5130.272549161004
2022-10-26 03:00:00+00:00,5167.448647880623
2022-10-26 09:00:00+00:00,5204.171334054893
2022-10-26 10:00:00+00:00,5206.108206603968
2022-10-26 12:00:00+00:00,5208.322825485094
2022-10-26 12:15:00+00:00,5195.172896766521
2022-10-26 13:30:00+00:00,5169.346812883281
2022-10-26 14:15:00+00:00,5193.284065356332
2022-10-26 14:30:00+00:00,5195.318911978485
2022-10-26 15:45:00+00:00,5182.484102420224
2022-10-26 17:00:00+00:00,5219.642606102438
2022-10-26 17:15:00+00:00,5206.809526081618
2022-10-26 23:00:00+00:00,5243.50025464108
2022-10-27 00:00:00+00:00,5280.768414353929
2022-10-27 03:30:00+00:00,5318.029336598217
2022-10-27 06:30:00+00:00,5355.283659752835
2022-10-27 09:00:00+00:00,5342.58110565104
2022-10-27 10:00:00+00:00,5329.870947969841
2022-10-27 19:00:00+00:00,5367.150935828394
2022-10-27 19:45:00+00:00,5369.426894523318
2022-10-27 20:15:00+00:00,5356.756685114581
2022-10-29 02:45:00+00:00,5393.804230259113
2022-10-29 05:45:00+00:00,5380.762455339425
2022-10-29 10:15:00+00:00,5382.673928859698
2022-10-30 04:30:00+00:00,5384.767800625859
2022-10-30 08:30:00+00:00,5371.849606223235
2022-10-30 09:45:00+00:00,5358.930764248964
2022-10-30 14:15:00+00:00,5345.715248981862
2022-10-31 02:15:00+00:00,5382.49738590692
2022-10-31 03:00:00+00:00,5369.429924524252
2022-10-31 04:45:00+00:00,5356.336647409023
2022-10-31 13:15:00+00:00,5393.470395948818
2022-10-31 13:45:00+00:00,5380.632099460567
2022-10-31 14:30:00+00:00,5417.481445071455
2022-10-31 20:30:00+00:00,5404.466007334027
2022-11-01 16:00:00+00:00,5391.364781049649
2022-11-01 18:45:00+00:00,5378.224743603808
2022-11-02 00:00:00+00:00,5415.058673051011
2022-11-02 07:15:00+00:00,5451.730465903095
2022-11-02 08:45:00+00:00,5474.797810312792
2022-11-02 09:00:00+00:00,5461.585814021519
2022-11-02 10:00:00+00:00,5535.108414935438
2022-11-02 14:00:00+00:00,5522.016845384232
2022-11-02 14:15:00+00:00,5509.0061382390095
2022-11-02 14:45:00+00:00,5495.9159228732515
2022-11-02 16:45:00+00:00,5482.74292393241
2022-11-02 18:00:00+00:00,5486.44327002389
2022-11-02 18:30:00+00:00,5497.7569970864
2022-11-02 19:15:00+00:00,5534.899542132823
2022-11-02 20:15:00+00:00,5609.310341605028
2022-11-03 00:30:00+00:00,5596.563137982684
2022-11-03 01:45:00+00:00,5596.153726088055
2022-11-03 02:00:00+00:00,5594.6383915087545
2022-11-03 03:45:00+00:00,5581.955451950452
2022-11-03 08:45:00+00:00,5583.822470160919
2022-11-03 09:30:00+00:00,5570.493641300562
2022-11-03 09:45:00+00:00,5571.924564498783
2022-11-03 11:30:00+00:00,5610.094307489617
2022-11-03 11:45:00+00:00,5646.759867657693
2022-11-03 13:00:00+00:00,5647.98576759989
2022-11-03 14:15:00+00:00,5636.110372012402
2022-11-04 00:15:00+00:00,5626.53561283224
2022-11-04 03:15:00+00:00,5615.610437734894
2022-11-04 03:45:00+00:00,5604.496212706877
2022-11-04 04:15:00+00:00,5591.488823811777
2022-11-04 06:00:00+00:00,5578.525912051962
2022-11-04 10:30:00+00:00,5567.972809906563
2022-11-04 11:00:00+00:00,5555.169602924162
2022-11-04 12:00:00+00:00,5542.215997794823
2022-11-04 12:30:00+00:00,5544.525897221317
2022-11-04 13:15:00+00:00,5531.800493244825
2022-11-04 14:15:00+00:00,5519.0924604794955
2022-11-04 15:15:00+00:00,5521.213409052447
2022-11-04 15:45:00+00:00,5523.412015146389
2022-11-04 20:45:00+00:00,5525.710750288821
2022-11-04 22:30:00+00:00,5512.91472638268
2022-11-05 00:30:00+00:00,5515.100479427026
2022-11-05 04:30:00+00:00,5502.302799083033
2022-11-05 13:15:00+00:00,5504.437921096068
2022-11-05 16:30:00+00:00,5506.647849981138
2022-11-05 23:00:00+00:00,5508.809673531358
2022-11-07 07:00:00+00:00,5545.987325945828
2022-11-07 08:45:00+00:00,5548.1485269806835
2022-11-07 09:15:00+00:00,5535.302807436531
2022-11-07 10:15:00+00:00,5522.360264720124
2022-11-07 14:30:00+00:00,5524.569451910514
2022-11-07 15:15:00+00:00,5511.75785450111
2022-11-07 15:30:00+00:00,5513.725219525397
2022-11-07 15:45:00+00:00,5500.909954844943
2022-11-07 16:15:00+00:00,5487.880267464444
2022-11-07 19:00:00+00:00,5474.930368504553
2022-11-07 22:15:00+00:00,5549.217251291749
2022-11-07 23:15:00+00:00,5536.324560023163
2022-11-08 03:15:00+00:00,5573.263748153037
2022-11-08 04:00:00+00:00,5684.7934242507945
2022-11-08 04:15:00+00:00,5672.029418433081
2022-11-08 05:00:00+00:00,5709.244080615601
2022-11-08 05:45:00+00:00,5711.271532021728
2022-11-08 06:30:00+00:00,5713.482348126451
2022-11-08 07:45:00+00:00,5700.794218290539
2022-11-08 09:30:00+00:00,5688.051904925635
2022-11-08 14:45:00+00:00,5675.196034699788
2022-11-08 15:45:00+00:00,5677.105234957407
2022-11-08 16:00:00+00:00,5681.501957617277
2022-11-08 16:30:00+00:00,5668.609695676207
2022-11-08 17:15:00+00:00,5655.980095504404
2022-11-08 18:30:00+00:00,5658.334964808435
2022-11-08 19:15:00+00:00,5695.589368062302
2022-11-08 19:30:00+00:00,5732.950843902599
2022-11-09 01:30:00+00:00,5769.128104368149
2022-11-09 02:00:00+00:00,5766.241511752413
2022-11-09 02:15:00+00:00,5764.776332548407
2022-11-09 03:45:00+00:00,5766.978529682626
2022-11-09 09:30:00+00:00,5804.276142522172
2022-11-09 10:00:00+00:00,5841.45976646172
2022-11-09 10:30:00+00:00,5881.121113801763
2022-11-09 10:45:00+00:00,5868.45946245089
2022-11-09 11:45:00+00:00,5855.832274570011
2022-11-09 12:00:00+00:00,5843.178879984184
2022-11-09 12:45:00+00:00,5830.403057010286
2022-11-09 14:45:00+00:00,5817.668304841486
2022-11-09 18:30:00+00:00,5857.2771275869145
2022-11-09 21:15:00+00:00,5894.622837921856
2022-11-09 22:15:00+00:00,5919.385772052946
2022-11-10 03:00:00+00:00,5921.730094663647
2022-11-10 12:00:00+00:00,5924.035443986735
2022-11-10 13:30:00+00:00,5911.2943421959335
2022-11-10 15:00:00+00:00,5898.593109346999
2022-11-12 06:45:00+00:00,5885.681880309984
2022-11-12 07:15:00+00:00,5872.925127181909
2022-11-12 13:30:00+00:00,5860.291254316506
2022-11-12 20:15:00+00:00,5861.079942163104
2022-11-12 23:00:00+00:00,5848.310855790266
2022-11-13 06:15:00+00:00,5850.597871295469
2022-11-14 00:15:00+00:00,5887.778739232387
2022-11-14 08:00:00+00:00,5874.996477227284
2022-11-15 09:15:00+00:00,5877.180293355986
2022-11-15 18:30:00+00:00,5879.365114624837
2022-11-16 01:15:00+00:00,5883.32791326299
2022-11-16 01:45:00+00:00,5870.223460413966
2022-11-16 08:30:00+00:00,5872.35574526673
2022-11-16 13:30:00+00:00,5874.107063795185
2022-11-16 14:30:00+00:00,5876.009492155721
2022-11-16 16:15:00+00:00,5878.072811190534
2022-11-16 22:00:00+00:00,5875.433596703361
2022-11-16 23:00:00+00:00,5870.3970797516595
2022-11-17 00:45:00+00:00,5843.385532702415
2022-11-17 04:00:00+00:00,5880.291251293883
2022-11-17 05:15:00+00:00,5903.959349323281
2022-11-17 09:30:00+00:00,5927.644178353151
2022-11-17 09:45:00+00:00,5964.477872618003
2022-11-17 11:00:00+00:00,5951.409956212989
2022-11-17 12:00:00+00:00,5938.284029032013
2022-11-17 13:30:00+00:00,5940.039562666413
2022-11-17 16:00:00+00:00,5941.9233981648285
2022-11-19 00:00:00+00:00,5943.1510560231845
2022-11-19 11:45:00+00:00,5929.788842931636
2022-11-19 22:15:00+00:00,5965.971357400153
2022-11-20 00:00:00+00:00,5952.530723656005
2022-11-20 06:15:00+00:00,5939.1343726307
2022-11-20 11:30:00+00:00,5975.9968394530715
2022-11-20 20:15:00+00:00,6013.039720511272
2022-11-20 21:45:00+00:00,6050.099896170434
2022-11-21 00:45:00+00:00,6052.186652312405
2022-11-21 04:15:00+00:00,6039.045349222743
2022-11-21 09:45:00+00:00,6028.120256892221
2022-11-21 13:00:00+00:00,6014.918742127112
2022-11-21 13:15:00+00:00,6004.070286272742
2022-11-21 18:45:00+00:00,6006.120383451435
2022-11-21 19:15:00+00:00,6042.862465937621
2022-11-21 20:00:00+00:00,6066.96547431978
2022-11-21 22:15:00+00:00,6056.1499058789495
2022-11-22 05:00:00+00:00,6054.289407452569
2022-11-22 05:45:00+00:00,6041.4149005720255
2022-11-22 06:30:00+00:00,6028.534259077332
2022-11-22 13:00:00+00:00,6065.675888845819
2022-11-22 17:30:00+00:00,6067.846465290484
2022-11-22 22:15:00+00:00,6069.980251719483
2022-11-23 02:15:00+00:00,6106.897210123201
2022-11-23 05:00:00+00:00,6146.048722301854
2022-11-23 08:00:00+00:00,6182.947208541203
2022-11-23 08:15:00+00:00,6184.8186212283945
2022-11-23 09:30:00+00:00,6186.895790308095
2022-11-23 10:00:00+00:00,6189.028315366169
2022-11-23 12:15:00+00:00,6190.51956717324
2022-11-23 12:30:00+00:00,6177.534459095258
2022-11-23 12:45:00+00:00,6179.366125815525
2022-11-23 13:45:00+00:00,6165.867229029421
2022-11-23 15:15:00+00:00,6154.634363524184
2022-11-23 16:45:00+00:00,6141.1772265028
2022-11-23 18:45:00+00:00,6165.046630925914
2022-11-23 19:00:00+00:00,6201.5786606822885
2022-11-24 01:45:00+00:00,6275.485390738937
2022-11-24 07:45:00+00:00,6277.505495533662
2022-11-24 08:15:00+00:00,6264.487840530095
2022-11-24 14:15:00+00:00,6251.354625921081
2022-11-24 16:30:00+00:00,6256.858446129016
2022-11-24 18:15:00+00:00,6244.069223497978
2022-11-24 23:15:00+00:00,6245.586645662265
2022-11-25 00:00:00+00:00,6232.148848410063
2022-11-25 02:00:00+00:00,6220.97865434662
2022-11-25 04:30:00+00:00,6207.727202204787
2022-11-25 08:15:00+00:00,6194.881058029878
2022-11-25 09:45:00+00:00,6196.5884710253595
2022-11-25 11:00:00+00:00,6233.619763646248
2022-11-25 11:15:00+00:00,6270.285726216458
2022-11-25 11:30:00+00:00,6257.5126815328185
2022-11-25 13:00:00+00:00,6244.689020491094
2022-11-25 20:45:00+00:00,6233.674864602546
2022-11-26 00:30:00+00:00,6270.834394704878
2022-11-26 01:00:00+00:00,6307.5929628173535
2022-11-26 02:30:00+00:00,6309.818617564754
2022-11-26 04:00:00+00:00,6297.047456437353
2022-11-26 11:45:00+00:00,6298.47883487089
2022-11-26 14:45:00+00:00,6300.546113517324
2022-11-27 23:00:00+00:00,6302.851908049331
2022-11-28 04:15:00+00:00,6289.916197227379
2022-11-28 07:45:00+00:00,6276.99639619636
2022-11-28 09:00:00+00:00,6263.761821595617
2022-11-28 11:15:00+00:00,6264.095993418073
2022-11-28 14:00:00+00:00,6265.810450647812
2022-11-28 14:30:00+00:00,6252.376036229446
2022-11-28 16:30:00+00:00,6242.51029912755
2022-11-28 17:00:00+00:00,6229.449451644289
2022-11-29 01:45:00+00:00,6231.427172926931
2022-11-29 04:15:00+00:00,6218.226511335058
2022-11-30 08:00:00+00:00,6205.300597485212
2022-11-30 17:15:00+00:00,6242.203605694931
2022-11-30 18:30:00+00:00,6266.073272196627
2022-11-30 19:00:00+00:00,6241.811934486995
2022-11-30 19:15:00+00:00,6215.760326703261
2022-11-30 22:45:00+00:00,6202.887547443189
2022-12-01 08:15:00+00:00,6183.704921504556
2022-12-01 11:00:00+00:00,6169.412900201768
2022-12-01 22:00:00+00:00,6167.363757256648
2022-12-02 01:45:00+00:00,6203.924869651556
2022-12-02 02:15:00+00:00,6190.743398265744
2022-12-02 05:00:00+00:00,6192.585054780032
2022-12-02 09:15:00+00:00,6179.341772404499
2022-12-02 11:30:00+00:00,6165.826565670205
2022-12-02 13:30:00+00:00,6202.300977319601
2022-12-02 14:45:00+00:00,6190.984666735267
2022-12-02 15:00:00+00:00,6178.055940427391
2022-12-02 17:00:00+00:00,6164.6758185525605
2022-12-02 20:15:00+00:00,6143.366954751629
2022-12-02 21:15:00+00:00,6129.980365615163
2022-12-03 02:00:00+00:00,6116.79527109687
2022-12-03 06:00:00+00:00,6103.584970260627
2022-12-03 10:00:00+00:00,6090.368480865056
2022-12-03 11:00:00+00:00,6077.184793466136
2022-12-03 14:15:00+00:00,6079.000778615979
2022-12-03 19:45:00+00:00,6115.746097869145
2022-12-03 20:45:00+00:00,6102.573236700973
2022-12-03 21:00:00+00:00,6099.330425255305
2022-12-03 22:30:00+00:00,6086.194817584328
2022-12-03 23:30:00+00:00,6073.102171627655
2022-12-04 01:30:00+00:00,6109.998149420267
2022-12-04 02:15:00+00:00,6096.896017878948
2022-12-04 04:45:00+00:00,6083.737192684398
2022-12-04 09:15:00+00:00,6070.3925647122305
2022-12-04 12:45:00+00:00,6072.187566658219
2022-12-04 13:45:00+00:00,6073.876135442102
2022-12-05 00:00:00+00:00,6110.513654261854
2022-12-05 02:15:00+00:00,6147.26667655781
2022-12-05 07:00:00+00:00,6149.15197883276
2022-12-05 09:00:00+00:00,6150.95627347608
2022-12-05 12:00:00+00:00,6137.817085394155
2022-12-05 12:45:00+00:00,6124.597011847621
2022-12-05 14:15:00+00:00,6111.397561975192
2022-12-05 21:15:00+00:00,6098.295446634787
2022-12-05 21:30:00+00:00,6084.853087801901
2022-12-06 00:45:00+00:00,6071.352531303331
2022-12-06 01:00:00+00:00,6057.690232339707
2022-12-06 04:45:00+00:00,6060.794959800729
2022-12-06 07:15:00+00:00,6062.507134833546
2022-12-06 08:45:00+00:00,6064.087916508627
2022-12-06 09:30:00+00:00,6050.945111035021
2022-12-06 10:00:00+00:00,6087.310355947907
2022-12-06 11:00:00+00:00,6084.710262693614
2022-12-06 11:15:00+00:00,6071.528707557767
2022-12-06 11:30:00+00:00,6065.55856454623
2022-12-06 13:15:00+00:00,6052.494656180208
2022-12-06 15:15:00+00:00,6054.0543075428695
2022-12-06 17:00:00+00:00,6092.650136933118
2022-12-06 18:00:00+00:00,6094.4612176881665
2022-12-06 19:15:00+00:00,6131.390474631914
2022-12-06 20:30:00+00:00,6133.060693063774
2022-12-06 23:00:00+00:00,6119.617264408319
2022-12-06 23:30:00+00:00,6158.4411510205455
2022-12-07 00:30:00+00:00,6132.221023560594
2022-12-07 00:45:00+00:00,6118.998467446744
2022-12-07 03:15:00+00:00,6105.752835141728
2022-12-07 04:15:00+00:00,6107.609535674317
2022-12-07 05:30:00+00:00,6094.213537593893
2022-12-07 06:45:00+00:00,6080.753991927119
2022-12-07 07:00:00+00:00,6117.725187745645
2022-12-07 07:45:00+00:00,6104.55473352828
2022-12-07 08:15:00+00:00,6101.418367855593
2022-12-07 08:30:00+00:00,6103.2125665294625
2022-12-07 09:30:00+00:00,6090.39376215367
2022-12-07 13:15:00+00:00,6076.750889376103
2022-12-07 14:30:00+00:00,6063.500125097239
2022-12-07 22:00:00+00:00,6063.973635477562
2022-12-08 00:15:00+00:00,6052.466243020782
2022-12-08 07:15:00+00:00,6054.139491854596
2022-12-09 03:30:00+00:00,6055.397872694079
2022-12-09 08:00:00+00:00,6058.455694545283
2022-12-09 10:15:00+00:00,6059.280931221046
2022-12-09 13:30:00+00:00,6045.875047889223
2022-12-11 22:30:00+00:00,6082.579393135324
2022-12-12 02:45:00+00:00,6119.575541981347
2022-12-12 07:00:00+00:00,6143.264168075806
2022-12-12 09:00:00+00:00,6144.620669655133
2022-12-12 09:30:00+00:00,6145.800637979032
2022-12-12 10:15:00+00:00,6114.544816693974
2022-12-12 12:15:00+00:00,6150.7830641705905
2022-12-12 13:00:00+00:00,6152.474275932422
2022-12-12 14:15:00+00:00,6154.004125957658
2022-12-12 18:00:00+00:00,6142.070865856566
2022-12-12 19:45:00+00:00,6144.0127281606165
2022-12-12 20:45:00+00:00,6130.614344153041
2022-12-12 21:00:00+00:00,6117.371214381813
2022-12-12 21:30:00+00:00,6096.44727981536
2022-12-12 23:45:00+00:00,6097.718083042687
2022-12-13 00:00:00+00:00,6084.608885583918
2022-12-13 02:15:00+00:00,6121.469123321962
2022-12-13 03:45:00+00:00,6158.370674516246
2022-12-13 04:00:00+00:00,6194.794685046045
2022-12-13 06:30:00+00:00,6231.739323320348
2022-12-13 07:00:00+00:00,6255.103823507886
2022-12-13 07:30:00+00:00,6241.579227989435
2022-12-13 08:30:00+00:00,6228.410962251075
2022-12-13 09:15:00+00:00,6215.257219641483
2022-12-13 09:45:00+00:00,6203.8653964157065
2022-12-13 15:15:00+00:00,6177.509848604738
2022-12-14 02:00:00+00:00,6179.44298149923
2022-12-14 12:30:00+00:00,6216.003603283501
2022-12-14 13:30:00+00:00,6202.763210709709
2022-12-14 15:15:00+00:00,6239.547191698235
2022-12-14 16:30:00+00:00,6262.882892854332
2022-12-14 18:45:00+00:00,6264.9547156507715
2022-12-14 19:30:00+00:00,6252.155921812848
2022-12-15 01:30:00+00:00,6239.387157490463
2022-12-15 09:30:00+00:00,6234.7272821952965
2022-12-15 13:00:00+00:00,6236.861519201162
2022-12-15 18:45:00+00:00,6273.644672016556
2022-12-15 19:15:00+00:00,6297.041462510651
2022-12-16 00:30:00+00:00,6298.854519874077
2022-12-16 00:45:00+00:00,6300.759441029782
2022-12-16 02:30:00+00:00,6287.589267403206
2022-12-16 06:45:00+00:00,6280.699116784826
2022-12-16 07:00:00+00:00,6267.4356184761355
2022-12-16 07:45:00+00:00,6252.808471946252
2022-12-16 08:45:00+00:00,6288.839393035487
2022-12-16 10:30:00+00:00,6398.976686080131
2022-12-16 14:15:00+00:00,6400.98406397071
2022-12-16 14:30:00+00:00,6398.578040867779
2022-12-16 16:00:00+00:00,6429.975837731792
2022-12-16 16:45:00+00:00,6466.509069552832
2022-12-16 20:15:00+00:00,6453.50502427964
2022-12-16 22:30:00+00:00,6477.108325592442
2022-12-16 22:45:00+00:00,6550.98505472168
2022-12-16 23:45:00+00:00,6553.14596486066
2022-12-17 00:00:00+00:00,6554.72490066733
2022-12-17 03:45:00+00:00,6556.446736013801
2022-12-17 06:30:00+00:00,6529.902125394815
2022-12-17 07:00:00+00:00,6503.886888226651
2022-12-17 07:45:00+00:00,6490.8165311439325
2022-12-17 10:45:00+00:00,6477.7712633507035
2022-12-17 11:00:00+00:00,6464.490206888665
2022-12-17 16:00:00+00:00,6465.128403741995
2022-12-17 23:45:00+00:00,6450.530166108538
2022-12-18 04:15:00+00:00,6436.044566817806
2022-12-18 09:15:00+00:00,6472.435825640331
2022-12-18 16:30:00+00:00,6464.509425283514
2022-12-18 18:00:00+00:00,6501.263491925633
2022-12-18 22:45:00+00:00,6503.2177894615315
2022-12-19 01:00:00+00:00,6490.212968255467
2022-12-19 03:30:00+00:00,6477.196947130777
2022-12-19 12:30:00+00:00,6479.027906383379
2022-12-22 11:30:00+00:00,6515.778026860094
2022-12-22 13:30:00+00:00,6502.193130638082
2022-12-22 14:30:00+00:00,6491.306230273153
2022-12-22 15:00:00+00:00,6478.434573253778
2022-12-23 00:15:00+00:00,6515.566106546332
2022-12-23 01:00:00+00:00,6517.509899799072
2022-12-23 03:00:00+00:00,6504.525187814614
2022-12-23 05:45:00+00:00,6491.419573339754
2022-12-23 08:45:00+00:00,6493.479529949835
2022-12-23 11:15:00+00:00,6495.3005501333855
2022-12-23 13:15:00+00:00,6481.876720910483
2022-12-23 13:30:00+00:00,6468.753383225368
2022-12-23 14:15:00+00:00,6455.576787350372
2022-12-23 14:30:00+00:00,6442.260655490888
2022-12-23 21:00:00+00:00,6441.820896340892
2022-12-24 00:15:00+00:00,6478.767904151924
2022-12-24 05:15:00+00:00,6515.177607891057
2022-12-24 08:00:00+00:00,6517.026324889152
2022-12-24 08:45:00+00:00,6503.234176015666
2022-12-26 00:15:00+00:00,6489.666323829484
2022-12-26 14:45:00+00:00,6490.581378487686
2022-12-26 16:00:00+00:00,6526.981233841023
2022-12-26 17:45:00+00:00,6563.588919487293
2022-12-26 20:00:00+00:00,6565.436411705509
2022-12-26 23:15:00+00:00,6601.298895720751
2022-12-27 00:00:00+00:00,6588.203151564788
2022-12-27 00:15:00+00:00,6589.21614111623
2022-12-27 01:15:00+00:00,6576.162465604128
2022-12-27 01:30:00+00:00,6562.4448662698
2022-12-27 03:30:00+00:00,6549.332309427852
2022-12-27 03:45:00+00:00,6535.567190159113
2022-12-27 06:45:00+00:00,6572.346938107552
2022-12-27 09:00:00+00:00,6558.479794931393
2022-12-27 11:30:00+00:00,6560.342730529549
2022-12-27 12:45:00+00:00,6546.695014059765
2022-12-27 14:30:00+00:00,6533.536411358611
2022-12-27 17:15:00+00:00,6535.404778959886
2022-12-27 19:30:00+00:00,6536.321980986606
2022-12-27 23:15:00+00:00,6538.233743249333
2022-12-28 00:45:00+00:00,6524.998952411238
2022-12-28 01:30:00+00:00,6497.231680687934
2022-12-28 03:00:00+00:00,6532.862071765358
2022-12-28 03:30:00+00:00,6543.152177711663
2022-12-28 05:30:00+00:00,6580.18914418623
2022-12-28 08:30:00+00:00,6582.454961669
2022-12-28 09:45:00+00:00,6575.876749625209
2022-12-28 10:30:00+00:00,6563.075612423116
2022-12-28 14:30:00+00:00,6564.940956429403
2022-12-28 15:30:00+00:00,6547.920114382149
2022-12-28 17:30:00+00:00,6520.7595207012055
2022-12-28 21:15:00+00:00,6556.673169772679
2022-12-28 23:15:00+00:00,6579.463851187476
2022-12-29 00:45:00+00:00,6581.007518252595
2022-12-29 02:00:00+00:00,6583.23546186251
2022-12-29 02:45:00+00:00,6584.614211377269
2022-12-29 06:00:00+00:00,6574.824216923429
2022-12-29 07:00:00+00:00,6576.976529912988
2022-12-29 08:15:00+00:00,6564.01276367834
2022-12-29 08:45:00+00:00,6551.118653525752
2022-12-29 09:00:00+00:00,6550.9297372904775
2022-12-29 09:15:00+00:00,6552.214986125485
2022-12-29 12:00:00+00:00,6554.357190917042
2022-12-29 12:45:00+00:00,6539.69026992485
2022-12-29 14:15:00+00:00,6526.805726956396
2022-12-29 16:00:00+00:00,6513.937801151984
2022-12-29 17:30:00+00:00,6513.408678933495
2022-12-29 18:00:00+00:00,6500.493546419156
2022-12-29 18:15:00+00:00,6486.885997442599
2022-12-29 18:45:00+00:00,6473.969855761855
2022-12-29 19:15:00+00:00,6460.246831292601
2022-12-29 19:45:00+00:00,6433.904933214366
2022-12-29 20:00:00+00:00,6421.126323734987
2022-12-29 20:15:00+00:00,6407.8087522791775
2022-12-29 20:30:00+00:00,6393.612563649612
2022-12-29 22:30:00+00:00,6418.225349656534
2022-12-29 23:30:00+00:00,6455.180334254433
2022-12-30 01:00:00+00:00,6442.160248622116
2022-12-30 01:30:00+00:00,6443.207890698071
2022-12-30 05:45:00+00:00,6429.222548796438
2022-12-30 07:00:00+00:00,6431.634580745914
2022-12-30 07:15:00+00:00,6404.392310635427
2022-12-30 09:45:00+00:00,6391.242854322003
2022-12-30 12:30:00+00:00,6428.583828834199
2022-12-30 14:45:00+00:00,6415.345749995327
2022-12-30 21:00:00+00:00,6452.194126950181
2022-12-31 14:15:00+00:00,6488.737767006698
2023-01-02 07:00:00+00:00,6526.0416947965505
2023-01-02 16:30:00+00:00,6562.744766701251
2023-01-02 21:45:00+00:00,6597.673383713187
2023-01-02 22:45:00+00:00,6569.695864837346
2023-01-03 01:15:00+00:00,6555.556785942061
2023-01-03 08:15:00+00:00,6543.315174799567
2023-01-03 11:45:00+00:00,6527.511896971338
2023-01-03 14:45:00+00:00,6526.191997045553
2023-01-03 16:00:00+00:00,6513.704372466132
2023-01-03 17:45:00+00:00,6500.302549821225
2023-01-03 22:00:00+00:00,6486.471720833021
2023-01-04 00:15:00+00:00,6523.006931478817
2023-01-04 03:00:00+00:00,6559.258858075779
2023-01-04 04:00:00+00:00,6546.205064339928
2023-01-04 08:30:00+00:00,6544.473353465523
2023-01-04 12:30:00+00:00,6532.031201720608
2023-01-04 15:00:00+00:00,6518.464642350016
2023-01-04 15:15:00+00:00,6513.837024152767
2023-01-04 15:45:00+00:00,6550.680547757654
2023-01-04 16:00:00+00:00,6551.981216266051
2023-01-04 16:30:00+00:00,6539.029579587747
2023-01-04 17:30:00+00:00,6574.461684062027
2023-01-04 17:45:00+00:00,6612.794297865978
2023-01-04 19:00:00+00:00,6613.582888866575
2023-01-04 19:15:00+00:00,6587.100218667857
2023-01-04 20:30:00+00:00,6573.920779143604
2023-01-05 03:45:00+00:00,6562.726265754274
2023-01-05 06:30:00+00:00,6548.554930624071
2023-01-05 07:15:00+00:00,6532.747816396481
2023-01-05 08:30:00+00:00,6505.151945017144
2023-01-05 09:00:00+00:00,6488.602590792693
2023-01-05 09:30:00+00:00,6490.434108601484
2023-01-05 09:45:00+00:00,6473.927855464965
2023-01-05 11:15:00+00:00,6447.435999135828
2023-01-05 13:15:00+00:00,6448.113098584553
2023-01-05 13:30:00+00:00,6434.919380141946
2023-01-05 14:30:00+00:00,6421.08625394814
2023-01-05 16:00:00+00:00,6420.268633684914
2023-01-05 22:45:00+00:00,6406.9570077345425
2023-01-05 23:30:00+00:00,6445.18943481558
2023-01-06 00:30:00+00:00,6481.784292862924
2023-01-06 11:15:00+00:00,6468.715126627012
2023-01-06 12:30:00+00:00,6455.596507430428
2023-01-06 13:00:00+00:00,6492.416867905165
2023-01-06 13:30:00+00:00,6479.262867225996
2023-01-06 14:30:00+00:00,6467.8610874181295
2023-01-06 15:30:00+00:00,6454.775937265717
2023-01-06 19:30:00+00:00,6441.616340978242
2023-01-06 23:00:00+00:00,6478.5793382333595
2023-01-08 07:45:00+00:00,6465.0835319983935
2023-01-08 16:30:00+00:00,6451.708142707685
2023-01-08 23:00:00+00:00,6488.359001060766
2023-01-09 00:45:00+00:00,6475.084222199768
2023-01-09 13:45:00+00:00,6478.905718979695
2023-01-09 15:15:00+00:00,6480.821147689776
2023-01-09 18:30:00+00:00,6482.808635528451
2023-01-09 19:00:00+00:00,6469.777628439483
2023-01-09 20:00:00+00:00,6456.790789272359
2023-01-09 20:45:00+00:00,6442.822982127701
2023-01-10 02:30:00+00:00,6429.846999167711
2023-01-11 01:15:00+00:00,6430.631929845082
2023-01-11 02:15:00+00:00,6416.280769553483
2023-01-11 03:15:00+00:00,6401.798377431019
2023-01-11 05:15:00+00:00,6388.753050362133
2023-01-11 06:30:00+00:00,6375.771041067131
2023-01-11 12:00:00+00:00,6376.365210085596
2023-01-11 12:15:00+00:00,6362.496286239875
2023-01-11 13:30:00+00:00,6363.625590786982
2023-01-11 14:00:00+00:00,6334.310340546629
2023-01-11 14:15:00+00:00,6371.34458905487
2023-01-11 15:30:00+00:00,6372.723526561272
2023-01-11 15:45:00+00:00,6359.791046557171
2023-01-11 20:00:00+00:00,6361.908238669689
2023-01-11 22:30:00+00:00,6399.190707190197
2023-01-11 22:45:00+00:00,6435.677672325022
2023-01-11 23:30:00+00:00,6422.852488030891
2023-01-12 00:30:00+00:00,6410.055387872089
2023-01-12 01:00:00+00:00,6412.383168668209
2023-01-12 06:15:00+00:00,6414.473368255049
2023-01-12 07:00:00+00:00,6401.827515283884
2023-01-12 10:00:00+00:00,6388.821929878564
2023-01-12 11:00:00+00:00,6362.933223702165
2023-01-12 13:15:00+00:00,6400.187302978488
2023-01-12 13:30:00+00:00,6374.246811626421
2023-01-12 13:45:00+00:00,6361.442873403608
2023-01-12 14:15:00+00:00,6348.734391618194
2023-01-12 17:00:00+00:00,6350.973398546648
2023-01-12 17:30:00+00:00,6338.186360695714
2023-01-13 00:30:00+00:00,6336.678013485762
2023-01-13 03:45:00+00:00,6326.196620451897
2023-01-13 04:15:00+00:00,6313.342907738695
2023-01-13 08:15:00+00:00,6315.526723687658
2023-01-13 15:45:00+00:00,6352.305138799995
2023-01-13 17:15:00+00:00,6354.44446633748
2023-01-13 19:45:00+00:00,6341.564754433531
2023-01-13 21:15:00+00:00,6328.702502875524
2023-01-13 21:30:00+00:00,6365.61430506249
2023-01-13 22:00:00+00:00,6352.87952383497
2023-01-14 00:00:00+00:00,6355.16024912242
2023-01-14 01:45:00+00:00,6342.51923819909
2023-01-14 03:00:00+00:00,6366.757919615951
2023-01-14 05:30:00+00:00,6354.137510860911
2023-01-14 08:15:00+00:00,6356.380056133741
2023-01-14 09:15:00+00:00,6393.2605767718605
2023-01-14 11:00:00+00:00,6419.701664041709
2023-01-14 12:30:00+00:00,6406.725543228413
2023-01-14 14:45:00+00:00,6396.292138261279
2023-01-14 17:30:00+00:00,6398.305030952365
2023-01-14 21:30:00+00:00,6385.193794156545
2023-01-14 21:45:00+00:00,6386.249698214712
2023-01-14 22:30:00+00:00,6372.97926745903
2023-01-14 23:00:00+00:00,6359.988630047354
2023-01-15 00:30:00+00:00,6396.839520688538
2023-01-15 03:45:00+00:00,6436.004743138364
2023-01-15 07:45:00+00:00,6436.246522270983
2023-01-15 12:00:00+00:00,6438.3306063442315
2023-01-15 14:45:00+00:00,6425.248125088534
2023-01-15 15:45:00+00:00,6411.932360063816
2023-01-15 18:15:00+00:00,6413.895353691149
2023-01-15 20:45:00+00:00,6415.6263261490685
2023-01-16 00:45:00+00:00,6417.613919019028
2023-01-16 01:00:00+00:00,6410.655501607029
2023-01-16 01:30:00+00:00,6397.701445920369
2023-01-16 05:45:00+00:00,6399.803352352941
2023-01-16 08:00:00+00:00,6436.819176503286
2023-01-16 12:00:00+00:00,6423.6405594641155
2023-01-16 14:30:00+00:00,6423.924235824256
2023-01-16 14:45:00+00:00,6423.882487859948
2023-01-16 15:30:00+00:00,6425.683873928642
2023-01-16 18:45:00+00:00,6412.609410170493
2023-01-16 19:00:00+00:00,6399.745456047264
2023-01-16 20:30:00+00:00,6388.607760696573
2023-01-17 00:15:00+00:00,6390.465932417838
2023-01-17 14:15:00+00:00,6377.1567373718435
2023-01-17 15:00:00+00:00,6364.066293633348
2023-01-17 18:30:00+00:00,6365.995995668309
2023-01-19 03:00:00+00:00,6363.3385666383565
2023-01-19 09:45:00+00:00,6362.876061662478
2023-01-19 13:15:00+00:00,6399.660138305152
2023-01-20 00:45:00+00:00,6396.392553752405
2023-01-20 12:45:00+00:00,6383.127687848578
2023-01-20 14:45:00+00:00,6384.551004339583
2023-01-20 16:30:00+00:00,6371.10923931558
2023-01-20 16:45:00+00:00,6407.6563265146315
2023-01-20 18:15:00+00:00,6409.377026712955
2023-01-20 19:00:00+00:00,6445.974254367598
2023-01-20 19:30:00+00:00,6432.621938666506
2023-01-20 20:00:00+00:00,6469.432598659352
2023-01-20 23:30:00+00:00,6493.661580847531
2023-01-21 07:00:00+00:00,6495.5830790771215
2023-01-21 09:15:00+00:00,6492.787784638052
2023-01-21 12:00:00+00:00,6479.807640709362
2023-01-21 15:15:00+00:00,6466.818666082042
2023-01-21 16:00:00+00:00,6454.132499798955
2023-01-21 16:30:00+00:00,6455.994239724444
2023-01-22 12:30:00+00:00,6458.01674335106
2023-01-22 14:15:00+00:00,6459.5859644895545
2023-01-22 14:45:00+00:00,6445.872761039438
2023-01-22 15:00:00+00:00,6432.942906830133
2023-01-22 15:15:00+00:00,6469.419769097552
2023-01-22 17:30:00+00:00,6493.118957808627
2023-01-22 19:00:00+00:00,6480.344027362873
2023-01-22 20:00:00+00:00,6517.427214564007
2023-01-22 20:45:00+00:00,6541.407699310924
2023-01-22 21:30:00+00:00,6543.596352084346
2023-01-23 01:15:00+00:00,6530.813285327185
2023-01-23 03:00:00+00:00,6517.941482741516
2023-01-23 07:00:00+00:00,6516.5816809659955
2023-01-23 10:00:00+00:00,6518.704458273488
2023-01-23 10:15:00+00:00,6505.794756083196
2023-01-23 11:30:00+00:00,6506.545377503177
2023-01-23 13:45:00+00:00,6542.750827898698
2023-01-23 14:00:00+00:00,6579.818618921122
2023-01-23 14:45:00+00:00,6581.199431548422
2023-01-23 17:45:00+00:00,6556.8046117894255
2023-01-23 18:00:00+00:00,6531.0718237253595
2023-01-23 20:45:00+00:00,6532.977043568592
2023-01-23 23:00:00+00:00,6520.238765235533
2023-01-24 00:15:00+00:00,6522.308814958152
2023-01-24 01:45:00+00:00,6524.485984752864
2023-01-24 04:15:00+00:00,6513.4872131706825
2023-01-24 07:00:00+00:00,6500.517782305998
2023-01-24 09:00:00+00:00,6487.389172628128
2023-01-24 11:30:00+00:00,6473.807192291204
2023-01-24 13:30:00+00:00,6510.9563433407275
2023-01-24 14:45:00+00:00,6512.457574990642
2023-01-24 16:00:00+00:00,6486.306282148643
2023-01-24 18:15:00+00:00,6488.233407311423
2023-01-24 21:00:00+00:00,6475.133994686194
2023-01-24 21:45:00+00:00,6476.666383771868
2023-01-24 22:15:00+00:00,6513.778216251406
2023-01-25 02:15:00+00:00,6552.8292166596675
2023-01-25 03:45:00+00:00,6555.036147135856
2023-01-25 04:45:00+00:00,6542.135742369321
2023-01-25 07:00:00+00:00,6544.235921765725
2023-01-25 08:00:00+00:00,6531.101274457862
2023-01-25 08:30:00+00:00,6505.197818824846
2023-01-25 12:00:00+00:00,6506.840786379345
2023-01-25 12:30:00+00:00,6495.1424423740455
2023-01-25 14:30:00+00:00,6531.843477655227
2023-01-25 15:00:00+00:00,6568.2827261473085
2023-01-25 15:45:00+00:00,6555.133558633441
2023-01-25 16:15:00+00:00,6542.013979426557
2023-01-25 17:00:00+00:00,6543.865110767083
2023-01-25 19:30:00+00:00,6530.695864007619
2023-01-25 19:45:00+00:00,6517.661354386903
2023-01-25 20:00:00+00:00,6504.756538685174
2023-01-25 20:30:00+00:00,6478.313658555391
2023-01-25 21:00:00+00:00,6465.09669784812
2023-01-25 21:15:00+00:00,6452.557580036098
2023-01-25 21:30:00+00:00,6439.2303650955755
2023-01-25 21:45:00+00:00,6413.151600512232
2023-01-25 22:00:00+00:00,6400.222897330546
2023-01-25 23:45:00+00:00,6389.189906594745
2023-01-26 23:00:00+00:00,6389.555513242012
2023-01-27 05:45:00+00:00,6376.56358358558
2023-01-27 15:30:00+00:00,6363.4715412553205
2023-01-27 20:00:00+00:00,6350.370875647233
2023-01-27 22:00:00+00:00,6352.58327669375
2023-01-27 23:00:00+00:00,6389.836293460616
2023-01-28 00:15:00+00:00,6377.144874971885
2023-01-28 01:30:00+00:00,6364.464793743591
2023-01-28 08:15:00+00:00,6354.515790966724
2023-01-28 09:00:00+00:00,6341.70634571365
2023-01-28 12:30:00+00:00,6343.861061530724
2023-01-28 13:15:00+00:00,6331.024001896393
2023-01-28 23:45:00+00:00,6317.561095214576
2023-01-29 00:00:00+00:00,6319.763542720906
2023-01-29 00:30:00+00:00,6306.259923766037
2023-01-29 01:00:00+00:00,6292.86227601607
2023-01-29 11:00:00+00:00,6279.204881796121
2023-01-29 12:30:00+00:00,6266.0390259653805
2023-01-29 14:15:00+00:00,6267.687470259996
2023-01-29 16:30:00+00:00,6269.504287833997
2023-01-29 18:00:00+00:00,6256.702929618978
2023-01-29 19:30:00+00:00,6293.32644465289
2023-01-29 20:00:00+00:00,6295.166565301599
2023-01-29 20:45:00+00:00,6268.518362994934
2023-01-30 01:00:00+00:00,6272.541936358291
2023-01-30 01:15:00+00:00,6259.768680928395
2023-01-30 02:00:00+00:00,6233.640869840414
2023-01-30 07:15:00+00:00,6207.096506433368
2023-01-30 08:15:00+00:00,6193.496973298648
2023-01-30 08:30:00+00:00,6179.956608128093
2023-01-30 16:15:00+00:00,6160.86150980167
2023-01-30 17:30:00+00:00,6148.019671909818
2023-01-30 19:00:00+00:00,6184.837993392957
2023-01-31 00:45:00+00:00,6186.897679624828
2023-01-31 02:00:00+00:00,6160.780371036764
2023-01-31 02:30:00+00:00,6148.051806946043
2023-01-31 07:15:00+00:00,6134.984926688625
2023-01-31 07:45:00+00:00,6136.912790270236
2023-01-31 08:30:00+00:00,6123.613069110935
2023-01-31 08:45:00+00:00,6125.888758749018
2023-01-31 09:45:00+00:00,6112.698104954692
2023-01-31 13:15:00+00:00,6114.470940887052
2023-01-31 15:30:00+00:00,6101.23766752178
2023-01-31 16:00:00+00:00,6088.27737860378
2023-01-31 16:15:00+00:00,6088.296497366562
2023-01-31 16:30:00+00:00,6075.029865882751
2023-01-31 17:00:00+00:00,6062.1379230820485
2023-01-31 20:30:00+00:00,6064.328658881571
2023-01-31 21:00:00+00:00,6066.4243760955105
2023-01-31 21:15:00+00:00,6053.184357364405
2023-01-31 22:45:00+00:00,6042.148602347902
2023-02-01 00:15:00+00:00,6044.012927775683
2023-02-01 01:00:00+00:00,6046.057040043172
2023-02-01 03:00:00+00:00,6033.278852288483
2023-02-01 04:30:00+00:00,6020.462548759822
2023-02-02 00:30:00+00:00,6057.495851820094
2023-02-02 01:00:00+00:00,6059.374657468417
2023-02-02 02:15:00+00:00,6046.461995406928
2023-02-02 06:00:00+00:00,6048.288975031311
2023-02-02 08:00:00+00:00,6024.345258800252
2023-02-02 13:00:00+00:00,6026.255757144148
2023-02-02 13:45:00+00:00,6012.98651158672
2023-02-02 14:30:00+00:00,6014.254949170645
2023-02-02 14:45:00+00:00,6016.34390462001
2023-02-02 18:15:00+00:00,6054.912599575833
2023-02-02 18:30:00+00:00,6091.542265506252
2023-02-02 21:45:00+00:00,6093.44323029786
2023-02-03 08:00:00+00:00,6080.428049191938
2023-02-03 13:00:00+00:00,6117.389212579942
2023-02-03 13:30:00+00:00,6104.371136181728
2023-02-03 14:30:00+00:00,6106.377036070174
2023-02-03 14:45:00+00:00,6143.415877714067
2023-02-03 20:00:00+00:00,6145.589301025863
2023-02-04 02:00:00+00:00,6132.663136366587
2023-02-04 05:00:00+00:00,6119.572965648591
2023-02-04 12:45:00+00:00,6105.137885844689
2023-02-04 13:00:00+00:00,6141.891343391767
2023-02-04 13:15:00+00:00,6127.344631153509
2023-02-05 08:30:00+00:00,6113.986176680161
2023-02-05 11:00:00+00:00,6115.495428443714
2023-02-05 12:30:00+00:00,6152.095080522436
2023-02-05 17:15:00+00:00,6154.110366549637
2023-02-05 22:30:00+00:00,6155.87014631785
2023-02-05 22:45:00+00:00,6142.941301766449
2023-02-06 00:30:00+00:00,6129.382814989806
2023-02-06 05:15:00+00:00,6152.530656554143
2023-02-06 05:30:00+00:00,6225.973813990736
2023-02-06 06:15:00+00:00,6212.792390466588
2023-02-06 15:45:00+00:00,6214.58435181331
2023-02-06 18:15:00+00:00,6201.264348557247
2023-02-07 01:00:00+00:00,6188.1643635589
2023-02-07 02:45:00+00:00,6174.968070597625
2023-02-08 17:15:00+00:00,6161.956456161444
2023-02-08 21:45:00+00:00,6163.932728572558
2023-02-09 00:15:00+00:00,6150.6037659308595
2023-02-09 00:45:00+00:00,6137.333774288186
2023-02-09 03:00:00+00:00,6174.027670030416
2023-02-09 05:30:00+00:00,6161.0631813149985
2023-02-09 06:45:00+00:00,6147.913367134661
2023-02-09 08:00:00+00:00,6121.759647533756
2023-02-09 09:15:00+00:00,6123.948405189531
2023-02-09 12:45:00+00:00,6110.604640538465
2023-02-09 15:30:00+00:00,6112.852199948234
2023-02-09 16:15:00+00:00,6149.520997415547
2023-02-09 19:00:00+00:00,6136.729729664383
2023-02-09 19:30:00+00:00,6173.555439675642
2023-02-09 21:15:00+00:00,6148.110058606993
2023-02-09 21:30:00+00:00,6185.0659132022665
2023-02-09 23:00:00+00:00,6224.134540870865
2023-02-10 04:15:00+00:00,6223.920211112197
2023-02-10 05:15:00+00:00,6215.873240331284
2023-02-10 05:45:00+00:00,6210.4897577191
2023-02-10 09:15:00+00:00,6198.537952340079
2023-02-10 14:30:00+00:00,6200.38374074094
2023-02-10 15:00:00+00:00,6203.748101533254
2023-02-10 15:45:00+00:00,6240.427598175816
2023-02-10 16:00:00+00:00,6242.331323218171
2023-02-10 19:15:00+00:00,6244.197537026254
2023-02-10 19:30:00+00:00,6230.952627501921
2023-02-10 21:45:00+00:00,6232.8753029923255
2023-02-11 01:15:00+00:00,6234.865030679569
2023-02-11 03:15:00+00:00,6221.859021012373
2023-02-11 04:00:00+00:00,6208.808197928436
2023-02-11 08:30:00+00:00,6210.74825340718
2023-02-11 11:15:00+00:00,6212.481463959843
2023-02-11 12:00:00+00:00,6214.296961003454
2023-02-11 13:30:00+00:00,6200.735227099666
2023-02-11 14:00:00+00:00,6187.295124358842
2023-02-11 14:45:00+00:00,6173.937334205195
2023-02-11 20:15:00+00:00,6160.396945826818
2023-02-11 21:45:00+00:00,6162.118675867049
2023-02-11 23:15:00+00:00,6147.709197233948
2023-02-12 08:00:00+00:00,6136.112113324952
2023-02-12 08:30:00+00:00,6136.918598769429
2023-02-12 09:00:00+00:00,6121.04504811501
2023-02-12 09:45:00+00:00,6105.595255666765
2023-02-12 10:15:00+00:00,6092.589196681319
2023-02-12 12:30:00+00:00,6079.511244118706
2023-02-12 14:15:00+00:00,6079.919823649655
2023-02-12 16:30:00+00:00,6065.698825986099
2023-02-13 07:00:00+00:00,6052.889103525337
2023-02-13 07:15:00+00:00,6054.976402132421
2023-02-13 08:00:00+00:00,6042.060993154544
2023-02-13 13:30:00+00:00,6029.024126504294
2023-02-14 05:15:00+00:00,6015.635897667703
2023-02-14 13:30:00+00:00,6017.661310480446
2023-02-14 14:15:00+00:00,6004.857582024438
2023-02-14 15:30:00+00:00,5991.927165704414
2023-02-14 19:15:00+00:00,6029.02591919114
2023-02-14 20:15:00+00:00,6016.1084430652145
2023-02-15 02:45:00+00:00,6018.345738328299
2023-02-15 03:00:00+00:00,6009.031997006635
2023-02-15 07:45:00+00:00,5995.866635365051
2023-02-15 11:30:00+00:00,6032.718954331963
2023-02-15 12:00:00+00:00,6069.6797860880015
2023-02-15 13:30:00+00:00,6093.13793843326
2023-02-15 14:15:00+00:00,6079.770177027993
2023-02-15 14:45:00+00:00,6053.207141265832
2023-02-15 16:30:00+00:00,6054.799129424213
2023-02-15 19:00:00+00:00,6091.510246683201
2023-02-15 19:30:00+00:00,6128.132808856925
2023-02-15 20:00:00+00:00,6164.895717012207
2023-02-15 20:15:00+00:00,6201.940021318814
2023-02-15 20:30:00+00:00,6238.7943453379285
2023-02-15 21:30:00+00:00,6240.707184240154
2023-02-16 00:00:00+00:00,6277.621496675648
2023-02-16 00:30:00+00:00,6279.405336442629
2023-02-16 00:45:00+00:00,6281.262140088518
2023-02-16 04:45:00+00:00,6283.3163936130695
2023-02-16 06:45:00+00:00,6278.600231542118
2023-02-16 07:00:00+00:00,6265.458842610668
2023-02-16 07:30:00+00:00,6264.185902395465
2023-02-16 11:30:00+00:00,6250.873611082056
2023-02-16 11:45:00+00:00,6237.752474519674
2023-02-16 12:00:00+00:00,6224.405363312115
2023-02-16 13:30:00+00:00,6197.892043708527
2023-02-16 13:45:00+00:00,6184.500905224031
2023-02-16 14:30:00+00:00,6118.344868526988
2023-02-16 15:45:00+00:00,6155.027435235449
2023-02-16 16:00:00+00:00,6228.687716897972
2023-02-16 19:15:00+00:00,6215.71931625098
2023-02-16 20:00:00+00:00,6217.8165655391595
2023-02-16 20:15:00+00:00,6204.834046510615
2023-02-16 21:00:00+00:00,6178.795595544855
2023-02-16 21:30:00+00:00,6165.942260586452
2023-02-16 22:15:00+00:00,6153.065669181199
2023-02-16 22:30:00+00:00,6140.024871158824
2023-02-16 23:30:00+00:00,6114.044287183626
2023-02-17 05:00:00+00:00,6101.187518573434
2023-02-17 08:30:00+00:00,6103.264935366201
2023-02-17 16:00:00+00:00,6140.427350983088
2023-02-17 17:00:00+00:00,6177.592770813499
2023-02-17 23:45:00+00:00,6179.367921259629
2023-02-18 00:45:00+00:00,6166.538836947614
2023-02-18 02:45:00+00:00,6168.714155016573
2023-02-18 08:30:00+00:00,6155.824920740673
2023-02-18 10:45:00+00:00,6142.802753446416
2023-02-18 14:00:00+00:00,6144.772939958801
2023-02-18 19:15:00+00:00,6136.162130677239
2023-02-20 16:15:00+00:00,6138.4076066820935
2023-02-21 09:30:00+00:00,6125.315916837645
2023-02-21 13:30:00+00:00,6127.238610599696
2023-02-21 14:15:00+00:00,6129.156761777822
2023-02-21 14:30:00+00:00,6131.019933569122
2023-02-21 15:30:00+00:00,6132.721677931789
2023-02-21 17:45:00+00:00,6136.4334131407395
2023-02-21 18:00:00+00:00,6125.21752592874
2023-02-21 20:30:00+00:00,6111.969366850782
2023-02-21 21:15:00+00:00,6148.783451590359
2023-02-21 23:00:00+00:00,6187.458542254026
2023-02-22 00:00:00+00:00,6174.309394803103
2023-02-22 02:00:00+00:00,6197.901519630315
2023-02-22 02:30:00+00:00,6271.55902077176
2023-02-22 02:45:00+00:00,6245.170243965078
2023-02-22 03:00:00+00:00,6232.013093729093
2023-02-22 06:00:00+00:00,6218.87915509831
2023-02-22 09:45:00+00:00,6220.80329109309
2023-02-22 12:00:00+00:00,6222.623092458891
2023-02-22 15:15:00+00:00,6259.207542132223
2023-02-22 19:00:00+00:00,6246.064455492498
2023-02-22 22:30:00+00:00,6235.012963624529
2023-02-22 22:45:00+00:00,6221.962010178894
2023-02-22 23:15:00+00:00,6209.006189466145
2023-02-23 02:00:00+00:00,6195.738677796716
2023-02-23 02:30:00+00:00,6182.522457332776
2023-02-23 02:45:00+00:00,6158.3049063928565
2023-02-23 08:00:00+00:00,6160.311247776914
2023-02-23 11:15:00+00:00,6197.025252270494
2023-02-23 12:45:00+00:00,6183.790697282816
2023-02-23 13:00:00+00:00,6170.528087685855
2023-02-23 14:00:00+00:00,6172.402395408971
2023-02-23 20:00:00+00:00,6159.363823756672
2023-02-24 00:00:00+00:00,6161.201717466206
2023-02-24 10:45:00+00:00,6147.979570782676
2023-02-24 15:15:00+00:00,6184.767577646347
2023-02-24 15:30:00+00:00,6221.377655168342
2023-02-24 15:45:00+00:00,6223.090780764132
2023-02-24 19:30:00+00:00,6259.910791004368
2023-02-24 22:30:00+00:00,6298.848220415055
2023-02-24 23:00:00+00:00,6300.778579183121
2023-02-25 00:15:00+00:00,6287.812417755218
2023-02-25 02:15:00+00:00,6287.879027774006
2023-02-25 06:45:00+00:00,6289.024006807548
2023-02-25 07:00:00+00:00,6277.750486716971
2023-02-25 08:15:00+00:00,6264.3282784944995
2023-02-25 09:00:00+00:00,6261.173978675868
2023-02-25 12:45:00+00:00,6262.403688357591
2023-02-25 13:00:00+00:00,6300.9179414345435
2023-02-25 19:15:00+00:00,6337.7562678325985
2023-02-26 02:30:00+00:00,6324.795517335316
2023-02-26 09:30:00+00:00,6316.751514955535
2023-03-01 09:30:00+00:00,6318.496187558552
2023-03-01 10:00:00+00:00,6320.198493666388
2023-03-01 14:30:00+00:00,6306.778879417608
2023-03-01 15:00:00+00:00,6307.318191568548
2023-03-01 16:00:00+00:00,6293.9993953602925
2023-03-01 19:45:00+00:00,6280.592009646432
2023-03-02 12:00:00+00:00,6268.77951261186
2023-03-02 13:15:00+00:00,6254.789635847931
2023-03-02 14:30:00+00:00,6256.548486358241
2023-03-02 14:45:00+00:00,6292.834771437181
2023-03-02 18:45:00+00:00,6279.741404475814
2023-03-02 19:30:00+00:00,6252.588484795154
2023-03-02 20:15:00+00:00,6239.409825389432
2023-03-03 01:15:00+00:00,6312.673176712164
2023-03-03 01:30:00+00:00,6349.692901251917
2023-03-03 02:00:00+00:00,6351.872942692618
2023-03-03 02:15:00+00:00,6338.793803672725
2023-03-03 08:45:00+00:00,6329.501145504481
2023-03-03 09:00:00+00:00,6323.165172067211
2023-03-03 11:30:00+00:00,6324.206378758227
2023-03-03 13:45:00+00:00,6360.526355120096
2023-03-03 14:00:00+00:00,6347.2647786463895
2023-03-03 17:00:00+00:00,6348.57422435737
2023-03-03 21:15:00+00:00,6335.149877400449
2023-03-03 21:45:00+00:00,6321.716373328867
2023-03-03 23:00:00+00:00,6322.964242794965
2023-03-03 23:30:00+00:00,6359.533323757467
2023-03-04 00:00:00+00:00,6345.503297937466
2023-03-04 00:30:00+00:00,6382.0971635129945
2023-03-04 02:45:00+00:00,6368.731524535303
2023-03-04 05:30:00+00:00,6342.104727691954
2023-03-04 11:15:00+00:00,6343.02930618133
2023-03-04 12:45:00+00:00,6344.549706056912
2023-03-04 14:00:00+00:00,6330.937070864469
2023-03-04 15:00:00+00:00,6329.910655580522
2023-03-04 15:30:00+00:00,6316.270630383658
2023-03-04 16:00:00+00:00,6302.7933575568595
2023-03-04 17:00:00+00:00,6338.518651946999
2023-03-04 17:45:00+00:00,6324.836102542422
2023-03-04 18:00:00+00:00,6310.771925678951
2023-03-04 19:00:00+00:00,6297.258842072621
2023-03-04 19:15:00+00:00,6283.811540201033
2023-03-04 19:30:00+00:00,6256.413299333195
2023-03-04 19:45:00+00:00,6243.075351118695
2023-03-04 20:30:00+00:00,6216.402722859425
2023-03-04 21:00:00+00:00,6203.170270658248
2023-03-04 21:30:00+00:00,6189.996671725987
2023-03-07 14:00:00+00:00,6226.5864680170225
2023-03-07 15:00:00+00:00,6263.362892932686
2023-03-07 15:30:00+00:00,6252.1300200968335
2023-03-07 16:30:00+00:00,6226.140859869563
2023-03-07 17:30:00+00:00,6213.255972734374
2023-03-08 00:00:00+00:00,6200.12374561063
2023-03-08 01:45:00+00:00,6202.127432315541
2023-03-08 05:30:00+00:00,6204.038778541698
2023-03-08 09:45:00+00:00,6240.945857921695
2023-03-08 10:30:00+00:00,6227.965381489991
2023-03-08 10:45:00+00:00,6229.8559960069815
2023-03-08 12:45:00+00:00,6216.6205555426095
2023-03-08 13:00:00+00:00,6240.504679381025
2023-03-08 13:45:00+00:00,6227.28233223637
2023-03-08 14:00:00+00:00,6214.358094161779
2023-03-08 15:00:00+00:00,6201.320540243088
2023-03-08 17:45:00+00:00,6190.2918495392905
2023-03-08 18:00:00+00:00,6177.355463138725
2023-03-08 18:15:00+00:00,6178.9555408262895
2023-03-08 18:30:00+00:00,6166.113225431492
2023-03-08 21:45:00+00:00,6168.139193327214
2023-03-08 22:15:00+00:00,6169.826761573115
2023-03-08 22:30:00+00:00,6157.008499349076
2023-03-08 22:45:00+00:00,6144.063022958821
2023-03-08 23:30:00+00:00,6117.327673043305
2023-03-09 01:30:00+00:00,6119.421352139161
2023-03-09 04:00:00+00:00,6106.524330085096
2023-03-09 08:00:00+00:00,6108.708193893279
2023-03-09 08:45:00+00:00,6110.424823526614
2023-03-09 10:45:00+00:00,6096.861438033322
2023-03-09 11:00:00+00:00,6096.607352914776
2023-03-09 13:30:00+00:00,6097.655309208672
2023-03-09 14:15:00+00:00,6083.8285722108285
2023-03-09 16:45:00+00:00,6070.720199353619
2023-03-09 17:15:00+00:00,6072.2107012792885
2023-03-09 18:30:00+00:00,6108.828936830053
2023-03-09 20:45:00+00:00,6082.997749381554
2023-03-10 04:00:00+00:00,6084.804560655854
2023-03-10 12:15:00+00:00,6122.000489248741
2023-03-10 13:00:00+00:00,6159.1102983871615
2023-03-10 13:30:00+00:00,6195.969840051019
2023-03-10 14:30:00+00:00,6183.114549233465
2023-03-10 17:00:00+00:00,6185.262910062877
2023-03-11 02:15:00+00:00,6174.509475539609
2023-03-11 06:30:00+00:00,6161.584320368036
2023-03-11 07:00:00+00:00,6163.7037730805705
2023-03-11 07:15:00+00:00,6150.678309516362
2023-03-11 07:30:00+00:00,6137.549381120521
2023-03-11 11:30:00+00:00,6128.756681099749
2023-03-11 15:45:00+00:00,6115.828101918683
2023-03-11 23:45:00+00:00,6152.847791611134
2023-03-12 06:30:00+00:00,6150.440770564669
2023-03-12 12:00:00+00:00,6136.997538066367
2023-03-12 13:45:00+00:00,6138.490618358987
2023-03-12 17:15:00+00:00,6175.18198094076
2023-03-12 18:30:00+00:00,6285.386250827571
2023-03-12 19:15:00+00:00,6272.389547595384
2023-03-12 19:45:00+00:00,6274.399050944539
2023-03-12 20:45:00+00:00,6311.292611884153
2023-03-12 22:15:00+00:00,6348.338494163765
2023-03-13 00:15:00+00:00,6422.394769343062
2023-03-13 09:15:00+00:00,6424.557012311995
2023-03-13 09:30:00+00:00,6426.714816566463
2023-03-13 12:00:00+00:00,6430.816230467213
2023-03-13 14:00:00+00:00,6467.782827103635
2023-03-13 14:45:00+00:00,6541.885098379443
2023-03-13 15:00:00+00:00,6579.06118473719
2023-03-13 16:30:00+00:00,6581.197737871245
2023-03-13 21:30:00+00:00,6575.828847362661
2023-03-13 23:15:00+00:00,6562.688872042186
2023-03-13 23:30:00+00:00,6562.153733537739
2023-03-14 04:30:00+00:00,6549.017173788717
2023-03-14 05:00:00+00:00,6585.991492214812
2023-03-14 05:15:00+00:00,6587.518997954344
2023-03-14 08:00:00+00:00,6574.275465819428
2023-03-14 12:30:00+00:00,6576.283744131262
2023-03-14 13:00:00+00:00,6602.318301667891
2023-03-14 13:15:00+00:00,6589.337604458764
2023-03-14 18:45:00+00:00,6576.396393664062
2023-03-14 21:00:00+00:00,6563.470958574175
2023-03-15 05:15:00+00:00,6550.694176454652
2023-03-15 06:30:00+00:00,6552.751560356056
2023-03-15 10:45:00+00:00,6589.740774791456
2023-03-15 11:00:00+00:00,6626.827339339107
2023-03-15 13:00:00+00:00,6614.027913822516
2023-03-15 15:30:00+00:00,6651.254583562221
2023-03-16 01:00:00+00:00,6652.742359573772
2023-03-16 09:00:00+00:00,6639.69396908529
2023-03-16 09:30:00+00:00,6626.799474268962
2023-03-16 10:00:00+00:00,6628.7886446013545
2023-03-16 12:00:00+00:00,6615.844524190136
2023-03-16 19:15:00+00:00,6618.091308161537
2023-03-17 01:30:00+00:00,6620.167394062107
2023-03-17 06:45:00+00:00,6607.218976195902
2023-03-17 12:30:00+00:00,6594.192498664681
2023-03-17 14:15:00+00:00,6581.190979158881
2023-03-17 22:30:00+00:00,6618.289839839709
2023-03-17 22:45:00+00:00,6655.401284107047
2023-03-17 23:15:00+00:00,6692.593050697914
2023-03-18 18:30:00+00:00,6679.804022208849
2023-03-19 00:00:00+00:00,6681.874711025266
2023-03-19 06:00:00+00:00,6668.6526535662015
2023-03-19 06:45:00+00:00,6668.260275951027
2023-03-19 07:00:00+00:00,6655.178186633781
2023-03-19 11:15:00+00:00,6657.163522663785
2023-03-19 11:45:00+00:00,6644.099948273778
2023-03-19 14:00:00+00:00,6631.060486393719
2023-03-19 18:00:00+00:00,6624.866010853371
2023-03-19 20:30:00+00:00,6611.890102575031
2023-03-20 07:00:00+00:00,6599.006675468644
2023-03-20 14:45:00+00:00,6594.714499141101
2023-03-20 17:45:00+00:00,6581.95319125821
2023-03-20 18:00:00+00:00,6618.916163441414
2023-03-20 19:30:00+00:00,6606.193286548728
2023-03-20 20:00:00+00:00,6608.294830518726
2023-03-21 00:45:00+00:00,6610.320730199214
2023-03-21 02:45:00+00:00,6608.087091371149
2023-03-21 13:15:00+00:00,6645.069876834719
2023-03-21 17:00:00+00:00,6682.272280746955
2023-03-21 17:15:00+00:00,6684.364467648336
2023-03-21 20:00:00+00:00,6721.52965238053
2023-03-21 20:30:00+00:00,6758.815642271706
2023-03-21 21:00:00+00:00,6746.118703937814
2023-03-21 21:15:00+00:00,6748.347391068926
2023-03-22 03:45:00+00:00,6744.806612113599
2023-03-22 04:00:00+00:00,6746.455541319958
2023-03-22 06:30:00+00:00,6748.59452711426
2023-03-22 07:45:00+00:00,6735.845082306329
2023-03-22 08:45:00+00:00,6710.197460948036
2023-03-22 09:00:00+00:00,6697.345414047096
2023-03-22 12:00:00+00:00,6684.567400573184
2023-03-22 13:15:00+00:00,6721.576626042126
2023-03-22 14:45:00+00:00,6695.565015975855
2023-03-22 15:15:00+00:00,6732.675510785306
2023-03-22 16:00:00+00:00,6719.807613889268
2023-03-22 17:15:00+00:00,6706.954329483832
2023-03-22 18:00:00+00:00,6708.825202177233
2023-03-22 18:30:00+00:00,6710.95912900855
2023-03-22 18:45:00+00:00,6711.219702381528
2023-03-22 19:00:00+00:00,6698.458467928064
2023-03-22 20:45:00+00:00,6700.534311035852
2023-03-23 00:15:00+00:00,6687.620852280139
2023-03-23 05:45:00+00:00,6687.624482862102
2023-03-23 07:00:00+00:00,6667.031282853302
2023-03-23 09:15:00+00:00,6653.48196744203
2023-03-23 11:45:00+00:00,6654.64484753527
2023-03-23 14:45:00+00:00,6655.848409013343
2023-03-23 17:15:00+00:00,6642.868610736417
2023-03-23 18:45:00+00:00,6629.896899412719
2023-03-24 11:45:00+00:00,6653.321829026289
2023-03-24 12:15:00+00:00,6640.033993574342
2023-03-24 17:45:00+00:00,6677.158878907915
2023-03-24 18:30:00+00:00,6678.985018793005
2023-03-24 18:45:00+00:00,6666.163593457638
2023-03-24 20:15:00+00:00,6654.991541464333
2023-03-25 01:00:00+00:00,6642.150297528977
2023-03-25 04:15:00+00:00,6635.023712456455
2023-03-25 06:45:00+00:00,6636.4336477924235
2023-03-25 09:45:00+00:00,6637.725951175874
2023-03-25 13:00:00+00:00,6674.594283260101
2023-03-25 15:45:00+00:00,6663.247782236908
2023-03-25 19:00:00+00:00,6699.73488231999
2023-03-25 20:30:00+00:00,6723.060988670226
2023-03-25 21:00:00+00:00,6696.629808589906
2023-03-25 21:30:00+00:00,6683.547967047367
2023-03-25 22:00:00+00:00,6670.2044775105
2023-03-26 00:00:00+00:00,6658.7541279752595
2023-03-26 00:45:00+00:00,6645.338995763362
2023-03-27 15:00:00+00:00,6682.136603518582
2023-03-27 16:15:00+00:00,6669.1516874604495
2023-03-27 23:00:00+00:00,6657.690613129166
2023-03-27 23:30:00+00:00,6644.657284105887
2023-03-28 01:30:00+00:00,6646.316548733634
2023-03-28 05:15:00+00:00,6648.139079398418
2023-03-28 06:00:00+00:00,6634.773410880202
2023-03-28 11:15:00+00:00,6638.459405924073
2023-03-28 11:45:00+00:00,6640.123924049881
2023-03-28 18:45:00+00:00,6676.9511331861495
2023-03-28 21:45:00+00:00,6663.869703798476
2023-03-29 01:30:00+00:00,6665.712539148737
2023-03-29 10:00:00+00:00,6667.484244092563
2023-03-29 11:00:00+00:00,6654.232002974666
2023-03-29 12:15:00+00:00,6627.932366555937
2023-03-29 13:15:00+00:00,6614.676100852219
2023-03-29 14:15:00+00:00,6601.463939660118
2023-03-29 14:45:00+00:00,6588.458039412135
2023-03-29 21:15:00+00:00,6588.864033030875
2023-03-30 00:45:00+00:00,6590.839127533344
2023-03-31 07:45:00+00:00,6592.655559590851
2023-03-31 16:30:00+00:00,6579.515239324748
2023-03-31 20:45:00+00:00,6566.301009854565
2023-04-03 07:00:00+00:00,6553.2013547722945
2023-04-03 07:15:00+00:00,6539.7563084976855
2023-04-03 08:00:00+00:00,6512.04121190419
2023-04-03 13:30:00+00:00,6485.973451687555
2023-04-03 14:45:00+00:00,6522.006142856278
2023-04-03 15:15:00+00:00,6508.321552983914
2023-04-03 17:15:00+00:00,6510.281969461317
2023-04-03 17:30:00+00:00,6511.631193578426
2023-04-03 18:30:00+00:00,6497.938359426284
2023-04-03 19:45:00+00:00,6485.3396955089065
2023-04-03 20:00:00+00:00,6521.831010342803
2023-04-03 21:15:00+00:00,6508.858015760544
2023-04-03 21:45:00+00:00,6510.942662156768
2023-04-03 23:00:00+00:00,6484.974385053122
2023-04-04 04:00:00+00:00,6470.350568674571
2023-04-04 05:15:00+00:00,6456.930783818227
2023-04-04 05:45:00+00:00,6452.386603317789
2023-04-04 06:45:00+00:00,6425.906852745569
2023-04-04 08:30:00+00:00,6427.406236163288
2023-04-04 10:15:00+00:00,6413.792239518854
2023-04-04 11:00:00+00:00,6400.226737043137
2023-04-04 13:30:00+00:00,6402.090670487721
2023-04-04 20:30:00+00:00,6403.507389912049
2023-04-04 23:15:00+00:00,6390.18363115284
2023-04-05 11:30:00+00:00,6385.761210211236
2023-04-05 12:30:00+00:00,6372.5870275035695
2023-04-05 19:15:00+00:00,6359.361938928789
2023-04-06 10:30:00+00:00,6396.068425088518
2023-04-06 11:00:00+00:00,6397.716893327721
2023-04-06 11:45:00+00:00,6384.575631837298
2023-04-06 12:15:00+00:00,6370.901033150376
2023-04-06 12:30:00+00:00,6357.698746152593
2023-04-06 14:00:00+00:00,6358.515061754637
2023-04-06 15:00:00+00:00,6345.000964887956
2023-04-06 15:30:00+00:00,6318.522747563953
2023-04-06 20:45:00+00:00,6355.228492750819
2023-04-06 21:15:00+00:00,6356.844789979219
2023-04-06 23:00:00+00:00,6358.32714993141
2023-04-07 00:45:00+00:00,6331.582459032065
2023-04-07 01:00:00+00:00,6318.129121611661
2023-04-07 02:45:00+00:00,6354.662082654239
2023-04-07 04:15:00+00:00,6356.22155096357
2023-04-07 12:30:00+00:00,6357.685337794228
2023-04-07 12:45:00+00:00,6359.148397928965
2023-04-07 14:15:00+00:00,6345.616617381408
2023-04-07 21:30:00+00:00,6346.5033921244385
2023-04-08 00:30:00+00:00,6383.135542630981
2023-04-08 03:15:00+00:00,6369.514511230289
2023-04-08 05:45:00+00:00,6355.906662645632
2023-04-08 23:15:00+00:00,6342.424984843789
2023-04-09 00:15:00+00:00,6328.900164024554
2023-04-09 02:00:00+00:00,6315.336653530821
2023-04-09 05:15:00+00:00,6316.669471408752
2023-04-09 09:00:00+00:00,6303.186580432264
2023-04-09 12:15:00+00:00,6290.785028810556
2023-04-09 18:30:00+00:00,6291.957718409509
2023-04-10 05:30:00+00:00,6293.354708916051
2023-04-10 17:15:00+00:00,6295.081105462567
2023-04-10 22:00:00+00:00,6331.921531293784
2023-04-11 01:45:00+00:00,6404.719937150155
2023-04-11 02:30:00+00:00,6391.070993830339
2023-04-11 03:00:00+00:00,6378.044383672879
2023-04-11 03:15:00+00:00,6414.470030908275
2023-04-11 04:30:00+00:00,6451.3211925053865
2023-04-11 05:15:00+00:00,6440.097700951878
2023-04-11 06:45:00+00:00,6476.774692241173
2023-04-11 08:45:00+00:00,6463.594912293757
2023-04-11 09:45:00+00:00,6464.09412003873
2023-04-11 12:15:00+00:00,6466.208106413561
2023-04-11 12:30:00+00:00,6467.6061161764155
2023-04-11 14:00:00+00:00,6504.60368675497
2023-04-11 15:15:00+00:00,6501.9674256165445
2023-04-11 16:15:00+00:00,6504.0423607281955
2023-04-11 16:30:00+00:00,6490.375191044042
2023-04-11 23:00:00+00:00,6484.510040141391
2023-04-12 01:00:00+00:00,6457.113527079568
2023-04-12 01:30:00+00:00,6459.194479433899
2023-04-12 02:00:00+00:00,6446.332093557739
2023-04-12 07:15:00+00:00,6483.509269716156
2023-04-12 08:45:00+00:00,6470.6920984828685
2023-04-12 12:30:00+00:00,6507.866512818207
2023-04-12 13:30:00+00:00,6496.667300357412
2023-04-12 15:00:00+00:00,6483.867406820584
2023-04-12 17:30:00+00:00,6485.559154770679
2023-04-12 19:45:00+00:00,6487.211232671113
2023-04-12 22:45:00+00:00,6489.434601254273
2023-04-12 23:15:00+00:00,6476.107842203825
2023-04-13 02:15:00+00:00,6477.612840795597
2023-04-13 06:15:00+00:00,6464.001800887489
2023-04-13 10:30:00+00:00,6451.079201811392
2023-04-13 19:00:00+00:00,6453.2114435962585
2023-04-14 00:30:00+00:00,6490.10286966099
2023-04-14 01:15:00+00:00,6526.97659901775
2023-04-14 01:45:00+00:00,6513.9857465850455
2023-04-14 02:45:00+00:00,6501.097753445131
2023-04-14 07:00:00+00:00,6503.22316508778
2023-04-14 07:45:00+00:00,6490.27756891602
2023-04-14 12:45:00+00:00,6477.32649645966
2023-04-14 14:45:00+00:00,6464.288340471134
2023-04-14 15:15:00+00:00,6451.372517566455
2023-04-15 00:00:00+00:00,6446.950090665816
2023-04-17 02:30:00+00:00,6420.308600184141
2023-04-17 07:00:00+00:00,6407.427506757807
2023-04-17 07:15:00+00:00,6409.145361043046
2023-04-17 11:30:00+00:00,6445.6384444113055
2023-04-17 13:45:00+00:00,6434.258075662964
2023-04-17 14:30:00+00:00,6436.337125307423
2023-04-17 15:45:00+00:00,6423.482941297682
2023-04-17 17:45:00+00:00,6410.618163855452
2023-04-17 18:00:00+00:00,6397.220213677957
2023-04-17 18:30:00+00:00,6398.695411531269
2023-04-18 00:30:00+00:00,6396.730750368274
2023-04-18 00:45:00+00:00,6396.707115212535
2023-04-18 01:00:00+00:00,6432.988850831565
2023-04-18 01:30:00+00:00,6419.325932609865
2023-04-18 04:30:00+00:00,6405.666222834737
2023-04-18 05:30:00+00:00,6391.540110480962
2023-04-18 06:15:00+00:00,6377.36880276907
2023-04-18 07:30:00+00:00,6363.408338339525
2023-04-18 09:30:00+00:00,6349.467826447467
2023-04-18 11:15:00+00:00,6335.580782337694
2023-04-19 08:00:00+00:00,6372.023727685995
2023-04-19 08:30:00+00:00,6359.200309785272
2023-04-19 11:15:00+00:00,6346.49041566445
2023-04-19 14:00:00+00:00,6348.558397974808
2023-04-19 14:30:00+00:00,6335.7646214139
2023-04-19 15:00:00+00:00,6329.472128232852
2023-04-19 16:15:00+00:00,6331.037844216624
2023-04-19 17:45:00+00:00,6332.647158278489
2023-04-19 18:00:00+00:00,6334.602639509881
2023-04-19 21:30:00+00:00,6371.20071230684
2023-04-19 21:45:00+00:00,6357.885727414667
2023-04-19 23:15:00+00:00,6431.817105621151
2023-04-20 00:15:00+00:00,6433.9304134368695
2023-04-20 00:30:00+00:00,6420.881243552177
2023-04-20 04:00:00+00:00,6423.012335225459
2023-04-20 06:00:00+00:00,6417.783043162782
2023-04-20 06:15:00+00:00,6419.8059140752
2023-04-20 10:30:00+00:00,6420.106566385494
2023-04-20 12:15:00+00:00,6456.675295677486
2023-04-20 12:30:00+00:00,6446.998639635166
2023-04-20 13:15:00+00:00,6434.069701515418
2023-04-20 14:00:00+00:00,6420.85127075544
2023-04-20 16:00:00+00:00,6568.707548884298
2023-04-20 16:15:00+00:00,6570.600775001293
2023-04-20 20:30:00+00:00,6572.592242314937
2023-04-20 22:00:00+00:00,6574.794926360062
2023-04-21 00:00:00+00:00,6561.742931468167
2023-04-21 03:15:00+00:00,6561.587434825844
2023-04-21 06:30:00+00:00,6598.421935629082
2023-04-21 07:30:00+00:00,6600.047610555614
2023-04-21 07:45:00+00:00,6586.915319415354
2023-04-21 13:00:00+00:00,6588.85359573299
2023-04-21 19:00:00+00:00,6625.83032318808
2023-04-22 01:45:00+00:00,6623.79085954294
2023-04-26 07:15:00+00:00,6611.741625646
2023-04-26 07:45:00+00:00,6598.27062624421
2023-04-26 08:15:00+00:00,6634.376905786255
2023-04-26 09:15:00+00:00,6670.944069449948
2023-04-26 09:30:00+00:00,6707.497655502677
2023-04-26 10:30:00+00:00,6743.909246344174
2023-04-26 11:00:00+00:00,6745.6084277989485
2023-04-26 12:15:00+00:00,6782.243670414903
2023-04-26 13:00:00+00:00,6818.83397462129
2023-04-26 13:30:00+00:00,6805.699910990945
2023-04-26 14:15:00+00:00,6780.99676799475
2023-04-26 14:30:00+00:00,6767.961798355899
2023-04-26 19:00:00+00:00,6754.9147795225645
2023-04-26 19:15:00+00:00,6741.786160691509
2023-04-26 19:30:00+00:00,6702.38131242912
2023-04-26 19:45:00+00:00,6676.384434424386
2023-04-26 20:00:00+00:00,6624.875035486886
2023-04-27 00:15:00+00:00,6662.031790694563
2023-04-27 01:15:00+00:00,6710.723469656592
2023-04-27 06:45:00+00:00,6697.899561532913
2023-04-27 07:45:00+00:00,6685.2969764748495
2023-04-27 09:00:00+00:00,6672.338156595345
2023-04-27 12:30:00+00:00,6659.252284794796
2023-04-27 15:15:00+00:00,6669.899494751764
2023-04-27 15:45:00+00:00,6671.697695549457
2023-04-27 19:00:00+00:00,6675.561363508064
2023-04-27 22:45:00+00:00,6651.54289564098
2023-04-28 06:00:00+00:00,6653.310208161788
2023-04-28 06:30:00+00:00,6654.071517538274
2023-04-28 08:15:00+00:00,6640.434188001831
2023-04-28 08:30:00+00:00,6642.278217805615
2023-04-28 11:15:00+00:00,6628.904570294996
2023-04-28 17:00:00+00:00,6665.916288713141
2023-04-28 20:45:00+00:00,6652.6534298287925
2023-04-29 03:45:00+00:00,6653.858227432952
2023-04-29 12:45:00+00:00,6690.960180479923
2023-04-29 15:45:00+00:00,6677.4904114332185
2023-04-29 17:30:00+00:00,6713.238763917668
2023-04-29 19:30:00+00:00,6685.7550824910595
2023-05-01 06:30:00+00:00,6672.652716077198
2023-05-01 13:30:00+00:00,6670.548680921754
2023-05-01 16:45:00+00:00,6672.066538111756
2023-05-01 19:15:00+00:00,6708.866531901837
2023-05-01 19:30:00+00:00,6709.385266699253
2023-05-01 20:00:00+00:00,6696.155063805054
2023-05-01 21:00:00+00:00,6732.8106828609825
2023-05-02 02:00:00+00:00,6733.63007811573
2023-05-02 03:45:00+00:00,6727.870705637649
2023-05-02 04:00:00+00:00,6721.734778537408
2023-05-02 08:45:00+00:00,6708.097235374421
2023-05-02 11:15:00+00:00,6709.209870919837
2023-05-02 14:15:00+00:00,6710.466330279193
2023-05-02 17:15:00+00:00,6712.118647725359
2023-05-02 18:30:00+00:00,6698.794525487431
2023-05-03 06:30:00+00:00,6685.3052329803895
2023-05-03 13:00:00+00:00,6686.861233655542
2023-05-03 17:30:00+00:00,6673.470960659061
2023-05-03 18:00:00+00:00,6660.201334215662
2023-05-03 19:00:00+00:00,6646.997329600948
2023-05-03 21:15:00+00:00,6633.893783816317
2023-05-05 15:00:00+00:00,6635.767257650383
2023-05-05 16:00:00+00:00,6672.68396122226
2023-05-05 18:45:00+00:00,6659.632421876195
2023-05-05 22:45:00+00:00,6658.9353627251485
2023-05-06 00:30:00+00:00,6695.460047212692
2023-05-06 01:00:00+00:00,6697.365979914023
2023-05-06 03:00:00+00:00,6670.839914968573
2023-05-06 03:30:00+00:00,6657.542004740839
2023-05-06 05:30:00+00:00,6644.194139066484
2023-05-06 06:00:00+00:00,6630.744026462549
2023-05-08 01:30:00+00:00,6667.472682865259
2023-05-08 11:00:00+00:00,6654.207749085227
2023-05-08 13:15:00+00:00,6655.757963753474
2023-05-08 14:45:00+00:00,6657.287752977135
2023-05-08 18:00:00+00:00,6693.967003018247
2023-05-08 19:00:00+00:00,6681.06139137091
2023-05-08 20:15:00+00:00,6682.866569539681
2023-05-08 21:45:00+00:00,6669.36299582426
2023-05-09 01:00:00+00:00,6656.131529116989
2023-05-09 01:45:00+00:00,6636.721540743086
2023-05-09 07:45:00+00:00,6638.24352440317
2023-05-09 11:45:00+00:00,6640.442034476213
2023-05-09 14:00:00+00:00,6676.704229692555
2023-05-09 16:45:00+00:00,6678.270490904925
2023-05-09 19:00:00+00:00,6714.318634738582
2023-05-09 20:00:00+00:00,6700.414839559246
2023-05-10 00:45:00+00:00,6686.490718122736
2023-05-10 11:45:00+00:00,6672.043171338238
2023-05-10 12:30:00+00:00,6657.617498129841
2023-05-10 16:00:00+00:00,6658.764845561005
2023-05-12 05:45:00+00:00,6645.880128357468
2023-05-12 15:00:00+00:00,6645.562882982978
2023-05-13 04:45:00+00:00,6637.304914698774
2023-05-13 10:00:00+00:00,6623.860188368143
2023-05-13 11:45:00+00:00,6625.612808475542
2023-05-13 13:00:00+00:00,6612.18616895898
2023-05-13 13:30:00+00:00,6598.1940447710995
2023-05-13 14:15:00+00:00,6584.642834397398
2023-05-13 19:00:00+00:00,6566.213194491701
2023-05-14 00:30:00+00:00,6552.824197892729
2023-05-14 07:45:00+00:00,6539.072173735118
2023-05-14 14:00:00+00:00,6540.213503987217
2023-05-14 15:45:00+00:00,6541.65229395435
2023-05-14 16:45:00+00:00,6528.222905788154
2023-05-14 18:15:00+00:00,6514.799176064775
2023-05-14 19:15:00+00:00,6501.324101305607
2023-05-15 00:15:00+00:00,6502.846554807473
2023-05-15 05:00:00+00:00,6489.420790863406
2023-05-15 10:15:00+00:00,6491.017515908414
2023-05-15 11:45:00+00:00,6492.5715684128645
2023-05-15 13:45:00+00:00,6466.627007512318
2023-05-15 14:00:00+00:00,6423.678036187527
2023-05-15 16:30:00+00:00,6425.128643573793
2023-05-15 17:00:00+00:00,6461.316905464916
2023-05-15 19:15:00+00:00,6484.121690139151
2023-05-15 22:30:00+00:00,6443.88955172301
2023-05-15 23:45:00+00:00,6403.120367983031
2023-05-16 00:30:00+00:00,6375.958162188983
2023-05-16 07:15:00+00:00,6362.742423588529
2023-05-16 12:30:00+00:00,6399.179221404758
2023-05-16 14:30:00+00:00,6400.7465428663345
2023-05-16 21:30:00+00:00,6402.357565078006
2023-05-17 01:30:00+00:00,6439.34413317387
2023-05-17 06:00:00+00:00,6412.924346255662
2023-05-17 06:45:00+00:00,6399.9279545762565
2023-05-17 08:45:00+00:00,6386.943506782512
2023-05-17 14:00:00+00:00,6388.980723365871
2023-05-17 14:30:00+00:00,6375.913762483318
2023-05-18 05:45:00+00:00,6362.269375332853
2023-05-18 07:45:00+00:00,6398.014460286035
2023-05-18 12:15:00+00:00,6399.091713067697
2023-05-18 13:00:00+00:00,6385.276503793454
2023-05-18 14:45:00+00:00,6372.376899410675
2023-05-18 17:45:00+00:00,6409.126048761611
2023-05-18 19:30:00+00:00,6396.032231716736
2023-05-18 19:45:00+00:00,6369.778390448628
2023-05-18 21:15:00+00:00,6356.568263367704
2023-05-18 21:30:00+00:00,6343.438989433325
2023-05-19 05:45:00+00:00,6332.029128240342
2023-05-19 07:15:00+00:00,6333.778111630873
2023-05-19 08:30:00+00:00,6320.069029134798
2023-05-19 11:00:00+00:00,6321.189763222509
2023-05-19 15:15:00+00:00,6322.9717137832695
2023-05-19 20:45:00+00:00,6324.590018490449
2023-05-20 09:00:00+00:00,6322.301917273515
2023-05-20 15:15:00+00:00,6308.397581779395
2023-05-20 17:30:00+00:00,6309.24682327386
2023-05-21 00:00:00+00:00,6310.223235528057
2023-05-21 01:00:00+00:00,6296.13493988642
2023-05-21 13:00:00+00:00,6282.076059888754
2023-05-21 14:15:00+00:00,6268.186761028215
2023-05-21 15:00:00+00:00,6269.382363410717
2023-05-21 15:30:00+00:00,6305.6842250214695
2023-05-21 21:30:00+00:00,6307.380638235266
2023-05-21 21:45:00+00:00,6293.833212321701
2023-05-21 23:00:00+00:00,6290.441621037183
2023-05-22 00:30:00+00:00,6326.4746544736045
2023-05-22 01:00:00+00:00,6328.003799523678
2023-05-22 02:30:00+00:00,6301.284462210371
2023-05-22 06:15:00+00:00,6274.725544647864
2023-05-22 08:00:00+00:00,6275.626760343135
2023-05-22 08:30:00+00:00,6247.663351464107
2023-05-22 09:00:00+00:00,6232.954936740793
2023-05-22 09:15:00+00:00,6219.089886105912
2023-05-22 09:45:00+00:00,6205.295631868967
2023-05-22 12:45:00+00:00,6191.770123178851
2023-05-23 00:45:00+00:00,6193.425318563446
2023-05-23 02:45:00+00:00,6229.669357034563
2023-05-23 03:15:00+00:00,6265.978348708843
2023-05-23 04:30:00+00:00,6252.611888252415
2023-05-23 05:30:00+00:00,6252.815452347829
2023-05-23 06:15:00+00:00,6238.832514181799
2023-05-23 07:15:00+00:00,6225.235356937404
2023-05-23 07:30:00+00:00,6211.812639984209
2023-05-23 13:30:00+00:00,6184.023391255868
2023-05-23 13:45:00+00:00,6170.2981951253
2023-05-23 14:15:00+00:00,6164.393009625228
2023-05-23 16:30:00+00:00,6165.715623402696
2023-05-23 17:15:00+00:00,6166.8584287261565
2023-05-23 17:45:00+00:00,6152.901771158076
2023-05-23 18:00:00+00:00,6138.232504830853
2023-05-23 19:00:00+00:00,6124.307877864973
2023-05-24 00:15:00+00:00,6124.61109477148
2023-05-24 01:45:00+00:00,6122.494668340861
2023-05-24 09:15:00+00:00,6108.718191231252
2023-05-24 11:00:00+00:00,6109.455924039743
2023-05-24 12:45:00+00:00,6095.668153007452
2023-05-24 13:45:00+00:00,6131.769606069198
2023-05-24 15:15:00+00:00,6206.129837499237
2023-05-24 17:00:00+00:00,6208.023942130919
2023-05-24 19:15:00+00:00,6194.802863637779
2023-05-24 19:30:00+00:00,6181.489241955841
2023-05-24 20:15:00+00:00,6168.310928199358
2023-05-24 20:45:00+00:00,6141.2474235332975
2023-05-25 00:45:00+00:00,6177.713579065154
2023-05-25 01:15:00+00:00,6214.416018296871
2023-05-25 02:30:00+00:00,6274.298609217495
2023-05-25 03:00:00+00:00,6261.040940449514
2023-05-25 05:45:00+00:00,6221.379140347006
2023-05-25 09:15:00+00:00,6222.8245601914705
2023-05-25 09:45:00+00:00,6214.899469743343
2023-05-25 11:45:00+00:00,6216.61423317036
2023-05-25 12:00:00+00:00,6202.832065910446
2023-05-25 14:00:00+00:00,6203.997903343549
2023-05-25 15:45:00+00:00,6240.39877422646
2023-05-25 19:00:00+00:00,6226.866025740913
2023-05-25 22:45:00+00:00,6201.1057387153
2023-05-27 07:45:00+00:00,6186.918090416715
2023-05-27 16:30:00+00:00,6188.132553600085
2023-05-27 21:00:00+00:00,6224.332711832945
2023-05-27 22:15:00+00:00,6260.7229866758535
2023-05-28 02:30:00+00:00,6262.495955944311
2023-05-28 09:45:00+00:00,6264.02522006891
2023-05-28 14:45:00+00:00,6265.420496063755
2023-05-28 18:15:00+00:00,6301.9743241402
2023-05-28 23:15:00+00:00,6303.661017465557
2023-05-29 03:45:00+00:00,6290.510269667795
2023-05-29 04:45:00+00:00,6262.51851103835
2023-05-29 11:00:00+00:00,6263.368038768896
2023-05-29 11:30:00+00:00,6255.265311581473
2023-05-29 14:30:00+00:00,6256.257004932709
2023-05-31 05:00:00+00:00,6292.8915985245085
2023-05-31 14:45:00+00:00,6294.318613157282
2023-05-31 22:00:00+00:00,6295.7423048694845
2023-06-01 00:00:00+00:00,6281.735606396648
2023-06-01 02:45:00+00:00,6317.988863861639
2023-06-01 11:30:00+00:00,6304.192870398832
2023-06-01 13:00:00+00:00,6290.485507251124
2023-06-01 16:45:00+00:00,6276.812397998896
2023-06-01 19:45:00+00:00,6276.503878595475
2023-06-04 23:15:00+00:00,6278.300816042529
2023-06-04 23:45:00+00:00,6265.075873318451
2023-06-05 15:45:00+00:00,6301.128704152161
2023-06-05 23:15:00+00:00,6339.60700596301
2023-06-06 02:30:00+00:00,6343.365919964967
2023-06-06 07:30:00+00:00,6345.366603812403
2023-06-06 09:15:00+00:00,6338.668443015752
2023-06-06 09:45:00+00:00,6310.289156178499
2023-06-06 10:45:00+00:00,6296.474078345647
2023-06-06 12:00:00+00:00,6331.916786273793
2023-06-06 12:45:00+00:00,6369.226407202557
2023-06-06 13:30:00+00:00,6370.597653689791
2023-06-06 13:45:00+00:00,6374.379281176299
2023-06-06 14:00:00+00:00,6348.49062409724
2023-06-06 14:45:00+00:00,6322.613964002086
2023-06-06 16:00:00+00:00,6309.502964893795
2023-06-06 17:15:00+00:00,6296.635539505341
2023-06-06 18:00:00+00:00,6283.710240958232
2023-06-06 19:15:00+00:00,6270.668996423614
2023-06-06 19:30:00+00:00,6257.799405175295
2023-06-07 02:00:00+00:00,6294.585340105614
2023-06-07 02:30:00+00:00,6281.374364659858
2023-06-07 03:30:00+00:00,6268.039396614476
2023-06-07 09:15:00+00:00,6254.716634113843
2023-06-07 17:00:00+00:00,6291.762883536197
2023-06-07 21:45:00+00:00,6328.648358674567
2023-06-08 00:45:00+00:00,6315.491091427101
2023-06-08 03:15:00+00:00,6352.649511023781
2023-06-10 06:00:00+00:00,6354.928500127184
2023-06-10 13:00:00+00:00,6354.608586284836
2023-06-10 15:00:00+00:00,6352.313599040556
2023-06-10 16:00:00+00:00,6339.351095354544
2023-06-10 17:00:00+00:00,6340.731582554745
2023-06-10 17:15:00+00:00,6342.867629870341
2023-06-10 17:30:00+00:00,6379.810966752739
2023-06-10 19:45:00+00:00,6368.720800193884
2023-06-10 22:30:00+00:00,6370.644477751168
2023-06-11 05:15:00+00:00,6366.052348199262
2023-06-12 05:30:00+00:00,6368.161765040867
2023-06-12 17:15:00+00:00,6355.353156173678
2023-06-13 21:00:00+00:00,6342.587459310133
2023-06-14 07:15:00+00:00,6329.578976941797
2023-06-14 09:45:00+00:00,6353.651562846412
2023-06-14 12:30:00+00:00,6340.551584167378
2023-06-14 13:15:00+00:00,6342.525089008395
2023-06-14 18:00:00+00:00,6379.285867248138
2023-06-14 19:00:00+00:00,6366.3012942730575
2023-06-14 19:45:00+00:00,6353.24129771153
2023-06-14 20:00:00+00:00,6390.2825058930885
2023-06-14 20:45:00+00:00,6427.471953836009
2023-06-15 03:30:00+00:00,6426.387480804944
2023-06-15 04:00:00+00:00,6426.545023996353
2023-06-15 06:15:00+00:00,6427.968866195264
2023-06-15 07:00:00+00:00,6464.92515111311
2023-06-15 07:15:00+00:00,6466.1701646312495
2023-06-15 10:00:00+00:00,6469.128448165152
2023-06-15 11:30:00+00:00,6470.501328954865
2023-06-15 13:30:00+00:00,6443.976858081941
2023-06-15 17:45:00+00:00,6430.278088855903
2023-06-15 19:00:00+00:00,6416.661524809594
2023-06-17 01:45:00+00:00,6418.481072972342
2023-06-17 02:30:00+00:00,6415.226186931887
2023-06-17 05:30:00+00:00,6451.204106791497
2023-06-17 06:45:00+00:00,6473.683135647857
2023-06-17 07:45:00+00:00,6460.13555671567
2023-06-17 11:15:00+00:00,6446.5015329863645
2023-06-17 12:00:00+00:00,6419.182549284352
2023-06-17 14:15:00+00:00,6391.650334433556
2023-06-17 15:00:00+00:00,6377.846828308982
2023-06-17 15:15:00+00:00,6363.85875743702
2023-06-18 11:00:00+00:00,6365.4820332072595
2023-06-18 16:00:00+00:00,6352.18023373159
2023-06-18 20:00:00+00:00,6338.676963631251
2023-06-19 00:45:00+00:00,6325.465927899696
2023-06-19 17:45:00+00:00,6312.302131034025
2023-06-20 08:15:00+00:00,6299.100000891519
2023-06-20 11:00:00+00:00,6285.789843450966
2023-06-20 15:45:00+00:00,6272.684837250601
2023-06-20 19:15:00+00:00,6274.592134840543
2023-06-20 22:45:00+00:00,6311.585756483268
2023-06-21 00:15:00+00:00,6348.535389146398
2023-06-21 12:45:00+00:00,6350.40806143865
2023-06-21 14:00:00+00:00,6339.182529338467
2023-06-21 16:15:00+00:00,6376.072514223895
2023-06-21 16:45:00+00:00,6363.125606260147
2023-06-22 00:30:00+00:00,6400.231509944473
2023-06-22 01:15:00+00:00,6437.268836758211
2023-06-22 03:30:00+00:00,6439.24663895298
2023-06-22 11:00:00+00:00,6441.168637041787
2023-06-22 11:45:00+00:00,6415.253447278762
2023-06-22 14:30:00+00:00,6452.146880307176
2023-06-22 16:30:00+00:00,6426.263920517082
2023-06-22 21:30:00+00:00,6427.701732550775
2023-06-23 04:30:00+00:00,6429.6543309966055
2023-06-23 06:00:00+00:00,6416.098225216752
2023-06-23 07:45:00+00:00,6417.466031655003
2023-06-23 11:00:00+00:00,6403.869475520632
2023-06-23 12:30:00+00:00,6440.614157067617
2023-06-23 13:00:00+00:00,6429.110268819531
2023-06-23 14:45:00+00:00,6402.687276753195
2023-06-23 15:15:00+00:00,6439.618131407755
2023-06-23 15:45:00+00:00,6400.396002713379
2023-06-23 18:00:00+00:00,6389.400233026712
2023-06-24 00:15:00+00:00,6376.518660114357
2023-06-24 06:15:00+00:00,6376.283486898156
2023-06-24 10:15:00+00:00,6377.829559816013
2023-06-24 12:15:00+00:00,6364.262615486655
2023-06-24 13:30:00+00:00,6365.65843147891
2023-06-24 15:30:00+00:00,6402.384215759517
2023-06-24 18:15:00+00:00,6425.997571600775
2023-06-24 19:00:00+00:00,6412.889281523187
2023-06-24 21:30:00+00:00,6414.971966478728
2023-06-24 22:00:00+00:00,6416.691243114102
2023-06-25 01:00:00+00:00,6414.160663935968
2023-06-25 01:30:00+00:00,6401.148444755869
2023-06-25 02:00:00+00:00,6387.701239683443
2023-06-25 02:45:00+00:00,6374.563161625807
2023-06-25 03:00:00+00:00,6361.335072998054
2023-06-25 04:00:00+00:00,6348.194252914137
2023-06-25 04:15:00+00:00,6334.8165110564905
2023-06-25 05:30:00+00:00,6336.413467834427
2023-06-25 06:30:00+00:00,6323.2909805358795
2023-06-25 07:45:00+00:00,6310.28700813097
2023-06-26 11:30:00+00:00,6311.853309328011
2023-06-26 13:30:00+00:00,6298.368733688011
2023-06-26 16:45:00+00:00,6335.082164802499
2023-06-26 23:45:00+00:00,6337.062030706306
2023-06-27 00:00:00+00:00,6338.954560700592
2023-06-27 00:45:00+00:00,6341.05408366592
2023-06-27 01:30:00+00:00,6327.830023687176
2023-06-27 02:45:00+00:00,6314.770000849669
2023-06-27 03:00:00+00:00,6288.42245747565
2023-06-27 04:15:00+00:00,6275.320063624319
2023-06-27 07:15:00+00:00,6277.1595887605945
2023-06-27 07:45:00+00:00,6278.882394071461
2023-06-28 09:15:00+00:00,6265.864138915435
2023-06-28 10:15:00+00:00,6252.6244674572645
2023-06-28 11:45:00+00:00,6254.058604971503
2023-06-28 14:00:00+00:00,6255.0503908350765
2023-06-28 14:30:00+00:00,6244.318036278127
2023-06-28 19:30:00+00:00,6280.898540776811
2023-06-28 21:00:00+00:00,6304.910331602085
2023-06-28 21:45:00+00:00,6291.958150410812
2023-06-29 01:00:00+00:00,6293.941143666987
2023-06-29 01:15:00+00:00,6281.027110335646
2023-06-29 04:30:00+00:00,6282.944161769061
2023-06-29 07:00:00+00:00,6284.570378937321
2023-06-29 08:00:00+00:00,6263.299669579809
2023-06-29 09:00:00+00:00,6249.251992543034
2023-06-29 09:15:00+00:00,6235.9461984159125
2023-06-29 10:00:00+00:00,6222.004188139774
2023-06-29 10:15:00+00:00,6208.500960052243
2023-06-29 11:00:00+00:00,6245.578521119363
2023-06-29 11:15:00+00:00,6232.2709326078075
2023-06-29 13:30:00+00:00,6219.47497699668
2023-06-29 13:45:00+00:00,6206.087294608297
2023-06-29 20:15:00+00:00,6207.3183236224195
2023-06-30 00:00:00+00:00,6244.426752698412
2023-06-30 01:15:00+00:00,6246.591728703591
2023-06-30 02:30:00+00:00,6233.403990745952
2023-06-30 02:45:00+00:00,6235.611095598425
2023-06-30 07:15:00+00:00,6237.8435691385
2023-06-30 09:15:00+00:00,6240.066654579423
2023-06-30 13:30:00+00:00,6242.253098431246
2023-06-30 16:30:00+00:00,6216.634674565368
2023-06-30 16:45:00+00:00,6203.895492145042
2023-06-30 17:15:00+00:00,6190.89529597322
2023-06-30 17:30:00+00:00,6178.070475143634
2023-07-03 16:00:00+00:00,6164.26384567732
2023-07-03 21:15:00+00:00,6165.690016388582
2023-07-04 04:15:00+00:00,6167.302695016091
2023-07-04 06:00:00+00:00,6153.544001117734
2023-07-04 07:45:00+00:00,6139.749312793947
2023-07-06 15:45:00+00:00,6126.67390785229
2023-07-06 21:15:00+00:00,6111.705789812295
2023-07-06 22:30:00+00:00,6109.499411603873
2023-07-07 00:00:00+00:00,6146.021841234954
2023-07-07 01:30:00+00:00,6132.810960052012
2023-07-07 05:30:00+00:00,6106.42131880749
2023-07-07 12:15:00+00:00,6101.138625536964
2023-07-07 12:30:00+00:00,6103.042424100939
2023-07-07 13:30:00+00:00,6089.399805862284
2023-07-07 13:45:00+00:00,6075.769425609119
2023-07-07 20:30:00+00:00,6077.240290202185
2023-07-07 21:15:00+00:00,6078.6609438008
2023-07-10 22:00:00+00:00,6075.916328991981
2023-07-11 08:15:00+00:00,6112.6837423895995
2023-07-11 09:00:00+00:00,6099.117693649579
2023-07-12 01:00:00+00:00,6135.598715065546
2023-07-12 03:15:00+00:00,6122.14060044615
2023-07-12 10:00:00+00:00,6121.25304764708
2023-07-12 12:45:00+00:00,6122.503457862187
2023-07-12 13:30:00+00:00,6110.4075708052815
2023-07-12 15:30:00+00:00,6083.590095025965
2023-07-12 19:15:00+00:00,6070.409013722881
2023-07-13 12:15:00+00:00,6056.842145475202
2023-07-13 12:30:00+00:00,6058.351280770019
2023-07-13 15:30:00+00:00,6095.097319173954
2023-07-13 15:45:00+00:00,6118.22998414685
2023-07-13 16:30:00+00:00,6091.593958839426
2023-07-13 17:30:00+00:00,6130.814641862291
2023-07-13 18:00:00+00:00,6167.742746743735
2023-07-13 18:15:00+00:00,6169.744540417987
2023-07-13 18:30:00+00:00,6194.087522009218
2023-07-13 20:15:00+00:00,6231.197166290219
2023-07-13 20:45:00+00:00,6233.076914139441
2023-07-13 21:00:00+00:00,6220.282250092725
2023-07-14 00:00:00+00:00,6257.612077199081
2023-07-14 01:00:00+00:00,6259.781861996247
2023-07-14 07:30:00+00:00,6261.764300822304
2023-07-14 07:45:00+00:00,6263.815237062375
2023-07-14 09:30:00+00:00,6240.53997877822
2023-07-14 10:30:00+00:00,6241.740157452247
2023-07-14 16:15:00+00:00,6215.210286491921
2023-07-14 16:30:00+00:00,6216.452173477058
2023-07-14 17:00:00+00:00,6202.91327458198
2023-07-14 17:15:00+00:00,6190.106521386722
2023-07-14 18:00:00+00:00,6177.331604730886
2023-07-15 03:45:00+00:00,6170.016127229927
2023-07-15 07:30:00+00:00,6157.188598363867
2023-07-15 09:00:00+00:00,6159.379981958086
2023-07-15 10:30:00+00:00,6149.758335528965
2023-07-15 10:45:00+00:00,6151.971819317659
2023-07-15 12:45:00+00:00,6139.205803809637
2023-07-15 19:45:00+00:00,6140.883396728306
2023-07-17 11:00:00+00:00,6127.862997912754
2023-07-17 11:15:00+00:00,6114.864127832252
2023-07-17 13:15:00+00:00,6116.8187063560445
2023-07-17 13:30:00+00:00,6118.80575903598
2023-07-17 21:45:00+00:00,6120.776315091316
2023-07-18 00:15:00+00:00,6107.668283839831
2023-07-18 02:30:00+00:00,6094.749309956985
2023-07-18 04:00:00+00:00,6081.819372314688
2023-07-18 06:30:00+00:00,6083.831699806576
2023-07-18 10:00:00+00:00,6085.86993485472
2023-07-18 11:45:00+00:00,6072.945833701006
2023-07-20 10:45:00+00:00,6075.178580298241
2023-07-20 14:30:00+00:00,6077.450541572384
2023-07-20 22:00:00+00:00,6064.402600696962
2023-07-21 00:30:00+00:00,6066.69580436532
2023-07-21 01:15:00+00:00,6068.478863529686
2023-07-21 03:30:00+00:00,6070.724844793517
2023-07-21 04:00:00+00:00,6057.8428939054
2023-07-21 05:00:00+00:00,6045.037788342324
2023-07-21 06:00:00+00:00,6032.1603088606425
2023-07-21 07:00:00+00:00,6019.2170605223
2023-07-21 12:00:00+00:00,6020.236432274037
2023-07-21 13:45:00+00:00,6017.159641856063
2023-07-23 08:30:00+00:00,6002.755679385771
2023-07-23 19:15:00+00:00,5988.543139045022
2023-07-23 21:30:00+00:00,5974.725185835608
2023-07-24 01:00:00+00:00,5975.83771906965
2023-07-24 02:00:00+00:00,5961.526953359487
2023-07-24 08:15:00+00:00,5948.721698675028
2023-07-24 10:00:00+00:00,5935.277980114809
2023-07-24 10:15:00+00:00,5921.701688971431
2023-07-24 15:15:00+00:00,5923.166960648291
2023-07-24 15:45:00+00:00,5910.468216726635
2023-07-24 16:30:00+00:00,5896.961949138642
2023-07-24 18:45:00+00:00,5898.614399126117
2023-07-24 23:15:00+00:00,5891.736190508879
2023-07-25 02:30:00+00:00,5892.548882779745
2023-07-25 06:45:00+00:00,5879.747553586866
2023-07-25 14:00:00+00:00,5916.229894323468
2023-07-25 14:45:00+00:00,5903.19983631198
2023-07-26 00:30:00+00:00,5904.032632406973
2023-07-26 01:30:00+00:00,5890.658652720197
2023-07-26 04:15:00+00:00,5892.355274257825
2023-07-26 08:30:00+00:00,5894.050422905982
2023-07-26 16:15:00+00:00,5895.663450621422
2023-07-26 21:45:00+00:00,5882.282769624054
2023-07-27 08:00:00+00:00,5881.395247411494
2023-07-27 10:15:00+00:00,5881.98401061485
2023-07-27 12:30:00+00:00,5867.565108063876
2023-07-27 13:45:00+00:00,5853.007422818862
2023-07-27 14:00:00+00:00,5837.9595090687935
2023-07-27 14:30:00+00:00,5823.382911243247
2023-07-27 14:45:00+00:00,5808.646225379224
2023-07-27 15:00:00+00:00,5794.2190199459665
2023-07-28 15:30:00+00:00,5780.05223326748
2023-07-28 17:00:00+00:00,5766.015675305552
2023-07-28 17:30:00+00:00,5751.827602531531
2023-07-29 00:00:00+00:00,5722.872799718234
2023-07-29 04:00:00+00:00,5707.4672727085235
2023-07-29 06:00:00+00:00,5691.454072938192
2023-07-29 09:15:00+00:00,5675.423846938254
2023-07-30 07:30:00+00:00,5661.848561083019
2023-07-30 19:15:00+00:00,5646.953099824014
2023-08-01 05:30:00+00:00,5633.987269616226
2023-08-01 06:30:00+00:00,5620.490383392189
2023-08-01 08:15:00+00:00,5607.50853125929
2023-08-01 11:45:00+00:00,5607.919652243276
2023-08-01 12:30:00+00:00,5592.697242546881
2023-08-01 13:15:00+00:00,5589.0657229537355
2023-08-01 14:45:00+00:00,5579.941585747256
2023-08-01 15:30:00+00:00,5580.450232950029
2023-08-01 15:45:00+00:00,5573.572659028594
2023-08-01 18:15:00+00:00,5559.840501256663
2023-08-01 18:45:00+00:00,5532.311897068264
2023-08-01 21:30:00+00:00,5520.105047072664
2023-08-02 14:00:00+00:00,5556.313342188306
2023-08-02 15:30:00+00:00,5557.764060412516
2023-08-02 16:45:00+00:00,5596.028175792627
2023-08-02 17:30:00+00:00,5582.482560573393
2023-08-02 19:30:00+00:00,5555.853275380799
2023-08-02 23:00:00+00:00,5592.674432665678
2023-08-03 01:30:00+00:00,5579.476420421279
2023-08-03 01:45:00+00:00,5581.344651087682
2023-08-03 02:15:00+00:00,5578.961763552816
2023-08-03 05:45:00+00:00,5580.651942294707
2023-08-03 08:15:00+00:00,5617.196788019165
2023-08-03 08:30:00+00:00,5618.859923966607
2023-08-03 10:30:00+00:00,5606.596559916871
2023-08-03 10:45:00+00:00,5593.481108229972
2023-08-03 12:00:00+00:00,5580.230737768401
2023-08-03 14:15:00+00:00,5566.933875384481
2023-08-03 14:30:00+00:00,5553.5435675241715
2023-08-03 16:15:00+00:00,5526.4647544258
2023-08-03 16:45:00+00:00,5528.119811384774
2023-08-03 17:00:00+00:00,5529.395110394815
2023-08-03 21:45:00+00:00,5566.045319608307
2023-08-03 22:00:00+00:00,5602.333739742572
2023-08-03 22:45:00+00:00,5588.831808938271
2023-08-04 01:00:00+00:00,5575.681509687802
2023-08-04 05:45:00+00:00,5565.021000683635
2023-08-04 06:00:00+00:00,5558.073676525602
2023-08-04 08:15:00+00:00,5544.310209523232
2023-08-07 18:00:00+00:00,5545.747336600921
2023-08-08 00:30:00+00:00,5546.667248480062
2023-08-08 00:45:00+00:00,5543.830431472653
2023-08-08 04:30:00+00:00,5545.277662293302
2023-08-08 13:00:00+00:00,5531.888946362387
2023-08-08 13:15:00+00:00,5517.918701810768
2023-08-08 13:30:00+00:00,5504.689331387845
2023-08-08 14:15:00+00:00,5506.590747429713
2023-08-08 15:15:00+00:00,5543.399473513498
2023-08-08 16:30:00+00:00,5579.645003992363
2023-08-08 17:00:00+00:00,5580.59455803703
2023-08-08 18:15:00+00:00,5617.504144106474
2023-08-08 18:45:00+00:00,5618.881610694781
2023-08-08 21:00:00+00:00,5622.718675973329
2023-08-08 21:30:00+00:00,5622.958230926071
2023-08-08 22:30:00+00:00,5610.91696970066
2023-08-09 02:15:00+00:00,5584.484135427582
2023-08-09 02:30:00+00:00,5586.49991127153
2023-08-09 05:15:00+00:00,5583.8980432538265
2023-08-09 06:15:00+00:00,5569.476252040295
2023-08-09 09:15:00+00:00,5570.565740194813
2023-08-09 10:30:00+00:00,5571.071543207043
2023-08-09 11:15:00+00:00,5570.789342678519
2023-08-09 12:45:00+00:00,5606.047639205466
2023-08-09 13:00:00+00:00,5641.858927873698
2023-08-09 13:30:00+00:00,5627.872098210789
2023-08-09 13:45:00+00:00,5600.113096614233
2023-08-09 14:00:00+00:00,5573.611248303711
2023-08-09 14:45:00+00:00,5559.669434968257
2023-08-09 16:45:00+00:00,5518.573809399591
2023-08-09 17:30:00+00:00,5504.985941241484
2023-08-09 19:45:00+00:00,5490.864338773087
2023-08-09 21:00:00+00:00,5464.785528231303
2023-08-10 02:15:00+00:00,5459.848890504716
2023-08-10 03:00:00+00:00,5461.734484388541
2023-08-10 04:00:00+00:00,5448.442457477651
2023-08-10 04:45:00+00:00,5450.154939034013
2023-08-10 05:30:00+00:00,5436.3773869506185
2023-08-10 06:45:00+00:00,5423.044142254883
2023-08-10 09:30:00+00:00,5409.58977622087
2023-08-10 11:30:00+00:00,5411.071517644074
2023-08-10 12:30:00+00:00,5447.546367197799
2023-08-10 23:30:00+00:00,5432.887137487178
2023-08-11 00:15:00+00:00,5417.256341090995
2023-08-11 02:45:00+00:00,5451.654462593319
2023-08-11 10:00:00+00:00,5451.523357080374
2023-08-11 11:45:00+00:00,5450.926488879958
2023-08-11 15:00:00+00:00,5485.239756999675
2023-08-11 17:15:00+00:00,5471.050857555197
2023-08-11 23:15:00+00:00,5457.052497334638
2023-08-12 00:45:00+00:00,5427.924436633963
2023-08-12 02:00:00+00:00,5413.274007875918
2023-08-12 21:15:00+00:00,5448.056414040555
2023-08-12 22:00:00+00:00,5432.863376624688
2023-08-13 00:15:00+00:00,5467.819871435028
2023-08-13 06:45:00+00:00,5468.532875087143
2023-08-13 08:15:00+00:00,5453.521842749974
2023-08-13 17:30:00+00:00,5453.437577773839
2023-08-13 18:45:00+00:00,5438.6548780597905
2023-08-13 21:45:00+00:00,5474.010326567881
2023-08-13 22:30:00+00:00,5509.682876514528
2023-08-14 00:45:00+00:00,5495.823940462563
2023-08-14 20:00:00+00:00,5482.187222962232
2023-08-15 02:45:00+00:00,5479.846091260224
2023-08-15 05:30:00+00:00,5480.7307763890785
2023-08-15 06:45:00+00:00,5466.514421524088
2023-08-15 07:30:00+00:00,5452.758311147099
2023-08-15 08:30:00+00:00,5438.443833098211
2023-08-15 10:00:00+00:00,5474.861035524319
2023-08-15 14:00:00+00:00,5510.607968055438
2023-08-15 14:45:00+00:00,5496.922662928522
2023-08-15 16:45:00+00:00,5495.447423371525
2023-08-15 18:00:00+00:00,5604.091883297402
2023-08-15 18:30:00+00:00,5603.421505587977
2023-08-15 19:00:00+00:00,5640.143499617464
2023-08-15 19:15:00+00:00,5698.395639206885
2023-08-16 01:45:00+00:00,5699.773467652856
2023-08-16 05:30:00+00:00,5730.393279375446
2023-08-16 09:00:00+00:00,5767.095932198926
2023-08-16 10:15:00+00:00,5768.905853395709
2023-08-16 11:15:00+00:00,5755.514886230759
2023-08-16 12:15:00+00:00,5829.142947180251
2023-08-16 14:30:00+00:00,5867.387498208684
2023-08-16 17:15:00+00:00,5871.145241113513
2023-08-16 18:15:00+00:00,5872.996941741213
2023-08-16 18:30:00+00:00,5859.951596944663
2023-08-16 20:15:00+00:00,5896.899667699251
2023-08-16 21:30:00+00:00,5972.513178031096
2023-08-16 22:00:00+00:00,5958.907774579699
2023-08-17 00:30:00+00:00,5997.1792562953315
2023-08-17 00:45:00+00:00,5984.306649281401
2023-08-17 07:15:00+00:00,5972.834228093098
2023-08-17 07:30:00+00:00,5968.72312970437
2023-08-17 09:00:00+00:00,6004.054232793078
2023-08-17 09:15:00+00:00,6004.628116662487
2023-08-17 12:30:00+00:00,6005.072877068008
2023-08-17 13:15:00+00:00,6005.725921849433
2023-08-17 15:00:00+00:00,6006.475930306241
2023-08-17 15:30:00+00:00,6042.905020653189
2023-08-17 21:30:00+00:00,6116.071024975467
2023-08-18 02:30:00+00:00,6155.1873653928205
2023-08-18 14:45:00+00:00,6157.133306287789
2023-08-18 15:45:00+00:00,6144.088181927512
2023-08-18 16:45:00+00:00,6133.190483360481
2023-08-18 18:15:00+00:00,6135.014470336387
2023-08-19 01:00:00+00:00,6132.24278687603
2023-08-19 03:00:00+00:00,6134.286878004641
2023-08-19 14:30:00+00:00,6170.656242615403
2023-08-19 15:30:00+00:00,6172.028454147625
2023-08-19 17:15:00+00:00,6158.658545896893
2023-08-19 21:30:00+00:00,6160.31428188526
2023-08-21 10:30:00+00:00,6162.653313659182
2023-08-22 17:30:00+00:00,6164.641338961776
2023-08-22 21:15:00+00:00,6151.658314592178
2023-08-23 12:45:00+00:00,6153.565868771178
2023-08-23 14:15:00+00:00,6155.1758780363025
2023-08-23 16:15:00+00:00,6191.877669603073
2023-08-23 20:15:00+00:00,6230.087400499735
2023-08-23 21:30:00+00:00,6216.753131404467
2023-08-23 21:45:00+00:00,6203.48646531824
2023-08-24 01:15:00+00:00,6205.137711100721
2023-08-24 05:00:00+00:00,6241.440577709004
2023-08-24 07:45:00+00:00,6241.08607355841
2023-08-24 08:30:00+00:00,6226.9205995399725
2023-08-24 09:00:00+00:00,6228.359100205237
2023-08-24 09:30:00+00:00,6214.278292072138
2023-08-24 12:00:00+00:00,6200.296427713825
2023-08-24 13:00:00+00:00,6186.767233891396
2023-08-24 13:15:00+00:00,6188.803254279127
2023-08-24 14:30:00+00:00,6175.599169173056
2023-08-24 15:30:00+00:00,6135.167684111463
2023-08-24 15:45:00+00:00,6121.820204013085
2023-08-24 17:30:00+00:00,6110.19528420669
2023-08-24 20:00:00+00:00,6096.8777515973625
2023-08-24 20:45:00+00:00,6083.345035675227
2023-08-25 01:00:00+00:00,6071.74986272383
2023-08-25 03:15:00+00:00,6073.244945185899
2023-08-25 15:00:00+00:00,6060.246736075628
2023-08-26 16:15:00+00:00,6045.786007789569
2023-08-26 17:00:00+00:00,6045.940188347873
2023-08-27 00:15:00+00:00,6081.477463824264
2023-08-27 06:15:00+00:00,6082.232190337651
2023-08-27 08:30:00+00:00,6084.290864889135
2023-08-27 12:00:00+00:00,6069.899338411953
2023-08-27 14:30:00+00:00,6105.372189496884
2023-08-28 19:15:00+00:00,6092.056735995341
2023-08-29 01:30:00+00:00,6128.878403882024
2023-08-29 01:45:00+00:00,6130.089688272234
2023-08-29 02:30:00+00:00,6116.762990414606
2023-08-29 03:00:00+00:00,6103.455225088685
2023-08-29 08:30:00+00:00,6090.187254117909
2023-08-29 10:15:00+00:00,6076.855834128079
2023-08-29 14:15:00+00:00,6100.010488524409
2023-08-29 14:45:00+00:00,6123.677917721617
2023-08-29 17:00:00+00:00,6099.740187633769
2023-08-29 20:45:00+00:00,6086.8525303178185
2023-08-29 21:30:00+00:00,6081.340923972346
2023-08-29 22:45:00+00:00,6068.345465287951
2023-08-30 01:00:00+00:00,6055.428866914551
2023-08-30 07:45:00+00:00,6056.91129282886
2023-08-30 14:00:00+00:00,6043.648226681359
2023-08-30 15:30:00+00:00,6045.420285326687
2023-08-30 19:00:00+00:00,6032.272738915914
2023-08-30 21:00:00+00:00,6018.932488640281
2023-08-30 22:45:00+00:00,6005.503076456448
2023-08-31 11:15:00+00:00,6006.9316539898255
2023-08-31 12:00:00+00:00,6042.788560204413
2023-08-31 14:45:00+00:00,6080.122815094883
2023-08-31 15:30:00+00:00,6116.277363858383
2023-08-31 16:45:00+00:00,6262.857649039674
2023-08-31 23:30:00+00:00,6261.18024121894
2023-08-31 23:45:00+00:00,6261.387248039561
2023-09-01 00:15:00+00:00,6263.155239325674
2023-09-01 06:30:00+00:00,6286.492806972954
2023-09-01 08:00:00+00:00,6283.437531253043
2023-09-01 09:00:00+00:00,6269.660239605507
2023-09-01 09:45:00+00:00,6257.771298000352
2023-09-01 11:30:00+00:00,6258.859377358757
2023-09-01 12:15:00+00:00,6244.785399988833
2023-09-01 14:00:00+00:00,6228.344235617421
2023-09-01 14:45:00+00:00,6264.4608802682105
2023-09-01 18:45:00+00:00,6265.965891370594
2023-09-01 20:15:00+00:00,6252.687924226031
2023-09-02 01:15:00+00:00,6239.3889490482225
2023-09-02 10:00:00+00:00,6240.695069979442
2023-09-06 17:45:00+00:00,6227.343796310386
2023-09-06 22:00:00+00:00,6229.200414166582
2023-09-07 03:30:00+00:00,6215.670298624181
2023-09-07 11:00:00+00:00,6251.58328337747
2023-09-07 12:15:00+00:00,6252.388229302941
2023-09-07 13:15:00+00:00,6238.412533391592
2023-09-07 13:30:00+00:00,6223.887146264544
2023-09-07 15:00:00+00:00,6209.705587489189
2023-09-07 16:15:00+00:00,6195.935351419816
2023-09-07 16:45:00+00:00,6181.817561417951
2023-09-07 20:30:00+00:00,6168.064837326212
2023-09-07 21:00:00+00:00,6154.140695125568
2023-09-08 03:45:00+00:00,6155.741272172721
2023-09-08 06:00:00+00:00,6156.886065554399
2023-09-08 09:45:00+00:00,6142.863618577625
2023-09-08 16:45:00+00:00,6142.477560338921
2023-09-08 18:00:00+00:00,6142.462743508864
2023-09-08 23:00:00+00:00,6143.755821173928
2023-09-08 23:30:00+00:00,6138.674687928499
2023-09-09 01:45:00+00:00,6139.33246054118
2023-09-09 02:15:00+00:00,6124.2056172938255
2023-09-09 03:30:00+00:00,6110.012430585043
2023-09-09 05:00:00+00:00,6095.687016549717
2023-09-09 05:45:00+00:00,6096.813577037512
2023-09-09 06:45:00+00:00,6082.508189823389
2023-09-09 07:00:00+00:00,6066.89217766751
2023-09-09 13:00:00+00:00,6067.935371222434
2023-09-10 00:15:00+00:00,6102.9896686761185
2023-09-10 04:15:00+00:00,6138.899659503331
2023-09-10 06:00:00+00:00,6125.712809626321
2023-09-10 12:45:00+00:00,6118.664023973324
2023-09-10 13:30:00+00:00,6120.408621295194
2023-09-10 14:45:00+00:00,6107.066175775855
2023-09-10 16:15:00+00:00,6093.859837207035
2023-09-10 16:45:00+00:00,6080.6524580848945
2023-09-10 18:15:00+00:00,6067.3293436386875
2023-09-10 22:45:00+00:00,6069.235911727194
2023-09-11 00:30:00+00:00,6055.9688941399045
2023-09-11 00:45:00+00:00,6057.7352967880215
2023-09-11 02:30:00+00:00,6059.4764012716105
2023-09-11 08:00:00+00:00,6063.290296836142
2023-09-11 09:15:00+00:00,6100.02624965048
2023-09-11 14:00:00+00:00,6102.140026753805
2023-09-11 17:00:00+00:00,6104.2987112600795
2023-09-11 23:45:00+00:00,6106.351488765516
2023-09-12 06:00:00+00:00,6108.045637377045
2023-09-12 16:45:00+00:00,6094.914922263713
2023-09-12 17:15:00+00:00,6081.737291067716
2023-09-12 22:00:00+00:00,6068.542765251624
2023-09-12 23:00:00+00:00,6054.904549857759
2023-09-13 12:30:00+00:00,6041.525605536618
2023-09-13 19:00:00+00:00,6028.211342486008
2023-09-14 01:15:00+00:00,6029.888691291322
2023-09-14 23:15:00+00:00,6016.309667095818
2023-09-15 06:30:00+00:00,6017.765412707578
2023-09-15 11:15:00+00:00,6019.090316581076
2023-09-15 18:15:00+00:00,6005.6999929602
2023-09-15 22:30:00+00:00,6042.186604468264
2023-09-15 23:15:00+00:00,6028.669800965344
2023-09-16 02:15:00+00:00,6065.196941639783
2023-09-16 03:30:00+00:00,6066.931086976115
2023-09-16 08:15:00+00:00,6053.075650486293
2023-09-16 09:00:00+00:00,6043.6651838414255
2023-09-16 11:30:00+00:00,6030.215065301406
2023-09-16 14:45:00+00:00,6016.6221681995585
2023-09-16 16:15:00+00:00,6017.96331061982
2023-09-17 00:15:00+00:00,6019.354912347955
2023-09-17 00:45:00+00:00,6005.7200430000485
2023-09-17 14:45:00+00:00,6005.629944419878
2023-09-17 16:00:00+00:00,6041.878598195339
2023-09-17 16:30:00+00:00,6027.548401755686
2023-09-17 18:00:00+00:00,6013.231982871536
2023-09-17 20:30:00+00:00,6013.806164584788
2023-09-17 22:15:00+00:00,6000.387081968745
2023-09-18 00:30:00+00:00,6001.144809299029
2023-09-18 01:15:00+00:00,6037.041646954539
2023-09-18 04:15:00+00:00,6038.2852773224
2023-09-18 04:30:00+00:00,6025.383545140093
2023-09-18 09:00:00+00:00,6061.647483305007
2023-09-18 12:30:00+00:00,6098.004269186849
2023-09-18 14:00:00+00:00,6084.54146520773
2023-09-18 17:15:00+00:00,6071.042698679603
2023-09-18 17:30:00+00:00,6074.8132028614
2023-09-18 18:30:00+00:00,6061.614951549064
2023-09-18 23:45:00+00:00,6055.944170299402
2023-09-19 00:15:00+00:00,6052.353794647896
2023-09-19 10:15:00+00:00,6038.611618462072
2023-09-19 13:45:00+00:00,6024.7793182526
2023-09-19 16:15:00+00:00,6026.242303017559
2023-09-19 17:00:00+00:00,6013.0739458078315
2023-09-19 18:45:00+00:00,6001.285735656487
2023-09-19 20:00:00+00:00,5987.767055321642
2023-09-20 01:30:00+00:00,5984.316721375571
2023-09-20 12:00:00+00:00,5970.401244040985
2023-09-20 13:30:00+00:00,5971.307581621097
2023-09-20 13:45:00+00:00,5957.341929228314
2023-09-20 16:00:00+00:00,5944.04481482873
2023-09-20 18:30:00+00:00,5930.176880735055
2023-09-20 19:15:00+00:00,5976.743054622501
2023-09-20 20:15:00+00:00,5963.649300358965
2023-09-20 20:45:00+00:00,5950.31928487869
2023-09-20 21:30:00+00:00,5937.210290295435
2023-09-21 00:15:00+00:00,5924.078259726221
2023-09-21 03:30:00+00:00,5925.631050475571
2023-09-21 04:15:00+00:00,5922.775929912193
2023-09-21 05:15:00+00:00,5909.354943495009
2023-09-21 06:00:00+00:00,5895.888445080954
2023-09-21 08:15:00+00:00,5932.5805451931
2023-09-21 08:45:00+00:00,5933.530285345645
2023-09-21 10:15:00+00:00,5969.281986296815
2023-09-21 11:15:00+00:00,5955.606548941984
2023-09-21 12:45:00+00:00,5992.0448547867745
2023-09-21 13:30:00+00:00,6028.34050439821
2023-09-21 14:00:00+00:00,6030.001856424901
2023-09-21 14:15:00+00:00,6016.495525432486
2023-09-21 15:45:00+00:00,6003.407942505694
2023-09-21 17:00:00+00:00,5990.120199233124
2023-09-21 17:15:00+00:00,5981.288092986942
2023-09-21 19:45:00+00:00,5967.85998215548
2023-09-22 00:30:00+00:00,5969.23686811234
2023-09-22 01:15:00+00:00,5971.581755939322
2023-09-22 02:00:00+00:00,5958.082302145745
2023-09-22 07:15:00+00:00,5958.326624795116
2023-09-22 07:45:00+00:00,5959.404168494179
2023-09-22 08:00:00+00:00,5925.409058665509
2023-09-22 16:45:00+00:00,5961.010052816082
2023-09-22 17:15:00+00:00,5996.9544250154995
2023-09-22 17:45:00+00:00,5982.396006715692
2023-09-22 19:15:00+00:00,5968.151985655897
2023-09-22 20:30:00+00:00,6003.737503995124
2023-09-22 21:30:00+00:00,5989.350445986984
2023-09-22 22:00:00+00:00,5975.320102133829
2023-09-23 00:00:00+00:00,5962.003935877804
2023-09-23 01:45:00+00:00,5948.50991675115
2023-09-23 06:45:00+00:00,5933.743478695961
2023-09-23 07:30:00+00:00,5935.407664685922
2023-09-23 17:45:00+00:00,5936.610803529644
2023-09-25 00:15:00+00:00,5973.316654476438
2023-09-25 13:00:00+00:00,5959.141897608303
2023-09-25 13:15:00+00:00,5960.747726635638
2023-09-25 15:15:00+00:00,5947.205707342284
2023-09-25 16:00:00+00:00,5983.994909066651
2023-09-25 16:15:00+00:00,5970.401928744433
2023-09-26 10:15:00+00:00,5972.341452856585
2023-09-26 12:30:00+00:00,5973.494811595363
2023-09-26 13:30:00+00:00,5959.788200409915
2023-09-26 15:30:00+00:00,5932.953964039964
2023-09-26 21:30:00+00:00,5919.457411612824
2023-09-27 00:00:00+00:00,5906.003473216366
2023-09-27 03:45:00+00:00,5892.68253250629
2023-09-27 09:15:00+00:00,5893.744584918557
2023-09-27 09:30:00+00:00,5880.089404855487
2023-09-27 11:15:00+00:00,5866.628434389005
2023-09-27 11:45:00+00:00,5902.70729450434
2023-09-27 13:45:00+00:00,5875.416767075742
2023-09-27 14:15:00+00:00,5861.809773370505
2023-09-27 18:00:00+00:00,5834.7416383892605
2023-09-27 18:45:00+00:00,5836.678125021475
2023-09-27 23:00:00+00:00,5823.468086923233
2023-09-27 23:30:00+00:00,5809.946460488937
2023-09-28 06:45:00+00:00,5796.109063816
2023-09-28 08:15:00+00:00,5796.972992857847
2023-09-28 10:15:00+00:00,5783.175963699103
2023-09-28 10:30:00+00:00,5819.167651431578
2023-09-28 11:15:00+00:00,5805.53169754281
2023-09-28 14:30:00+00:00,5841.9292248579695
2023-09-28 14:45:00+00:00,5878.026679284274
2023-09-28 16:15:00+00:00,5914.493184881269
2023-09-28 16:30:00+00:00,5951.131182345333
2023-09-28 18:30:00+00:00,5938.924361473989
2023-09-28 18:45:00+00:00,5925.675167847949
2023-09-28 21:15:00+00:00,5912.398558715599
2023-09-29 01:15:00+00:00,5910.618471418842
2023-09-29 01:30:00+00:00,5947.35877600297
2023-09-29 07:30:00+00:00,5983.94773298008
2023-09-29 08:15:00+00:00,6042.632827013284
2023-09-29 08:30:00+00:00,6029.039601570436
2023-09-29 08:45:00+00:00,6015.009766469595
2023-09-29 10:30:00+00:00,6001.325617716307
2023-09-29 11:15:00+00:00,5987.780539044281
2023-09-29 11:30:00+00:00,5974.222219421285
2023-09-29 12:15:00+00:00,5960.543440030588
2023-09-29 14:00:00+00:00,5946.4736585086985
2023-09-29 16:00:00+00:00,5921.5424514665265
2023-09-29 16:30:00+00:00,5922.957132696774
2023-09-29 18:00:00+00:00,5911.17361526957
2023-09-29 23:45:00+00:00,5883.793171814109
2023-09-30 02:30:00+00:00,5885.594850320619
2023-09-30 14:00:00+00:00,5922.018439744213
2023-09-30 18:30:00+00:00,5909.14035801296
2023-10-01 00:30:00+00:00,5895.844292538081
2023-10-01 01:15:00+00:00,5895.378832598164
2023-10-01 02:30:00+00:00,5882.129462260899
2023-10-01 14:30:00+00:00,5868.909161950487
2023-10-01 16:45:00+00:00,5842.376734967955
2023-10-01 17:30:00+00:00,5829.098047119474
2023-10-01 17:45:00+00:00,5815.855269196806
2023-10-01 23:30:00+00:00,5802.4843747996165
2023-10-02 04:15:00+00:00,5804.104939132403
2023-10-02 07:00:00+00:00,5791.081850159665
2023-10-02 08:45:00+00:00,5827.4890468716085
2023-10-02 13:15:00+00:00,5813.972250144453
2023-10-02 13:45:00+00:00,5800.265706682267
2023-10-02 14:00:00+00:00,5837.356886642031
2023-10-02 15:45:00+00:00,5823.8676641611755
2023-10-02 16:15:00+00:00,5825.97756789838
2023-10-02 18:30:00+00:00,5863.083895386459
2023-10-02 20:00:00+00:00,5836.778375632341
2023-10-03 00:30:00+00:00,5838.9016307545735
2023-10-03 01:15:00+00:00,5840.839110334414
2023-10-03 01:30:00+00:00,5827.8745263724095
2023-10-03 06:30:00+00:00,5814.875549871732
2023-10-03 08:00:00+00:00,5816.235765642939
2023-10-03 08:15:00+00:00,5817.520653980437
2023-10-03 10:45:00+00:00,5818.917298383013
2023-10-03 13:15:00+00:00,5820.265635030054
2023-10-03 13:30:00+00:00,5822.183916471234
2023-10-03 15:00:00+00:00,5859.1780418631215
2023-10-03 16:30:00+00:00,5861.254390534469
2023-10-03 17:30:00+00:00,5848.320108214653
2023-10-03 19:00:00+00:00,5884.866966529833
2023-10-04 00:30:00+00:00,5921.917278987719
2023-10-04 02:00:00+00:00,5981.690145896744
2023-10-04 02:15:00+00:00,5955.264171049166
2023-10-04 05:00:00+00:00,5942.384704040614
2023-10-04 07:00:00+00:00,5929.225033908966
2023-10-04 07:15:00+00:00,5916.265398670898
2023-10-04 08:45:00+00:00,5908.0532410807045
2023-10-04 12:30:00+00:00,5893.8264981961765
2023-10-04 14:45:00+00:00,5895.890949852948
2023-10-04 16:30:00+00:00,5932.892869429591
2023-10-04 18:15:00+00:00,5920.684780353743
2023-10-04 19:00:00+00:00,5906.756420434376
2023-10-04 22:45:00+00:00,5943.847690146565
2023-10-05 04:00:00+00:00,5930.9564177690745
2023-10-05 09:15:00+00:00,5916.224945263481
2023-10-05 12:15:00+00:00,5940.2772877644375
2023-10-05 12:45:00+00:00,5927.376535106805
2023-10-05 13:15:00+00:00,5912.163852751205
2023-10-05 15:00:00+00:00,5884.95820698508
2023-10-05 15:30:00+00:00,5921.472130282574
2023-10-05 22:30:00+00:00,5955.121847420348
2023-10-05 22:45:00+00:00,5954.501166613512
2023-10-06 01:30:00+00:00,5940.584345820111
2023-10-06 02:00:00+00:00,5926.288045890763
2023-10-06 02:15:00+00:00,5963.392231308972
2023-10-06 07:15:00+00:00,5949.2769173993665
2023-10-08 11:45:00+00:00,5934.851649764575
2023-10-09 08:15:00+00:00,5970.572790905371
2023-10-09 08:30:00+00:00,6006.791847276273
2023-10-09 09:45:00+00:00,6043.472101177838
2023-10-09 14:15:00+00:00,6117.952485537835
2023-10-09 16:15:00+00:00,6119.865732722508
2023-10-09 16:45:00+00:00,6121.688086704998
2023-10-09 17:15:00+00:00,6123.724874867894
2023-10-09 17:30:00+00:00,6110.8159625215585
2023-10-09 18:00:00+00:00,6099.542338686496
2023-10-10 00:15:00+00:00,6101.628933777533
2023-10-10 02:45:00+00:00,6104.521442658069
2023-10-10 07:00:00+00:00,6091.414571074212
2023-10-10 07:15:00+00:00,6069.62277511472
2023-10-10 14:00:00+00:00,6071.2620487783315
2023-10-10 19:00:00+00:00,6073.205695909151
2023-10-10 21:00:00+00:00,6074.782989988987
2023-10-10 22:00:00+00:00,6059.903245122413
2023-10-11 00:45:00+00:00,6046.4418254322445
2023-10-11 02:30:00+00:00,6082.536869647487
2023-10-11 04:15:00+00:00,6156.85613492157
2023-10-11 07:30:00+00:00,6158.3734398519755
2023-10-11 09:45:00+00:00,6144.549430862612
2023-10-11 10:15:00+00:00,6130.61977482974
2023-10-11 15:15:00+00:00,6166.739530826455
2023-10-11 19:30:00+00:00,6168.252881894326
2023-10-11 23:45:00+00:00,6154.685638155184
2023-10-12 02:30:00+00:00,6155.637589673845
2023-10-12 06:15:00+00:00,6156.440431657802
2023-10-15 22:45:00+00:00,6157.911037084241
2023-10-16 05:15:00+00:00,6181.406030636428
2023-10-16 06:15:00+00:00,6176.064397542313
2023-10-16 07:00:00+00:00,6162.871143269594
2023-10-16 09:00:00+00:00,6149.577568399716
2023-10-16 09:15:00+00:00,6122.785705831479
2023-10-16 09:45:00+00:00,6158.892588480814
2023-10-16 12:30:00+00:00,6195.723191334758
2023-10-16 13:15:00+00:00,6232.195686774174
2023-10-16 13:45:00+00:00,6188.962112638763
2023-10-16 21:00:00+00:00,6191.018279112745
2023-10-16 21:15:00+00:00,6192.384589235119
2023-10-17 00:15:00+00:00,6193.95002233911
2023-10-17 00:45:00+00:00,6195.340824949604
2023-10-17 03:45:00+00:00,6181.758680556178
2023-10-17 04:00:00+00:00,6168.493227373478
2023-10-17 05:30:00+00:00,6154.4010094512605
2023-10-17 07:30:00+00:00,6140.528390040363
2023-10-17 08:30:00+00:00,6126.432292175672
2023-10-17 10:30:00+00:00,6114.524041956506
2023-10-17 12:00:00+00:00,6100.443014999445
2023-10-17 12:30:00+00:00,6086.860212735783
2023-10-17 12:45:00+00:00,6072.65848221661
2023-10-17 13:30:00+00:00,6074.127009711083
2023-10-17 13:45:00+00:00,6060.074827654591
2023-10-17 21:45:00+00:00,6060.914695647916
2023-10-18 00:30:00+00:00,6047.179021628301
2023-10-18 19:15:00+00:00,6033.308509234759
2023-10-18 21:30:00+00:00,6019.53224936949
2023-10-18 22:15:00+00:00,6021.217926026305
2023-10-19 01:30:00+00:00,6023.50488045053
2023-10-19 05:00:00+00:00,6046.912302404827
2023-10-19 16:15:00+00:00,6083.105552349425
2023-10-19 16:30:00+00:00,6084.89878981411
2023-10-19 20:30:00+00:00,6121.245681985419
2023-10-19 21:00:00+00:00,6158.157037047559
2023-10-20 00:00:00+00:00,6195.258711200544
2023-10-20 00:45:00+00:00,6181.658795210328
2023-10-20 01:00:00+00:00,6168.844195488754
2023-10-20 02:00:00+00:00,6205.663210395503
2023-10-20 03:15:00+00:00,6242.030314839568
2023-10-20 04:15:00+00:00,6228.327376564011
2023-10-20 06:15:00+00:00,6214.586532734858
2023-10-20 07:45:00+00:00,6205.172470554487
2023-10-20 08:15:00+00:00,6241.831003132418
2023-10-20 08:30:00+00:00,6278.046913411876
2023-10-20 09:00:00+00:00,6278.2421129692575
2023-10-20 10:45:00+00:00,6280.063612971401
2023-10-20 11:30:00+00:00,6253.495599478819
2023-10-20 12:15:00+00:00,6240.222791388896
2023-10-20 13:30:00+00:00,6200.565144647778
2023-10-20 15:15:00+00:00,6237.4596501127235
2023-10-20 17:00:00+00:00,6224.432169964605
2023-10-20 19:30:00+00:00,6213.181695297463
2023-10-20 23:45:00+00:00,6203.84715097039
2023-10-21 01:45:00+00:00,6205.439746957592
2023-10-21 02:00:00+00:00,6191.314397100038
2023-10-21 02:45:00+00:00,6182.799003167323
2023-10-21 03:00:00+00:00,6168.824326363638
2023-10-21 06:30:00+00:00,6154.689864709844
2023-10-21 12:00:00+00:00,6140.960171093306
2023-10-21 12:15:00+00:00,6177.159652885788
2023-10-21 12:45:00+00:00,6163.569884794937
2023-10-21 13:00:00+00:00,6149.98745623877
2023-10-21 13:45:00+00:00,6187.116209080917
2023-10-21 14:15:00+00:00,6223.644578185715
2023-10-21 15:15:00+00:00,6284.018713400678
2023-10-21 16:00:00+00:00,6321.2833458267005
2023-10-21 17:30:00+00:00,6358.044911496946
2023-10-21 18:00:00+00:00,6344.962247773503
2023-10-21 18:15:00+00:00,6346.657801576438
2023-10-21 22:45:00+00:00,6344.135769929973
2023-10-22 01:15:00+00:00,6345.726952944618
2023-10-22 01:30:00+00:00,6339.5589197316585
2023-10-22 02:15:00+00:00,6341.171543952637
2023-10-22 04:15:00+00:00,6365.197203733024
2023-10-22 07:15:00+00:00,6352.458985007992
2023-10-22 07:30:00+00:00,6354.102145744827
2023-10-22 11:30:00+00:00,6343.209292632383
2023-10-22 15:00:00+00:00,6343.822400412691
2023-10-22 17:30:00+00:00,6381.0556778212285
2023-10-22 18:00:00+00:00,6368.24992278792
2023-10-22 22:45:00+00:00,6405.467948967037
2023-10-22 23:15:00+00:00,6391.6884476218365
2023-10-23 00:15:00+00:00,6377.980065704015
2023-10-23 02:30:00+00:00,6414.250607434493
2023-10-23 06:45:00+00:00,6415.769467121475
2023-10-23 07:45:00+00:00,6402.409581850194
2023-10-23 09:45:00+00:00,6389.0716009785965
2023-10-23 13:30:00+00:00,6375.680007272924
2023-10-23 19:00:00+00:00,6412.147274032247
2023-10-24 00:15:00+00:00,6414.3391014191175
2023-10-26 06:45:00+00:00,6416.4753797354615
2023-10-26 11:00:00+00:00,6418.633853043105
2023-10-26 13:45:00+00:00,6405.901568585695
2023-10-26 16:45:00+00:00,6443.024470302816
2023-10-26 17:45:00+00:00,6445.2897062775255
2023-10-26 21:45:00+00:00,6432.485698965986
2023-10-26 23:00:00+00:00,6419.551292166086
2023-10-27 23:45:00+00:00,6414.574299820198
2023-10-28 05:15:00+00:00,6416.622116263692
2023-10-28 07:45:00+00:00,6403.39013359742
2023-10-28 08:30:00+00:00,6405.001471625311
2023-10-28 09:15:00+00:00,6391.545439110642
2023-10-28 11:00:00+00:00,6377.777773888933
2023-10-28 11:45:00+00:00,6364.341596692225
2023-10-28 12:45:00+00:00,6400.66644170093
2023-10-28 21:00:00+00:00,6402.320608045299
2023-10-28 23:30:00+00:00,6403.6283702766
2023-10-29 01:15:00+00:00,6440.011943756862
2023-10-29 08:00:00+00:00,6433.537716651236
2023-10-30 06:15:00+00:00,6434.661481383375
2023-10-30 08:15:00+00:00,6420.9106924528505
2023-10-30 17:00:00+00:00,6407.96660898243
2023-10-30 22:30:00+00:00,6410.058442971284
2023-10-31 03:30:00+00:00,6396.8737413038925
2023-10-31 05:00:00+00:00,6383.598736830027
2023-10-31 07:30:00+00:00,6370.3019775131115
2023-10-31 11:15:00+00:00,6357.44132689956
2023-10-31 12:45:00+00:00,6344.63095288312
2023-10-31 13:45:00+00:00,6331.842172367583
2023-10-31 15:00:00+00:00,6319.057483218503
2023-11-01 01:00:00+00:00,6321.282232634741
2023-11-01 01:45:00+00:00,6307.770432345122
2023-11-01 05:00:00+00:00,6294.2321356406865
2023-11-01 05:45:00+00:00,6281.342154866094
2023-11-01 07:30:00+00:00,6318.407301490213
2023-11-01 17:00:00+00:00,6305.048097443852
2023-11-01 18:00:00+00:00,6291.520661709425
2023-11-01 19:45:00+00:00,6278.737551267423
2023-11-01 22:30:00+00:00,6265.535701439125
2023-11-02 01:15:00+00:00,6302.442176114567
2023-11-02 04:00:00+00:00,6304.099034234123
2023-11-02 04:45:00+00:00,6303.674619349943
2023-11-02 05:00:00+00:00,6290.580776880773
2023-11-02 07:15:00+00:00,6278.929066275116
2023-11-02 08:00:00+00:00,6265.732173563404
2023-11-02 13:00:00+00:00,6267.763419355793
2023-11-02 13:30:00+00:00,6304.446950827705
2023-11-02 14:30:00+00:00,6291.372225062744
2023-11-02 15:15:00+00:00,6278.3052380371755
2023-11-02 16:30:00+00:00,6265.280957039502
2023-11-02 20:30:00+00:00,6267.270768333555
2023-11-03 00:45:00+00:00,6254.055430451476
2023-11-03 01:00:00+00:00,6241.30128383813
2023-11-03 04:30:00+00:00,6243.05627735562
2023-11-03 04:45:00+00:00,6230.281766382123
2023-11-03 05:45:00+00:00,6217.250164602595
2023-11-03 12:30:00+00:00,6203.759066119806
2023-11-04 11:00:00+00:00,6204.990526657661
2023-11-04 11:45:00+00:00,6206.338459063411
2023-11-04 12:00:00+00:00,6208.393430022406
2023-11-04 13:45:00+00:00,6194.6177663391545
2023-11-04 15:00:00+00:00,6196.189427920881
2023-11-04 22:45:00+00:00,6232.247822227399
2023-11-04 23:00:00+00:00,6268.808263684044
2023-11-04 23:45:00+00:00,6255.086729919786
2023-11-05 00:00:00+00:00,6241.367644835391
2023-11-05 01:30:00+00:00,6277.731129752522
2023-11-05 03:45:00+00:00,6314.097702663456
2023-11-05 07:30:00+00:00,6387.285013043678
2023-11-05 08:30:00+00:00,6373.9833204011975
2023-11-05 08:45:00+00:00,6375.650893807915
2023-11-05 12:15:00+00:00,6377.191804708666
2023-11-05 21:45:00+00:00,6364.273059823511
2023-11-06 00:15:00+00:00,6401.3195657505075
2023-11-06 10:45:00+00:00,6438.430178652601
2023-11-06 16:00:00+00:00,6440.603976357672
2023-11-06 17:00:00+00:00,6427.737222301212
2023-11-07 00:15:00+00:00,6425.566182554489
2023-11-07 02:45:00+00:00,6427.713209079797
2023-11-07 12:00:00+00:00,6464.698133907174
2023-11-07 17:00:00+00:00,6501.708702439946
2023-11-07 17:15:00+00:00,6503.843926197146
2023-11-07 17:45:00+00:00,6490.863609642805
2023-11-07 18:00:00+00:00,6478.000920495658
2023-11-07 18:45:00+00:00,6465.063044713374
2023-11-07 20:45:00+00:00,6452.213700597616
2023-11-07 23:30:00+00:00,6454.3217571322175
2023-11-08 10:15:00+00:00,6456.351218416253
2023-11-08 21:00:00+00:00,6458.293025082213
2023-11-08 21:45:00+00:00,6445.228086891494
2023-11-09 02:15:00+00:00,6447.177695761689
2023-11-09 04:30:00+00:00,6434.0887829886415
2023-11-09 06:15:00+00:00,6420.927125625154
2023-11-09 12:30:00+00:00,6457.916049793264
2023-11-09 14:45:00+00:00,6445.044643766777
2023-11-09 16:00:00+00:00,6482.1869761188655
2023-11-09 23:15:00+00:00,6475.205113012224
2023-11-10 00:15:00+00:00,6462.354963668885
2023-11-11 09:15:00+00:00,6459.864259475301
2023-11-11 14:00:00+00:00,6446.191075423929
2023-11-11 14:45:00+00:00,6432.718702561864
2023-11-11 16:45:00+00:00,6419.3240461217465
2023-11-11 21:45:00+00:00,6455.96159560359
2023-11-12 01:30:00+00:00,6457.711630659287
2023-11-12 05:45:00+00:00,6444.924056105822
2023-11-12 06:00:00+00:00,6431.716780076364
2023-11-12 13:45:00+00:00,6433.077193471223
2023-11-12 15:00:00+00:00,6419.372143940239
2023-11-12 21:15:00+00:00,6405.827944618752
2023-11-13 00:30:00+00:00,6392.456518117629
2023-11-13 07:30:00+00:00,6379.582564608214
2023-11-13 09:30:00+00:00,6366.613269189876
2023-11-13 14:15:00+00:00,6368.201081795276
2023-11-13 20:00:00+00:00,6370.361752972742
2023-11-14 01:00:00+00:00,6372.257597098065
2023-11-27 16:45:00+00:00,6358.812513060119
2023-11-27 22:45:00+00:00,6360.434495699824
2023-11-27 23:30:00+00:00,6346.667391264764
2023-11-28 11:30:00+00:00,6347.909273202829
2023-12-06 11:30:00+00:00,6384.596878854189
2023-12-06 18:45:00+00:00,6384.915750733482
2023-12-07 15:15:00+00:00,6371.576044181792
2023-12-08 11:30:00+00:00,6373.236454074522
2023-12-11 21:00:00+00:00,6375.2301730966
2023-12-12 00:15:00+00:00,6362.233044444096
2023-12-12 02:15:00+00:00,6349.091907214669
2023-12-12 07:00:00+00:00,6350.84058004766
2023-12-12 07:45:00+00:00,6337.352756385046
2023-12-12 08:45:00+00:00,6323.893509094821
2023-12-18 08:15:00+00:00,6325.649622250194
2023-12-18 09:30:00+00:00,6327.311269718386
2023-12-18 10:00:00+00:00,6364.168834413137
2023-12-18 11:00:00+00:00,6365.738624060494
2023-12-22 02:15:00+00:00,6352.230192804886
2023-12-22 03:30:00+00:00,6338.805934262174
2023-12-22 06:45:00+00:00,6325.296507868328
2023-12-25 10:30:00+00:00,6312.300575307093
2023-12-25 13:00:00+00:00,6314.306756961648
2023-12-25 15:45:00+00:00,6301.30530357329
2023-12-26 09:45:00+00:00,6337.794054844766
2023-12-26 10:00:00+00:00,6336.993246746633
2023-12-26 11:30:00+00:00,6323.577027595487
2023-12-26 12:30:00+00:00,6310.449216830473
2023-12-26 15:15:00+00:00,6311.884729430615
2023-12-26 15:45:00+00:00,6348.647815581459
2023-12-26 17:00:00+00:00,6335.492884010174
2023-12-26 17:30:00+00:00,6408.860702890811
2023-12-26 21:15:00+00:00,6395.660518859769
2023-12-26 22:15:00+00:00,6382.231729752332
2023-12-27 00:15:00+00:00,6373.107198348226
2023-12-27 04:00:00+00:00,6374.721668085442
2023-12-27 05:00:00+00:00,6376.259476913797
2023-12-27 06:15:00+00:00,6362.473291821356
2023-12-27 06:45:00+00:00,6349.20783917148
2023-12-27 08:30:00+00:00,6335.311449547043
2023-12-29 16:30:00+00:00,6337.138765360038
2023-12-29 22:30:00+00:00,6339.056994798637
2023-12-29 23:30:00+00:00,6325.800821229013
2024-01-01 18:00:00+00:00,6327.6402331770605
2024-01-01 22:15:00+00:00,6314.150115653097
2024-01-01 23:30:00+00:00,6350.652121156649
2024-01-02 00:45:00+00:00,6387.257985859396
2024-01-02 15:15:00+00:00,6389.1948802875795
2024-01-02 16:15:00+00:00,6376.093517310974
2024-01-02 19:15:00+00:00,6362.979761968662
2024-01-02 22:00:00+00:00,6359.205554047809
2024-01-02 22:45:00+00:00,6346.238233198803
2024-01-03 05:15:00+00:00,6333.195036924885
2024-01-03 11:45:00+00:00,6370.323246736288
2024-01-03 12:00:00+00:00,6407.301148081287
2024-01-03 15:45:00+00:00,6431.737997185273
2024-01-03 18:45:00+00:00,6431.809335802585
2024-01-03 21:15:00+00:00,6434.1688268408725
2024-01-04 03:00:00+00:00,6421.435533252334
2024-01-05 12:15:00+00:00,6423.593891265552
2024-01-05 16:45:00+00:00,6460.763114474054
2024-01-05 19:00:00+00:00,6448.005312946202
2024-01-05 20:45:00+00:00,6435.198481570291
2024-01-05 23:00:00+00:00,6422.370464214934
2024-01-06 05:45:00+00:00,6459.541058133308
2024-01-06 11:15:00+00:00,6461.535575336168
2024-01-07 04:30:00+00:00,6448.724324506312
2024-01-08 02:45:00+00:00,6435.957069552048
2024-01-08 10:00:00+00:00,6423.17431463902
2024-01-08 14:30:00+00:00,6410.099517523869
2024-01-08 17:45:00+00:00,6447.293152756236
2024-01-08 19:00:00+00:00,6484.176322543277
2024-01-08 20:00:00+00:00,6521.256436243918
2024-01-09 00:15:00+00:00,6508.1834633956905
2024-01-09 00:30:00+00:00,6510.351884598961
2024-01-09 07:00:00+00:00,6489.096089915987
2024-01-09 08:45:00+00:00,6488.673038093181
2024-01-09 09:45:00+00:00,6475.77458467528
2024-01-09 12:45:00+00:00,6462.934304691465
2024-01-09 14:45:00+00:00,6424.454434177533
2024-01-09 20:30:00+00:00,6398.9674757978155
2024-01-10 02:45:00+00:00,6386.149381544568
2024-01-10 04:45:00+00:00,6385.000219791095
2024-01-10 11:45:00+00:00,6372.105845493466
2024-01-10 12:15:00+00:00,6374.199344070874
2024-01-10 12:45:00+00:00,6348.345971933683
2024-01-10 19:30:00+00:00,6385.44835795755
2024-01-10 20:00:00+00:00,6372.585241937906
2024-01-10 22:15:00+00:00,6409.822942177039
2024-01-10 23:00:00+00:00,6397.069101371404
2024-01-10 23:30:00+00:00,6436.5426713149855
2024-01-11 05:30:00+00:00,6441.123764003199
2024-01-11 05:45:00+00:00,6443.405742826582
2024-01-11 06:00:00+00:00,6430.431545755043
2024-01-11 07:30:00+00:00,6454.819802652762
2024-01-11 10:15:00+00:00,6441.6991746455005
2024-01-11 11:30:00+00:00,6515.902999500493
2024-01-11 13:30:00+00:00,6518.065516984702
2024-01-11 14:15:00+00:00,6505.230782553697
2024-01-11 14:30:00+00:00,6507.323274722631
2024-01-11 15:15:00+00:00,6494.516017182692
2024-01-11 15:30:00+00:00,6481.704789197468
2024-01-11 16:15:00+00:00,6443.346663781498
2024-01-11 23:00:00+00:00,6417.658120426123
2024-01-11 23:30:00+00:00,6416.570260488305
2024-01-12 00:00:00+00:00,6417.7855871981865
2024-01-12 01:15:00+00:00,6404.94009330837
2024-01-12 08:00:00+00:00,6403.172680389622
2024-01-12 11:15:00+00:00,6404.801402234211
2024-01-12 12:00:00+00:00,6406.877447736561
2024-01-12 14:15:00+00:00,6393.9868531197
2024-01-12 15:15:00+00:00,6430.742345222552
2024-01-12 16:45:00+00:00,6454.7120930911
2024-01-12 18:00:00+00:00,6479.085874057371
2024-01-12 22:00:00+00:00,6518.327011767933
2024-01-12 22:15:00+00:00,6555.5868626080155
2024-01-12 23:00:00+00:00,6580.04454888131
2024-01-12 23:45:00+00:00,6567.363237031282
2024-01-13 00:00:00+00:00,6554.474770332657
2024-01-13 02:15:00+00:00,6556.754149790974
2024-01-13 05:00:00+00:00,6543.77208300882
2024-01-13 05:45:00+00:00,6540.890750419283
2024-01-13 07:15:00+00:00,6528.12240456428
2024-01-13 08:15:00+00:00,6514.862501118646
2024-01-13 10:30:00+00:00,6516.3126071168645
2024-01-13 15:00:00+00:00,6518.102880846664
2024-01-13 22:00:00+00:00,6521.738070658757
2024-01-14 07:00:00+00:00,6523.760245146421
2024-01-14 11:00:00+00:00,6510.016129477667
2024-01-14 11:30:00+00:00,6496.345736800439
2024-01-14 17:45:00+00:00,6533.443546303116
2024-01-14 19:30:00+00:00,6520.481430884125
2024-01-14 19:45:00+00:00,6521.878900939003
2024-01-14 21:30:00+00:00,6508.54355906796
2024-01-14 22:30:00+00:00,6495.251436040241
2024-01-14 23:00:00+00:00,6497.335760864912
2024-01-15 02:45:00+00:00,6521.143664572642
2024-01-15 04:15:00+00:00,6557.928917705029
2024-01-15 06:30:00+00:00,6545.10943042254
2024-01-15 07:45:00+00:00,6546.995700750589
2024-01-15 09:15:00+00:00,6539.452540801715
2024-01-15 12:00:00+00:00,6541.46093296254
2024-01-15 12:30:00+00:00,6528.50391529492
2024-01-15 14:15:00+00:00,6530.568055554377
2024-01-15 14:45:00+00:00,6517.581180057551
2024-01-15 15:45:00+00:00,6504.7333403185585
2024-01-15 21:45:00+00:00,6506.76238312143
2024-01-15 22:15:00+00:00,6493.417330576121
2024-01-16 00:30:00+00:00,6495.141682192733
2024-01-16 02:30:00+00:00,6496.842689410605
2024-01-16 14:30:00+00:00,6498.575078713052
2024-01-17 03:30:00+00:00,6500.615005298547
2024-01-17 05:30:00+00:00,6487.657873425657
2024-01-17 05:45:00+00:00,6489.676960683197
2024-01-17 08:00:00+00:00,6476.732406313345
2024-01-17 12:30:00+00:00,6450.88823595317
2024-01-17 14:00:00+00:00,6438.001843809094
2024-01-17 15:30:00+00:00,6425.165413687962
2024-01-17 16:45:00+00:00,6427.235947502969
2024-01-17 18:00:00+00:00,6413.923739307432
2024-01-18 12:30:00+00:00,6415.641005649522
2024-01-18 13:45:00+00:00,6417.4708267680535
2024-01-18 15:00:00+00:00,6404.211541777264
2024-01-18 15:30:00+00:00,6390.952103327421
2024-01-18 19:45:00+00:00,6428.053399158612
2024-01-18 21:45:00+00:00,6415.226803031304
2024-01-19 06:45:00+00:00,6417.364421711575
2024-01-19 15:00:00+00:00,6404.47198027832
2024-01-20 03:15:00+00:00,6402.29154465308
2024-01-20 08:00:00+00:00,6389.167193675511
2024-01-20 08:15:00+00:00,6375.7648934004
2024-01-20 14:00:00+00:00,6362.26650821303
2024-01-20 14:15:00+00:00,6364.20099410054
2024-01-20 17:30:00+00:00,6351.114023699122
2024-01-20 19:30:00+00:00,6387.874943212147
2024-01-20 20:00:00+00:00,6424.822729558682
2024-01-20 21:45:00+00:00,6426.945945660222
2024-01-20 23:00:00+00:00,6464.086674872141
2024-01-20 23:45:00+00:00,6451.305430399654
2024-01-21 03:30:00+00:00,6438.5635567282325
2024-01-21 07:00:00+00:00,6425.818867176791
2024-01-21 14:30:00+00:00,6462.9603263826075
2024-01-21 15:15:00+00:00,6450.027097654279
2024-01-21 16:30:00+00:00,6437.127311313922
2024-01-21 20:45:00+00:00,6425.814638062276
2024-01-21 22:45:00+00:00,6412.496561608446
2024-01-22 00:15:00+00:00,6399.207201158574
2024-01-22 01:00:00+00:00,6386.029161088929
2024-01-22 02:45:00+00:00,6372.96412073689
2024-01-22 04:15:00+00:00,6359.965844377463
2024-01-22 05:45:00+00:00,6346.569172937802
2024-01-22 09:45:00+00:00,6383.11523607626
2024-01-22 19:15:00+00:00,6419.942939101866
2024-01-22 19:30:00+00:00,6407.121437783692
2024-01-22 21:00:00+00:00,6394.330627429805
2024-01-22 22:45:00+00:00,6381.533797805177
2024-01-23 07:15:00+00:00,6383.396075130356
2024-01-23 09:15:00+00:00,6420.422640659238
2024-01-23 14:00:00+00:00,6407.630323554766
2024-01-23 15:00:00+00:00,6409.796822629089
2024-01-23 18:30:00+00:00,6411.940972623552
2024-01-23 18:45:00+00:00,6414.174967644319
2024-01-23 23:15:00+00:00,6451.374574511118
2024-01-24 01:30:00+00:00,6438.551307502174
2024-01-24 09:00:00+00:00,6475.668590947823
2024-01-24 10:00:00+00:00,6512.841599182782
2024-01-24 11:30:00+00:00,6514.768710112305
2024-01-24 12:45:00+00:00,6518.429197083127
2024-01-24 13:45:00+00:00,6505.359528312623
2024-01-24 14:15:00+00:00,6491.93567537936
2024-01-24 14:45:00+00:00,6479.105257316732
2024-01-24 18:00:00+00:00,6483.249573759183
2024-01-24 18:15:00+00:00,6456.999473386921
2024-01-24 20:30:00+00:00,6444.199673276926
2024-01-24 21:00:00+00:00,6430.941197062187
2024-01-25 00:15:00+00:00,6468.041765244277
2024-01-25 01:45:00+00:00,6455.1338096736645
2024-01-25 05:00:00+00:00,6441.592933466323
2024-01-25 05:15:00+00:00,6428.692275815613
2024-01-25 10:00:00+00:00,6430.735623293711
2024-01-25 11:00:00+00:00,6468.952153500657
2024-01-25 12:00:00+00:00,6455.02957395979
2024-01-25 12:30:00+00:00,6457.006219867271
2024-01-25 15:15:00+00:00,6445.296716124612
2024-01-25 17:00:00+00:00,6432.401255606068
2024-01-25 18:00:00+00:00,6434.026248681661
2024-01-25 18:30:00+00:00,6421.139744499638
2024-01-25 20:45:00+00:00,6408.248935604842
2024-01-26 01:00:00+00:00,6397.507743934868
2024-01-26 07:15:00+00:00,6383.592547043516
2024-01-26 09:45:00+00:00,6384.320463844602
2024-01-26 11:30:00+00:00,6420.78903352908
2024-01-26 12:45:00+00:00,6407.901510739299
2024-01-26 13:30:00+00:00,6394.385256298542
2024-01-26 13:45:00+00:00,6381.130166300577
2024-01-26 15:30:00+00:00,6382.878605494019
2024-01-26 18:00:00+00:00,6419.39958483992
2024-01-27 00:45:00+00:00,6413.252266823557
2024-01-27 05:45:00+00:00,6415.367000508124
2024-01-27 06:30:00+00:00,6416.899524992263
2024-01-27 08:45:00+00:00,6418.694638442473
2024-01-27 09:00:00+00:00,6404.869770454354
2024-01-27 20:30:00+00:00,6441.050578594763
2024-01-28 06:30:00+00:00,6427.7808020560715
2024-01-28 11:30:00+00:00,6429.50098169479
2024-01-29 08:15:00+00:00,6431.4608790794055
2024-01-29 13:15:00+00:00,6418.534514670844
2024-01-29 22:15:00+00:00,6413.591742629503
2024-01-30 00:45:00+00:00,6415.2736394598705
2024-01-30 02:45:00+00:00,6452.256138811235
2024-01-30 11:30:00+00:00,6452.799202497453
2024-01-30 12:15:00+00:00,6439.449037172567
2024-01-30 12:30:00+00:00,6441.309376655552
2024-01-30 13:00:00+00:00,6428.141326064876
2024-01-30 14:45:00+00:00,6430.050329166406
2024-01-30 15:45:00+00:00,6466.621418105123
2024-01-30 17:00:00+00:00,6440.192556740398
2024-01-30 19:15:00+00:00,6476.9336118564115
2024-01-30 21:30:00+00:00,6513.659382584247
2024-01-30 22:30:00+00:00,6501.696235511808
2024-01-30 22:45:00+00:00,6488.312063358821
2024-01-30 23:30:00+00:00,6474.821190735546
2024-01-31 00:15:00+00:00,6511.667789942745
2024-01-31 01:00:00+00:00,6513.508866870538
2024-01-31 01:45:00+00:00,6500.166118391102
2024-01-31 04:00:00+00:00,6537.151043759732
2024-01-31 06:45:00+00:00,6535.743696622887
2024-01-31 09:15:00+00:00,6529.748743562009
2024-01-31 10:45:00+00:00,6553.524923621911
2024-01-31 11:15:00+00:00,6540.224393600044
2024-01-31 11:30:00+00:00,6542.126940673824
2024-01-31 12:00:00+00:00,6529.052876278948
2024-01-31 13:30:00+00:00,6531.015494751864
2024-01-31 14:00:00+00:00,6533.101018312327
2024-01-31 14:30:00+00:00,6535.013923770519
2024-01-31 15:30:00+00:00,6523.211725744454
2024-01-31 22:45:00+00:00,6525.642898526106
2024-02-01 14:15:00+00:00,6527.704920076636
2024-02-01 15:00:00+00:00,6529.9130806242
2024-02-01 16:30:00+00:00,6566.898010748602
2024-02-01 17:15:00+00:00,6553.392961976722
2024-02-01 19:45:00+00:00,6542.457787430357
2024-02-02 00:00:00+00:00,6581.73873793905
2024-02-02 00:15:00+00:00,6567.746456233977
2024-02-02 07:30:00+00:00,6591.916035905075
2024-02-02 09:00:00+00:00,6579.08070884462
2024-02-02 13:45:00+00:00,6581.273290582968
2024-02-02 15:15:00+00:00,6618.44117643413
2024-02-02 17:30:00+00:00,6620.558605859337
2024-02-02 18:00:00+00:00,6607.808437521376
2024-02-03 01:15:00+00:00,6609.763353105961
2024-02-03 06:00:00+00:00,6595.944981862389
2024-02-03 07:45:00+00:00,6581.79073344184
2024-02-03 08:45:00+00:00,6567.514062666335
2024-02-04 00:45:00+00:00,6569.065065161565
2024-02-04 02:15:00+00:00,6555.693802059676
2024-02-04 11:30:00+00:00,6557.213332252386
2024-02-05 03:45:00+00:00,6558.913972752899
2024-02-05 19:15:00+00:00,6545.873769543808
2024-02-05 20:45:00+00:00,6547.752320233524
2024-02-05 23:15:00+00:00,6549.3090483399155
2024-02-05 23:30:00+00:00,6550.94590233751
2024-02-06 02:00:00+00:00,6537.436494758706
2024-02-06 02:30:00+00:00,6523.796689754044
2024-02-06 08:15:00+00:00,6510.085402718208
2024-02-06 10:30:00+00:00,6483.221656306948
2024-02-06 12:00:00+00:00,6506.867578971928
2024-02-06 12:45:00+00:00,6493.316282198011
2024-02-06 14:30:00+00:00,6480.305749673807
2024-02-06 15:15:00+00:00,6467.309357276406
2024-02-06 17:00:00+00:00,6468.93010356519
2024-02-07 04:15:00+00:00,6470.645627524534
2024-02-07 10:45:00+00:00,6471.929056774957
2024-02-07 14:45:00+00:00,6508.025212184092
2024-02-07 20:45:00+00:00,6544.618616208358
2024-02-08 02:30:00+00:00,6580.896644860666
2024-02-08 03:30:00+00:00,6578.234574645336
2024-02-08 06:45:00+00:00,6550.692217818734
2024-02-08 08:00:00+00:00,6587.090511501132
2024-02-08 11:30:00+00:00,6588.832329881467
2024-02-08 13:15:00+00:00,6590.883592076527
2024-02-08 13:45:00+00:00,6627.543175990665
2024-02-08 14:30:00+00:00,6613.899100256531
2024-02-08 15:30:00+00:00,6615.786211346668
2024-02-08 15:45:00+00:00,6651.917268035293
2024-02-08 16:30:00+00:00,6653.9297283877395
2024-02-08 16:45:00+00:00,6640.2262530482685
2024-02-08 17:45:00+00:00,6677.229837492631
2024-02-08 22:30:00+00:00,6679.272735611674
2024-02-09 00:30:00+00:00,6676.352943236242
2024-02-09 01:15:00+00:00,6663.191915554857
2024-02-09 02:15:00+00:00,6699.894163271037
2024-02-09 02:30:00+00:00,6736.719826815236
2024-02-09 04:15:00+00:00,6738.253765775704
2024-02-09 07:45:00+00:00,6725.016988978511
2024-02-09 08:15:00+00:00,6711.707142105955
2024-02-09 08:45:00+00:00,6747.957665217437
2024-02-09 11:00:00+00:00,6784.588574472388
2024-02-09 12:15:00+00:00,6786.118467954409
2024-02-09 14:15:00+00:00,6787.663359456348
2024-02-09 18:45:00+00:00,6789.576524727187
2024-02-09 21:00:00+00:00,6784.169365548257
2024-02-10 06:00:00+00:00,6771.158655719718
2024-02-10 08:45:00+00:00,6758.112939049943
2024-02-10 10:45:00+00:00,6745.036425838464
2024-02-10 13:15:00+00:00,6731.995466304342
2024-02-10 15:30:00+00:00,6768.864615227762
2024-02-10 17:15:00+00:00,6755.793548158456
2024-02-10 20:00:00+00:00,6757.671395170087
2024-02-10 20:45:00+00:00,6794.5074793884905
2024-02-10 22:15:00+00:00,6796.534018691338
2024-02-10 23:30:00+00:00,6783.642182971713
2024-02-11 10:45:00+00:00,6785.747328419624
2024-02-11 13:15:00+00:00,6758.9890997799785
2024-02-12 04:15:00+00:00,6745.803871207147
2024-02-14 15:15:00+00:00,6732.600066509369
2024-02-14 17:15:00+00:00,6719.619242660344
2024-02-14 18:15:00+00:00,6706.509186033279
2024-02-15 00:30:00+00:00,6743.225693388891
2024-02-15 05:00:00+00:00,6745.281502999777
2024-02-15 21:45:00+00:00,6782.271217627501
2024-02-16 02:45:00+00:00,6769.326260591474
2024-02-16 08:00:00+00:00,6806.271130664449
2024-02-16 09:30:00+00:00,6808.144937173698
2024-02-16 10:30:00+00:00,6810.070457540384
2024-02-16 10:45:00+00:00,6797.010448797483
2024-02-16 11:45:00+00:00,6770.734349201511
2024-02-16 14:45:00+00:00,6807.63810183073
2024-02-16 16:00:00+00:00,6831.697241436749
2024-02-16 19:15:00+00:00,6820.86323264467
2024-02-16 23:30:00+00:00,6807.830483036282
2024-02-17 02:45:00+00:00,6810.90843929516
2024-02-17 03:15:00+00:00,6812.717101468357
2024-02-17 07:30:00+00:00,6814.554388157004
2024-02-17 13:00:00+00:00,6837.855620764556
2024-02-17 15:00:00+00:00,6839.391614858316
2024-02-17 15:15:00+00:00,6841.311967628709
2024-02-17 15:30:00+00:00,6828.169218098275
2024-02-17 19:15:00+00:00,6814.75164544465
2024-02-17 20:15:00+00:00,6801.757546002496
2024-02-17 21:15:00+00:00,6788.059615165478
2024-02-18 12:30:00+00:00,6761.863171958119
2024-02-18 17:00:00+00:00,6748.234119961148
2024-02-18 19:45:00+00:00,6749.627384337358
2024-02-18 22:00:00+00:00,6735.971691075446
2024-02-19 00:15:00+00:00,6722.45386668744
2024-02-19 07:15:00+00:00,6721.875205234551
2024-02-19 07:45:00+00:00,6708.351346805068
2024-02-19 11:15:00+00:00,6709.878587426468
2024-02-19 15:15:00+00:00,6696.797370472333
2024-02-19 16:00:00+00:00,6683.434134690598
2024-02-19 16:15:00+00:00,6670.284327097807
2024-02-19 17:15:00+00:00,6672.2008870419095
2024-02-19 20:45:00+00:00,6659.204355856742
2024-02-19 22:00:00+00:00,6645.901457956056
2024-02-20 01:00:00+00:00,6647.195112823116
2024-02-20 01:15:00+00:00,6684.079257004371
2024-02-20 02:15:00+00:00,6670.700837960179
2024-02-20 02:45:00+00:00,6657.606808182314
2024-02-20 09:45:00+00:00,6694.475712627627
2024-02-20 10:00:00+00:00,6681.0435374100325
2024-02-20 10:30:00+00:00,6682.977263301837
2024-02-20 10:45:00+00:00,6669.827433185425
2024-02-20 11:00:00+00:00,6656.529619362117
2024-02-20 12:00:00+00:00,6630.31984086852
2024-02-20 12:15:00+00:00,6617.029866521481
2024-02-20 13:15:00+00:00,6618.130441209263
2024-02-20 14:00:00+00:00,6605.017614625031
2024-02-20 14:30:00+00:00,6641.951318279381
2024-02-20 15:15:00+00:00,6679.028991540194
2024-02-20 19:00:00+00:00,6755.303168639033
2024-02-20 20:00:00+00:00,6742.211708127127
2024-02-20 21:30:00+00:00,6729.441794857576
2024-02-20 22:00:00+00:00,6722.567000357707
2024-02-21 05:00:00+00:00,6724.373860038029
2024-02-21 07:00:00+00:00,6761.382591935287
2024-02-21 09:00:00+00:00,6798.110375693076
2024-02-21 09:15:00+00:00,6835.005692825649
2024-02-21 10:15:00+00:00,6836.889089612685
2024-02-21 10:45:00+00:00,6823.457050485019
2024-02-21 11:00:00+00:00,6825.356608516521
2024-02-21 12:15:00+00:00,6826.908452669986
2024-02-21 14:15:00+00:00,6828.919239881118
2024-02-21 15:15:00+00:00,6830.654496714519
2024-02-21 15:30:00+00:00,6817.622750708371
2024-02-21 18:15:00+00:00,6804.6939502713385
2024-02-21 19:45:00+00:00,6843.483992263788
2024-02-21 20:30:00+00:00,6830.551260215089
2024-02-21 21:15:00+00:00,6817.67425064148
2024-02-21 21:30:00+00:00,6804.660352130206
2024-02-21 22:00:00+00:00,6791.315506625469
2024-02-21 23:00:00+00:00,6777.901502637899
2024-02-21 23:30:00+00:00,6751.815950270916
2024-02-21 23:45:00+00:00,6725.151546941723
2024-02-22 01:45:00+00:00,6712.152032511862
2024-02-22 02:15:00+00:00,6698.850416019894
2024-02-22 05:15:00+00:00,6685.694456863877
2024-02-22 06:30:00+00:00,6689.105569806888
2024-02-22 14:45:00+00:00,6675.636870641476
2024-02-22 15:30:00+00:00,6635.822831297394
2024-02-22 18:30:00+00:00,6622.77903019538
2024-02-22 20:30:00+00:00,6609.744228266698
2024-02-23 04:30:00+00:00,6583.018141210477
2024-02-23 06:30:00+00:00,6585.050046867364
2024-02-23 08:00:00+00:00,6586.27034050509
2024-02-23 10:15:00+00:00,6588.222746621809
2024-02-23 11:00:00+00:00,6590.0668683757285
2024-02-23 11:45:00+00:00,6576.297061213752
2024-02-23 13:45:00+00:00,6563.210747159115
2024-02-23 14:15:00+00:00,6549.428075136353
2024-02-23 14:45:00+00:00,6535.915007556472
2024-02-23 15:30:00+00:00,6537.814548441777
2024-02-23 16:30:00+00:00,6541.492127039522
2024-02-23 17:30:00+00:00,6543.481796821591
2024-02-23 17:45:00+00:00,6530.449153786285
2024-02-24 04:00:00+00:00,6519.300063362163
2024-02-24 04:30:00+00:00,6520.961293293655
2024-02-24 04:45:00+00:00,6523.064328389
2024-02-24 08:45:00+00:00,6510.057923093819
2024-02-24 09:15:00+00:00,6496.818331495224
2024-02-24 12:45:00+00:00,6483.5648276279035
2024-02-24 14:30:00+00:00,6470.349717502035
2024-02-24 16:15:00+00:00,6457.170801896307
2024-02-24 17:00:00+00:00,6458.856457105762
2024-02-24 17:45:00+00:00,6445.504136551305
2024-02-24 23:30:00+00:00,6447.365358962415
2024-02-26 10:00:00+00:00,6433.8289861407275
2024-02-26 12:45:00+00:00,6420.403859002034
2024-02-26 14:45:00+00:00,6406.936121913586
2024-02-26 15:30:00+00:00,6393.421591440419
2024-02-26 20:00:00+00:00,6430.198188174091
2024-02-27 01:45:00+00:00,6466.998178343011
2024-02-27 02:00:00+00:00,6504.00660301254
2024-02-27 03:45:00+00:00,6490.990069187609
2024-02-27 07:00:00+00:00,6464.921027035257
2024-02-27 09:15:00+00:00,6501.928845230463
2024-02-27 10:00:00+00:00,6504.00883389504
2024-02-27 11:30:00+00:00,6491.145851317358
2024-02-27 15:45:00+00:00,6478.1543030030625
2024-02-27 19:15:00+00:00,6502.401015090301
2024-02-27 20:15:00+00:00,6489.5222429024
2024-02-27 21:00:00+00:00,6476.778977193375
2024-02-28 00:30:00+00:00,6463.46371791036
2024-02-28 01:15:00+00:00,6464.467729271363
2024-02-28 02:15:00+00:00,6450.718055020291
2024-02-28 04:00:00+00:00,6454.2083505709015
2024-02-28 05:30:00+00:00,6440.403206257014
2024-02-28 07:30:00+00:00,6427.066801838245
2024-02-28 07:45:00+00:00,6413.057817658616
2024-02-28 09:00:00+00:00,6399.960321655649
2024-02-28 09:15:00+00:00,6401.642620056221
2024-02-28 11:30:00+00:00,6403.612300785104
2024-02-28 13:15:00+00:00,6390.6154342509535
2024-02-28 14:15:00+00:00,6377.731742979876
2024-02-28 16:15:00+00:00,6364.698063013965
2024-02-28 17:00:00+00:00,6401.747127768169
2024-02-28 17:15:00+00:00,6388.967979989637
2024-02-28 19:00:00+00:00,6393.339761016474
2024-02-28 21:30:00+00:00,6395.673723554561
2024-02-29 00:00:00+00:00,6382.948694756244
2024-02-29 05:30:00+00:00,6414.038222878316
2024-02-29 05:45:00+00:00,6401.154863460523
2024-02-29 06:00:00+00:00,6403.197317171911
2024-02-29 08:00:00+00:00,6390.566429034529
2024-02-29 08:30:00+00:00,6427.798045530941
2024-02-29 09:45:00+00:00,6415.067241595375
2024-02-29 13:30:00+00:00,6402.247119490687
2024-02-29 15:15:00+00:00,6404.44702676324
2024-02-29 16:15:00+00:00,6406.701318118373
2024-02-29 17:45:00+00:00,6432.689093826288
2024-02-29 20:15:00+00:00,6434.867613183556
2024-02-29 21:30:00+00:00,6422.143604552873
2024-03-01 00:00:00+00:00,6461.448585929426
2024-03-01 00:15:00+00:00,6463.562905949065
2024-03-01 01:00:00+00:00,6452.984400416805
2024-03-01 05:15:00+00:00,6440.149174359393
2024-03-01 07:00:00+00:00,6433.6319811715475
2024-03-01 07:15:00+00:00,6425.289686025286
2024-03-01 08:15:00+00:00,6412.02465504301
2024-03-01 08:30:00+00:00,6413.715600966243
2024-03-01 12:30:00+00:00,6402.827592552641
2024-03-01 14:30:00+00:00,6405.055878080504
2024-03-01 17:00:00+00:00,6407.023725838851
2024-03-01 18:30:00+00:00,6408.679524161948
2024-03-01 20:00:00+00:00,6410.734199388593
2024-03-01 22:00:00+00:00,6397.72576221304
2024-03-01 22:30:00+00:00,6384.7061275957585
2024-03-02 00:15:00+00:00,6371.713990592221
2024-03-02 01:45:00+00:00,6373.702901444793
2024-03-02 06:15:00+00:00,6375.792265939468
2024-03-02 08:45:00+00:00,6377.828641329421
2024-03-02 12:15:00+00:00,6366.992390498148
2024-03-02 14:45:00+00:00,6369.009063349015
2024-03-02 18:15:00+00:00,6356.307216348734
2024-03-02 19:00:00+00:00,6343.404096598782
2024-03-02 21:30:00+00:00,6343.424636955341
2024-03-02 22:15:00+00:00,6330.363408045494
2024-03-02 23:30:00+00:00,6317.416447615446
2024-03-03 02:45:00+00:00,6319.482825580358
2024-03-03 04:00:00+00:00,6306.737580458121
2024-03-03 07:15:00+00:00,6343.83866209574
2024-03-03 07:45:00+00:00,6405.339367337214
2024-03-03 09:00:00+00:00,6392.574998055654
2024-03-03 10:15:00+00:00,6379.919266503906
2024-03-03 12:00:00+00:00,6367.149571152698
2024-03-03 12:15:00+00:00,6354.350990213033
2024-03-03 16:30:00+00:00,6341.4245009182
2024-03-03 19:45:00+00:00,6343.107313751242
2024-03-03 22:00:00+00:00,6330.114703749416
2024-03-04 00:15:00+00:00,6316.95892610405
2024-03-04 02:00:00+00:00,6291.060958475485
2024-03-04 02:30:00+00:00,6278.114139695403
2024-03-04 08:00:00+00:00,6280.167050519082
2024-03-04 17:30:00+00:00,6267.2505891947785
2024-03-04 18:45:00+00:00,6254.380917145221
2024-03-04 23:00:00+00:00,6241.539825335055
2024-03-05 03:45:00+00:00,6243.549923386505
2024-03-05 05:15:00+00:00,6245.937107959182
2024-03-05 06:30:00+00:00,6220.385225350938
2024-03-05 09:45:00+00:00,6207.620969259853
2024-03-05 11:30:00+00:00,6194.797843906716
2024-03-05 12:00:00+00:00,6191.437496559793
2024-03-05 17:00:00+00:00,6228.661572512177
2024-03-05 17:45:00+00:00,6268.155864247541
2024-03-05 19:45:00+00:00,6307.820611528756
2024-03-05 21:00:00+00:00,6422.117580470926
2024-03-05 21:15:00+00:00,6409.46434883182
2024-03-05 23:30:00+00:00,6396.864996765626
2024-03-06 02:30:00+00:00,6396.00706044696
2024-03-06 04:30:00+00:00,6383.158451351252
2024-03-06 04:45:00+00:00,6370.963077875532
2024-03-06 05:00:00+00:00,6358.050495826254
2024-03-06 07:45:00+00:00,6345.174225285681
2024-03-06 09:45:00+00:00,6332.314833394825
2024-03-06 12:30:00+00:00,6319.493069264396
2024-03-06 20:00:00+00:00,6324.067899647057
2024-03-07 01:00:00+00:00,6326.170683319568
2024-03-07 01:15:00+00:00,6363.2761304528085
2024-03-07 02:45:00+00:00,6363.266141271238
2024-03-07 04:00:00+00:00,6350.122009400931
2024-03-07 05:30:00+00:00,6324.113888338529
2024-03-07 07:30:00+00:00,6326.426924964938
2024-03-07 08:00:00+00:00,6363.3329862860155
2024-03-07 08:45:00+00:00,6350.273082929792
2024-03-07 11:00:00+00:00,6337.171298393383
2024-03-07 13:45:00+00:00,6374.095372700356
2024-03-07 14:00:00+00:00,6361.008156819917
2024-03-07 14:15:00+00:00,6347.879941166373
2024-03-07 14:45:00+00:00,6350.122457569524
2024-03-07 17:00:00+00:00,6374.0739791244905
2024-03-07 21:15:00+00:00,6411.107457043755
2024-03-07 21:30:00+00:00,6408.939015754582
2024-03-08 00:30:00+00:00,6410.927403929325
2024-03-08 02:45:00+00:00,6397.99367626652
2024-03-08 08:00:00+00:00,6384.936978097697
2024-03-08 13:15:00+00:00,6371.983334172226
2024-03-08 15:15:00+00:00,6373.809774371804
2024-03-08 15:30:00+00:00,6375.857924655618
2024-03-08 15:45:00+00:00,6363.045138683042
2024-03-08 16:15:00+00:00,6350.2953348834635
2024-03-09 00:45:00+00:00,6337.256998797355
2024-03-09 21:00:00+00:00,6323.681193663788
2024-03-10 09:30:00+00:00,6360.348340098771
2024-03-10 11:30:00+00:00,6346.847750165868
2024-03-10 13:45:00+00:00,6333.371918561576
2024-03-10 14:30:00+00:00,6319.952920157816
2024-03-10 16:15:00+00:00,6358.879305733566
2024-03-10 22:30:00+00:00,6395.321670584505
2024-03-10 23:00:00+00:00,6397.221032815758
2024-03-10 23:15:00+00:00,6384.1948183122895
2024-03-11 00:00:00+00:00,6408.317636085944
2024-03-11 00:45:00+00:00,6445.482936056531
2024-03-11 02:45:00+00:00,6521.557413070816
2024-03-11 03:00:00+00:00,6508.640628260422
2024-03-11 05:00:00+00:00,6495.878679949203
2024-03-11 13:30:00+00:00,6497.835475895119
2024-03-11 15:45:00+00:00,6485.113034047672
2024-03-11 16:00:00+00:00,6472.332647541515
2024-03-11 16:30:00+00:00,6459.639298861475
2024-03-11 20:45:00+00:00,6459.731382336341
2024-03-11 23:15:00+00:00,6461.679017914246
2024-03-12 00:45:00+00:00,6435.620319304951
2024-03-12 08:00:00+00:00,6472.605328452964
2024-03-12 09:00:00+00:00,6459.697622438277
2024-03-12 09:15:00+00:00,6446.7582523080955
2024-03-12 11:15:00+00:00,6420.947962173758
2024-03-12 12:30:00+00:00,6422.920707755919
2024-03-12 12:45:00+00:00,6420.229873742738
2024-03-12 14:00:00+00:00,6407.282660077507
2024-03-12 16:30:00+00:00,6409.43941697199
2024-03-12 17:15:00+00:00,6396.779267240053
2024-03-12 17:30:00+00:00,6473.248411659034
2024-03-12 19:15:00+00:00,6460.485160996071
2024-03-12 19:45:00+00:00,6447.806366825982
2024-03-12 22:30:00+00:00,6450.176618255086
2024-03-13 01:30:00+00:00,6437.1209894356425
2024-03-13 14:00:00+00:00,6439.068358985639
2024-03-13 15:15:00+00:00,6443.035028584439
2024-03-13 16:15:00+00:00,6430.168636794313
2024-03-13 18:00:00+00:00,6417.284645576545
2024-03-13 18:30:00+00:00,6404.252773408889
2024-03-13 23:00:00+00:00,6391.1035021547395
2024-03-13 23:15:00+00:00,6382.218876549472
2024-03-14 02:15:00+00:00,6368.9846879578
2024-03-14 05:15:00+00:00,6357.668255257453
2024-03-14 06:15:00+00:00,6344.378645947977
2024-03-14 08:15:00+00:00,6331.235596569988
2024-03-14 09:00:00+00:00,6318.136845336928
2024-03-14 13:30:00+00:00,6354.811718367403
2024-03-14 14:15:00+00:00,6341.761793073859
2024-03-14 15:45:00+00:00,6331.019392560571
2024-03-14 16:45:00+00:00,6331.810950067825
2024-03-14 19:30:00+00:00,6370.910477328318
2024-03-14 20:00:00+00:00,6395.340905215462
2024-03-14 20:15:00+00:00,6369.802236367223
2024-03-15 00:15:00+00:00,6346.422245987363
2024-03-15 00:30:00+00:00,6320.831388632998
2024-03-15 02:30:00+00:00,6357.846762920771
2024-03-15 02:45:00+00:00,6431.995970931222
2024-03-15 03:30:00+00:00,6434.106642181098
2024-03-15 03:45:00+00:00,6438.429679014929
2024-03-15 06:15:00+00:00,6440.680488387456
2024-03-15 07:45:00+00:00,6428.009297589601
2024-03-15 09:00:00+00:00,6465.26900051351
2024-03-15 10:00:00+00:00,6489.844461226887
2024-03-15 10:15:00+00:00,6477.187898903486
2024-03-15 12:15:00+00:00,6479.401986572511
2024-03-15 15:00:00+00:00,6466.681024389196
2024-03-15 16:15:00+00:00,6467.935910470341
2024-03-15 18:30:00+00:00,6455.0261325742495
2024-03-15 18:45:00+00:00,6442.210492210774
2024-03-15 22:30:00+00:00,6429.379027009924
2024-03-15 23:15:00+00:00,6416.536538655041
2024-03-16 06:30:00+00:00,6403.780798195977
2024-03-16 11:00:00+00:00,6406.008783700313
2024-03-16 18:15:00+00:00,6408.2694429202675
2024-03-17 00:00:00+00:00,6410.3793004074105
2024-03-17 02:15:00+00:00,6412.415097488788
2024-03-17 08:15:00+00:00,6399.561490662374
2024-03-17 08:30:00+00:00,6401.603527863856
2024-03-17 11:00:00+00:00,6388.758347874052
2024-03-18 02:45:00+00:00,6390.849752181808
2024-03-18 06:00:00+00:00,6377.977652687382
2024-03-18 17:00:00+00:00,6415.078641605612
2024-03-18 17:30:00+00:00,6402.26460517925
2024-03-18 23:15:00+00:00,6389.4646979331865
2024-03-18 23:30:00+00:00,6426.604121035993
2024-03-19 00:30:00+00:00,6413.8573908441
2024-03-19 03:45:00+00:00,6416.009727801893
2024-03-19 08:45:00+00:00,6453.21441503378
2024-03-19 14:15:00+00:00,6440.4604947511125
2024-03-19 15:45:00+00:00,6427.608502594342
2024-03-19 20:45:00+00:00,6414.853541819529
2024-03-19 22:15:00+00:00,6417.03897656822
2024-03-20 00:15:00+00:00,6419.327317985457
2024-03-20 07:15:00+00:00,6406.644989197747
2024-03-20 07:30:00+00:00,6408.947522185598
2024-03-20 13:30:00+00:00,6411.181079743994
2024-03-20 14:15:00+00:00,6413.2762464096295
2024-03-20 15:30:00+00:00,6400.424041353889
2024-03-20 17:15:00+00:00,6387.697463196806
2024-03-20 20:45:00+00:00,6390.005505915428
2024-03-21 00:00:00+00:00,6377.135815785421
2024-03-21 03:45:00+00:00,6364.203386940419
2024-03-21 05:00:00+00:00,6351.370777659453
2024-03-21 08:45:00+00:00,6390.754939139414
2024-03-21 09:30:00+00:00,6379.973324341628
2024-03-21 15:00:00+00:00,6366.990152261221
2024-03-21 15:15:00+00:00,6406.23133232153
2024-03-21 17:15:00+00:00,6408.275900007184
2024-03-21 18:30:00+00:00,6399.755479086482
2024-03-21 20:00:00+00:00,6401.997876048148
2024-03-21 21:30:00+00:00,6389.203826132512
2024-03-22 00:30:00+00:00,6376.46279992254
2024-03-22 01:30:00+00:00,6363.689957620278
2024-03-22 15:00:00+00:00,6365.8226290262255
2024-03-22 17:30:00+00:00,6368.025638004568
2024-03-22 23:00:00+00:00,6370.200551923129
2024-03-22 23:45:00+00:00,6357.2070110353725
2024-03-23 19:15:00+00:00,6344.454166396594
2024-03-25 15:15:00+00:00,6346.382530420823
2024-03-25 21:15:00+00:00,6348.3508150153175
2024-03-26 12:45:00+00:00,6350.235170948596
2024-03-26 13:30:00+00:00,6352.163661388312
2024-03-26 22:45:00+00:00,6339.832182818484
2024-03-27 06:30:00+00:00,6341.451164779064
2024-03-27 08:45:00+00:00,6378.226758258543
2024-03-27 09:30:00+00:00,6365.186773682549
2024-03-27 09:45:00+00:00,6351.938774938356
2024-03-27 11:45:00+00:00,6325.664455491284
2024-03-27 13:00:00+00:00,6312.478278686832
2024-03-27 14:15:00+00:00,6316.605240890614
2024-03-27 14:30:00+00:00,6290.805930262906
2024-03-27 17:00:00+00:00,6292.845602620592
2024-03-27 19:00:00+00:00,6297.21737913074
2024-03-27 20:00:00+00:00,6299.183346968044
2024-03-27 20:45:00+00:00,6286.262643226656
2024-03-28 04:30:00+00:00,6273.136088412533
2024-03-28 05:15:00+00:00,6277.013284518892
2024-03-28 06:15:00+00:00,6263.862288465315
2024-03-28 06:45:00+00:00,6250.845037309855
2024-03-28 07:45:00+00:00,6224.499731226294
2024-03-28 08:00:00+00:00,6198.128029234896
2024-03-28 08:45:00+00:00,6184.928230314987
2024-03-28 11:00:00+00:00,6187.178658185154
2024-03-28 12:00:00+00:00,6188.990837056487
2024-03-28 13:00:00+00:00,6176.294766939367
2024-03-28 13:15:00+00:00,6179.9197406229005
2024-03-28 14:45:00+00:00,6166.862990021615
2024-03-28 20:00:00+00:00,6169.129394064774
2024-03-29 03:00:00+00:00,6155.902654700497
2024-03-29 04:15:00+00:00,6142.718236324388
2024-03-29 08:00:00+00:00,6144.407599724109
2024-03-29 10:00:00+00:00,6131.150122028079
2024-03-29 15:15:00+00:00,6133.066919005059
2024-03-29 22:15:00+00:00,6119.943255367347
2024-03-29 22:30:00+00:00,6106.724904257601
2024-03-30 09:15:00+00:00,6093.886330163149
2024-03-30 16:15:00+00:00,6131.018992294353
2024-03-30 16:45:00+00:00,6118.178541765051
2024-03-30 18:15:00+00:00,6105.369340313679
2024-03-30 19:45:00+00:00,6092.044070838752
2024-03-31 01:00:00+00:00,6084.11754135768
2024-03-31 18:30:00+00:00,6070.262336597604
2024-03-31 20:00:00+00:00,6056.54353789191
2024-04-01 06:15:00+00:00,6043.810474959493
2024-04-01 10:45:00+00:00,6046.0874988075175
2024-04-01 11:00:00+00:00,6032.913004761363
2024-04-01 12:45:00+00:00,6019.320484458099
2024-04-01 15:15:00+00:00,6021.005911076238
2024-04-01 19:00:00+00:00,6010.042367180952
2024-04-01 19:15:00+00:00,5999.292667553411
2024-04-01 21:00:00+00:00,5986.220675112063
2024-04-01 21:15:00+00:00,5973.138107104314
2024-04-01 21:30:00+00:00,5959.931274093767
2024-04-02 01:00:00+00:00,5947.056380741742
2024-04-02 02:30:00+00:00,6057.809955679616
2024-04-02 09:15:00+00:00,6059.856662386736
2024-04-02 11:00:00+00:00,6063.818750153548
2024-04-02 12:15:00+00:00,6050.780672864496
2024-04-02 13:30:00+00:00,6087.846297792857
2024-04-02 14:00:00+00:00,6089.770881468515
2024-04-02 14:15:00+00:00,6076.818233969364
2024-04-02 16:45:00+00:00,6080.737433922277
2024-04-02 19:00:00+00:00,6082.745294195076
2024-04-02 23:15:00+00:00,6084.773136250257
2024-04-02 23:30:00+00:00,6082.525334580313
2024-04-03 00:30:00+00:00,6119.4260395637775
2024-04-03 00:45:00+00:00,6121.19241240853
2024-04-03 01:30:00+00:00,6108.46255220672
2024-04-03 01:45:00+00:00,6095.321662745221
2024-04-03 03:45:00+00:00,6069.2481755618655
2024-04-03 04:00:00+00:00,6056.096415336281
2024-04-03 07:00:00+00:00,6042.994116952871
2024-04-03 10:30:00+00:00,6044.967214847466
2024-04-03 11:00:00+00:00,6032.019315319971
2024-04-03 12:30:00+00:00,6005.814036011304
2024-04-03 14:00:00+00:00,6007.5407706043
2024-04-03 15:15:00+00:00,6011.604194618506
2024-04-03 17:30:00+00:00,5998.565453029208
2024-04-04 01:45:00+00:00,6000.577570686455
2024-04-04 02:30:00+00:00,5987.6101434803695
2024-04-04 04:00:00+00:00,5974.675329164104
2024-04-04 13:15:00+00:00,5961.750802191567
2024-04-04 13:45:00+00:00,5963.4868302342065
2024-04-04 18:30:00+00:00,5952.471127185916
2024-04-04 20:00:00+00:00,5939.640131475241
2024-04-05 08:45:00+00:00,5950.485517065062
2024-04-05 12:45:00+00:00,5952.636219850862
2024-04-05 14:30:00+00:00,5939.825463351487
2024-04-05 21:30:00+00:00,5926.436337733361
2024-04-06 07:15:00+00:00,5912.972388472579
2024-04-06 12:30:00+00:00,5914.472279829272
2024-04-06 17:45:00+00:00,5900.915873981032
2024-04-06 23:45:00+00:00,5887.259597555668
2024-04-07 04:30:00+00:00,5888.88366287869
2024-04-07 17:30:00+00:00,5890.456506585648
2024-04-07 19:45:00+00:00,5877.18919145392
2024-04-08 00:30:00+00:00,5863.856969661719
2024-04-08 07:15:00+00:00,5850.309534727951
2024-04-08 07:45:00+00:00,5836.835356365378
2024-04-08 12:00:00+00:00,5873.700467872055
2024-04-08 13:00:00+00:00,5875.575002516554
2024-04-08 13:30:00+00:00,5862.47443692683
2024-04-08 14:00:00+00:00,5851.081728111861
2024-04-08 14:45:00+00:00,5837.903256569268
2024-04-08 18:30:00+00:00,5824.84509878064
2024-04-08 21:45:00+00:00,5813.301959404611
2024-04-09 03:45:00+00:00,5850.066925418506
2024-04-09 05:15:00+00:00,5836.856526371554
2024-04-09 06:45:00+00:00,5838.860978221538
2024-04-09 08:00:00+00:00,5875.634819601019
2024-04-09 08:45:00+00:00,5862.57844346558
2024-04-09 09:00:00+00:00,5836.571386317191
2024-04-09 14:30:00+00:00,5873.55693392602
2024-04-09 15:30:00+00:00,5912.496424058394
2024-04-09 16:30:00+00:00,5901.6010876557175
2024-04-09 20:15:00+00:00,5903.671679973515
2024-04-10 01:15:00+00:00,5940.533826790848
2024-04-10 01:30:00+00:00,5977.418020344225
2024-04-10 01:45:00+00:00,5964.332649799567
2024-04-10 04:00:00+00:00,5951.311661469355
2024-04-10 05:30:00+00:00,5955.2357019650935
2024-04-10 06:15:00+00:00,5942.197131850015
2024-04-10 10:45:00+00:00,5929.112200796744
2024-04-10 12:30:00+00:00,5966.117707366981
2024-04-10 14:30:00+00:00,6027.020715481274
2024-04-10 16:45:00+00:00,5975.471611359769
2024-04-10 18:30:00+00:00,5949.5689664412275
2024-04-10 20:00:00+00:00,5951.5851780534895
2024-04-10 22:00:00+00:00,5938.565491123975
2024-04-10 22:15:00+00:00,5925.597768979369
2024-04-11 01:15:00+00:00,5927.595562659939
2024-04-11 03:00:00+00:00,5964.28992169229
2024-04-11 05:30:00+00:00,5951.0724839755085
2024-04-11 06:15:00+00:00,5937.744600524902
2024-04-11 07:00:00+00:00,5939.61357022375
2024-04-11 08:00:00+00:00,5926.263714044317
2024-04-11 08:45:00+00:00,5912.92686074301
2024-04-11 09:30:00+00:00,5899.636209470533
2024-04-11 11:45:00+00:00,5886.355914709356
2024-04-11 12:30:00+00:00,5873.169836718274
2024-04-11 17:15:00+00:00,5860.012250113709
2024-04-11 20:15:00+00:00,5859.821786863362
2024-04-12 05:00:00+00:00,5846.483003778376
2024-04-12 05:45:00+00:00,5883.201151361542
2024-04-12 07:30:00+00:00,5870.110373636313
2024-04-12 12:30:00+00:00,5857.008159552393
2024-04-12 13:00:00+00:00,5843.744532843702
2024-04-12 13:30:00+00:00,5880.285684690484
2024-04-12 16:15:00+00:00,5940.701481128761
2024-04-12 16:45:00+00:00,5942.513118813047
2024-04-12 17:15:00+00:00,5979.478109733642
2024-04-12 17:30:00+00:00,5966.7061121653305
2024-04-12 18:30:00+00:00,6003.830878337199
2024-04-13 01:15:00+00:00,6077.201790911481
2024-04-13 02:45:00+00:00,6078.693295428988
2024-04-13 04:00:00+00:00,6080.807157634079
2024-04-13 04:45:00+00:00,6067.590792716494
2024-04-13 11:00:00+00:00,6069.408671779591
2024-04-13 13:15:00+00:00,6055.896130483549
2024-04-13 14:00:00+00:00,6058.094039408759
2024-04-13 16:00:00+00:00,6045.0455786451475
2024-04-13 20:00:00+00:00,6032.372255204399
2024-04-13 20:15:00+00:00,6019.782308664528
2024-04-14 02:30:00+00:00,6022.1959899567255
2024-04-14 08:00:00+00:00,6059.587986653572
2024-04-14 09:30:00+00:00,6096.996109513775
2024-04-14 11:15:00+00:00,6058.686777612159
2024-04-14 17:15:00+00:00,6061.051599716779
2024-04-14 20:15:00+00:00,6063.354804199166
2024-04-14 22:30:00+00:00,6100.672471813876
2024-04-15 01:00:00+00:00,6087.95640080586
2024-04-15 06:30:00+00:00,6125.194767257136
2024-04-16 06:00:00+00:00,6127.182325007216
2024-04-17 17:45:00+00:00,6114.323048231
2024-04-18 01:00:00+00:00,6115.73725109135
2024-04-19 13:30:00+00:00,6116.191234740926
2024-04-19 14:15:00+00:00,6103.255351615701
2024-04-19 16:15:00+00:00,6090.310746317087
2024-04-19 23:00:00+00:00,6089.466492982437
2024-04-20 00:15:00+00:00,6076.4836651427095
2024-04-20 01:45:00+00:00,6063.539784585629
2024-04-20 13:30:00+00:00,6065.54921076646
2024-04-20 15:30:00+00:00,6052.5115143984995
2024-04-20 17:15:00+00:00,6039.562075995845
2024-04-20 21:00:00+00:00,6026.656625185075
2024-04-21 01:15:00+00:00,6028.6786959791025
2024-04-21 10:45:00+00:00,6029.371583954363
2024-04-21 15:00:00+00:00,6016.16526695655
2024-04-21 16:00:00+00:00,6053.249384388105
2024-04-21 16:30:00+00:00,6090.071957813481
2024-04-21 17:00:00+00:00,6092.05625042317
2024-04-21 19:30:00+00:00,6079.045658207742
2024-04-21 20:15:00+00:00,6066.093734297945
2024-04-21 20:45:00+00:00,6052.992555578336
2024-04-21 21:00:00+00:00,6039.922830480427
2024-04-21 22:00:00+00:00,6041.813134637287
2024-04-21 23:00:00+00:00,6028.736063398948
2024-04-22 01:00:00+00:00,6030.701307691553
2024-04-22 05:15:00+00:00,6067.537407343747
2024-04-22 11:30:00+00:00,6054.503418165121
2024-04-22 13:15:00+00:00,6041.276843533296
2024-04-22 15:30:00+00:00,6043.164335381516
2024-04-22 20:45:00+00:00,6030.070487848854
2024-04-22 22:15:00+00:00,6016.851809247896
2024-04-23 00:30:00+00:00,6018.55795237181
2024-04-23 03:45:00+00:00,6020.261057829664
2024-04-23 05:30:00+00:00,6007.033905352029
2024-04-23 08:15:00+00:00,5982.6323030412495
2024-04-23 08:45:00+00:00,5984.511831377706
2024-04-23 11:30:00+00:00,6021.29252064449
2024-04-23 13:00:00+00:00,6023.103016111014
2024-04-23 13:30:00+00:00,6009.983371271833
2024-04-23 14:00:00+00:00,5996.763869722432
2024-04-23 19:45:00+00:00,5985.62391778489
2024-04-24 00:30:00+00:00,5972.634349752092
2024-04-24 04:15:00+00:00,5961.365084935632
2024-04-24 04:45:00+00:00,5948.086504847047
2024-04-24 05:00:00+00:00,5936.859593290455
2024-04-24 07:00:00+00:00,5938.601628101197
2024-04-24 09:30:00+00:00,5975.480804535434
2024-04-24 11:15:00+00:00,5962.207392561702
2024-04-24 14:15:00+00:00,6035.890102011225
2024-04-24 17:00:00+00:00,6059.780445056156
2024-04-24 17:15:00+00:00,6063.981763140193
2024-04-24 19:15:00+00:00,6066.1176134811485
2024-04-25 00:30:00+00:00,6070.017520516164
2024-04-25 04:00:00+00:00,6107.008680379206
2024-04-25 04:30:00+00:00,6093.794957671621
2024-04-25 06:30:00+00:00,6080.7814276846675
2024-04-25 08:30:00+00:00,6084.620115535019
2024-04-25 10:00:00+00:00,6121.602598869266
2024-04-25 11:30:00+00:00,6108.632560980475
2024-04-25 12:30:00+00:00,6095.283595877623
2024-04-25 14:00:00+00:00,6082.3833364464035
2024-04-25 15:30:00+00:00,6084.217332808035
2024-04-25 15:45:00+00:00,6071.128038348901
2024-04-25 20:00:00+00:00,6073.259107365635
2024-04-25 21:15:00+00:00,6060.179140137438
2024-04-26 01:15:00+00:00,6097.31415969084
2024-04-26 08:00:00+00:00,6098.273141644255
2024-04-26 13:45:00+00:00,6100.287657966687
2024-04-26 17:45:00+00:00,6087.115284892578
2024-04-27 00:30:00+00:00,6124.244828742443
2024-04-27 00:45:00+00:00,6160.969588587741
2024-04-27 01:15:00+00:00,6198.071528190768
2024-04-27 02:15:00+00:00,6199.649416872283
2024-04-27 09:00:00+00:00,6198.687876752181
2024-04-27 10:00:00+00:00,6200.173318869883
2024-04-27 11:30:00+00:00,6201.308674328673
2024-04-27 14:00:00+00:00,6187.422181375692
2024-04-27 17:30:00+00:00,6173.718294130129
2024-04-27 18:45:00+00:00,6160.343871496984
2024-04-29 10:00:00+00:00,6147.199945871738
2024-04-29 12:30:00+00:00,6148.956163798177
2024-04-29 14:15:00+00:00,6150.654105991383
2024-04-30 09:30:00+00:00,6187.461558095549
2024-04-30 12:00:00+00:00,6224.140695974923
2024-04-30 12:15:00+00:00,6226.143045284412
2024-04-30 14:30:00+00:00,6227.976705773606
2024-04-30 14:45:00+00:00,6230.057376679951
2024-04-30 16:15:00+00:00,6267.025649117185
2024-04-30 17:00:00+00:00,6254.085368394021
2024-04-30 19:15:00+00:00,6290.973405619595
2024-04-30 19:30:00+00:00,6293.081811249847
2024-04-30 20:00:00+00:00,6297.132697442942
2024-04-30 20:45:00+00:00,6284.288140949881
2024-04-30 21:30:00+00:00,6271.333173958559
2024-04-30 22:00:00+00:00,6258.459830873124
2024-04-30 22:15:00+00:00,6245.426277828012
2024-05-01 01:30:00+00:00,6247.493670311326
2024-05-01 03:15:00+00:00,6249.468769649336
2024-05-01 07:00:00+00:00,6286.444623320198
2024-05-01 09:00:00+00:00,6325.658042848732
2024-05-01 10:15:00+00:00,6329.711633466821
2024-05-01 16:00:00+00:00,6303.857888542969
2024-05-01 16:30:00+00:00,6305.615442828977
2024-05-01 17:45:00+00:00,6292.576529421562
2024-05-01 18:00:00+00:00,6294.602136615985
2024-05-01 22:30:00+00:00,6281.722651705345
2024-05-02 00:30:00+00:00,6268.972271314397
2024-05-02 01:30:00+00:00,6256.187735180303
2024-05-02 11:00:00+00:00,6293.1647784337765
2024-05-02 11:45:00+00:00,6330.273985797218
2024-05-02 13:00:00+00:00,6317.431244533076
2024-05-02 13:45:00+00:00,6304.5945565704515
2024-05-02 20:30:00+00:00,6293.868844573235
2024-05-03 00:30:00+00:00,6295.975645773234
2024-05-03 02:00:00+00:00,6282.850049986851
2024-05-03 03:15:00+00:00,6269.8925154136905
2024-05-03 07:30:00+00:00,6271.952889457814
2024-05-03 09:30:00+00:00,6258.776471152665
2024-05-03 12:30:00+00:00,6260.507170922831
2024-05-03 14:30:00+00:00,6247.4878929743
2024-05-03 15:15:00+00:00,6234.625505900766
2024-05-03 15:45:00+00:00,6221.640796452409
2024-05-03 20:15:00+00:00,6258.538117097197
2024-05-03 21:00:00+00:00,6246.223571757182
2024-05-03 21:30:00+00:00,6233.022502914743
2024-05-03 23:30:00+00:00,6219.8979870181865
2024-05-03 23:45:00+00:00,6221.724552509893
2024-05-04 00:30:00+00:00,6208.515582413506
2024-05-04 01:00:00+00:00,6232.679132834747
2024-05-04 01:30:00+00:00,6234.410986185463
2024-05-04 01:45:00+00:00,6221.538189696724
2024-05-04 04:00:00+00:00,6223.331099591386
2024-05-04 06:45:00+00:00,6225.151390998737
2024-05-04 10:45:00+00:00,6261.741454046658
2024-05-04 11:45:00+00:00,6272.591438253048
2024-05-04 13:00:00+00:00,6311.995573284373
2024-05-04 13:45:00+00:00,6313.92629119175
2024-05-04 17:15:00+00:00,6301.24009275593
2024-05-05 02:00:00+00:00,6288.045600590476
2024-05-05 08:15:00+00:00,6274.860814402451
2024-05-05 13:15:00+00:00,6261.725882220581
2024-05-05 13:45:00+00:00,6248.627470049944
2024-05-05 14:45:00+00:00,6235.274800784414
2024-05-05 16:00:00+00:00,6222.211266522084
2024-05-05 16:15:00+00:00,6208.932584307718
2024-05-06 00:30:00+00:00,6210.656015639383
2024-05-06 05:15:00+00:00,6212.188988010821
2024-05-06 07:30:00+00:00,6198.825277107061
2024-05-06 08:15:00+00:00,6185.463461381108
2024-05-06 10:15:00+00:00,6172.296478543402
2024-05-06 13:30:00+00:00,6174.296852664127
2024-05-06 14:00:00+00:00,6161.447857592167
2024-05-06 15:45:00+00:00,6163.477746614725
2024-05-06 20:15:00+00:00,6137.628101118864
2024-05-07 02:15:00+00:00,6139.708819206817
2024-05-07 08:15:00+00:00,6143.513270189414
2024-05-07 09:15:00+00:00,6117.224160048791
2024-05-07 14:30:00+00:00,6119.151072722606
2024-05-07 14:45:00+00:00,6120.9519736386865
2024-05-07 23:00:00+00:00,6157.832850199874
2024-05-08 00:45:00+00:00,6159.751478945902
2024-05-08 01:15:00+00:00,6146.774683427116
2024-05-08 02:30:00+00:00,6133.726920534048
2024-05-08 05:30:00+00:00,6134.559916029589
2024-05-08 13:15:00+00:00,6121.5762198820885
2024-05-08 13:45:00+00:00,6123.516691620793
2024-05-08 14:30:00+00:00,6110.469950510961
2024-05-08 15:45:00+00:00,6112.428594135237
2024-05-08 18:15:00+00:00,6086.65875734073
2024-05-08 19:45:00+00:00,6073.6785886092875
2024-05-08 20:15:00+00:00,6110.750628224849
2024-05-08 20:30:00+00:00,6112.797730541116
2024-05-08 21:15:00+00:00,6099.708600226727
2024-05-09 01:00:00+00:00,6086.82819796605
2024-05-09 02:30:00+00:00,6088.9334865828005
2024-05-09 04:00:00+00:00,6066.514802843224
2024-05-09 07:45:00+00:00,6053.278070422888
2024-05-09 09:30:00+00:00,6040.029345717702
2024-05-09 10:15:00+00:00,6026.901328288369
2024-05-09 11:30:00+00:00,6028.535697937005
2024-05-09 12:30:00+00:00,6030.4090576566805
2024-05-09 14:00:00+00:00,6032.222082685865
2024-05-09 15:00:00+00:00,6018.9765975176015
2024-05-09 15:15:00+00:00,6055.8523309166085
2024-05-09 16:45:00+00:00,6042.807552815157
2024-05-09 22:45:00+00:00,6079.821221650427
2024-05-10 06:45:00+00:00,6116.715056088647
2024-05-10 08:15:00+00:00,6118.540832241773
2024-05-10 11:00:00+00:00,6105.402077095908
2024-05-10 14:00:00+00:00,6092.228212593117
2024-05-10 16:15:00+00:00,6091.468433836921
2024-05-10 18:45:00+00:00,6095.279315081261
2024-05-10 23:30:00+00:00,6092.445195299154
2024-05-11 01:00:00+00:00,6079.3190545371735
2024-05-11 01:30:00+00:00,6074.2351076387895
2024-05-11 05:15:00+00:00,6075.82332961236
2024-05-11 05:30:00+00:00,6077.819937016138
2024-05-11 08:15:00+00:00,6074.713972931352
2024-05-11 11:30:00+00:00,6076.571695557021
2024-05-11 13:00:00+00:00,6077.862056755557
2024-05-13 06:30:00+00:00,6064.912118118384
2024-05-13 11:00:00+00:00,6051.957557969167
2024-05-13 12:15:00+00:00,6038.951161509431
2024-05-13 13:30:00+00:00,6026.07497803773
2024-05-13 14:30:00+00:00,6063.227482479211
2024-05-13 17:00:00+00:00,6065.215343207164
2024-05-13 17:30:00+00:00,6069.37269632495
2024-05-13 22:15:00+00:00,6056.631388696987
2024-05-14 06:00:00+00:00,6045.69840905297
2024-05-14 10:00:00+00:00,6032.8394442165045
2024-05-14 12:30:00+00:00,6019.984599093158
2024-05-14 14:00:00+00:00,6056.628915411552
2024-05-15 12:30:00+00:00,6058.53326287905
2024-05-15 13:45:00+00:00,6045.546651700649
2024-05-15 18:45:00+00:00,6082.468601883978
2024-05-16 05:45:00+00:00,6119.510656859798
2024-05-16 06:00:00+00:00,6121.365501396638
2024-05-16 06:30:00+00:00,6108.053039604775
2024-05-16 08:45:00+00:00,6094.745999020088
2024-05-16 09:00:00+00:00,6096.861591145541
2024-05-16 11:15:00+00:00,6098.0635572630335
2024-05-16 12:15:00+00:00,6084.757943522035
2024-05-16 13:30:00+00:00,6071.57864884672
2024-05-16 14:15:00+00:00,6073.647431237207
2024-05-16 17:15:00+00:00,6047.234708191324
2024-05-16 18:30:00+00:00,6033.968397685104
2024-05-16 19:15:00+00:00,6021.165380369891
2024-05-16 20:30:00+00:00,6008.387054318831
2024-05-16 21:45:00+00:00,6045.603727398664
2024-05-16 23:15:00+00:00,6047.588582997789
2024-05-17 01:15:00+00:00,6045.119912411328
2024-05-17 03:00:00+00:00,6047.385140797811
2024-05-17 03:30:00+00:00,6033.5322442891775
2024-05-17 06:30:00+00:00,6007.159683452109
2024-05-17 06:45:00+00:00,5993.258976814693
2024-05-17 08:00:00+00:00,5980.305335782468
2024-05-17 10:30:00+00:00,6017.156270751588
2024-05-17 12:45:00+00:00,6004.249414655967
2024-05-17 13:30:00+00:00,5977.9329824068245
2024-05-17 20:15:00+00:00,5977.664754552912
2024-05-18 03:00:00+00:00,5964.43366499446
2024-05-18 03:15:00+00:00,6001.193941460822
2024-05-18 03:45:00+00:00,5988.062959564676
2024-05-18 05:00:00+00:00,5974.483736406355
2024-05-18 12:45:00+00:00,5975.740710582644
2024-05-18 15:00:00+00:00,5962.651093319448
2024-05-18 16:00:00+00:00,5949.269799939059
2024-05-18 18:15:00+00:00,5935.846410048359
2024-05-19 00:00:00+00:00,5937.777379158315
2024-05-19 01:30:00+00:00,5924.3435371790565
2024-05-19 02:15:00+00:00,5910.969813334136
2024-05-19 03:00:00+00:00,5912.464589587743
2024-05-19 06:30:00+00:00,5949.170391343963
2024-05-19 06:45:00+00:00,5985.376028996365
2024-05-19 07:30:00+00:00,5971.475960069188
2024-05-19 08:15:00+00:00,6008.724930300126
2024-05-19 10:30:00+00:00,6010.475449366346
2024-05-19 11:45:00+00:00,6012.952817069846
2024-05-19 12:30:00+00:00,6014.749676302319
2024-05-19 13:30:00+00:00,6001.69491507287
2024-05-19 15:00:00+00:00,6037.749690189892
2024-05-19 16:45:00+00:00,6074.3776395150235
2024-05-19 18:15:00+00:00,6076.114874742832
2024-05-19 19:15:00+00:00,6062.757462156332
2024-05-19 20:30:00+00:00,6051.212203598007
2024-05-19 22:00:00+00:00,6052.8061460720955
2024-05-20 00:30:00+00:00,6041.218914539482
2024-05-20 01:45:00+00:00,6042.389699581537
2024-05-20 02:15:00+00:00,6030.914164129481
2024-05-20 03:30:00+00:00,6017.323825787725
2024-05-20 04:15:00+00:00,6004.096471434256
2024-05-20 04:30:00+00:00,5977.804438891187
2024-05-20 06:30:00+00:00,6014.0742838490805
2024-05-20 06:45:00+00:00,6050.799361605084
2024-05-20 07:00:00+00:00,6037.357317269122
2024-05-20 07:30:00+00:00,6024.41766236527
2024-05-20 07:45:00+00:00,6011.3156463599935
2024-05-20 08:00:00+00:00,5998.233752194073
2024-05-20 09:00:00+00:00,5985.089978580398
2024-05-20 13:45:00+00:00,5971.79860497224
2024-05-21 01:00:00+00:00,5973.668239098491
2024-05-21 07:00:00+00:00,6010.665495660587
2024-05-21 08:30:00+00:00,5997.669579436653
2024-05-21 12:30:00+00:00,5984.742042390404
2024-05-21 13:00:00+00:00,5971.883291719208
2024-05-21 15:30:00+00:00,5958.847541450676
2024-05-21 19:30:00+00:00,5956.220867088794
2024-05-22 02:45:00+00:00,5993.088108408661
2024-05-22 04:30:00+00:00,5979.7688521826485
2024-05-22 09:00:00+00:00,5981.523336486138
2024-05-22 11:45:00+00:00,5968.236893947723
2024-05-22 14:15:00+00:00,5954.717739001249
2024-05-22 15:00:00+00:00,5928.182382513684
2024-05-22 15:30:00+00:00,5915.133899255115
2024-05-22 20:00:00+00:00,5917.103735896129
2024-05-22 21:00:00+00:00,5953.799616141079
2024-05-22 21:30:00+00:00,5940.622849354534
2024-05-23 00:15:00+00:00,5927.52237260859
2024-05-23 03:45:00+00:00,5926.9313189716595
2024-05-23 04:15:00+00:00,5921.971206727024
2024-05-23 07:30:00+00:00,5908.1024162525355
2024-05-23 11:30:00+00:00,5894.166870752265
2024-05-23 12:00:00+00:00,5896.034472568441
2024-05-23 12:45:00+00:00,5932.196005369096
2024-05-23 13:45:00+00:00,5968.718165522997
2024-05-23 15:00:00+00:00,6044.714371501994
2024-05-23 20:00:00+00:00,6118.762820297854
2024-05-23 21:00:00+00:00,6105.725509074706
2024-05-23 21:30:00+00:00,6082.361314327594
2024-05-24 03:45:00+00:00,6060.30820736638
2024-05-24 05:15:00+00:00,6047.258877009319
2024-05-24 06:15:00+00:00,6034.305420317919
2024-05-24 06:45:00+00:00,6070.766859617923
2024-05-24 07:00:00+00:00,6108.029987400853
2024-05-24 08:30:00+00:00,6109.656546327652
2024-05-24 11:45:00+00:00,6111.754457611972
2024-05-24 12:45:00+00:00,6098.427379992901
2024-05-24 13:45:00+00:00,6100.279113126072
2024-05-24 14:00:00+00:00,6101.615714877855
2024-05-24 14:15:00+00:00,6103.636199652461
2024-05-24 15:00:00+00:00,6090.2627925019415
2024-05-24 16:00:00+00:00,6077.51297124804
2024-05-24 17:00:00+00:00,6064.195601895805
2024-05-24 17:15:00+00:00,6066.27145306328
2024-05-24 18:00:00+00:00,6053.33129543707
2024-05-25 02:00:00+00:00,6055.404384656928
2024-05-25 04:45:00+00:00,6042.3307795456485
2024-05-26 15:45:00+00:00,6029.158066259164
2024-05-26 19:30:00+00:00,6031.0826707316
2024-05-26 21:45:00+00:00,6032.879640280523
2024-05-28 00:15:00+00:00,6019.843555218823
2024-05-28 05:30:00+00:00,6006.402375344571
2024-05-29 00:30:00+00:00,6008.133538455319
2024-05-29 13:00:00+00:00,5994.258623357021
2024-05-29 16:30:00+00:00,5995.938195817593
2024-05-29 17:15:00+00:00,5982.824496604299
2024-05-29 21:45:00+00:00,5969.700309314697
2024-05-29 22:15:00+00:00,5971.03919233411
2024-05-30 02:15:00+00:00,5970.01399986169
2024-05-30 05:00:00+00:00,5956.2205964372815
2024-05-30 06:15:00+00:00,5992.935835167268
2024-05-30 07:15:00+00:00,6028.2361983714445
2024-05-30 08:00:00+00:00,6065.207477837404
2024-05-30 08:15:00+00:00,6066.906326189877
2024-05-30 10:45:00+00:00,6053.9846128265835
2024-05-30 11:00:00+00:00,6040.777335564921
2024-05-30 13:15:00+00:00,6027.473343138699
2024-05-30 17:30:00+00:00,6014.277842354237
2024-05-30 20:00:00+00:00,6051.013029704745
2024-05-31 02:30:00+00:00,6046.467742881865
2024-05-31 06:15:00+00:00,6048.3058672795705
2024-05-31 10:00:00+00:00,6048.842463799956
2024-05-31 12:30:00+00:00,6052.7497850878135
2024-05-31 15:30:00+00:00,6062.878498350641
2024-05-31 17:00:00+00:00,6101.16907735979
2024-05-31 17:30:00+00:00,6088.131449203526
2024-05-31 17:45:00+00:00,6090.097757699399
2024-05-31 18:15:00+00:00,6077.007399634162
2024-05-31 19:00:00+00:00,6063.932417703886
2024-05-31 19:30:00+00:00,6050.63626797623
2024-05-31 19:45:00+00:00,6037.636678133953
2024-05-31 23:45:00+00:00,6039.206221090815
2024-06-01 00:00:00+00:00,6040.817048611208
2024-06-01 05:30:00+00:00,6027.3134114507775
2024-06-02 12:00:00+00:00,6063.859733079978
2024-06-02 12:45:00+00:00,6050.564213998745
2024-06-02 15:15:00+00:00,6052.313581246252
2024-06-02 16:15:00+00:00,6039.016301511594
2024-06-03 03:00:00+00:00,6040.842864854261
2024-06-03 04:45:00+00:00,6077.166043846101
2024-06-03 06:15:00+00:00,6113.570515766256
2024-06-03 06:45:00+00:00,6100.475778230184
2024-06-03 08:30:00+00:00,6087.2493206744575
2024-06-03 14:30:00+00:00,6064.334915062802
2024-06-03 15:15:00+00:00,6051.185613013522
2024-06-03 16:30:00+00:00,6052.913088658828
2024-06-03 18:45:00+00:00,6039.768821749197
2024-06-03 21:15:00+00:00,6033.33783704418
2024-06-03 22:45:00+00:00,6028.275969459685
2024-06-03 23:30:00+00:00,6015.025169499016
2024-06-04 00:30:00+00:00,6016.287393699902
2024-06-04 01:30:00+00:00,6002.763874200457
2024-06-04 07:00:00+00:00,6004.19488432226
2024-06-04 08:00:00+00:00,6006.021930634877
2024-06-04 08:45:00+00:00,5992.331923858067
2024-06-04 09:45:00+00:00,5993.9188825326355
2024-06-04 10:30:00+00:00,5993.654630278372
2024-06-04 11:45:00+00:00,5995.204227142723
2024-06-04 13:15:00+00:00,5981.37497189698
2024-06-04 14:00:00+00:00,6018.351089810348
2024-06-04 14:30:00+00:00,6004.863897535141
2024-06-04 16:15:00+00:00,6041.471522349495
2024-06-04 17:15:00+00:00,6028.186177285437
2024-06-04 17:45:00+00:00,6066.8547258696835
2024-06-04 19:00:00+00:00,6068.556529038587
2024-06-05 00:15:00+00:00,6092.234332914777
2024-06-05 00:30:00+00:00,6128.96391012163
2024-06-05 01:00:00+00:00,6130.932509968412
2024-06-05 01:45:00+00:00,6117.582880276195
2024-06-05 08:45:00+00:00,6119.716639893501
2024-06-05 11:30:00+00:00,6121.403459833061
2024-06-05 14:00:00+00:00,6123.044018366725
2024-06-05 15:15:00+00:00,6111.47679470654
2024-06-05 16:15:00+00:00,6098.2927798469655
2024-06-05 18:15:00+00:00,6084.945207796184
2024-06-05 18:45:00+00:00,6086.7783907539515
2024-06-06 05:00:00+00:00,6088.623710700235
2024-06-06 07:00:00+00:00,6090.329176498983
2024-06-06 08:45:00+00:00,6092.1383384607925
2024-06-06 09:30:00+00:00,6093.659314013868
2024-06-06 11:30:00+00:00,6095.208494974312
2024-06-06 13:00:00+00:00,6096.6770872501065
2024-06-06 13:30:00+00:00,6083.41469787841
2024-06-06 14:45:00+00:00,6070.015739894009
2024-06-06 15:15:00+00:00,6056.801275459872
2024-06-06 19:30:00+00:00,6093.397627320708
2024-06-06 20:00:00+00:00,6129.52787381138
2024-06-06 20:15:00+00:00,6131.298214416399
2024-06-07 03:00:00+00:00,6133.908255654618
2024-06-07 03:15:00+00:00,6120.371638817441
2024-06-07 14:30:00+00:00,6107.3253817689365
2024-06-07 14:45:00+00:00,6094.092439499452
2024-06-07 18:00:00+00:00,6130.66720746426
2024-06-07 19:15:00+00:00,6228.282618635748
2024-06-08 00:45:00+00:00,6215.387684435333
2024-06-08 07:15:00+00:00,6201.889756116776
2024-06-10 03:15:00+00:00,6202.654157290006
2024-06-10 05:15:00+00:00,6238.6339241107
2024-06-10 06:30:00+00:00,6275.074363267091
2024-06-10 12:00:00+00:00,6311.858557718656
2024-06-10 13:30:00+00:00,6298.809204053852
2024-06-10 15:15:00+00:00,6285.708455746877
2024-06-10 20:00:00+00:00,6322.557168596195
2024-06-11 02:30:00+00:00,6324.463356551639
2024-06-11 03:15:00+00:00,6311.386334551932
2024-06-11 06:45:00+00:00,6348.431052105764
2024-06-11 07:15:00+00:00,6350.295646397964
2024-06-11 13:45:00+00:00,6386.94477363426
2024-06-11 15:30:00+00:00,6534.969596938213
2024-06-11 16:15:00+00:00,6522.026615318685
2024-06-11 18:15:00+00:00,6523.75848061743
2024-06-11 18:30:00+00:00,6525.871772041701
2024-06-11 22:00:00+00:00,6513.031090406444
2024-06-12 01:00:00+00:00,6511.827440376837
2024-06-12 01:45:00+00:00,6498.789515680946
2024-06-12 03:30:00+00:00,6500.812694548566
2024-06-12 04:00:00+00:00,6487.832812382704
2024-06-12 14:15:00+00:00,6524.768505331886
2024-06-12 18:00:00+00:00,6511.8648800889205
2024-06-12 18:30:00+00:00,6485.807654259162
2024-06-12 18:45:00+00:00,6472.975464719012
2024-06-12 19:15:00+00:00,6475.083286341905
2024-06-12 19:45:00+00:00,6462.267359479951
2024-06-13 01:45:00+00:00,6449.451638490493
2024-06-13 12:30:00+00:00,6451.341533341237
2024-06-13 13:30:00+00:00,6438.3382859052235
2024-06-13 17:00:00+00:00,6425.139935333827
2024-06-13 17:45:00+00:00,6427.202952286325
2024-06-13 18:45:00+00:00,6414.144517012042
2024-06-13 22:30:00+00:00,6416.173021045343
2024-06-14 01:00:00+00:00,6452.833474624659
2024-06-14 01:30:00+00:00,6454.053872394367
2024-06-14 01:45:00+00:00,6455.946731042678
2024-06-14 02:30:00+00:00,6442.6396485642645
2024-06-14 05:30:00+00:00,6429.643531177675
2024-06-14 07:45:00+00:00,6416.628373873908
2024-06-14 09:15:00+00:00,6416.665374668694
2024-06-14 12:15:00+00:00,6416.9541466481605
2024-06-14 14:15:00+00:00,6453.793692388219
2024-06-14 19:15:00+00:00,6455.7278568690945
2024-06-14 21:15:00+00:00,6442.629300586112
2024-06-14 21:30:00+00:00,6444.721486428976
2024-06-15 15:00:00+00:00,6480.937853544905
2024-06-15 17:00:00+00:00,6467.595078141161
2024-06-15 20:00:00+00:00,6454.121292089527
2024-06-16 03:15:00+00:00,6490.4092049359715
2024-06-16 03:30:00+00:00,6491.790227104712
2024-06-16 04:30:00+00:00,6493.085867945312
2024-06-16 05:15:00+00:00,6479.51055130238
2024-06-16 06:45:00+00:00,6466.006545111552
2024-06-16 08:00:00+00:00,6467.008344737968
2024-06-16 09:15:00+00:00,6468.4396909249745
2024-06-17 07:15:00+00:00,6470.279698885734
2024-06-17 09:15:00+00:00,6459.005673615814
2024-06-17 09:45:00+00:00,6446.07977802416
2024-06-17 11:45:00+00:00,6433.095094095919
2024-06-17 13:15:00+00:00,6419.730084768608
2024-06-17 14:00:00+00:00,6421.719141123851
2024-06-17 14:30:00+00:00,6458.825837797204
2024-06-17 16:15:00+00:00,6445.9885084135685
2024-06-17 16:30:00+00:00,6448.08979254321
2024-06-17 23:00:00+00:00,6444.723615004916
2024-06-18 01:15:00+00:00,6431.750511918788
2024-06-18 04:15:00+00:00,6418.84913736551
2024-06-18 09:00:00+00:00,6420.947313966704
2024-06-18 09:30:00+00:00,6421.516304447365
2024-06-18 10:00:00+00:00,6408.633690988823
2024-06-18 11:00:00+00:00,6382.77930628171
2024-06-18 11:15:00+00:00,6369.768578474657
2024-06-18 13:30:00+00:00,6356.808551059092
2024-06-18 14:00:00+00:00,6393.856555034243
2024-06-18 16:15:00+00:00,6395.908007628985
2024-06-18 20:45:00+00:00,6383.062985675273
2024-06-19 01:00:00+00:00,6420.242749355138
2024-06-19 01:30:00+00:00,6407.297976338474
2024-06-19 08:00:00+00:00,6394.2713201560555
2024-06-19 09:30:00+00:00,6381.158739764094
2024-06-19 11:00:00+00:00,6382.994359667781
2024-06-19 11:15:00+00:00,6385.030660170527
2024-06-19 23:30:00+00:00,6387.107996399186
2024-06-20 01:00:00+00:00,6372.962581748203
2024-06-20 01:30:00+00:00,6409.872978845037
2024-06-20 02:30:00+00:00,6410.87326739306
2024-06-20 05:30:00+00:00,6397.022655448134
2024-06-20 11:00:00+00:00,6434.022264342971
2024-06-20 18:15:00+00:00,6421.170563367388
2024-06-20 23:15:00+00:00,6417.400804125038
2024-06-21 01:30:00+00:00,6418.712822408678
2024-06-21 06:00:00+00:00,6406.210595165917
2024-06-21 08:45:00+00:00,6442.22019708371
2024-06-21 09:30:00+00:00,6465.285865700504
2024-06-21 10:00:00+00:00,6453.862462582973
2024-06-21 14:00:00+00:00,6455.837911819961
2024-06-21 14:15:00+00:00,6457.39181819573
2024-06-21 14:30:00+00:00,6459.055245151939
2024-06-21 18:30:00+00:00,6460.761927984335
2024-06-21 18:45:00+00:00,6462.856684030941
2024-06-22 01:15:00+00:00,6462.8716611076625
2024-06-22 15:00:00+00:00,6449.73863306522
2024-06-23 13:15:00+00:00,6486.427710440115
2024-06-23 15:45:00+00:00,6523.351240304146
2024-06-23 18:00:00+00:00,6510.386019157689
2024-06-24 03:15:00+00:00,6511.9568414135965
2024-06-24 06:30:00+00:00,6513.8603640208885
2024-06-24 08:30:00+00:00,6500.286346511172
2024-06-24 09:30:00+00:00,6523.859753348763
2024-06-24 17:45:00+00:00,6525.948728777334
2024-06-24 18:15:00+00:00,6562.894621351974
2024-06-24 20:30:00+00:00,6599.899123245726
2024-06-24 20:45:00+00:00,6601.973624091191
2024-06-24 22:30:00+00:00,6589.046227607899
2024-06-24 23:15:00+00:00,6576.1776536048665
2024-06-25 00:45:00+00:00,6563.094246337961
2024-06-25 02:00:00+00:00,6550.100785911598
2024-06-25 03:00:00+00:00,6536.8607108582555
2024-06-25 08:00:00+00:00,6510.938722972131
2024-06-25 09:45:00+00:00,6512.693497261821
2024-06-25 11:30:00+00:00,6551.616779544018
2024-06-25 14:15:00+00:00,6553.333242306637
2024-06-25 16:15:00+00:00,6540.189716092557
2024-06-25 16:45:00+00:00,6542.184716532567
2024-06-25 18:45:00+00:00,6528.704602164937
2024-06-25 22:45:00+00:00,6515.728129916588
2024-06-25 23:00:00+00:00,6504.586726146717
2024-06-26 01:45:00+00:00,6506.0171991701945
2024-06-26 15:45:00+00:00,6507.7965458116305
2024-06-26 19:30:00+00:00,6509.61600594352
2024-06-27 05:15:00+00:00,6546.484035754496
2024-06-27 06:00:00+00:00,6548.108959690299
2024-06-27 09:15:00+00:00,6534.766086994794
2024-06-27 14:15:00+00:00,6571.7237131493575
2024-06-27 15:15:00+00:00,6573.907294085893
2024-06-27 21:00:00+00:00,6564.327834305206
2024-06-27 22:45:00+00:00,6562.888111716018
2024-06-28 00:45:00+00:00,6565.090328311801
2024-06-28 01:30:00+00:00,6601.301261182299
2024-06-28 02:00:00+00:00,6603.216231752208
2024-06-28 02:15:00+00:00,6576.413477965413
2024-06-28 04:15:00+00:00,6563.448291163065
2024-06-28 07:15:00+00:00,6536.737053709914
2024-06-28 11:00:00+00:00,6573.422324761501
2024-06-28 11:45:00+00:00,6560.115288240763
2024-06-28 12:45:00+00:00,6546.836719171223
2024-06-28 13:15:00+00:00,6548.770840674406
2024-06-28 13:45:00+00:00,6535.865318352725
2024-06-28 14:30:00+00:00,6522.398320644287
2024-06-28 16:15:00+00:00,6526.208927408222
2024-06-28 18:15:00+00:00,6513.3688541838965
2024-06-28 21:00:00+00:00,6500.413502106385
2024-06-29 01:00:00+00:00,6486.535992945012
2024-06-29 19:00:00+00:00,6473.0612982043685
2024-06-29 20:15:00+00:00,6459.64450079951
2024-06-30 00:30:00+00:00,6461.277143219474
2024-06-30 02:30:00+00:00,6462.910890552808
2024-06-30 07:00:00+00:00,6449.62982596139
2024-06-30 12:30:00+00:00,6435.842021707721
2024-06-30 21:45:00+00:00,6421.660214185232
2024-06-30 22:15:00+00:00,6457.236818886804
2024-07-01 00:00:00+00:00,6443.323577457412
2024-07-01 01:00:00+00:00,6479.69942440487
2024-07-01 02:00:00+00:00,6538.87421608744
2024-07-01 06:30:00+00:00,6525.276194195623
2024-07-01 07:45:00+00:00,6518.723258573003
2024-07-01 08:30:00+00:00,6493.062997440732
2024-07-01 10:15:00+00:00,6479.06757777493
2024-07-01 11:15:00+00:00,6465.151140639679
2024-07-01 11:30:00+00:00,6451.245298868946
2024-07-01 13:15:00+00:00,6439.023193599013
2024-07-01 13:30:00+00:00,6440.928998521824
2024-07-01 13:45:00+00:00,6441.9453810429
2024-07-01 18:00:00+00:00,6478.335109329879
2024-07-01 19:30:00+00:00,6464.894584267547
2024-07-01 21:45:00+00:00,6453.788160848077
2024-07-01 22:00:00+00:00,6449.194469138924
2024-07-01 22:15:00+00:00,6435.742755633714
2024-07-02 01:30:00+00:00,6422.561687579985
2024-07-02 05:30:00+00:00,6409.376253585097
2024-07-02 06:00:00+00:00,6410.709454022857
2024-07-02 08:00:00+00:00,6396.690827592397
2024-07-02 10:15:00+00:00,6432.95647300142
2024-07-02 13:30:00+00:00,6469.642044378073
2024-07-02 14:30:00+00:00,6456.295257858894
2024-07-02 16:00:00+00:00,6442.942878963075
2024-07-02 17:30:00+00:00,6429.7609757024775
2024-07-03 00:45:00+00:00,6416.655468660352
2024-07-03 01:45:00+00:00,6402.502836594566
2024-07-03 03:00:00+00:00,6388.6412391336635
2024-07-03 03:30:00+00:00,6375.6534868215995
2024-07-03 06:30:00+00:00,6377.222939368536
2024-07-03 10:00:00+00:00,6413.508363021343
2024-07-03 10:15:00+00:00,6449.911933108474
2024-07-03 10:30:00+00:00,6486.95433938519
2024-07-03 10:45:00+00:00,6481.150156279472
2024-07-03 13:15:00+00:00,6480.268747184062
2024-07-03 13:30:00+00:00,6482.233709515285
2024-07-03 13:45:00+00:00,6483.892084150058
2024-07-03 16:15:00+00:00,6485.605674247137
2024-07-03 21:45:00+00:00,6487.342556376429
2024-07-03 22:00:00+00:00,6490.9318136441325
2024-07-04 01:30:00+00:00,6527.561597982342
2024-07-04 02:15:00+00:00,6602.157523667196
2024-07-04 02:30:00+00:00,6604.278757052951
2024-07-04 05:15:00+00:00,6591.456447402514
2024-07-04 08:45:00+00:00,6593.67193627452
2024-07-04 09:15:00+00:00,6630.67427570636
2024-07-04 12:15:00+00:00,6667.690897623735
2024-07-04 13:00:00+00:00,6704.765946261477
2024-07-04 13:45:00+00:00,6706.9046138388185
2024-07-04 15:30:00+00:00,6668.239847840966
2024-07-04 15:45:00+00:00,6655.3329661727275
2024-07-04 19:30:00+00:00,6657.349459312229
2024-07-04 21:15:00+00:00,6659.431512648488
2024-07-04 23:00:00+00:00,6696.566839330619
2024-07-04 23:30:00+00:00,6733.513744137807
2024-07-05 00:00:00+00:00,6770.511725906216
2024-07-05 00:30:00+00:00,6844.710655028549
2024-07-05 01:30:00+00:00,6881.863467193026
2024-07-05 02:45:00+00:00,6919.005032629499
2024-07-05 12:45:00+00:00,6906.213391176223
2024-07-05 16:15:00+00:00,6943.433728355298
2024-07-06 00:30:00+00:00,6980.637111682836
2024-07-06 01:45:00+00:00,6967.8255235471825
2024-07-06 15:30:00+00:00,7005.014573162339
2024-07-09 13:30:00+00:00,6991.859861440507
2024-07-11 16:15:00+00:00,6993.884110252042
2024-07-12 00:30:00+00:00,6995.916801869423
2024-07-12 01:30:00+00:00,6997.837268944749
2024-07-12 05:15:00+00:00,6984.774435048033
2024-07-12 07:15:00+00:00,6986.550231718061
2024-07-12 08:00:00+00:00,7023.35733964134
2024-07-12 08:15:00+00:00,7024.903141970121
2024-07-12 09:45:00+00:00,7026.912659520087
2024-07-12 11:15:00+00:00,7028.823127683694
2024-07-12 11:45:00+00:00,7015.745752029384
2024-07-12 12:15:00+00:00,7002.570010590174
2024-07-12 13:00:00+00:00,6991.224840733921
2024-07-12 13:30:00+00:00,6992.759078839892
2024-07-12 13:45:00+00:00,6979.640083470322
2024-07-12 15:15:00+00:00,6966.704039199976
2024-07-12 16:30:00+00:00,6940.61561048384
2024-07-12 19:15:00+00:00,6942.33122792105
2024-07-12 20:15:00+00:00,6928.990506560872
2024-07-12 22:00:00+00:00,6966.007898262851
2024-07-12 23:45:00+00:00,6952.855064679216
2024-07-13 02:45:00+00:00,6989.640940841626
2024-07-13 04:15:00+00:00,7026.447916895431
2024-07-13 05:30:00+00:00,7063.418272420803
2024-07-13 06:45:00+00:00,7100.39225185091
2024-07-13 08:30:00+00:00,7101.954161611424
2024-07-13 08:45:00+00:00,7103.778632462071
2024-07-13 10:30:00+00:00,7104.764021654657
2024-07-13 12:00:00+00:00,7090.953040857564
2024-07-13 14:00:00+00:00,7077.242873194705
2024-07-13 15:00:00+00:00,7114.333839600135
2024-07-13 15:30:00+00:00,7151.218233420885
2024-07-13 16:30:00+00:00,7153.30705047955
2024-07-13 17:30:00+00:00,7154.55584847621
2024-07-13 19:45:00+00:00,7191.696325595873
2024-07-13 20:45:00+00:00,7178.916003774859
2024-07-13 22:15:00+00:00,7152.26336967583
2024-07-13 23:30:00+00:00,7147.908823010266
2024-07-14 00:30:00+00:00,7149.613612972665
2024-07-14 02:15:00+00:00,7123.567647740976
2024-07-14 05:45:00+00:00,7110.518638309402
2024-07-14 12:00:00+00:00,7112.745497351704
2024-07-14 21:15:00+00:00,7149.429790242026
2024-07-15 00:00:00+00:00,7189.779121444703
2024-07-15 01:15:00+00:00,7176.7478833046
2024-07-15 02:15:00+00:00,7163.719601697523
2024-07-15 08:15:00+00:00,7200.633066311508
2024-07-15 08:45:00+00:00,7189.2786616005515
2024-07-15 09:00:00+00:00,7175.883818489545
2024-07-15 11:15:00+00:00,7162.537669299578
2024-07-15 12:15:00+00:00,7149.450450080329
2024-07-15 14:45:00+00:00,7136.342148680821
2024-07-15 15:15:00+00:00,7123.309603064445
2024-07-15 16:00:00+00:00,7125.158511832408
2024-07-15 16:30:00+00:00,7162.136225454762
2024-07-15 19:15:00+00:00,7136.077804569826
2024-07-15 20:15:00+00:00,7172.9177121165685
2024-07-15 22:30:00+00:00,7209.859419714488
2024-07-16 00:15:00+00:00,7211.582681925649
2024-07-16 00:30:00+00:00,7213.503536168015
2024-07-16 02:15:00+00:00,7200.27843042356
2024-07-16 05:15:00+00:00,7173.967089911342
2024-07-16 06:15:00+00:00,7175.9762372213645
2024-07-16 06:45:00+00:00,7162.7678438653875
2024-07-16 07:00:00+00:00,7164.834374653587
2024-07-16 10:00:00+00:00,7151.950021147222
2024-07-16 13:30:00+00:00,7139.027673820614
2024-07-17 00:15:00+00:00,7126.05183377077
2024-07-17 13:45:00+00:00,7113.059298602647
2024-07-18 00:45:00+00:00,7115.14718438213
2024-07-18 02:30:00+00:00,7116.978693495699
2024-07-18 06:15:00+00:00,7103.843585827012
2024-07-18 08:00:00+00:00,7105.651390407203
2024-07-18 12:00:00+00:00,7107.53535853414
2024-07-18 22:15:00+00:00,7109.514227240361
2024-07-19 03:15:00+00:00,7096.341103699869
2024-07-19 14:15:00+00:00,7132.847348453952
2024-07-19 15:30:00+00:00,7169.541665767701
2024-07-19 17:00:00+00:00,7171.536909735997
2024-07-20 22:30:00+00:00,7173.155509870371
2024-07-21 00:30:00+00:00,7159.985038486988
2024-07-21 00:45:00+00:00,7147.050765238366
2024-07-21 02:45:00+00:00,7133.798379624527
2024-07-21 05:00:00+00:00,7135.651837004615
2024-07-21 13:15:00+00:00,7137.576414314647
2024-07-21 14:30:00+00:00,7174.561703484885
2024-07-21 15:15:00+00:00,7174.851031514518
2024-07-21 15:30:00+00:00,7178.910862955703
2024-07-21 17:45:00+00:00,7165.478677138723
2024-07-22 01:00:00+00:00,7169.616369585019
2024-07-22 02:00:00+00:00,7156.619496640516
2024-07-22 05:00:00+00:00,7143.598609993178
2024-07-22 08:45:00+00:00,7145.852960737913
2024-07-22 13:15:00+00:00,7132.889968497619
2024-07-22 15:00:00+00:00,7169.404721458632
2024-07-22 16:45:00+00:00,7156.051185806021
2024-07-22 18:00:00+00:00,7142.712121073881
2024-07-22 19:30:00+00:00,7129.278550777261
2024-07-22 22:00:00+00:00,7165.830215262923
2024-07-23 00:45:00+00:00,7152.571738596319
2024-07-23 08:15:00+00:00,7154.366583999792
2024-07-23 08:30:00+00:00,7143.382745951741
2024-07-23 13:30:00+00:00,7180.328914570952
2024-07-23 14:15:00+00:00,7154.298897580505
2024-07-23 16:45:00+00:00,7191.441120463395
2024-07-23 17:00:00+00:00,7265.4956860988705
2024-07-23 18:15:00+00:00,7252.591919384521
2024-07-23 18:30:00+00:00,7239.77523763661
2024-07-23 19:15:00+00:00,7226.862941388593
2024-07-24 01:30:00+00:00,7227.143677914439
2024-07-24 06:30:00+00:00,7228.91276393819
2024-07-24 08:00:00+00:00,7202.696608370793
2024-07-24 10:00:00+00:00,7189.319500067809
2024-07-24 18:15:00+00:00,7225.830571991915
2024-07-24 19:30:00+00:00,7212.576513541166
2024-07-24 21:00:00+00:00,7249.389305205486
2024-07-24 21:45:00+00:00,7250.818329418839
2024-07-25 01:00:00+00:00,7287.461990242143
2024-07-25 01:15:00+00:00,7361.399633225013
2024-07-25 05:15:00+00:00,7363.232005191851
2024-07-25 07:30:00+00:00,7365.135209604239
2024-07-25 09:00:00+00:00,7348.337019535221
2024-07-25 12:15:00+00:00,7347.29170921818
2024-07-25 13:15:00+00:00,7333.736795362713
2024-07-25 14:00:00+00:00,7370.375975808175
2024-07-25 14:15:00+00:00,7371.895406839216
2024-07-25 14:30:00+00:00,7358.96187397827
2024-07-25 16:15:00+00:00,7345.808157232167
2024-07-25 19:15:00+00:00,7347.623437383556
2024-07-25 20:45:00+00:00,7334.430361038439
2024-07-25 21:00:00+00:00,7295.546654676533
2024-07-25 21:15:00+00:00,7282.556365732295
2024-07-26 00:00:00+00:00,7269.713500035717
2024-07-26 01:00:00+00:00,7243.622231989567
2024-07-26 02:15:00+00:00,7230.493295959488
2024-07-26 12:45:00+00:00,7217.393416845869
2024-07-26 14:30:00+00:00,7219.128283789408
2024-07-26 16:15:00+00:00,7206.073402871082
2024-07-26 21:15:00+00:00,7193.009567976386
2024-07-26 21:45:00+00:00,7191.595691464117
2024-07-27 01:45:00+00:00,7193.50175612233
2024-07-27 10:30:00+00:00,7180.261800825369
2024-07-29 16:45:00+00:00,7182.133698517656
2024-07-30 00:30:00+00:00,7180.471649348486
2024-07-30 01:15:00+00:00,7182.412691023333
2024-07-30 03:00:00+00:00,7184.279451765806
2024-07-30 07:15:00+00:00,7171.073958340555
2024-07-30 10:45:00+00:00,7173.16224124236
2024-07-30 11:30:00+00:00,7159.875014007764
2024-07-30 13:15:00+00:00,7161.363003193604
2024-07-30 13:45:00+00:00,7148.54693738651
2024-07-30 15:15:00+00:00,7150.209778813554
2024-07-30 20:00:00+00:00,7187.085448804463
2024-07-30 20:30:00+00:00,7225.5815833215765
2024-07-30 21:45:00+00:00,7212.549133157853
2024-07-31 00:45:00+00:00,7199.543774587984
2024-07-31 04:30:00+00:00,7201.649824633971
2024-07-31 06:00:00+00:00,7203.628212080821
2024-07-31 12:45:00+00:00,7198.723404612369
2024-07-31 13:30:00+00:00,7200.841004496325
2024-07-31 15:15:00+00:00,7202.505388537777
2024-07-31 16:30:00+00:00,7189.485229044543
2024-07-31 17:45:00+00:00,7176.322419497308
2024-07-31 18:30:00+00:00,7163.197772012499
2024-07-31 20:15:00+00:00,7200.116890101825
2024-08-01 11:45:00+00:00,7192.446796661763
2024-08-01 12:15:00+00:00,7194.359643213314
2024-08-01 13:45:00+00:00,7195.544672644669
2024-08-01 14:45:00+00:00,7232.700896523707
2024-08-01 17:45:00+00:00,7234.5135361162465
2024-08-01 19:30:00+00:00,7236.298969601436
2024-08-01 20:30:00+00:00,7223.232230687111
2024-08-01 20:45:00+00:00,7212.206185592441
2024-08-01 21:45:00+00:00,7199.36173274135
2024-08-01 22:00:00+00:00,7186.2866635033
2024-08-02 06:15:00+00:00,7210.316512391438
2024-08-02 09:00:00+00:00,7197.437900621623
2024-08-02 13:30:00+00:00,7184.447346257986
2024-08-02 15:00:00+00:00,7221.561367428925
2024-08-02 15:30:00+00:00,7223.650838535901
2024-08-02 15:45:00+00:00,7225.884072623108
2024-08-02 21:45:00+00:00,7223.585764453468
2024-08-03 01:00:00+00:00,7297.724172046429
2024-08-03 03:30:00+00:00,7284.814972632569
2024-08-03 06:15:00+00:00,7271.918097357385
2024-08-03 11:45:00+00:00,7258.663777721349
2024-08-03 15:45:00+00:00,7297.8274086598485
2024-08-03 18:30:00+00:00,7334.981974060383
2024-08-04 00:15:00+00:00,7336.780613887248
2024-08-04 19:00:00+00:00,7323.970295643036
2024-08-05 00:45:00+00:00,7361.180162927558
2024-08-05 02:00:00+00:00,7348.538427074878
2024-08-05 06:15:00+00:00,7335.913681265234
2024-08-05 11:15:00+00:00,7375.681904634874
2024-08-05 15:30:00+00:00,7413.02565584874
2024-08-05 16:15:00+00:00,7450.367113081805
2024-08-05 18:45:00+00:00,7437.692864138371
2024-08-06 01:00:00+00:00,7474.988131939321
2024-08-06 08:30:00+00:00,7511.4731355942595
2024-08-06 12:45:00+00:00,7513.623161662245
2024-08-06 13:15:00+00:00,7500.750096588573
2024-08-06 14:15:00+00:00,7525.016939798701
2024-08-06 19:15:00+00:00,7586.652645812295
2024-08-06 20:15:00+00:00,7573.821817784827
2024-08-06 22:15:00+00:00,7575.989373590098
2024-08-07 11:00:00+00:00,7563.151314455091
2024-08-07 12:00:00+00:00,7565.301385497187
2024-08-07 13:30:00+00:00,7552.388832631377
2024-08-07 14:15:00+00:00,7539.515317171702
2024-08-07 14:30:00+00:00,7528.909316136486
2024-08-07 18:30:00+00:00,7531.094986115254
2024-08-07 20:45:00+00:00,7533.267574727029
2024-08-08 16:30:00+00:00,7535.4670045632765
2024-08-10 08:00:00+00:00,7534.563037188138
2024-08-10 09:45:00+00:00,7521.2577614465545
2024-08-10 15:00:00+00:00,7522.96578452853
2024-08-10 21:00:00+00:00,7524.707485515204
2024-08-11 03:00:00+00:00,7511.326269965002
2024-08-12 07:30:00+00:00,7498.241273111615
2024-08-12 11:00:00+00:00,7485.342864826437
2024-08-12 13:45:00+00:00,7522.311410244142
2024-08-12 14:30:00+00:00,7509.467038853028
2024-08-12 20:30:00+00:00,7496.558211441878
2024-08-12 23:15:00+00:00,7483.707660659821
2024-08-13 05:00:00+00:00,7472.8672945438875
2024-08-13 09:00:00+00:00,7509.836259729411
2024-08-13 09:30:00+00:00,7546.8964542967715
2024-08-13 12:00:00+00:00,7548.6473394495715
2024-08-13 12:30:00+00:00,7535.400280701651
2024-08-13 13:45:00+00:00,7522.215064283146
2024-08-13 14:45:00+00:00,7524.048931209563
2024-08-16 05:00:00+00:00,7518.753919752506
2024-08-16 07:15:00+00:00,7555.445118271452
2024-08-16 10:45:00+00:00,7592.371567974323
2024-08-16 11:45:00+00:00,7579.361961684784
2024-08-16 12:30:00+00:00,7566.419853023055
2024-08-16 13:45:00+00:00,7568.492694732995
2024-08-17 00:00:00+00:00,7555.488716642398
2024-08-17 08:30:00+00:00,7555.29318425739
2024-08-17 18:15:00+00:00,7556.830890053681
2024-08-17 19:30:00+00:00,7543.3915909635
2024-08-17 20:30:00+00:00,7529.907370538365
2024-08-18 02:00:00+00:00,7531.415495873341
2024-08-18 04:00:00+00:00,7518.019341421033
2024-08-18 10:30:00+00:00,7554.548925283673
2024-08-18 14:30:00+00:00,7556.157796962229
2024-08-18 18:00:00+00:00,7543.0438599716745
2024-08-18 18:45:00+00:00,7529.929682985169
2024-08-19 14:00:00+00:00,7516.82785338822
2024-08-19 16:30:00+00:00,7503.774321170706
2024-08-20 00:15:00+00:00,7490.613555978138
2024-08-20 08:15:00+00:00,7485.678744816869
2024-08-20 14:00:00+00:00,7472.4730726683865
2024-08-20 14:15:00+00:00,7509.276732227521
2024-08-20 15:00:00+00:00,7496.219650993355
2024-08-20 17:45:00+00:00,7483.150402676684
2024-08-20 18:00:00+00:00,7485.063714310324
2024-08-20 18:15:00+00:00,7471.941532728388
2024-08-20 19:45:00+00:00,7458.780158176851
2024-08-20 22:00:00+00:00,7460.558923064338
2024-08-21 02:00:00+00:00,7447.262332901506
2024-08-21 03:15:00+00:00,7449.033026601241
2024-08-21 05:15:00+00:00,7436.001899726526
2024-08-21 06:00:00+00:00,7437.855892824976
2024-08-21 06:15:00+00:00,7424.640804355305
2024-08-21 09:00:00+00:00,7426.618806204784
2024-08-21 12:15:00+00:00,7463.247960530042
2024-08-21 13:45:00+00:00,7464.924118627444
2024-08-21 14:00:00+00:00,7451.826840048585
2024-08-21 14:15:00+00:00,7453.83082750363
2024-08-21 14:30:00+00:00,7440.829241223658
2024-08-21 14:45:00+00:00,7427.937257454879
2024-08-21 15:45:00+00:00,7429.927544260143
2024-08-21 17:15:00+00:00,7416.937386940322
2024-08-21 18:30:00+00:00,7403.882789851687
2024-08-21 18:45:00+00:00,7390.904144913522
2024-08-21 20:00:00+00:00,7377.861495377881
2024-08-21 20:45:00+00:00,7379.754733381569
2024-08-22 02:45:00+00:00,7376.533345965087
2024-08-22 03:00:00+00:00,7372.694383301527
2024-08-22 09:30:00+00:00,7370.580061446431
2024-08-22 13:00:00+00:00,7407.703951696852
2024-08-22 13:30:00+00:00,7394.838439074295
2024-08-22 13:45:00+00:00,7396.661707838453
2024-08-22 15:45:00+00:00,7398.571899511708
2024-08-22 17:00:00+00:00,7400.580303380453
2024-08-23 01:15:00+00:00,7387.311566031245
2024-08-23 06:30:00+00:00,7389.020474569604
2024-08-23 09:00:00+00:00,7390.598273097829
2024-08-23 11:00:00+00:00,7377.4006771400345
2024-08-24 05:00:00+00:00,7379.44102988323
2024-08-24 09:45:00+00:00,7416.419599928746
2024-08-24 12:45:00+00:00,7418.230850765149
2024-08-24 16:15:00+00:00,7455.0327071026695
2024-08-24 21:00:00+00:00,7441.967597018206
2024-08-24 21:45:00+00:00,7428.893357010309
2024-08-25 01:30:00+00:00,7430.8928843829035
2024-08-25 07:00:00+00:00,7417.867434489352
2024-08-25 14:15:00+00:00,7454.70839243179
2024-08-27 00:15:00+00:00,7452.289374749174
2024-08-27 22:15:00+00:00,7439.468218258603
2024-08-27 23:30:00+00:00,7441.566591137281
2024-08-28 04:15:00+00:00,7428.735551492766
2024-08-28 08:30:00+00:00,7418.006597551128
2024-08-28 09:15:00+00:00,7407.204333245445
2024-08-28 09:30:00+00:00,7394.1037831068315
2024-08-28 09:45:00+00:00,7381.142348106785
2024-08-28 14:45:00+00:00,7418.112200926998
2024-08-28 15:15:00+00:00,7455.215349019806
2024-08-28 16:45:00+00:00,7457.341475424415
2024-08-28 18:45:00+00:00,7459.395303395236
2024-08-28 19:00:00+00:00,7433.720821907882
2024-08-29 00:15:00+00:00,7435.871211980129
2024-08-29 07:00:00+00:00,7429.138787087846
2024-08-29 10:45:00+00:00,7415.933952443301
2024-08-29 11:45:00+00:00,7402.690941983597
2024-08-29 12:00:00+00:00,7400.987564162816
2024-08-29 13:00:00+00:00,7403.151494057802
2024-08-29 16:15:00+00:00,7404.969682626768
2024-08-30 00:30:00+00:00,7391.98782975641
2024-08-30 04:15:00+00:00,7393.220103262908
2024-08-30 13:45:00+00:00,7393.510098489416
2024-08-30 18:15:00+00:00,7380.672194789103
2024-08-31 00:30:00+00:00,7367.813851953375
2024-09-01 15:45:00+00:00,7354.724504590104
2024-09-01 18:15:00+00:00,7356.65656452971
2024-09-02 01:15:00+00:00,7358.652385078145
2024-09-02 11:15:00+00:00,7345.640197365896
2024-09-02 14:30:00+00:00,7347.6020635337045
2024-09-02 20:45:00+00:00,7334.531150874461
2024-09-03 17:15:00+00:00,7336.398972848497
2024-09-03 19:00:00+00:00,7325.259645982438
2024-09-03 19:45:00+00:00,7312.158082752471
2024-09-04 00:45:00+00:00,7349.088539641072
2024-09-04 01:00:00+00:00,7422.977943089564
2024-09-04 01:30:00+00:00,7410.069847829264
2024-09-04 01:45:00+00:00,7384.274411170667
2024-09-04 03:15:00+00:00,7358.4737485003325
2024-09-04 07:00:00+00:00,7345.490672688612
2024-09-04 07:15:00+00:00,7332.556303997378
2024-09-04 10:15:00+00:00,7369.396080767672
2024-09-04 14:00:00+00:00,7356.3172647201
2024-09-04 14:30:00+00:00,7343.296535076155
2024-09-04 15:45:00+00:00,7345.3360750863
2024-09-04 22:30:00+00:00,7338.2371317929865
2024-09-05 00:45:00+00:00,7339.274963207745
2024-09-05 02:00:00+00:00,7325.944359731603
2024-09-05 03:00:00+00:00,7312.794058462991
2024-09-05 06:15:00+00:00,7314.673523571026
2024-09-05 14:00:00+00:00,7301.371758293467
2024-09-05 15:15:00+00:00,7324.82441354482
2024-09-05 15:45:00+00:00,7311.811472518294
2024-09-05 17:45:00+00:00,7298.825415577399
2024-09-05 21:30:00+00:00,7322.713545003669
2024-09-06 01:30:00+00:00,7309.509164464776
2024-09-06 07:15:00+00:00,7348.124032157844
2024-09-06 08:00:00+00:00,7349.767030107918
2024-09-06 10:00:00+00:00,7336.619115852451
2024-09-06 10:15:00+00:00,7323.393472638123
2024-09-06 12:30:00+00:00,7310.2524893472555
2024-09-06 14:00:00+00:00,7347.189164364083
2024-09-06 15:00:00+00:00,7334.245974263244
2024-09-06 17:30:00+00:00,7371.331806724925
2024-09-06 20:30:00+00:00,7408.378247259922
2024-09-06 20:45:00+00:00,7445.428305191359
2024-09-06 21:00:00+00:00,7482.57464605302
2024-09-06 21:30:00+00:00,7469.6737338051835
2024-09-07 00:45:00+00:00,7456.8288083443995
2024-09-07 03:00:00+00:00,7443.75305637935
2024-09-07 04:15:00+00:00,7441.58026459935
2024-09-07 05:00:00+00:00,7427.86709271267
2024-09-07 06:15:00+00:00,7388.606700411899
2024-09-07 06:45:00+00:00,7375.317753241954
2024-09-07 07:00:00+00:00,7361.695608336416
2024-09-07 07:15:00+00:00,7348.400256134757
2024-09-07 07:30:00+00:00,7335.250982292312
2024-09-07 08:30:00+00:00,7321.8796706427365
2024-09-07 12:30:00+00:00,7308.138869990213
2024-09-08 05:30:00+00:00,7294.954823352455
2024-09-08 13:00:00+00:00,7281.718656226125
2024-09-08 15:30:00+00:00,7268.527908622461
2024-09-08 17:15:00+00:00,7254.879733235397
2024-09-08 17:30:00+00:00,7256.8696138190835
2024-09-08 18:45:00+00:00,7243.263041440152
2024-09-08 21:45:00+00:00,7230.219474009474
2024-09-08 22:15:00+00:00,7216.482845645573
2024-09-09 04:00:00+00:00,7203.4597200504795
2024-09-09 10:30:00+00:00,7190.434149170557
2024-09-09 15:30:00+00:00,7192.422121973187
2024-09-09 16:00:00+00:00,7179.451680636329
2024-09-09 22:45:00+00:00,7181.1760697533455
2024-09-10 00:00:00+00:00,7167.852141752196
2024-09-10 01:15:00+00:00,7169.676584335551
2024-09-10 02:15:00+00:00,7171.7333084186
2024-09-10 08:15:00+00:00,7172.374787040169
2024-09-10 09:30:00+00:00,7174.133679515932
2024-09-10 10:30:00+00:00,7160.94281989776
2024-09-10 13:15:00+00:00,7162.7035801269885
2024-09-10 13:30:00+00:00,7164.5336262875435
2024-09-10 14:15:00+00:00,7166.330231120824
2024-09-11 12:30:00+00:00,7153.101702370009
2024-09-11 15:15:00+00:00,7139.824164778505
2024-09-11 15:30:00+00:00,7126.896417204484
2024-09-11 16:45:00+00:00,7113.976894737542
2024-09-12 00:00:00+00:00,7108.738602205236
2024-09-12 00:45:00+00:00,7110.792099586704
2024-09-12 01:30:00+00:00,7097.597396593652
2024-09-12 01:45:00+00:00,7134.22608190202
2024-09-12 02:00:00+00:00,7121.0849605150215
2024-09-12 02:15:00+00:00,7121.699010999373
2024-09-12 08:30:00+00:00,7122.3148231741325
2024-09-12 09:15:00+00:00,7124.29118462098
2024-09-12 12:30:00+00:00,7110.706062545703
2024-09-12 12:45:00+00:00,7096.57723668563
2024-09-12 13:45:00+00:00,7099.878695538155
2024-09-12 15:00:00+00:00,7086.584675486641
2024-09-12 15:30:00+00:00,7073.7556286255
2024-09-12 15:45:00+00:00,7060.624821713514
2024-09-13 01:00:00+00:00,7062.33681415195
2024-09-13 05:00:00+00:00,7060.680750838158
2024-09-13 06:45:00+00:00,7047.5698690720765
2024-09-13 09:30:00+00:00,7049.479506273348
2024-09-13 13:15:00+00:00,7051.252947914036
2024-09-13 14:30:00+00:00,7053.194752712556
2024-09-13 21:00:00+00:00,7090.179167914248
2024-09-13 23:00:00+00:00,7077.04535722645
2024-09-14 02:15:00+00:00,7113.893711717129
2024-09-14 05:45:00+00:00,7113.81510435359
2024-09-14 06:30:00+00:00,7115.162334572309
2024-09-14 08:15:00+00:00,7101.619871031744
2024-09-14 08:45:00+00:00,7140.001127633555
2024-09-14 09:30:00+00:00,7141.660459235135
2024-09-14 09:45:00+00:00,7114.574836694717
2024-09-14 11:00:00+00:00,7101.082772879749
2024-09-14 12:00:00+00:00,7102.829139421208
2024-09-14 18:00:00+00:00,7104.246759918174
2024-09-14 18:45:00+00:00,7103.570334232279
2024-09-14 23:30:00+00:00,7104.963596493087
2024-09-15 01:15:00+00:00,7106.811256780501
2024-09-15 03:00:00+00:00,7093.569488893811
2024-09-15 03:45:00+00:00,7094.92380272401
2024-09-15 04:15:00+00:00,7081.393943469181
2024-09-15 09:45:00+00:00,7077.656816659588
2024-09-15 14:30:00+00:00,7079.17932872009
2024-09-15 15:00:00+00:00,7115.715929149248
2024-09-15 16:15:00+00:00,7102.4226657599265
2024-09-15 16:45:00+00:00,7139.072915158013
2024-09-15 17:00:00+00:00,7125.810991835952
2024-09-15 18:45:00+00:00,7112.500518440259
2024-09-15 20:00:00+00:00,7099.295848241459
2024-09-15 22:00:00+00:00,7136.0469438180435
2024-09-15 23:00:00+00:00,7172.815432040953
2024-09-15 23:15:00+00:00,7174.5966210963015
2024-09-16 01:30:00+00:00,7211.543256440429
2024-09-16 07:45:00+00:00,7198.585481900839
2024-09-16 08:15:00+00:00,7185.394886579263
2024-09-16 10:45:00+00:00,7173.698135275288
2024-09-16 14:30:00+00:00,7210.470640271275
2024-09-16 17:45:00+00:00,7197.320155280037
2024-09-17 00:30:00+00:00,7193.008456551918
2024-09-17 02:30:00+00:00,7173.7848251785335
2024-09-17 05:45:00+00:00,7160.369280386011
2024-09-18 11:00:00+00:00,7147.070165775962
2024-09-18 13:00:00+00:00,7133.73768684306
2024-09-18 15:15:00+00:00,7170.422912109189
2024-09-18 16:00:00+00:00,7157.328378331899
2024-09-18 16:15:00+00:00,7159.112887068992
2024-09-18 17:30:00+00:00,7146.034834595231
2024-09-18 18:00:00+00:00,7134.847848550842
2024-09-18 18:30:00+00:00,7108.782456059291
2024-09-18 23:15:00+00:00,7095.855905913804
2024-09-19 16:15:00+00:00,7132.676160552481
2024-09-20 11:15:00+00:00,7134.7100403627455
2024-09-20 13:00:00+00:00,7121.735567832835
2024-09-20 14:00:00+00:00,7108.7726545096375
2024-09-21 00:15:00+00:00,7095.300852144648
2024-09-21 16:15:00+00:00,7096.700025761349
2024-09-22 16:30:00+00:00,7098.413615555117
2024-09-22 17:30:00+00:00,7071.901840759206
2024-09-22 19:45:00+00:00,7073.588944851165
2024-09-22 20:15:00+00:00,7075.349489205275
2024-09-22 22:00:00+00:00,7112.047904055911
2024-09-22 22:30:00+00:00,7113.826097433227
2024-09-23 00:45:00+00:00,7089.537938751903
2024-09-23 03:00:00+00:00,7065.492074355744
2024-09-23 05:30:00+00:00,7054.553787626603
2024-09-23 09:15:00+00:00,7041.453753774091
2024-09-23 12:15:00+00:00,7039.882405774537
2024-09-23 14:00:00+00:00,7026.724261122357
2024-09-24 12:45:00+00:00,7028.478628335951
2024-09-24 14:15:00+00:00,7065.2921086802135
2024-09-24 17:15:00+00:00,7052.269055987186
2024-09-24 20:00:00+00:00,7039.2178217091505
2024-09-25 06:30:00+00:00,7041.263360980009
2024-09-25 13:15:00+00:00,7039.674371807899
2024-09-25 15:30:00+00:00,7041.467789595766
2024-09-25 15:45:00+00:00,7043.3208978333905
2024-09-25 16:45:00+00:00,7045.268721003039
2024-09-25 17:15:00+00:00,7047.14265974591
2024-09-25 19:00:00+00:00,7033.609244347123
2024-09-25 19:15:00+00:00,7035.500821219791
2024-09-25 21:45:00+00:00,7022.358991001714
2024-09-25 23:00:00+00:00,7023.983025714097
2024-09-26 00:45:00+00:00,7060.336301252219
2024-09-26 01:00:00+00:00,7096.436977793581
2024-09-26 02:00:00+00:00,7082.866386834638
2024-09-26 03:30:00+00:00,7042.5132093582
2024-09-26 05:30:00+00:00,7029.233958935455
2024-09-26 06:15:00+00:00,7015.477056607462
2024-09-26 07:00:00+00:00,7017.142095551787
2024-09-26 09:00:00+00:00,7018.924302534769
2024-09-26 12:00:00+00:00,7014.136017590813
2024-09-26 13:30:00+00:00,7000.391903197284
2024-09-26 14:30:00+00:00,7002.29782559464
2024-09-26 16:00:00+00:00,7039.351888370244
2024-09-26 17:30:00+00:00,7041.4834667723
2024-09-26 20:15:00+00:00,7045.1915131188025
2024-09-26 20:45:00+00:00,7032.353063026803
2024-09-26 21:30:00+00:00,7034.079029038393
2024-09-27 04:45:00+00:00,7071.187359726263
2024-09-27 08:15:00+00:00,7057.610149538195
2024-09-27 12:30:00+00:00,7095.977400318802
2024-09-27 14:00:00+00:00,7132.613914103912
2024-09-27 14:15:00+00:00,7118.973491165969
2024-09-27 14:30:00+00:00,7156.097259509613
2024-09-27 16:15:00+00:00,7142.693601837807
2024-09-27 17:00:00+00:00,7129.852375164959
2024-09-27 23:45:00+00:00,7131.4913047646905
2024-09-28 02:00:00+00:00,7115.133456355614
2024-09-28 06:45:00+00:00,7116.108852165254
2024-09-28 07:30:00+00:00,7102.2623972884985
2024-09-28 12:00:00+00:00,7104.328563287397
2024-09-28 16:00:00+00:00,7106.429795886738
2024-09-28 21:00:00+00:00,7093.419370239422
2024-09-29 00:30:00+00:00,7080.244983636697
2024-09-29 06:15:00+00:00,7117.00414501125
2024-09-29 07:30:00+00:00,7118.911518468046
2024-09-29 07:45:00+00:00,7155.60529831007
2024-09-29 08:15:00+00:00,7142.584063634595
2024-09-29 11:15:00+00:00,7144.563058360419
2024-09-29 14:45:00+00:00,7181.428290343186
2024-09-29 20:00:00+00:00,7183.500692183245
2024-09-30 05:45:00+00:00,7170.355435834182
2024-09-30 10:00:00+00:00,7207.075073519545
2024-09-30 11:00:00+00:00,7193.661782760849
2024-09-30 12:45:00+00:00,7166.939012493617
2024-09-30 14:30:00+00:00,7168.545004646459
2024-09-30 18:15:00+00:00,7205.0386334373325
2024-09-30 20:15:00+00:00,7191.690447219513
2024-09-30 23:00:00+00:00,7230.6361277409915
2024-09-30 23:30:00+00:00,7267.284027224561
2024-09-30 23:45:00+00:00,7269.301784806091
2024-10-01 00:45:00+00:00,7255.968061750485
2024-10-01 01:00:00+00:00,7244.410414482388
2024-10-01 03:00:00+00:00,7231.37240556782
2024-10-01 04:00:00+00:00,7218.282160677358
2024-10-01 04:30:00+00:00,7204.901157216867
2024-10-01 06:15:00+00:00,7178.753130603938
2024-10-01 14:45:00+00:00,7215.357998845667
2024-10-01 15:00:00+00:00,7252.188726748109
2024-10-01 15:30:00+00:00,7276.430642422463
2024-10-01 17:15:00+00:00,7300.62445443827
2024-10-01 18:00:00+00:00,7339.613517984739
2024-10-01 18:15:00+00:00,7326.8490542168565
2024-10-01 18:30:00+00:00,7314.051760358132
2024-10-01 18:45:00+00:00,7301.269860357865
2024-10-02 02:45:00+00:00,7288.245337514527
2024-10-02 03:30:00+00:00,7288.782709375892
2024-10-02 04:15:00+00:00,7275.775077767462
2024-10-02 06:30:00+00:00,7277.650745048106
2024-10-02 09:15:00+00:00,7264.620839915408
2024-10-02 10:30:00+00:00,7251.536214311899
2024-10-02 10:45:00+00:00,7238.4636303102325
2024-10-02 11:30:00+00:00,7240.391695722131
2024-10-02 13:00:00+00:00,7227.384384010238
2024-10-02 13:30:00+00:00,7264.462004737372
2024-10-02 13:45:00+00:00,7251.542916654922
2024-10-02 16:00:00+00:00,7238.640861854812
2024-10-02 16:30:00+00:00,7240.705601692653
2024-10-02 18:30:00+00:00,7238.7574513669115
2024-10-02 19:45:00+00:00,7240.896605385485
2024-10-02 20:45:00+00:00,7228.005084916506
2024-10-02 22:15:00+00:00,7265.209800320182
2024-10-02 22:45:00+00:00,7252.477219532342
2024-10-03 01:15:00+00:00,7239.6414341607615
2024-10-03 07:30:00+00:00,7235.739528210223
2024-10-03 08:15:00+00:00,7272.732870745219
2024-10-03 08:45:00+00:00,7309.821937045152
2024-10-03 09:15:00+00:00,7311.833796097016
2024-10-03 10:45:00+00:00,7298.490085081666
2024-10-03 13:15:00+00:00,7300.599716923461
2024-10-03 13:30:00+00:00,7302.682486749696
2024-10-03 14:00:00+00:00,7291.888223698196
2024-10-03 15:45:00+00:00,7281.092137486995
2024-10-03 19:45:00+00:00,7268.299080724076
2024-10-03 21:15:00+00:00,7242.582923900049
2024-10-03 23:00:00+00:00,7229.649157831497
2024-10-04 01:15:00+00:00,7216.613359653549
2024-10-04 02:30:00+00:00,7206.906665514757
2024-10-04 09:15:00+00:00,7208.802043712854
2024-10-04 12:30:00+00:00,7210.697676725602
2024-10-04 13:00:00+00:00,7197.671783118042
2024-10-04 23:15:00+00:00,7184.327630188384
2024-10-05 02:45:00+00:00,7170.483039744221
2024-10-05 03:00:00+00:00,7158.707640876502
2024-10-05 06:45:00+00:00,7194.8537950584205
2024-10-05 13:45:00+00:00,7181.119758716851
2024-10-05 16:30:00+00:00,7217.4062268778325
2024-10-05 17:00:00+00:00,7218.3316502452035
2024-10-05 19:15:00+00:00,7219.354965261755
2024-10-05 20:45:00+00:00,7205.462118995565
2024-10-05 22:15:00+00:00,7207.038786342887
2024-10-06 01:15:00+00:00,7193.667720671001
2024-10-06 09:45:00+00:00,7195.185217508244
2024-10-06 11:30:00+00:00,7181.363503156221
2024-10-06 14:15:00+00:00,7167.608881238402
2024-10-06 14:45:00+00:00,7203.8247629095
2024-10-07 00:00:00+00:00,7198.779716165866
2024-10-07 00:15:00+00:00,7185.490068776792
2024-10-07 00:30:00+00:00,7172.254010896546
2024-10-07 01:30:00+00:00,7159.145350390164
2024-10-07 03:30:00+00:00,7160.828120538535
2024-10-07 04:00:00+00:00,7149.578367552276
2024-10-07 05:00:00+00:00,7136.258877071453
2024-10-07 07:30:00+00:00,7122.967934534077
2024-10-07 08:45:00+00:00,7109.8134151437025
2024-10-07 09:00:00+00:00,7095.965190330474
2024-10-07 09:15:00+00:00,7069.190522087846
2024-10-07 10:15:00+00:00,7042.241791750261
2024-10-07 11:00:00+00:00,7028.694562745393
2024-10-07 11:30:00+00:00,7052.057417407062
2024-10-07 13:45:00+00:00,7038.967282106288
2024-10-07 14:00:00+00:00,7075.455273192653
2024-10-07 14:15:00+00:00,7049.265178532618
2024-10-07 15:00:00+00:00,7035.967339548875
2024-10-07 15:30:00+00:00,7024.623366924907
2024-10-07 16:30:00+00:00,7011.467136799225
2024-10-07 18:30:00+00:00,6998.202180823661
2024-10-07 19:00:00+00:00,6985.267005090079
2024-10-07 19:15:00+00:00,6972.310924544491
2024-10-07 21:30:00+00:00,6959.390694434025
2024-10-07 22:45:00+00:00,6945.981271562177
2024-10-08 00:00:00+00:00,6947.897696285806
2024-10-08 03:00:00+00:00,6949.8999448015165
2024-10-08 06:30:00+00:00,6951.83957679992
2024-10-08 08:15:00+00:00,6953.779519044976
2024-10-08 11:45:00+00:00,6955.696521061498
2024-10-08 12:30:00+00:00,6992.687887386188
2024-10-08 13:00:00+00:00,6979.379280969099
2024-10-08 13:15:00+00:00,6966.030377418589
2024-10-08 13:30:00+00:00,6969.700328555059
2024-10-08 14:30:00+00:00,6956.400964435937
2024-10-08 15:30:00+00:00,6943.1730165859935
2024-10-08 16:30:00+00:00,7003.749938338768
2024-10-08 17:30:00+00:00,7005.554406805687
2024-10-08 20:15:00+00:00,6992.5537608746135
2024-10-08 22:15:00+00:00,6994.335373722675
2024-10-09 00:15:00+00:00,6995.323261464318
2024-10-09 00:30:00+00:00,6981.819119875979
2024-10-09 01:15:00+00:00,6983.71240235304
2024-10-09 03:45:00+00:00,6985.482632804885
2024-10-09 10:15:00+00:00,7022.294405264433
2024-10-09 11:00:00+00:00,7008.72333142421
2024-10-09 12:30:00+00:00,7045.461279652463
2024-10-09 13:15:00+00:00,7047.088976345055
2024-10-09 15:00:00+00:00,7033.847734623296
2024-10-09 15:15:00+00:00,7035.525545227987
2024-10-09 19:15:00+00:00,7072.080720106849
2024-10-09 20:45:00+00:00,7108.924834802624
2024-10-09 23:00:00+00:00,7147.56933792984
2024-10-10 00:15:00+00:00,7134.582694493081
2024-10-10 01:30:00+00:00,7121.312642117758
2024-10-10 03:30:00+00:00,7108.036595113349
2024-10-10 03:45:00+00:00,7094.744822528473
2024-10-10 05:45:00+00:00,7096.345060031902
2024-10-10 09:15:00+00:00,7132.963763514603
2024-10-10 09:30:00+00:00,7170.349274342842
2024-10-10 10:15:00+00:00,7157.086348644463
2024-10-10 14:45:00+00:00,7159.032190159193
2024-10-10 19:00:00+00:00,7160.827468610787
2024-10-10 20:15:00+00:00,7151.649481361487
2024-10-10 21:45:00+00:00,7138.443118317603
2024-10-10 23:30:00+00:00,7112.269673674468
2024-10-11 00:00:00+00:00,7098.978609146986
2024-10-11 01:45:00+00:00,7085.825096378353
2024-10-11 10:30:00+00:00,7073.5010998942025
2024-10-11 11:15:00+00:00,7075.134680191746
2024-10-11 19:00:00+00:00,7111.711680815677
2024-10-11 21:15:00+00:00,7098.363434433433
2024-10-11 22:00:00+00:00,7084.984169859605
2024-10-11 23:45:00+00:00,7071.432469112926
2024-10-12 00:00:00+00:00,7069.300780391248
2024-10-12 00:45:00+00:00,7056.069583946529
2024-10-12 01:30:00+00:00,7042.900053726319
2024-10-12 02:30:00+00:00,7029.930612463202
2024-10-12 03:15:00+00:00,7016.573534038554
2024-10-12 09:15:00+00:00,6996.123177571881
2024-10-12 13:30:00+00:00,7032.888395367544
2024-10-12 13:45:00+00:00,7034.3415302747735
2024-10-12 16:30:00+00:00,7020.83465657746
2024-10-12 16:45:00+00:00,7007.495283233699
2024-10-12 18:15:00+00:00,6994.399208499842
2024-10-12 19:15:00+00:00,6981.047822996793
2024-10-12 20:30:00+00:00,6967.948736418963
2024-10-12 22:00:00+00:00,6969.470103141098
2024-10-13 01:00:00+00:00,6967.418922838623
2024-10-13 03:15:00+00:00,6953.799452923893
2024-10-13 10:45:00+00:00,6955.184449184501
2024-10-13 14:30:00+00:00,6941.805483608243
2024-10-13 15:15:00+00:00,6977.851078620291
2024-10-13 16:15:00+00:00,6937.530410910285
2024-10-13 18:00:00+00:00,6939.269303671948
2024-10-13 19:30:00+00:00,6925.6408182616115
2024-10-13 21:15:00+00:00,6911.859680183148
2024-10-14 00:00:00+00:00,6913.658848903627
2024-10-14 03:15:00+00:00,6950.405347410299
2024-10-14 05:15:00+00:00,6923.780397460139
2024-10-14 05:30:00+00:00,6910.576144626666
2024-10-14 14:15:00+00:00,6947.400175510183
2024-10-14 16:00:00+00:00,7008.001184480287
2024-10-14 16:45:00+00:00,6994.600337840053
2024-10-14 21:00:00+00:00,6991.648217221161
2024-10-14 23:45:00+00:00,6991.833468448154
2024-10-15 00:30:00+00:00,6993.3172650881625
2024-10-15 02:45:00+00:00,7031.190408181275
2024-10-15 03:30:00+00:00,7017.644231249475
2024-10-15 05:00:00+00:00,7004.50939009931
2024-10-15 09:30:00+00:00,7041.225225950283
2024-10-15 11:00:00+00:00,7042.815660319679
2024-10-15 11:15:00+00:00,7044.678212132141
2024-10-15 11:30:00+00:00,7031.570178024675
2024-10-15 11:45:00+00:00,7018.159473948503
2024-10-15 13:15:00+00:00,7020.1404220243985
2024-10-15 13:45:00+00:00,7056.848686419656
2024-10-15 14:15:00+00:00,7080.918842110499
2024-10-15 14:30:00+00:00,7067.82066007925
2024-10-15 15:15:00+00:00,7070.015385768553
2024-10-15 16:15:00+00:00,7057.25782759046
2024-10-15 16:30:00+00:00,7044.470435686842
2024-10-15 18:45:00+00:00,7031.724202365689
2024-10-15 20:45:00+00:00,7033.867843256056
2024-10-15 21:00:00+00:00,7020.886402961164
2024-10-15 23:30:00+00:00,7008.029472276751
2024-10-16 00:00:00+00:00,7010.2135707660855
2024-10-16 02:00:00+00:00,7012.246920347142
2024-10-16 05:30:00+00:00,7014.191667943291
2024-10-16 09:30:00+00:00,7051.333806939704
2024-10-16 11:30:00+00:00,7055.193544694942
2024-10-16 15:00:00+00:00,7042.427091075219
2024-10-16 20:45:00+00:00,7029.036777296685
2024-10-16 21:15:00+00:00,7031.271875182308
2024-10-17 00:15:00+00:00,7018.45715168469
2024-10-17 11:15:00+00:00,7005.296398395926
2024-10-17 12:30:00+00:00,6991.984018459793
2024-10-17 13:30:00+00:00,6993.877268843299
2024-10-17 15:30:00+00:00,6980.632107169295
2024-10-17 19:45:00+00:00,6982.588842932431
2024-10-17 20:45:00+00:00,6969.513695012549
2024-10-18 01:15:00+00:00,6956.399838711161
2024-10-18 02:30:00+00:00,6929.899653156561
2024-10-18 05:45:00+00:00,6931.633327760927
2024-10-18 11:45:00+00:00,6933.327228145217
2024-10-18 12:45:00+00:00,6919.758950447389
2024-10-18 14:15:00+00:00,6921.274739188787
2024-10-18 16:00:00+00:00,6907.837424669105
2024-10-18 20:15:00+00:00,6882.87525711133
2024-10-18 21:45:00+00:00,6856.319209857792
2024-10-19 02:45:00+00:00,6892.812617132595
2024-10-19 03:30:00+00:00,6879.564136187714
2024-10-19 03:45:00+00:00,6866.1404090719
2024-10-19 04:30:00+00:00,6852.723999933248
2024-10-19 10:15:00+00:00,6846.853997916546
2024-10-19 10:45:00+00:00,6833.3492312580665
2024-10-19 11:30:00+00:00,6819.927041257316
2024-10-19 13:30:00+00:00,6806.631423631969
2024-10-20 00:45:00+00:00,6793.265348273742
2024-10-20 06:00:00+00:00,6794.951898460092
2024-10-20 11:15:00+00:00,6781.3641289853595
2024-10-20 11:30:00+00:00,6767.570261159955
2024-10-20 12:45:00+00:00,6766.960629517136
2024-10-20 13:30:00+00:00,6753.0555158429515
2024-10-20 14:00:00+00:00,6754.4091343425
2024-10-20 14:45:00+00:00,6755.743896557283
2024-10-20 15:30:00+00:00,6757.4286748959
2024-10-20 17:15:00+00:00,6744.3621187896
2024-10-20 18:30:00+00:00,6746.074671211754
2024-10-20 20:30:00+00:00,6732.626422368676
2024-10-20 22:00:00+00:00,6769.15979636634
2024-10-20 23:00:00+00:00,6742.436848160283
2024-10-21 11:30:00+00:00,6744.192099260796
2024-10-21 13:15:00+00:00,6780.299961490565
2024-10-21 15:45:00+00:00,6781.858160576599
2024-10-21 16:45:00+00:00,6783.5598837683265
2024-10-21 17:30:00+00:00,6770.516072417129
2024-10-21 19:00:00+00:00,6772.117866193082
2024-10-21 19:45:00+00:00,6758.980555992868
2024-10-22 00:15:00+00:00,6795.538217578755
2024-10-22 00:45:00+00:00,6797.2642498037285
2024-10-22 01:15:00+00:00,6783.884410863755
2024-10-22 01:30:00+00:00,6785.447772434359
2024-10-22 01:45:00+00:00,6772.210838803195
2024-10-22 05:00:00+00:00,6773.982179302643
2024-10-22 06:30:00+00:00,6760.650634942465
2024-10-22 08:15:00+00:00,6747.55628571566
2024-10-22 09:15:00+00:00,6783.886612180858
2024-10-22 10:15:00+00:00,6787.316448038819
2024-10-22 11:00:00+00:00,6773.64555376999
2024-10-22 12:30:00+00:00,6762.084148202342
2024-10-22 13:45:00+00:00,6798.857002186297
2024-10-22 14:00:00+00:00,6773.375537716343
2024-10-22 16:45:00+00:00,6760.388267250842
2024-10-22 18:00:00+00:00,6762.294848103659
2024-10-22 18:15:00+00:00,6764.416074647982
2024-10-22 20:15:00+00:00,6766.549279292211
2024-10-22 23:30:00+00:00,6768.542696629926
2024-10-23 04:00:00+00:00,6755.526613522051
2024-10-23 08:00:00+00:00,6791.513188681082
2024-10-23 08:45:00+00:00,6828.347650178983
2024-10-23 09:30:00+00:00,6829.699980519473
2024-10-23 10:15:00+00:00,6816.069573967726
2024-10-23 12:45:00+00:00,6817.366503479506
2024-10-23 13:15:00+00:00,6804.4328482849205
2024-10-23 13:45:00+00:00,6790.789229335555
2024-10-23 14:45:00+00:00,6779.672412366511
2024-10-23 16:00:00+00:00,6815.870985590915
2024-10-23 16:30:00+00:00,6802.926810835504
2024-10-23 16:45:00+00:00,6839.662723122794
2024-10-23 18:30:00+00:00,6841.1565776474845
2024-10-23 18:45:00+00:00,6842.744200278232
2024-10-23 19:30:00+00:00,6831.277191172094
2024-10-23 22:15:00+00:00,6820.400846322226
2024-10-23 23:45:00+00:00,6807.026937287073
2024-10-24 00:45:00+00:00,6793.7878089519245
2024-10-24 09:00:00+00:00,6782.014272655498
2024-10-24 11:30:00+00:00,6768.860632937547
2024-10-24 13:15:00+00:00,6755.6221889315875
2024-10-24 14:45:00+00:00,6757.489377325632
2024-10-24 15:30:00+00:00,6759.2848658885205
2024-10-24 16:00:00+00:00,6746.292715907223
2024-10-24 23:30:00+00:00,6748.329273886793
2024-10-25 07:15:00+00:00,6784.430038526054
2024-10-25 09:00:00+00:00,6770.83688572469
2024-10-25 13:45:00+00:00,6772.105789916492
2024-10-25 17:45:00+00:00,6808.520653331964
2024-10-25 21:15:00+00:00,6810.580022425525
2024-10-25 23:00:00+00:00,6847.431228707507
2024-10-25 23:45:00+00:00,6908.661744028306
2024-10-26 00:30:00+00:00,6895.875929205113
2024-10-26 04:15:00+00:00,6883.072994357427
2024-10-26 06:30:00+00:00,6857.317189173337
2024-10-26 13:45:00+00:00,6844.02591583288
2024-10-26 14:15:00+00:00,6830.450062245814
2024-10-26 14:45:00+00:00,6817.12550264095
2024-10-26 17:15:00+00:00,6790.35119666275
2024-10-27 00:45:00+00:00,6777.020689469193
2024-10-27 18:45:00+00:00,6778.415738060835
2024-10-27 23:00:00+00:00,6814.841656058918
2024-10-28 01:00:00+00:00,6816.338206888867
2024-10-28 03:30:00+00:00,6802.713524069916
2024-10-28 08:30:00+00:00,6788.7938478493425
2024-10-28 09:00:00+00:00,6825.43638235223
2024-10-28 11:00:00+00:00,6862.548029151214
2024-10-28 12:00:00+00:00,6864.207819743714
2024-10-28 12:30:00+00:00,6900.2445102351785
2024-10-28 13:30:00+00:00,6886.958069735346
2024-10-28 13:45:00+00:00,6889.050142277034
2024-10-28 14:00:00+00:00,6883.620659892001
2024-10-28 14:15:00+00:00,6870.453719693721
2024-10-28 15:15:00+00:00,6843.00841524878
2024-10-28 15:30:00+00:00,6831.692493239305
2024-10-28 17:00:00+00:00,6833.264189160403
2024-10-28 18:45:00+00:00,6805.992371833758
2024-10-28 19:00:00+00:00,6843.165738867759
2024-10-28 22:00:00+00:00,6879.785695843491
2024-10-29 00:15:00+00:00,6953.472502800466
2024-10-29 01:00:00+00:00,6955.689719445734
2024-10-29 02:00:00+00:00,6992.18754384835
2024-10-29 02:15:00+00:00,7028.641856579988
2024-10-29 03:45:00+00:00,7015.175069813657
2024-10-29 05:00:00+00:00,7002.4159457875585
2024-10-29 09:00:00+00:00,7003.146549358112
2024-10-29 10:30:00+00:00,6995.593392159251
2024-10-29 11:45:00+00:00,6982.231599855796
2024-10-29 12:00:00+00:00,6968.940553235445
2024-10-29 13:30:00+00:00,6955.375252518948
2024-10-29 14:15:00+00:00,6941.893737306332
2024-10-29 15:45:00+00:00,6930.19047670836
2024-10-29 16:45:00+00:00,6953.780453693655
2024-10-29 17:00:00+00:00,6990.42885392227
2024-10-29 18:00:00+00:00,6977.201808688517
2024-10-29 18:15:00+00:00,6964.005662290913
2024-10-29 19:15:00+00:00,6965.789907935945
2024-10-29 20:15:00+00:00,7002.669459796355
2024-10-29 22:00:00+00:00,6989.673750940995
2024-10-30 08:30:00+00:00,6976.52838912429
2024-10-30 09:00:00+00:00,7013.444040692577
2024-10-30 11:00:00+00:00,7050.101837248364
2024-10-30 14:00:00+00:00,7086.815700535134
2024-10-30 15:00:00+00:00,7112.450009599239
2024-10-30 16:30:00+00:00,7099.481449735669
2024-10-30 18:45:00+00:00,7136.392844940037
2024-10-30 19:15:00+00:00,7123.340088847998
2024-10-30 20:00:00+00:00,7110.412249498103
2024-10-30 20:45:00+00:00,7097.3392146319775
2024-10-31 01:30:00+00:00,7099.369297929773
2024-10-31 02:30:00+00:00,7085.635945558172
2024-10-31 04:45:00+00:00,7087.466783380592
2024-10-31 06:30:00+00:00,7123.742064400812
2024-10-31 06:45:00+00:00,7110.669047414348
2024-10-31 08:15:00+00:00,7146.694148780484
2024-10-31 08:45:00+00:00,7119.641817165898
2024-10-31 09:00:00+00:00,7106.393931537478
2024-10-31 10:45:00+00:00,7092.62903902615
2024-10-31 12:00:00+00:00,7078.961312950834
2024-10-31 13:30:00+00:00,7065.734313233589
2024-10-31 13:45:00+00:00,7052.567702942501
2024-10-31 14:00:00+00:00,7088.887012138593
2024-10-31 14:15:00+00:00,7077.104824978364
2024-10-31 15:00:00+00:00,7078.717144655491
2024-10-31 15:45:00+00:00,7080.355502955134
2024-10-31 16:30:00+00:00,7117.152867292425
2024-10-31 16:45:00+00:00,7118.855422063641
2024-10-31 20:45:00+00:00,7156.032243888412
2024-10-31 21:15:00+00:00,7157.700028628555
2024-10-31 22:30:00+00:00,7144.926364975982
2024-11-01 02:00:00+00:00,7181.625297156752
2024-11-01 07:00:00+00:00,7255.72115131025
2024-11-01 08:30:00+00:00,7242.883901608293
2024-11-01 08:45:00+00:00,7238.805217006227
2024-11-01 10:15:00+00:00,7225.16755899476
2024-11-01 10:30:00+00:00,7212.295199591242
2024-11-01 11:00:00+00:00,7198.677714601466
2024-11-01 12:30:00+00:00,7185.395847655317
2024-11-01 13:30:00+00:00,7171.76610353995
2024-11-01 23:15:00+00:00,7172.974705531614
2024-11-02 04:30:00+00:00,7159.824194374395
2024-11-02 05:30:00+00:00,7146.684652657259
2024-11-03 00:00:00+00:00,7145.627005709297
2024-11-03 03:00:00+00:00,7132.771151840996
2024-11-03 09:30:00+00:00,7124.15019064555
2024-11-03 09:45:00+00:00,7125.823818564655
2024-11-03 11:45:00+00:00,7112.706299856988
2024-11-03 12:15:00+00:00,7114.706713704097
2024-11-03 13:45:00+00:00,7101.585695706845
2024-11-03 14:30:00+00:00,7088.5300531468965
2024-11-03 15:45:00+00:00,7092.751218269137
2024-11-03 17:30:00+00:00,7079.787419992838
2024-11-03 20:00:00+00:00,7116.767510758483
2024-11-03 20:30:00+00:00,7153.758947376827
2024-11-03 20:45:00+00:00,7140.930718307957
2024-11-03 21:15:00+00:00,7127.879302628992
2024-11-03 23:00:00+00:00,7129.790114347764
2024-11-04 00:30:00+00:00,7116.625052964765
2024-11-04 01:15:00+00:00,7118.80426117998
2024-11-04 05:15:00+00:00,7120.769708606672
2024-11-04 06:45:00+00:00,7108.937678620978
2024-11-04 07:30:00+00:00,7110.628558858793
2024-11-04 14:00:00+00:00,7147.628010855837
2024-11-04 14:30:00+00:00,7149.008229684894
2024-11-04 15:30:00+00:00,7137.715884528679
2024-11-04 16:15:00+00:00,7124.643005827
2024-11-04 16:45:00+00:00,7111.149251152093
2024-11-04 17:30:00+00:00,7108.951471342162
2024-11-04 20:30:00+00:00,7110.911233406171
2024-11-04 21:15:00+00:00,7147.719985565583
2024-11-04 21:30:00+00:00,7184.71535319201
2024-11-04 22:00:00+00:00,7171.739188980433
2024-11-04 22:45:00+00:00,7158.785166553442
2024-11-04 23:15:00+00:00,7145.5426150170415
2024-11-05 03:15:00+00:00,7132.546291735108
2024-11-05 03:45:00+00:00,7106.403154820874
2024-11-05 04:15:00+00:00,7092.7390621423165
2024-11-05 05:45:00+00:00,7079.240674859057
2024-11-05 07:00:00+00:00,7066.14101336323
2024-11-05 14:15:00+00:00,7052.473099121609
2024-11-05 16:30:00+00:00,7053.944053919097
2024-11-05 20:00:00+00:00,7040.855963780138
2024-11-05 20:30:00+00:00,7042.49478537674
2024-11-06 00:15:00+00:00,7029.373434420429
2024-11-06 02:30:00+00:00,7066.423538861735
2024-11-06 02:45:00+00:00,7103.357627177193
2024-11-06 03:00:00+00:00,7140.438699838222
2024-11-06 03:15:00+00:00,7179.580979116015
2024-11-06 04:15:00+00:00,7218.477734876046
2024-11-06 06:45:00+00:00,7220.598702790751
2024-11-06 07:30:00+00:00,7209.823994508114
2024-11-06 07:45:00+00:00,7211.96958362099
2024-11-06 08:00:00+00:00,7199.11651012617
2024-11-06 13:15:00+00:00,7188.193165202025
2024-11-06 14:45:00+00:00,7192.255449286002
2024-11-06 15:00:00+00:00,7194.268796236798
2024-11-06 20:00:00+00:00,7231.224640967045
2024-11-06 22:45:00+00:00,7268.263158533212
2024-11-07 01:00:00+00:00,7305.238433862603
2024-11-07 01:30:00+00:00,7341.843291806212
2024-11-07 04:15:00+00:00,7343.63262398779
2024-11-07 06:00:00+00:00,7345.642478362944
2024-11-07 06:30:00+00:00,7334.600084620637
2024-11-07 13:15:00+00:00,7329.510950323294
2024-11-07 22:00:00+00:00,7366.590251138718
2024-11-07 23:00:00+00:00,7353.692980972542
2024-11-08 01:30:00+00:00,7340.894456691212
2024-11-08 06:15:00+00:00,7378.122086940796
2024-11-08 07:00:00+00:00,7365.369734173777
2024-11-08 08:00:00+00:00,7352.625807419961
2024-11-08 15:30:00+00:00,7389.862255507466
2024-11-08 16:30:00+00:00,7377.1247331511995
2024-11-09 00:15:00+00:00,7414.14063256687
2024-11-09 04:30:00+00:00,7417.5299804089045
2024-11-09 06:30:00+00:00,7419.516948447994
2024-11-09 10:15:00+00:00,7406.454299661436
2024-11-09 15:30:00+00:00,7407.94015848284
2024-11-09 17:30:00+00:00,7409.127862455719
2024-11-09 20:45:00+00:00,7395.838724693589
2024-11-09 22:15:00+00:00,7382.525139623131
2024-11-09 22:30:00+00:00,7419.483842561247
2024-11-09 23:00:00+00:00,7405.936358378789
2024-11-09 23:15:00+00:00,7392.51744514083
2024-11-09 23:30:00+00:00,7379.468268280388
2024-11-09 23:45:00+00:00,7416.400290412715
2024-11-10 00:30:00+00:00,7403.055838794755
2024-11-10 00:45:00+00:00,7404.710737781431
2024-11-10 02:00:00+00:00,7406.7473088140505
2024-11-10 02:45:00+00:00,7393.477651141891
2024-11-10 04:15:00+00:00,7380.572000925436
2024-11-10 04:45:00+00:00,7367.292932236991
2024-11-10 05:30:00+00:00,7404.417013887483
2024-11-10 09:15:00+00:00,7391.209647153086
2024-11-10 10:30:00+00:00,7378.350580847646
2024-11-10 12:30:00+00:00,7365.409877976393
2024-11-10 12:45:00+00:00,7352.5247511139
2024-11-10 13:00:00+00:00,7389.769443442733
2024-11-10 13:45:00+00:00,7376.89732595721
2024-11-10 14:00:00+00:00,7363.84560100514
2024-11-10 14:15:00+00:00,7350.858127961309
2024-11-10 14:30:00+00:00,7338.030927930796
2024-11-10 16:00:00+00:00,7325.012922586472
2024-11-10 16:45:00+00:00,7327.1264716384385
2024-11-10 18:45:00+00:00,7314.292244496269
2024-11-10 20:00:00+00:00,7338.713121213156
2024-11-10 20:45:00+00:00,7375.818554760281
2024-11-10 21:30:00+00:00,7350.355357706734
2024-11-10 22:15:00+00:00,7339.853234110806
2024-11-11 00:30:00+00:00,7326.941867616993
2024-11-11 05:15:00+00:00,7329.254020079759
2024-11-11 05:30:00+00:00,7366.427659465291
2024-11-11 06:30:00+00:00,7368.53785241545
2024-11-11 09:45:00+00:00,7355.6756082214015
2024-11-11 10:00:00+00:00,7342.881706744902
2024-11-11 10:15:00+00:00,7329.951805170959
2024-11-11 12:30:00+00:00,7332.023902166604
2024-11-11 15:00:00+00:00,7321.172867471615
2024-11-11 15:15:00+00:00,7323.136334771088
2024-11-11 16:15:00+00:00,7310.289307001192
2024-11-11 19:00:00+00:00,7297.268709098558
2024-11-11 20:00:00+00:00,7284.30905090118
2024-11-11 20:30:00+00:00,7271.625684332341
2024-11-11 21:00:00+00:00,7273.750834980028
2024-11-11 21:15:00+00:00,7260.80757876739
2024-11-11 22:45:00+00:00,7262.877580659058
2024-11-11 23:30:00+00:00,7252.363637263272
2024-11-12 00:00:00+00:00,7239.539934035309
2024-11-12 01:00:00+00:00,7241.666007546902
2024-11-12 03:45:00+00:00,7228.84782457134
2024-11-12 04:15:00+00:00,7231.005877679636
2024-11-12 06:45:00+00:00,7205.210386070585
2024-11-12 07:15:00+00:00,7207.495738878495
2024-11-12 08:15:00+00:00,7194.604224979067
2024-11-12 09:00:00+00:00,7231.84534349181
2024-11-12 10:00:00+00:00,7268.860429718428
2024-11-12 10:30:00+00:00,7306.008703652481
2024-11-12 11:00:00+00:00,7308.040144451742
2024-11-12 12:30:00+00:00,7345.229329998668
2024-11-12 13:45:00+00:00,7332.589201226266
2024-11-12 15:00:00+00:00,7334.7219310547025
2024-11-12 17:15:00+00:00,7333.839796498758
2024-11-12 18:15:00+00:00,7320.975854890247
2024-11-12 20:00:00+00:00,7358.322325785882
2024-11-12 20:45:00+00:00,7345.652942893634
2024-11-12 22:45:00+00:00,7332.919347667441
2024-11-12 23:15:00+00:00,7335.258189147289
2024-11-13 00:30:00+00:00,7337.58566088014
2024-11-13 01:00:00+00:00,7326.847424411673
2024-11-13 02:15:00+00:00,7314.1919156483
2024-11-13 04:30:00+00:00,7351.462287241597
2024-11-13 13:30:00+00:00,7353.534797983336
2024-11-13 13:45:00+00:00,7355.611066794396
2024-11-13 19:30:00+00:00,7392.767270974693
2024-11-13 21:30:00+00:00,7395.062913611628
2024-11-13 23:30:00+00:00,7382.348513129934
2024-11-14 01:45:00+00:00,7369.527376562062
2024-11-14 03:45:00+00:00,7371.758079475291
2024-11-14 04:45:00+00:00,7373.990145549997
2024-11-14 05:30:00+00:00,7361.181472516167
2024-11-14 06:15:00+00:00,7348.347167609571
2024-11-14 07:45:00+00:00,7335.561367776159
2024-11-14 08:15:00+00:00,7322.735684909609
2024-11-14 08:30:00+00:00,7320.1035074963975
2024-11-14 10:00:00+00:00,7321.990983699045
2024-11-14 11:15:00+00:00,7359.196962709772
2024-11-14 14:30:00+00:00,7346.418801829273
2024-11-14 15:15:00+00:00,7420.535680436676
2024-11-14 16:15:00+00:00,7422.58229611051
2024-11-14 16:45:00+00:00,7397.073333982039
2024-11-15 06:15:00+00:00,7399.288660391263
2024-11-15 08:45:00+00:00,7386.455007591267
2024-11-15 09:00:00+00:00,7388.567382153729
2024-11-15 12:00:00+00:00,7375.676424819157
2024-11-15 13:00:00+00:00,7362.73136005581
2024-11-15 13:45:00+00:00,7349.854599306522
2024-11-15 16:00:00+00:00,7351.733468319417
2024-11-15 16:15:00+00:00,7338.831228972209
2024-11-15 17:15:00+00:00,7325.96353699258
2024-11-15 20:45:00+00:00,7312.920744291451
2024-11-15 22:30:00+00:00,7300.068824785921
2024-11-16 00:15:00+00:00,7287.117324396327
2024-11-16 03:30:00+00:00,7289.25957215738
2024-11-16 10:00:00+00:00,7291.291719650503
2024-11-16 23:30:00+00:00,7293.213002817628
2024-11-17 00:45:00+00:00,7330.411067953357
2024-11-17 01:00:00+00:00,7324.4221127481715
2024-11-17 05:00:00+00:00,7311.7080542662625
2024-11-17 06:45:00+00:00,7299.001088109015
2024-11-17 09:15:00+00:00,7301.2209083923135
2024-11-17 09:30:00+00:00,7288.272475415066
2024-11-17 10:30:00+00:00,7275.537423954783
2024-11-17 11:00:00+00:00,7262.5750686017855
2024-11-17 11:45:00+00:00,7249.733878928747
2024-11-18 00:15:00+00:00,7251.755335189188
2024-11-18 01:15:00+00:00,7253.904558335802
2024-11-18 01:45:00+00:00,7240.9888445007955
2024-11-18 03:45:00+00:00,7228.136304857845
2024-11-18 06:00:00+00:00,7265.27910917906
2024-11-18 06:30:00+00:00,7252.426713893151
2024-11-18 06:45:00+00:00,7239.557342002166
2024-11-18 09:30:00+00:00,7226.606563302827
2024-11-18 13:00:00+00:00,7250.880092155854
2024-11-18 14:30:00+00:00,7237.742034744781
2024-11-18 17:15:00+00:00,7224.987697702794
2024-11-18 20:15:00+00:00,7212.237935551274
2024-11-18 21:30:00+00:00,7199.492575785206
2024-11-18 23:45:00+00:00,7201.723196443869
2024-11-19 10:15:00+00:00,7203.172361969888
2024-11-19 12:30:00+00:00,7190.254582552376
2024-11-19 13:15:00+00:00,7191.738874187288
2024-11-19 15:15:00+00:00,7193.411017528839
2024-11-19 18:15:00+00:00,7194.887456185893
2024-11-19 18:45:00+00:00,7181.945841335052
2024-11-19 20:45:00+00:00,7183.834159909933
2024-11-19 22:30:00+00:00,7170.798152296966
2024-11-19 23:00:00+00:00,7157.575674683243
2024-11-20 05:15:00+00:00,7159.738209211203
2024-11-20 08:15:00+00:00,7146.63651024197
2024-11-20 11:00:00+00:00,7133.811837346765
2024-11-20 13:15:00+00:00,7170.262088790832
2024-11-20 16:15:00+00:00,7156.848568442323
2024-11-20 21:15:00+00:00,7159.05789956216
2024-11-21 02:00:00+00:00,7146.160640037899
2024-11-21 04:30:00+00:00,7183.308174234178
2024-11-21 10:15:00+00:00,7170.523105895813
2024-11-21 12:00:00+00:00,7207.601835076612
2024-11-21 14:30:00+00:00,7194.796169574673
2024-11-21 15:00:00+00:00,7170.659200084814
2024-11-21 15:15:00+00:00,7145.078735031561
2024-11-21 20:45:00+00:00,7147.309782609064
2024-11-22 00:45:00+00:00,7145.539577634879
2024-11-22 06:15:00+00:00,7134.275464929551
2024-11-22 08:30:00+00:00,7136.393114474645
2024-11-23 09:45:00+00:00,7138.383254024116
2024-11-23 15:30:00+00:00,7125.514152846963
2024-11-23 16:00:00+00:00,7127.550725545945
2024-11-23 16:15:00+00:00,7164.710523802847
2024-11-23 17:15:00+00:00,7150.890756004038
2024-11-23 21:15:00+00:00,7153.156009063491
2024-11-23 21:45:00+00:00,7154.4007909354905
2024-11-24 00:00:00+00:00,7155.536641838808
2024-11-24 01:00:00+00:00,7141.691802448962
2024-11-24 02:30:00+00:00,7127.961126796293
2024-11-24 05:00:00+00:00,7117.361396388762
2024-11-24 05:45:00+00:00,7104.555999995898
2024-11-24 09:30:00+00:00,7091.596222190328
2024-11-24 11:45:00+00:00,7128.8247727520165
2024-11-24 16:45:00+00:00,7115.52323784316
2024-11-24 18:45:00+00:00,7102.249414100117
2024-11-24 20:45:00+00:00,7088.851377891489
2024-11-24 22:00:00+00:00,7075.254172415696
2024-11-24 23:00:00+00:00,7061.6742420757655
2024-11-25 04:00:00+00:00,7048.873627500172
2024-11-25 15:00:00+00:00,7085.861909821863
2024-11-25 15:15:00+00:00,7087.466152911318
2024-11-25 15:45:00+00:00,7074.632399726281
2024-11-25 18:15:00+00:00,7063.846001010484
2024-11-25 21:45:00+00:00,7100.756403196729
2024-11-25 22:45:00+00:00,7102.7073235920825
2024-11-26 00:15:00+00:00,7106.815655806811
2024-11-26 07:00:00+00:00,7103.623563506864
2024-11-26 08:15:00+00:00,7140.835652704864
2024-11-26 08:45:00+00:00,7127.629533741745
2024-11-26 09:15:00+00:00,7114.679388444647
2024-11-26 11:30:00+00:00,7151.499218364166
2024-11-26 14:00:00+00:00,7188.514997037548
2024-11-26 14:30:00+00:00,7175.732572987282
2024-11-26 14:45:00+00:00,7162.8321462784115
2024-11-26 20:00:00+00:00,7149.92336950126
2024-11-27 02:45:00+00:00,7138.519770060197
2024-11-28 06:00:00+00:00,7140.436689494292
2024-11-28 07:45:00+00:00,7142.357509046362
2024-11-28 15:00:00+00:00,7144.294509401121
2024-11-29 12:15:00+00:00,7146.027345410623
2024-11-29 15:30:00+00:00,7147.929158222132
2024-12-01 00:30:00+00:00,7149.533510422971
2024-12-01 01:30:00+00:00,7136.195991935548
2024-12-01 03:15:00+00:00,7137.9334263440915
2024-12-01 08:30:00+00:00,7124.847891998781
2024-12-01 13:15:00+00:00,7113.366500638462
2024-12-01 15:15:00+00:00,7099.970086534934
2024-12-01 20:30:00+00:00,7136.633069908553
2024-12-01 21:45:00+00:00,7123.402613205322
2024-12-01 22:30:00+00:00,7110.143711287572
2024-12-02 01:15:00+00:00,7096.962278646064
2024-12-02 01:45:00+00:00,7083.904278165054
2024-12-02 03:45:00+00:00,7120.915641257674
2024-12-02 05:00:00+00:00,7108.013507325234
2024-12-02 07:00:00+00:00,7110.0755703021205
2024-12-02 09:45:00+00:00,7112.087607253878
2024-12-02 13:15:00+00:00,7114.09925864606
2024-12-02 14:15:00+00:00,7115.512323742424
2024-12-02 14:30:00+00:00,7102.531652361132
2024-12-02 15:15:00+00:00,7104.178872611324
2024-12-02 17:30:00+00:00,7128.273303713609
2024-12-02 18:15:00+00:00,7115.401951610041
2024-12-03 01:00:00+00:00,7106.707594294402
2024-12-03 02:30:00+00:00,7093.717237851741
2024-12-03 14:30:00+00:00,7130.04196842192
2024-12-03 15:00:00+00:00,7116.831243420947
2024-12-04 15:00:00+00:00,7103.808179741356
2024-12-04 17:45:00+00:00,7090.932715748446
2024-12-04 18:00:00+00:00,7077.657839837769
2024-12-04 19:15:00+00:00,7064.40454387094
2024-12-04 20:15:00+00:00,7051.543252446525
2024-12-05 02:00:00+00:00,7053.662443859807
2024-12-05 02:30:00+00:00,7090.532818331528
2024-12-05 06:15:00+00:00,7092.555476131994
2024-12-05 22:30:00+00:00,7094.686394721659
2024-12-09 20:15:00+00:00,7081.705540663348
2024-12-11 01:15:00+00:00,7083.812012813279
2024-12-11 13:30:00+00:00,7120.926481997595
2024-12-11 23:45:00+00:00,7122.848717873749
2024-12-12 01:30:00+00:00,7109.5220272370125
2024-12-14 23:00:00+00:00,7096.340471345198
2024-12-15 07:30:00+00:00,7133.114213429603
2024-12-15 23:15:00+00:00,7120.014695799894
2024-12-16 00:30:00+00:00,7106.99872748652
2024-12-16 09:45:00+00:00,7144.031785400364
2024-12-16 13:15:00+00:00,7145.869708743583
2024-12-16 19:00:00+00:00,7147.65276779686
2024-12-16 19:15:00+00:00,7134.634449662013
2024-12-16 21:00:00+00:00,7121.63558325465
2024-12-16 23:15:00+00:00,7108.608729646497
2024-12-17 00:15:00+00:00,7110.5121072672255
2024-12-17 01:15:00+00:00,7112.486636010371
2024-12-17 03:00:00+00:00,7113.845039040969
2024-12-17 08:00:00+00:00,7107.00951969369
2024-12-17 21:00:00+00:00,7094.131722764395
2024-12-17 22:30:00+00:00,7131.051477312238
2024-12-18 02:00:00+00:00,7120.101519553127
2024-12-18 06:45:00+00:00,7156.914180036129
2024-12-18 08:00:00+00:00,7143.967634821099
2024-12-18 09:15:00+00:00,7145.95000896997
2024-12-18 11:30:00+00:00,7132.729155308135
2024-12-18 16:15:00+00:00,7169.157353776413
2024-12-18 17:30:00+00:00,7155.860086375366
2024-12-18 19:45:00+00:00,7192.512147015791
2024-12-18 20:45:00+00:00,7194.509652002837
2024-12-19 03:15:00+00:00,7196.598347519318
2024-12-19 06:30:00+00:00,7198.782144318583
2024-12-19 10:00:00+00:00,7189.391712355851
2024-12-20 07:00:00+00:00,7191.503359897775
2024-12-21 20:00:00+00:00,7178.720818937438
2024-12-22 21:00:00+00:00,7180.834915537948
2024-12-23 03:00:00+00:00,7183.000503960116
2024-12-23 08:45:00+00:00,7185.2037329447885
2024-12-23 15:15:00+00:00,7221.931983293275
2024-12-23 16:45:00+00:00,7208.858450897231
2024-12-23 21:15:00+00:00,7195.811952348643
2024-12-23 22:15:00+00:00,7182.719628979413
2024-12-24 05:15:00+00:00,7184.617896689773
2024-12-24 09:15:00+00:00,7171.504405265564
2024-12-24 10:00:00+00:00,7158.441189208317
2024-12-24 15:15:00+00:00,7195.3786720425915
2024-12-24 20:00:00+00:00,7182.191908120571
2024-12-27 09:00:00+00:00,7169.227418387395
2024-12-27 15:15:00+00:00,7206.3307645846035
2024-12-27 17:15:00+00:00,7193.366916439872
2024-12-27 18:00:00+00:00,7195.199172714823
2024-12-28 01:45:00+00:00,7196.101227238559
2024-12-28 11:30:00+00:00,7182.80836045976
2024-12-29 13:00:00+00:00,7169.283290854629
2024-12-29 14:15:00+00:00,7170.811292741658
2024-12-30 08:00:00+00:00,7171.07037341516
2024-12-30 12:45:00+00:00,7172.58366815224
2024-12-30 15:45:00+00:00,7159.3253589268825
2024-12-30 17:30:00+00:00,7133.177487928641
2024-12-30 21:45:00+00:00,7170.100669421568
2024-12-31 08:15:00+00:00,7159.093331708667
2024-12-31 15:00:00+00:00,7145.817497876663
2024-12-31 16:30:00+00:00,7132.598821028175
2024-12-31 17:30:00+00:00,7119.498599383822
2025-01-01 00:45:00+00:00,7106.419447662904
2025-01-01 10:15:00+00:00,7093.102510835223
2025-01-02 04:30:00+00:00,7130.010423921825
2025-01-02 14:00:00+00:00,7131.440795236683
2025-01-02 14:30:00+00:00,7167.9154588815445
2025-01-02 15:15:00+00:00,7156.1081806016555
2025-01-02 17:30:00+00:00,7157.807961375834
2025-01-02 17:45:00+00:00,7144.640678351805
2025-01-02 22:15:00+00:00,7148.466869110411
2025-01-03 00:15:00+00:00,7149.023198502916
2025-01-03 01:45:00+00:00,7134.989148254721
2025-01-03 02:00:00+00:00,7121.823846780265
2025-01-03 04:30:00+00:00,7107.91552344046
2025-01-03 05:00:00+00:00,7104.132133114333
2025-01-03 06:00:00+00:00,7091.056079270776
2025-01-03 09:00:00+00:00,7092.173943180501
2025-01-03 11:45:00+00:00,7078.365879877954
2025-01-03 13:45:00+00:00,7065.367831853883
2025-01-04 16:15:00+00:00,7052.3602416948315
2025-01-05 10:45:00+00:00,7053.107439912491
2025-01-05 15:00:00+00:00,7054.098442093937
2025-01-05 20:15:00+00:00,7055.70863474099
2025-01-05 22:15:00+00:00,7043.271402368324
2025-01-06 01:30:00+00:00,7030.167473263555
2025-01-06 01:45:00+00:00,7031.555565131566
2025-01-06 07:15:00+00:00,7032.791704908136
2025-01-06 08:00:00+00:00,7019.74265614202
2025-01-06 10:00:00+00:00,7005.97985242132
2025-01-06 11:00:00+00:00,6992.872975930092
2025-01-06 13:00:00+00:00,6994.021360735626
2025-01-06 14:15:00+00:00,6983.107161478012
2025-01-06 16:45:00+00:00,6985.18968419378
2025-01-06 17:15:00+00:00,6971.883853869987
2025-01-06 20:30:00+00:00,7008.656238635723
2025-01-06 22:00:00+00:00,7010.327029823895
2025-01-06 23:15:00+00:00,6997.034999130052
2025-01-07 00:30:00+00:00,7033.776693803724
2025-01-07 00:45:00+00:00,7034.107674210378
2025-01-07 01:00:00+00:00,7020.8088258169155
2025-01-07 03:45:00+00:00,7007.281781308687
2025-01-07 09:45:00+00:00,7008.877198220324
2025-01-07 11:30:00+00:00,7045.193512061759
2025-01-07 13:15:00+00:00,7046.705695582725
2025-01-07 14:45:00+00:00,7082.886548004324
2025-01-07 15:30:00+00:00,7188.4524593060405
2025-01-08 01:45:00+00:00,7221.265343689246
2025-01-08 04:15:00+00:00,7258.4960558029115
2025-01-08 06:15:00+00:00,7295.485628834397
2025-01-08 06:45:00+00:00,7332.658323656354
2025-01-08 08:00:00+00:00,7319.6046594905565
2025-01-08 08:15:00+00:00,7306.606919308624
2025-01-08 13:00:00+00:00,7308.570113589304
2025-01-08 22:30:00+00:00,7295.712078431436
2025-01-09 21:00:00+00:00,7282.619406394409
2025-01-10 01:30:00+00:00,7269.751258222619
2025-01-11 13:30:00+00:00,7256.55749887834
2025-01-12 07:30:00+00:00,7258.33938590582
2025-01-12 18:30:00+00:00,7260.131626530586
2025-01-13 00:45:00+00:00,7262.0373558799765
2025-01-13 04:00:00+00:00,7263.422367679671
2025-01-13 06:45:00+00:00,7299.900691201883
2025-01-13 07:30:00+00:00,7323.529975087786
2025-01-13 09:15:00+00:00,7360.079666196157
2025-01-13 13:15:00+00:00,7398.869138677902
2025-01-13 14:30:00+00:00,7435.753673366353
2025-01-13 15:15:00+00:00,7447.007747363507
2025-01-13 16:45:00+00:00,7434.235283430516
2025-01-13 17:45:00+00:00,7421.455761575866
2025-01-13 19:45:00+00:00,7423.530057127297
2025-01-13 20:45:00+00:00,7410.716228103847
2025-01-14 03:30:00+00:00,7397.806629399695
2025-01-14 07:30:00+00:00,7399.883832315583
2025-01-14 09:15:00+00:00,7437.081095452773
2025-01-14 09:30:00+00:00,7473.606220420561
2025-01-14 10:00:00+00:00,7497.32385201844
2025-01-14 10:30:00+00:00,7483.988875586943
2025-01-14 11:15:00+00:00,7470.9582096665445
2025-01-14 11:30:00+00:00,7458.006979033022
2025-01-14 12:15:00+00:00,7444.845835875374
2025-01-14 14:00:00+00:00,7420.360713812076
2025-01-14 14:45:00+00:00,7408.901806600379
2025-01-14 16:00:00+00:00,7410.696555784424
2025-01-14 20:00:00+00:00,7396.719256793684
2025-01-15 00:45:00+00:00,7382.538681180388
2025-01-15 01:15:00+00:00,7382.42011096791
2025-01-15 09:45:00+00:00,7384.409981318351
2025-01-15 11:30:00+00:00,7371.358904738168
2025-01-15 19:45:00+00:00,7408.3172016315275
2025-01-15 21:00:00+00:00,7395.237657044448
2025-01-15 22:45:00+00:00,7432.25585036401
2025-01-15 23:00:00+00:00,7434.290918640473
2025-01-16 00:15:00+00:00,7436.178341042783
2025-01-16 00:30:00+00:00,7423.0742606587455
2025-01-16 03:15:00+00:00,7410.009608027363
2025-01-16 08:45:00+00:00,7446.970323012965
2025-01-16 11:00:00+00:00,7433.918586593323
2025-01-16 11:45:00+00:00,7420.896950382441
2025-01-16 12:30:00+00:00,7407.950027040436
2025-01-16 13:15:00+00:00,7410.075469384214
2025-01-16 15:30:00+00:00,7412.222189573968
2025-01-16 22:15:00+00:00,7407.056474859837
2025-01-16 22:30:00+00:00,7381.489416646249
2025-01-17 00:30:00+00:00,7368.581506133858
2025-01-17 01:30:00+00:00,7355.602545127391
2025-01-17 08:00:00+00:00,7392.648576874765
2025-01-17 08:45:00+00:00,7384.942391538695
2025-01-17 09:30:00+00:00,7372.086161959203
2025-01-17 13:30:00+00:00,7359.283403096248
2025-01-17 14:00:00+00:00,7361.207564690812
2025-01-17 15:15:00+00:00,7348.218526889736
2025-01-17 16:30:00+00:00,7335.216726606507
2025-01-17 17:30:00+00:00,7322.412742841708
2025-01-17 18:30:00+00:00,7324.456018214152
2025-01-17 19:15:00+00:00,7311.510655687519
2025-01-17 22:45:00+00:00,7298.022731431632
2025-01-18 00:45:00+00:00,7335.129748540412
2025-01-18 02:30:00+00:00,7321.540232863758
2025-01-18 03:15:00+00:00,7308.703316715239
2025-01-18 03:30:00+00:00,7345.634897033084
2025-01-18 08:00:00+00:00,7382.740521479706
2025-01-18 10:30:00+00:00,7419.9943552654995
2025-01-18 11:45:00+00:00,7407.25990109426
2025-01-18 15:45:00+00:00,7444.500245668
2025-01-18 16:15:00+00:00,7481.591470431326
2025-01-18 16:30:00+00:00,7470.993098914799
2025-01-18 19:00:00+00:00,7458.223461865006
2025-01-18 20:45:00+00:00,7460.566343131189
2025-01-18 23:30:00+00:00,7462.650169119275
2025-01-19 00:00:00+00:00,7449.847581131404
2025-01-19 01:00:00+00:00,7436.632205872506
2025-01-19 01:15:00+00:00,7423.603705610855
2025-01-19 05:45:00+00:00,7410.744854980687
2025-01-19 07:00:00+00:00,7447.816079845173
2025-01-19 09:00:00+00:00,7484.892881864813
2025-01-19 09:45:00+00:00,7523.710854619481
2025-01-19 12:15:00+00:00,7513.113552682156
2025-01-19 12:30:00+00:00,7514.984508048885
2025-01-19 13:45:00+00:00,7491.298224650972
2025-01-19 14:00:00+00:00,7478.48492836719
2025-01-19 18:15:00+00:00,7465.333737970747
2025-01-19 21:30:00+00:00,7501.936235218151
2025-01-19 22:15:00+00:00,7488.817415798819
2025-01-19 23:30:00+00:00,7528.113172460874
2025-01-20 00:15:00+00:00,7515.183651638738
2025-01-20 02:15:00+00:00,7517.472546033365
2025-01-20 06:30:00+00:00,7519.777228447937
2025-01-20 06:45:00+00:00,7506.8139170734585
2025-01-20 07:00:00+00:00,7544.0576219761915
2025-01-20 09:30:00+00:00,7531.375447103353
2025-01-20 10:45:00+00:00,7518.684622250679
2025-01-20 12:00:00+00:00,7505.959694578769
2025-01-20 12:15:00+00:00,7493.188774449476
2025-01-20 17:00:00+00:00,7530.362869886544
2025-01-20 17:45:00+00:00,7532.616999153838
2025-01-20 21:45:00+00:00,7527.108630486843
2025-01-21 07:30:00+00:00,7528.091852002636
2025-01-21 11:00:00+00:00,7530.398847278317
2025-01-22 06:15:00+00:00,7516.802544783453
2025-01-22 08:15:00+00:00,7503.090692831402
2025-01-22 10:15:00+00:00,7504.340908881905
2025-01-22 13:30:00+00:00,7506.3039564098135
2025-01-22 14:45:00+00:00,7508.2991769981
2025-01-22 15:45:00+00:00,7495.36027621841
2025-01-22 23:15:00+00:00,7488.0122266013805
2025-01-23 13:45:00+00:00,7490.102805291339
2025-01-24 00:45:00+00:00,7477.216847756639
2025-01-24 02:45:00+00:00,7464.289162931294
2025-01-24 06:00:00+00:00,7501.270617630262
2025-01-24 12:45:00+00:00,7499.944749883917
2025-01-24 14:30:00+00:00,7486.710345764355
2025-01-24 15:30:00+00:00,7473.574695959629
2025-01-24 20:30:00+00:00,7475.631272971597
2025-01-25 16:30:00+00:00,7477.576288938802
2025-01-25 23:00:00+00:00,7479.6173701156895
2025-01-26 01:30:00+00:00,7466.313213395355
2025-01-26 02:30:00+00:00,7468.252059674119
2025-01-26 06:15:00+00:00,7453.356514833424
2025-01-26 08:30:00+00:00,7438.188035055655
2025-01-26 22:45:00+00:00,7473.631189029107
2025-01-26 23:15:00+00:00,7510.376476329221
2025-01-27 00:00:00+00:00,7511.643821892604
2025-01-27 02:00:00+00:00,7572.103298708075
2025-01-27 03:15:00+00:00,7611.106825669798
2025-01-27 06:30:00+00:00,7647.9254854917635
2025-01-27 07:15:00+00:00,7722.025379443149
2025-01-27 07:30:00+00:00,7723.895886161217
2025-01-27 12:30:00+00:00,7762.830895828785
2025-01-27 12:45:00+00:00,7749.801401021932
2025-01-27 14:00:00+00:00,7724.127436686694
2025-01-27 14:30:00+00:00,7726.186749141666
2025-01-27 14:45:00+00:00,7728.158351692863
2025-01-27 17:00:00+00:00,7715.38081806779
2025-01-27 17:15:00+00:00,7702.280844121917
2025-01-27 20:45:00+00:00,7704.3579743549335
2025-01-27 21:15:00+00:00,7741.21033245289
2025-01-27 21:30:00+00:00,7743.3560979356525
2025-01-28 06:15:00+00:00,7730.310793127235
2025-01-28 08:30:00+00:00,7732.074374510295
2025-01-30 13:15:00+00:00,7768.829135959497
2025-01-30 15:15:00+00:00,7770.594000639553
2025-01-30 16:00:00+00:00,7772.486780512976
2025-01-30 20:30:00+00:00,7759.379828494656
2025-01-31 03:00:00+00:00,7748.218122834412
2025-01-31 16:15:00+00:00,7724.012527927677
2025-01-31 18:00:00+00:00,7710.970779004635
2025-01-31 21:15:00+00:00,7698.069427999979
2025-02-01 00:00:00+00:00,7684.819956743462
2025-02-01 00:15:00+00:00,7686.8951853558765
2025-02-01 06:45:00+00:00,7685.342543144104
2025-02-01 07:45:00+00:00,7672.391789363685
2025-02-01 09:30:00+00:00,7659.447410384714
2025-02-01 09:45:00+00:00,7695.228438809921
2025-02-01 12:45:00+00:00,7681.063148249216
2025-02-01 13:30:00+00:00,7683.127091024996
2025-02-01 15:15:00+00:00,7670.143262784687
2025-02-01 21:00:00+00:00,7657.104969288412
2025-02-01 21:15:00+00:00,7643.380360634962
2025-02-01 22:30:00+00:00,7680.392827616815
2025-02-01 23:00:00+00:00,7716.754993150752
2025-02-01 23:30:00+00:00,7718.8347188109465
2025-02-02 00:00:00+00:00,7692.063173312548
2025-02-02 00:15:00+00:00,7679.028260381057
2025-02-02 00:30:00+00:00,7666.147561106903
2025-02-02 00:45:00+00:00,7668.201036528052
2025-02-02 01:00:00+00:00,7654.872265621677
2025-02-02 03:00:00+00:00,7691.485202177333
2025-02-02 03:45:00+00:00,7728.428323734626
2025-02-02 05:30:00+00:00,7752.699428397668
2025-02-02 06:15:00+00:00,7739.704382864137
2025-02-02 08:30:00+00:00,7741.420063415249
2025-02-02 11:45:00+00:00,7778.022636578151
2025-02-02 12:45:00+00:00,7815.191492984026
2025-02-02 13:45:00+00:00,7802.314515464656
2025-02-02 15:30:00+00:00,7838.915970817255
2025-02-02 16:30:00+00:00,7876.120236247581
2025-02-02 16:45:00+00:00,7913.230905956727
2025-02-02 19:00:00+00:00,7950.492301365129
2025-02-02 20:00:00+00:00,7937.827373919459
2025-02-02 23:45:00+00:00,7925.195531619932
2025-02-03 01:45:00+00:00,7912.462274220262
2025-02-03 02:00:00+00:00,7899.871531606316
2025-02-03 16:45:00+00:00,7937.284191916441
2025-02-03 19:00:00+00:00,7974.704096425352
2025-02-03 21:45:00+00:00,8012.0835260413005
2025-02-08 12:00:00+00:00,8048.900527867056
2025-02-08 13:30:00+00:00,8085.327319756142
2025-02-08 14:45:00+00:00,8122.055342704408
2025-02-08 15:30:00+00:00,8109.0311242252055
2025-02-08 16:45:00+00:00,8145.989131411503
2025-02-08 20:30:00+00:00,8183.006032399461
2025-02-08 21:45:00+00:00,8170.030412123931
2025-02-08 23:45:00+00:00,8157.011261399097
2025-02-09 03:00:00+00:00,8158.931282095289
2025-02-09 09:30:00+00:00,8160.881677820228
2025-02-09 11:00:00+00:00,8147.907718743652
2025-02-09 12:00:00+00:00,8134.973784764253
2025-02-09 21:45:00+00:00,8172.016875892168
2025-02-14 10:00:00+00:00,8158.960714580414
2025-02-14 15:15:00+00:00,8161.0262252151715
2025-02-14 17:45:00+00:00,8162.958292120282
2025-02-14 19:30:00+00:00,8149.716116644298
2025-02-14 20:45:00+00:00,8136.441650111266
2025-02-16 22:15:00+00:00,8123.286894628361
2025-02-17 03:00:00+00:00,8110.182539620177
2025-02-17 05:00:00+00:00,8147.072767879269
2025-02-17 06:00:00+00:00,8135.200194204718
2025-02-17 08:45:00+00:00,8136.182057300639
2025-02-17 14:00:00+00:00,8124.1376277523605
2025-02-17 15:45:00+00:00,8160.19608018453
2025-02-17 20:45:00+00:00,8146.556269703754
2025-02-17 21:45:00+00:00,8133.655005537561
2025-02-18 01:00:00+00:00,8134.922406297218
2025-02-18 06:00:00+00:00,8171.91118632057
2025-02-18 07:15:00+00:00,8173.931497553571
2025-02-18 10:00:00+00:00,8160.985327859716
2025-02-18 21:00:00+00:00,8147.689055081074
2025-02-19 04:45:00+00:00,8134.706985112819
2025-02-19 19:15:00+00:00,8136.709296412739
2025-02-19 22:45:00+00:00,8138.712107321182
2025-02-20 00:45:00+00:00,8125.72135233507
2025-02-20 10:30:00+00:00,8127.584611004872
2025-02-20 14:00:00+00:00,8163.326285399861
2025-02-20 14:45:00+00:00,8149.007307899283
2025-02-20 23:15:00+00:00,8151.004506601608
2025-02-21 02:15:00+00:00,8152.8860179413705
2025-02-21 06:00:00+00:00,8139.677838758595
2025-02-21 07:15:00+00:00,8126.440057597697
2025-02-21 08:30:00+00:00,8113.202965177604
2025-02-21 09:15:00+00:00,8100.0228995945645
2025-02-21 09:30:00+00:00,8101.865757954102
2025-02-21 10:15:00+00:00,8138.018528577743
2025-02-21 13:00:00+00:00,8111.884390778929
2025-02-21 14:30:00+00:00,8113.3445713307065
2025-02-21 15:00:00+00:00,8115.365050582361
2025-02-21 15:15:00+00:00,8101.945689166042
2025-02-21 17:30:00+00:00,8139.098443907413
2025-02-21 21:30:00+00:00,8176.276813102008
2025-02-21 22:15:00+00:00,8178.517780875169
2025-02-22 00:30:00+00:00,8165.689998745717
2025-02-22 01:00:00+00:00,8152.754039373761
2025-02-22 07:45:00+00:00,8150.2284917780935
2025-02-22 17:45:00+00:00,8136.872802233169
2025-02-23 15:45:00+00:00,8173.05257372874
2025-02-23 17:15:00+00:00,8159.321016455617
2025-02-23 23:00:00+00:00,8145.595351128992
2025-02-24 00:00:00+00:00,8131.771502885748
2025-02-24 03:00:00+00:00,8168.022824255443
2025-02-24 05:30:00+00:00,8154.7345520738645
2025-02-24 10:15:00+00:00,8158.756941103627
2025-02-24 13:00:00+00:00,8145.8254118194045
2025-02-24 14:00:00+00:00,8132.850841057624
2025-02-24 16:00:00+00:00,8134.4438469267725
2025-02-24 17:15:00+00:00,8121.633741091298
2025-02-24 22:00:00+00:00,8158.824836204341
2025-02-24 22:15:00+00:00,8232.74098312418
2025-02-24 22:45:00+00:00,8219.986765022355
2025-02-24 23:00:00+00:00,8222.268893702187
2025-02-25 00:00:00+00:00,8259.132071444663
2025-02-25 06:45:00+00:00,8259.65043234487
2025-02-25 07:30:00+00:00,8296.537564954207
2025-02-25 08:15:00+00:00,8298.892189296646
2025-02-25 11:45:00+00:00,8300.925692737163
2025-02-26 05:45:00+00:00,8303.15268046624
2025-02-26 15:00:00+00:00,8340.24877353665
2025-02-27 13:30:00+00:00,8335.467205227882
2025-02-27 13:45:00+00:00,8322.212973580166
2025-02-27 14:45:00+00:00,8309.037706955773
2025-02-27 16:30:00+00:00,8300.376280284008
2025-02-27 16:45:00+00:00,8287.363184101034
2025-02-27 20:00:00+00:00,8274.473799946447
2025-02-28 09:00:00+00:00,8276.71816737037
2025-02-28 14:00:00+00:00,8313.925549209409
2025-02-28 20:15:00+00:00,8316.056950498662
2025-02-28 20:45:00+00:00,8316.63668730618
2025-03-01 02:45:00+00:00,8318.791547856688
2025-03-01 06:15:00+00:00,8320.854224471988
2025-03-01 11:00:00+00:00,8307.869513557955
2025-03-01 13:15:00+00:00,8294.88179825811
2025-03-01 17:30:00+00:00,8296.880154614015
2025-03-02 15:15:00+00:00,8333.931437375564
2025-03-03 09:30:00+00:00,8336.088496670563
2025-03-03 12:00:00+00:00,8323.276574810998
2025-03-03 13:30:00+00:00,8310.39281548337
2025-03-03 15:15:00+00:00,8297.621495151176
2025-03-03 18:45:00+00:00,8334.870907355024
2025-03-04 01:30:00+00:00,8372.163138194855
2025-03-04 15:15:00+00:00,8409.369213594488
2025-03-06 06:30:00+00:00,8411.458149119635
2025-03-06 07:30:00+00:00,8398.615842177096
2025-03-07 00:30:00+00:00,8435.819116405919
2025-03-07 01:15:00+00:00,8423.083924655724
2025-03-07 01:30:00+00:00,8410.320392372185
2025-03-07 08:00:00+00:00,8406.897415903688
2025-03-08 01:00:00+00:00,8409.114753806916
2025-03-08 04:30:00+00:00,8396.25742723968
2025-03-08 17:30:00+00:00,8383.236707776183
2025-03-08 22:00:00+00:00,8385.400621784118
2025-03-09 06:00:00+00:00,8372.306694342795
2025-03-09 09:15:00+00:00,8359.202510687108
2025-03-09 15:00:00+00:00,8345.832272302285
2025-03-09 16:15:00+00:00,8347.548571719355
2025-03-09 18:15:00+00:00,8421.497022320595
2025-03-10 18:45:00+00:00,8458.581911964306
2025-03-11 01:30:00+00:00,8445.781421970338
2025-03-11 11:00:00+00:00,8432.869435081358
2025-03-11 12:45:00+00:00,8420.017133033496
2025-03-11 14:15:00+00:00,8407.111438298565
2025-03-11 16:15:00+00:00,8444.42458237981
2025-03-12 00:30:00+00:00,8431.635601968672
2025-03-12 02:00:00+00:00,8433.771178521869
2025-03-12 15:00:00+00:00,8420.995059972027
2025-03-13 04:30:00+00:00,8408.020414716591
2025-03-13 12:30:00+00:00,8444.959853871711
2025-03-13 13:30:00+00:00,8432.129389654314
2025-03-13 13:45:00+00:00,8419.203286828702
2025-03-13 15:30:00+00:00,8406.350202022219
2025-03-14 14:00:00+00:00,8408.269317596669
2025-03-14 17:30:00+00:00,8395.35749861193
2025-03-15 03:15:00+00:00,8432.380420093732
2025-03-15 05:30:00+00:00,8419.218931066474
2025-03-15 07:15:00+00:00,8406.05699563031
2025-03-15 08:15:00+00:00,8407.885831504294
2025-03-15 13:00:00+00:00,8444.73450929787
2025-03-15 14:00:00+00:00,8431.550867100972
2025-03-15 14:45:00+00:00,8432.776596989226
2025-03-15 15:15:00+00:00,8434.615771368048
2025-03-15 16:30:00+00:00,8470.882008206077
2025-03-15 17:00:00+00:00,8472.748106787138
2025-03-15 21:00:00+00:00,8509.262552510147
2025-03-16 01:00:00+00:00,8510.842178008781
2025-03-16 02:45:00+00:00,8497.4390786392
2025-03-16 04:30:00+00:00,8484.055909991652
2025-03-17 05:15:00+00:00,8470.967631818177
2025-03-17 07:30:00+00:00,8472.89439137719
2025-03-17 07:45:00+00:00,8459.856686594032
2025-03-17 11:45:00+00:00,8461.776637402583
2025-03-17 13:15:00+00:00,8448.737664080863
2025-03-17 15:45:00+00:00,8450.711627518003
2025-03-18 03:30:00+00:00,8487.590113079572
2025-03-18 07:00:00+00:00,8489.518805718822
2025-03-19 03:45:00+00:00,8526.470503446415
2025-03-19 10:15:00+00:00,8513.451883153568
2025-03-19 12:30:00+00:00,8515.317422069744
2025-03-19 14:00:00+00:00,8502.129237427565
2025-03-19 16:30:00+00:00,8488.98034414691
2025-03-19 18:45:00+00:00,8475.820599533
2025-03-19 19:15:00+00:00,8462.987090957997
2025-03-20 04:00:00+00:00,8465.168114489476
2025-03-20 14:15:00+00:00,8452.027575049406
2025-03-20 16:15:00+00:00,8488.967952842788
2025-03-20 18:30:00+00:00,8476.003779023898
2025-03-21 00:45:00+00:00,8462.970838357938
2025-03-21 04:30:00+00:00,8464.755867039017
2025-03-22 20:45:00+00:00,8451.615918405867
2025-03-23 14:45:00+00:00,8453.178770799617
2025-03-23 16:00:00+00:00,8439.759728430992
2025-03-23 17:15:00+00:00,8426.39204561859
2025-03-23 20:00:00+00:00,8463.072980829733
2025-03-23 20:45:00+00:00,8449.789185085323
2025-03-24 07:00:00+00:00,8451.933407742607
2025-03-24 08:15:00+00:00,8438.182608306193
2025-03-24 10:00:00+00:00,8424.482507862278
2025-03-24 11:00:00+00:00,8410.693156911711
2025-03-24 12:00:00+00:00,8396.996445772422
2025-03-24 14:00:00+00:00,8433.838159620987
2025-03-24 14:15:00+00:00,8420.25642608188
2025-03-24 14:30:00+00:00,8422.362910121754
2025-03-24 16:15:00+00:00,8409.449996397183
2025-03-24 19:00:00+00:00,8448.558110428294
2025-03-24 20:45:00+00:00,8435.653413836988
2025-03-24 23:00:00+00:00,8434.800178642441
2025-03-25 03:30:00+00:00,8423.936282366447
2025-03-25 10:00:00+00:00,8410.29358794707
2025-03-25 11:15:00+00:00,8396.771137797992
2025-03-25 11:30:00+00:00,8398.709535773754
2025-03-26 12:30:00+00:00,8385.46053809087
2025-03-26 13:30:00+00:00,8372.272848980494
2025-03-26 13:45:00+00:00,8359.318226032776
2025-03-27 00:45:00+00:00,8346.274107795438
2025-03-27 10:15:00+00:00,8348.194470816245
2025-03-27 11:45:00+00:00,8334.87885647653
2025-03-27 13:15:00+00:00,8371.66704230715
2025-03-27 14:00:00+00:00,8358.608909171056
2025-03-27 14:30:00+00:00,8332.672321920818
2025-03-27 19:15:00+00:00,8369.299957852
2025-03-27 20:30:00+00:00,8371.285618778731
2025-03-27 21:45:00+00:00,8373.286505865983
2025-03-28 01:30:00+00:00,8375.257507536768
2025-03-28 13:15:00+00:00,8377.314800251035
2025-03-28 20:45:00+00:00,8414.337935496125
2025-03-29 02:45:00+00:00,8488.240318651255
2025-03-29 09:30:00+00:00,8525.180716262223
2025-03-29 23:30:00+00:00,8527.175661337942
2025-03-30 02:30:00+00:00,8514.187784180353
2025-03-30 08:30:00+00:00,8501.118256289483
2025-03-31 08:45:00+00:00,8537.810031823388
2025-03-31 09:00:00+00:00,8524.80081549654
2025-03-31 10:45:00+00:00,8511.873525031759
2025-04-01 02:45:00+00:00,8498.772599819777
2025-04-01 03:00:00+00:00,8492.102685296588
2025-04-01 17:00:00+00:00,8478.766991892271
2025-04-01 20:30:00+00:00,8465.7156661217
2025-04-02 00:15:00+00:00,8452.547052229795
2025-04-02 12:00:00+00:00,8439.701039128877
2025-04-03 01:00:00+00:00,8426.934353262015
2025-04-03 04:30:00+00:00,8427.085640199015
2025-04-03 06:30:00+00:00,8429.309766121216
2025-04-03 07:30:00+00:00,8416.395484047873
2025-04-03 10:15:00+00:00,8403.492702706722
2025-04-03 12:30:00+00:00,8390.571795676828
2025-04-03 12:45:00+00:00,8427.820909742975
2025-04-03 15:30:00+00:00,8429.965867874536
2025-04-04 05:00:00+00:00,8416.945538186612
2025-04-04 06:00:00+00:00,8454.075981179576
2025-04-04 07:45:00+00:00,8491.028438366924
2025-04-04 08:15:00+00:00,8527.911215191236
2025-04-04 09:30:00+00:00,8529.87221292611
2025-04-04 10:00:00+00:00,8516.829869617957
2025-04-04 10:45:00+00:00,8477.667008085838
2025-04-04 11:15:00+00:00,8438.608265012412
2025-04-04 14:30:00+00:00,8440.77843468003
2025-04-04 15:00:00+00:00,8477.819614734879
2025-04-04 15:30:00+00:00,8465.051237267668
2025-04-04 16:15:00+00:00,8439.38912280219
2025-04-04 16:30:00+00:00,8426.646115013029
2025-04-04 23:00:00+00:00,8424.690184926661
2025-04-04 23:30:00+00:00,8426.84618968125
2025-04-05 03:15:00+00:00,8428.731375397363
2025-04-05 04:45:00+00:00,8415.425215035913
2025-04-05 06:30:00+00:00,8417.070302405618
2025-04-05 11:30:00+00:00,8453.750284146527
2025-04-05 12:45:00+00:00,8455.998201525377
2025-04-05 13:30:00+00:00,8429.660222556698
2025-04-05 20:15:00+00:00,8422.250186922822
2025-04-06 14:45:00+00:00,8408.618611724294
2025-04-06 17:00:00+00:00,8445.102692648405
2025-04-06 17:45:00+00:00,8447.203641515996
2025-04-07 01:15:00+00:00,8436.4958951494
2025-04-07 06:15:00+00:00,8473.587838185991
2025-04-07 06:30:00+00:00,8510.713426300543
2025-04-07 06:45:00+00:00,8585.259092302449
2025-04-07 07:00:00+00:00,8572.485733628331
2025-04-07 08:15:00+00:00,8559.717227503766
2025-04-07 08:30:00+00:00,8521.461243134212
2025-04-07 10:15:00+00:00,8508.582166559805
2025-04-07 14:15:00+00:00,8495.925702076544
2025-04-08 01:00:00+00:00,8496.704554877224
2025-04-08 06:00:00+00:00,8483.86882116597
2025-04-08 12:00:00+00:00,8520.92224068169
2025-04-08 13:30:00+00:00,8508.035690835057
2025-04-08 14:45:00+00:00,8495.19786619907
2025-04-08 16:00:00+00:00,8497.550735920147
2025-04-08 16:30:00+00:00,8484.74024894418
2025-04-09 00:30:00+00:00,8486.988659047129
2025-04-09 01:30:00+00:00,8489.149145321646
2025-04-09 01:45:00+00:00,8478.353287683556
2025-04-09 02:00:00+00:00,8465.614618181617
2025-04-09 04:00:00+00:00,8467.688676211079
2025-04-09 04:30:00+00:00,8454.954036370304
2025-04-09 05:00:00+00:00,8429.252622856351
2025-04-09 07:00:00+00:00,8416.3279284813
2025-04-09 13:30:00+00:00,8422.743088315034
2025-04-10 00:30:00+00:00,8418.68710833335
2025-04-10 00:45:00+00:00,8407.527686404495
2025-04-10 03:00:00+00:00,8394.67786963849
2025-04-10 03:15:00+00:00,8384.067218345243
2025-04-10 07:30:00+00:00,8385.755635839487
2025-04-10 10:30:00+00:00,8373.35915109785
2025-04-10 11:00:00+00:00,8359.841326972713
2025-04-10 12:15:00+00:00,8360.019873285224
2025-04-10 12:45:00+00:00,8361.599620367648
2025-04-10 13:30:00+00:00,8350.705334971894
2025-04-10 14:45:00+00:00,8352.854033590365
2025-04-10 16:45:00+00:00,8340.029550758174
2025-04-10 20:45:00+00:00,8327.192271110383
2025-04-11 00:00:00+00:00,8301.477943367978
2025-04-11 06:45:00+00:00,8296.82358016138
2025-04-11 14:15:00+00:00,8283.952495171421
2025-04-11 17:00:00+00:00,8320.414954894375
2025-04-11 18:45:00+00:00,8322.566585883103
2025-04-11 21:30:00+00:00,8324.670876503691
2025-04-11 23:15:00+00:00,8325.954833546139
2025-04-12 00:15:00+00:00,8311.887623541237
2025-04-12 00:45:00+00:00,8297.821474452232
2025-04-12 02:45:00+00:00,8299.793848863466
2025-04-12 04:15:00+00:00,8286.037240673051
2025-04-12 04:30:00+00:00,8323.022660769606
2025-04-12 13:30:00+00:00,8309.811267087354
2025-04-12 14:00:00+00:00,8296.709313009966
2025-04-12 14:30:00+00:00,8283.699473038165
2025-04-12 23:00:00+00:00,8284.995774203999
2025-04-13 21:30:00+00:00,8322.051480395066
2025-04-14 08:30:00+00:00,8309.2035615424
2025-04-14 11:00:00+00:00,8346.229722972408
2025-04-14 13:30:00+00:00,8333.266680054408
2025-04-16 00:00:00+00:00,8370.35300854437
2025-04-16 04:30:00+00:00,8357.296146408686
2025-04-16 05:15:00+00:00,8344.206325155901
2025-04-16 08:00:00+00:00,8331.200048529097
2025-04-16 08:30:00+00:00,8333.115263102112
2025-04-16 13:30:00+00:00,8320.110109810206
2025-04-16 13:45:00+00:00,8319.64411949868
2025-04-16 15:15:00+00:00,8356.637352052378
2025-04-16 16:15:00+00:00,8343.727632070331
2025-04-16 17:30:00+00:00,8345.81912067343
2025-04-16 19:45:00+00:00,8332.995536484046
2025-04-16 23:30:00+00:00,8320.156902635073
2025-04-17 05:15:00+00:00,8357.349274152686
2025-04-17 06:30:00+00:00,8394.36777954763
2025-04-17 07:45:00+00:00,8381.283185915046
2025-04-17 08:45:00+00:00,8368.161266528932
2025-04-17 14:00:00+00:00,8341.977920465531
2025-04-20 10:45:00+00:00,8365.071840111104
2025-04-20 11:30:00+00:00,8401.709138868391
2025-04-20 14:00:00+00:00,8374.88197050957
2025-04-20 16:15:00+00:00,8361.706716187755
2025-04-20 19:30:00+00:00,8348.145599606894
2025-04-20 20:00:00+00:00,8334.872828589068
2025-04-20 20:15:00+00:00,8321.683981958126
2025-04-21 00:15:00+00:00,8323.395304674217
2025-04-21 04:45:00+00:00,8327.069673805587
2025-04-21 05:45:00+00:00,8314.00141931824
2025-04-21 06:00:00+00:00,8315.819479793969
2025-04-21 08:00:00+00:00,8302.599367824081
2025-04-21 10:15:00+00:00,8289.376665160114
2025-04-21 11:00:00+00:00,8290.82653683982
2025-04-21 11:15:00+00:00,8277.463071621383
2025-04-21 12:45:00+00:00,8314.228045631631
2025-04-21 13:00:00+00:00,8315.362916219783
2025-04-21 13:45:00+00:00,8302.025313187687
2025-04-21 14:15:00+00:00,8288.808375733466
2025-04-21 16:45:00+00:00,8275.520562768628
2025-04-21 23:30:00+00:00,8311.006311208348
2025-04-22 00:30:00+00:00,8347.975624644272
2025-04-22 00:45:00+00:00,8349.50464237017
2025-04-22 01:15:00+00:00,8351.490602038572
2025-04-22 04:00:00+00:00,8353.434210976131
2025-04-22 07:30:00+00:00,8340.29903731884
2025-04-22 08:15:00+00:00,8300.58189830158
2025-04-22 10:30:00+00:00,8302.530847167247
2025-04-22 13:00:00+00:00,8289.42434282755
2025-04-22 13:45:00+00:00,8326.310263615927
2025-04-22 14:45:00+00:00,8300.204161565307
2025-04-22 15:00:00+00:00,8337.15175845687
2025-04-22 16:45:00+00:00,8324.296027067114
2025-04-22 21:15:00+00:00,8361.314057693313
2025-04-22 21:30:00+00:00,8362.879790529387
2025-04-22 21:45:00+00:00,8399.996734815304
2025-04-23 01:45:00+00:00,8402.129765248183
2025-04-23 07:00:00+00:00,8404.258194979042
2025-04-23 07:45:00+00:00,8393.333966660546
2025-04-23 09:00:00+00:00,8380.394982923961
2025-04-23 11:15:00+00:00,8367.426460756305
2025-04-23 13:30:00+00:00,8404.014485035996
2025-04-23 13:45:00+00:00,8406.064856348956
2025-04-23 16:45:00+00:00,8407.671593297358
2025-04-23 17:00:00+00:00,8409.816929406566
2025-04-23 22:30:00+00:00,8396.974398762963
2025-04-23 22:45:00+00:00,8383.909650925389
2025-04-24 00:15:00+00:00,8385.879300328821
2025-04-24 01:30:00+00:00,8387.676706174296
2025-04-24 03:45:00+00:00,8424.657062597827
2025-04-24 07:15:00+00:00,8461.522552843378
2025-04-24 08:30:00+00:00,8498.178005073929
2025-04-24 09:30:00+00:00,8500.065198816304
2025-04-24 12:30:00+00:00,8486.967120485331
2025-04-24 12:45:00+00:00,8489.016385878724
2025-04-24 13:30:00+00:00,8475.789639898156
2025-04-24 14:00:00+00:00,8449.641870013456
2025-04-24 14:45:00+00:00,8436.662521839085
2025-04-24 15:00:00+00:00,8423.369857243159
2025-04-24 15:45:00+00:00,8410.564401927735
2025-04-24 18:00:00+00:00,8412.66417243124
2025-04-25 01:00:00+00:00,8399.607388371373
2025-04-25 03:30:00+00:00,8401.609375233364
2025-04-25 06:30:00+00:00,8388.593305371362
2025-04-25 07:00:00+00:00,8375.514948884755
2025-04-25 11:15:00+00:00,8377.490709556974
2025-04-25 14:00:00+00:00,8379.541392388179
2025-04-26 01:30:00+00:00,8381.14622360003
2025-04-27 00:15:00+00:00,8418.042459716773
2025-04-27 01:15:00+00:00,8454.85541931335
2025-04-27 01:45:00+00:00,8428.664565572117
2025-04-27 02:15:00+00:00,8430.38236268547
2025-04-27 08:45:00+00:00,8431.14300460056
2025-04-27 09:00:00+00:00,8422.837086445534
2025-04-28 01:15:00+00:00,8409.793145919239
2025-04-28 02:30:00+00:00,8396.827281208467
2025-04-28 10:00:00+00:00,8383.752191170486
2025-04-28 12:45:00+00:00,8385.673081857245
2025-04-28 14:15:00+00:00,8372.672774428585
2025-04-28 18:00:00+00:00,8374.728833143105
2025-04-28 19:00:00+00:00,8361.756323172984
2025-04-28 22:00:00+00:00,8365.70445879131
2025-04-28 23:30:00+00:00,8352.250979474715
2025-04-29 01:00:00+00:00,8325.83633618754
2025-04-29 01:15:00+00:00,8312.482695697547
2025-04-29 02:00:00+00:00,8299.333220016519
2025-04-29 03:45:00+00:00,8286.279776991783
2025-04-29 06:15:00+00:00,8288.093071227579
2025-04-29 06:45:00+00:00,8276.663920527171
2025-04-29 07:45:00+00:00,8263.466169304038
2025-04-29 11:00:00+00:00,8265.338634493171
2025-04-29 11:15:00+00:00,8267.078853172323
2025-04-29 13:15:00+00:00,8253.86161172296
2025-04-29 14:00:00+00:00,8255.72196483567
2025-04-29 14:30:00+00:00,8242.525865151438
2025-04-29 16:15:00+00:00,8229.3677575454
2025-04-29 23:45:00+00:00,8216.215518583324
2025-04-30 00:00:00+00:00,8203.910790301095
2025-04-30 02:00:00+00:00,8205.783854419433
2025-04-30 02:15:00+00:00,8192.127639859302
2025-04-30 03:45:00+00:00,8178.356335056662
2025-04-30 04:45:00+00:00,8152.0888431147705
2025-04-30 07:45:00+00:00,8188.734865829833
2025-04-30 09:30:00+00:00,8175.49837135943
2025-04-30 10:45:00+00:00,8177.322044901531
2025-04-30 12:30:00+00:00,8214.056802448053
2025-04-30 13:15:00+00:00,8252.415076964953
2025-04-30 13:30:00+00:00,8289.27539351592
2025-04-30 14:15:00+00:00,8332.083490707098
2025-04-30 14:30:00+00:00,8319.124189655968
2025-04-30 18:00:00+00:00,8306.247901013483
2025-04-30 20:00:00+00:00,8280.307018643598
2025-04-30 20:15:00+00:00,8254.037340689607
2025-05-01 01:00:00+00:00,8256.068622022134
2025-05-01 02:15:00+00:00,8242.115840706638
2025-05-01 02:30:00+00:00,8233.041558845453
2025-05-01 02:45:00+00:00,8224.765062214601
2025-05-01 05:00:00+00:00,8226.513550065381
2025-05-01 07:00:00+00:00,8213.16111117986
2025-05-01 08:30:00+00:00,8199.864643429055
2025-05-01 11:00:00+00:00,8236.474716878958
2025-05-01 13:30:00+00:00,8223.145453058138
2025-05-01 14:45:00+00:00,8209.977347215907
2025-05-01 15:00:00+00:00,8246.761262248167
2025-05-01 15:45:00+00:00,8233.654127725758
2025-05-01 16:30:00+00:00,8235.572447784316
2025-05-01 18:15:00+00:00,8222.118975212245
2025-05-01 23:00:00+00:00,8208.628925062712
2025-05-02 01:00:00+00:00,8197.810638154138
2025-05-02 01:30:00+00:00,8199.581018197292
2025-05-02 02:15:00+00:00,8185.173980511193
2025-05-02 04:15:00+00:00,8187.023585466201
2025-05-02 05:45:00+00:00,8222.653057947653
2025-05-02 07:00:00+00:00,8224.514316124432
2025-05-02 08:00:00+00:00,8225.059940912937
2025-05-02 10:00:00+00:00,8210.79812138811
2025-05-02 12:45:00+00:00,8197.718276568015
2025-05-03 01:30:00+00:00,8198.957229176378
2025-05-03 11:15:00+00:00,8198.599348622663
2025-05-03 12:30:00+00:00,8183.419860650299
2025-05-03 13:15:00+00:00,8167.965492747759
2025-05-03 15:00:00+00:00,8152.637266210303
2025-05-03 17:00:00+00:00,8139.274495263593
2025-05-03 22:00:00+00:00,8141.045375242293
2025-05-04 01:45:00+00:00,8127.792481273613
2025-05-04 02:00:00+00:00,8114.765365846708
2025-05-04 07:30:00+00:00,8101.69020697038
2025-05-04 08:30:00+00:00,8088.548018001488
2025-05-04 15:00:00+00:00,8073.877447192806
2025-05-04 19:30:00+00:00,8074.132013452268
2025-05-04 22:30:00+00:00,8110.08867258825
2025-05-05 02:15:00+00:00,8096.95740784415
2025-05-05 04:30:00+00:00,8085.776926909167
2025-05-05 05:45:00+00:00,8072.01586650653
2025-05-05 13:45:00+00:00,8094.848855017167
2025-05-05 17:15:00+00:00,8081.143839082816
2025-05-05 18:30:00+00:00,8067.477201549035
2025-05-05 21:15:00+00:00,8068.7316636515425
2025-05-06 11:45:00+00:00,8105.632058321343
2025-05-06 14:00:00+00:00,8107.338906871702
2025-05-06 18:45:00+00:00,8094.1798482731565
2025-05-07 02:30:00+00:00,8096.2029774010725
2025-05-07 03:15:00+00:00,8083.157391109565
2025-05-07 13:00:00+00:00,8068.704901032404
2025-05-07 14:15:00+00:00,8054.338314923734
2025-05-07 16:30:00+00:00,8091.137317493501
2025-05-07 18:00:00+00:00,8077.898209999719
2025-05-07 18:15:00+00:00,8064.830076653303
2025-05-07 22:00:00+00:00,8051.731670274167
2025-05-07 23:45:00+00:00,8037.577138657486
2025-05-08 01:00:00+00:00,8023.291902160731
2025-05-08 04:45:00+00:00,8010.295089510477
2025-05-08 11:15:00+00:00,7996.473308796785
2025-05-08 13:45:00+00:00,7983.372265598147
2025-05-08 15:15:00+00:00,8020.203511062375
2025-05-08 17:30:00+00:00,8079.739589992029
2025-05-09 03:00:00+00:00,8066.798521150344
2025-05-09 06:15:00+00:00,8068.8574890348455
2025-05-09 07:00:00+00:00,8042.873279949779
2025-05-09 07:30:00+00:00,8016.839436772617
2025-05-09 07:45:00+00:00,8003.137549031908
2025-05-09 08:15:00+00:00,7990.19708640481
2025-05-09 08:45:00+00:00,7950.903890602934
2025-05-09 09:00:00+00:00,7924.8729215733265
2025-05-09 10:45:00+00:00,7911.7623453807855
2025-05-09 11:15:00+00:00,7886.212578387741
2025-05-09 13:45:00+00:00,7873.041314581385
2025-05-09 17:15:00+00:00,7860.220474669435
2025-05-10 00:00:00+00:00,7847.254413382153
2025-05-10 00:15:00+00:00,7849.502935845997
2025-05-10 01:15:00+00:00,7851.456505497237
2025-05-10 02:30:00+00:00,7840.468001884091
2025-05-10 05:45:00+00:00,7842.494478580639
2025-05-10 06:15:00+00:00,7844.70894087956
2025-05-10 07:15:00+00:00,7831.664139279763
2025-05-10 07:45:00+00:00,7818.637237199387
2025-05-10 09:30:00+00:00,7820.655582063764
2025-05-10 17:30:00+00:00,7807.390817763565
2025-05-11 06:30:00+00:00,7844.485955184527
2025-05-11 08:15:00+00:00,7846.620661260669
2025-05-11 10:30:00+00:00,7833.75512100155
2025-05-11 14:45:00+00:00,7835.610266177755
2025-05-11 17:45:00+00:00,7837.5043023587505
2025-05-11 18:30:00+00:00,7826.668029417039
2025-05-11 18:45:00+00:00,7813.714964789727
2025-05-11 22:00:00+00:00,7815.7652343201735
2025-05-12 00:30:00+00:00,7802.763422070838
2025-05-12 01:00:00+00:00,7789.1595105614615
2025-05-12 01:45:00+00:00,7793.0390540668905
2025-05-12 02:00:00+00:00,7795.1036433899435
2025-05-12 02:15:00+00:00,7782.042932892172
2025-05-12 02:30:00+00:00,7771.144974100363
2025-05-12 04:00:00+00:00,7757.793482848764
2025-05-12 04:45:00+00:00,7744.914194467875
2025-05-12 06:45:00+00:00,7732.025532911661
2025-05-12 15:00:00+00:00,7769.26266789805
2025-05-12 18:45:00+00:00,7806.563175972326
2025-05-12 20:45:00+00:00,7808.852084139048
2025-05-13 04:15:00+00:00,7811.001371764844
2025-05-13 04:30:00+00:00,7813.102828518156
2025-05-13 09:15:00+00:00,7799.659063872316
2025-05-13 09:30:00+00:00,7786.813660586284
2025-05-14 20:45:00+00:00,7783.943413683927
2025-05-14 21:45:00+00:00,7770.79865490469
2025-05-15 00:00:00+00:00,7772.634924474574
2025-05-15 00:15:00+00:00,7760.1650542441885
2025-05-15 01:45:00+00:00,7796.989548973832
2025-05-15 07:15:00+00:00,7907.635220102922
2025-05-15 08:30:00+00:00,7893.694260867121
2025-05-15 08:45:00+00:00,7880.854394428162
2025-05-15 11:15:00+00:00,7881.905614739797
2025-05-15 12:30:00+00:00,7870.11155678345
2025-05-15 14:00:00+00:00,7874.142560612205
2025-05-15 14:30:00+00:00,7911.1602269025625
2025-05-15 14:45:00+00:00,7947.426939621472
2025-05-15 15:15:00+00:00,7934.554567939914
2025-05-15 15:30:00+00:00,7910.4911415767765
2025-05-15 16:45:00+00:00,7884.739326451528
2025-05-15 17:15:00+00:00,7871.948781388209
2025-05-15 21:00:00+00:00,7908.994346698154
2025-05-15 21:15:00+00:00,7946.141370334396
2025-05-15 23:30:00+00:00,7948.326490677076
2025-05-16 02:00:00+00:00,7935.377602896588
2025-05-16 03:45:00+00:00,7939.618434844893
2025-05-17 02:15:00+00:00,7941.085992932512
2025-05-17 02:30:00+00:00,7943.076320531539
2025-05-17 03:30:00+00:00,7930.086838054083
2025-05-17 03:45:00+00:00,7916.6503209509665
2025-05-17 10:30:00+00:00,7918.482545755599
2025-05-17 14:15:00+00:00,7920.329342045279
2025-05-17 16:45:00+00:00,7956.688341014908
2025-05-17 17:00:00+00:00,7958.5102265554515
2025-05-17 18:15:00+00:00,7960.312637166875
2025-05-17 20:45:00+00:00,7947.132720369058
2025-05-17 23:30:00+00:00,7947.197592693765
2025-05-18 00:45:00+00:00,7949.006343825653
2025-05-18 05:15:00+00:00,7935.7232895658535
2025-05-18 12:00:00+00:00,7937.685828261402
2025-05-18 14:30:00+00:00,7974.584164660178
2025-05-18 16:15:00+00:00,7976.544793957894
2025-05-18 17:45:00+00:00,7962.904968149311
2025-05-18 19:30:00+00:00,7937.195656009425
2025-05-18 20:00:00+00:00,7974.294796176035
2025-05-18 20:15:00+00:00,7963.585151872924
2025-05-18 21:15:00+00:00,7965.715288695485
2025-05-18 22:30:00+00:00,7952.916008363042
2025-05-18 23:45:00+00:00,7940.112077194857
2025-05-19 00:30:00+00:00,7978.976520921858
2025-05-19 04:45:00+00:00,8016.191070479305
2025-05-19 07:15:00+00:00,8003.346456549033
2025-05-19 07:30:00+00:00,8005.469774306121
2025-05-19 13:45:00+00:00,7992.609566979162
2025-05-19 14:00:00+00:00,7987.962566679462
2025-05-19 14:45:00+00:00,7974.41238905546
2025-05-19 16:45:00+00:00,7963.615991322732
2025-05-19 17:00:00+00:00,7950.02802766183
2025-05-20 02:15:00+00:00,7987.038757796166
2025-05-20 03:30:00+00:00,7988.504411402479
2025-05-20 07:30:00+00:00,7975.039753583381
2025-05-20 07:45:00+00:00,7962.103835240209
2025-05-20 13:30:00+00:00,7948.532743384482
2025-05-20 21:00:00+00:00,7935.604616732949
2025-05-20 23:15:00+00:00,7922.679738362666
2025-05-21 07:15:00+00:00,7924.331292066691
2025-05-21 17:00:00+00:00,7911.451187858929
2025-05-21 17:15:00+00:00,7898.257215878944
2025-05-22 09:00:00+00:00,7935.256329401749
2025-05-22 13:00:00+00:00,7937.285905564105
2025-05-22 15:30:00+00:00,7938.840105347385
2025-05-22 21:00:00+00:00,7933.783486499931
2025-05-23 02:30:00+00:00,7957.467299019028
2025-05-23 03:30:00+00:00,7944.577223335062
2025-05-23 04:15:00+00:00,7918.631317644451
2025-05-23 06:30:00+00:00,7905.703615160062
2025-05-23 11:00:00+00:00,7907.666069831892
2025-05-23 11:30:00+00:00,7909.548626648708
2025-05-23 11:45:00+00:00,7896.510601824179
2025-05-23 12:30:00+00:00,7892.541883998121
2025-05-23 13:30:00+00:00,7894.516141237877
2025-05-23 13:45:00+00:00,7868.891760892902
2025-05-23 14:45:00+00:00,7856.104099034987
2025-05-23 22:45:00+00:00,7893.326000213132
2025-05-23 23:30:00+00:00,7930.38201027379
2025-05-24 00:30:00+00:00,7917.296901373736
2025-05-24 03:15:00+00:00,7904.362163948567
2025-05-24 05:45:00+00:00,7906.406805263304
2025-05-24 08:45:00+00:00,7908.408386040657
2025-05-24 12:00:00+00:00,7910.225421042099
2025-05-24 13:00:00+00:00,7896.9798980936275
2025-05-24 14:00:00+00:00,7883.717010608777
2025-05-24 15:30:00+00:00,7885.44970732931
2025-05-24 18:45:00+00:00,7887.187514318347
2025-05-24 21:15:00+00:00,7873.912650246715
2025-05-24 22:30:00+00:00,7860.624372007697
2025-05-25 00:30:00+00:00,7847.403641278261
2025-05-25 07:30:00+00:00,7849.334342862343
2025-05-25 08:00:00+00:00,7836.0487529786205
2025-05-27 13:00:00+00:00,7822.469520712767
2025-05-27 13:45:00+00:00,7824.254781189155
2025-05-27 14:30:00+00:00,7810.825695419345
2025-05-27 16:45:00+00:00,7797.85623543965
2025-05-27 17:00:00+00:00,7834.7584624927595
2025-05-27 17:45:00+00:00,7821.748422484007
2025-05-27 18:15:00+00:00,7823.713874201625
2025-05-27 21:30:00+00:00,7810.468847798648
2025-05-27 22:15:00+00:00,7797.45963073574
2025-05-28 00:00:00+00:00,7783.778773395436
2025-05-28 00:15:00+00:00,7770.641524280791
2025-05-28 17:00:00+00:00,7772.396930272528
2025-05-28 21:15:00+00:00,7761.228143369741
2025-05-28 21:45:00+00:00,7763.202522203823
2025-05-28 23:00:00+00:00,7764.432984918858
2025-05-28 23:30:00+00:00,7738.043488245043
2025-05-29 00:15:00+00:00,7739.219701975248
2025-05-29 00:45:00+00:00,7712.118871241682
2025-05-29 02:30:00+00:00,7698.880977178074
2025-05-29 02:45:00+00:00,7685.203529723056
2025-05-29 08:15:00+00:00,7686.483365781704
2025-05-29 14:00:00+00:00,7723.3272778523315
2025-05-30 00:45:00+00:00,7759.889117160269
2025-05-30 02:30:00+00:00,7783.528889630693
2025-05-30 10:45:00+00:00,7759.239300075018
2025-05-30 12:30:00+00:00,7762.038818941656
2025-05-30 14:15:00+00:00,7799.035392512893
2025-05-30 15:00:00+00:00,7800.409756120985
2025-05-30 18:15:00+00:00,7802.421870114116
2025-05-30 22:30:00+00:00,7838.944910067502
2025-05-31 00:45:00+00:00,7840.607856156069
2025-05-31 06:30:00+00:00,7827.7480459828375
2025-05-31 07:15:00+00:00,7814.935963403373
2025-05-31 11:30:00+00:00,7801.815444082705
2025-05-31 16:15:00+00:00,7838.61259839692
2025-05-31 17:45:00+00:00,7825.307601766889
2025-05-31 22:45:00+00:00,7811.9756112505775
2025-05-31 23:30:00+00:00,7798.48000486779
2025-06-01 00:00:00+00:00,7785.276276776229
2025-06-01 01:45:00+00:00,7771.760853594005
2025-06-01 14:00:00+00:00,7760.138933222587
2025-06-01 16:00:00+00:00,7746.7374401462475
2025-06-01 23:15:00+00:00,7732.713134080299
2025-06-02 01:00:00+00:00,7718.702441685382
2025-06-02 04:00:00+00:00,7754.88327081145
2025-06-03 08:15:00+00:00,7741.426758451235
2025-06-03 13:30:00+00:00,7727.887252775499
2025-06-03 15:30:00+00:00,7764.435022891415
2025-06-03 17:45:00+00:00,7751.262934083367
2025-06-03 20:00:00+00:00,7738.216917469824
2025-06-03 20:15:00+00:00,7740.057316567099
2025-06-03 21:45:00+00:00,7713.902260377279
2025-06-04 00:30:00+00:00,7700.846853329643
2025-06-04 07:15:00+00:00,7690.421670258422
2025-06-04 07:30:00+00:00,7670.5325701546335
2025-06-04 09:30:00+00:00,7672.22701967305
2025-06-04 10:30:00+00:00,7658.885445701899
2025-06-04 11:30:00+00:00,7645.620698814333
2025-06-04 13:00:00+00:00,7647.077023905297
2025-06-04 14:00:00+00:00,7633.577446302309
2025-06-04 17:00:00+00:00,7620.266170065268
2025-06-04 17:30:00+00:00,7607.150149628586
2025-06-05 21:30:00+00:00,7594.331889904196
2025-06-05 21:45:00+00:00,7596.480666665218
2025-06-06 02:45:00+00:00,7583.354539444925
2025-06-06 04:30:00+00:00,7569.7844711452535
2025-06-06 04:45:00+00:00,7558.522071631895
2025-06-06 06:00:00+00:00,7544.6835917675535
2025-06-06 13:00:00+00:00,7581.692401484125
2025-06-06 15:30:00+00:00,7581.458714027017
2025-06-06 16:45:00+00:00,7569.646185452457
2025-06-06 17:00:00+00:00,7556.12340427796
2025-06-06 18:15:00+00:00,7543.090068637517
2025-06-06 22:00:00+00:00,7529.229609041396
2025-06-06 23:45:00+00:00,7510.342458156044
2025-06-07 05:45:00+00:00,7546.110130282584
2025-06-07 12:30:00+00:00,7581.612897893503
2025-06-07 16:00:00+00:00,7617.776345525449
2025-06-07 16:15:00+00:00,7619.66684129209
2025-06-07 17:30:00+00:00,7606.524919438234
2025-06-07 22:00:00+00:00,7608.153859615487
2025-06-07 22:30:00+00:00,7594.615939244921
2025-06-08 00:30:00+00:00,7631.206001417502
2025-06-08 01:45:00+00:00,7632.543904663506
2025-06-08 06:15:00+00:00,7618.9268151569295
2025-06-08 08:30:00+00:00,7620.595588582306
2025-06-08 09:00:00+00:00,7622.499347431313
2025-06-08 09:15:00+00:00,7659.203095738755
2025-06-08 11:00:00+00:00,7682.562773708038
2025-06-08 12:00:00+00:00,7642.41914409346
2025-06-08 13:30:00+00:00,7629.2540962602725
2025-06-08 14:15:00+00:00,7589.253752580771
2025-06-08 14:45:00+00:00,7575.997942137397
2025-06-08 16:15:00+00:00,7562.770313606483
2025-06-08 19:45:00+00:00,7549.516720283589
2025-06-08 22:00:00+00:00,7551.384184200531
2025-06-09 00:15:00+00:00,7538.140874954718
2025-06-09 01:00:00+00:00,7561.562222084333
2025-06-09 02:15:00+00:00,7563.1548393221565
2025-06-09 06:45:00+00:00,7564.798345321311
2025-06-09 09:30:00+00:00,7566.75927350793
2025-06-09 10:15:00+00:00,7553.674982210438
2025-06-09 12:00:00+00:00,7540.509307315628
2025-06-09 13:30:00+00:00,7527.362179234701
2025-06-09 14:00:00+00:00,7529.292768578488
2025-06-09 21:00:00+00:00,7566.174734705835
2025-06-10 00:00:00+00:00,7603.038526657739
2025-06-10 01:45:00+00:00,7604.88989351992
2025-06-10 02:00:00+00:00,7591.791759497803
2025-06-10 03:00:00+00:00,7578.705126308928
2025-06-10 05:15:00+00:00,7552.467239797314
2025-06-10 06:00:00+00:00,7539.40086199498
2025-06-10 11:15:00+00:00,7576.2080483375685
2025-06-10 11:30:00+00:00,7612.9420519738305
2025-06-10 12:00:00+00:00,7599.923483892406
2025-06-10 18:45:00+00:00,7587.05175451954
2025-06-10 22:00:00+00:00,7574.1145608447
2025-06-11 03:15:00+00:00,7576.158236004312
2025-06-11 04:30:00+00:00,7578.19099759597
2025-06-11 07:15:00+00:00,7565.065788965486
2025-06-11 09:30:00+00:00,7567.068882041828
2025-06-11 11:30:00+00:00,7603.951231452758
2025-06-11 13:45:00+00:00,7605.858869546877
2025-06-11 14:30:00+00:00,7642.979855805303
2025-06-11 22:00:00+00:00,7680.063498760143
2025-06-12 19:45:00+00:00,7717.156846006172
2025-06-13 01:00:00+00:00,7754.137846538482
2025-06-13 01:30:00+00:00,7791.307455513671
2025-06-13 03:45:00+00:00,7793.042186331375
2025-06-13 07:45:00+00:00,7784.210136946285
2025-06-13 08:00:00+00:00,7770.865822467463
2025-06-13 10:15:00+00:00,7771.583423808631
2025-06-13 11:00:00+00:00,7773.558041037115
2025-06-13 14:45:00+00:00,7775.229104875647
2025-06-13 21:30:00+00:00,7776.58122628818
2025-06-14 08:15:00+00:00,7776.307219973229
2025-06-14 10:00:00+00:00,7763.051431543576
2025-06-14 15:15:00+00:00,7749.750685468438
2025-06-14 16:45:00+00:00,7736.485347420531
2025-06-16 14:00:00+00:00,7738.203916372631
2025-06-16 16:00:00+00:00,7775.037388648345
2025-06-16 21:30:00+00:00,7777.057792613597
2025-06-16 22:30:00+00:00,7763.943006913498
2025-06-16 23:45:00+00:00,7750.930779910717
2025-06-17 14:45:00+00:00,7787.970247066438
2025-06-17 17:30:00+00:00,7774.995197033809
2025-06-17 18:45:00+00:00,7776.924692659513
2025-06-17 19:00:00+00:00,7763.537480442924
2025-06-18 00:30:00+00:00,7752.577058480501
2025-06-18 01:00:00+00:00,7756.163584358645
2025-06-18 04:15:00+00:00,7742.509776956019
2025-06-18 04:45:00+00:00,7729.380243806467
2025-06-18 08:00:00+00:00,7730.329941004801
2025-06-18 10:00:00+00:00,7767.023561159496
2025-06-18 10:30:00+00:00,7803.138378039767
2025-06-18 14:00:00+00:00,7790.102204206316
2025-06-18 15:30:00+00:00,7792.131345973272
2025-06-20 09:45:00+00:00,7777.37651992391
2025-06-20 13:30:00+00:00,7812.639369127848
2025-06-20 14:45:00+00:00,7849.461288073046
2025-06-20 17:30:00+00:00,7923.234506806192
2025-06-20 18:30:00+00:00,7910.142692777244
2025-06-20 20:00:00+00:00,7897.2758283937
2025-06-20 20:15:00+00:00,7883.919016792104
2025-06-21 00:00:00+00:00,7885.081330565114
2025-06-21 01:15:00+00:00,7886.8979372848335
2025-06-21 03:00:00+00:00,7888.404987581032
2025-06-21 06:45:00+00:00,7880.418380817459
2025-06-21 08:00:00+00:00,7866.665200956945
2025-06-21 08:45:00+00:00,7867.180485620123
2025-06-21 09:00:00+00:00,7854.581515356543
2025-06-21 09:45:00+00:00,7839.296876622235
2025-06-21 21:15:00+00:00,7862.448835358038
2025-06-22 00:30:00+00:00,7849.584739217116
2025-06-22 03:00:00+00:00,7851.217287987598
2025-06-22 09:45:00+00:00,7838.2767903458425
2025-06-22 13:30:00+00:00,7824.839934176398
2025-06-22 14:15:00+00:00,7811.527941320742
2025-06-22 14:45:00+00:00,7813.731933196341
2025-06-22 15:15:00+00:00,7815.554591063017
2025-06-22 20:00:00+00:00,7802.412742885634
2025-06-22 20:45:00+00:00,7804.630642755511
2025-06-22 22:30:00+00:00,7841.345172065608
2025-06-23 05:15:00+00:00,7817.800760190252
2025-06-23 07:00:00+00:00,7804.646410826886
2025-06-23 09:15:00+00:00,7806.211875258612
2025-06-23 10:15:00+00:00,7793.012417538718
2025-06-23 11:15:00+00:00,7794.759969771224
2025-06-23 11:45:00+00:00,7796.711742304909
2025-06-23 12:30:00+00:00,7783.5573950290245
2025-06-23 13:30:00+00:00,7784.373459914751
2025-06-23 14:15:00+00:00,7744.5750724389545
2025-06-23 15:45:00+00:00,7731.174114599055
2025-06-23 16:15:00+00:00,7791.935637370848
2025-06-23 17:00:00+00:00,7779.071806048489
2025-06-23 17:15:00+00:00,7753.387098961311
2025-06-23 20:15:00+00:00,7790.123018014109
2025-06-23 22:00:00+00:00,7814.448889328283
2025-06-24 05:00:00+00:00,7794.00726598992
2025-06-24 05:15:00+00:00,7792.978390492371
2025-06-24 07:30:00+00:00,7794.855944266698
2025-06-24 09:30:00+00:00,7796.804728381434
2025-06-24 13:30:00+00:00,7798.2185667528565
2025-06-24 15:45:00+00:00,7799.559555627988
2025-06-24 19:00:00+00:00,7800.9443227801685
2025-06-24 19:45:00+00:00,7802.95656009136
2025-06-25 00:45:00+00:00,7839.602037462538
2025-06-25 04:00:00+00:00,7826.482098308841
2025-06-25 04:15:00+00:00,7828.429847368253
2025-06-25 09:00:00+00:00,7864.789231335466
2025-06-25 10:15:00+00:00,7851.687590362342
2025-06-25 11:45:00+00:00,7838.528921643616
2025-06-25 13:30:00+00:00,7874.542180229889
2025-06-25 14:15:00+00:00,7862.600497938005
2025-06-25 15:15:00+00:00,7848.957213726533
2025-06-25 17:30:00+00:00,7924.030789472632
2025-06-25 21:30:00+00:00,7925.4254404821495
2025-06-25 23:00:00+00:00,7912.440457643665
2025-06-26 07:15:00+00:00,7914.398683601501
2025-06-26 07:30:00+00:00,7901.350849638093
2025-06-26 12:45:00+00:00,7938.171000422121
2025-06-26 14:30:00+00:00,7924.983818290589
2025-06-26 20:30:00+00:00,7911.920863802869
2025-06-27 01:00:00+00:00,7913.830612706311
2025-06-27 01:15:00+00:00,7913.517703336642
2025-06-28 12:45:00+00:00,7915.128263900888
2025-06-28 13:30:00+00:00,7903.004228847665
2025-06-28 15:45:00+00:00,7939.495822338697
2025-06-28 17:45:00+00:00,7976.26590084306
2025-06-28 18:15:00+00:00,7977.546526800951
2025-06-29 00:30:00+00:00,7974.082341287093
2025-06-29 02:00:00+00:00,7960.718410099575
2025-06-29 09:30:00+00:00,7997.267057380312
2025-06-30 04:30:00+00:00,7984.113207609821
2025-06-30 06:45:00+00:00,7970.890516832055
2025-06-30 09:30:00+00:00,7957.702457045446
2025-06-30 12:45:00+00:00,7944.4602022242325
2025-06-30 13:00:00+00:00,7946.102683159804
2025-06-30 14:00:00+00:00,7932.818073816948
2025-06-30 14:45:00+00:00,7919.628481462063
2025-06-30 15:15:00+00:00,7906.464474477858
2025-06-30 15:45:00+00:00,7942.03989759103
2025-06-30 20:15:00+00:00,7929.086801159122
2025-06-30 21:45:00+00:00,7929.958815658587
2025-07-01 02:30:00+00:00,7916.717443303773
2025-07-01 03:15:00+00:00,7902.2672428841815
2025-07-01 03:45:00+00:00,7887.830910364097
2025-07-01 07:30:00+00:00,7884.562441558291
2025-07-01 10:30:00+00:00,7919.900774492727
2025-07-01 12:15:00+00:00,7906.59720294759
2025-07-01 13:30:00+00:00,7891.835254152548
2025-07-01 14:00:00+00:00,7915.209187706334
2025-07-01 15:00:00+00:00,7902.815475818849
2025-07-01 16:30:00+00:00,7904.6583368544725
2025-07-01 19:15:00+00:00,7906.47130450578
2025-07-01 20:30:00+00:00,7893.294672958184
2025-07-01 20:45:00+00:00,7894.600239174265
2025-07-02 02:15:00+00:00,7896.497142227371
2025-07-02 03:15:00+00:00,7889.765619754375
2025-07-02 04:15:00+00:00,7926.4186272527095
2025-07-02 04:45:00+00:00,7899.7650042023115
2025-07-02 06:30:00+00:00,7886.354855748698
2025-07-02 08:15:00+00:00,7872.996896637566
2025-07-02 10:30:00+00:00,7874.682758844273
2025-07-02 11:45:00+00:00,7876.131635629116
2025-07-02 12:15:00+00:00,7861.882665876365
2025-07-02 12:30:00+00:00,7848.270302628795
2025-07-02 13:45:00+00:00,7870.278462390234
2025-07-02 16:00:00+00:00,7906.41610178214
2025-07-02 16:15:00+00:00,7979.991797346723
2025-07-02 22:45:00+00:00,8053.0067410824
2025-07-03 05:00:00+00:00,8089.9672717749545
2025-07-03 07:30:00+00:00,8075.165032410192
2025-07-03 08:30:00+00:00,8111.939919067699
2025-07-03 09:30:00+00:00,8096.9431193989
2025-07-03 10:15:00+00:00,8098.514042440311
2025-07-03 11:30:00+00:00,8085.3790963052725
2025-07-03 12:30:00+00:00,8072.062093579259
2025-07-03 14:30:00+00:00,8075.941572431745
2025-07-03 15:15:00+00:00,8076.773378670785
2025-07-03 18:00:00+00:00,8063.839672195544
2025-07-03 20:15:00+00:00,8050.891001714034
2025-07-03 21:00:00+00:00,8037.830239166824
2025-07-04 01:15:00+00:00,8039.5954533829445
2025-07-04 06:00:00+00:00,8040.751995474755
2025-07-04 08:30:00+00:00,8027.371660626815
2025-07-04 09:30:00+00:00,8012.864115054448
2025-07-04 10:00:00+00:00,7986.252133926219
2025-07-04 12:30:00+00:00,7972.623862979151
2025-07-04 13:45:00+00:00,8008.035303587653
2025-07-04 14:00:00+00:00,8043.005080352591
2025-07-04 14:15:00+00:00,8028.80699289422
2025-07-04 17:00:00+00:00,8029.840178866107
2025-07-04 22:15:00+00:00,8016.735106962277
2025-07-04 22:30:00+00:00,8018.437118368811
2025-07-05 01:30:00+00:00,8006.988159547327
2025-07-05 02:30:00+00:00,7993.451002084757
2025-07-05 08:00:00+00:00,7995.078264958984
2025-07-05 17:15:00+00:00,7993.614448970539
2025-07-06 01:30:00+00:00,7990.866830164526
2025-07-06 07:00:00+00:00,7992.321507311755
2025-07-06 08:45:00+00:00,8027.8929129177595
2025-07-06 10:15:00+00:00,8030.072063357748
2025-07-06 10:30:00+00:00,8066.362212043344
2025-07-06 13:30:00+00:00,8035.740167615572
2025-07-06 13:45:00+00:00,8045.121478589013
2025-07-06 14:30:00+00:00,8068.3254851119855
2025-07-06 15:00:00+00:00,8053.5206911510895
2025-07-06 16:30:00+00:00,8040.046415110648
2025-07-06 18:15:00+00:00,8026.585934892651
2025-07-06 18:30:00+00:00,8028.248433042424
2025-07-06 20:30:00+00:00,8030.290307949515
2025-07-06 21:15:00+00:00,8065.702146226254
2025-07-06 21:45:00+00:00,8067.521687366797
2025-07-06 22:00:00+00:00,8039.91317823519
2025-07-06 23:00:00+00:00,8026.638691229131
2025-07-07 02:00:00+00:00,8000.413978253861
2025-07-07 02:30:00+00:00,7987.194887473543
2025-07-07 04:30:00+00:00,7973.01661464353
2025-07-07 06:30:00+00:00,7958.546399485456
2025-07-07 07:00:00+00:00,7995.360243923016
2025-07-07 10:30:00+00:00,8031.542452948818
2025-07-07 12:45:00+00:00,8018.002858195276
2025-07-07 13:45:00+00:00,8003.712494362168
2025-07-07 15:15:00+00:00,8026.380690438659
2025-07-07 16:15:00+00:00,8062.174958444754
2025-07-07 17:30:00+00:00,8063.228763186017
2025-07-07 18:15:00+00:00,8100.132049547853
2025-07-07 18:45:00+00:00,8101.308202785664
2025-07-07 19:15:00+00:00,8073.76031785794
2025-07-07 21:30:00+00:00,8047.618464386159
2025-07-08 00:30:00+00:00,8034.507937181897
2025-07-08 02:30:00+00:00,8032.988729502691
2025-07-08 06:00:00+00:00,8034.801300479189
2025-07-08 11:00:00+00:00,8071.338746685043
2025-07-08 14:00:00+00:00,8071.218422877928
2025-07-08 14:15:00+00:00,8059.263080693855
2025-07-08 15:15:00+00:00,8045.929323352075
2025-07-08 15:30:00+00:00,8031.690551952058
2025-07-08 17:00:00+00:00,8068.225679584901
2025-07-08 19:30:00+00:00,8106.907211883038
2025-07-08 23:45:00+00:00,8108.044454024105
2025-07-09 00:15:00+00:00,8107.096589577545
2025-07-09 03:15:00+00:00,8093.487417100637
2025-07-09 05:00:00+00:00,8080.022196623072
2025-07-09 08:15:00+00:00,8079.510001147803
2025-07-09 09:00:00+00:00,8081.377041812964
2025-07-09 11:15:00+00:00,8117.798735537743
2025-07-09 11:45:00+00:00,8102.202196691209
2025-07-09 12:45:00+00:00,8140.8209945527915
2025-07-09 13:30:00+00:00,8140.620023504617
2025-07-09 13:45:00+00:00,8142.071343855032
2025-07-09 14:00:00+00:00,8128.665362372233
2025-07-09 14:30:00+00:00,8114.337101281826
2025-07-09 15:15:00+00:00,8101.14309564409
2025-07-09 16:00:00+00:00,8087.994002885538
2025-07-09 18:00:00+00:00,8089.827109632012
2025-07-09 19:15:00+00:00,8076.637377610044
2025-07-09 19:30:00+00:00,8063.531971014552
2025-07-09 19:45:00+00:00,8136.44169135432
2025-07-09 20:30:00+00:00,8123.405312346679
2025-07-09 20:45:00+00:00,8096.903301896349
2025-07-10 02:00:00+00:00,8098.806921027696
2025-07-10 03:30:00+00:00,8098.256975666606
2025-07-10 06:00:00+00:00,8101.660871175736
2025-07-10 08:15:00+00:00,8138.149434783823
2025-07-10 14:00:00+00:00,8124.85061229735
2025-07-10 16:15:00+00:00,8111.625938233148
2025-07-10 16:30:00+00:00,8148.4470351039035
2025-07-10 17:00:00+00:00,8135.372496648134
2025-07-10 18:15:00+00:00,8137.393360558551
2025-07-10 18:30:00+00:00,8138.264661909942
2025-07-10 21:15:00+00:00,8209.127586152807
2025-07-10 21:30:00+00:00,8246.100889796733
2025-07-10 22:15:00+00:00,8193.993452299363
2025-07-11 02:00:00+00:00,8196.153355638406
2025-07-11 02:15:00+00:00,8183.185918612425
2025-07-11 04:00:00+00:00,8174.892622959873
2025-07-11 05:00:00+00:00,8161.83735022364
2025-07-11 05:45:00+00:00,8148.712806094734
2025-07-11 08:15:00+00:00,8185.0353030027745
2025-07-11 08:30:00+00:00,8186.946127987857
2025-07-11 09:30:00+00:00,8173.3570326932595
2025-07-11 12:45:00+00:00,8175.1397916121705
2025-07-11 13:00:00+00:00,8212.258006787475
2025-07-11 13:30:00+00:00,8214.235760737542
2025-07-11 15:45:00+00:00,8201.290717168245
2025-07-11 17:30:00+00:00,8190.604129123312
2025-07-11 18:15:00+00:00,8177.94621893694
2025-07-11 21:30:00+00:00,8180.221997741748
2025-07-11 23:00:00+00:00,8182.387059487687
2025-07-12 01:15:00+00:00,8184.687496763904
2025-07-12 04:30:00+00:00,8158.996321101717
2025-07-12 06:30:00+00:00,8160.130921629498
2025-07-12 12:30:00+00:00,8162.272487852059
2025-07-12 13:45:00+00:00,8163.923256791272
2025-07-12 17:45:00+00:00,8165.662675983427
2025-07-13 01:30:00+00:00,8152.5618925327135
2025-07-13 02:45:00+00:00,8137.705093684453
2025-07-13 04:45:00+00:00,8124.499888001773
2025-07-13 07:15:00+00:00,8098.194520213564
2025-07-13 07:30:00+00:00,8085.1376992605365
2025-07-13 09:15:00+00:00,8072.217391476445
2025-07-13 11:30:00+00:00,8073.596405538534
2025-07-13 12:15:00+00:00,8060.331604162515
2025-07-13 13:30:00+00:00,8047.089122029495
2025-07-13 14:15:00+00:00,8034.00841373304
2025-07-13 14:30:00+00:00,8035.973402027987
2025-07-13 15:00:00+00:00,8036.9736122501545
2025-07-13 15:15:00+00:00,8073.754030351691
2025-07-13 17:30:00+00:00,8075.732828265663
2025-07-13 19:30:00+00:00,8061.915756203742
2025-07-13 21:30:00+00:00,8048.625552522819
2025-07-13 22:30:00+00:00,8052.41851020082
2025-07-14 00:00:00+00:00,8039.501915914287
2025-07-14 00:15:00+00:00,8026.511636742169
2025-07-14 02:00:00+00:00,8000.28154370312
2025-07-14 02:45:00+00:00,7987.075132477743
2025-07-14 03:15:00+00:00,8024.062707693346
2025-07-14 03:30:00+00:00,8061.096908657419
2025-07-14 05:30:00+00:00,8062.968034685394
2025-07-14 05:45:00+00:00,8050.020419429005
2025-07-14 07:00:00+00:00,8038.683258600738
2025-07-14 09:00:00+00:00,8025.5437507899305
2025-07-14 09:30:00+00:00,8062.678275200122
2025-07-14 12:00:00+00:00,8049.6182343339215
2025-07-14 13:45:00+00:00,8048.4905192259885
2025-07-14 14:15:00+00:00,8050.503526125175
2025-07-14 15:30:00+00:00,8086.879666342218
2025-07-14 15:45:00+00:00,8074.072085440722
2025-07-14 18:45:00+00:00,8061.1775415892635
2025-07-14 20:00:00+00:00,8048.282019915402
2025-07-14 22:15:00+00:00,8041.627351938858
2025-07-15 01:15:00+00:00,8078.572878168396
2025-07-15 04:00:00+00:00,8151.508470404628
2025-07-15 04:30:00+00:00,8138.670964808872
2025-07-15 06:00:00+00:00,8125.648238749544
2025-07-15 09:15:00+00:00,8127.385657379911
2025-07-15 12:00:00+00:00,8129.074301482372
2025-07-15 12:30:00+00:00,8115.512405566434
2025-07-15 14:30:00+00:00,8104.234561500727
2025-07-15 14:45:00+00:00,8106.224052172216
2025-07-15 17:15:00+00:00,8143.348546308497
2025-07-15 18:30:00+00:00,8145.416911794027
2025-07-15 20:00:00+00:00,8119.615821502794
2025-07-15 20:30:00+00:00,8121.704366217686
2025-07-15 21:00:00+00:00,8108.842822431431
2025-07-16 02:15:00+00:00,8095.619790248953
2025-07-16 09:00:00+00:00,8132.274686394701
2025-07-16 09:30:00+00:00,8133.1326268836465
2025-07-16 10:45:00+00:00,8119.239827200446
2025-07-16 12:30:00+00:00,8106.113313930724
2025-07-16 14:30:00+00:00,8143.019715489061
2025-07-16 15:15:00+00:00,8144.844004343603
2025-07-16 15:30:00+00:00,8131.38479060621
2025-07-16 18:45:00+00:00,8170.318803554008
2025-07-16 19:00:00+00:00,8172.34624334959
2025-07-16 20:30:00+00:00,8208.959606980892
2025-07-16 21:45:00+00:00,8211.03080684888
2025-07-17 06:15:00+00:00,8197.816109897734
2025-07-17 07:00:00+00:00,8199.905201289876
2025-07-17 09:00:00+00:00,8236.984060731795
2025-07-17 13:15:00+00:00,8261.236798482034
2025-07-17 13:45:00+00:00,8247.468864202472
2025-07-17 15:30:00+00:00,8233.889495599575
2025-07-17 17:45:00+00:00,8235.88412606648
2025-07-17 20:00:00+00:00,8240.112992397928
2025-07-17 20:45:00+00:00,8242.116595367195
2025-07-17 21:00:00+00:00,8244.321083415054
2025-07-17 21:30:00+00:00,8245.861266986649
2025-07-17 22:30:00+00:00,8233.04614235111
2025-07-17 22:45:00+00:00,8257.265112912279
2025-07-18 00:00:00+00:00,8244.47919741011
2025-07-18 01:30:00+00:00,8231.688736428789
2025-07-18 02:00:00+00:00,8233.904749489271
2025-07-18 04:00:00+00:00,8235.581851848523
2025-07-18 04:30:00+00:00,8222.662959195979
2025-07-18 05:00:00+00:00,8196.53782268304
2025-07-18 05:45:00+00:00,8170.301254156906
2025-07-18 07:00:00+00:00,8157.50777543095
2025-07-18 12:30:00+00:00,8159.195906280483
2025-07-18 13:30:00+00:00,8146.131790570733
2025-07-18 14:00:00+00:00,8148.140565892224
2025-07-18 14:15:00+00:00,8185.297589164278
2025-07-18 16:00:00+00:00,8187.402298193784
2025-07-18 17:15:00+00:00,8189.474744172584
2025-07-18 17:30:00+00:00,8176.577397978092
2025-07-18 19:15:00+00:00,8178.772450896001
2025-07-18 21:00:00+00:00,8180.366002788145
2025-07-19 04:00:00+00:00,8217.587788177245
2025-07-19 04:15:00+00:00,8219.656660503284
2025-07-19 11:00:00+00:00,8215.753717719472
2025-07-19 15:15:00+00:00,8217.736535460741
2025-07-19 19:15:00+00:00,8254.73822940596
2025-07-19 19:30:00+00:00,8241.472308750466
2025-07-19 21:00:00+00:00,8228.255847819019
2025-07-19 22:30:00+00:00,8202.258670949115
2025-07-19 23:30:00+00:00,8204.275973394095
2025-07-20 03:30:00+00:00,8240.999604488716
2025-07-20 04:15:00+00:00,8228.082204859325
2025-07-20 05:15:00+00:00,8214.505544291309
2025-07-20 08:30:00+00:00,8201.326409338037
2025-07-20 08:45:00+00:00,8238.309526997651
2025-07-20 11:30:00+00:00,8240.00011154724
2025-07-20 14:00:00+00:00,8242.020164159117
2025-07-20 16:00:00+00:00,8278.370862218946
2025-07-20 17:00:00+00:00,8280.299677231467
2025-07-20 18:45:00+00:00,8282.12978004708
2025-07-20 20:45:00+00:00,8284.174408307668
2025-07-20 22:45:00+00:00,8286.19580840255
2025-07-20 23:45:00+00:00,8288.242310607497
2025-07-21 02:00:00+00:00,8274.667857732162
2025-07-21 03:00:00+00:00,8261.767818504964
2025-07-21 07:45:00+00:00,8298.948735299493
2025-07-21 08:45:00+00:00,8300.899986241291
2025-07-21 09:30:00+00:00,8287.1098462588
2025-07-21 11:15:00+00:00,8270.90072087404
2025-07-21 14:00:00+00:00,8307.943214782397
2025-07-21 16:00:00+00:00,8294.890514068986
2025-07-21 18:30:00+00:00,8271.354438785182
2025-07-21 19:30:00+00:00,8258.44175863683
2025-07-21 22:30:00+00:00,8244.979272590885
2025-07-21 23:30:00+00:00,8233.859424868253
2025-07-22 01:30:00+00:00,8235.14252630582
2025-07-22 01:45:00+00:00,8274.130576814754
2025-07-22 04:45:00+00:00,8248.16680148175
2025-07-22 06:15:00+00:00,8287.013518501013
2025-07-22 06:30:00+00:00,8274.033984524749
2025-07-22 07:45:00+00:00,8261.226452166722
2025-07-22 08:15:00+00:00,8248.440443756239
2025-07-22 10:30:00+00:00,8237.512584247985
2025-07-22 13:45:00+00:00,8223.657556929562
2025-07-22 14:45:00+00:00,8225.579215435155
2025-07-22 17:00:00+00:00,8227.71013817009
2025-07-22 19:45:00+00:00,8229.742239609333
2025-07-22 20:45:00+00:00,8216.93603700087
2025-07-22 23:30:00+00:00,8254.129683831288
2025-07-23 01:00:00+00:00,8255.967318959854
2025-07-23 02:00:00+00:00,8247.177098706181
2025-07-23 10:00:00+00:00,8284.18776251004
2025-07-23 12:45:00+00:00,8358.224193446287
2025-07-23 13:15:00+00:00,8395.109896759692
2025-07-23 13:45:00+00:00,8468.944281118132
2025-07-23 14:15:00+00:00,8456.071553248516
2025-07-23 14:45:00+00:00,8442.365769736898
2025-07-23 15:30:00+00:00,8429.529125400117
2025-07-23 17:15:00+00:00,8466.648617600626
2025-07-23 18:00:00+00:00,8468.82022769322
2025-07-23 20:30:00+00:00,8506.018878090254
2025-07-23 21:15:00+00:00,8480.3863966962
2025-07-23 21:45:00+00:00,8482.492366646133
2025-07-24 04:15:00+00:00,8484.632697552235
2025-07-24 05:00:00+00:00,8471.755502905922
2025-07-24 05:45:00+00:00,8458.85894829323
2025-07-24 06:30:00+00:00,8433.202492597211
2025-07-24 06:45:00+00:00,8470.469599592932
2025-07-24 09:45:00+00:00,8472.717989649907
2025-07-24 11:30:00+00:00,8459.989678602557
2025-07-24 14:00:00+00:00,8446.064450687205
2025-07-24 14:30:00+00:00,8483.277755121542
2025-07-24 14:45:00+00:00,8520.280749148707
2025-07-24 15:30:00+00:00,8507.344831059447
2025-07-24 16:30:00+00:00,8493.747886157487
2025-07-24 21:30:00+00:00,8467.95962972865
2025-07-25 01:30:00+00:00,8457.096916885625
2025-07-25 02:45:00+00:00,8494.1347727065
2025-07-25 03:00:00+00:00,8530.14653324876
2025-07-25 04:30:00+00:00,8533.5462369628
2025-07-25 06:00:00+00:00,8520.726578521319
2025-07-25 07:15:00+00:00,8507.83047606794
2025-07-25 08:30:00+00:00,8509.971593975417
2025-07-25 09:15:00+00:00,8497.12040092356
2025-07-25 14:15:00+00:00,8484.200603399242
2025-07-25 16:45:00+00:00,8486.322485168903
2025-07-25 17:00:00+00:00,8473.521777070056
2025-07-25 20:30:00+00:00,8460.684486191094
2025-07-26 00:45:00+00:00,8447.066858869279
2025-07-26 01:45:00+00:00,8433.809854133344
2025-07-26 02:15:00+00:00,8470.898013045802
2025-07-26 05:00:00+00:00,8468.824833797418
2025-07-26 09:00:00+00:00,8505.524066465652
2025-07-26 10:30:00+00:00,8541.227104655585
2025-07-26 14:45:00+00:00,8527.92854471921
2025-07-26 19:15:00+00:00,8514.987018898397
2025-07-26 22:15:00+00:00,8501.728545999516
2025-07-26 23:00:00+00:00,8488.475586485589
2025-07-27 02:45:00+00:00,8475.000519279612
2025-07-27 04:30:00+00:00,8476.23392013888
2025-07-27 04:45:00+00:00,8477.351493862938
2025-07-27 05:15:00+00:00,8463.868185120771
2025-07-27 06:45:00+00:00,8465.787653966418
2025-07-27 07:15:00+00:00,8467.273044096091
2025-07-27 09:45:00+00:00,8453.425178944653
2025-07-27 11:15:00+00:00,8476.828841698225
2025-07-27 12:30:00+00:00,8478.550205197325
2025-07-27 14:45:00+00:00,8465.114755149836
2025-07-27 15:15:00+00:00,8464.637969841704
2025-07-27 15:45:00+00:00,8466.324194681269
2025-07-27 16:00:00+00:00,8453.025344605941
2025-07-27 16:30:00+00:00,8439.758562600251
2025-07-27 16:45:00+00:00,8425.376572787683
2025-07-27 21:15:00+00:00,8386.285273376929
2025-07-27 22:00:00+00:00,8423.165838989438
2025-07-28 00:15:00+00:00,8459.995529546359
2025-07-28 00:30:00+00:00,8461.950730325636
2025-07-28 01:00:00+00:00,8462.76662590859
2025-07-28 01:30:00+00:00,8449.75060503416
2025-07-28 03:15:00+00:00,8436.62556686687
2025-07-28 05:45:00+00:00,8423.523276720518
2025-07-28 06:45:00+00:00,8425.51154286951
2025-07-28 07:00:00+00:00,8427.489361040303
2025-07-28 12:15:00+00:00,8429.264921164817
2025-07-28 13:00:00+00:00,8466.220370238361
2025-07-28 14:00:00+00:00,8453.328674156743
2025-07-28 14:15:00+00:00,8440.280368621181
2025-07-28 18:45:00+00:00,8479.37558273817
2025-07-28 19:00:00+00:00,8481.309053318299
2025-07-28 21:30:00+00:00,8482.426735879671
2025-07-28 22:30:00+00:00,8469.484473124967
2025-07-29 00:00:00+00:00,8471.432598862502
2025-07-29 00:30:00+00:00,8458.492581597942
2025-07-29 02:45:00+00:00,8459.811087578235
2025-07-29 03:30:00+00:00,8461.778571196093
2025-07-29 06:00:00+00:00,8448.83788757491
2025-07-29 10:15:00+00:00,8435.651376323103
2025-07-29 10:45:00+00:00,8422.597672907057
2025-07-29 11:30:00+00:00,8411.468971719329
2025-07-29 12:15:00+00:00,8413.337659936084
2025-07-29 13:45:00+00:00,8415.28933902108
2025-07-29 14:45:00+00:00,8439.156489125586
2025-07-29 17:15:00+00:00,8441.121249807746
2025-07-29 20:00:00+00:00,8428.271548848705
2025-07-29 22:00:00+00:00,8424.79249242515
2025-07-30 00:30:00+00:00,8426.896990491403
2025-07-30 01:30:00+00:00,8413.775329915286
2025-07-30 01:45:00+00:00,8415.670341048843
2025-07-30 04:45:00+00:00,8412.65906107305
2025-07-30 10:45:00+00:00,8399.602049521396
2025-07-30 11:30:00+00:00,8386.583442946736
2025-07-30 12:15:00+00:00,8423.406106200613
2025-07-30 14:45:00+00:00,8410.353528814578
2025-07-30 15:15:00+00:00,8383.770845172205
2025-07-30 18:00:00+00:00,8370.111816310588
2025-07-30 19:00:00+00:00,8394.224959388155
2025-07-30 19:45:00+00:00,8454.6260759084
2025-07-30 20:00:00+00:00,8428.88832773485
2025-07-30 20:15:00+00:00,8415.93742038882
2025-07-31 00:00:00+00:00,8402.512252107837
2025-07-31 01:30:00+00:00,8389.65939143614
2025-07-31 03:45:00+00:00,8426.83201039993
2025-07-31 09:30:00+00:00,8427.20740007214
2025-07-31 11:15:00+00:00,8413.624457532635
2025-07-31 11:45:00+00:00,8400.07289770402
2025-07-31 12:00:00+00:00,8386.4435142959
2025-07-31 12:15:00+00:00,8372.917629861382
2025-07-31 12:30:00+00:00,8359.430821008376
2025-07-31 12:45:00+00:00,8346.157327983487
2025-07-31 13:15:00+00:00,8332.672531438777
2025-07-31 14:00:00+00:00,8319.53258856934
2025-07-31 16:15:00+00:00,8306.417995635884
2025-07-31 16:30:00+00:00,8293.389321653833
2025-07-31 16:45:00+00:00,8295.396841804071
2025-07-31 17:45:00+00:00,8282.262358587384
2025-07-31 19:45:00+00:00,8280.164831469398
2025-07-31 21:45:00+00:00,8267.22492970267
2025-07-31 22:30:00+00:00,8254.282587335103
2025-08-01 00:00:00+00:00,8241.361709132532
2025-08-01 00:45:00+00:00,8314.85614305131
2025-08-01 01:30:00+00:00,8275.780272998654
2025-08-01 02:00:00+00:00,8262.843127580007
2025-08-01 02:15:00+00:00,8249.961291409993
2025-08-01 03:15:00+00:00,8236.66801707584
2025-08-01 05:15:00+00:00,8238.835293048434
2025-08-01 11:45:00+00:00,8225.90087036066
2025-08-01 12:30:00+00:00,8227.43558085175
2025-08-01 13:45:00+00:00,8264.496466579587
2025-08-01 14:15:00+00:00,8288.584148179087
2025-08-01 16:15:00+00:00,8325.708807716432
2025-08-01 22:30:00+00:00,8362.913506502262
2025-08-01 23:15:00+00:00,8350.095085523966
2025-08-02 00:00:00+00:00,8352.241836175226
2025-08-02 00:45:00+00:00,8354.316563564016
2025-08-02 06:30:00+00:00,8350.629215666206
2025-08-02 07:30:00+00:00,8346.959612374318
2025-08-02 09:30:00+00:00,8348.830698471582
2025-08-02 15:45:00+00:00,8385.794576029566
2025-08-02 16:30:00+00:00,8422.986062548802
2025-08-02 17:45:00+00:00,8397.169996216147
2025-08-02 18:45:00+00:00,8434.206369710144
2025-08-02 23:15:00+00:00,8421.111857221525
2025-08-03 00:15:00+00:00,8423.228880061317
2025-08-03 00:30:00+00:00,8410.382275972026
2025-08-03 00:45:00+00:00,8402.680501620323
2025-08-03 09:00:00+00:00,8393.86081373981
2025-08-03 10:00:00+00:00,8380.581239632687
2025-08-03 10:45:00+00:00,8367.25663752014
2025-08-03 11:00:00+00:00,8353.772589722894
2025-08-03 12:45:00+00:00,8355.292403469066
2025-08-03 14:30:00+00:00,8391.817853015424
2025-08-03 15:00:00+00:00,8428.329126221905
2025-08-03 15:30:00+00:00,8414.995199386049
2025-08-03 19:15:00+00:00,8450.351831847694
2025-08-04 00:15:00+00:00,8437.037424561795
2025-08-04 00:30:00+00:00,8473.651211042317
2025-08-04 00:45:00+00:00,8509.854939420362
2025-08-04 02:30:00+00:00,8496.668368594546
2025-08-04 04:30:00+00:00,8485.372483031198
2025-08-04 05:30:00+00:00,8472.13347077634
2025-08-04 08:00:00+00:00,8473.923762653127
2025-08-04 09:15:00+00:00,8467.876692565538
2025-08-04 10:00:00+00:00,8469.651700809229
2025-08-04 14:00:00+00:00,8506.222785400716
2025-08-04 14:45:00+00:00,8528.793918548346
2025-08-04 15:00:00+00:00,8530.704629874253
2025-08-04 18:15:00+00:00,8531.893114537117
2025-08-04 18:45:00+00:00,8533.737521206032
2025-08-04 20:00:00+00:00,8535.551424033563
2025-08-05 02:00:00+00:00,8537.476666037415
2025-08-05 03:00:00+00:00,8539.23738698023
2025-08-05 04:30:00+00:00,8525.857729510826
2025-08-05 06:15:00+00:00,8512.642350387421
2025-08-05 06:45:00+00:00,8549.475079903728
2025-08-05 07:30:00+00:00,8536.295218034866
2025-08-05 08:30:00+00:00,8574.742887149032
2025-08-05 09:00:00+00:00,8561.676726913958
2025-08-05 10:15:00+00:00,8597.333067431568
2025-08-05 12:15:00+00:00,8598.680559021994
2025-08-05 12:30:00+00:00,8635.583314183668
2025-08-05 13:45:00+00:00,8622.010298501407
2025-08-05 14:00:00+00:00,8658.79710728502
2025-08-05 22:00:00+00:00,8695.654847934811
2025-08-05 22:45:00+00:00,8682.564405598676
2025-08-06 05:15:00+00:00,8686.54279594394
2025-08-06 05:45:00+00:00,8675.326843767836
2025-08-06 08:30:00+00:00,8677.29850357516
2025-08-06 12:00:00+00:00,8664.21174287963
2025-08-06 14:15:00+00:00,8666.09440371499
2025-08-06 14:45:00+00:00,8669.973162535643
2025-08-06 19:45:00+00:00,8671.408822359926
2025-08-06 21:30:00+00:00,8657.340654877968
2025-08-07 01:45:00+00:00,8644.77011767625
2025-08-07 02:30:00+00:00,8646.767110801702
2025-08-07 09:00:00+00:00,8633.233312384491
2025-08-07 10:00:00+00:00,8669.718713455757
2025-08-07 12:45:00+00:00,8692.133647731462
2025-08-07 13:30:00+00:00,8728.999447494381
2025-08-07 14:00:00+00:00,8717.616522813127
2025-08-07 14:30:00+00:00,8704.343142038106
2025-08-07 16:45:00+00:00,8690.450602518109
2025-08-07 19:15:00+00:00,8679.186452760498
2025-08-07 19:30:00+00:00,8666.160430067801
2025-08-07 20:30:00+00:00,8652.908239787947
2025-08-07 21:15:00+00:00,8639.766145342555
2025-08-07 21:30:00+00:00,8626.535522914028
2025-08-07 22:45:00+00:00,8636.930629562252
2025-08-08 00:30:00+00:00,8638.769696052857
2025-08-08 02:30:00+00:00,8625.913053966942
2025-08-08 05:15:00+00:00,8628.046120444875
2025-08-08 07:15:00+00:00,8625.028781620444
2025-08-08 08:45:00+00:00,8627.146469692587
2025-08-08 12:45:00+00:00,8614.096665534373
2025-08-08 13:30:00+00:00,8651.200031733882
2025-08-08 14:00:00+00:00,8638.017480274288
2025-08-08 19:00:00+00:00,8674.972065875752
2025-08-08 19:45:00+00:00,8661.97974495635
2025-08-08 23:30:00+00:00,8648.890617673169
2025-08-09 01:45:00+00:00,8635.53918142217
2025-08-09 04:30:00+00:00,8658.696277560648
2025-08-09 05:00:00+00:00,8645.30099613107
2025-08-09 05:15:00+00:00,8681.096720158599
2025-08-09 07:45:00+00:00,8719.606987886773
2025-08-09 08:00:00+00:00,8721.384028206292
2025-08-09 08:30:00+00:00,8706.588770272007
2025-08-09 09:00:00+00:00,8691.92623487917
2025-08-09 09:45:00+00:00,8678.721716617654
2025-08-09 10:00:00+00:00,8664.231887224742
2025-08-09 12:00:00+00:00,8650.990474160375
2025-08-09 12:15:00+00:00,8652.744307356268
2025-08-09 17:30:00+00:00,8639.623627344812
2025-08-09 20:30:00+00:00,8642.065331255135
2025-08-09 22:15:00+00:00,8643.936357092924
2025-08-10 00:30:00+00:00,8630.796905692676
2025-08-10 04:15:00+00:00,8632.768004980955
2025-08-10 04:30:00+00:00,8634.706832334507
2025-08-10 05:00:00+00:00,8629.139569743447
2025-08-10 05:15:00+00:00,8615.11645101939
2025-08-10 06:15:00+00:00,8601.1849857888
2025-08-10 07:45:00+00:00,8638.210008223357
2025-08-10 08:15:00+00:00,8640.159353131563
2025-08-10 08:45:00+00:00,8626.938902609909
2025-08-10 09:45:00+00:00,8628.891826615274
2025-08-10 14:15:00+00:00,8630.851516264203
2025-08-10 17:00:00+00:00,8632.751855857885
2025-08-11 02:45:00+00:00,8634.83441448845
2025-08-11 05:00:00+00:00,8636.456604141717
2025-08-11 07:45:00+00:00,8624.737264387011
2025-08-11 08:00:00+00:00,8611.500002163582
2025-08-11 09:30:00+00:00,8597.801216546884
2025-08-11 09:45:00+00:00,8571.75348423927
2025-08-11 10:00:00+00:00,8558.50137278634
2025-08-11 11:00:00+00:00,8545.498373917842
2025-08-11 11:15:00+00:00,8532.490025949743
2025-08-11 13:00:00+00:00,8519.565745148004
2025-08-11 13:30:00+00:00,8506.5852450442
2025-08-11 13:45:00+00:00,8493.52003827071
2025-08-11 16:00:00+00:00,8480.49150952173
2025-08-11 17:15:00+00:00,8478.638759425297
2025-08-11 19:30:00+00:00,8465.720292677843
2025-08-11 19:45:00+00:00,8452.738228245531
2025-08-11 21:30:00+00:00,8489.758616768102
2025-08-12 02:00:00+00:00,8463.86546516577
2025-08-12 02:15:00+00:00,8450.743886035278
2025-08-12 02:30:00+00:00,8437.69348086371
2025-08-12 09:00:00+00:00,8439.682745179925
2025-08-12 09:45:00+00:00,8426.687949252218
2025-08-12 10:00:00+00:00,8463.441368572529
2025-08-12 11:00:00+00:00,8465.45937651141
2025-08-12 12:15:00+00:00,8452.362756868155
2025-08-12 13:00:00+00:00,8439.528482391477
2025-08-12 13:45:00+00:00,8426.742960574238
2025-08-12 14:30:00+00:00,8413.719978000954
2025-08-12 17:00:00+00:00,8450.758496586446
2025-08-12 17:15:00+00:00,8437.819724260853
2025-08-12 19:30:00+00:00,8474.859795655599
2025-08-12 19:45:00+00:00,8464.138144480938
2025-08-12 22:45:00+00:00,8466.16620207266
2025-08-13 00:45:00+00:00,8453.043938401588
2025-08-13 02:30:00+00:00,8455.034148701436
2025-08-13 02:45:00+00:00,8456.938477676224
2025-08-13 03:00:00+00:00,8458.98249089597
2025-08-13 04:00:00+00:00,8445.971031711135
2025-08-13 09:30:00+00:00,8432.827245562294
2025-08-13 11:15:00+00:00,8419.985204809065
2025-08-13 12:45:00+00:00,8405.801640839974
2025-08-13 13:30:00+00:00,8391.690471819169
2025-08-13 14:30:00+00:00,8393.557897582328
2025-08-13 14:45:00+00:00,8380.028480240102
2025-08-13 15:15:00+00:00,8353.490425998509
2025-08-13 16:15:00+00:00,8340.539600085742
2025-08-13 19:30:00+00:00,8327.682428960015
2025-08-13 19:45:00+00:00,8314.839211284281
2025-08-13 22:30:00+00:00,8351.54080833164
2025-08-14 01:00:00+00:00,8338.696905457491
2025-08-14 02:30:00+00:00,8325.657806305204
2025-08-14 04:45:00+00:00,8312.619685555359
2025-08-14 05:00:00+00:00,8299.547529052657
2025-08-14 06:00:00+00:00,8323.744815933142
2025-08-14 06:15:00+00:00,8310.847600514786
2025-08-14 08:00:00+00:00,8313.07134406376
2025-08-14 10:30:00+00:00,8315.154598591183
2025-08-14 12:30:00+00:00,8339.273023005728
2025-08-14 13:45:00+00:00,8313.650843072199
2025-08-14 14:30:00+00:00,8317.761504263506
2025-08-15 01:30:00+00:00,8306.888832101728
2025-08-15 05:45:00+00:00,8311.454180714796
2025-08-15 06:45:00+00:00,8298.584790443683
2025-08-15 09:15:00+00:00,8285.713870645934
2025-08-15 13:00:00+00:00,8287.341641664701
2025-08-15 13:45:00+00:00,8261.389625411795
2025-08-15 14:45:00+00:00,8248.505466090284
2025-08-15 15:15:00+00:00,8209.775676873329
2025-08-15 18:30:00+00:00,8211.873223146267
2025-08-15 22:45:00+00:00,8213.732763400509
2025-08-16 00:30:00+00:00,8237.86890424952
2025-08-16 00:45:00+00:00,8224.898689983553
2025-08-16 07:30:00+00:00,8211.256813787078
2025-08-16 11:15:00+00:00,8197.898144769017
2025-08-16 13:15:00+00:00,8200.068895996608
2025-08-16 15:15:00+00:00,8237.169354602665
2025-08-16 17:15:00+00:00,8223.997069537154
2025-08-16 18:00:00+00:00,8212.333982850034
2025-08-16 19:00:00+00:00,8199.329289054345
2025-08-16 19:30:00+00:00,8195.295517435523
2025-08-17 02:00:00+00:00,8196.985986728048
2025-08-17 02:45:00+00:00,8200.502867497826
2025-08-17 09:15:00+00:00,8236.758299787307
2025-08-17 13:00:00+00:00,8223.416130596119
2025-08-17 13:30:00+00:00,8222.936221776192
2025-08-17 14:30:00+00:00,8260.032669107784
2025-08-17 15:15:00+00:00,8296.720021244691
2025-08-17 16:15:00+00:00,8298.285038102702
2025-08-17 17:15:00+00:00,8288.567435222276
2025-08-17 18:15:00+00:00,8275.263900455308
2025-08-17 18:45:00+00:00,8262.17588862565
2025-08-17 22:15:00+00:00,8249.224589088572
2025-08-18 00:15:00+00:00,8285.555831327016
2025-08-18 01:30:00+00:00,8321.123171775342
2025-08-18 02:00:00+00:00,8357.560900928385
2025-08-18 03:45:00+00:00,8393.646756876089
2025-08-18 06:15:00+00:00,8430.591983168692
2025-08-18 06:45:00+00:00,8467.705962111211
2025-08-18 07:15:00+00:00,8469.830665207823
2025-08-18 09:30:00+00:00,8456.869619560026
2025-08-18 10:30:00+00:00,8443.944572518418
2025-08-18 12:30:00+00:00,8430.686304133753
2025-08-18 12:45:00+00:00,8417.672134687798
2025-08-18 13:15:00+00:00,8403.83669561842
2025-08-18 14:15:00+00:00,8407.669600158444
2025-08-19 03:30:00+00:00,8394.38808221423
2025-08-19 05:00:00+00:00,8396.176185438486
2025-08-19 06:15:00+00:00,8383.040270414307
2025-08-19 06:30:00+00:00,8370.236871414569
2025-08-19 11:15:00+00:00,8357.396406004435
2025-08-19 12:45:00+00:00,8359.544381252563
2025-08-19 14:15:00+00:00,8346.46069792585
2025-08-19 15:00:00+00:00,8385.338508802854
2025-08-19 16:30:00+00:00,8372.41182383981
2025-08-19 18:30:00+00:00,8359.491589449572
2025-08-19 19:15:00+00:00,8346.532599822482
2025-08-19 20:45:00+00:00,8347.943068949071
2025-08-19 23:45:00+00:00,8384.906842711276
2025-08-20 01:45:00+00:00,8386.624243092563
2025-08-20 02:00:00+00:00,8388.676273453702
2025-08-20 02:45:00+00:00,8389.94774231019
2025-08-20 11:15:00+00:00,8391.86305057949
2025-08-20 11:30:00+00:00,8378.643424307698
2025-08-20 13:45:00+00:00,8380.414213889344
2025-08-20 15:00:00+00:00,8356.138740649207
2025-08-20 15:15:00+00:00,8393.354903400457
2025-08-20 18:00:00+00:00,8395.449993830805
2025-08-20 19:00:00+00:00,8432.254222178937
2025-08-20 19:45:00+00:00,8469.310836859713
2025-08-21 00:15:00+00:00,8493.345755237575
2025-08-21 02:15:00+00:00,8494.314419958353
2025-08-21 02:30:00+00:00,8496.065411978236
2025-08-21 09:00:00+00:00,8498.14472830925
2025-08-21 14:15:00+00:00,8484.07950498877
2025-08-21 15:30:00+00:00,8485.44456163023
2025-08-21 19:00:00+00:00,8487.454424845968
2025-08-21 20:30:00+00:00,8474.46819851739
2025-08-21 23:30:00+00:00,8461.417851381857
2025-08-22 00:00:00+00:00,8448.323620397523
2025-08-22 02:15:00+00:00,8450.543209411828
2025-08-22 04:30:00+00:00,8452.386922554637
2025-08-22 08:15:00+00:00,8439.407462122046
2025-08-22 09:15:00+00:00,8426.198679364796
2025-08-22 10:45:00+00:00,8428.057305579707
2025-08-22 11:00:00+00:00,8464.993466728349
2025-08-22 12:30:00+00:00,8502.004225371686
2025-08-22 13:30:00+00:00,8488.972218875795
2025-08-22 14:00:00+00:00,8462.927728507164
2025-08-22 17:00:00+00:00,8523.79526412304
2025-08-22 18:15:00+00:00,8510.989610901936
2025-08-22 19:45:00+00:00,8548.186650114854
2025-08-22 22:00:00+00:00,8550.24759025713
2025-08-22 22:30:00+00:00,8552.4083012074
2025-08-23 04:30:00+00:00,8539.458509201062
2025-08-23 05:30:00+00:00,8526.474443913627
2025-08-23 11:45:00+00:00,8528.258437582585
2025-08-23 15:15:00+00:00,8528.573354535685
2025-08-23 17:30:00+00:00,8514.052310502644
2025-08-23 18:45:00+00:00,8501.169321752432
2025-08-23 20:30:00+00:00,8497.084554408873
2025-08-23 23:15:00+00:00,8482.970888836555
2025-08-23 23:45:00+00:00,8468.293032601145
2025-08-24 00:15:00+00:00,8454.260581203467
2025-08-24 02:45:00+00:00,8490.348440297012
2025-08-24 03:45:00+00:00,8476.678197969899
2025-08-24 05:45:00+00:00,8478.662672392991
2025-08-24 08:00:00+00:00,8465.25215406586
2025-08-24 08:30:00+00:00,8488.538551861286
2025-08-24 12:00:00+00:00,8490.295409775083
2025-08-24 13:00:00+00:00,8492.138239955168
2025-08-24 13:45:00+00:00,8493.886533437528
2025-08-24 15:00:00+00:00,8481.991268237874
2025-08-24 15:15:00+00:00,8468.8510166046
2025-08-24 17:00:00+00:00,8470.185870264419
2025-08-24 18:00:00+00:00,8457.524303596098
2025-08-24 18:15:00+00:00,8444.53811094849
2025-08-24 19:30:00+00:00,8480.336601043387
2025-08-24 20:15:00+00:00,8521.480455616402
2025-08-25 00:30:00+00:00,8510.891576942411
2025-08-25 02:15:00+00:00,8497.983899093491
2025-08-25 06:45:00+00:00,8537.341208137323
2025-08-25 07:45:00+00:00,8574.391949187333
2025-08-25 11:30:00+00:00,8576.405468173076
2025-08-25 12:45:00+00:00,8563.369001673294
2025-08-25 13:45:00+00:00,8564.727768878534
2025-08-25 15:15:00+00:00,8551.343904154242
2025-08-25 16:00:00+00:00,8588.420637322817
2025-08-25 19:30:00+00:00,8625.311776106402
2025-08-25 20:30:00+00:00,8599.387802647172
2025-08-25 21:45:00+00:00,8586.370203386714
2025-08-26 00:15:00+00:00,8588.365095626865
2025-08-26 01:15:00+00:00,8590.34522347572
2025-08-26 04:00:00+00:00,8592.44291497213
2025-08-26 06:15:00+00:00,8594.5747987351
2025-08-26 15:30:00+00:00,8596.606678105194
2025-08-26 19:30:00+00:00,8633.422040557394
2025-08-26 21:30:00+00:00,8634.672583658421
2025-08-26 23:30:00+00:00,8636.603095811242
2025-08-27 01:30:00+00:00,8638.08074723419
2025-08-27 03:45:00+00:00,8674.971923013043
2025-08-27 06:45:00+00:00,8662.069538397864
2025-08-27 07:15:00+00:00,8648.19406334605
2025-08-27 07:30:00+00:00,8650.33074099674
2025-08-27 12:00:00+00:00,8637.145864018124
2025-08-27 12:45:00+00:00,8623.907921679562
2025-08-27 13:30:00+00:00,8625.925332430164
2025-08-27 15:30:00+00:00,8612.966080901433
2025-08-27 17:30:00+00:00,8614.882899053358
2025-08-27 19:00:00+00:00,8601.256045891658
2025-08-27 20:15:00+00:00,8588.262223934606
2025-08-27 21:30:00+00:00,8592.186192247545
2025-08-27 22:00:00+00:00,8578.80978682484
2025-08-28 01:15:00+00:00,8580.899825272298
2025-08-28 01:30:00+00:00,8567.974259723072
2025-08-28 04:30:00+00:00,8570.074663072008
2025-08-28 07:45:00+00:00,8556.83901189404
2025-08-28 11:15:00+00:00,8555.833487148344
2025-08-28 13:15:00+00:00,8557.825477259383
2025-08-28 13:45:00+00:00,8544.1027800907
2025-08-28 14:15:00+00:00,8545.542323942947
2025-08-28 15:15:00+00:00,8519.390296767906
2025-08-28 16:15:00+00:00,8493.551797514307
2025-08-28 18:30:00+00:00,8495.507797876344
2025-08-28 18:45:00+00:00,8482.286573302832
2025-08-28 22:15:00+00:00,8469.154135059192
2025-08-28 22:30:00+00:00,8471.03309031194
2025-08-29 03:30:00+00:00,8472.738114619033
2025-08-29 04:45:00+00:00,8509.337565589834
2025-08-29 06:15:00+00:00,8496.428778900055
2025-08-29 06:30:00+00:00,8520.176540175222
2025-08-29 07:00:00+00:00,8507.15306973698
2025-08-29 08:45:00+00:00,8544.050914197382
2025-08-29 09:45:00+00:00,8545.761673891153
2025-08-29 11:00:00+00:00,8547.786338932528
2025-08-29 12:30:00+00:00,8534.634383257222
2025-08-29 13:45:00+00:00,8544.047770585334
2025-08-29 16:00:00+00:00,8581.182287756974
2025-08-29 21:45:00+00:00,8583.390795905094
2025-08-29 23:15:00+00:00,8585.100608570543
2025-08-29 23:30:00+00:00,8586.66448027762
2025-08-30 02:00:00+00:00,8573.478138974502
2025-08-30 12:15:00+00:00,8560.206926619736
2025-08-30 12:30:00+00:00,8545.79265670746
2025-08-30 13:00:00+00:00,8582.455519420228
2025-08-30 13:45:00+00:00,8569.01228875387
2025-08-30 14:30:00+00:00,8554.915838867068
2025-08-30 14:45:00+00:00,8541.7359406702
2025-08-30 15:45:00+00:00,8528.627610372037
2025-08-30 20:15:00+00:00,8530.357623587157
2025-08-31 00:00:00+00:00,8567.046993839442
2025-08-31 04:15:00+00:00,8568.537797124769
2025-08-31 05:00:00+00:00,8555.111645356077
2025-08-31 06:45:00+00:00,8541.653191770582
2025-08-31 10:00:00+00:00,8543.183836200718
2025-08-31 10:30:00+00:00,8529.904398800903
2025-08-31 13:00:00+00:00,8566.509747520944
2025-08-31 14:00:00+00:00,8567.87589879191
2025-08-31 16:15:00+00:00,8540.081162149396
2025-08-31 19:45:00+00:00,8540.60008418904
2025-08-31 22:30:00+00:00,8541.296907666467
2025-08-31 22:45:00+00:00,8526.648307168518
2025-08-31 23:15:00+00:00,8512.123824574417
2025-08-31 23:30:00+00:00,8548.706496050016
2025-09-01 00:15:00+00:00,8534.427680647406
2025-09-01 00:45:00+00:00,8536.116235602885
2025-09-01 01:00:00+00:00,8537.879827900786
2025-09-01 01:30:00+00:00,8524.781250595308
2025-09-01 01:45:00+00:00,8511.658780148326
2025-09-01 02:15:00+00:00,8498.518930760976
2025-09-01 04:30:00+00:00,8522.144585630404
2025-09-01 05:30:00+00:00,8524.101393339735
2025-09-01 07:15:00+00:00,8510.525421807833
2025-09-01 07:30:00+00:00,8512.481666529653
2025-09-01 07:45:00+00:00,8549.442253407431
2025-09-01 10:00:00+00:00,8551.589940843889
2025-09-01 10:15:00+00:00,8537.986364371507
2025-09-01 10:30:00+00:00,8539.994359850787
2025-09-01 10:45:00+00:00,8527.062820285382
2025-09-01 11:30:00+00:00,8514.032154583061
2025-09-01 13:15:00+00:00,8500.813364441803
2025-09-01 13:30:00+00:00,8487.853258644662
2025-09-01 17:00:00+00:00,8489.307072764415
2025-09-01 20:30:00+00:00,8526.103923881205
2025-09-01 23:00:00+00:00,8513.054662668761
2025-09-02 00:30:00+00:00,8499.98292595793
2025-09-02 09:45:00+00:00,8485.981349135998
2025-09-02 11:00:00+00:00,8485.10158549051
2025-09-02 11:15:00+00:00,8471.807730546041
2025-09-02 11:30:00+00:00,8470.582957626928
2025-09-02 11:45:00+00:00,8457.13921411161
2025-09-02 12:45:00+00:00,8443.672789056911
2025-09-02 13:30:00+00:00,8430.558598508602
2025-09-02 15:30:00+00:00,8417.476590207074
2025-09-02 15:45:00+00:00,8404.54189867146
2025-09-02 20:15:00+00:00,8406.525404062402
2025-09-03 06:00:00+00:00,8393.497365188685
2025-09-03 12:45:00+00:00,8352.289448971147
2025-09-03 13:15:00+00:00,8353.87697262086
2025-09-03 14:00:00+00:00,8340.510560657662
2025-09-03 14:30:00+00:00,8377.162824986284
2025-09-03 14:45:00+00:00,8399.297843412265
2025-09-03 15:30:00+00:00,8386.013747824416
2025-09-03 16:45:00+00:00,8372.547281897127
2025-09-03 18:30:00+00:00,8359.000690176408
2025-09-03 21:15:00+00:00,8358.5754532426
2025-09-04 00:45:00+00:00,8345.398263962079
2025-09-04 02:15:00+00:00,8331.981269602968
2025-09-04 03:00:00+00:00,8368.411020369509
2025-09-04 06:15:00+00:00,8404.998207549093
2025-09-04 10:00:00+00:00,8406.740260285
2025-09-04 12:15:00+00:00,8408.334636873735
2025-09-04 12:30:00+00:00,8403.752628929944
2025-09-04 12:45:00+00:00,8404.402078671512
2025-09-04 15:00:00+00:00,8441.202661590936
2025-09-04 17:00:00+00:00,8443.042003735098
2025-09-04 20:15:00+00:00,8444.760184447065
2025-09-04 22:45:00+00:00,8431.250460634152
2025-09-05 00:00:00+00:00,8471.695982982785
2025-09-05 01:30:00+00:00,8458.447258532628
2025-09-05 02:00:00+00:00,8459.992518928082
2025-09-05 02:30:00+00:00,8446.76315757089
2025-09-05 07:00:00+00:00,8482.351735032054
2025-09-05 09:15:00+00:00,8441.429197951655
2025-09-05 09:30:00+00:00,8427.938228889896
2025-09-05 11:00:00+00:00,8429.325933190352
2025-09-05 12:30:00+00:00,8430.856805381394
2025-09-05 12:45:00+00:00,8503.348852090867
2025-09-05 13:45:00+00:00,8490.213891730577
2025-09-05 14:00:00+00:00,8491.986189075706
2025-09-05 14:15:00+00:00,8480.526586442473
2025-09-05 14:30:00+00:00,8467.445780404903
2025-09-05 19:15:00+00:00,8454.498023289218
2025-09-05 21:15:00+00:00,8456.413075572542
2025-09-06 03:30:00+00:00,8479.512160032344
2025-09-06 04:45:00+00:00,8465.074749713009
2025-09-06 14:15:00+00:00,8500.978146731202
2025-09-06 15:30:00+00:00,8486.9730059262
2025-09-06 16:15:00+00:00,8487.728218752554
2025-09-06 16:45:00+00:00,8488.918582675286
2025-09-06 21:00:00+00:00,8511.46449378475
2025-09-06 21:30:00+00:00,8512.822481218267
2025-09-06 23:30:00+00:00,8507.978860526555
2025-09-07 00:45:00+00:00,8491.486572256437
2025-09-07 01:00:00+00:00,8477.636837849082
2025-09-07 01:15:00+00:00,8461.129840279464
2025-09-07 01:45:00+00:00,8447.466660261873
2025-09-07 02:45:00+00:00,8431.160800599788
2025-09-07 06:15:00+00:00,8430.918310026256
2025-09-07 06:30:00+00:00,8432.410510446836
2025-09-07 07:30:00+00:00,8467.000173110173
2025-09-07 07:45:00+00:00,8460.3517722603
2025-09-07 09:30:00+00:00,8461.503562685959
2025-09-07 11:30:00+00:00,8448.904096488983
2025-09-07 12:15:00+00:00,8435.39079996046
2025-09-07 13:00:00+00:00,8471.888240151333
2025-09-07 13:30:00+00:00,8507.011975960335
2025-09-07 13:45:00+00:00,8543.827093107955
2025-09-07 14:00:00+00:00,8579.980507150649
2025-09-07 14:15:00+00:00,8614.819408549632
2025-09-07 14:45:00+00:00,8616.547091344062
2025-09-07 15:00:00+00:00,8603.555605749436
2025-09-07 17:15:00+00:00,8588.33556265435
2025-09-07 17:45:00+00:00,8578.611154511807
2025-09-07 18:30:00+00:00,8563.456845354454
2025-09-07 22:45:00+00:00,8586.726127774587
2025-09-08 00:00:00+00:00,8573.382130977108
2025-09-08 00:45:00+00:00,8560.090589657573
2025-09-08 01:30:00+00:00,8560.983453625382
2025-09-08 04:00:00+00:00,8547.783601030787
2025-09-08 07:00:00+00:00,8549.550183860823
2025-09-08 09:00:00+00:00,8535.823902370046
2025-09-08 09:45:00+00:00,8572.508924129128
2025-09-08 11:15:00+00:00,8558.856146289982
2025-09-08 13:30:00+00:00,8560.556501756531
2025-09-08 14:30:00+00:00,8597.376591202157
2025-09-08 15:15:00+00:00,8634.145742163038
2025-09-08 16:30:00+00:00,8635.768841194182
2025-09-08 17:45:00+00:00,8622.497767982202
2025-09-08 20:45:00+00:00,8609.248592864757
2025-09-08 21:45:00+00:00,8608.524164487471
2025-09-09 00:30:00+00:00,8595.540205324369
2025-09-09 01:00:00+00:00,8582.342954868345
2025-09-09 07:45:00+00:00,8569.25072255507
2025-09-09 08:15:00+00:00,8555.6985962301
2025-09-09 12:00:00+00:00,8542.155091641496
2025-09-09 13:00:00+00:00,8529.519782054223
2025-09-09 14:00:00+00:00,8503.48663414087
2025-09-09 17:15:00+00:00,8505.493002368721
2025-09-09 18:15:00+00:00,8492.473410392347
2025-09-09 19:30:00+00:00,8479.625192956542
2025-09-09 21:00:00+00:00,8465.39451899834
2025-09-09 21:15:00+00:00,8466.43968899771
2025-09-10 01:30:00+00:00,8453.382142298398
2025-09-10 02:00:00+00:00,8440.12614110303
2025-09-10 09:00:00+00:00,8425.993817288861
2025-09-10 12:30:00+00:00,8427.767127106197
2025-09-10 12:45:00+00:00,8414.156788324311
2025-09-10 13:00:00+00:00,8449.962374719236
2025-09-10 13:30:00+00:00,8436.49203955916
2025-09-10 14:00:00+00:00,8437.848996135603
2025-09-10 14:30:00+00:00,8439.59121982196
2025-09-10 15:15:00+00:00,8426.142088830638
2025-09-10 16:45:00+00:00,8463.231995357222
2025-09-10 17:15:00+00:00,8464.393744291523
2025-09-10 19:15:00+00:00,8451.023722276
2025-09-11 05:30:00+00:00,8424.880915771191
2025-09-11 09:00:00+00:00,8411.519235117372
2025-09-11 12:00:00+00:00,8447.955826790023
2025-09-11 12:30:00+00:00,8449.839026154476
2025-09-11 13:00:00+00:00,8423.66821467966
2025-09-11 13:30:00+00:00,8425.60777775556
2025-09-11 14:00:00+00:00,8427.644323814255
2025-09-11 19:00:00+00:00,8427.282861824622
2025-09-11 20:45:00+00:00,8414.799287586751
2025-09-12 00:30:00+00:00,8486.985283977776
2025-09-12 01:45:00+00:00,8472.870391238906
2025-09-12 03:15:00+00:00,8509.508148333833
2025-09-12 05:15:00+00:00,8511.18225939711
2025-09-12 08:15:00+00:00,8513.015610015895
2025-09-12 11:45:00+00:00,8549.77418524283
2025-09-12 12:00:00+00:00,8551.466642385434
2025-09-12 14:00:00+00:00,8537.87842495814
2025-09-12 14:30:00+00:00,8539.4931665871
2025-09-12 15:30:00+00:00,8526.21800332909
2025-09-12 16:15:00+00:00,8563.181225539365
2025-09-12 16:30:00+00:00,8548.879192723834
2025-09-12 17:15:00+00:00,8535.537143751893
2025-09-12 20:00:00+00:00,8522.204812563059
2025-09-12 20:15:00+00:00,8508.953487658828
2025-09-12 21:30:00+00:00,8510.608302733246
2025-09-12 22:15:00+00:00,8547.232839442102
2025-09-13 00:00:00+00:00,8534.11312143338
2025-09-13 00:45:00+00:00,8520.380539734471
2025-09-13 01:00:00+00:00,8557.474122383619
2025-09-13 07:00:00+00:00,8558.389044134075
2025-09-13 08:30:00+00:00,8559.357581328091
2025-09-13 10:15:00+00:00,8545.429475154782
2025-09-13 11:00:00+00:00,8531.997444453336
2025-09-13 13:00:00+00:00,8519.13604353771
2025-09-13 13:45:00+00:00,8555.825084911734
2025-09-13 15:00:00+00:00,8557.097977469035
2025-09-13 16:30:00+00:00,8544.20234348763
2025-09-13 17:00:00+00:00,8531.472652858267
2025-09-13 21:00:00+00:00,8518.199133020189
2025-09-13 21:15:00+00:00,8504.874083775303
2025-09-13 23:45:00+00:00,8498.567763698342
2025-09-14 02:00:00+00:00,8484.970475124372
2025-09-14 02:45:00+00:00,8486.419170567415
2025-09-14 04:15:00+00:00,8523.268511615353
2025-09-14 10:15:00+00:00,8506.756107608848
2025-09-14 11:30:00+00:00,8490.312968215916
2025-09-14 12:30:00+00:00,8526.997680235241
2025-09-14 13:15:00+00:00,8510.85373437923
2025-09-14 13:30:00+00:00,8547.73795319227
2025-09-14 13:45:00+00:00,8534.412895415926
2025-09-14 16:30:00+00:00,8534.462778617182
2025-09-14 17:45:00+00:00,8521.626192926362
2025-09-14 20:00:00+00:00,8506.952557231545
2025-09-14 21:30:00+00:00,8493.59802883154
2025-09-14 21:45:00+00:00,8495.170980317638
2025-09-14 23:00:00+00:00,8482.156763494824
2025-09-15 01:15:00+00:00,8482.748060453587
2025-09-15 03:15:00+00:00,8455.494638821334
2025-09-15 04:30:00+00:00,8446.407944751225
2025-09-15 06:45:00+00:00,8432.191277932181
2025-09-15 07:30:00+00:00,8469.005179513211
2025-09-15 08:45:00+00:00,8542.643669526973
2025-09-15 10:30:00+00:00,8566.617696062456
2025-09-15 11:30:00+00:00,8552.69194879802
2025-09-15 14:15:00+00:00,8553.725912088395
2025-09-15 17:15:00+00:00,8540.666909029384
2025-09-15 18:45:00+00:00,8542.72348582857
2025-09-15 21:45:00+00:00,8544.844725900677
2025-09-16 00:30:00+00:00,8546.885575668946
2025-09-16 06:30:00+00:00,8533.707821225524
2025-09-16 08:30:00+00:00,8519.30117183629
2025-09-16 10:45:00+00:00,8504.903265102932
2025-09-16 12:00:00+00:00,8491.949982335906
2025-09-16 13:15:00+00:00,8477.914879572734
2025-09-16 13:45:00+00:00,8464.776469971928
2025-09-16 14:30:00+00:00,8466.80059426848
2025-09-16 14:45:00+00:00,8467.996117252891
2025-09-16 15:15:00+00:00,8455.069184600256
2025-09-16 15:45:00+00:00,8429.805563899477
2025-09-16 17:00:00+00:00,8403.375417487061
2025-09-16 21:45:00+00:00,8390.154342392741
2025-09-17 00:15:00+00:00,8390.830812671735
2025-09-17 03:45:00+00:00,8427.513526710834
2025-09-17 04:45:00+00:00,8429.188893441049
2025-09-17 06:15:00+00:00,8452.466907760154
2025-09-17 06:30:00+00:00,8439.093437770349
2025-09-17 07:15:00+00:00,8425.766877155118
2025-09-17 08:00:00+00:00,8398.372971606901
2025-09-17 10:15:00+00:00,8384.906058689538
2025-09-17 12:30:00+00:00,8371.67753180235
2025-09-17 13:15:00+00:00,8358.283912984258
2025-09-17 15:30:00+00:00,8345.246565873498
2025-09-17 17:30:00+00:00,8331.1133723712
2025-09-17 18:00:00+00:00,8305.385218651909
2025-09-17 19:00:00+00:00,8267.33197709474
2025-09-17 20:00:00+00:00,8243.699397183382
2025-09-17 22:00:00+00:00,8230.820551284029
2025-09-17 22:15:00+00:00,8217.928926616745
2025-09-17 22:45:00+00:00,8204.652254658067
2025-09-18 01:15:00+00:00,8191.753357443079
2025-09-18 05:00:00+00:00,8192.720650241941
2025-09-18 05:30:00+00:00,8179.52524302525
2025-09-18 06:00:00+00:00,8181.635448525345
2025-09-18 10:15:00+00:00,8183.383357302711
2025-09-18 12:30:00+00:00,8185.016378549336
2025-09-18 13:30:00+00:00,8171.990305087918
2025-09-19 00:15:00+00:00,8209.031582149788
2025-09-19 02:30:00+00:00,8210.823312317207
2025-09-19 04:00:00+00:00,8197.705706221452
2025-09-19 05:15:00+00:00,8199.615870268914
2025-09-19 06:45:00+00:00,8186.777041924748
2025-09-19 08:00:00+00:00,8188.276442734441
2025-09-19 09:15:00+00:00,8190.231348100665
2025-09-19 10:15:00+00:00,8176.746686455823
2025-09-19 13:45:00+00:00,8177.978296105246
2025-09-19 14:15:00+00:00,8177.903869978945
2025-09-19 16:45:00+00:00,8178.263308562044
2025-09-19 17:30:00+00:00,8215.40203390412
2025-09-19 21:45:00+00:00,8217.215675594169
2025-09-19 23:15:00+00:00,8253.908624185118
2025-09-20 00:00:00+00:00,8240.742906922795
2025-09-20 00:45:00+00:00,8229.415318603884
2025-09-20 01:45:00+00:00,8216.246600251057
2025-09-20 02:30:00+00:00,8217.4028853411
2025-09-20 04:00:00+00:00,8219.208397773
2025-09-20 06:45:00+00:00,8205.37542861444
2025-09-20 08:45:00+00:00,8242.34167252374
2025-09-20 10:45:00+00:00,8279.118391697124
2025-09-20 13:45:00+00:00,8265.917013664948
2025-09-20 14:45:00+00:00,8302.260134726734
2025-09-20 17:00:00+00:00,8287.810687972542
2025-09-20 18:15:00+00:00,8289.48202321944
2025-09-20 21:30:00+00:00,8291.171044226592
2025-09-21 07:45:00+00:00,8277.110363266893
2025-09-21 09:15:00+00:00,8313.381376488796
2025-09-21 09:30:00+00:00,8286.123411083758
2025-09-21 09:45:00+00:00,8271.581674335814
2025-09-21 10:45:00+00:00,8273.1624226134
2025-09-21 11:00:00+00:00,8259.557545136675
2025-09-21 12:15:00+00:00,8246.172479213326
2025-09-21 12:45:00+00:00,8247.607752424841
2025-09-21 15:45:00+00:00,8234.304623714177
2025-09-21 16:15:00+00:00,8220.93080611635
2025-09-21 17:45:00+00:00,8222.290968564326
2025-09-21 18:00:00+00:00,8224.071072252196
2025-09-21 21:00:00+00:00,8224.862233594095
2025-09-21 22:00:00+00:00,8211.637828846062
2025-09-21 22:45:00+00:00,8213.143385462541
2025-09-22 00:15:00+00:00,8199.933089956983
2025-09-22 00:30:00+00:00,8236.556183275941
2025-09-22 00:45:00+00:00,8346.597559873815
2025-09-22 02:15:00+00:00,8334.26600627367
2025-09-22 02:30:00+00:00,8321.237578767761
2025-09-22 04:00:00+00:00,8323.352907316674
2025-09-22 05:45:00+00:00,8360.219684079853
2025-09-22 06:00:00+00:00,8397.247895887938
2025-09-22 07:00:00+00:00,8421.328379183653
2025-09-22 10:15:00+00:00,8408.623890226936
2025-09-22 10:45:00+00:00,8410.64876739728
2025-09-22 15:00:00+00:00,8412.613457278307
2025-09-22 19:30:00+00:00,8449.565580063338
2025-09-22 22:45:00+00:00,8486.713552844862
2025-09-23 01:00:00+00:00,8473.446372098611
2025-09-23 04:15:00+00:00,8460.712040868711
2025-09-23 06:30:00+00:00,8447.692154547716
2025-09-23 11:00:00+00:00,8434.355351515103
2025-09-23 14:00:00+00:00,8432.22574464126
2025-09-23 15:00:00+00:00,8469.356109594457
2025-09-23 21:30:00+00:00,8471.274825715234
2025-09-24 03:15:00+00:00,8508.204040226878
2025-09-24 04:00:00+00:00,8582.96103207612
2025-09-24 04:30:00+00:00,8569.825687285082
2025-09-24 05:15:00+00:00,8556.924926326805
2025-09-24 06:45:00+00:00,8544.032834663638
2025-09-24 14:15:00+00:00,8580.996782269855
2025-09-24 14:45:00+00:00,8617.68484183205
2025-09-24 18:15:00+00:00,8618.624350471897
2025-09-24 19:30:00+00:00,8604.477385626267
2025-09-24 19:45:00+00:00,8641.07804333728
2025-09-24 20:45:00+00:00,8677.89588610212
2025-09-24 21:45:00+00:00,8664.68537032648
2025-09-24 22:00:00+00:00,8701.585923622857
2025-09-24 23:00:00+00:00,8688.403521987882
2025-09-24 23:30:00+00:00,8690.421325914725
2025-09-25 01:00:00+00:00,8692.449539143307
2025-09-25 02:00:00+00:00,8694.061942813649
2025-09-25 02:30:00+00:00,8680.82445262736
2025-09-25 04:00:00+00:00,8667.743038807655
2025-09-25 04:45:00+00:00,8704.605109369108
2025-09-25 05:15:00+00:00,8678.584142517024
2025-09-25 12:15:00+00:00,8715.67644279466
2025-09-25 12:30:00+00:00,8789.572617744454
2025-09-25 13:30:00+00:00,8776.660565809441
2025-09-25 17:00:00+00:00,8813.77673449944
2025-09-25 18:15:00+00:00,8815.771331214
2025-09-25 18:45:00+00:00,8819.911343561538
2025-09-25 19:15:00+00:00,8807.072035288265
2025-09-25 23:30:00+00:00,8844.218853810518
2025-09-26 00:15:00+00:00,8846.333612087665
2025-09-26 07:30:00+00:00,8843.789256488713
2025-09-26 09:30:00+00:00,8839.937245395513
2025-09-26 11:00:00+00:00,8876.978950797446
2025-09-26 12:00:00+00:00,8914.10895720457
2025-09-26 12:30:00+00:00,8901.117452778479
2025-09-26 14:15:00+00:00,8888.129902604995
2025-09-26 15:30:00+00:00,8890.262920031979
2025-09-26 22:00:00+00:00,8927.354357135575
2025-09-27 04:00:00+00:00,8914.245762939956
2025-09-27 05:00:00+00:00,8916.292948947035
2025-09-27 08:45:00+00:00,8902.805768648903
2025-09-27 14:30:00+00:00,8926.018382530732
2025-09-27 15:00:00+00:00,8927.734388885343
2025-09-27 15:30:00+00:00,8914.126048944854
2025-09-27 16:45:00+00:00,8900.611708460332
2025-09-27 17:00:00+00:00,8887.036344895716
2025-09-27 17:15:00+00:00,8889.113661096328
2025-09-27 17:45:00+00:00,8875.0881821707
2025-09-27 20:00:00+00:00,8876.509676232323
2025-09-27 21:00:00+00:00,8862.789042919627
2025-09-28 00:00:00+00:00,8864.259285857283
2025-09-28 01:00:00+00:00,8900.530087342857
2025-09-28 01:30:00+00:00,8936.643648927113
2025-09-28 08:15:00+00:00,8933.350173822453
2025-09-28 10:00:00+00:00,8935.114539430244
2025-09-28 12:30:00+00:00,8921.422746293427
2025-09-28 13:30:00+00:00,8924.506448681881
2025-09-28 16:00:00+00:00,8958.79074991068
2025-09-28 16:15:00+00:00,8945.733782586189
2025-09-28 20:30:00+00:00,8980.823376746259
2025-09-28 22:00:00+00:00,9053.59176708718
2025-09-28 22:15:00+00:00,9088.89886155641
2025-09-28 23:00:00+00:00,9111.863438378174
2025-09-28 23:15:00+00:00,9112.62406682596
2025-09-29 01:45:00+00:00,9098.51332474932
2025-09-29 02:00:00+00:00,9071.921273569667
2025-09-29 03:00:00+00:00,9073.377634278952
2025-09-29 05:00:00+00:00,9110.037048999702
2025-09-29 06:00:00+00:00,9096.715290416621
2025-09-29 08:15:00+00:00,9098.309603219093
2025-09-29 08:45:00+00:00,9084.836310065184
2025-09-29 11:00:00+00:00,9072.851193729552
2025-09-29 12:30:00+00:00,9074.49778235804
2025-09-29 12:45:00+00:00,9060.91634265268
2025-09-29 13:30:00+00:00,9096.840439911977
2025-09-29 14:15:00+00:00,9070.755476407141
2025-09-29 15:45:00+00:00,9057.53967312555
2025-09-29 17:00:00+00:00,9044.34607926592
2025-09-29 19:45:00+00:00,9046.350454374315
2025-09-30 00:15:00+00:00,9032.937613855114
2025-09-30 01:00:00+00:00,9024.71482421561
2025-09-30 05:30:00+00:00,9011.413759872888
2025-09-30 07:30:00+00:00,9012.726591261538
2025-09-30 09:00:00+00:00,9049.74498216562
2025-09-30 11:30:00+00:00,9051.463414702224
2025-09-30 13:30:00+00:00,9038.22004497455
2025-09-30 13:45:00+00:00,9035.272652042959
2025-09-30 14:00:00+00:00,9022.775006266662
2025-09-30 17:30:00+00:00,9009.718759408715
2025-09-30 18:15:00+00:00,9011.608962100969
2025-09-30 19:30:00+00:00,8998.535966610061
2025-09-30 19:45:00+00:00,8985.195272969004
2025-10-01 00:00:00+00:00,8971.718852047057
2025-10-01 02:15:00+00:00,8970.320889155342
2025-10-01 04:15:00+00:00,8964.268458957136
2025-10-01 08:30:00+00:00,9037.636134587217
2025-10-01 12:15:00+00:00,9039.559965896082
2025-10-01 17:45:00+00:00,9041.42911345393
2025-10-01 23:45:00+00:00,9065.10657041222
2025-10-02 11:45:00+00:00,9051.649315728178
2025-10-02 13:00:00+00:00,9055.135542210883
2025-10-02 13:15:00+00:00,9091.826986472808
2025-10-02 14:15:00+00:00,9078.710199417881
2025-10-02 15:00:00+00:00,9115.39391531728
2025-10-02 15:15:00+00:00,9102.280091190549
2025-10-02 15:45:00+00:00,9089.185088143382
2025-10-02 16:00:00+00:00,9125.404426399042
2025-10-02 17:45:00+00:00,9112.346678690283
2025-10-02 18:15:00+00:00,9149.318760735232
2025-10-02 18:45:00+00:00,9136.234759507546
2025-10-02 19:00:00+00:00,9173.068896001876
2025-10-03 00:00:00+00:00,9174.826141820438
2025-10-03 03:30:00+00:00,9211.653913663811
2025-10-03 06:45:00+00:00,9248.562707424631
2025-10-03 07:30:00+00:00,9249.98304310436
2025-10-03 11:15:00+00:00,9251.822287622039
2025-10-03 13:00:00+00:00,9240.322179925328
2025-10-03 13:30:00+00:00,9242.069032367848
2025-10-03 14:30:00+00:00,9242.906957971343
2025-10-03 16:00:00+00:00,9279.878054010976
2025-10-03 16:45:00+00:00,9266.83508963061
2025-10-03 17:00:00+00:00,9253.538285333332
2025-10-03 17:45:00+00:00,9240.351809998914
2025-10-03 18:45:00+00:00,9242.369875103826
2025-10-04 00:30:00+00:00,9243.859404806291
2025-10-04 01:30:00+00:00,9231.80648323918
2025-10-04 02:15:00+00:00,9218.637208334185
2025-10-04 03:00:00+00:00,9205.465563648324
2025-10-04 07:15:00+00:00,9192.154193104703
2025-10-04 08:30:00+00:00,9164.946852768924
2025-10-04 09:45:00+00:00,9138.060530063553
2025-10-04 11:15:00+00:00,9138.93673442771
2025-10-04 14:00:00+00:00,9127.572905706198
2025-10-04 14:45:00+00:00,9130.12142521088
2025-10-04 22:00:00+00:00,9120.771981189466
2025-10-05 00:00:00+00:00,9122.468218154167
2025-10-05 00:15:00+00:00,9109.037837868404
2025-10-05 02:30:00+00:00,9145.780719500965
2025-10-05 02:45:00+00:00,9218.991544456463
2025-10-05 03:00:00+00:00,9192.252728260246
2025-10-05 03:45:00+00:00,9178.742227856237
2025-10-05 04:45:00+00:00,9214.894370009944
2025-10-05 07:00:00+00:00,9188.446741996622
2025-10-05 07:45:00+00:00,9225.063681757309
2025-10-05 08:30:00+00:00,9226.869298071197
2025-10-05 09:00:00+00:00,9213.418601952393
2025-10-05 09:30:00+00:00,9200.187537904916
2025-10-05 10:00:00+00:00,9173.76206534717
2025-10-05 13:15:00+00:00,9121.260076877516
2025-10-05 14:45:00+00:00,9108.17242032295
2025-10-05 16:45:00+00:00,9109.949824860823
2025-10-05 17:45:00+00:00,9096.721339473457
2025-10-05 20:00:00+00:00,9098.655699361723
2025-10-05 22:00:00+00:00,9085.59392562743
2025-10-05 23:30:00+00:00,9072.520959541758
2025-10-06 00:15:00+00:00,9059.204549703843
2025-10-06 01:15:00+00:00,9045.985088715086
2025-10-06 02:00:00+00:00,9032.769056627529
2025-10-06 06:00:00+00:00,9069.616863587797
2025-10-06 07:00:00+00:00,9056.597297960221
2025-10-06 07:30:00+00:00,9043.632585114085
2025-10-06 09:00:00+00:00,9080.45249546645
2025-10-06 13:30:00+00:00,9081.424558958357
2025-10-06 13:45:00+00:00,9117.947509258021
2025-10-06 14:45:00+00:00,9104.249265797454
2025-10-06 16:00:00+00:00,9105.669192447893
2025-10-06 21:15:00+00:00,9107.044519384674
2025-10-07 01:15:00+00:00,9093.423273656244
2025-10-07 04:00:00+00:00,9095.258874043004
2025-10-07 04:45:00+00:00,9132.322008209952
2025-10-07 05:45:00+00:00,9134.226602074556
2025-10-07 06:15:00+00:00,9135.76232040102
2025-10-07 08:00:00+00:00,9122.491533320313
2025-10-07 08:30:00+00:00,9124.316980514686
2025-10-07 11:15:00+00:00,9161.365482590412
2025-10-07 12:45:00+00:00,9148.30305765718
2025-10-07 13:30:00+00:00,9170.95456904813
2025-10-07 14:00:00+00:00,9244.555719287102
2025-10-07 15:00:00+00:00,9317.282156783955
2025-10-07 16:45:00+00:00,9356.393409475213
2025-10-07 20:30:00+00:00,9343.657384262699
2025-10-08 02:45:00+00:00,9343.06907467379
2025-10-08 03:15:00+00:00,9380.14833663288
2025-10-08 14:45:00+00:00,9367.1834936103
2025-10-08 17:15:00+00:00,9369.233468087657
2025-10-08 20:45:00+00:00,9357.722235261546
2025-10-09 00:00:00+00:00,9359.794254259803
2025-10-09 01:00:00+00:00,9346.677906082245
2025-10-09 02:00:00+00:00,9333.490591355656
2025-10-09 02:15:00+00:00,9335.288883925738
2025-10-09 06:00:00+00:00,9337.14057889599
2025-10-09 07:00:00+00:00,9339.079085665899
2025-10-09 07:30:00+00:00,9325.906212126803
2025-10-09 08:15:00+00:00,9327.67672011789
2025-10-09 08:30:00+00:00,9314.53925680305
2025-10-09 11:00:00+00:00,9301.406459414708
2025-10-09 12:30:00+00:00,9288.18922983925
2025-10-09 13:45:00+00:00,9311.831632416819
2025-10-09 14:30:00+00:00,9298.769810635975
2025-10-09 16:15:00+00:00,9335.857772920626
2025-10-09 16:45:00+00:00,9322.848806443819
2025-10-09 20:45:00+00:00,9324.545275609582
2025-10-09 21:00:00+00:00,9311.663157206562
2025-10-09 22:30:00+00:00,9299.786800261698
2025-10-10 03:15:00+00:00,9301.433538851823
2025-10-10 03:30:00+00:00,9289.691392926276
2025-10-10 05:45:00+00:00,9276.378004492544
2025-10-10 09:45:00+00:00,9314.724730476752
2025-10-10 11:15:00+00:00,9316.621002325583
2025-10-10 13:15:00+00:00,9353.53288181426
2025-10-10 13:45:00+00:00,9355.467066543764
2025-10-10 14:30:00+00:00,9342.466655226937
2025-10-10 14:45:00+00:00,9329.371766932767
2025-10-10 15:00:00+00:00,9316.426046929662
2025-10-10 15:30:00+00:00,9353.308181068189
2025-10-10 15:45:00+00:00,9385.439247634222
2025-10-10 16:30:00+00:00,9387.007742239819
2025-10-10 19:15:00+00:00,9424.168366423415
2025-10-10 20:45:00+00:00,9460.981084003504
2025-10-10 21:15:00+00:00,9522.657246478151
2025-10-11 04:00:00+00:00,9500.221838572495
2025-10-12 01:30:00+00:00,9502.478069874856
2025-10-12 02:30:00+00:00,9489.102633172473
2025-10-12 03:00:00+00:00,9475.81323631379
2025-10-12 03:15:00+00:00,9462.964757649324
2025-10-12 04:45:00+00:00,9449.778971964657
2025-10-12 06:00:00+00:00,9436.946428020241
2025-10-12 10:15:00+00:00,9435.400875708034
2025-10-12 15:00:00+00:00,9424.021514930468
2025-10-12 16:00:00+00:00,9397.960116288885
2025-10-12 16:45:00+00:00,9372.00051350156
2025-10-12 19:45:00+00:00,9359.190932261421
2025-10-12 20:00:00+00:00,9346.410237495407
2025-10-12 20:15:00+00:00,9333.295300105192
2025-10-12 22:00:00+00:00,9335.394229577229
2025-10-13 09:00:00+00:00,9322.28945640299
2025-10-13 13:30:00+00:00,9359.262446251554
2025-10-13 17:45:00+00:00,9396.445109773786
2025-10-13 18:15:00+00:00,9433.516862330494
2025-10-14 01:00:00+00:00,9420.405182043503
2025-10-14 02:15:00+00:00,9407.266089928391
2025-10-14 03:00:00+00:00,9394.115942689457
2025-10-14 04:30:00+00:00,9383.372382968839
2025-10-14 05:30:00+00:00,9370.311950887226
2025-10-14 06:30:00+00:00,9357.29068830215
2025-10-14 10:00:00+00:00,9393.793771200708
2025-10-14 10:15:00+00:00,9380.897788933642
2025-10-14 11:00:00+00:00,9367.5273617427
2025-10-14 13:45:00+00:00,9369.225986556474
2025-10-14 14:15:00+00:00,9371.272500346386
2025-10-14 15:45:00+00:00,9358.070430922258
2025-10-14 16:15:00+00:00,9319.496739935752
2025-10-14 18:15:00+00:00,9280.71064090055
2025-10-14 22:00:00+00:00,9282.860954328233
2025-10-15 14:30:00+00:00,9284.812550239201
2025-10-15 18:45:00+00:00,9271.592259035926
2025-10-15 20:30:00+00:00,9258.645460868676
2025-10-16 00:00:00+00:00,9253.726972547249
2025-10-16 01:00:00+00:00,9255.42512681224
2025-10-16 02:00:00+00:00,9242.446671926551
2025-10-16 06:30:00+00:00,9244.35221981428
2025-10-16 09:45:00+00:00,9242.973978762504
2025-10-16 16:45:00+00:00,9229.947393237298
2025-10-16 23:30:00+00:00,9231.490531445248
2025-10-17 00:30:00+00:00,9218.149305642997
2025-10-17 06:30:00+00:00,9254.773972862404
2025-10-17 07:00:00+00:00,9291.954598774408
2025-10-17 07:15:00+00:00,9329.071441823502
2025-10-17 08:15:00+00:00,9316.189364996873
2025-10-18 07:00:00+00:00,9353.003888951147
2025-10-18 14:00:00+00:00,9354.811377154021
2025-10-18 16:00:00+00:00,9341.618535274882
2025-10-19 00:30:00+00:00,9343.431626027274
2025-10-19 05:45:00+00:00,9344.816826066302
2025-10-19 06:30:00+00:00,9345.544250750543
2025-10-19 06:45:00+00:00,9331.861456434284
2025-10-19 08:15:00+00:00,9318.350475379895
2025-10-19 09:30:00+00:00,9305.074097904238
2025-10-19 11:00:00+00:00,9291.622729257579
2025-10-19 13:45:00+00:00,9278.054514545402
2025-10-19 16:30:00+00:00,9264.527414503333
2025-10-19 19:00:00+00:00,9266.370864668843
2025-10-19 21:00:00+00:00,9268.093680526743
2025-10-20 00:15:00+00:00,9254.296344809694
2025-10-20 03:45:00+00:00,9241.10386987096
2025-10-20 10:45:00+00:00,9227.966691673402
2025-10-20 15:45:00+00:00,9231.267371660166
2025-10-20 16:45:00+00:00,9232.928724643185
2025-10-21 04:00:00+00:00,9269.804602334721
2025-10-21 10:45:00+00:00,9256.340121319845
2025-10-21 12:15:00+00:00,9242.791110370204
2025-10-21 14:00:00+00:00,9218.188531180778
2025-10-21 14:45:00+00:00,9205.120081733092
2025-10-21 16:45:00+00:00,9192.21395146109
2025-10-21 20:15:00+00:00,9179.340330791785
2025-10-23 06:45:00+00:00,9215.520663084892
2025-10-23 07:30:00+00:00,9201.969135184363
2025-10-23 09:00:00+00:00,9203.624199931191
2025-10-23 11:15:00+00:00,9190.264209783008
2025-10-23 12:00:00+00:00,9176.756963073423
2025-10-23 16:45:00+00:00,9186.087316929914
2025-10-23 20:00:00+00:00,9172.828921078577
2025-10-24 07:45:00+00:00,9159.549886991892
2025-10-24 11:15:00+00:00,9161.064460402771
2025-10-24 11:30:00+00:00,9147.24096057143
2025-10-24 12:30:00+00:00,9183.918166591759
2025-10-24 13:45:00+00:00,9222.289065483334
2025-10-24 14:15:00+00:00,9209.229894371434
2025-10-25 01:15:00+00:00,9246.186923759786
2025-10-25 09:45:00+00:00,9246.476888958165
2025-10-25 15:00:00+00:00,9246.845753064119
2025-10-25 19:45:00+00:00,9248.680334451876
2025-10-26 09:15:00+00:00,9284.267843752055
2025-10-26 11:30:00+00:00,9320.562791084749
2025-10-26 13:15:00+00:00,9306.725242319619
2025-10-26 16:15:00+00:00,9294.64649024666
2025-10-26 20:15:00+00:00,9281.071218919933
2025-10-26 21:15:00+00:00,9267.208649750111
2025-10-26 22:00:00+00:00,9303.821304059767
2025-10-27 08:45:00+00:00,9326.389788854214
2025-10-27 13:30:00+00:00,9312.610843157934
2025-10-27 15:00:00+00:00,9314.405344137513
2025-10-27 19:30:00+00:00,9316.378216943445
2025-10-28 04:00:00+00:00,9303.172805212474
2025-10-28 07:00:00+00:00,9289.183703872868
2025-10-28 09:00:00+00:00,9261.814131577927
2025-10-28 15:30:00+00:00,9248.685928215204
2025-10-28 17:15:00+00:00,9235.5961100138
2025-10-28 22:15:00+00:00,9237.59931805023
2025-10-29 01:30:00+00:00,9239.312899267386
2025-10-29 04:00:00+00:00,9236.184583382148
2025-10-29 05:00:00+00:00,9229.446342136207
2025-10-29 05:15:00+00:00,9215.900148519471
2025-10-29 08:00:00+00:00,9201.959904100251
2025-10-29 17:30:00+00:00,9188.499650526212
2025-10-29 18:30:00+00:00,9190.00660172855
2025-10-29 18:45:00+00:00,9177.102619555486
2025-10-29 21:30:00+00:00,9164.037561732002
2025-10-30 02:15:00+00:00,9155.37872508447
2025-10-30 04:15:00+00:00,9192.477551319927
2025-10-30 05:30:00+00:00,9179.543187066747
2025-10-30 18:45:00+00:00,9216.456104127576
2025-10-30 23:30:00+00:00,9218.25053787542
2025-10-31 12:30:00+00:00,9204.938070540828
2025-11-01 13:30:00+00:00,9190.889354813851
2025-11-01 14:15:00+00:00,9176.680741898603
2025-11-01 17:00:00+00:00,9162.90081489339
2025-11-01 21:45:00+00:00,9149.160649764994
2025-11-02 08:15:00+00:00,9185.251480727866
2025-11-02 09:45:00+00:00,9170.85154540696
2025-11-02 10:30:00+00:00,9156.541371129022
2025-11-02 11:30:00+00:00,9142.887984069617
2025-11-02 13:15:00+00:00,9143.57966894672
2025-11-02 20:45:00+00:00,9130.177009124209
2025-11-03 01:30:00+00:00,9166.255235522003
2025-11-03 01:45:00+00:00,9167.926316726673
2025-11-03 03:00:00+00:00,9240.90656724376
2025-11-03 03:15:00+00:00,9277.644392047547
2025-11-03 10:45:00+00:00,9314.585025256702
2025-11-03 12:00:00+00:00,9316.164159434806
2025-11-04 11:30:00+00:00,9302.886804213525
2025-11-04 14:45:00+00:00,9304.544182209735
2025-11-04 18:45:00+00:00,9305.153492109666
2025-11-04 22:15:00+00:00,9307.14454469492
2025-11-05 01:45:00+00:00,9309.197090676167
2025-11-06 00:30:00+00:00,9299.135028830426
2025-11-06 05:30:00+00:00,9300.626787408179
2025-11-06 23:15:00+00:00,9302.55862795524
2025-11-07 01:15:00+00:00,9289.26728436987
2025-11-07 02:45:00+00:00,9276.080277985238
2025-11-07 11:00:00+00:00,9312.860615439795
2025-11-08 00:30:00+00:00,9299.542528416861
2025-11-08 06:00:00+00:00,9286.17982587441
2025-11-09 16:00:00+00:00,9287.652608672746
2025-11-09 23:00:00+00:00,9324.203292659717
2025-11-09 23:15:00+00:00,9326.007093064669
2025-11-10 00:00:00+00:00,9312.9227900324
2025-11-10 01:00:00+00:00,9349.780443759266
2025-11-10 02:00:00+00:00,9336.512343221562
2025-11-10 04:15:00+00:00,9323.50781592976
2025-11-10 05:30:00+00:00,9325.539640950265
2025-11-10 08:30:00+00:00,9327.218677732237
2025-11-10 09:45:00+00:00,9364.235076717117
2025-11-10 11:00:00+00:00,9361.346904894875
2025-11-10 12:00:00+00:00,9363.37536514804
2025-11-10 14:30:00+00:00,9365.41490536208
2025-11-10 16:30:00+00:00,9354.437595157
2025-11-10 16:45:00+00:00,9356.49797013796
2025-11-10 21:00:00+00:00,9358.589029163415
2025-11-10 21:15:00+00:00,9360.731476001416
2025-11-10 21:30:00+00:00,9362.819284059591
2025-11-11 00:00:00+00:00,9364.823426641362
2025-11-11 01:00:00+00:00,9366.897628369432
2025-11-11 01:15:00+00:00,9353.900963048782
2025-11-11 01:30:00+00:00,9356.05608173583
2025-11-11 02:30:00+00:00,9358.163739192349
2025-11-11 07:30:00+00:00,9395.32481110783
2025-11-11 10:00:00+00:00,9432.442467630679
2025-11-11 11:00:00+00:00,9419.378780363482
2025-11-11 14:45:00+00:00,9421.301840280274
2025-11-11 17:30:00+00:00,9458.460922025513
2025-11-11 21:30:00+00:00,9532.430534487094
2025-11-12 05:30:00+00:00,9530.098109125638
2025-11-12 08:15:00+00:00,9532.012946606546
2025-11-12 08:30:00+00:00,9534.00813796746
2025-11-12 09:00:00+00:00,9507.791040986725
2025-11-12 10:30:00+00:00,9468.14236177354
2025-11-12 10:45:00+00:00,9455.047943580572
2025-11-12 12:00:00+00:00,9441.896439365562
2025-11-12 12:15:00+00:00,9443.862341663358
2025-11-12 13:45:00+00:00,9430.594979851106
2025-11-12 14:30:00+00:00,9432.371338041958
2025-11-12 15:30:00+00:00,9469.131092626629
2025-11-12 22:45:00+00:00,9466.821447425207
2025-11-12 23:45:00+00:00,9468.257634569183
2025-11-13 03:15:00+00:00,9469.885150811384
2025-11-13 07:45:00+00:00,9472.003351434843
2025-11-13 09:00:00+00:00,9458.999118320813
2025-11-13 13:15:00+00:00,9419.993892506258
2025-11-13 14:30:00+00:00,9380.883945931659
2025-11-13 15:15:00+00:00,9369.862394050833
2025-11-13 16:45:00+00:00,9357.026119395714
2025-11-13 17:30:00+00:00,9344.170386132093
2025-11-13 17:45:00+00:00,9331.356640532864
2025-11-13 18:30:00+00:00,9318.519015516762
2025-11-13 22:00:00+00:00,9320.735111619428
2025-11-13 22:15:00+00:00,9307.710039271875
2025-11-13 23:15:00+00:00,9294.871556073622
2025-11-13 23:30:00+00:00,9282.016104936503
2025-11-14 00:00:00+00:00,9284.210370352876
2025-11-14 04:30:00+00:00,9321.337567027245
2025-11-14 05:00:00+00:00,9360.593109671901
2025-11-14 08:45:00+00:00,9362.740148264556
2025-11-14 11:30:00+00:00,9349.828614525657
2025-11-14 12:30:00+00:00,9336.897110758124
2025-11-14 12:45:00+00:00,9338.97431075122
2025-11-14 14:30:00+00:00,9326.147770970414
2025-11-14 21:45:00+00:00,9328.360027416004
2025-11-15 00:15:00+00:00,9315.581069924976
2025-11-15 08:45:00+00:00,9289.595753752066
2025-11-15 09:15:00+00:00,9290.202505953252
2025-11-15 16:00:00+00:00,9292.083577934045
2025-11-15 22:15:00+00:00,9295.861588140466
2025-11-16 02:00:00+00:00,9297.568828687268
2025-11-16 02:45:00+00:00,9286.341097244635
2025-11-16 05:00:00+00:00,9273.316778662494
2025-11-16 09:45:00+00:00,9259.591199182285
2025-11-16 11:00:00+00:00,9283.5436293565
2025-11-16 11:30:00+00:00,9322.171225163944
2025-11-16 13:45:00+00:00,9358.94614714952
2025-11-16 15:45:00+00:00,9345.901934052989
2025-11-16 16:15:00+00:00,9382.743511826213
2025-11-16 16:30:00+00:00,9419.653301047389
2025-11-16 17:45:00+00:00,9406.705091148733
2025-11-16 18:00:00+00:00,9408.644551006058
2025-11-16 18:30:00+00:00,9410.768181339568
2025-11-16 22:00:00+00:00,9434.71611643015
2025-11-16 22:45:00+00:00,9421.536504196338
2025-11-16 23:00:00+00:00,9395.774665891517
2025-11-17 00:15:00+00:00,9369.844909512132
2025-11-17 13:00:00+00:00,9359.962787642644
2025-11-17 13:30:00+00:00,9346.463622421252
2025-11-17 13:45:00+00:00,9308.976244232012
2025-11-17 14:30:00+00:00,9296.019021008096
2025-11-17 15:30:00+00:00,9298.232655932523
2025-11-17 16:30:00+00:00,9300.475572148967
2025-11-17 16:45:00+00:00,9287.695873489094
2025-11-18 08:30:00+00:00,9289.908073477536
2025-11-18 15:00:00+00:00,9291.92858576857
2025-11-18 15:15:00+00:00,9296.437156602307
2025-11-18 21:00:00+00:00,9298.555286716593
2025-11-18 22:00:00+00:00,9294.063926966088
2025-11-19 00:00:00+00:00,9281.067350187117
2025-11-19 00:15:00+00:00,9283.144930738796
2025-11-19 07:00:00+00:00,9270.077468629668
2025-11-19 07:45:00+00:00,9246.018637556337
2025-11-19 08:15:00+00:00,9233.015178653688
2025-11-19 14:15:00+00:00,9269.921293260712
2025-11-19 15:00:00+00:00,9256.910299398176
2025-11-19 17:30:00+00:00,9297.952848847362
2025-11-19 17:45:00+00:00,9337.209415934523
2025-11-19 21:15:00+00:00,9324.126410134706
2025-11-19 23:00:00+00:00,9285.353756558492
2025-11-20 01:00:00+00:00,9259.562368535573
2025-11-20 04:15:00+00:00,9255.221153211744
2025-11-20 06:15:00+00:00,9256.872978706017
2025-11-20 06:30:00+00:00,9258.743343535134
2025-11-20 08:00:00+00:00,9295.655240449245
2025-11-20 09:45:00+00:00,9282.496451213341
2025-11-20 10:00:00+00:00,9269.404489127892
2025-11-20 10:30:00+00:00,9256.315963898296
2025-11-20 11:15:00+00:00,9243.242713331014
2025-11-20 13:00:00+00:00,9242.325908411554
2025-11-20 13:45:00+00:00,9244.064056677977
2025-11-20 15:00:00+00:00,9245.93404828982
2025-11-20 16:00:00+00:00,9232.933160438763
2025-11-21 07:15:00+00:00,9270.164023333213
2025-11-21 07:30:00+00:00,9307.210175534796
2025-11-21 09:45:00+00:00,9294.502577859259
2025-11-21 10:00:00+00:00,9281.769709825243
2025-11-21 23:30:00+00:00,9280.212367518381
2025-11-22 09:30:00+00:00,9267.349181729249
2025-11-22 11:15:00+00:00,9269.396745897673
2025-11-22 14:15:00+00:00,9243.681804407363
2025-11-22 19:15:00+00:00,9247.788557212976
2025-11-22 22:45:00+00:00,9234.60491801105
2025-11-22 23:15:00+00:00,9236.577243877673
2025-11-23 02:30:00+00:00,9223.552770871383
2025-11-23 04:15:00+00:00,9210.19414550831
2025-11-23 06:00:00+00:00,9211.796354060096
2025-11-23 07:00:00+00:00,9198.296326392574
2025-11-23 08:30:00+00:00,9200.271456562661
2025-11-23 10:30:00+00:00,9202.23583663722
2025-11-23 12:30:00+00:00,9238.787477455411
2025-11-23 14:15:00+00:00,9240.623377163834
2025-11-23 14:45:00+00:00,9242.055912902177
2025-11-23 19:15:00+00:00,9230.908823715596
2025-11-23 21:45:00+00:00,9217.938628014263
2025-11-24 01:30:00+00:00,9219.673875189164
2025-11-24 02:15:00+00:00,9258.344500136882
2025-11-24 04:15:00+00:00,9245.22682947788
2025-11-24 05:00:00+00:00,9221.393822523209
2025-11-24 06:00:00+00:00,9208.502406241527
2025-11-24 06:45:00+00:00,9195.347186359022
2025-11-24 09:00:00+00:00,9182.26813484597
2025-11-24 14:30:00+00:00,9184.347488955329
2025-11-24 17:15:00+00:00,9225.286277551788
2025-11-24 20:00:00+00:00,9299.45389943336
2025-11-24 20:30:00+00:00,9286.451884410251
2025-11-24 23:45:00+00:00,9288.436698812342
2025-11-25 00:30:00+00:00,9290.566415159767
2025-11-25 02:00:00+00:00,9277.1044833287
2025-11-25 02:30:00+00:00,9279.170977736583
2025-11-25 12:15:00+00:00,9265.964813928178
2025-11-25 14:30:00+00:00,9267.908534091246
2025-11-25 14:45:00+00:00,9304.73673646235
2025-11-25 15:30:00+00:00,9291.78304357745
2025-11-25 16:15:00+00:00,9293.665908101071
2025-11-25 19:45:00+00:00,9282.753193554701
2025-11-25 20:15:00+00:00,9269.553891687692
2025-11-25 20:30:00+00:00,9256.607891759584
2025-11-25 23:00:00+00:00,9258.403158756882
2025-11-26 00:15:00+00:00,9246.975753711436
2025-11-26 03:30:00+00:00,9233.964741043064
2025-11-26 15:00:00+00:00,9235.723032161173
2025-11-26 22:00:00+00:00,9272.502172333323
2025-11-26 23:30:00+00:00,9309.38057833674
2025-11-27 00:45:00+00:00,9307.883086672844
2025-11-27 09:30:00+00:00,9294.416754295287
2025-11-27 15:15:00+00:00,9280.953400453032
2025-11-27 15:45:00+00:00,9282.519202499967
2025-11-27 16:15:00+00:00,9255.901724229056
2025-11-27 18:30:00+00:00,9242.564598028543
2025-11-28 01:00:00+00:00,9281.123141550976
2025-11-28 08:15:00+00:00,9308.947012391489
2025-11-28 09:00:00+00:00,9345.540725937522
2025-11-28 11:00:00+00:00,9334.017608175214
2025-11-28 13:45:00+00:00,9370.753014320777
2025-11-28 15:15:00+00:00,9372.315245053482
2025-11-28 16:15:00+00:00,9374.226049812742
2025-11-29 00:30:00+00:00,9368.001615666693
2025-11-29 05:45:00+00:00,9369.40014127257
2025-11-29 06:15:00+00:00,9355.828664868328
2025-11-29 08:00:00+00:00,9392.678843810418
2025-11-29 10:15:00+00:00,9379.145340877485
2025-11-29 14:00:00+00:00,9380.378361239651
2025-11-29 16:15:00+00:00,9367.997791239566
2025-11-29 17:30:00+00:00,9354.715940031836
2025-11-29 18:30:00+00:00,9391.744256508202
2025-11-29 22:15:00+00:00,9395.156544225874
2025-11-30 03:15:00+00:00,9381.213439864781
2025-11-30 03:30:00+00:00,9382.703981196606
2025-11-30 05:15:00+00:00,9369.158573742481
2025-11-30 09:00:00+00:00,9354.581537118618
2025-11-30 12:15:00+00:00,9355.495182537366
2025-11-30 12:45:00+00:00,9341.880187130777
2025-11-30 13:15:00+00:00,9378.244298866262
2025-11-30 15:00:00+00:00,9364.924009135437
2025-11-30 17:00:00+00:00,9366.723671219266
2025-11-30 17:30:00+00:00,9368.476749564677
2025-11-30 18:00:00+00:00,9369.903103162238
2025-11-30 21:15:00+00:00,9356.3550998811
2025-11-30 21:45:00+00:00,9345.010018068577
2025-11-30 23:00:00+00:00,9331.871333101308
2025-11-30 23:15:00+00:00,9368.416663952743
2025-11-30 23:45:00+00:00,9355.228638063889
2025-12-01 00:00:00+00:00,9392.046414432736
2025-12-01 00:15:00+00:00,9489.693810471721
2025-12-01 02:30:00+00:00,9526.380248936273
2025-12-01 05:30:00+00:00,9563.473704588549
2025-12-01 12:45:00+00:00,9600.038496769923
2025-12-01 13:15:00+00:00,9585.60102847945
2025-12-01 15:00:00+00:00,9622.677615924384
2025-12-01 15:30:00+00:00,9635.862649751962
2025-12-01 16:00:00+00:00,9637.896801543688
2025-12-01 16:45:00+00:00,9624.950449529288
2025-12-02 01:00:00+00:00,9662.061565807293
2025-12-02 10:45:00+00:00,9651.02967493496
2025-12-02 12:15:00+00:00,9688.092051751175
2025-12-02 13:15:00+00:00,9689.98056838152
2025-12-02 14:15:00+00:00,9713.914912972872
2025-12-02 14:30:00+00:00,9687.344953384276
2025-12-02 14:45:00+00:00,9724.187391979518
2025-12-02 15:00:00+00:00,9697.979437241132
2025-12-02 15:30:00+00:00,9734.98611662008
2025-12-02 15:45:00+00:00,9759.045955179734
2025-12-02 16:15:00+00:00,9746.142389286697
2025-12-02 17:30:00+00:00,9783.189153040215
2025-12-02 20:30:00+00:00,9785.354636222617
2025-12-03 00:15:00+00:00,9786.624902406495
2025-12-03 01:45:00+00:00,9773.595717009222
2025-12-03 02:15:00+00:00,9810.700185123342
2025-12-03 05:00:00+00:00,9847.699427610434
2025-12-03 06:00:00+00:00,9821.39694965643
2025-12-03 06:15:00+00:00,9808.352909551695
2025-12-03 13:30:00+00:00,9810.222550302437
2025-12-03 14:00:00+00:00,9870.934725656447
2025-12-03 16:30:00+00:00,9857.979639952531
2025-12-03 17:45:00+00:00,9845.00811688553
2025-12-03 23:00:00+00:00,9847.00248389348
2025-12-04 00:00:00+00:00,9870.867026693164
2025-12-04 09:45:00+00:00,9872.992658472069
2025-12-04 10:15:00+00:00,9859.781837301574
2025-12-04 14:45:00+00:00,9896.689431101699
2025-12-04 16:00:00+00:00,9885.15982261761
2025-12-04 17:30:00+00:00,9872.198445812946
2025-12-05 06:30:00+00:00,9873.61205799003
2025-12-05 07:00:00+00:00,9875.402836126257
2025-12-05 07:15:00+00:00,9876.659172764339
2025-12-05 10:30:00+00:00,9863.062846131163
2025-12-05 11:00:00+00:00,9849.343613200372
2025-12-05 13:45:00+00:00,9885.6413328034
2025-12-05 14:45:00+00:00,9887.156077484264
2025-12-05 15:00:00+00:00,9888.54631738608
2025-12-05 15:45:00+00:00,9892.34786207779
2025-12-05 16:15:00+00:00,9929.121298768627
2025-12-05 16:30:00+00:00,9966.111278008257
2025-12-05 19:45:00+00:00,9992.419933649193
2025-12-05 23:15:00+00:00,9989.74407704715
2025-12-06 06:30:00+00:00,9992.145445236984
2025-12-06 07:30:00+00:00,9994.090206278603
2025-12-06 14:30:00+00:00,9980.850833225933
2025-12-06 19:00:00+00:00,9982.61852544869
2025-12-06 23:00:00+00:00,10018.562381494485
2025-12-07 02:45:00+00:00,10020.046906351734
2025-12-07 03:45:00+00:00,10005.876592421837
2025-12-07 04:30:00+00:00,10007.529463834537
2025-12-07 08:00:00+00:00,9994.226492673857
2025-12-07 09:45:00+00:00,9980.967411554535
2025-12-07 12:45:00+00:00,9982.340356184783
2025-12-07 14:15:00+00:00,9955.669513686247
2025-12-07 14:30:00+00:00,9928.630728422911
2025-12-07 15:45:00+00:00,10038.756096938774
2025-12-07 17:15:00+00:00,10025.801782132608
2025-12-07 18:00:00+00:00,10049.932339638066
2025-12-07 18:15:00+00:00,10036.731830252425
2025-12-07 20:00:00+00:00,10023.720139150231
2025-12-07 22:00:00+00:00,10060.737269344989
2025-12-07 22:45:00+00:00,10122.065482826465
2025-12-08 01:00:00+00:00,10108.902288606483
2025-12-08 01:15:00+00:00,10095.975312028368
2025-12-08 04:30:00+00:00,10070.088207327688
2025-12-08 07:15:00+00:00,10057.034356341366
2025-12-08 07:30:00+00:00,10043.863473556847
2025-12-08 08:00:00+00:00,10037.191465089294
2025-12-08 12:00:00+00:00,10023.941977341712
2025-12-08 13:15:00+00:00,10010.032409249654
2025-12-08 14:15:00+00:00,9996.28452614116
2025-12-08 14:30:00+00:00,9983.132058421967
2025-12-08 14:45:00+00:00,9984.286660119784
2025-12-08 15:15:00+00:00,9971.294872977967
2025-12-08 15:30:00+00:00,9957.97253003099
2025-12-08 16:00:00+00:00,9944.895306610873
2025-12-08 21:00:00+00:00,9931.739406641986
2025-12-08 22:30:00+00:00,9933.39914942826
2025-12-09 01:15:00+00:00,9920.422362473866
2025-12-09 05:00:00+00:00,9922.163417834325
2025-12-09 09:30:00+00:00,9924.015402644633
2025-12-09 12:15:00+00:00,9897.264890007851
2025-12-09 13:15:00+00:00,9883.817441347248
2025-12-09 15:00:00+00:00,9870.478416628637
2025-12-09 15:45:00+00:00,9907.575356895211
2025-12-09 16:15:00+00:00,9944.667785020863
2025-12-09 17:00:00+00:00,9981.76906146252
2025-12-09 17:15:00+00:00,9983.611465680739
2025-12-09 17:30:00+00:00,9970.845163787588
2025-12-09 18:45:00+00:00,9972.930439287898
2025-12-09 20:15:00+00:00,9960.03290727106
2025-12-09 21:45:00+00:00,9921.257581748841
2025-12-10 02:00:00+00:00,9895.097546234867
2025-12-10 04:15:00+00:00,9895.214982490239
2025-12-10 10:30:00+00:00,9931.373299890733
2025-12-10 13:15:00+00:00,9918.061844919162
2025-12-10 15:00:00+00:00,9919.774281202104
2025-12-10 16:15:00+00:00,9906.39152259674
2025-12-10 17:15:00+00:00,9879.853592554124
2025-12-10 18:30:00+00:00,9866.73499238691
2025-12-10 19:00:00+00:00,9827.165360435398
2025-12-10 19:30:00+00:00,9774.915955635564
2025-12-10 20:00:00+00:00,9736.094175239119
2025-12-11 00:15:00+00:00,9773.257064174571
2025-12-11 08:30:00+00:00,9810.4425733386
2025-12-11 14:30:00+00:00,9847.638899832742
2025-12-11 19:30:00+00:00,9884.678138626366
2025-12-11 20:45:00+00:00,9921.534336614524
2025-12-11 21:15:00+00:00,9923.674300674753
2025-12-11 22:15:00+00:00,9910.644292619236
2025-12-12 00:45:00+00:00,9912.714441408802
2025-12-12 03:00:00+00:00,9914.847366400314
2025-12-12 04:45:00+00:00,9916.163031051343
2025-12-12 05:15:00+00:00,9918.117780920244
2025-12-12 08:15:00+00:00,9905.00040775865
2025-12-12 08:30:00+00:00,9891.488599181617
2025-12-12 09:45:00+00:00,9878.42122655452
2025-12-12 17:00:00+00:00,9865.610689796833
2025-12-13 01:00:00+00:00,9862.444894805196
2025-12-13 03:30:00+00:00,9849.297137324833
2025-12-13 06:00:00+00:00,9835.94712456899
2025-12-13 09:45:00+00:00,9837.367565030805
2025-12-13 12:45:00+00:00,9823.528613654018
2025-12-13 13:15:00+00:00,9825.031155334016
2025-12-13 14:15:00+00:00,9810.757108134412
2025-12-13 15:00:00+00:00,9848.38227830638
2025-12-13 16:30:00+00:00,9834.609306213208
2025-12-13 17:00:00+00:00,9836.242070478247
2025-12-13 18:45:00+00:00,9822.730439892772
2025-12-13 21:00:00+00:00,9809.400258336196
2025-12-13 21:30:00+00:00,9810.91770259141
2025-12-14 05:00:00+00:00,9812.210381565124
2025-12-14 09:00:00+00:00,9848.588132013454
2025-12-14 10:00:00+00:00,9885.096864000428
2025-12-14 10:15:00+00:00,9871.529614112818
2025-12-14 11:00:00+00:00,9858.08960796917
2025-12-14 11:15:00+00:00,9844.061021027617
2025-12-14 11:45:00+00:00,9830.453227974484
2025-12-14 12:15:00+00:00,9831.999271416144
2025-12-14 13:15:00+00:00,9818.919346290022
2025-12-14 15:00:00+00:00,9805.622292777234
2025-12-14 16:15:00+00:00,9807.376560575392
2025-12-14 17:00:00+00:00,9795.419310026158
2025-12-14 19:00:00+00:00,9782.299487110538
2025-12-14 21:45:00+00:00,9769.169243433977
2025-12-14 22:30:00+00:00,9742.949720461624
2025-12-14 23:30:00+00:00,9744.397104277668
2025-12-15 00:30:00+00:00,9717.803681806212
2025-12-15 01:30:00+00:00,9704.451351041218
2025-12-15 02:15:00+00:00,9677.904210418952
2025-12-15 09:00:00+00:00,9656.627864408876
2025-12-15 09:15:00+00:00,9656.17231358929
2025-12-15 12:00:00+00:00,9642.799861233852
2025-12-15 13:00:00+00:00,9644.362755636215
2025-12-15 14:30:00+00:00,9630.172107312586
2025-12-15 14:45:00+00:00,9605.721320932522
2025-12-15 15:15:00+00:00,9642.374469023736
2025-12-15 17:45:00+00:00,9679.440270005203
2025-12-15 19:00:00+00:00,9666.32126884481
2025-12-15 23:00:00+00:00,9655.603875239964
2025-12-16 00:15:00+00:00,9644.605343762938
2025-12-16 04:00:00+00:00,9646.579431778335
2025-12-16 06:00:00+00:00,9648.433833079303
2025-12-16 13:30:00+00:00,9635.327281303791
2025-12-16 14:00:00+00:00,9622.004580402448
2025-12-16 14:45:00+00:00,9610.852106749808
2025-12-16 15:15:00+00:00,9614.666177678857
2025-12-16 16:00:00+00:00,9616.709337347465
2025-12-16 17:15:00+00:00,9618.557845259716
2025-12-16 23:15:00+00:00,9619.423654520353
2025-12-16 23:30:00+00:00,9614.398196540862
2025-12-17 02:15:00+00:00,9614.745435638328
2025-12-17 04:15:00+00:00,9601.634303422428
2025-12-17 08:15:00+00:00,9588.03993685067
2025-12-17 09:45:00+00:00,9574.420933208427
2025-12-17 14:15:00+00:00,9611.074384266572
2025-12-17 14:30:00+00:00,9612.787589155429
2025-12-17 14:45:00+00:00,9587.907676738187
2025-12-17 15:15:00+00:00,9561.997283439616
2025-12-17 15:30:00+00:00,9548.868989633373
2025-12-17 15:45:00+00:00,9560.086119892783
2025-12-17 16:15:00+00:00,9521.56874013183
2025-12-17 17:15:00+00:00,9498.126703649576
2025-12-17 17:30:00+00:00,9485.262717626427
2025-12-17 19:00:00+00:00,9472.471755262968
2025-12-17 23:00:00+00:00,9472.913750405207
2025-12-18 01:00:00+00:00,9474.476167868823
2025-12-18 01:30:00+00:00,9471.835553145866
2025-12-18 09:45:00+00:00,9458.583877535142
2025-12-18 12:30:00+00:00,9432.017323665674
2025-12-18 13:00:00+00:00,9418.7893277667
2025-12-18 13:30:00+00:00,9405.620272486625
2025-12-18 14:00:00+00:00,9416.070631832783
2025-12-18 14:30:00+00:00,9403.130564221306
2025-12-18 14:45:00+00:00,9384.020706650575
2025-12-18 15:45:00+00:00,9386.13863835038
2025-12-18 16:15:00+00:00,9388.227142548953
2025-12-18 17:00:00+00:00,9364.50866122316
2025-12-19 00:30:00+00:00,9366.731122271462
2025-12-19 02:00:00+00:00,9353.767519908552
2025-12-19 02:30:00+00:00,9355.007800983707
2025-12-19 03:15:00+00:00,9392.01009820011
2025-12-19 14:15:00+00:00,9415.47714118407
2025-12-19 14:45:00+00:00,9401.990152467964
2025-12-19 15:15:00+00:00,9412.764967111852
2025-12-19 16:45:00+00:00,9438.531923439321
2025-12-19 17:30:00+00:00,9442.23990231079
2025-12-19 20:45:00+00:00,9478.960358039682
2025-12-20 04:45:00+00:00,9481.104693327374
2025-12-20 15:45:00+00:00,9481.9318679189
2025-12-20 20:30:00+00:00,9481.142821867035
2025-12-20 22:00:00+00:00,9467.27094558695
2025-12-20 22:45:00+00:00,9453.442552680028
2025-12-21 00:00:00+00:00,9453.531481762548
2025-12-21 00:15:00+00:00,9439.732044384531
2025-12-21 01:30:00+00:00,9441.845013810915
2025-12-21 02:00:00+00:00,9427.094414605845
2025-12-21 03:15:00+00:00,9412.7139359671
2025-12-21 08:30:00+00:00,9400.57513885684
2025-12-21 09:00:00+00:00,9420.702929229668
2025-12-21 09:15:00+00:00,9378.341133969014
2025-12-21 09:30:00+00:00,9363.733176261649
2025-12-21 09:45:00+00:00,9400.240916114224
2025-12-21 12:15:00+00:00,9400.890571758273
2025-12-21 13:00:00+00:00,9438.634747556824
2025-12-21 13:30:00+00:00,9475.047960574859
2025-12-21 14:00:00+00:00,9500.089766062789
2025-12-21 15:45:00+00:00,9473.336650429643
2025-12-21 16:15:00+00:00,9460.30756923019
2025-12-21 17:00:00+00:00,9446.523775538702
2025-12-21 21:45:00+00:00,9435.15515855776
2025-12-21 23:00:00+00:00,9421.317373552818
2025-12-21 23:30:00+00:00,9394.856643223207
2025-12-22 00:00:00+00:00,9381.292191712957
2025-12-22 01:45:00+00:00,9383.200488726377
2025-12-22 03:30:00+00:00,9370.172553620614
2025-12-22 05:00:00+00:00,9371.90477377154
2025-12-22 08:15:00+00:00,9360.266169936524
2025-12-22 09:45:00+00:00,9346.687305517287
2025-12-22 10:15:00+00:00,9333.534104832761
2025-12-22 11:45:00+00:00,9320.318820639422
2025-12-22 13:30:00+00:00,9321.693840910413
2025-12-22 14:30:00+00:00,9308.100132727002
2025-12-22 15:00:00+00:00,9294.677389651299
2025-12-22 15:15:00+00:00,9296.50325699674
2025-12-22 19:00:00+00:00,9285.118661361406
2025-12-22 19:15:00+00:00,9259.215545582023
2025-12-22 22:45:00+00:00,9246.103638929737
2025-12-23 00:30:00+00:00,9219.946166096805
2025-12-23 03:00:00+00:00,9245.472072642218
2025-12-23 06:00:00+00:00,9281.872066988872
2025-12-23 08:00:00+00:00,9283.634965187914
2025-12-23 13:30:00+00:00,9320.359453405006
2025-12-23 14:30:00+00:00,9394.004884563681
2025-12-23 15:15:00+00:00,9395.900242464208
2025-12-23 16:30:00+00:00,9382.732621923516
2025-12-24 01:00:00+00:00,9369.475635751707
2025-12-24 02:00:00+00:00,9356.227567675745
2025-12-24 03:00:00+00:00,9392.882344955546
2025-12-24 05:30:00+00:00,9379.787243888775
2025-12-24 06:00:00+00:00,9366.52830720432
2025-12-24 07:30:00+00:00,9368.115702705461
2025-12-24 11:00:00+00:00,9354.347034500928
2025-12-24 12:00:00+00:00,9355.123324410339
2025-12-24 14:30:00+00:00,9390.97086638694
2025-12-24 14:45:00+00:00,9392.549305730343
2025-12-24 15:30:00+00:00,9379.37009262197
2025-12-24 22:15:00+00:00,9362.677802109325
2025-12-25 00:45:00+00:00,9364.004430821502
2025-12-25 03:30:00+00:00,9349.706933933203
2025-12-25 07:45:00+00:00,9336.106242986216
2025-12-25 08:15:00+00:00,9337.304818861907
2025-12-25 10:30:00+00:00,9325.325855639363
2025-12-25 13:30:00+00:00,9310.781755587544
2025-12-25 14:15:00+00:00,9299.016202591674
2025-12-25 15:15:00+00:00,9284.671519364258
2025-12-25 15:30:00+00:00,9307.715773982261
2025-12-25 15:45:00+00:00,9343.877697511765
2025-12-25 16:45:00+00:00,9329.864429979736
2025-12-25 17:15:00+00:00,9304.28934997677
2025-12-25 20:15:00+00:00,9290.438636331583
2025-12-25 21:30:00+00:00,9291.365056684313
2025-12-25 22:45:00+00:00,9278.16917908975
2025-12-25 23:30:00+00:00,9314.867956908687
2025-12-26 01:00:00+00:00,9316.488493715597
2025-12-26 01:15:00+00:00,9303.07672190884
2025-12-26 02:00:00+00:00,9289.660407515137
2025-12-26 02:15:00+00:00,9264.681796318038
2025-12-26 03:30:00+00:00,9251.277061158025
2025-12-26 07:30:00+00:00,9252.785407374751
2025-12-26 08:45:00+00:00,9219.263813451495
2025-12-26 13:00:00+00:00,9220.906188033572
2025-12-26 14:30:00+00:00,9207.522306225423
2025-12-26 14:45:00+00:00,9199.8387811587
2025-12-26 15:30:00+00:00,9186.531199094981
2025-12-26 16:00:00+00:00,9146.385200960243
2025-12-26 18:30:00+00:00,9148.269122678452
2025-12-26 19:45:00+00:00,9134.83493033665
2025-12-26 22:15:00+00:00,9132.410173012677
2025-12-27 09:15:00+00:00,9117.912337109707
2025-12-27 12:30:00+00:00,9118.660450071779
2025-12-27 13:15:00+00:00,9104.444874828916
2025-12-27 16:15:00+00:00,9089.353348754492
2025-12-27 18:30:00+00:00,9090.355203512103
2025-12-27 22:15:00+00:00,9123.085944161296
2025-12-27 22:45:00+00:00,9110.063283273379
2025-12-27 23:30:00+00:00,9106.084821192882
2025-12-28 04:30:00+00:00,9092.115376171454
2025-12-28 09:30:00+00:00,9076.953435118514
2025-12-28 11:00:00+00:00,9100.990918955908
2025-12-28 14:45:00+00:00,9100.10795824324
2025-12-28 15:45:00+00:00,9136.865980647262
2025-12-28 16:30:00+00:00,9137.898231036921
2025-12-28 18:00:00+00:00,9122.458457525885
2025-12-28 18:15:00+00:00,9108.571876977918
2025-12-28 18:45:00+00:00,9093.272000279545
2025-12-28 20:00:00+00:00,9102.406556572465
2025-12-28 21:00:00+00:00,9075.105800407471
2025-12-28 21:15:00+00:00,9061.29373953551
2025-12-28 22:45:00+00:00,9047.458251182934
2025-12-28 23:45:00+00:00,9033.58807526064
2025-12-29 00:15:00+00:00,9056.625982792182
2025-12-29 00:30:00+00:00,9044.433750683873
2025-12-29 01:15:00+00:00,9030.748296649619
2025-12-29 01:30:00+00:00,9067.539540995222
2025-12-29 02:15:00+00:00,9076.724547945632
2025-12-29 03:30:00+00:00,9113.246176605058
2025-12-29 06:00:00+00:00,9100.236345430782
2025-12-29 07:00:00+00:00,9073.616261303207
2025-12-29 09:30:00+00:00,9048.472320372786
2025-12-29 12:15:00+00:00,9036.724136317278
2025-12-29 12:30:00+00:00,9038.006691494067
2025-12-29 14:30:00+00:00,9024.996233349993
2025-12-29 19:00:00+00:00,9022.5849293412
2025-12-30 01:45:00+00:00,9024.511855767425
2025-12-30 03:45:00+00:00,9026.370593043663
2025-12-30 06:45:00+00:00,9013.177274598704
2025-12-30 14:00:00+00:00,8999.779372472269
2025-12-30 14:45:00+00:00,8987.208008627347
2025-12-30 15:00:00+00:00,9024.709451339422
2025-12-30 16:45:00+00:00,8986.225208066495
2025-12-30 17:45:00+00:00,8972.8513487783
2025-12-30 21:45:00+00:00,8970.836989652405
2025-12-31 00:30:00+00:00,8972.26247182494
2025-12-31 01:15:00+00:00,8974.160344409484
2025-12-31 07:30:00+00:00,8960.33048127147
2025-12-31 08:15:00+00:00,8960.894416413752
2025-12-31 08:30:00+00:00,8947.445837200228
2025-12-31 10:30:00+00:00,8948.019199513328
2025-12-31 14:00:00+00:00,8949.475549630968
2025-12-31 14:30:00+00:00,8958.1768345881
2025-12-31 15:15:00+00:00,8917.329261993524
2025-12-31 16:15:00+00:00,8905.725133531734
2025-12-31 16:30:00+00:00,8941.907973008243
2025-12-31 20:00:00+00:00,8978.313121984318
2025-12-31 20:45:00+00:00,8964.907981899987
2025-12-31 22:00:00+00:00,8951.681081113371
2025-12-31 23:00:00+00:00,8947.906830989266
2026-01-01 02:15:00+00:00,8933.87018858956
2026-01-01 05:00:00+00:00,8935.302207900613
2026-01-01 05:15:00+00:00,8937.10278738204
2026-01-01 12:00:00+00:00,8973.180385149595
2026-01-01 13:00:00+00:00,8973.96136462565
2026-01-01 14:00:00+00:00,9010.63840771046
2026-01-01 15:15:00+00:00,9084.156003568074
2026-01-01 15:45:00+00:00,9120.764936812056
2026-01-01 17:30:00+00:00,9157.789056801657
2026-01-01 19:30:00+00:00,9194.596384793069
2026-01-01 20:00:00+00:00,9231.651809049841
2026-01-01 23:30:00+00:00,9267.839417912397
2026-01-02 02:00:00+00:00,9253.326844759575
2026-01-02 03:30:00+00:00,9289.139976908082
2026-01-02 04:15:00+00:00,9327.178456487243
2026-01-02 04:30:00+00:00,9329.270036677726
2026-01-02 05:15:00+00:00,9315.860760976577
2026-01-02 07:45:00+00:00,9317.105742631533
2026-01-02 09:00:00+00:00,9353.57509430035
2026-01-02 09:45:00+00:00,9389.140464509503
2026-01-02 11:15:00+00:00,9390.48032915037
2026-01-02 11:30:00+00:00,9392.293211051821
2026-01-02 14:00:00+00:00,9393.208495413253
2026-01-02 14:15:00+00:00,9379.739591584837
2026-01-02 14:30:00+00:00,9416.640801724137
2026-01-02 15:15:00+00:00,9403.058345899595
2026-01-02 15:30:00+00:00,9405.05317406915
2026-01-02 16:15:00+00:00,9392.090048316228
2026-01-02 17:00:00+00:00,9379.134960049592
2026-01-02 18:45:00+00:00,9380.807690678375
2026-01-02 20:00:00+00:00,9417.979787220522
2026-01-02 21:30:00+00:00,9405.019063865333
2026-01-02 22:30:00+00:00,9442.103054522297
2026-01-03 00:15:00+00:00,9479.249449022833
2026-01-03 07:15:00+00:00,9516.003219232349
2026-01-03 14:30:00+00:00,9502.860634213097
2026-01-03 15:00:00+00:00,9504.868394538911
2026-01-03 15:45:00+00:00,9490.39866853602
2026-01-03 17:00:00+00:00,9485.521303302676
2026-01-03 21:30:00+00:00,9472.302031915338
2026-01-03 23:15:00+00:00,9458.9142249262
2026-01-04 00:00:00+00:00,9445.206060633684
2026-01-04 00:30:00+00:00,9418.653942340134
2026-01-04 03:00:00+00:00,9405.60184530038
2026-01-04 03:30:00+00:00,9394.410180539278
2026-01-04 04:15:00+00:00,9381.454901009138
2026-01-04 06:45:00+00:00,9367.962508239172
2026-01-04 12:45:00+00:00,9368.07245754
2026-01-04 14:15:00+00:00,9369.703920923665
2026-01-04 17:15:00+00:00,9371.58147727724
2026-01-04 18:00:00+00:00,9372.791794400793
2026-01-04 19:00:00+00:00,9359.126380636215
2026-01-04 21:00:00+00:00,9382.870603395986
2026-01-04 22:15:00+00:00,9369.851442639629
2026-01-04 22:30:00+00:00,9371.638452845169
2026-01-04 23:00:00+00:00,9373.532433223278
2026-01-05 00:00:00+00:00,9360.244401765123
2026-01-05 00:45:00+00:00,9347.206869068701
2026-01-05 01:00:00+00:00,9334.19314356699
2026-01-05 01:30:00+00:00,9321.000530321813
2026-01-05 04:00:00+00:00,9323.006609625436
2026-01-05 07:00:00+00:00,9324.706120104078
2026-01-05 08:15:00+00:00,9311.60143565004
2026-01-05 09:45:00+00:00,9350.695235589736
2026-01-05 11:00:00+00:00,9337.664331268092
2026-01-05 11:45:00+00:00,9339.612477120862
2026-01-05 12:15:00+00:00,9326.445822941414
2026-01-05 12:30:00+00:00,9312.363201471133
2026-01-05 13:30:00+00:00,9298.310232441789
2026-01-05 14:30:00+00:00,9285.088720420592
2026-01-05 15:15:00+00:00,9322.03776947938
2026-01-05 15:30:00+00:00,9308.954915249471
2026-01-05 16:30:00+00:00,9296.001072399327
2026-01-05 17:15:00+00:00,9297.418227355085
2026-01-05 18:30:00+00:00,9334.35116712596
2026-01-05 20:00:00+00:00,9371.433533403086
2026-01-05 20:15:00+00:00,9408.47219137956
2026-01-05 21:15:00+00:00,9410.036156749717
2026-01-06 00:15:00+00:00,9414.278355140634
2026-01-06 00:30:00+00:00,9401.111252355968
2026-01-06 07:15:00+00:00,9403.258259333852
2026-01-06 13:15:00+00:00,9405.342978345712
2026-01-06 14:00:00+00:00,9407.37408577637
2026-01-06 14:45:00+00:00,9394.028455294145
2026-01-06 15:00:00+00:00,9396.040668200634
2026-01-06 15:30:00+00:00,9398.102738063211
2026-01-06 16:00:00+00:00,9422.009188184504
2026-01-06 16:15:00+00:00,9409.017437136332
2026-01-06 16:30:00+00:00,9446.06894694259
2026-01-06 17:45:00+00:00,9433.121871506697
2026-01-06 20:00:00+00:00,9434.758891505247
2026-01-06 20:30:00+00:00,9421.74420879517
2026-01-06 21:15:00+00:00,9369.321345403863
2026-01-07 00:15:00+00:00,9356.425106573151
2026-01-07 09:00:00+00:00,9342.617973129434
2026-01-07 09:30:00+00:00,9331.54341667989
2026-01-07 09:45:00+00:00,9317.862589402683
2026-01-07 10:30:00+00:00,9291.435398783611
2026-01-07 11:00:00+00:00,9278.21395624217
2026-01-07 11:15:00+00:00,9264.30295756908
2026-01-07 14:00:00+00:00,9301.283592643049
2026-01-07 14:30:00+00:00,9337.845643281906
2026-01-07 14:45:00+00:00,9325.695744683473
2026-01-07 16:15:00+00:00,9312.225589242853
2026-01-07 18:30:00+00:00,9314.054954075385
2026-01-07 22:30:00+00:00,9315.641272840889
2026-01-07 23:15:00+00:00,9304.374017506314
2026-01-08 01:15:00+00:00,9291.295219421016
2026-01-08 02:15:00+00:00,9293.21431204718
2026-01-08 03:30:00+00:00,9280.167353838246
2026-01-08 04:15:00+00:00,9282.137528354267
2026-01-08 06:00:00+00:00,9319.073228176174
2026-01-08 07:15:00+00:00,9322.615274046124
2026-01-08 07:30:00+00:00,9311.58573956591
2026-01-08 14:00:00+00:00,9306.551561762297
2026-01-08 15:15:00+00:00,9308.534211493936
2026-01-08 15:30:00+00:00,9295.443761064558
2026-01-08 16:00:00+00:00,9284.49059425931
2026-01-08 17:45:00+00:00,9271.42880737768
2026-01-08 20:00:00+00:00,9245.47636145858
2026-01-08 21:30:00+00:00,9249.544295318525
2026-01-08 22:00:00+00:00,9236.539804162403
2026-01-09 01:15:00+00:00,9223.478282214808
2026-01-09 01:30:00+00:00,9210.33977161538
2026-01-09 02:00:00+00:00,9197.381363637438
2026-01-09 05:15:00+00:00,9184.290153048167
2026-01-09 09:00:00+00:00,9170.835936759844
2026-01-09 13:45:00+00:00,9172.540915549478
2026-01-09 14:00:00+00:00,9174.12989917689
2026-01-09 14:30:00+00:00,9147.621219154977
2026-01-09 15:15:00+00:00,9134.341676094431
2026-01-09 18:15:00+00:00,9194.205636408702
2026-01-10 01:15:00+00:00,9182.335504998102
2026-01-10 01:45:00+00:00,9184.087559197
2026-01-10 05:30:00+00:00,9220.666342173681
2026-01-10 08:15:00+00:00,9206.802068101506
2026-01-10 12:00:00+00:00,9243.237663899947
2026-01-10 14:30:00+00:00,9229.574324390547
2026-01-10 17:15:00+00:00,9215.583643329566
2026-01-10 17:45:00+00:00,9216.874852687206
2026-01-10 20:45:00+00:00,9202.89697879608
2026-01-10 21:00:00+00:00,9189.155302651687
2026-01-11 02:45:00+00:00,9172.539334356143
2026-01-11 04:15:00+00:00,9155.513007907626
2026-01-11 05:00:00+00:00,9157.116514845446
2026-01-11 05:45:00+00:00,9139.956024215844
2026-01-11 12:45:00+00:00,9126.130969451298
2026-01-11 13:30:00+00:00,9125.692004741186
2026-01-11 14:30:00+00:00,9108.921132015921
2026-01-11 14:45:00+00:00,9144.828694757382
2026-01-11 15:00:00+00:00,9118.624506599055
2026-01-11 15:45:00+00:00,9104.419547097106
2026-01-11 16:15:00+00:00,9140.882471490848
2026-01-11 16:30:00+00:00,9164.898897908446
2026-01-11 16:45:00+00:00,9138.525926174078
2026-01-11 17:30:00+00:00,9124.793625770599
2026-01-11 20:00:00+00:00,9097.9220883016
2026-01-11 21:45:00+00:00,9099.785971392725
2026-01-11 22:00:00+00:00,9086.668454501758
2026-01-11 23:15:00+00:00,9076.180188061155
2026-01-12 00:00:00+00:00,9059.95326124335
2026-01-12 00:45:00+00:00,9057.830184175375
2026-01-12 01:00:00+00:00,9046.650192283918
2026-01-12 01:30:00+00:00,9033.033848276798
2026-01-12 02:45:00+00:00,9019.40185260078
2026-01-12 07:15:00+00:00,9021.378519172174
2026-01-12 07:45:00+00:00,9009.84976076847
2026-01-12 08:30:00+00:00,9046.717600895488
2026-01-12 11:30:00+00:00,9033.662561849078
2026-01-12 13:30:00+00:00,9020.491777590694
2026-01-12 14:15:00+00:00,9007.384420876553
2026-01-12 14:30:00+00:00,9009.388094815802
2026-01-12 15:15:00+00:00,8982.715183139224
2026-01-12 17:15:00+00:00,8969.515831388671
2026-01-12 17:30:00+00:00,8971.5161369672
2026-01-12 19:15:00+00:00,8957.871453070631
2026-01-12 20:45:00+00:00,8944.918954776607
2026-01-12 21:00:00+00:00,8931.99466537283
2026-01-13 01:30:00+00:00,8918.593046137166
2026-01-13 02:45:00+00:00,8920.330353024878
2026-01-13 03:00:00+00:00,8906.960686260254
2026-01-13 05:15:00+00:00,8893.695110750094
2026-01-13 07:30:00+00:00,8916.444373607123
2026-01-13 09:30:00+00:00,8917.703750980152
2026-01-13 12:00:00+00:00,8903.82908850264
2026-01-13 13:45:00+00:00,8906.146033429462
2026-01-13 14:45:00+00:00,8908.158318491634
2026-01-13 15:00:00+00:00,8894.659062785333
2026-01-13 16:00:00+00:00,8931.769776305724
2026-01-13 20:00:00+00:00,8968.600036538166
2026-01-13 20:15:00+00:00,9005.176384360257
2026-01-13 20:30:00+00:00,8992.077036012974
2026-01-13 22:00:00+00:00,9028.608220073995
2026-01-13 23:45:00+00:00,9052.35567728744
2026-01-14 02:15:00+00:00,9089.28674800012
2026-01-14 04:45:00+00:00,9085.871546420456
2026-01-14 06:30:00+00:00,9077.201004542934
2026-01-14 10:00:00+00:00,9064.206816172738
2026-01-14 10:15:00+00:00,9050.982120034192
2026-01-14 14:00:00+00:00,9037.812197858202
2026-01-14 14:45:00+00:00,9013.33933413703
2026-01-14 16:00:00+00:00,9001.177885928413
2026-01-14 18:30:00+00:00,9024.905673271647
2026-01-14 18:45:00+00:00,9026.49067289211
2026-01-14 22:30:00+00:00,9028.346570591808
2026-01-15 01:30:00+00:00,9065.353644975961
2026-01-15 02:30:00+00:00,9052.060103443746
2026-01-15 04:15:00+00:00,9038.89785657966
2026-01-15 05:00:00+00:00,9025.67048136578
2026-01-15 07:15:00+00:00,9012.316855791709
2026-01-15 07:30:00+00:00,8999.104367347574
2026-01-15 09:30:00+00:00,8972.768015931131
2026-01-15 12:45:00+00:00,8974.517036009865
2026-01-15 13:45:00+00:00,8961.162910481942
2026-01-15 14:45:00+00:00,8997.821666749
2026-01-15 16:00:00+00:00,8999.745518308488
2026-01-15 16:30:00+00:00,9001.514896414135
2026-01-15 22:30:00+00:00,8988.183579877326
2026-01-16 05:30:00+00:00,8989.480768857695
2026-01-16 05:45:00+00:00,8991.396687383487
2026-01-16 10:00:00+00:00,8978.192736508609
2026-01-16 12:00:00+00:00,8978.656532875511
2026-01-16 14:30:00+00:00,8980.162891515753
2026-01-16 15:30:00+00:00,9017.193489383855
2026-01-16 16:30:00+00:00,9040.249351155506
2026-01-16 16:45:00+00:00,9026.993806580535
2026-01-16 17:30:00+00:00,9013.647494199025
2026-01-16 20:30:00+00:00,9000.050763352085
2026-01-16 20:45:00+00:00,8986.913750042973
2026-01-16 23:00:00+00:00,8973.721378724998
2026-01-17 04:45:00+00:00,8971.962662201038
2026-01-17 09:30:00+00:00,8958.808771654232
2026-01-17 10:15:00+00:00,8995.641848592202
2026-01-17 11:45:00+00:00,8982.627782023437
2026-01-17 13:15:00+00:00,8982.77029918725
2026-01-17 14:30:00+00:00,9019.646029007381
2026-01-17 15:15:00+00:00,9021.655673720761
2026-01-17 15:45:00+00:00,9056.695984993132
2026-01-17 16:15:00+00:00,9042.201279250376
2026-01-17 21:30:00+00:00,9014.288426649207
2026-01-17 22:30:00+00:00,9000.62658420448
2026-01-18 00:15:00+00:00,9002.312416855877
2026-01-18 01:00:00+00:00,8988.241608581722
2026-01-18 02:30:00+00:00,9024.162524584028
2026-01-18 03:30:00+00:00,9012.15174007646
2026-01-18 04:00:00+00:00,9013.430889663561
2026-01-18 07:00:00+00:00,8999.644576792873
2026-01-18 08:30:00+00:00,9001.45017598658
2026-01-18 09:15:00+00:00,9001.925977461106
2026-01-18 11:00:00+00:00,9003.085567753746
2026-01-18 13:15:00+00:00,9036.179143412926
2026-01-18 16:00:00+00:00,9035.548545650721
2026-01-18 17:15:00+00:00,9020.082360647199
2026-01-18 18:15:00+00:00,9006.772452849556
2026-01-18 18:30:00+00:00,8993.243121947773
2026-01-18 23:00:00+00:00,8965.925118384972
2026-01-18 23:15:00+00:00,9002.15775239144
2026-01-19 00:00:00+00:00,9038.211592375681
2026-01-19 06:30:00+00:00,9223.054732202261
2026-01-19 06:45:00+00:00,9224.392242563497
2026-01-19 08:15:00+00:00,9226.58864021232
2026-01-19 13:15:00+00:00,9213.543522643138
2026-01-19 21:00:00+00:00,9200.541186752043
2026-01-20 04:15:00+00:00,9187.12573848795
2026-01-20 06:00:00+00:00,9188.78080456452
2026-01-20 08:00:00+00:00,9225.407752685844
2026-01-20 08:30:00+00:00,9212.265448833248
2026-01-20 13:30:00+00:00,9248.946881168353
2026-01-20 14:45:00+00:00,9285.304465397812
2026-01-20 15:00:00+00:00,9287.156536239541
2026-01-20 15:15:00+00:00,9288.700642405414
2026-01-20 16:15:00+00:00,9275.758407649711
2026-01-20 17:45:00+00:00,9312.41846294967
2026-01-20 22:30:00+00:00,9349.35570982439
2026-01-20 22:45:00+00:00,9348.468055318734
2026-01-21 00:00:00+00:00,9385.249238686161
2026-01-21 00:30:00+00:00,9372.142294515554
2026-01-21 05:00:00+00:00,9373.99751949935
2026-01-21 05:15:00+00:00,9360.858258669192
2026-01-21 05:30:00+00:00,9347.437195212739
2026-01-21 11:45:00+00:00,9420.807274275996
2026-01-21 13:00:00+00:00,9407.621183422356
2026-01-21 14:00:00+00:00,9444.533016692087
2026-01-21 14:45:00+00:00,9481.253306610053
2026-01-21 16:15:00+00:00,9468.202206997086
2026-01-21 16:30:00+00:00,9441.931638953474
2026-01-21 16:45:00+00:00,9479.010220658503
2026-01-21 18:00:00+00:00,9466.161274451579
2026-01-21 19:15:00+00:00,9440.270240006992
2026-01-21 19:30:00+00:00,9464.549917461422
2026-01-21 23:30:00+00:00,9451.660190501467
2026-01-21 23:45:00+00:00,9425.985403214296
2026-01-22 03:30:00+00:00,9412.88668174918
2026-01-22 06:30:00+00:00,9416.764507891508
2026-01-22 10:15:00+00:00,9413.849738100336
2026-01-22 11:00:00+00:00,9415.439370979992
2026-01-22 12:00:00+00:00,9417.274015913059
2026-01-22 15:30:00+00:00,9419.099644083195
2026-01-22 16:45:00+00:00,9392.479231196394
2026-01-22 17:45:00+00:00,9379.111196676215
2026-01-22 19:30:00+00:00,9366.048356765476
2026-01-22 22:00:00+00:00,9365.327552883791
2026-01-23 01:15:00+00:00,9338.706867478206
2026-01-23 14:15:00+00:00,9325.493714803433
2026-01-23 14:30:00+00:00,9327.240825803761
2026-01-23 15:00:00+00:00,9313.90610498151
2026-01-23 15:15:00+00:00,9300.505352035561
2026-01-23 15:30:00+00:00,9287.45210813632
2026-01-23 15:45:00+00:00,9274.282115854168
2026-01-23 17:30:00+00:00,9297.968117977505
2026-01-23 18:00:00+00:00,9272.008187094603
2026-01-23 19:00:00+00:00,9273.690378171743
2026-01-23 19:15:00+00:00,9260.696896196256
2026-01-23 19:30:00+00:00,9247.684633533692
2026-01-23 20:30:00+00:00,9234.594350977926
2026-01-23 20:45:00+00:00,9221.355851198856
2026-01-23 22:45:00+00:00,9208.428204477856
2026-01-24 02:00:00+00:00,9207.220333425319
2026-01-24 09:15:00+00:00,9193.493768064729
2026-01-24 11:15:00+00:00,9190.7259849769
2026-01-24 12:00:00+00:00,9175.85163838523
2026-01-24 13:45:00+00:00,9160.938031906659
2026-01-24 15:30:00+00:00,9133.664819160867
2026-01-24 16:45:00+00:00,9119.6852660346
2026-01-24 18:30:00+00:00,9104.547660218232
2026-01-24 22:15:00+00:00,9141.013796777223
2026-01-24 23:30:00+00:00,9141.596590261443
2026-01-25 00:30:00+00:00,9142.542664549908
2026-01-25 01:15:00+00:00,9126.480044302994
2026-01-25 01:30:00+00:00,9112.379500246001
2026-01-25 02:30:00+00:00,9098.597403279706
2026-01-25 03:15:00+00:00,9068.891007731561
2026-01-25 05:30:00+00:00,9068.625693091655
2026-01-25 07:00:00+00:00,9054.966097589751
2026-01-25 07:30:00+00:00,9055.910058861371
2026-01-25 08:30:00+00:00,9041.021117968783
2026-01-25 09:30:00+00:00,9013.64322496075
2026-01-25 10:15:00+00:00,8999.59556104186
2026-01-25 12:00:00+00:00,8987.49728132151
2026-01-25 12:15:00+00:00,8972.696116175472
2026-01-25 13:30:00+00:00,8974.293992319364
2026-01-25 13:45:00+00:00,8945.759930382688
2026-01-25 16:00:00+00:00,9054.113331757657
2026-01-25 18:15:00+00:00,9055.666417811783
2026-01-25 19:00:00+00:00,9057.526412412764
2026-01-25 19:15:00+00:00,9094.377934187545
2026-01-25 21:45:00+00:00,9118.114820049583
2026-01-26 00:15:00+00:00,9120.16629203664
2026-01-26 01:00:00+00:00,9117.936859588375
2026-01-26 07:30:00+00:00,9115.275880599775
2026-01-26 07:45:00+00:00,9109.200251568454
2026-01-26 08:15:00+00:00,9096.171027697994
2026-01-26 14:00:00+00:00,9097.96812907497
2026-01-26 14:45:00+00:00,9099.325172765564
2026-01-26 15:00:00+00:00,9135.893067830062
2026-01-26 15:30:00+00:00,9159.497520982535
2026-01-26 17:00:00+00:00,9133.434578739905
2026-01-26 19:45:00+00:00,9135.403215876773
2026-01-27 00:15:00+00:00,9136.940753364232
2026-01-27 07:00:00+00:00,9123.27986873849
2026-01-27 10:45:00+00:00,9108.863130285428
2026-01-27 12:15:00+00:00,9110.41445894153
2026-01-27 14:15:00+00:00,9112.037147662695
2026-01-27 14:30:00+00:00,9098.508591779771
2026-01-27 15:00:00+00:00,9085.26414612393
2026-01-27 15:15:00+00:00,9086.837996446826
2026-01-27 15:45:00+00:00,9073.677766076642
2026-01-27 16:00:00+00:00,9110.3515278795
2026-01-27 17:00:00+00:00,9112.060776754177
2026-01-27 17:15:00+00:00,9098.92636804357
2026-01-27 18:45:00+00:00,9072.08678620521
2026-01-27 20:15:00+00:00,9047.979728578921
2026-01-28 03:15:00+00:00,9046.390638984112
2026-01-28 03:30:00+00:00,9037.596234522276
2026-01-28 06:45:00+00:00,9024.371421501495
2026-01-28 08:00:00+00:00,9060.385822522452
2026-01-28 08:30:00+00:00,9046.932288667524
2026-01-28 10:15:00+00:00,9083.507916561393
2026-01-28 10:45:00+00:00,9084.509289686337
2026-01-28 11:45:00+00:00,9086.485168891884
2026-01-28 13:45:00+00:00,9073.263838840836
2026-01-28 14:00:00+00:00,9060.028723255768
2026-01-28 14:15:00+00:00,9046.582949749303
2026-01-28 17:45:00+00:00,9033.45025732544
2026-01-28 20:15:00+00:00,9020.38658300308
2026-01-28 21:45:00+00:00,9009.208045045765
2026-01-29 04:00:00+00:00,9046.174492764294
2026-01-29 04:15:00+00:00,9120.05250206255
2026-01-29 13:30:00+00:00,9120.382306575675
2026-01-29 14:45:00+00:00,9157.36745219989
2026-01-29 15:00:00+00:00,9231.095745436445
2026-01-29 15:15:00+00:00,9217.98205425528
2026-01-29 15:30:00+00:00,9228.750730786029
2026-01-29 15:45:00+00:00,9215.75746583293
2026-01-29 16:45:00+00:00,9204.514095617584
2026-01-29 17:00:00+00:00,9193.308801456966
2026-01-30 01:30:00+00:00,9230.234095221127
2026-01-30 02:15:00+00:00,9291.416747803787
2026-01-30 06:30:00+00:00,9252.800757570954
2026-01-30 18:15:00+00:00,9239.70259000374
2026-01-30 20:15:00+00:00,9263.87959098591
2026-01-31 03:00:00+00:00,9258.65483601592
2026-01-31 08:15:00+00:00,9290.01754643723
2026-01-31 08:30:00+00:00,9313.634473294049
2026-01-31 13:15:00+00:00,9300.645800874356
2026-01-31 13:30:00+00:00,9287.651826480691
2026-01-31 14:00:00+00:00,9310.964880364469
2026-01-31 14:15:00+00:00,9297.858195957904
2026-01-31 16:45:00+00:00,9259.189805961254
2026-01-31 18:30:00+00:00,9246.454446632119
2026-02-01 07:00:00+00:00,9223.070098637836
2026-02-01 07:15:00+00:00,9225.39837925925
2026-02-01 15:15:00+00:00,9227.697270550414
2026-02-01 18:00:00+00:00,9214.86568561223
2026-02-01 20:30:00+00:00,9217.044558305544
2026-02-01 22:00:00+00:00,9204.199875316206
2026-02-01 23:00:00+00:00,9206.291820013275
2026-02-01 23:30:00+00:00,9193.517059451528
2026-02-02 00:15:00+00:00,9142.41145289464
2026-02-02 03:45:00+00:00,9144.681472538272
2026-02-02 04:15:00+00:00,9134.156406317657
2026-02-02 04:30:00+00:00,9136.392599269782
2026-02-02 05:15:00+00:00,9123.623718264142
2026-02-02 06:30:00+00:00,9125.894829459985
2026-02-02 14:30:00+00:00,9102.66866757929
2026-02-02 14:45:00+00:00,9104.538280775443
2026-02-02 15:15:00+00:00,9091.616298076504
2026-02-02 21:45:00+00:00,9087.620850359197
2026-02-03 03:45:00+00:00,9089.238689982069
2026-02-03 14:45:00+00:00,9091.534012586259
2026-02-03 15:15:00+00:00,9082.518562199004
2026-02-03 16:15:00+00:00,9069.670751380412
2026-02-03 17:00:00+00:00,9106.569507536053
2026-02-03 18:00:00+00:00,9130.831813697396
2026-02-03 18:15:00+00:00,9168.02081762467
2026-02-03 18:45:00+00:00,9205.045715059241
2026-02-03 19:00:00+00:00,9192.281443561145
2026-02-03 19:30:00+00:00,9229.4519174863
2026-02-03 20:15:00+00:00,9216.585864781839
2026-02-03 20:30:00+00:00,9241.065669958514
2026-02-03 21:45:00+00:00,9228.320873823144
2026-02-04 01:30:00+00:00,9215.441040902027
2026-02-04 03:15:00+00:00,9212.384749546303
2026-02-04 11:00:00+00:00,9249.611595725659
2026-02-04 12:30:00+00:00,9223.465278865915
2026-02-04 13:15:00+00:00,9210.286086477105
2026-02-04 14:00:00+00:00,9197.099967570726
2026-02-04 15:00:00+00:00,9199.096399835422
2026-02-04 15:30:00+00:00,9173.279531289345
2026-02-04 16:00:00+00:00,9175.38386197427
2026-02-04 16:30:00+00:00,9164.676561888287
2026-02-04 17:45:00+00:00,9166.829381056465
2026-02-04 18:00:00+00:00,9203.829707485318
2026-02-04 18:15:00+00:00,9193.264988924937
2026-02-04 18:30:00+00:00,9180.467089257443
2026-02-04 19:45:00+00:00,9167.690682052687
2026-02-04 22:15:00+00:00,9169.988846546681
2026-02-04 22:30:00+00:00,9159.423016354463
2026-02-05 04:00:00+00:00,9146.649462775273
2026-02-05 05:15:00+00:00,9183.814154634689
2026-02-05 06:00:00+00:00,9158.187596152527
2026-02-05 11:00:00+00:00,9132.536208023997
2026-02-05 11:15:00+00:00,9119.680169597228
2026-02-05 12:15:00+00:00,9109.01478846067
2026-02-05 14:45:00+00:00,9098.356977921509
2026-02-05 15:00:00+00:00,9085.568976534601
2026-02-05 15:15:00+00:00,9047.21836864174
2026-02-05 16:00:00+00:00,9024.046293215542
2026-02-05 17:00:00+00:00,9015.947822592649
2026-02-05 17:15:00+00:00,9003.251692376522
2026-02-05 18:15:00+00:00,8977.947897948694
2026-02-05 18:30:00+00:00,8965.229332536645
2026-02-05 20:00:00+00:00,8952.52590981087
2026-02-05 20:15:00+00:00,8939.884188003649
2026-02-05 21:15:00+00:00,8914.515837646424
2026-02-05 23:30:00+00:00,8916.8508110485
2026-02-06 00:00:00+00:00,8904.178221155928
2026-02-06 00:15:00+00:00,8878.897702530121
2026-02-06 13:15:00+00:00,8916.277467502898
2026-02-06 14:30:00+00:00,8953.651719351361
2026-02-06 18:00:00+00:00,8978.344230476192
2026-02-07 00:45:00+00:00,8975.8394072533
2026-02-07 07:15:00+00:00,9012.874163480072
2026-02-07 09:30:00+00:00,9000.007964843451
2026-02-07 12:15:00+00:00,9037.04934902517
2026-02-07 14:30:00+00:00,9039.09309259657
2026-02-07 16:00:00+00:00,9026.170104020013
2026-02-07 18:30:00+00:00,9013.310287386834
2026-02-08 08:30:00+00:00,9015.307708257515
2026-02-08 09:30:00+00:00,9002.306123788034
2026-02-08 11:00:00+00:00,8976.108801294866
2026-02-08 11:30:00+00:00,8964.96996555592
2026-02-08 12:00:00+00:00,8952.012357848465
2026-02-08 13:15:00+00:00,8939.048515412745
2026-02-08 18:30:00+00:00,8940.953371067728
2026-02-08 21:30:00+00:00,8929.904395219879
2026-02-08 23:00:00+00:00,8933.876949055815
2026-02-09 02:30:00+00:00,8920.936716168508
2026-02-09 10:30:00+00:00,8957.992262246824
2026-02-09 13:45:00+00:00,8946.81828434447
2026-02-09 14:30:00+00:00,8983.845257833638
2026-02-09 14:45:00+00:00,8985.722083341327
2026-02-09 15:00:00+00:00,9022.657503239072
2026-02-09 17:00:00+00:00,9024.746237326519
2026-02-09 17:30:00+00:00,9061.76594251694
2026-02-09 21:30:00+00:00,9048.876277179983
2026-02-10 08:15:00+00:00,9035.78646963592
2026-02-10 13:30:00+00:00,9037.665839666639
2026-02-11 04:30:00+00:00,9039.667087946926
2026-02-11 06:00:00+00:00,9013.429605295474
2026-02-11 10:30:00+00:00,9000.380448053684
2026-02-11 13:45:00+00:00,9000.275254836108
2026-02-11 14:45:00+00:00,9037.304525720236
2026-02-12 02:15:00+00:00,9039.378625397403
2026-02-12 10:45:00+00:00,9076.551198232994
2026-02-12 15:00:00+00:00,9115.613367572581
2026-02-12 20:00:00+00:00,9117.711490149888
2026-02-13 05:00:00+00:00,9104.642399058112
2026-02-13 06:15:00+00:00,9106.685615449274
2026-02-13 06:30:00+00:00,9108.804569670627
2026-02-13 07:00:00+00:00,9095.552680033436
2026-02-13 13:15:00+00:00,9082.31725138054
2026-02-13 13:45:00+00:00,9084.140100281125
2026-02-13 14:30:00+00:00,9070.915926465805
2026-02-13 15:00:00+00:00,9107.629747994679
2026-02-13 16:00:00+00:00,9083.307262449884
2026-02-13 19:00:00+00:00,9070.315309489453
2026-02-13 21:00:00+00:00,9057.230211766917
2026-02-13 22:45:00+00:00,9058.22517750084
2026-02-14 11:00:00+00:00,9044.63110895369
2026-02-14 11:15:00+00:00,9081.675738210663
2026-02-14 12:15:00+00:00,9068.176866270089
2026-02-14 14:30:00+00:00,9069.713628312134
2026-02-14 16:30:00+00:00,9056.383667298209
2026-02-14 18:15:00+00:00,9043.49278838246
2026-02-14 19:15:00+00:00,9030.60582810449
2026-02-14 19:30:00+00:00,9017.399960635337
2026-02-14 21:00:00+00:00,9006.27062072785
2026-02-14 22:15:00+00:00,8993.444084333116
2026-02-15 01:00:00+00:00,8995.631139287352
2026-02-15 03:30:00+00:00,9032.473699232523
2026-02-15 12:45:00+00:00,9069.38727622065
2026-02-15 13:30:00+00:00,9056.421849969176
2026-02-15 17:30:00+00:00,9080.904479709965
2026-02-15 17:45:00+00:00,9067.958829981686
2026-02-15 22:30:00+00:00,9054.826398924659
2026-02-15 23:30:00+00:00,9056.589855222634
2026-02-16 01:00:00+00:00,9045.485863198754
2026-02-16 06:30:00+00:00,9047.560733317949
2026-02-17 05:30:00+00:00,9049.57732076486
2026-02-17 13:45:00+00:00,9086.339848213687
2026-02-17 17:00:00+00:00,9073.457599235322
2026-02-17 18:30:00+00:00,9060.545099123372
2026-02-18 07:30:00+00:00,9047.155452724155
2026-02-18 08:15:00+00:00,9033.702037801262
2026-02-18 11:00:00+00:00,9070.367817488665
2026-02-18 12:45:00+00:00,9108.757242418082
2026-02-18 13:45:00+00:00,9095.372679034714
2026-02-18 14:30:00+00:00,9097.20480736007
2026-02-18 14:45:00+00:00,9083.834245280492
2026-02-18 16:00:00+00:00,9085.615597910639
2026-02-18 18:15:00+00:00,9072.545437362802
2026-02-18 19:30:00+00:00,9059.482852620356
2026-02-19 02:45:00+00:00,9058.309762690005
2026-02-19 05:15:00+00:00,9095.355395713063
2026-02-19 13:00:00+00:00,9081.863030634922
2026-02-19 13:30:00+00:00,9068.4276275248
2026-02-19 14:30:00+00:00,9055.299668124468
2026-02-19 15:30:00+00:00,9057.240111217747
2026-02-19 16:30:00+00:00,9093.958245632764
2026-02-19 17:15:00+00:00,9081.004382577896
2026-02-19 23:45:00+00:00,9068.03591334674
2026-02-20 04:15:00+00:00,9070.102438947222
2026-02-20 09:00:00+00:00,9056.9112057627
2026-02-20 10:00:00+00:00,9043.826987807604
2026-02-20 12:15:00+00:00,9080.724093725154
2026-02-20 14:00:00+00:00,9067.668513382396
2026-02-20 14:30:00+00:00,9054.633030218809
2026-02-20 15:00:00+00:00,9093.33145826999
2026-02-20 17:15:00+00:00,9080.446835788733
2026-02-20 17:45:00+00:00,9082.501242420694
2026-02-21 09:15:00+00:00,9069.172382871928
2026-02-21 11:00:00+00:00,9070.571663562889
2026-02-21 14:00:00+00:00,9056.996734719407
2026-02-21 15:30:00+00:00,9043.503043338915
2026-02-21 17:30:00+00:00,9045.079920738299
2026-02-21 23:15:00+00:00,9031.611561891305
2026-02-22 00:15:00+00:00,9068.178675364285
2026-02-22 02:30:00+00:00,9054.774259047608
2026-02-22 03:15:00+00:00,9041.225362912064
2026-02-22 06:00:00+00:00,9014.330061765415
2026-02-22 10:00:00+00:00,9013.220823945077
2026-02-22 12:00:00+00:00,9014.68058551729
2026-02-22 12:30:00+00:00,9050.855877322127
2026-02-22 15:30:00+00:00,9037.381617193912
2026-02-22 17:30:00+00:00,9024.136286746363
2026-02-22 22:15:00+00:00,9025.806754033621
2026-02-23 01:30:00+00:00,9027.783072457294
2026-02-23 06:00:00+00:00,9014.856244213397
2026-02-23 07:00:00+00:00,9051.838169758772
2026-02-23 09:45:00+00:00,9088.78074320008
2026-02-23 12:30:00+00:00,9075.683186949758
2026-02-23 14:15:00+00:00,9062.560796105805
2026-02-23 15:30:00+00:00,9049.50468339952
2026-02-25 04:00:00+00:00,9036.52015265331
2026-02-25 05:15:00+00:00,9023.506562080966
2026-02-25 12:00:00+00:00,9060.419425324171
2026-02-26 07:15:00+00:00,9058.089258354086
2026-02-26 09:00:00+00:00,9045.018146209277
2026-03-03 01:00:00+00:00,9037.89221054592
2026-03-03 12:00:00+00:00,9039.740429649048
2026-03-03 14:15:00+00:00,9041.657550516547
2026-03-03 15:30:00+00:00,9043.473189877737
2026-03-03 16:30:00+00:00,9045.500582131564
2026-03-03 21:15:00+00:00,9032.622968660115
2026-03-04 08:45:00+00:00,9069.569167304577
2026-03-04 11:30:00+00:00,9056.666949729424
2026-03-04 12:15:00+00:00,9043.726745155904
2026-03-04 12:30:00+00:00,9030.725612904182
2026-03-04 14:30:00+00:00,9067.790540106193
2026-03-04 15:15:00+00:00,9104.799898466159
2026-03-04 15:45:00+00:00,9141.902201529932
2026-03-04 17:30:00+00:00,9179.074965465361
2026-03-04 20:45:00+00:00,9181.325898767243
2026-03-04 21:15:00+00:00,9183.424801724428
2026-03-04 22:30:00+00:00,9170.621690974505
2026-03-05 09:00:00+00:00,9157.461832775778
2026-03-05 10:15:00+00:00,9144.276472719788
2026-03-05 10:30:00+00:00,9131.048064731125
2026-03-05 12:45:00+00:00,9117.940792249163
2026-03-05 15:30:00+00:00,9154.751324387726
2026-03-05 16:00:00+00:00,9191.698984563998
2026-03-05 19:15:00+00:00,9215.815685635764
2026-03-06 02:00:00+00:00,9202.544094585193
2026-03-06 04:00:00+00:00,9198.290773708799
2026-03-06 10:15:00+00:00,9185.088934522984
2026-03-06 17:30:00+00:00,9222.101981307604
2026-03-06 20:45:00+00:00,9221.763243264331
2026-03-07 03:15:00+00:00,9223.092306898183
2026-03-07 14:00:00+00:00,9260.13723389914
2026-03-07 17:15:00+00:00,9246.712570242313
2026-03-07 19:45:00+00:00,9283.08589580496
2026-03-07 21:00:00+00:00,9281.278762434575
2026-03-07 22:15:00+00:00,9267.937830059624
2026-03-08 02:30:00+00:00,9254.13650815337
2026-03-08 04:45:00+00:00,9226.933185864125
2026-03-08 07:00:00+00:00,9213.598451189739
2026-03-08 07:15:00+00:00,9249.728198832645
2026-03-08 10:15:00+00:00,9268.180080933233
2026-03-08 12:00:00+00:00,9304.688949265665
2026-03-08 13:45:00+00:00,9379.696084377185
2026-03-08 19:00:00+00:00,9381.576594459555
2026-03-08 19:15:00+00:00,9383.284751692181
2026-03-08 19:45:00+00:00,9385.19800819915
2026-03-09 02:00:00+00:00,9372.26315442503
2026-03-09 03:15:00+00:00,9359.36571045055
2026-03-09 03:45:00+00:00,9346.4376322026
2026-03-09 05:30:00+00:00,9383.422759812322
2026-03-09 06:45:00+00:00,9385.429827633006
2026-03-09 09:15:00+00:00,9372.270380817834
2026-03-09 10:30:00+00:00,9359.282189380096
2026-03-09 13:30:00+00:00,9361.31444216517
2026-03-09 15:45:00+00:00,9398.000650366135
2026-03-09 16:45:00+00:00,9434.997392112577
2026-03-09 17:30:00+00:00,9421.957508866102
2026-03-09 22:30:00+00:00,9409.039509797176
2026-03-09 22:45:00+00:00,9407.584596202047
2026-03-09 23:30:00+00:00,9409.523997961696
2026-03-10 00:30:00+00:00,9396.47352164244
2026-03-10 02:30:00+00:00,9383.363804370973
2026-03-10 03:30:00+00:00,9370.362561244188
2026-03-10 03:45:00+00:00,9357.138474069874
2026-03-10 04:15:00+00:00,9359.094980441212
2026-03-10 08:00:00+00:00,9361.042973318803
2026-03-10 10:30:00+00:00,9362.81500701739
2026-03-10 11:15:00+00:00,9349.585826883615
2026-03-10 12:30:00+00:00,9351.491292362942
2026-03-10 13:00:00+00:00,9388.410167847222
2026-03-10 13:30:00+00:00,9390.184071158323
2026-03-10 14:00:00+00:00,9365.496763495228
2026-03-10 14:15:00+00:00,9352.532029191609
2026-03-10 14:45:00+00:00,9389.489164842435
2026-03-10 15:00:00+00:00,9413.044569292228
2026-03-10 16:15:00+00:00,9450.147495740179
2026-03-10 18:00:00+00:00,9452.250173613216
2026-03-10 18:15:00+00:00,9439.344367445538
2026-03-10 21:45:00+00:00,9413.599117484157
2026-03-11 00:45:00+00:00,9406.978557622826
2026-03-11 04:15:00+00:00,9408.761665947834
2026-03-11 13:30:00+00:00,9410.810775541035
2026-03-11 15:00:00+00:00,9397.630001538482
2026-03-11 16:15:00+00:00,9384.716679419418
2026-03-11 23:45:00+00:00,9371.767861352402
2026-03-12 00:00:00+00:00,9363.159515537644
2026-03-12 01:45:00+00:00,9364.994249501578
2026-03-12 02:45:00+00:00,9351.643934378577
2026-03-12 08:15:00+00:00,9388.324562780232
2026-03-12 09:45:00+00:00,9389.867254635836
2026-03-12 11:45:00+00:00,9376.650348909237
2026-03-12 14:30:00+00:00,9366.447696167252
2026-03-12 16:00:00+00:00,9355.369719583467
2026-03-12 22:45:00+00:00,9353.512145475404
2026-03-13 00:15:00+00:00,9390.44400191687
2026-03-13 00:45:00+00:00,9392.184805566189
2026-03-13 02:30:00+00:00,9381.130600704795
2026-03-13 02:45:00+00:00,9368.132407938008
2026-03-13 06:30:00+00:00,9342.193751937348
2026-03-13 08:30:00+00:00,9379.00335811521
2026-03-13 09:45:00+00:00,9352.655611219681
2026-03-13 12:30:00+00:00,9389.58714721766
2026-03-13 12:45:00+00:00,9426.109155956441
2026-03-13 14:30:00+00:00,9414.90762328263
2026-03-13 17:30:00+00:00,9389.158695672204
2026-03-14 03:15:00+00:00,9389.354198180517
2026-03-14 09:45:00+00:00,9426.423848738077
2026-03-14 14:00:00+00:00,9428.124271375604
2026-03-14 16:15:00+00:00,9413.756887441825
2026-03-14 18:00:00+00:00,9414.976971455717
2026-03-14 23:45:00+00:00,9437.829029355684
2026-03-15 03:15:00+00:00,9439.269613377472
2026-03-15 06:30:00+00:00,9425.865221341857
2026-03-15 09:30:00+00:00,9462.361653144077
2026-03-15 09:45:00+00:00,9458.777910103952
2026-03-15 12:00:00+00:00,9459.66476252265
2026-03-15 13:00:00+00:00,9460.993856939194
2026-03-15 13:30:00+00:00,9435.194545540879
2026-03-15 14:30:00+00:00,9421.75530311822
2026-03-15 16:15:00+00:00,9408.319503883187
2026-03-15 17:45:00+00:00,9410.097776997154
2026-03-15 18:45:00+00:00,9411.676003358198
2026-03-15 19:00:00+00:00,9413.17922781671
2026-03-15 20:30:00+00:00,9401.35853696899
2026-03-15 21:30:00+00:00,9387.988289630868
2026-03-15 22:30:00+00:00,9424.763471198
2026-03-15 23:15:00+00:00,9428.382203172747
2026-03-15 23:30:00+00:00,9415.399310585897
2026-03-16 01:15:00+00:00,9388.96073500903
2026-03-16 03:30:00+00:00,9499.824397565186
2026-03-16 04:45:00+00:00,9486.919250142375
2026-03-16 08:30:00+00:00,9488.952452183268
2026-03-16 08:45:00+00:00,9491.031699762703
2026-03-16 14:30:00+00:00,9528.119033677356
2026-03-16 15:15:00+00:00,9531.649680736482
2026-03-16 16:45:00+00:00,9518.695726202377
2026-03-16 20:15:00+00:00,9505.721288193134
2026-03-16 21:30:00+00:00,9492.70090324726
2026-03-16 22:00:00+00:00,9479.640287069575
2026-03-16 22:45:00+00:00,9466.584567735545
2026-03-16 23:30:00+00:00,9453.560701365835
2026-03-17 00:00:00+00:00,9440.332492684918
2026-03-17 10:30:00+00:00,9477.164600642343
2026-03-17 13:30:00+00:00,9464.010675854013
2026-03-17 14:30:00+00:00,9450.435927620292
2026-03-17 15:00:00+00:00,9452.52086207914
2026-03-17 16:00:00+00:00,9454.04879962126
2026-03-17 16:15:00+00:00,9441.013313406784
2026-03-17 18:30:00+00:00,9427.625631857132
2026-03-18 02:45:00+00:00,9426.912220269027
2026-03-18 03:45:00+00:00,9413.732686468213
2026-03-18 04:15:00+00:00,9400.446568100853
2026-03-18 04:45:00+00:00,9387.078035604804
2026-03-18 07:00:00+00:00,9373.703294256151
2026-03-18 08:45:00+00:00,9360.162896623719
2026-03-18 09:30:00+00:00,9362.075689456024
2026-03-18 11:15:00+00:00,9398.46734743965
2026-03-18 11:30:00+00:00,9472.27901685738
2026-03-18 13:00:00+00:00,9509.103513907376
2026-03-18 14:30:00+00:00,9546.066292139461
2026-03-18 15:00:00+00:00,9620.014458298992
2026-03-18 17:30:00+00:00,9607.034226810643
2026-03-18 18:00:00+00:00,9580.796669003847
2026-03-18 20:30:00+00:00,9569.576377878904
2026-03-18 20:45:00+00:00,9571.534239339984
2026-03-18 21:15:00+00:00,9573.528321498783
2026-03-18 23:15:00+00:00,9575.502271659992
2026-03-19 11:00:00+00:00,9577.332750483261
2026-03-19 11:30:00+00:00,9579.10680674577
2026-03-19 12:45:00+00:00,9565.8476218672
2026-03-19 15:00:00+00:00,9552.884814607758
2026-03-19 19:00:00+00:00,9539.95394016871
2026-03-20 01:00:00+00:00,9513.983038282431
2026-03-20 01:30:00+00:00,9510.366869049578
2026-03-20 05:00:00+00:00,9496.944599851893
2026-03-20 11:30:00+00:00,9498.630763045277
2026-03-20 14:45:00+00:00,9500.12960252436
2026-03-20 17:30:00+00:00,9487.023752864881
2026-03-20 20:45:00+00:00,9485.462800846046
2026-03-20 21:00:00+00:00,9482.944371206504
2026-03-21 05:45:00+00:00,9469.342188427434
2026-03-21 07:15:00+00:00,9467.704376244794
2026-03-21 09:00:00+00:00,9454.921509675054
2026-03-21 15:45:00+00:00,9456.210624753203
2026-03-21 17:00:00+00:00,9492.123658531595
2026-03-21 20:30:00+00:00,9478.38778369522
2026-03-21 20:45:00+00:00,9464.575799113147
2026-03-21 23:00:00+00:00,9450.427663144184
2026-03-21 23:45:00+00:00,9436.443115718224
2026-03-22 00:15:00+00:00,9424.038041701533
2026-03-22 00:30:00+00:00,9427.477371568773
2026-03-22 02:15:00+00:00,9400.85703276477
2026-03-22 03:15:00+00:00,9374.617643956202
2026-03-22 03:30:00+00:00,9361.51676575128
2026-03-22 07:30:00+00:00,9348.259931684495
2026-03-22 07:45:00+00:00,9335.123155210937
2026-03-22 08:00:00+00:00,9337.015479187978
2026-03-22 08:15:00+00:00,9323.638914095412
2026-03-22 11:15:00+00:00,9297.02782996196
2026-03-22 15:00:00+00:00,9292.537747081558
2026-03-22 16:00:00+00:00,9279.10785433561
2026-03-22 22:15:00+00:00,9265.905353440783
2026-03-23 00:30:00+00:00,9267.447517786564
2026-03-23 01:15:00+00:00,9255.928544929993
2026-03-23 02:15:00+00:00,9242.469970092227
2026-03-23 06:00:00+00:00,9244.274035323364
2026-03-23 06:30:00+00:00,9231.164929308485
2026-03-23 07:00:00+00:00,9267.608443178964
2026-03-23 07:30:00+00:00,9254.2169233155
2026-03-23 08:00:00+00:00,9241.100165205691
2026-03-23 10:00:00+00:00,9214.59911181307
2026-03-23 11:00:00+00:00,9251.428403986447
2026-03-23 11:15:00+00:00,9275.351981454245
2026-03-23 11:45:00+00:00,9262.501232784676
2026-03-23 12:00:00+00:00,9223.99897811464
2026-03-23 15:45:00+00:00,9226.201057569633
2026-03-23 16:15:00+00:00,9228.355529534132
2026-03-23 22:30:00+00:00,9230.495119361156
2026-03-24 01:30:00+00:00,9232.617438300083
2026-03-24 08:00:00+00:00,9219.38216335538
2026-03-24 11:30:00+00:00,9206.050901456885
2026-03-24 14:45:00+00:00,9242.843389789972
2026-03-24 18:30:00+00:00,9244.455855582799
2026-03-24 20:15:00+00:00,9246.2818837741
2026-03-25 04:00:00+00:00,9232.858724513622
2026-03-25 08:30:00+00:00,9269.149467727373
2026-03-25 10:15:00+00:00,9307.51744430121
2026-03-25 13:30:00+00:00,9309.294958246724
2026-03-25 15:00:00+00:00,9296.12240759632
2026-03-25 22:30:00+00:00,9269.891746479627
2026-03-26 02:30:00+00:00,9293.334830910913
2026-03-26 05:00:00+00:00,9366.782678005844
2026-03-26 05:30:00+00:00,9403.371913170704
2026-03-26 08:30:00+00:00,9439.491075886459
2026-03-26 09:30:00+00:00,9512.767804372328
2026-03-26 13:00:00+00:00,9501.067286881285
2026-03-26 13:45:00+00:00,9502.805769962184
2026-03-26 15:00:00+00:00,9538.935323366353
2026-03-26 15:45:00+00:00,9527.271240788747
2026-03-26 16:00:00+00:00,9513.939152466299
2026-03-26 17:45:00+00:00,9500.70549565377
2026-03-26 19:30:00+00:00,9487.471598173723
2026-03-26 20:00:00+00:00,9460.91430503009
2026-03-26 21:30:00+00:00,9447.715610017196
2026-03-27 01:45:00+00:00,9449.51994267401
2026-03-27 02:30:00+00:00,9436.373454836114
2026-03-27 04:00:00+00:00,9438.148623283822
2026-03-27 09:00:00+00:00,9424.793598356278
2026-03-27 14:30:00+00:00,9411.604802623995
2026-03-27 15:45:00+00:00,9413.508086998205
2026-03-27 17:30:00+00:00,9400.402740328796
2026-03-28 01:45:00+00:00,9402.046771010206
2026-03-28 02:00:00+00:00,9390.182021317587
2026-03-28 05:45:00+00:00,9376.406122349032
2026-03-28 10:00:00+00:00,9362.439148552829
2026-03-28 13:30:00+00:00,9351.712920920228
2026-03-28 14:15:00+00:00,9338.277070707647
2026-03-28 15:15:00+00:00,9324.907297378573
2026-03-28 16:30:00+00:00,9283.959076905543
2026-03-28 19:00:00+00:00,9270.737144282726
2026-03-28 23:00:00+00:00,9306.903565197472
2026-03-28 23:45:00+00:00,9330.130581512602
2026-03-29 03:15:00+00:00,9366.862947176001
2026-03-29 05:15:00+00:00,9353.585759214402
2026-03-29 07:00:00+00:00,9340.228278417004
2026-03-29 11:00:00+00:00,9341.38907388332
2026-03-29 14:00:00+00:00,9327.741886634107
2026-03-29 16:45:00+00:00,9314.383899403954
2026-03-29 20:15:00+00:00,9300.66228220415
2026-03-29 22:30:00+00:00,9323.15806676685
2026-03-29 22:45:00+00:00,9383.21058561637
2026-03-30 00:45:00+00:00,9385.191118888744
2026-03-30 02:00:00+00:00,9372.192129739386
2026-03-30 02:45:00+00:00,9409.082888624454
2026-03-30 04:00:00+00:00,9419.868189406827
2026-03-30 05:00:00+00:00,9406.886444863443
2026-03-30 08:30:00+00:00,9393.804439309719
2026-03-30 09:30:00+00:00,9395.61786272732
2026-03-30 10:30:00+00:00,9382.399753996395
2026-03-30 11:15:00+00:00,9419.36628439086
2026-03-30 11:30:00+00:00,9420.500112292477
2026-03-30 13:45:00+00:00,9422.209766921955
2026-03-30 14:15:00+00:00,9408.9372215279
2026-03-30 14:30:00+00:00,9395.74717645029
2026-03-30 14:45:00+00:00,9384.23348664689
2026-03-30 17:15:00+00:00,9371.137796719031
2026-03-30 18:15:00+00:00,9345.733489494569
2026-03-30 19:00:00+00:00,9306.26122978656
2026-03-30 19:30:00+00:00,9293.14925784967
2026-03-30 23:00:00+00:00,9295.106026782963
2026-03-31 01:15:00+00:00,9283.644842131778
2026-03-31 07:00:00+00:00,9257.18505131427
2026-03-31 08:30:00+00:00,9294.020709827057
2026-03-31 12:00:00+00:00,9295.713204931433
2026-03-31 13:00:00+00:00,9297.483429637849
2026-03-31 13:30:00+00:00,9284.24253224567
2026-03-31 14:00:00+00:00,9321.17650709723
2026-03-31 14:15:00+00:00,9308.12614625007
2026-03-31 14:45:00+00:00,9294.896778212886
2026-03-31 15:45:00+00:00,9268.8310411628
2026-03-31 16:30:00+00:00,9270.7099649522
2026-03-31 17:00:00+00:00,9272.707652834353
2026-03-31 22:00:00+00:00,9274.702719547397
2026-03-31 22:30:00+00:00,9261.209931881393
2026-03-31 23:45:00+00:00,9261.324113292827
2026-04-01 02:15:00+00:00,9248.108254123217
2026-04-01 07:45:00+00:00,9234.942153258698
2026-04-01 12:45:00+00:00,9236.762665685428
2026-04-02 01:15:00+00:00,9273.443639798415
2026-04-02 03:15:00+00:00,9310.37603742786
2026-04-02 05:45:00+00:00,9312.313919182629
2026-04-02 08:15:00+00:00,9309.900517203656
2026-04-02 13:15:00+00:00,9346.702940225143
2026-04-02 13:30:00+00:00,9383.344973250665
2026-04-02 13:45:00+00:00,9370.23380405344
2026-04-02 14:30:00+00:00,9357.185641101332
2026-04-02 15:30:00+00:00,9347.774728920704
2026-04-02 16:30:00+00:00,9334.629172776396
2026-04-02 17:15:00+00:00,9321.44260850403
2026-04-02 20:00:00+00:00,9308.26362535347
2026-04-02 20:15:00+00:00,9295.061325207625
2026-04-02 21:30:00+00:00,9296.375209271408
2026-04-03 01:15:00+00:00,9283.198558852615
2026-04-03 03:00:00+00:00,9279.457452156761
2026-04-03 11:15:00+00:00,9280.648302160618
2026-04-03 19:00:00+00:00,9282.238744344806
2026-04-03 22:00:00+00:00,9268.735371365763
2026-04-04 02:30:00+00:00,9270.365600265633
2026-04-04 10:30:00+00:00,9271.696386425381
2026-04-05 02:00:00+00:00,9257.800984288859
2026-04-05 04:15:00+00:00,9243.782413188981
2026-04-05 05:45:00+00:00,9280.424080825022
2026-04-05 06:30:00+00:00,9266.890534236416
2026-04-05 10:30:00+00:00,9268.402405219565
2026-04-05 12:00:00+00:00,9254.86143114705
2026-04-05 13:00:00+00:00,9256.262639372257
2026-04-05 13:15:00+00:00,9242.542871818643
2026-04-05 13:30:00+00:00,9229.110590345657
2026-04-05 15:15:00+00:00,9215.544084149657
2026-04-05 22:45:00+00:00,9197.538784811217
2026-04-06 00:00:00+00:00,9233.86537826163
2026-04-06 00:15:00+00:00,9235.393880861311
2026-04-06 01:00:00+00:00,9208.772279965053
2026-04-06 01:30:00+00:00,9195.375352275321
2026-04-06 03:15:00+00:00,9196.907818385003
2026-04-06 06:30:00+00:00,9183.842029661182
2026-04-06 07:45:00+00:00,9183.109337326909
2026-04-06 09:15:00+00:00,9219.883434192172
2026-04-06 11:30:00+00:00,9258.107502989076
2026-04-06 12:00:00+00:00,9244.6641906117
2026-04-06 14:00:00+00:00,9230.99019314274
2026-04-06 14:30:00+00:00,9217.845619794678
2026-04-06 14:45:00+00:00,9218.817428838938
2026-04-06 16:45:00+00:00,9205.617980590892
2026-04-06 17:00:00+00:00,9207.12476481569
2026-04-06 21:30:00+00:00,9196.875123315827
2026-04-06 22:30:00+00:00,9182.584071265228
2026-04-06 22:45:00+00:00,9169.300361642057
2026-04-06 23:00:00+00:00,9141.518690371007
2026-04-06 23:45:00+00:00,9143.433695409067
2026-04-07 00:00:00+00:00,9130.197011383221
2026-04-07 01:00:00+00:00,9131.647412964485
2026-04-07 02:15:00+00:00,9168.605714967558
2026-04-07 04:45:00+00:00,9170.399424011599
2026-04-07 05:00:00+00:00,9171.639802998207
2026-04-07 08:00:00+00:00,9173.223105267176
2026-04-07 08:45:00+00:00,9159.69793298692
2026-04-07 09:00:00+00:00,9161.552321316369
2026-04-07 10:45:00+00:00,9198.150120105001
2026-04-07 12:15:00+00:00,9199.889191640239
2026-04-07 12:45:00+00:00,9186.717332851853
2026-04-07 14:00:00+00:00,9223.349044182462
2026-04-07 17:30:00+00:00,9225.216115216575
2026-04-07 23:30:00+00:00,9227.324110564141
2026-04-08 00:15:00+00:00,9214.388731204153
2026-04-08 00:30:00+00:00,9201.566811389961
2026-04-08 00:45:00+00:00,9188.727718549526
2026-04-08 07:00:00+00:00,9180.5178458467
2026-04-08 07:30:00+00:00,9177.702438601966
2026-04-08 11:30:00+00:00,9164.374268427573
2026-04-08 13:30:00+00:00,9166.101688866693
2026-04-08 13:45:00+00:00,9152.836881055799
2026-04-08 14:00:00+00:00,9154.883089256396
2026-04-08 14:15:00+00:00,9141.630347606993
2026-04-08 14:30:00+00:00,9128.481292032264
2026-04-08 18:45:00+00:00,9117.167705799775
2026-04-09 00:30:00+00:00,9153.872946667512
2026-04-09 02:00:00+00:00,9155.680503364138
2026-04-09 08:45:00+00:00,9152.656847958271
2026-04-09 10:15:00+00:00,9139.341201141875
2026-04-09 12:30:00+00:00,9141.006692151765
2026-04-10 12:15:00+00:00,9127.63380434466
2026-04-10 14:15:00+00:00,9114.328798788714
2026-04-10 15:15:00+00:00,9101.139617801467
2026-04-10 18:15:00+00:00,9087.98923880929
2026-04-11 04:15:00+00:00,9124.843284752485
2026-04-11 07:30:00+00:00,9126.256339305954
2026-04-11 14:00:00+00:00,9127.496054343557
2026-04-11 14:15:00+00:00,9113.575108882234
2026-04-11 15:15:00+00:00,9099.89437924181
2026-04-11 16:30:00+00:00,9059.03994833401
2026-04-11 18:30:00+00:00,9018.411890259127
2026-04-11 19:00:00+00:00,9006.147210591338
2026-04-12 01:30:00+00:00,9042.899468755677
2026-04-12 08:15:00+00:00,9038.122175842427
2026-04-12 15:30:00+00:00,9039.021905354757
2026-04-12 17:45:00+00:00,9041.051181324443
2026-04-12 20:30:00+00:00,9013.479733957714
2026-04-13 00:30:00+00:00,9014.377482181537
2026-04-13 09:30:00+00:00,9001.564175296533
2026-04-13 16:15:00+00:00,8995.753277889551
2026-04-13 22:45:00+00:00,9032.634356539926
2026-04-14 00:45:00+00:00,9019.62008658332
2026-04-14 07:30:00+00:00,9019.799509160974
2026-04-14 11:15:00+00:00,9021.411176517122
2026-04-14 11:30:00+00:00,9007.289976200153
2026-04-14 12:15:00+00:00,8980.404906736452
2026-04-14 12:30:00+00:00,8967.317481507256
2026-04-14 13:45:00+00:00,9002.921769066672
2026-04-14 14:30:00+00:00,8989.916335626322
2026-04-14 16:45:00+00:00,8991.16207461512
2026-04-14 17:30:00+00:00,8964.765299577195
2026-04-14 18:45:00+00:00,8951.247273749193
2026-04-15 03:15:00+00:00,8952.740952983375
2026-04-15 20:15:00+00:00,8939.717772055088
2026-04-15 23:30:00+00:00,8926.705417664116
2026-04-16 01:00:00+00:00,8913.644739365614
2026-04-16 13:45:00+00:00,8900.570872429074
2026-04-16 15:30:00+00:00,8937.741654732346
2026-04-16 16:15:00+00:00,8924.951738777807
2026-04-16 20:00:00+00:00,8962.05178969201
2026-04-17 01:00:00+00:00,8949.028287347397
2026-04-17 01:30:00+00:00,8936.100341880856
2026-04-17 02:15:00+00:00,8922.887765977728
2026-04-18 00:00:00+00:00,8917.592707262087
2026-04-18 02:00:00+00:00,8904.317147268703
2026-04-19 07:30:00+00:00,8890.97536062743
2026-04-19 07:45:00+00:00,8877.893326329251
2026-04-19 11:00:00+00:00,8879.564684974792
2026-04-19 12:15:00+00:00,8853.064681848626
2026-04-19 13:00:00+00:00,8839.926847397044
2026-04-19 13:15:00+00:00,8826.565060117062
2026-04-19 14:30:00+00:00,8828.464699507656
2026-04-19 14:45:00+00:00,8815.347616663299
2026-04-19 22:00:00+00:00,8852.292403561964
2026-04-20 00:15:00+00:00,8876.082641536377
2026-04-20 00:30:00+00:00,8849.835603753945
2026-04-20 02:30:00+00:00,8836.784691414136
2026-04-20 06:00:00+00:00,8838.432930972802
2026-04-20 06:30:00+00:00,8825.269930726874
2026-04-20 07:15:00+00:00,8811.984739210608
2026-04-20 13:00:00+00:00,8813.915586921079
2026-04-20 14:45:00+00:00,8813.29954846727
2026-04-20 15:15:00+00:00,8799.728492173146
2026-04-20 18:00:00+00:00,8786.273768282901
2026-04-20 21:00:00+00:00,8823.170958666185
2026-04-20 23:00:00+00:00,8810.002238659892
2026-04-21 14:30:00+00:00,8811.428778119343
2026-04-22 14:30:00+00:00,8797.922748151896
2026-04-22 16:15:00+00:00,8784.42784759338
2026-04-22 16:30:00+00:00,8785.94328597884
2026-04-22 19:30:00+00:00,8772.455069352824
2026-04-22 21:00:00+00:00,8758.953736195564
2026-04-22 23:00:00+00:00,8745.35031627744
2026-04-22 23:15:00+00:00,8738.794450564226
2026-04-22 23:30:00+00:00,8725.174670075889
2026-04-23 00:00:00+00:00,8711.402784836315
2026-04-23 09:00:00+00:00,8713.052416170618
2026-04-23 14:15:00+00:00,8749.344940784013
2026-04-23 16:45:00+00:00,8735.923595776469
2026-04-23 17:30:00+00:00,8722.542776218686
2026-04-24 04:30:00+00:00,8724.338728273353
2026-04-24 09:00:00+00:00,8725.757240540306
2026-04-24 13:30:00+00:00,8712.488214016252
2026-04-24 14:15:00+00:00,8698.932534974925
2026-04-24 22:00:00+00:00,8700.441499122586
2026-04-25 01:45:00+00:00,8701.991675636998
2026-04-25 08:30:00+00:00,8700.98780513753
2026-04-27 05:15:00+00:00,8737.688053383832
2026-04-27 11:15:00+00:00,8739.486930188838
2026-04-27 14:30:00+00:00,8726.048248350557
2026-04-27 15:15:00+00:00,8764.480863180741
2026-04-27 22:00:00+00:00,8762.414084202146
2026-04-27 23:45:00+00:00,8748.706206627154
2026-04-28 02:45:00+00:00,8750.339020990143
2026-04-28 05:30:00+00:00,8751.615318901328
2026-04-28 06:30:00+00:00,8787.794793756762
2026-04-28 09:45:00+00:00,8760.435565655584
2026-04-28 11:00:00+00:00,8761.714920706618
2026-04-28 13:00:00+00:00,8763.131342355235
2026-04-28 14:00:00+00:00,8764.3747243927
2026-04-28 14:30:00+00:00,8750.956324728835
2026-04-28 19:30:00+00:00,8737.335258726402
2026-04-28 21:15:00+00:00,8737.863310795077
2026-04-28 23:15:00+00:00,8724.371885928807
2026-04-29 01:30:00+00:00,8710.557672676432
2026-04-29 04:30:00+00:00,8747.112584324139
2026-04-29 07:30:00+00:00,8820.449527696393
2026-04-29 09:45:00+00:00,8857.412903264067
2026-04-29 10:30:00+00:00,8843.95081386902
2026-04-29 12:00:00+00:00,8831.115528707294
2026-04-29 13:30:00+00:00,8804.967644950686
2026-04-29 14:45:00+00:00,8792.148807412466
2026-04-29 15:30:00+00:00,8779.306315002554
2026-04-29 16:30:00+00:00,8766.485502546135
2026-04-29 20:00:00+00:00,8753.23652334118
2026-04-29 20:30:00+00:00,8740.158804544313
2026-04-29 21:45:00+00:00,8726.975089574024
2026-04-30 00:30:00+00:00,8713.590219717204
2026-04-30 00:45:00+00:00,8672.604289993265
2026-04-30 04:30:00+00:00,8709.23938530053
2026-04-30 05:15:00+00:00,8745.149476024666
2026-04-30 07:45:00+00:00,8746.473771252218
2026-05-01 09:15:00+00:00,8733.346701815733
2026-05-01 14:15:00+00:00,8734.641490199554
2026-05-01 14:30:00+00:00,8736.418056342201
2026-05-01 15:45:00+00:00,8737.984634782451
2026-05-01 20:30:00+00:00,8724.59122258354
2026-05-01 20:45:00+00:00,8697.654460590149
2026-05-02 03:15:00+00:00,8696.126820853882
2026-05-02 05:15:00+00:00,8697.392508947709
2026-05-02 12:00:00+00:00,8692.804052547024
2026-05-03 15:45:00+00:00,8693.394209087435
2026-05-03 20:45:00+00:00,8693.985640699646
2026-05-04 05:15:00+00:00,8680.621844966321
2026-05-04 06:15:00+00:00,8667.515732440643
2026-05-04 10:00:00+00:00,8627.699514244345
2026-05-04 12:45:00+00:00,8587.857704565238
2026-05-04 17:15:00+00:00,8574.73181882112
2026-05-05 01:30:00+00:00,8548.000174259912
2026-05-05 02:00:00+00:00,8534.77662272435
2026-05-05 02:15:00+00:00,8521.234127998505
2026-05-05 05:30:00+00:00,8494.539415217358
2026-05-05 06:45:00+00:00,8481.174263335577
2026-05-05 07:30:00+00:00,8454.440833492816
2026-05-05 09:45:00+00:00,8442.721571683098
2026-05-05 10:15:00+00:00,8429.186512267976
2026-05-05 12:00:00+00:00,8430.709670483851
2026-05-05 12:30:00+00:00,8404.205727471033
2026-05-05 13:00:00+00:00,8390.741783332433
2026-05-05 13:45:00+00:00,8377.254600345428
2026-05-05 18:00:00+00:00,8364.231695147648
2026-05-05 20:00:00+00:00,8351.106237756367
2026-05-05 20:15:00+00:00,8352.782258926583
2026-05-05 21:00:00+00:00,8339.288460764734
2026-05-05 22:45:00+00:00,8327.668497510904
2026-05-06 01:00:00+00:00,8331.42697351741
2026-05-06 01:45:00+00:00,8318.09749785934
2026-05-06 02:15:00+00:00,8319.574988180562
2026-05-06 03:15:00+00:00,8306.191824971078
2026-05-06 03:30:00+00:00,8293.090574425383
2026-05-06 04:00:00+00:00,8279.763792481452
2026-05-06 08:00:00+00:00,8266.529576134719
2026-05-06 08:15:00+00:00,8240.161580598055
2026-05-06 08:30:00+00:00,8226.901618087179
2026-05-06 08:45:00+00:00,8213.553565867516
2026-05-06 09:15:00+00:00,8186.612429397984
2026-05-06 13:00:00+00:00,8188.284222173129
2026-05-06 13:45:00+00:00,8225.179987921274
2026-05-06 14:00:00+00:00,8212.030602533723
2026-05-06 16:00:00+00:00,8235.851839638135
2026-05-06 20:45:00+00:00,8235.306299592428
2026-05-06 21:45:00+00:00,8222.292922564555
2026-05-06 23:00:00+00:00,8208.645105932676
2026-05-07 00:30:00+00:00,8210.563792141333
2026-05-07 01:30:00+00:00,8212.286544558434
2026-05-07 02:30:00+00:00,8198.864104467413
2026-05-07 04:15:00+00:00,8200.812804059635
2026-05-07 05:00:00+00:00,8187.317422272191
2026-05-07 06:30:00+00:00,8175.378292568454
2026-05-07 06:45:00+00:00,8149.155901305694
2026-05-07 12:00:00+00:00,8150.502043478899
2026-05-07 13:45:00+00:00,8188.7769541289035
2026-05-07 14:30:00+00:00,8225.537269505738
2026-05-07 15:15:00+00:00,8262.483466270996
2026-05-07 15:30:00+00:00,8264.344133691908
2026-05-07 17:15:00+00:00,8300.830288513565
2026-05-07 18:15:00+00:00,8287.377251243413
2026-05-07 21:45:00+00:00,8284.089389222336
2026-05-08 00:00:00+00:00,8283.945587551809
2026-05-08 08:45:00+00:00,8285.210621375882
2026-05-08 09:15:00+00:00,8288.515443876477
2026-05-08 10:45:00+00:00,8274.278779532822
2026-05-08 11:45:00+00:00,8260.474815388874
2026-05-08 12:30:00+00:00,8246.330513234205
2026-05-08 14:00:00+00:00,8219.431481327194
2026-05-08 14:15:00+00:00,8206.745941409532
2026-05-08 15:30:00+00:00,8208.110486811634
2026-05-08 15:45:00+00:00,8182.670056194862
2026-05-08 17:15:00+00:00,8169.135484533005
2026-05-08 17:30:00+00:00,8155.72199259098
2026-05-08 18:00:00+00:00,8142.172057666987
2026-05-08 18:15:00+00:00,8128.908912301297
2026-05-08 20:15:00+00:00,8115.654338214546
2026-05-08 22:15:00+00:00,8107.543405384354
2026-05-09 03:15:00+00:00,8093.313492155395
2026-05-09 13:15:00+00:00,8078.76413666057
2026-05-09 13:30:00+00:00,8080.462262973448
2026-05-09 14:15:00+00:00,8065.88783689588
2026-05-09 15:00:00+00:00,8051.291185810717
2026-05-10 00:30:00+00:00,8051.816212590756
2026-05-10 08:00:00+00:00,8037.749267576837
2026-05-10 19:00:00+00:00,8024.626384503547
2026-05-11 00:45:00+00:00,7998.45530639963
2026-05-11 06:00:00+00:00,7985.376529501079
2026-05-11 09:45:00+00:00,7987.211772408214
2026-05-11 13:45:00+00:00,7986.3832731033
2026-05-11 14:00:00+00:00,7973.133880756424
2026-05-11 14:45:00+00:00,7974.793224206419
2026-05-12 07:15:00+00:00,7976.385127393819
2026-05-12 08:15:00+00:00,7962.9281564338335
2026-05-12 10:30:00+00:00,7999.788053762368
2026-05-12 13:45:00+00:00,8036.401503290843
2026-05-12 17:15:00+00:00,8038.020751343676
2026-05-12 18:45:00+00:00,8041.5961782592785
2026-05-12 22:00:00+00:00,8028.169536472017
2026-05-13 00:15:00+00:00,8017.627573472042
2026-05-13 01:00:00+00:00,8004.210658700056
2026-05-13 04:30:00+00:00,7977.145110091512
2026-05-13 08:45:00+00:00,7974.056334312294
2026-05-13 09:30:00+00:00,8010.710256380676
2026-05-13 11:00:00+00:00,8012.311498392177
2026-05-13 12:30:00+00:00,7985.533004730806
2026-05-13 13:45:00+00:00,7959.370913509183
2026-05-13 17:00:00+00:00,7961.04045907186
2026-05-13 18:00:00+00:00,7962.9936977090365
2026-05-13 18:15:00+00:00,7964.286185934142
2026-05-13 20:30:00+00:00,7965.94622893033
2026-05-13 22:30:00+00:00,7967.3543283536665
2026-05-13 23:00:00+00:00,7969.188654998801
2026-05-14 00:00:00+00:00,7955.531414741376
2026-05-14 00:30:00+00:00,7952.842481411299
2026-05-14 03:15:00+00:00,7988.965200099704
2026-05-14 05:15:00+00:00,7989.867870849376
2026-05-14 05:30:00+00:00,7991.48275153397
2026-05-14 05:45:00+00:00,7977.610805446592
2026-05-14 12:30:00+00:00,7979.248458929788
2026-05-14 13:00:00+00:00,7980.397806629218
2026-05-14 14:15:00+00:00,7981.904671888366
2026-05-14 14:45:00+00:00,7968.591729264546
2026-05-14 15:45:00+00:00,7955.329573377359
2026-05-14 17:00:00+00:00,7957.163788661775
2026-05-14 20:00:00+00:00,7944.257901359049
2026-05-14 20:30:00+00:00,7931.319028504161
2026-05-15 07:15:00+00:00,7918.295354079873
2026-05-15 12:00:00+00:00,7904.871631474601
2026-05-15 13:15:00+00:00,7891.461009089507
2026-05-15 13:45:00+00:00,7928.441728164655
2026-05-15 14:00:00+00:00,7930.10958015474
2026-05-15 16:30:00+00:00,7890.460177031375
2026-05-15 18:00:00+00:00,7877.084606265212
2026-05-15 20:30:00+00:00,7874.41914556772
2026-05-16 01:30:00+00:00,7860.722675473566
2026-05-16 04:15:00+00:00,7846.967877168924
2026-05-16 06:00:00+00:00,7833.245041891037
2026-05-16 06:45:00+00:00,7856.401551005981
2026-05-16 07:00:00+00:00,7892.745695471082
2026-05-16 08:30:00+00:00,7894.496328839044
2026-05-16 09:15:00+00:00,7896.194870434935
2026-05-16 10:15:00+00:00,7932.224448547643
2026-05-16 13:15:00+00:00,7969.017434029762
2026-05-16 14:30:00+00:00,7955.256635024683
2026-05-16 15:30:00+00:00,7928.649494105459
2026-05-16 18:45:00+00:00,7901.830206840814
2026-05-16 21:15:00+00:00,7891.56735295546
2026-05-16 22:30:00+00:00,7892.007843064283
2026-05-17 00:45:00+00:00,7926.759154655894
2026-05-17 01:00:00+00:00,7962.719024676931
2026-05-17 01:30:00+00:00,7948.762315118601
2026-05-17 02:45:00+00:00,7950.262274548635
2026-05-17 03:30:00+00:00,7936.40154728291
2026-05-17 04:15:00+00:00,7972.759103721947
2026-05-17 05:00:00+00:00,7958.865222827103
2026-05-17 07:15:00+00:00,7995.3787560857345
2026-05-17 08:15:00+00:00,7981.900999566719
2026-05-17 10:00:00+00:00,7967.291007793254
2026-05-17 11:00:00+00:00,7969.795727147748
2026-05-17 12:30:00+00:00,7970.013975566153
2026-05-17 13:00:00+00:00,7942.4322117730635
2026-05-17 14:00:00+00:00,7928.686462589241
2026-05-17 14:15:00+00:00,7999.525621608695
2026-05-17 17:00:00+00:00,7985.920123952414
2026-05-17 17:30:00+00:00,7972.568869067497
2026-05-17 22:00:00+00:00,7973.889860675386
2026-05-18 01:45:00+00:00,7962.470054864963
2026-05-18 03:30:00+00:00,7936.4990108485235
2026-05-18 04:15:00+00:00,7923.521320437986
2026-05-18 06:00:00+00:00,7910.41625498344
2026-05-18 06:15:00+00:00,7899.2419407635825
2026-05-18 13:30:00+00:00,7901.094255426717
2026-05-18 14:30:00+00:00,7904.970898974714
2026-05-18 16:00:00+00:00,7891.560355889798
2026-05-18 17:45:00+00:00,7878.207433768605
2026-05-18 18:45:00+00:00,7865.173502644589
2026-05-18 19:00:00+00:00,7851.686599352415
2026-05-19 10:30:00+00:00,7853.693877755893
2026-05-22 12:45:00+00:00,7840.230301946658
2026-05-22 14:15:00+00:00,7876.802473486248
2026-05-22 18:45:00+00:00,7913.580077246649
2026-05-22 19:30:00+00:00,7950.603156191306
2026-05-22 19:45:00+00:00,7952.483268178411
2026-05-23 02:00:00+00:00,7948.843389201516
2026-05-23 07:45:00+00:00,7984.71595274652
2026-05-23 13:00:00+00:00,8031.269701657766
2026-05-23 13:45:00+00:00,8016.682930281402
2026-05-23 14:30:00+00:00,8003.122401468812
2026-05-23 21:00:00+00:00,7990.038354389686
2026-05-23 21:15:00+00:00,7976.883348085405
2026-05-23 21:30:00+00:00,7963.803034091601
2026-05-23 22:30:00+00:00,7937.680204289745
2026-05-24 02:15:00+00:00,7924.581755156404
2026-05-24 05:00:00+00:00,7924.564339783174
2026-05-24 05:15:00+00:00,7920.695483286165
2026-05-24 06:15:00+00:00,7922.206061757303
2026-05-24 07:15:00+00:00,7923.847130062873
2026-05-24 09:15:00+00:00,7923.863204488062
2026-05-24 10:15:00+00:00,7959.523929024765
2026-05-24 10:45:00+00:00,7960.8898065810945
2026-05-24 13:15:00+00:00,7933.148466632888
2026-05-24 13:45:00+00:00,7919.502198205122
2026-05-24 14:15:00+00:00,7877.572292061389
2026-05-24 21:00:00+00:00,7803.180868775613
2026-05-24 21:30:00+00:00,7782.175962164726
2026-05-24 23:30:00+00:00,7818.749474125757
2026-05-25 01:45:00+00:00,7820.00192603732
2026-05-25 02:00:00+00:00,7821.691957208909
2026-05-25 09:15:00+00:00,7823.3744768207425
2026-05-25 11:15:00+00:00,7809.73543339845
2026-05-25 11:45:00+00:00,7810.779414437295
2026-05-25 12:15:00+00:00,7846.64482051622
2026-05-25 15:15:00+00:00,7847.663476051004
2026-05-25 16:00:00+00:00,7834.18889307362
2026-05-25 17:15:00+00:00,7820.3239154803
2026-05-25 17:45:00+00:00,7821.834688460814
2026-05-25 19:30:00+00:00,7822.351237179066
2026-05-25 20:30:00+00:00,7807.599249591277
2026-05-25 22:30:00+00:00,7792.943323417564
2026-05-26 00:30:00+00:00,7776.811111532606
2026-05-26 00:45:00+00:00,7763.272615014776
2026-05-26 01:30:00+00:00,7749.839921762634
2026-05-26 04:00:00+00:00,7736.438702504311
2026-05-26 05:30:00+00:00,7773.013031873274
2026-05-26 08:00:00+00:00,7761.160128903778
2026-05-26 10:15:00+00:00,7747.741763863548
2026-05-26 18:15:00+00:00,7749.631309691904
2026-05-27 00:45:00+00:00,7736.539875858887
2026-05-27 03:00:00+00:00,7734.528477101186
2026-05-27 04:30:00+00:00,7770.929268243586
2026-05-27 07:00:00+00:00,7794.047924146436
2026-05-27 10:15:00+00:00,7795.397496592718
2026-05-27 12:15:00+00:00,7781.790720393057
2026-05-27 14:00:00+00:00,7769.652253527529
2026-05-27 15:00:00+00:00,7756.422925568443
2026-05-27 15:15:00+00:00,7742.855062181453
2026-05-28 03:15:00+00:00,7779.348590806769
2026-05-28 03:45:00+00:00,7852.976150839372
2026-05-28 04:30:00+00:00,7854.6047017047085
2026-05-28 10:00:00+00:00,7843.120349657721
2026-05-28 11:15:00+00:00,7830.3111543088135
2026-05-28 13:00:00+00:00,7816.850629409929
2026-05-28 14:00:00+00:00,7852.990522282357
2026-05-28 14:15:00+00:00,7850.118242204832
2026-05-28 16:45:00+00:00,7835.508190395477
2026-05-28 21:30:00+00:00,7822.075078181985
2026-05-29 04:00:00+00:00,7808.5594043394985
2026-05-29 14:45:00+00:00,7810.163831454767
2026-05-30 01:00:00+00:00,7796.793757525836
2026-05-30 06:00:00+00:00,7833.235071219857
2026-05-30 14:00:00+00:00,7869.783130358118
2026-05-30 14:30:00+00:00,7855.866917369429
2026-05-30 15:45:00+00:00,7892.380902889809
2026-05-30 16:00:00+00:00,7878.5392150121725
2026-05-30 17:15:00+00:00,7880.37346315502
2026-05-30 21:30:00+00:00,7903.619197744131
2026-05-30 22:00:00+00:00,7890.69256166056
2026-05-31 02:00:00+00:00,7876.929221387698
2026-05-31 02:45:00+00:00,7914.033560839863
2026-05-31 03:00:00+00:00,7900.389801141566
2026-05-31 07:00:00+00:00,7887.429788623075
2026-05-31 07:30:00+00:00,7874.432423906472
2026-05-31 08:15:00+00:00,7876.0161930421955
2026-05-31 13:15:00+00:00,7877.311953077457
2026-05-31 14:15:00+00:00,7879.33821366026
2026-05-31 14:30:00+00:00,7916.992063954012
2026-05-31 16:15:00+00:00,7903.9541374547525
2026-05-31 16:30:00+00:00,7903.292065478281
2026-05-31 20:45:00+00:00,7905.060259844679
2026-05-31 21:45:00+00:00,7891.553157760284
2026-05-31 23:00:00+00:00,7864.410381134531
2026-06-01 00:30:00+00:00,7850.704881227461
2026-06-01 04:45:00+00:00,7887.167288524255
2026-06-01 16:45:00+00:00,7874.0543135910375
2026-06-01 17:45:00+00:00,7860.95950956458
2026-06-01 22:15:00+00:00,7862.706174297001
2026-06-01 23:00:00+00:00,7860.373044006176
2026-06-01 23:30:00+00:00,7846.829408921264
2026-06-02 02:00:00+00:00,7883.319361948992
2026-06-02 09:15:00+00:00,7920.036791183588
2026-06-02 14:15:00+00:00,7956.702376477002
2026-06-02 16:00:00+00:00,7995.35760593381
2026-06-02 19:30:00+00:00,8036.429649654781
2026-06-02 21:00:00+00:00,8038.33008618022
2026-06-02 23:15:00+00:00,8075.396325712749
2026-06-03 03:15:00+00:00,8112.3239802367325
2026-06-03 03:30:00+00:00,8099.483155151057
2026-06-03 04:00:00+00:00,8086.429426237795
2026-06-03 04:45:00+00:00,8088.576239239328
2026-06-03 05:00:00+00:00,8075.5432513189335
2026-06-03 06:30:00+00:00,8112.6252305280195
2026-06-03 11:45:00+00:00,8111.149568718541
2026-06-03 13:30:00+00:00,8103.313136759536
2026-06-03 21:45:00+00:00,8105.39418085578
2026-06-03 23:00:00+00:00,8142.273599083153
2026-06-04 00:30:00+00:00,8179.410774094809
2026-06-04 01:45:00+00:00,8166.598696151966
2026-06-04 07:00:00+00:00,8168.829548407881
2026-06-04 08:00:00+00:00,8171.072661544438
2026-06-04 08:15:00+00:00,8158.195981609781
2026-06-04 09:15:00+00:00,8134.714815784536
2026-06-04 21:15:00+00:00,8136.878727951987
2026-06-04 21:30:00+00:00,8139.003518092016
2026-06-05 01:00:00+00:00,8126.237367315757
2026-06-05 02:30:00+00:00,8113.503097550131
2026-06-05 03:45:00+00:00,8100.798289303287
2026-06-05 07:00:00+00:00,8088.120149407761
2026-06-05 08:30:00+00:00,8090.370578367173
2026-06-05 12:00:00+00:00,8077.614656343603
2026-06-05 13:45:00+00:00,8067.023189982839
2026-06-05 15:00:00+00:00,8038.093366613688
2026-06-05 15:30:00+00:00,8012.579924730992
2026-06-05 15:45:00+00:00,7999.876183962073
2026-06-05 16:00:00+00:00,7987.127542888469
2026-06-05 18:15:00+00:00,7989.375085706477
2026-06-05 18:45:00+00:00,7976.603365810758
2026-06-05 19:00:00+00:00,7951.0863750331055
2026-06-05 23:15:00+00:00,7953.375464698324
2026-06-06 04:00:00+00:00,7955.6067640178335
2026-06-06 06:15:00+00:00,7995.11389700484
2026-06-06 09:00:00+00:00,8069.554153248728
2026-06-06 09:45:00+00:00,8058.963044824971
2026-06-06 10:00:00+00:00,8061.227115577881
2026-06-06 10:30:00+00:00,8048.344109770958
2026-06-06 15:00:00+00:00,8050.550473228529
2026-06-06 15:15:00+00:00,8052.71422522282
2026-06-06 17:45:00+00:00,8039.793329409764
2026-06-07 08:30:00+00:00,8077.014116754274
2026-06-08 12:00:00+00:00,8064.010715962102
2026-06-08 16:45:00+00:00,8066.052882110057
2026-06-08 17:00:00+00:00,8052.96245716809
2026-06-08 20:15:00+00:00,8039.777119675057
2026-06-08 22:00:00+00:00,8043.423364905954
2026-06-09 17:15:00+00:00,8032.294126632137
2026-06-11 01:30:00+00:00,8019.236972145353
2026-06-11 09:00:00+00:00,8021.276349826518
2026-06-11 12:00:00+00:00,8022.8836749551165
2026-06-11 12:15:00+00:00,8024.403779533432
2026-06-11 15:00:00+00:00,8012.641334868667
2026-06-11 17:15:00+00:00,7999.286394553314
2026-06-11 17:45:00+00:00,8036.125473116515
2026-06-11 20:15:00+00:00,8074.860144251742
2026-06-11 20:30:00+00:00,8048.957668760326
2026-06-12 01:15:00+00:00,8050.6091589936495
2026-06-12 03:15:00+00:00,8039.017855675818
2026-06-12 04:30:00+00:00,8042.647784229323
2026-06-12 05:30:00+00:00,8029.240421515429
2026-06-12 06:15:00+00:00,8015.963062004442
2026-06-12 06:30:00+00:00,8052.70333675725
2026-06-12 08:00:00+00:00,8039.586787996235
2026-06-12 08:15:00+00:00,8041.236246056477
2026-06-12 09:15:00+00:00,8077.9244116991
2026-06-12 09:30:00+00:00,8051.437730878457
2026-06-12 10:15:00+00:00,8038.10534018842
2026-06-12 13:30:00+00:00,8024.273562234552
2026-06-12 15:00:00+00:00,8060.572018873419
2026-06-12 21:45:00+00:00,8097.705798449487
2026-06-12 23:00:00+00:00,8098.454005467348
2026-06-13 00:15:00+00:00,8099.401241713367
2026-06-13 01:00:00+00:00,8101.339946350998
2026-06-13 07:15:00+00:00,8088.090824281956
2026-06-13 10:15:00+00:00,8074.663356158739
2026-06-13 10:45:00+00:00,8061.6232939133015
2026-06-13 11:15:00+00:00,8048.021648483165
2026-06-13 12:30:00+00:00,8034.430855195708
2026-06-13 16:00:00+00:00,8036.302520605082
2026-06-13 21:30:00+00:00,8037.8278684709785
2026-06-14 04:30:00+00:00,8040.752049286255
2026-06-14 06:30:00+00:00,8026.35220045335
2026-06-14 09:15:00+00:00,8012.00738946055
2026-06-14 12:30:00+00:00,8048.610292108513
2026-06-14 12:45:00+00:00,8034.249321016641
2026-06-14 13:15:00+00:00,8071.1068890163915
2026-06-14 14:30:00+00:00,8056.7519366200195
2026-06-15 02:00:00+00:00,8094.986127673958
2026-06-15 07:00:00+00:00,8093.198688474894
2026-06-15 07:30:00+00:00,8089.733266782945
2026-06-15 08:45:00+00:00,8082.971638670147
2026-06-15 10:45:00+00:00,8119.501693343299
2026-06-15 11:15:00+00:00,8156.161146832535
2026-06-15 12:15:00+00:00,8193.138554673322
2026-06-15 13:15:00+00:00,8180.042268641898
2026-06-15 15:00:00+00:00,8167.20071555587
2026-06-15 15:45:00+00:00,8154.135018309442
2026-06-15 16:15:00+00:00,8191.194921299363
2026-06-15 19:15:00+00:00,8193.139793158338
2026-06-15 19:45:00+00:00,8180.267761271595
2026-06-15 21:00:00+00:00,8167.387745281848
2026-06-15 21:30:00+00:00,8154.2696668969475
2026-06-15 22:15:00+00:00,8178.184860036759
2026-06-15 23:15:00+00:00,8165.2754240355935
2026-06-16 02:00:00+00:00,8152.276902596445
2026-06-16 02:15:00+00:00,8139.124926123248
2026-06-16 04:30:00+00:00,8127.995849701648
2026-06-16 07:30:00+00:00,8114.710950366574
2026-06-16 08:15:00+00:00,8151.515009498409
2026-06-16 08:45:00+00:00,8111.59544837395
2026-06-16 12:15:00+00:00,8099.908309351602
2026-06-16 12:30:00+00:00,8103.42940255358
2026-06-16 13:45:00+00:00,8140.149255096898
2026-06-16 14:15:00+00:00,8176.978036123851
2026-06-16 17:45:00+00:00,8200.832615838954
2026-06-17 00:30:00+00:00,8173.553946670021
2026-06-17 01:00:00+00:00,8160.446805575116
2026-06-17 01:45:00+00:00,8147.379824818154
2026-06-17 02:15:00+00:00,8149.448030088091
2026-06-17 07:00:00+00:00,8151.397916557081
2026-06-17 08:45:00+00:00,8188.242607853869
2026-06-17 09:45:00+00:00,8190.141884131141
2026-06-17 12:45:00+00:00,8191.941113504417
2026-06-17 13:30:00+00:00,8193.77463663507
2026-06-17 14:00:00+00:00,8195.153259860745
2026-06-17 15:15:00+00:00,8197.157826192302
2026-06-17 15:45:00+00:00,8184.198427478978
2026-06-17 17:45:00+00:00,8186.129638635437
2026-06-17 18:30:00+00:00,8173.226389670121
2026-06-18 01:45:00+00:00,8158.996465125646
2026-06-18 04:00:00+00:00,8196.199358235644
2026-06-18 05:00:00+00:00,8233.06893917311
2026-06-18 07:15:00+00:00,8219.780397277953
2026-06-18 10:15:00+00:00,8193.545586082504
2026-06-18 13:30:00+00:00,8195.198995516866
2026-06-18 15:15:00+00:00,8182.1268382454955
2026-06-18 19:45:00+00:00,8169.140793622177
2026-06-18 20:00:00+00:00,8156.229796471769
2026-06-19 03:15:00+00:00,8158.293160047058
2026-06-19 13:45:00+00:00,8160.172008081025
2026-06-19 16:00:00+00:00,8148.121415668836
2026-06-19 22:45:00+00:00,8141.188684080028
2026-06-19 23:45:00+00:00,8143.167226786487
2026-06-20 06:30:00+00:00,8115.045343139675
2026-06-20 06:45:00+00:00,8117.169582486042
2026-06-20 09:15:00+00:00,8118.974332303889
2026-06-20 13:30:00+00:00,8121.111024977669
2026-06-20 14:00:00+00:00,8157.800252235015
2026-06-20 20:15:00+00:00,8159.103765727762
2026-06-21 07:00:00+00:00,8145.723896687374
2026-06-22 13:30:00+00:00,8182.339195936621
2026-06-22 14:30:00+00:00,8184.193843101716
2026-06-23 06:00:00+00:00,8171.118201750757
2026-06-23 06:15:00+00:00,8207.763050387375
2026-06-23 08:15:00+00:00,8281.304732073673
2026-06-23 11:45:00+00:00,8255.208708024724
2026-06-23 13:45:00+00:00,8253.619668321277
2026-06-23 16:00:00+00:00,8255.362113030422
2026-06-23 22:45:00+00:00,8253.298047707985
2026-06-23 23:45:00+00:00,8239.718112146513
2026-06-24 01:30:00+00:00,8226.15119719909
2026-06-24 04:15:00+00:00,8212.797415210598
2026-06-24 10:15:00+00:00,8214.462245487857
2026-06-24 11:00:00+00:00,8251.380976448881
2026-06-24 11:15:00+00:00,8237.838578244156
2026-06-24 13:00:00+00:00,8276.604123575975
2026-06-24 13:15:00+00:00,8263.401965155896
2026-06-24 15:30:00+00:00,8250.330583031648
2026-06-24 16:45:00+00:00,8237.419721247079
2026-06-24 17:15:00+00:00,8224.531683483085
2026-06-24 19:00:00+00:00,8226.664589932083
2026-06-24 20:00:00+00:00,8213.797308770832
2026-06-24 21:45:00+00:00,8250.916687140812
2026-06-25 02:45:00+00:00,8248.690104482452
2026-06-25 04:30:00+00:00,8242.75509697164
2026-06-25 07:00:00+00:00,8244.647163039519
2026-06-25 10:15:00+00:00,8231.367792862171
2026-06-25 10:30:00+00:00,8204.613607073139
2026-06-25 11:00:00+00:00,8177.484648487449
2026-06-25 12:15:00+00:00,8163.969860753041
2026-06-25 13:30:00+00:00,8123.914762696957
2026-06-25 14:30:00+00:00,8134.700656238921
2026-06-25 17:15:00+00:00,8171.820352073261
2026-06-25 18:30:00+00:00,8158.979313192387
2026-06-25 21:15:00+00:00,8156.429704163381
2026-06-26 01:00:00+00:00,8158.4614946036745
2026-06-26 02:00:00+00:00,8160.534268485847
2026-06-26 02:45:00+00:00,8147.463609264841
2026-06-26 07:30:00+00:00,8184.447763109144
2026-06-26 08:00:00+00:00,8171.325584377132
2026-06-26 08:30:00+00:00,8173.383910284264
2026-06-26 09:45:00+00:00,8160.280958608177
2026-06-26 10:30:00+00:00,8147.227510714266
2026-06-26 11:15:00+00:00,8134.040629854605
2026-06-26 12:30:00+00:00,8120.817528932821
2026-06-26 13:15:00+00:00,8094.632253560288
2026-06-26 14:15:00+00:00,8131.540170641602
2026-06-26 16:15:00+00:00,8133.599450871696
2026-06-26 23:00:00+00:00,8135.424572845937
2026-06-27 14:00:00+00:00,8172.202422528008
2026-06-29 23:15:00+00:00,8159.236266418752
2026-06-30 12:45:00+00:00,8195.842321567789
2026-06-30 13:30:00+00:00,8182.515974057914
2026-06-30 14:00:00+00:00,8169.295544863247
2026-07-01 01:00:00+00:00,8206.116281609324
