symbol,cluster,entry_time,exit_time,r_net,cost_r,side,prob,risk_pct,risk_cash,exit_kind,pnl,equity_after
GBPJPY,2,2024-07-01 08:15:00+00:00,2024-07-01 09:15:00+00:00,-1.0770085713646624,0.07700857136463761,-1,0.6073952835524498,0.3,300.0,stop,-323.1025714093987,99676.8974285906
CHFJPY,2,2024-07-01 09:45:00+00:00,2024-07-01 13:00:00+00:00,1.4272701549492395,0.07272984505075036,-1,0.4843783539610549,0.3,299.0306922857718,target,426.7975825132919,100103.69501110389
USDCHF,18,2024-07-01 11:15:00+00:00,2024-07-01 13:15:00+00:00,-1.0825847932394177,0.08258479323944687,-1,0.5327948854358212,0.3,299.0306922857718,stop,-323.72608018043223,99779.96893092347
AUDCAD,7,2024-07-01 17:15:00+00:00,2024-07-01 21:15:00+00:00,-0.21063303794054622,0.09835481466788264,-1,0.5305461245635996,0.3,299.33990679277036,time,-63.05087394460117,99716.91805697886
NZDUSD,7,2024-07-01 17:15:00+00:00,2024-07-01 21:15:00+00:00,0.9449013050542263,0.05030575593381092,-1,0.4862357776348388,0.3,299.33990679277036,time,282.84666858329916,99999.76472556216
EURUSD,6,2024-07-01 17:15:00+00:00,2024-07-01 21:15:00+00:00,0.9799061870089051,0.045940240470072544,-1,0.5053741934208923,0.3,299.33990679277036,time,293.3250266849046,100293.08975224706
GBPUSD,6,2024-07-01 17:15:00+00:00,2024-07-01 21:15:00+00:00,1.146652183882638,0.02969001854533997,-1,0.5558366414216557,0.3,299.33990679277036,time,343.23875784715545,100636.32851009422
EURCHF,13,2024-07-02 06:30:00+00:00,2024-07-02 10:15:00+00:00,1.3451004640630315,0.15489953593688294,-1,0.44976494871286105,0.3,301.9089855302826,target,406.0979165415822,101042.42642663581
AUDCHF,12,2024-07-02 09:15:00+00:00,2024-07-02 11:30:00+00:00,-1.1982802643121722,0.19828026431220178,-1,0.5387683241450812,0.3,301.9089855302826,stop,-361.7715789794468,100680.65484765635
USDJPY,2,2024-07-02 08:00:00+00:00,2024-07-02 12:00:00+00:00,0.5258888381815403,0.0830280904647906,-1,0.5187849343963772,0.3,301.9089855302826,time,158.7705656370878,100839.42541329344
GBPJPY,2,2024-07-02 14:00:00+00:00,2024-07-02 15:45:00+00:00,-1.0583831502714334,0.05838315027142718,-1,0.4140959162822398,0.3,302.51827623988027,stop,-320.18024622144816,100519.24516707199
SP500,9,2024-07-02 15:00:00+00:00,2024-07-02 16:30:00+00:00,1.4365479470775848,0.0634520529223723,1,0.4626934604317086,0.3,302.51827623988027,target,434.5820086858497,100953.82717575785
CADJPY,2,2024-07-02 16:15:00+00:00,2024-07-02 17:00:00+00:00,-1.136233285495198,0.1362332854951476,-1,0.47066548742355213,0.3,301.5577355012159,stop,-342.63993657503846,100611.18723918281
GBPAUD,16,2024-07-02 16:45:00+00:00,2024-07-02 17:45:00+00:00,-1.0696889672638716,0.06968896726390215,-1,0.46605059732252035,0.3,302.86148152727344,stop,-323.9675853989153,100287.21965378389
AUDJPY,1,2024-07-02 15:30:00+00:00,2024-07-02 19:30:00+00:00,-0.2507522940407185,0.10996573470768894,-1,0.37301063210275026,0.3,302.51827623988027,time,-75.85715175639378,100211.36250202749
GBPNZD,16,2024-07-02 17:15:00+00:00,2024-07-02 21:15:00+00:00,-0.2707484879485497,0.03591498505258971,1,0.4997731159959559,0.3,301.8335617175483,time,-81.72098044715148,100129.64152158034
EURAUD,15,2024-07-02 17:15:00+00:00,2024-07-02 21:15:00+00:00,-0.14713343036877888,0.06472894667832244,1,0.48441218378749246,0.3,301.8335617175483,time,-44.409807335929415,100085.23171424442
CHFJPY,2,2024-07-03 08:30:00+00:00,2024-07-03 10:15:00+00:00,-1.1881659819861312,0.18816598198612597,-1,0.42327837721901646,0.3,300.25569514273315,stop,-356.753602866194,99728.47811137822
EURCAD,4,2024-07-03 10:15:00+00:00,2024-07-03 10:45:00+00:00,-1.2510293622887747,0.2510293622887049,-1,0.4294059054450468,0.3,299.1854343341345,stop,-374.2897631211224,99354.1883482571
EURGBP,20,2024-07-03 15:30:00+00:00,2024-07-03 17:00:00+00:00,-1.0905801307629113,0.0905801307628953,1,0.4172301950041741,0.3,298.06256504477113,stop,-325.0611111620552,99029.12723709505
DJ30,9,2024-07-03 16:45:00+00:00,2024-07-03 17:45:00+00:00,1.4781067170040463,0.021893282995953774,-1,0.394143888842412,0.3,298.06256504477113,target,440.56827948013165,99469.69551657517
GBPAUD,16,2024-07-03 17:30:00+00:00,2024-07-03 21:30:00+00:00,0.07322040218707704,0.05399674837855058,1,0.5209445112861188,0.3,297.087381711285,time,21.75285757360596,99491.44837414878
EURNZD,15,2024-07-03 17:30:00+00:00,2024-07-03 21:30:00+00:00,0.23666987534837808,0.10944106039315508,1,0.4135739545943003,0.3,297.087381711285,time,70.31163359718583,99561.76000774596
GBPNZD,16,2024-07-03 17:30:00+00:00,2024-07-03 21:30:00+00:00,0.20916219177519074,0.05860932610499357,1,0.4402111819794774,0.3,297.087381711285,time,62.139447907485085,99623.89945565345
GER40,8,2024-07-04 08:30:00+00:00,2024-07-04 09:45:00+00:00,1.3288621127332787,0.17113788726675086,1,0.37437436160942145,0.3,298.8716983669602,target,397.1592765281019,100021.05873218155
USDCAD,17,2024-07-04 15:00:00+00:00,2024-07-04 17:00:00+00:00,-1.3210986612137403,0.3210986612138742,1,0.31019546848306473,0.3,300.0631761965445,stop,-396.4130603527976,99624.64567182875
EURGBP,20,2024-07-05 06:15:00+00:00,2024-07-05 10:15:00+00:00,-0.6425879499079361,0.250299759863592,-1,0.41201166254512983,0.3,298.8739370154861,time,-192.05279046769482,99432.59288136107
USDCHF,18,2024-07-05 09:15:00+00:00,2024-07-05 13:15:00+00:00,-0.16630515369157634,0.18329545569589398,1,0.40570052539132856,0.3,298.8739370154861,time,-49.70427602976692,99382.88860533129
NZDUSD,7,2024-07-05 13:30:00+00:00,2024-07-05 15:15:00+00:00,-1.1361439475749868,0.1361439475749943,-1,0.37347406584955417,0.3,298.14866581599364,stop,-338.73980214439854,99044.1488031869
NZDJPY,1,2024-07-05 15:45:00+00:00,2024-07-05 19:45:00+00:00,0.1436781190505103,0.02252965086613606,1,0.5036417360790972,0.3,297.1324464095605,time,42.69143100900221,99086.8402341959
EURCAD,4,2024-07-05 15:45:00+00:00,2024-07-05 19:45:00+00:00,0.24440515725089923,0.04988912878240472,1,0.7246748957597742,0.3,297.1324464095605,time,72.62070228907302,99159.46093648497
AUDCHF,12,2024-07-05 15:45:00+00:00,2024-07-05 19:45:00+00:00,-0.3509295142396719,0.06740103121115168,1,0.49889581839814884,0.3,297.1324464095605,time,-104.2725450833524,99055.18839140162
NZDCHF,12,2024-07-05 15:45:00+00:00,2024-07-05 19:45:00+00:00,-0.21455920445288867,0.054932919139076185,1,0.47726915565387906,0.3,297.1324464095605,time,-63.75250131877588,98991.43589008284
EURJPY,2,2024-07-05 15:45:00+00:00,2024-07-05 19:45:00+00:00,-0.1169856594082291,0.03167750995581391,1,0.4512557004711399,0.3,297.1324464095605,time,-34.76023517480273,98956.67565490805
NZDCAD,7,2024-07-05 15:45:00+00:00,2024-07-05 19:45:00+00:00,0.41740030367052017,0.05517506454005975,1,0.6785566429182109,0.3,297.1324464095605,time,124.02317336171511,99080.69882826976
NZDUSD,7,2024-07-05 15:45:00+00:00,2024-07-05 19:45:00+00:00,0.023810496498289625,0.04020887579998331,1,0.6664766482412124,0.3,297.1324464095605,time,7.074871074763069,99087.77369934451
EURJPY,2,2024-07-08 10:00:00+00:00,2024-07-08 10:45:00+00:00,-1.0565670978028676,0.05656709780290597,-1,0.5786477039620163,0.3,297.2633210980333,stop,-314.078644455791,98773.69505488873
EURGBP,20,2024-07-08 13:45:00+00:00,2024-07-08 17:45:00+00:00,-0.705398700089095,0.10856429930548052,1,0.510295840033012,0.3,296.321085164666,time,-209.0245082841454,98564.67054660458
GBPJPY,2,2024-07-09 07:00:00+00:00,2024-07-09 10:45:00+00:00,1.4122453912855757,0.08775460871447419,-1,0.5016443985021227,0.3,295.69401163981354,target,417.59250516907,98982.26305177365
EURGBP,20,2024-07-09 10:15:00+00:00,2024-07-09 11:15:00+00:00,-1.2399812836110726,0.23998128361098398,1,0.4729344523242303,0.3,295.69401163981354,stop,-366.65504010924343,98615.60801166442
AUDCAD,7,2024-07-09 10:15:00+00:00,2024-07-09 14:15:00+00:00,0.4976381532648269,0.24777080477383218,-1,0.5146831397948249,0.3,295.69401163981354,time,147.14862188390504,98762.75663354831
CADJPY,2,2024-07-09 12:15:00+00:00,2024-07-09 16:15:00+00:00,-0.8461958236606125,0.12377710338937849,-1,0.448665683049619,0.3,295.84682403499306,time,-250.34434694166725,98512.41228660665
GBPCAD,5,2024-07-09 17:00:00+00:00,2024-07-09 17:30:00+00:00,1.3904754680959035,0.10952453190409794,-1,0.4043054806644169,0.3,295.53723685981976,target,410.93727776242775,98923.34956436907
AUDJPY,1,2024-07-09 17:15:00+00:00,2024-07-09 17:30:00+00:00,-1.135481931267289,0.1354819312672653,-1,0.4538388469659634,0.3,295.53723685981976,stop,-335.57719247098635,98587.77237189809
EURCHF,13,2024-07-10 11:15:00+00:00,2024-07-10 13:45:00+00:00,1.3932900885324506,0.106709911467558,1,0.44232228524773837,0.3,295.76331711569406,target,412.08409828877666,98999.85647018686
AUDCHF,12,2024-07-10 14:15:00+00:00,2024-07-10 15:45:00+00:00,-1.2517511056671091,0.2517511056671598,-1,0.38109267197023905,0.3,296.9995694105604,stop,-371.7695393923243,98628.08693079454
GBPUSD,6,2024-07-10 14:45:00+00:00,2024-07-10 16:30:00+00:00,-1.090504772083416,0.09050477208347289,-1,0.39295722715441905,0.3,296.9995694105604,stop,-323.8794477489359,98304.20748304561
USDJPY,2,2024-07-10 12:45:00+00:00,2024-07-10 16:45:00+00:00,-0.37662660799219644,0.08644138615490825,-1,0.45063684520164954,0.3,295.76331711569406,time,-111.39233489380419,98192.8151481518
USDJPY,2,2024-07-10 17:15:00+00:00,2024-07-10 18:15:00+00:00,-1.094731255863953,0.09473125586396068,-1,0.48708706425940357,0.3,294.5784454444552,stop,-322.48423153185945,97870.33091661995
GER40,8,2024-07-10 17:15:00+00:00,2024-07-10 19:00:00+00:00,-1.0195187560677323,0.019518756067738223,-1,0.42243667281076136,0.3,294.5784454444552,stop,-300.32825026389736,97570.00266635604
NAS100,9,2024-07-11 16:45:00+00:00,2024-07-11 16:45:00+00:00,-1.0233329883136388,0.023332988313661544,1,0.29721981960075866,0.3,292.710007999068,stop,-299.5398071949954,97270.46285916105
GBPCAD,5,2024-07-11 15:45:00+00:00,2024-07-11 19:45:00+00:00,0.09771908430080137,0.035306045456987546,1,0.7123758792505602,0.3,292.710007999068,time,28.60335394734917,97299.0662131084
NZDCAD,7,2024-07-12 08:00:00+00:00,2024-07-12 12:00:00+00:00,-0.8392873704041828,0.17950473770121514,-1,0.3558211375853566,0.3,291.89719863932504,time,-244.9856322743465,97054.08058083405
NAS100,9,2024-07-12 08:30:00+00:00,2024-07-12 12:30:00+00:00,0.4285305523292906,0.018748211664407034,1,0.3972846179819893,0.3,291.89719863932504,time,125.08686775628262,97179.16744859033
GBPNZD,16,2024-07-12 11:00:00+00:00,2024-07-12 13:00:00+00:00,-1.0979403100356588,0.09794031003570451,-1,0.35468634172027075,0.3,291.89719863932504,stop,-320.4857007726008,96858.68174781774
GBPJPY,2,2024-07-12 11:00:00+00:00,2024-07-12 15:00:00+00:00,0.32563158318254737,0.033036834048129265,-1,0.3103713660908724,0.3,291.89719863932504,time,95.05094691947393,96953.7326947372
AUDCAD,7,2024-07-12 15:30:00+00:00,2024-07-12 15:30:00+00:00,-1.2825116435092059,0.2825116435092077,-1,0.33323257310908844,0.3,290.86119808421154,stop,-373.0328731880388,96580.69982154916
CHFJPY,2,2024-07-12 15:45:00+00:00,2024-07-12 16:00:00+00:00,-1.0392222125268276,0.03922221252682757,1,0.3348614476864353,0.3,289.7420994646474,stop,-301.10642566781905,96279.59339588135
DJ30,9,2024-07-12 14:00:00+00:00,2024-07-12 16:30:00+00:00,-1.0311969730916022,0.03119697309160219,-1,0.3720581681908839,0.3,290.5760452434531,stop,-299.6411383079773,95979.95225757337
NAS100,9,2024-07-12 15:45:00+00:00,2024-07-12 17:00:00+00:00,1.4915780833677177,0.008421916632284903,1,0.29975436710932485,0.3,289.7420994646474,target,432.1729653904174,96412.12522296379
NZDCHF,12,2024-07-12 15:45:00+00:00,2024-07-12 19:45:00+00:00,0.36651427882423027,0.04096316972487719,1,0.37080734864238957,0.3,289.7420994646474,time,106.19461663030364,96518.3198395941
GER40,8,2024-07-15 08:30:00+00:00,2024-07-15 12:15:00+00:00,1.3576804220497902,0.1423195779502519,1,0.555271457607417,0.3,289.55495951878214,target,393.12309964607005,96911.44293924017
CADJPY,2,2024-07-15 08:30:00+00:00,2024-07-15 12:30:00+00:00,0.5782131740105784,0.08805833917735147,1,0.48732196454500293,0.3,289.55495951878214,time,167.42449219385955,97078.86743143402
USDJPY,2,2024-07-15 08:30:00+00:00,2024-07-15 12:30:00+00:00,-0.018618491668719286,0.05132217252516496,1,0.5203362598649443,0.3,289.55495951878214,time,-5.3910766014367955,97073.47635483259
EURAUD,15,2024-07-15 09:30:00+00:00,2024-07-15 13:30:00+00:00,-0.3584967206095951,0.10889650904596947,-1,0.4873867141312183,0.3,289.55495951878214,time,-103.80450342372745,96969.67185140886
DJ30,9,2024-07-15 14:30:00+00:00,2024-07-15 14:30:00+00:00,-1.0537908317473739,0.05379083174739172,-1,0.511637259592738,0.3,290.90901555422647,stop,-306.55725346369803,96663.11459794515
JP225,11,2024-07-15 14:45:00+00:00,2024-07-15 16:45:00+00:00,1.4209443276843607,0.07905567231564699,-1,0.4581322574963053,0.3,289.98934379383536,target,412.05871315276033,97075.17331109793
NAS100,9,2024-07-15 16:45:00+00:00,2024-07-15 17:00:00+00:00,-1.0189210550458274,0.01892105504582735,-1,0.4225453032642917,0.3,291.22551993329364,stop,-296.7358140267012,96778.43749707122
SP500,9,2024-07-15 16:45:00+00:00,2024-07-15 17:30:00+00:00,-1.0957498146281508,0.09574981462815094,-1,0.4443461090281482,0.3,291.22551993329364,stop,-319.11030948189335,96459.32718758933
GBPCAD,5,2024-07-16 09:30:00+00:00,2024-07-16 10:30:00+00:00,-1.2303113610753724,0.23031136107529115,-1,0.5036336375162397,0.3,289.37798156276784,stop,-356.0250183617329,96103.3021692276
EURNZD,15,2024-07-16 12:15:00+00:00,2024-07-16 14:00:00+00:00,1.3434333045965583,0.15656669540347878,-1,0.6232634203059382,0.3,288.3099065076826,target,387.32513044754086,96490.62729967514
DJ30,9,2024-07-16 13:15:00+00:00,2024-07-16 15:30:00+00:00,-1.0367410251401923,0.03674102514021411,-1,0.4271420377702589,0.3,288.3099065076826,stop,-298.90270803084786,96191.72459164429
AUDUSD,7,2024-07-16 12:00:00+00:00,2024-07-16 15:30:00+00:00,-1.116003035173447,0.1160030351734224,1,0.5038010773978802,0.3,288.3099065076826,stop,-321.7547307331465,95869.96986091114
NAS100,9,2024-07-16 16:45:00+00:00,2024-07-16 17:00:00+00:00,1.4850678666373902,0.01493213336259514,-1,0.3496210717952843,0.3,287.6099095827333,target,427.1202348478024,96297.09009575895
NZDJPY,1,2024-07-16 15:45:00+00:00,2024-07-16 19:00:00+00:00,-1.065445902043538,0.06544590204353788,1,0.5775716139813899,0.3,287.6099095827333,stop,-306.4327995520357,95990.6572962069
GBPCHF,14,2024-07-16 15:30:00+00:00,2024-07-16 19:30:00+00:00,1.0951419576686239,0.11881934092207863,-1,0.3923854938429969,0.3,287.6099095827333,time,314.97367942533043,96305.63097563223
GBPJPY,2,2024-07-16 15:45:00+00:00,2024-07-16 19:45:00+00:00,-0.40077664693512594,0.038255371504850304,1,0.448281835530147,0.3,287.6099095827333,time,-115.2673351878826,96190.36364044435
EURJPY,2,2024-07-16 15:45:00+00:00,2024-07-16 19:45:00+00:00,-0.24067038131508886,0.03399272505772191,1,0.55254089270295,0.3,287.6099095827333,time,-69.21918660927464,96121.14445383508
GBPJPY,2,2024-07-17 08:15:00+00:00,2024-07-17 08:45:00+00:00,-1.0922886045854943,0.09228860458543613,1,0.5816919722075492,0.3,288.36343336150514,stop,-314.9760922399206,95806.16836159516
GER40,8,2024-07-17 07:00:00+00:00,2024-07-17 08:45:00+00:00,-1.168939764334629,0.1689397643346289,1,0.5216086477970339,0.3,288.36343336150514,stop,-337.07948383632237,95469.08887775884
CADJPY,2,2024-07-17 09:15:00+00:00,2024-07-17 10:00:00+00:00,-1.069974863363863,0.06997486336386306,1,0.6037408787404558,0.3,286.40726663327644,stop,-306.44857598235745,95162.64030177648
USDCHF,18,2024-07-17 09:00:00+00:00,2024-07-17 10:00:00+00:00,-1.2091760649931278,0.20917606499320185,1,0.40007339164490846,0.3,286.40726663327644,stop,-346.31681165306276,94816.32349012341
EURJPY,2,2024-07-17 09:15:00+00:00,2024-07-17 10:00:00+00:00,-1.0520558337382127,0.05205583373821251,1,0.5834326904646818,0.3,286.40726663327644,stop,-301.3164356865542,94515.00705443686
EURCHF,13,2024-07-17 10:15:00+00:00,2024-07-17 10:30:00+00:00,-1.1994367831708197,0.199436783170842,1,0.500572890532578,0.3,283.5450211633105,stop,-340.0943280682231,94174.91272636864
GER40,8,2024-07-17 10:15:00+00:00,2024-07-17 14:00:00+00:00,-1.0127687440779234,0.012768744077923494,1,0.5727248314594436,0.3,283.5450211633105,stop,-287.1655349731142,93887.74719139552
USDCAD,17,2024-07-18 11:45:00+00:00,2024-07-18 15:45:00+00:00,0.4502300542812561,0.12460640792478425,1,0.3466029629988366,0.3,281.6632415741865,time,126.81325654298054,94014.56044793851
CHFJPY,2,2024-07-18 11:45:00+00:00,2024-07-18 15:45:00+00:00,-0.3235879819247146,0.05182872517689211,-1,0.4100399158956727,0.3,281.6632415741865,time,-91.14283992336438,93923.41760801514
USDCAD,17,2024-07-18 15:45:00+00:00,2024-07-18 17:30:00+00:00,1.3591997639253508,0.14080023607463102,1,0.32840040565713047,0.3,281.7702528240453,target,382.9820611196288,94306.39966913477
GER40,8,2024-07-18 16:45:00+00:00,2024-07-18 17:30:00+00:00,1.4895813908062683,0.010418609193748972,-1,0.37648689289479936,0.3,281.7702528240453,target,419.7197250894753,94726.11939422424
GBPJPY,2,2024-07-18 15:45:00+00:00,2024-07-18 19:00:00+00:00,1.4557979227290474,0.044202077270926725,1,0.3992386902535179,0.3,281.7702528240453,target,410.2005487480837,95136.31994297233
AUDUSD,7,2024-07-18 18:00:00+00:00,2024-07-18 19:45:00+00:00,-1.0682802415662183,0.06828024156618667,1,0.31758675029609346,0.3,284.1783581826727,stop,-303.58212512727687,94832.73781784505
CADJPY,2,2024-07-18 17:15:00+00:00,2024-07-18 19:45:00+00:00,-1.084477890430229,0.08447789043023937,-1,0.29630369022685193,0.3,281.7702528240453,stop,-305.57360936861295,94527.16420847643
NZDCHF,12,2024-07-19 08:00:00+00:00,2024-07-19 09:30:00+00:00,1.3772092178489377,0.12279078215111697,1,0.41279559564597884,0.3,283.58149262542923,target,390.5510456551017,94917.71525413154
EURGBP,20,2024-07-19 10:45:00+00:00,2024-07-19 12:15:00+00:00,-1.162957727015914,0.16295772701585354,-1,0.4534386244320093,0.3,284.7531457623945,stop,-331.15587115646554,94586.55938297507
USDJPY,2,2024-07-19 10:15:00+00:00,2024-07-19 14:15:00+00:00,0.5275136728544905,0.032108964941885476,1,0.4160051980027977,0.3,284.7531457623945,time,150.21117777799083,94736.77056075307
AUDCAD,7,2024-07-19 10:15:00+00:00,2024-07-19 14:15:00+00:00,0.7453497785901928,0.1057147922421778,-1,0.45430794825207216,0.3,284.7531457623945,time,212.24069414686164,94949.01125489993
CADJPY,2,2024-07-19 10:15:00+00:00,2024-07-19 14:15:00+00:00,0.6715122827849546,0.04535708523032115,1,0.40276495018478115,0.3,284.7531457623945,time,191.21523494110247,95140.22648984104
USDJPY,2,2024-07-19 15:00:00+00:00,2024-07-19 19:00:00+00:00,-0.3866181352840006,0.03888045669860408,1,0.3109090253474077,0.3,285.420679469523,time,-110.34881086799942,95029.87767897303
CADJPY,2,2024-07-19 16:45:00+00:00,2024-07-19 20:00:00+00:00,-0.2747307612804946,0.06400681225348291,1,0.38443732743647985,0.3,285.420679469523,weekend,-78.4138405558581,94951.46383841717
EURAUD,15,2024-07-19 16:30:00+00:00,2024-07-19 20:00:00+00:00,0.044860419848337545,0.07503203334810468,-1,0.3518431323695272,0.3,285.420679469523,weekend,12.804091514400579,94964.26792993158
EURCHF,13,2024-07-22 10:00:00+00:00,2024-07-22 14:00:00+00:00,0.05737727942665897,0.11261258654799164,1,0.5655006739011815,0.3,284.8928037897946,time,16.34637400969137,94980.61430394126
DJ30,9,2024-07-22 17:15:00+00:00,2024-07-22 17:30:00+00:00,1.489443043004827,0.010556956995148003,1,0.39042615712313294,0.3,284.94184291182364,target,424.40464558599,95405.01894952725
SP500,9,2024-07-22 17:00:00+00:00,2024-07-22 20:30:00+00:00,-1.0321110913033784,0.03211109130337838,-1,0.4762886950322999,0.3,284.94184291182364,stop,-294.0916364457181,95110.92731308154
GBPCAD,5,2024-07-22 17:15:00+00:00,2024-07-22 21:15:00+00:00,0.6765661567900179,0.09073693529336345,-1,0.5842899674599672,0.3,284.94184291182364,time,192.78200756751752,95303.70932064905
US2000,9,2024-07-22 18:00:00+00:00,2024-07-23 00:00:00+00:00,1.4869148850664453,0.01308511493355086,1,0.410623267172741,0.3,286.21505684858164,target,425.57742835829487,95729.28674900735
EURGBP,20,2024-07-23 11:45:00+00:00,2024-07-23 14:45:00+00:00,-1.1629470193977622,0.16294701939777567,1,0.48568257550756,0.3,287.18786024702194,stop,-333.98426608149526,95395.30248292585
FR40,8,2024-07-23 13:45:00+00:00,2024-07-23 16:15:00+00:00,1.4688531979590658,0.031146802040923422,-1,0.38073317505508936,0.3,287.18786024702194,target,421.83680693885947,95817.13928986472
SP500,9,2024-07-23 13:45:00+00:00,2024-07-23 17:00:00+00:00,-1.0573089891519785,0.0573089891519612,-1,0.3588125148406731,0.3,287.18786024702194,stop,-303.64630621449845,95513.49298365021
EURAUD,15,2024-07-23 14:00:00+00:00,2024-07-23 18:00:00+00:00,0.1389286040516716,0.08211561360656526,1,0.4869180619656574,0.3,287.18786024702194,time,39.89860852470531,95553.39159217491
NZDCHF,12,2024-07-23 16:00:00+00:00,2024-07-23 20:00:00+00:00,-0.5317073826945685,0.14831953716489055,1,0.47960071515129826,0.3,286.18590744877747,time,-152.16715981365948,95401.22443236125
AUDCHF,12,2024-07-23 16:45:00+00:00,2024-07-23 20:45:00+00:00,-0.8388397425653972,0.09206448118446109,1,0.49630813085248676,0.3,287.451417869594,time,-241.12567336578866,95160.09875899547
XAUCNH,3,2024-07-23 15:00:00+00:00,2024-07-24 00:00:00+00:00,-1.026614832775918,0.026614832775919493,-1,0.28500568512513674,0.3,286.18590744877747,stop,-293.802697518351,94866.29606147711
XAUUSD,3,2024-07-23 15:00:00+00:00,2024-07-24 00:00:00+00:00,-1.0087529557845838,0.008752955784585159,-1,0.27745774819853813,0.3,286.18590744877747,stop,-288.6908800428476,94577.60518143428
GBPCAD,5,2024-07-24 10:00:00+00:00,2024-07-24 11:00:00+00:00,-1.1490379164623103,0.1490379164623108,1,0.4229104033878673,0.3,283.73281554430264,stop,-326.0197632050105,94251.58541822927
CADJPY,2,2024-07-24 15:00:00+00:00,2024-07-24 16:30:00+00:00,-1.0277763954343213,0.02777639543433624,1,0.550539827849584,0.3,282.75475625468766,stop,-290.608664175353,93960.9767540539
EURNZD,15,2024-07-24 17:00:00+00:00,2024-07-24 17:45:00+00:00,-1.1446532298477226,0.1446532298476999,1,0.42286632339610897,0.3,281.88293026216155,stop,-322.65820656352355,93638.31854749039
NZDCAD,7,2024-07-24 16:15:00+00:00,2024-07-24 20:15:00+00:00,-0.2528021613368173,0.09977138816666879,-1,0.40893791706384613,0.3,282.75475625468766,time,-71.48101350945001,93566.83753398093
CHFSGD,19,2024-07-24 16:45:00+00:00,2024-07-24 20:45:00+00:00,0.7154067329899544,0.12681005513807403,-1,0.5435762692112011,0.3,281.88293026216155,time,201.66094622448813,93768.49848020542
CHFJPY,2,2024-07-24 17:15:00+00:00,2024-07-24 21:15:00+00:00,0.26248083387515453,0.036319801036864094,1,0.4395939755275604,0.3,281.88293026216155,time,73.98886659038419,93842.48734679581
GBPUSD,6,2024-07-25 11:00:00+00:00,2024-07-25 13:00:00+00:00,-1.0535704641220225,0.05357046412202258,1,0.5226191205065519,0.3,281.52746204038726,stop,-296.6090188449859,93545.87832795082
NZDCAD,7,2024-07-25 12:00:00+00:00,2024-07-25 15:00:00+00:00,1.4324652283801012,0.0675347716198987,-1,0.4874314676377442,0.3,281.52746204038726,target,403.2783002069536,93949.15662815777
EURUSD,6,2024-07-25 12:00:00+00:00,2024-07-25 18:00:00+00:00,-1.0593813489846189,0.05938134898455082,-1,0.498817542907631,0.3,281.52746204038726,stop,-298.2449425125615,93650.91168564522
EURJPY,2,2024-07-25 17:00:00+00:00,2024-07-26 09:00:00+00:00,-0.1812875352588364,0.015123795349486128,-1,0.45337891562088856,0.3,281.8474698844731,time,-51.09543313429525,93599.81625251092
GER40,8,2024-07-26 14:00:00+00:00,2024-07-26 17:45:00+00:00,-1.0162093511877521,0.01620935118777797,-1,0.302244553033073,0.3,280.79944875753256,stop,-285.3510256357706,93314.46522687515
EURNZD,15,2024-07-26 16:00:00+00:00,2024-07-26 20:00:00+00:00,-0.17279691308901135,0.059387924146427275,-1,0.5555941008292518,0.3,280.79944875753256,weekend,-48.52127794239765,93265.94394893275
NZDUSD,7,2024-07-26 16:00:00+00:00,2024-07-26 20:00:00+00:00,-0.1488022541206481,0.053572942319366566,1,0.4725960261020879,0.3,280.79944875753256,weekend,-41.783590930956265,93224.1603580018
XAUGBP,3,2024-07-29 07:15:00+00:00,2024-07-29 11:00:00+00:00,-1.063258896715086,0.0632588967150737,-1,0.4472654524220683,0.3,279.67248107400513,stop,-297.3642536683175,92926.79610433348
GER40,8,2024-07-29 10:15:00+00:00,2024-07-29 11:30:00+00:00,1.4871886284442297,0.012811371555732946,-1,0.5019265831062582,0.3,279.67248107400513,target,415.9257335420445,93342.72183787552
EURUSD,6,2024-07-29 13:00:00+00:00,2024-07-29 15:00:00+00:00,-1.0434706786372652,0.04347067863729623,1,0.5512138128423534,0.3,280.02816551362633,stop,-292.20117990605206,93050.52065796946
SP500,9,2024-07-29 16:45:00+00:00,2024-07-29 17:30:00+00:00,-1.0414843992714826,0.04148439927147755,1,0.4204793185485755,0.3,279.1515619739082,stop,-290.73199682809184,92759.78866114139
NZDCHF,12,2024-07-29 17:00:00+00:00,2024-07-30 08:00:00+00:00,1.454389230808604,0.04561076919139529,1,0.4887405491808205,0.3,279.1515619739082,target,405.9950254982527,93165.78368663962
GER40,8,2024-07-30 10:15:00+00:00,2024-07-30 13:15:00+00:00,-1.018804942544334,0.018804942544322384,-1,0.44550389271684515,0.3,279.4973510599186,stop,-284.75328268789394,92881.03040395174
XAUAUD,3,2024-07-30 16:45:00+00:00,2024-07-30 20:00:00+00:00,-1.0290657251688566,0.029065725168864378,-1,0.3938143570987533,0.3,278.643091211855,stop,-286.7420547212194,92594.28834923051
XAGUSD,3,2024-07-30 17:15:00+00:00,2024-07-30 21:15:00+00:00,1.0275982311139433,0.0073225527157763275,1,0.4326462437329807,0.3,278.643091211855,time,286.33314764142335,92880.62149687194
NZDCNH,7,2024-07-30 17:15:00+00:00,2024-07-30 21:15:00+00:00,0.023640024870113647,0.11110428678254529,-1,0.38757937829450345,0.3,278.643091211855,time,6.5871296061335975,92887.20862647807
AUDCAD,7,2024-07-30 11:00:00+00:00,2024-07-31 03:00:00+00:00,0.7751597252692817,0.046430094701073926,-1,0.46018527881875143,0.3,279.4973510599186,time,216.6550898610985,93103.86371633917
GER40,8,2024-07-31 08:00:00+00:00,2024-07-31 08:30:00+00:00,-1.1381563978667608,0.13815639786677697,-1,0.39994788108199125,0.3,279.3115911490173,stop,-317.90027446459897,92785.96344187457
USDJPY,2,2024-07-31 07:00:00+00:00,2024-07-31 10:00:00+00:00,-1.005915930909699,0.005915930909698908,1,0.5917089820193401,0.3,279.3115911490173,stop,-280.963979224533,92504.99946265004
CNHJPY,2,2024-07-31 07:00:00+00:00,2024-07-31 10:30:00+00:00,-1.0168298595994847,0.016829859599478268,1,0.6421723006277028,0.3,279.3115911490173,stop,-284.012366012564,92220.98709663747
EURGBP,20,2024-07-31 09:00:00+00:00,2024-07-31 11:00:00+00:00,-1.0985516479231132,0.09855164792311266,-1,0.5160305862515692,0.3,278.3578903256235,stop,-305.7905191296149,91915.19657750786
XAUEUR,3,2024-07-31 09:45:00+00:00,2024-07-31 13:45:00+00:00,0.6934921370986737,0.017482995052908457,-1,0.5709727128944856,0.3,278.3578903256235,time,193.03900824019487,92108.23558574806
US2000,9,2024-07-31 16:45:00+00:00,2024-07-31 19:00:00+00:00,-1.0152648004652,0.0152648004652001,-1,0.5248010933919149,0.3,276.324706757244,stop,-280.54274826949825,91827.69283747856
NZDCNH,7,2024-07-31 15:30:00+00:00,2024-07-31 19:30:00+00:00,1.202339265272668,0.06655528794134412,1,0.4886004961009284,0.3,276.324706757244,time,332.2360448991902,92159.92888237775
EURCHF,13,2024-07-31 12:00:00+00:00,2024-07-31 22:00:00+00:00,-1.038494261729291,0.03849426172929436,1,0.5805700218355964,0.3,275.74558973252334,stop,-286.36021263438477,91873.56866974336
EURUSD,6,2024-07-31 12:00:00+00:00,2024-08-01 04:00:00+00:00,0.20578158701100543,0.03979932498994252,1,0.5714297268015148,0.3,275.74558973252334,time,56.74336506644426,91930.3120348098
NZDCHF,12,2024-07-31 16:00:00+00:00,2024-08-01 08:00:00+00:00,0.39089089688353695,0.035133623157824576,1,0.4317724512496059,0.3,276.324706757244,time,108.01281245541944,92038.32484726522
EURGBP,20,2024-08-01 11:00:00+00:00,2024-08-01 20:00:00+00:00,-1.0583099548357449,0.05830995483573103,-1,0.5070448384424197,0.3,276.1149745417955,stop,-292.21522623680045,91746.10962102843
XAUUSD,3,2024-08-01 17:15:00+00:00,2024-08-01 21:15:00+00:00,1.1578402823360918,0.008295682677945521,-1,0.4464515559293891,0.3,276.1149745417955,time,319.69704008069533,92065.80666110912
GBPAUD,16,2024-08-01 11:00:00+00:00,2024-08-02 03:00:00+00:00,-0.0377320859899324,0.023460203571721863,1,0.46609373875998433,0.3,276.1149745417955,time,-10.418393962519023,92055.3882671466
AUDUSD,7,2024-08-01 18:00:00+00:00,2024-08-02 10:00:00+00:00,0.42325159033155235,0.021156391345059453,-1,0.43394024282991195,0.3,276.1149745417955,time,116.86610208917104,92172.25436923577
FR40,8,2024-08-02 10:00:00+00:00,2024-08-02 14:00:00+00:00,-0.257051209781781,0.03057437296963915,1,0.41192922500640083,0.3,276.5167631077071,time,-71.07896848177825,92101.175400754
AU200,10,2024-08-02 10:30:00+00:00,2024-08-02 14:30:00+00:00,-0.9034134011652561,0.05027427021661628,1,0.3687605485062733,0.3,276.5167631077071,time,-249.8089494383411,91851.36645131565
NZDJPY,1,2024-08-02 11:00:00+00:00,2024-08-02 15:00:00+00:00,-1.0158922108211244,0.015892210821130792,1,0.4791598946620878,0.3,276.5167631077071,stop,-280.9112258025897,91570.45522551307
AUDCHF,12,2024-08-02 14:00:00+00:00,2024-08-02 15:00:00+00:00,-1.017811001813015,0.01781100181300609,1,0.4299586063517296,0.3,276.30352620226176,stop,-281.2247688083927,91289.23045670467
GER40,8,2024-08-02 13:45:00+00:00,2024-08-02 15:30:00+00:00,-1.0101073816448027,0.010107381644791972,1,0.38391749608038056,0.3,276.5167631077071,stop,-279.3116235636222,91009.91883314104
XAUEUR,3,2024-08-02 16:30:00+00:00,2024-08-02 17:30:00+00:00,-1.002931384913829,0.0029313849138187715,1,0.4191478511926867,0.3,273.02975649942294,stop,-273.8301118086518,90736.0887213324
US2000,9,2024-08-05 15:45:00+00:00,2024-08-05 19:15:00+00:00,1.4940269555336623,0.005973044466337351,1,0.58479177372836,0.3,272.208266163997,target,406.68648716809327,91142.77520850049
XAUAUD,3,2024-08-06 07:30:00+00:00,2024-08-06 09:00:00+00:00,1.4841635464071186,0.015836453592887944,-1,0.45541423017971344,0.3,273.42832562550126,target,405.8123534485044,91548.587561949
JP225,11,2024-08-06 07:00:00+00:00,2024-08-06 11:00:00+00:00,1.492743901020846,0.007256098979153543,-1,0.4628631900368021,0.3,273.42832562550126,target,408.15846544380895,91956.7460273928
GER40,8,2024-08-06 10:15:00+00:00,2024-08-06 12:30:00+00:00,-1.0068662893442049,0.006866289344204812,1,0.4551677135856749,0.3,274.64576268584676,stop,-276.5315599596076,91680.2144674332
CNHJPY,2,2024-08-06 09:30:00+00:00,2024-08-06 13:30:00+00:00,0.9853547809571497,0.020753607052728926,-1,0.4846911641459202,0.3,274.64576268584676,time,270.6235153321218,91950.83798276531
NAS100,9,2024-08-06 12:30:00+00:00,2024-08-06 16:30:00+00:00,-0.7736711225765128,0.006401534111153253,1,0.49388399056347215,0.3,275.04064340229934,time,-212.79100333522328,91738.0469794301
US2000,9,2024-08-06 18:00:00+00:00,2024-08-06 22:00:00+00:00,0.0010607533842932598,0.009546780458726171,-1,0.35825966808690574,0.3,275.21414093829003,time,0.29193433140565334,91738.3389137615
FR40,8,2024-08-07 15:15:00+00:00,2024-08-07 19:15:00+00:00,0.5528721083398513,0.032952642218931544,1,0.40818735370968834,0.3,275.2150167412842,time,152.15870655254128,91890.49762031404
DJ30,9,2024-08-07 17:15:00+00:00,2024-08-07 19:45:00+00:00,1.4931174183032148,0.00688258169679364,-1,0.38564607433717707,0.3,275.2150167412842,target,410.92833527502233,92301.42595558906
XAUCNH,3,2024-08-07 17:00:00+00:00,2024-08-07 20:15:00+00:00,-1.0466669007267613,0.046666900726771356,1,0.4225726220147235,0.3,275.2150167412842,stop,-288.0584486060637,92013.367506983
DJ30,9,2024-08-08 13:00:00+00:00,2024-08-08 15:30:00+00:00,1.4892886106595584,0.010711389340423923,1,0.3644916510080532,0.3,276.0401025209487,target,411.1033807697458,92424.47088775274
USDCAD,17,2024-08-08 17:00:00+00:00,2024-08-09 09:00:00+00:00,0.9740839411736866,0.050673305401361966,-1,0.38711041979442057,0.3,277.2734126632579,time,270.0875785897042,92694.55846634245
EURJPY,2,2024-08-08 17:00:00+00:00,2024-08-09 09:00:00+00:00,-0.40196869418494424,0.011360977204745366,-1,0.4164604212815861,0.3,277.2734126632579,time,-111.45523162045295,92583.103234722
US2000,9,2024-08-09 08:15:00+00:00,2024-08-09 11:00:00+00:00,1.463786544073385,0.03621345592660256,1,0.36221437555258634,0.3,277.2734126632579,target,405.86909048578383,92988.97232520778
DJ30,9,2024-08-09 11:15:00+00:00,2024-08-09 15:15:00+00:00,0.9033627788398377,0.017784527195736335,-1,0.3711304079222601,0.3,278.966916975623,time,252.0083293234811,93240.98065453126
US2000,9,2024-08-09 15:45:00+00:00,2024-08-09 16:30:00+00:00,-1.0305847584559822,0.030584758455973683,1,0.33277556827583443,0.3,279.7229419635935,stop,-288.2782005781467,92952.70245395311
SP500,9,2024-08-09 15:45:00+00:00,2024-08-09 18:00:00+00:00,1.4822384886769981,0.017761511323021027,1,0.39385959774010265,0.3,279.7229419635935,target,414.6161107444005,93367.31856469752
CHFJPY,2,2024-08-09 11:00:00+00:00,2024-08-09 20:00:00+00:00,-0.4331425242869552,0.019942444042047595,1,0.3476117800684513,0.3,278.966916975623,weekend,-120.8324346113708,93246.48613008615
EURCHF,13,2024-08-09 11:00:00+00:00,2024-08-09 20:00:00+00:00,0.2364159693067876,0.025064578580565867,-1,0.44258201690709265,0.3,278.966916975623,weekend,65.95223408131805,93312.43836416746
XAUGBP,3,2024-08-09 16:45:00+00:00,2024-08-09 20:00:00+00:00,-0.6583671279277249,0.01087211770889841,-1,0.3134419424437143,0.3,278.858107361859,weekend,-183.5910112431883,93128.84735292428
XAUEUR,3,2024-08-09 17:00:00+00:00,2024-08-09 20:00:00+00:00,0.8690589150363915,0.007065519634442154,1,0.3020362366401643,0.3,278.858107361859,weekend,242.3441242329988,93371.19147715728
FR40,8,2024-08-09 17:00:00+00:00,2024-08-09 20:00:00+00:00,0.6935800628595167,0.04427106784209681,1,0.33476163554320854,0.3,278.858107361859,weekend,193.41042363292402,93564.6019007902
USDJPY,2,2024-08-09 18:00:00+00:00,2024-08-09 20:00:00+00:00,0.14533518140361235,0.012272378836563066,1,0.3402365880465883,0.3,280.1019556940922,weekend,40.70866854230748,93605.3105693325
EURUSD,6,2024-08-09 18:00:00+00:00,2024-08-09 20:00:00+00:00,0.05706096021291246,0.04060078356621049,-1,0.308395578242177,0.3,280.1019556940922,weekend,15.982886549419565,93621.29345588193
CHFSGD,19,2024-08-12 09:45:00+00:00,2024-08-12 13:45:00+00:00,-0.3166619022637174,0.13617285188388534,1,0.5531100610577465,0.3,280.8638803676455,time,-88.93889063438776,93532.35456524754
NZDCNH,7,2024-08-12 11:15:00+00:00,2024-08-12 15:15:00+00:00,-0.3566891010166243,0.14766324407238368,-1,0.5913778356633324,0.3,280.8638803676455,time,-100.18108499637619,93432.17348025116
GBPCAD,5,2024-08-12 10:00:00+00:00,2024-08-12 17:00:00+00:00,-1.0564826624315633,0.05648266243154619,-1,0.4857039159019662,0.3,280.8638803676455,stop,-296.7278201116702,93135.44566013949
GBPUSD,6,2024-08-12 10:00:00+00:00,2024-08-12 18:00:00+00:00,-1.0418023227584556,0.041802322758469346,-1,0.48834244078439376,0.3,280.8638803676455,stop,-292.6046429459661,92842.84101719352
US2000,9,2024-08-12 16:45:00+00:00,2024-08-12 20:45:00+00:00,0.42079413291518125,0.015714303718824197,-1,0.5354745335252449,0.3,280.2965204407532,time,117.94713127800914,92960.78814847153
EURGBP,20,2024-08-12 10:00:00+00:00,2024-08-13 02:00:00+00:00,0.4939579810717403,0.05918859311015494,1,0.5439195830694672,0.3,280.8638803676455,time,138.73495530237696,93099.52310377391
USDJPY,2,2024-08-12 17:00:00+00:00,2024-08-13 09:00:00+00:00,-0.1793632668798717,0.01757984656897009,-1,0.44923615963365043,0.3,279.4063369804182,time,-50.11523338774611,93049.40787038617
GBPCHF,14,2024-08-12 17:00:00+00:00,2024-08-13 09:00:00+00:00,-0.41171630501481965,0.02400845608339895,-1,0.5437308275024234,0.3,279.4063369804182,time,-115.03614465930333,92934.37172572686
USDCAD,17,2024-08-12 18:00:00+00:00,2024-08-13 10:00:00+00:00,0.2197804009510459,0.05550693218963784,-1,0.4668801107097509,0.3,278.5285230515803,time,61.21511047257895,92995.58683619944
XAUUSD,3,2024-08-13 08:00:00+00:00,2024-08-13 12:00:00+00:00,-0.4037896267168158,0.060802299003694674,1,0.5051600092405398,0.3,279.2985693113215,time,-112.77786504475921,92882.80897115468
AU200,10,2024-08-13 10:15:00+00:00,2024-08-13 13:15:00+00:00,1.4236700724557954,0.07632992754417998,-1,0.5071701826773694,0.3,278.9867605085981,target,397.18510154748344,93279.99407270216
NZDCNH,7,2024-08-13 10:45:00+00:00,2024-08-13 14:45:00+00:00,0.33055578307454353,0.12958648299379213,-1,0.5182169874433543,0.3,278.9867605085981,time,92.22068708734977,93372.21475978952
XAUCNH,3,2024-08-13 14:00:00+00:00,2024-08-13 16:45:00+00:00,1.4622134263746371,0.03778657362535043,1,0.4976256611081271,0.3,279.8399822181063,target,409.1857792357547,93781.40053902527
DJ30,9,2024-08-13 17:00:00+00:00,2024-08-13 19:15:00+00:00,-1.0115193545071612,0.011519354507156432,-1,0.5303742907816066,0.3,281.34420161707556,stop,-284.5851052140369,93496.81543381124
XAUUSD,3,2024-08-13 16:30:00+00:00,2024-08-13 20:30:00+00:00,-0.07198120035555139,0.04253434566464517,1,0.4829656337438089,0.3,280.1166442793683,time,-20.16313229479793,93476.65230151644
FR40,8,2024-08-14 09:00:00+00:00,2024-08-14 09:00:00+00:00,-1.1326274297159171,0.13262742971594182,-1,0.46156129946697205,0.3,280.42995690454904,stop,-317.6226613041448,93159.02964021229
GER40,8,2024-08-14 09:00:00+00:00,2024-08-14 10:15:00+00:00,-1.027753605681663,0.027753605681619574,-1,0.4629782936666154,0.3,279.4770889206366,stop,-287.23358584359903,92871.7960543687
CNHJPY,2,2024-08-14 11:15:00+00:00,2024-08-14 15:15:00+00:00,0.4974103834370607,0.05037522000779419,-1,0.48716264823414424,0.3,278.6153881631058,time,138.58618705767597,93010.38224142637
SP500,9,2024-08-14 15:45:00+00:00,2024-08-14 17:00:00+00:00,-1.0326551112668316,0.03265511126683686,1,0.5543629730928119,0.3,279.03114672427887,stop,-288.1429398674718,92722.2393015589
GBPAUD,16,2024-08-14 18:00:00+00:00,2024-08-15 04:00:00+00:00,-1.0311639997332078,0.031163999733218713,-1,0.4835473318305625,0.3,278.16671790467643,stop,-286.83550542724504,92435.40379613165
USDJPY,2,2024-08-14 16:00:00+00:00,2024-08-15 08:00:00+00:00,-0.21158607566741622,0.013166979734693472,1,0.4236210088366325,0.3,279.03114672427887,time,-59.03910532436919,92376.36469080728
CNHJPY,2,2024-08-15 14:15:00+00:00,2024-08-15 15:30:00+00:00,1.4106700319643668,0.08932996803561413,1,0.30906539914517583,0.3,277.1290940724216,target,390.937707993399,92767.30239880068
XAUAUD,3,2024-08-15 16:15:00+00:00,2024-08-15 20:15:00+00:00,0.9358869638691384,0.014964215278387288,1,0.521810797572769,0.3,278.3019071964018,time,260.4591269650312,93027.76152576572
GBPNZD,16,2024-08-15 17:00:00+00:00,2024-08-15 21:00:00+00:00,-1.0389549349335478,0.03895493493352856,-1,0.48944347779692804,0.3,278.3019071964018,stop,-289.14313988311994,92738.6183858826
NZDUSD,7,2024-08-15 17:00:00+00:00,2024-08-16 09:00:00+00:00,0.6191750217379844,0.033621527994973914,1,0.4459696199141712,0.3,278.3019071964018,time,172.31758943805463,92910.93597532065
XAUGBP,3,2024-08-16 13:45:00+00:00,2024-08-16 15:00:00+00:00,-1.0233654430478112,0.023365443047809485,-1,0.31183053236387875,0.3,278.7328079259617,stop,-285.24552347511224,92625.69045184554
XAUUSD,3,2024-08-16 14:30:00+00:00,2024-08-16 15:30:00+00:00,-1.0838297877734768,0.08382978777347898,-1,0.3235024390695242,0.3,278.7328079259617,stop,-302.09892005990037,92323.59153178564
DJ30,9,2024-08-16 17:15:00+00:00,2024-08-16 19:15:00+00:00,-1.0160313062976127,0.016031306297612638,-1,0.38981732103622635,0.3,276.9707745953567,stop,-281.41097791838195,92042.18055386725
FR40,8,2024-08-16 15:45:00+00:00,2024-08-16 19:45:00+00:00,1.147075836435312,0.0603724124439638,1,0.32446912543626305,0.3,276.9707745953567,time,317.7064829371051,92359.88703680436
GBPCHF,14,2024-08-16 10:00:00+00:00,2024-08-16 20:00:00+00:00,-0.06466301347698138,0.041270043943535756,-1,0.47687844984512656,0.3,278.7328079259617,weekend,-18.023703315393323,92341.86333348896
EURGBP,20,2024-08-16 16:00:00+00:00,2024-08-16 20:00:00+00:00,-0.5390642748456304,0.0582608368157706,1,0.40995176850917775,0.3,276.9707745953567,weekend,-149.30504976067851,92192.55828372829
NAS100,9,2024-08-19 06:45:00+00:00,2024-08-19 09:00:00+00:00,1.4826064339546576,0.017393566045343156,-1,0.5362626729920206,0.3,276.57767485118467,target,410.0558402225857,92602.61412395087
CNHJPY,2,2024-08-19 08:45:00+00:00,2024-08-19 09:00:00+00:00,-1.1304115674066475,0.13041156740666066,1,0.6475682864816931,0.3,276.57767485118467,stop,-312.6466029382138,92289.96752101266
XAUSGD,3,2024-08-19 08:00:00+00:00,2024-08-19 12:00:00+00:00,0.00667118064606282,0.05146339355524817,1,0.4215710377163319,0.3,276.57767485118467,time,1.8450996316002788,92291.81262064425
CHFSGD,19,2024-08-19 08:45:00+00:00,2024-08-19 12:45:00+00:00,1.367622332710444,0.1323776672895423,-1,0.552432756937549,0.3,276.57767485118467,target,378.2538048556079,92670.06642549987
XAUCNH,3,2024-08-19 13:30:00+00:00,2024-08-19 13:45:00+00:00,-1.0622491885277032,0.06224918852767785,1,0.48975931537180006,0.3,278.01019927649935,stop,-295.3161085838865,92374.75031691598
XAGUSD,3,2024-08-19 15:15:00+00:00,2024-08-19 17:00:00+00:00,-1.0633513625626272,0.06335136256262362,-1,0.4228117349904094,0.3,277.12425095074775,stop,-294.680449847625,92080.06986706835
NZDJPY,1,2024-08-19 10:00:00+00:00,2024-08-19 23:00:00+00:00,1.4854050641994674,0.0145949358005271,1,0.5857168887642397,0.3,276.8699025630378,target,411.2639553915494,92491.3338224599
FR40,8,2024-08-20 10:00:00+00:00,2024-08-20 11:00:00+00:00,-1.1357784128873394,0.1357784128873594,-1,0.5344988868622708,0.3,277.47400146737954,stop,-315.1489810041196,92176.18484145579
US2000,9,2024-08-20 16:00:00+00:00,2024-08-20 16:30:00+00:00,-1.064484920529314,0.06448492052928213,1,0.3863276321546533,0.3,276.5285545243671,stop,-294.36047638695703,91881.82436506882
EURNZD,15,2024-08-20 11:00:00+00:00,2024-08-21 03:00:00+00:00,-0.4934567016794288,0.04350696356031858,1,0.6133649762388645,0.3,276.5285545243671,time,-136.45486843577427,91745.36949663305
CHFSGD,19,2024-08-21 10:15:00+00:00,2024-08-21 13:45:00+00:00,1.3350057092514456,0.16499429074852462,-1,0.5395043722047732,0.3,275.236108489899,target,367.4417762261654,92112.81127285922
NZDCNH,7,2024-08-21 11:00:00+00:00,2024-08-21 15:00:00+00:00,0.19482089940123032,0.1588248049395545,1,0.5046784785058472,0.3,275.236108489899,time,53.62174620369672,92166.43301906291
NZDCNH,7,2024-08-21 18:00:00+00:00,2024-08-21 18:30:00+00:00,-1.1958370126877047,0.1958370126876627,-1,0.5141750197184295,0.3,276.4992990571885,stop,-330.6480957947926,91835.78492326812
XAUUSD,3,2024-08-21 17:15:00+00:00,2024-08-21 21:15:00+00:00,1.1124470395647825,0.007567666935815013,1,0.49238096783396096,0.3,276.4992990571885,time,307.5908266779068,92143.37574994603
US2000,9,2024-08-21 17:30:00+00:00,2024-08-21 21:30:00+00:00,1.4794958428394456,0.020504157160549014,1,0.4008445192500738,0.3,276.4992990571885,target,409.07956350313106,92552.45531344916
CHFJPY,2,2024-08-21 18:00:00+00:00,2024-08-22 10:00:00+00:00,-0.1661009105419783,0.019775060656872585,-1,0.47702339167786545,0.3,276.4992990571885,time,-45.92678533761778,92506.52852811155
EURGBP,20,2024-08-21 18:00:00+00:00,2024-08-22 10:00:00+00:00,-1.0615729042256894,0.06157290422571616,1,0.4529488184602743,0.3,276.4992990571885,stop,-293.52416391650706,92213.00436419503
GBPJPY,2,2024-08-21 18:00:00+00:00,2024-08-22 10:00:00+00:00,-0.012127102711295076,0.012848322995412926,-1,0.45381567034521614,0.3,276.4992990571885,time,-3.353135399267619,92209.65122879577
XAUEUR,3,2024-08-22 07:45:00+00:00,2024-08-22 10:30:00+00:00,1.461620215335999,0.03837978466403577,1,0.46530763194699515,0.3,277.6573659403473,target,405.82961899535667,92615.48084779113
XAUUSD,3,2024-08-22 07:45:00+00:00,2024-08-22 11:45:00+00:00,0.27332972415712603,0.014999801935451872,1,0.4218965769507104,0.3,277.6573659403473,time,75.89201124266933,92691.3728590338
AU200,10,2024-08-22 10:30:00+00:00,2024-08-22 14:30:00+00:00,-0.15820204783062408,0.09850316185680366,-1,0.4255244772213218,0.3,277.84644254337314,time,-43.95587619281547,92647.41698284098
DJ30,9,2024-08-22 16:15:00+00:00,2024-08-22 16:30:00+00:00,-1.0463962708254362,0.04639627082542949,-1,0.4192054368014772,0.3,277.94225094852266,stop,-290.83773489736166,92356.57924794362
GER40,8,2024-08-22 12:30:00+00:00,2024-08-22 16:30:00+00:00,-0.2608264005396801,0.016648493651468945,-1,0.43533808651944533,0.3,278.07411857710116,time,-72.52907143170948,92284.05017651191
AUDCHF,12,2024-08-22 16:00:00+00:00,2024-08-22 18:00:00+00:00,-1.025945122452343,0.02594512245235997,1,0.5059065197158705,0.3,277.94225094852266,stop,-285.1534966840619,91998.89667982784
CHFSGD,19,2024-08-22 15:45:00+00:00,2024-08-22 19:45:00+00:00,0.46922751712881317,0.0913766921846221,1,0.4457464991938947,0.3,277.94225094852266,time,130.4181523177688,92129.31483214561
US2000,9,2024-08-22 17:00:00+00:00,2024-08-22 21:00:00+00:00,0.6240641766485111,0.016799334765214613,-1,0.4800735766695238,0.3,276.8521505295355,time,172.77350937358423,92302.08834151921
NZDCHF,12,2024-08-22 16:00:00+00:00,2024-08-23 00:00:00+00:00,-1.0575516723111156,0.05755167231109239,1,0.4052585381495459,0.3,277.94225094852266,stop,-293.9382922965259,92008.15004922268
EURUSD,6,2024-08-22 11:00:00+00:00,2024-08-23 03:00:00+00:00,0.5069262206171251,0.029322356069531062,-1,0.5991282813396359,0.3,277.84644254337314,time,140.84764703042535,92148.9976962531
NZDUSD,7,2024-08-22 18:00:00+00:00,2024-08-23 10:00:00+00:00,0.26063725898284124,0.02617388288760119,1,0.3789896837554769,0.3,275.99669003948327,time,71.93502078022776,92220.93271703333
XAUSGD,3,2024-08-23 08:30:00+00:00,2024-08-23 12:15:00+00:00,-1.071580454228227,0.07158045422819628,-1,0.32022276528441174,0.3,276.44699308875903,stop,-296.2351944240799,91924.69752260925
US2000,9,2024-08-23 10:15:00+00:00,2024-08-23 13:30:00+00:00,-1.0927608814072338,0.09276088140718405,-1,0.3292367163083072,0.3,276.66279815109976,stop,-302.3262831601874,91622.37123944906
CNHJPY,2,2024-08-23 17:00:00+00:00,2024-08-23 17:00:00+00:00,1.3643720382841893,0.13562796171582195,-1,0.30192819613146327,0.3,274.86711371834696,target,375.0210042011931,91997.39224365025
GBPCAD,5,2024-08-23 17:00:00+00:00,2024-08-23 18:00:00+00:00,1.4404285108677917,0.059571489132221524,1,0.4684641981651097,0.3,274.86711371834696,target,395.92642729984647,92393.3186709501
XAUGBP,3,2024-08-23 18:00:00+00:00,2024-08-23 20:00:00+00:00,0.07093996278248367,0.012732813832752293,1,0.31490899119510624,0.3,277.17995601285,weekend,19.663135763602043,92412.9818067137
US2000,9,2024-08-26 10:15:00+00:00,2024-08-26 11:00:00+00:00,1.4625959970442997,0.03740400295570894,1,0.45589166012751425,0.3,277.23894542014085,target,405.48857179628106,92818.47037850998
CADJPY,2,2024-08-26 16:00:00+00:00,2024-08-26 19:00:00+00:00,-1.0366637158660508,0.03666371586606077,-1,0.48886265102330984,0.3,278.4554111355297,stop,-288.6646212107671,92529.80575729921
GBPJPY,2,2024-08-26 11:00:00+00:00,2024-08-27 03:00:00+00:00,0.9403494590337972,0.015808273083251712,1,0.48378184332790647,0.3,278.4554111355297,time,261.84539522632895,92791.65115252555
EURGBP,20,2024-08-26 17:00:00+00:00,2024-08-27 09:00:00+00:00,-0.2008492944204457,0.04726138346247188,1,0.5068115992892455,0.3,278.4554111355297,time,-55.927572854126254,92735.72357967142
XAUGBP,3,2024-08-27 08:15:00+00:00,2024-08-27 09:00:00+00:00,1.4715746810037185,0.028425318996259778,1,0.5067521677905099,0.3,278.37495345757634,target,409.64953333375786,93145.37311300517
US2000,9,2024-08-27 10:00:00+00:00,2024-08-27 10:30:00+00:00,1.4451663647079798,0.054833635292002345,-1,0.48116457401634044,0.3,279.4361193390152,target,403.8316807532698,93549.20479375844
XAUSGD,3,2024-08-27 10:15:00+00:00,2024-08-27 11:00:00+00:00,1.4658375341870382,0.034162465812940114,-1,0.45058441919482756,0.3,279.4361193390152,target,409.607952134697,93958.81274589314
XAUCNH,3,2024-08-27 10:15:00+00:00,2024-08-27 14:15:00+00:00,0.38251018812632026,0.04752298601395678,-1,0.49787026922141514,0.3,279.4361193390152,time,106.88716257765559,94065.6999084708
XAUAUD,3,2024-08-27 11:15:00+00:00,2024-08-27 15:15:00+00:00,0.0964344398707507,0.03548059580149349,1,0.5204453896719139,0.3,281.8764382376791,time,27.18259643421284,94092.882504905
US2000,9,2024-08-27 14:15:00+00:00,2024-08-27 15:15:00+00:00,-1.0532467461744548,0.053246746174474696,1,0.4643798533550421,0.3,282.1970997254121,stop,-297.22317706565843,93795.65932783936
XAGSGD,3,2024-08-27 15:15:00+00:00,2024-08-27 16:15:00+00:00,1.456834736974271,0.04316526302571521,-1,0.35955741515602074,0.3,281.38697798351774,target,409.934324058603,94205.59365189796
XAGUSD,3,2024-08-27 17:15:00+00:00,2024-08-27 21:15:00+00:00,0.47970504624474686,0.005643588779349905,1,0.4806700912436663,0.3,282.6167809556935,time,135.57269597789244,94341.16634787584
XAGEUR,3,2024-08-27 17:15:00+00:00,2024-08-27 21:15:00+00:00,0.24554963285842465,0.006296144432267437,1,0.46783018967799883,0.3,282.6167809556935,time,69.39644680330036,94410.56279467915
EURAUD,15,2024-08-27 10:00:00+00:00,2024-08-28 02:00:00+00:00,0.0170924836268223,0.03927330285422235,1,0.5190665836506697,0.3,279.4361193390152,time,4.776257294544879,94415.33905197369
JP225,11,2024-08-28 08:00:00+00:00,2024-08-28 12:00:00+00:00,-0.26378220362283333,0.04731380674594784,-1,0.4628976735422452,0.3,283.24601715592075,time,-74.71525857277963,94340.62379340091
CNHJPY,2,2024-08-28 10:00:00+00:00,2024-08-28 14:00:00+00:00,-0.06764711953750048,0.2075381788204568,-1,0.40755658693774777,0.3,283.24601715592075,time,-19.160777181067484,94321.46301621984
XAUUSD,3,2024-08-28 14:00:00+00:00,2024-08-28 15:00:00+00:00,-1.022156913430554,0.022156913430519898,1,0.48793470381853354,0.3,282.9643890486592,stop,-289.2340065207399,94032.2290096991
XAUGBP,3,2024-08-28 14:00:00+00:00,2024-08-28 15:15:00+00:00,-1.0078927903016663,0.00789279030164626,1,0.46596629056802663,0.3,282.9643890486592,stop,-285.1977676342594,93747.03124206484
XAUEUR,3,2024-08-28 15:45:00+00:00,2024-08-28 16:15:00+00:00,1.4918711495092927,0.008128850490719743,1,0.4971876731290877,0.3,281.2410937261942,target,419.57547378654806,94166.60671585139
US2000,9,2024-08-28 17:45:00+00:00,2024-08-28 19:15:00+00:00,1.4780292448416585,0.021970755158359414,-1,0.41423263959273277,0.3,282.49982014755386,target,417.5429958405934,94584.14971169199
XAUAUD,3,2024-08-28 15:45:00+00:00,2024-08-28 19:45:00+00:00,0.4633201555708955,0.013494761812744055,1,0.48792114201908393,0.3,281.2410937261942,time,130.3046672981491,94714.45437899014
NZDJPY,1,2024-08-28 08:00:00+00:00,2024-08-29 00:00:00+00:00,-0.025165829527843034,0.03214886975644419,-1,0.5745861282867816,0.3,283.24601715592075,time,-7.128120982186405,94707.32625800795
NZDUSD,7,2024-08-28 10:00:00+00:00,2024-08-29 02:00:00+00:00,0.3999746079510864,0.02662394327732702,1,0.5938211742363678,0.3,283.24601715592075,time,113.2912146656461,94820.61747267359
GBPJPY,2,2024-08-28 17:00:00+00:00,2024-08-29 09:00:00+00:00,-0.018558635218575145,0.02089620973344552,-1,0.4676570068337987,0.3,282.49982014755386,time,-5.242811111431537,94815.37466156216
EURCAD,4,2024-08-29 11:00:00+00:00,2024-08-29 11:00:00+00:00,-1.0609130350708755,0.06091303507085497,1,0.44195090004800264,0.3,284.44612398468615,stop,-301.77260071073994,94513.60206085142
FR40,8,2024-08-29 11:00:00+00:00,2024-08-29 12:00:00+00:00,-1.0725825520550967,0.07258255205509577,-1,0.5444507219911832,0.3,283.5408061825539,stop,-304.1209215070432,94209.48113934438
NZDCNH,7,2024-08-29 15:15:00+00:00,2024-08-29 16:15:00+00:00,-1.1888860212754708,0.1888860212754547,1,0.3786242793866436,0.3,282.6284434180328,stop,-336.01300559454455,93873.46813374983
SP500,9,2024-08-29 15:45:00+00:00,2024-08-29 16:45:00+00:00,-1.0423231158708461,0.042323115870844454,-1,0.3946386347513722,0.3,282.6284434180328,stop,-294.5901597772111,93578.87797397263
XAUAUD,3,2024-08-29 16:00:00+00:00,2024-08-29 16:45:00+00:00,1.4792264323746314,0.020773567625372306,1,0.4351523652347433,0.3,282.6284434180328,target,418.07146404485206,93996.94943801747
XAGUSD,3,2024-08-29 16:45:00+00:00,2024-08-29 17:45:00+00:00,1.3830676705977072,0.1169323294022984,1,0.3164314671682086,0.3,281.9908483140521,target,390.0124257075874,94386.96186372507
DJ30,9,2024-08-29 17:00:00+00:00,2024-08-29 18:15:00+00:00,1.490790071084616,0.009209928915393578,1,0.3978295216037869,0.3,281.9908483140521,target,420.3891568033169,94807.35102052838
US2000,9,2024-08-29 17:00:00+00:00,2024-08-29 19:00:00+00:00,1.4830842929371546,0.016915707062828175,1,0.41822486445721924,0.3,281.9908483140521,target,418.21619788659433,95225.56721841497
JP225,11,2024-08-29 16:45:00+00:00,2024-08-29 19:00:00+00:00,-1.0564760434765974,0.056476043476586545,-1,0.4725278138590283,0.3,281.9908483140521,stop,-297.91657572343905,94927.65064269154
FR40,8,2024-08-30 09:00:00+00:00,2024-08-30 10:00:00+00:00,-1.141829023476446,0.1418290234764486,-1,0.3725866079151619,0.3,284.78295192807417,stop,-325.1734399027726,94602.47720278877
GER40,8,2024-08-30 09:00:00+00:00,2024-08-30 10:15:00+00:00,-1.0349728032463794,0.03497280324631827,-1,0.3702773137759023,0.3,284.78295192807417,stop,-294.7426100737778,94307.73459271499
NZDCNH,7,2024-08-30 10:00:00+00:00,2024-08-30 14:00:00+00:00,-0.2878596736836599,0.11807338535076535,1,0.5157527347387921,0.3,283.80743160836585,time,-81.69671465178182,94226.0378780632
XAUSGD,3,2024-08-30 17:15:00+00:00,2024-08-30 17:30:00+00:00,-1.0276023443642146,0.027602344364225886,1,0.4654613914958567,0.3,282.6781136341892,stop,-290.48069227094663,93935.55718579226
AU200,10,2024-08-30 14:15:00+00:00,2024-08-30 17:30:00+00:00,1.405984167278115,0.09401583272190876,-1,0.4150189147509593,0.3,282.6781136341892,target,397.44095220571387,94332.99813799797
XAUEUR,3,2024-08-30 17:15:00+00:00,2024-08-30 17:30:00+00:00,-1.013993563245749,0.013993563245743065,1,0.4811737269293193,0.3,282.6781136341892,stop,-286.63378769551827,94046.36435030245
GER40,8,2024-08-30 14:15:00+00:00,2024-08-30 18:15:00+00:00,1.0591742336233878,0.020238998094714414,-1,0.4998318674229047,0.3,282.6781136341892,time,299.40537437059726,94345.76972467305
XAUGBP,3,2024-08-30 17:45:00+00:00,2024-08-30 20:00:00+00:00,-0.7016743606239554,0.013456768559911184,1,0.5440152385159358,0.3,282.1390930509069,weekend,-197.96976772351778,94147.79995694953
NAS100,9,2024-09-02 16:30:00+00:00,2024-09-02 17:30:00+00:00,-1.0366400766854726,0.036640076685463395,-1,0.30422889984984847,0.3,282.44339987084817,stop,-292.79214770142164,93855.00780924811
CHFSGD,19,2024-09-02 17:30:00+00:00,2024-09-02 21:30:00+00:00,0.3866886290916885,0.1669435343823663,1,0.4696097815818259,0.3,281.5650234277439,time,108.87799290944344,93963.88580215756
GER40,8,2024-09-02 18:00:00+00:00,2024-09-02 22:00:00+00:00,-0.3918061622798738,0.01775556626646032,-1,0.3521805394196722,0.3,281.5650234277439,time,-110.3189112614671,93853.5668908961
EURGBP,20,2024-09-02 12:00:00+00:00,2024-09-03 04:00:00+00:00,0.3041428204116107,0.05745690492903809,-1,0.34003418734469165,0.3,282.44339987084817,time,85.90313224336413,93939.47002313945
NZDJPY,1,2024-09-02 17:00:00+00:00,2024-09-03 06:00:00+00:00,1.4720646985741461,0.027935301425859538,-1,0.5276725084471567,0.3,282.44339987084817,target,415.77495829513714,94355.24498143459
GBPCHF,14,2024-09-02 18:00:00+00:00,2024-09-03 10:00:00+00:00,-0.16429116529871993,0.0330387934654757,-1,0.4184895779894029,0.3,281.5650234277439,time,-46.25864580630542,94308.98633562829
GER40,8,2024-09-03 08:30:00+00:00,2024-09-03 10:00:00+00:00,-1.2094144580721715,0.2094144580721681,-1,0.41933808852991333,0.3,283.06573494430336,stop,-342.3437924264656,93966.64254320181
SP500,9,2024-09-03 09:30:00+00:00,2024-09-03 10:30:00+00:00,1.453974962758657,0.0460250372413116,1,0.522394517211653,0.3,283.06573494430336,target,411.5704914238953,94378.21303462572
XAUEUR,3,2024-09-03 10:45:00+00:00,2024-09-03 11:15:00+00:00,-1.0230961270152525,0.0230961270152668,-1,0.4663574526352738,0.3,283.1346391038767,stop,-289.6739526910375,94088.53908193468
XAUSGD,3,2024-09-03 10:45:00+00:00,2024-09-03 11:30:00+00:00,-1.065695389881262,0.06569538988125762,-1,0.49050902121741036,0.3,283.1346391038767,stop,-301.73527960869626,93786.80380232599
DJ30,9,2024-09-03 09:30:00+00:00,2024-09-03 11:30:00+00:00,-1.0658099352204675,0.06580993522046096,1,0.5416559312888934,0.3,283.06573494430336,stop,-301.694272624122,93485.10952970186
AUDCHF,12,2024-09-03 10:00:00+00:00,2024-09-03 16:00:00+00:00,-1.0252210163849738,0.02522101638498573,1,0.5146371061083946,0.3,281.89992762960503,stop,-289.0097303232742,93196.09979937859
XAGEUR,3,2024-09-03 15:00:00+00:00,2024-09-03 16:30:00+00:00,-1.0282423213546428,0.028242321354639492,1,0.5283484296227515,0.3,280.4553285891051,stop,-288.37603810474053,92907.72376127384
XAUSGD,3,2024-09-03 15:00:00+00:00,2024-09-03 16:30:00+00:00,-1.046414699955155,0.046414699955136376,1,0.5538724325116948,0.3,280.4553285891051,stop,-293.4725785163928,92614.25118275745
AUDCAD,7,2024-09-03 08:00:00+00:00,2024-09-03 20:00:00+00:00,-1.0508385290087563,0.05083852900876501,1,0.5437513971872067,0.3,283.06573494430336,stop,-297.45638052165424,92316.7948022358
XAGSGD,3,2024-09-04 09:45:00+00:00,2024-09-04 11:45:00+00:00,-1.0680481463346734,0.06804814633467993,1,0.5027678683488462,0.3,276.95038440670686,stop,-295.7963446922585,92020.99845754354
XAGUSD,3,2024-09-04 09:45:00+00:00,2024-09-04 13:45:00+00:00,1.0074117115428476,0.032037828282282,1,0.5015633161560467,0.3,276.95038440670686,time,279.0030607676101,92300.00151831115
CNHJPY,2,2024-09-04 10:15:00+00:00,2024-09-04 14:15:00+00:00,-0.5814436017134297,0.1291849116781721,1,0.43092671307832525,0.3,276.95038440670686,time,-161.0310290053545,92138.9704893058
XAGEUR,3,2024-09-04 14:00:00+00:00,2024-09-04 15:30:00+00:00,-1.0848232426872773,0.08482324268728526,-1,0.3410396400992132,0.3,276.900004554933,stop,-300.38756084140425,91838.58292846438
AUDCAD,7,2024-09-04 12:00:00+00:00,2024-09-04 16:00:00+00:00,-1.0457238179830177,0.04572381798300513,-1,0.45130501953613233,0.3,276.06299537263016,stop,-288.685649524895,91549.89727893949
NZDCNH,7,2024-09-04 13:00:00+00:00,2024-09-04 16:45:00+00:00,-1.217662465785091,0.21766246578505155,-1,0.35679937296906256,0.3,276.06299537263016,stop,-336.151547657455,91213.74573128203
XAGUSD,3,2024-09-04 14:00:00+00:00,2024-09-04 17:00:00+00:00,-1.075559239419109,0.07555923941911019,-1,0.3308075566190863,0.3,276.900004554933,stop,-297.8223582942515,90915.92337298779
EURJPY,2,2024-09-04 11:00:00+00:00,2024-09-04 20:00:00+00:00,-1.0201420006223538,0.020142000622365076,1,0.48901484509916826,0.3,276.95038440670686,stop,-282.52871922178787,90633.394653766
GER40,8,2024-09-04 17:15:00+00:00,2024-09-04 21:15:00+00:00,-0.44589656328790545,0.00909992986301848,1,0.3844341958500606,0.3,272.7477701189629,time,-121.61729334048522,90511.77736042552
US2000,9,2024-09-04 17:15:00+00:00,2024-09-04 21:15:00+00:00,-0.07018792931135348,0.01619721445646493,1,0.39906654456310986,0.3,272.7477701189629,time,-19.143601208939057,90492.63375921658
GBPAUD,16,2024-09-04 15:00:00+00:00,2024-09-05 07:00:00+00:00,0.33797000206054406,0.033852398757249415,1,0.4117910484245535,0.3,276.4169114679169,time,93.4206241383811,90586.05438335496
EURNZD,15,2024-09-04 18:00:00+00:00,2024-09-05 10:00:00+00:00,0.31802490701882824,0.035504252513536304,1,0.42281279869721394,0.3,272.7477701189629,time,86.74058423167591,90672.79496758664
GBPNZD,16,2024-09-04 18:00:00+00:00,2024-09-05 10:00:00+00:00,0.1643357578991544,0.03631668817170751,1,0.37125758219945376,0.3,272.7477701189629,time,44.8222115178041,90717.61717910443
NAS100,9,2024-09-05 08:15:00+00:00,2024-09-05 12:15:00+00:00,-0.01556838266700035,0.01556838266700035,1,0.40107685415586153,0.3,271.7581631500644,time,-4.230835076801315,90713.38634402763
CHFSGD,19,2024-09-05 15:30:00+00:00,2024-09-05 19:30:00+00:00,-0.19208833002123493,0.10889012101173941,-1,0.5736499652783894,0.3,272.1401590320824,time,-52.27494868018601,90661.11139534746
USDCAD,17,2024-09-05 11:00:00+00:00,2024-09-06 03:00:00+00:00,0.4483103226738754,0.054997753868944885,-1,0.4046750526115113,0.3,272.1528515373128,time,122.00893268930801,90783.12032803676
GBPUSD,6,2024-09-05 11:00:00+00:00,2024-09-06 03:00:00+00:00,1.0297273006265297,0.03783625525972618,1,0.45022877561413144,0.3,272.1528515373128,time,280.2432211713298,91063.3635492081
EURAUD,15,2024-09-05 16:00:00+00:00,2024-09-06 08:00:00+00:00,-1.0396329516631184,0.039632951663100824,-1,0.41031169297754183,0.3,272.1401590320824,stop,-282.92587680059427,90780.4376724075
EURGBP,20,2024-09-05 16:00:00+00:00,2024-09-06 08:00:00+00:00,-0.5960565783895989,0.06248118689321004,-1,0.3787301312602321,0.3,272.1401590320824,time,-162.21093203506433,90618.22674037243
GBPCAD,5,2024-09-05 16:00:00+00:00,2024-09-06 08:00:00+00:00,-0.16204191448054014,0.060029116868997826,-1,0.37002477715937715,0.3,272.1401590320824,time,-44.09811237659729,90574.12862799583
AUDCHF,12,2024-09-05 17:00:00+00:00,2024-09-06 08:00:00+00:00,1.4793120678379004,0.020687932162105526,-1,0.375826528722549,0.3,272.1401590320824,target,402.5802213994849,90976.70884939532
CNHJPY,2,2024-09-06 07:15:00+00:00,2024-09-06 08:15:00+00:00,-1.2646387504874608,0.2646387504874402,1,0.37077263152153805,0.3,273.1900906476238,stop,-345.4867748821671,90631.22207451315
GER40,8,2024-09-06 09:45:00+00:00,2024-09-06 10:00:00+00:00,-1.0194294241848598,0.019429424184890565,1,0.4499355776851541,0.3,271.89366622353896,stop,-277.1764035977728,90354.04567091538
XAUSGD,3,2024-09-06 08:45:00+00:00,2024-09-06 12:45:00+00:00,0.16871748815779938,0.10917013939625687,-1,0.44745837036693414,0.3,271.89366622353896,time,45.873216411250596,90399.91888732662
XAGEUR,3,2024-09-06 09:30:00+00:00,2024-09-06 13:30:00+00:00,-0.06272883373841374,0.06272883373841374,-1,0.4393798638540967,0.3,271.89366622353896,time,-17.055572583064137,90382.86331474356
AU200,10,2024-09-06 10:30:00+00:00,2024-09-06 14:30:00+00:00,-0.38919872195891797,0.06654693173390826,1,0.5061025807809658,0.3,271.06213701274567,time,-105.49703729681373,90277.36627744675
GBPCHF,14,2024-09-06 11:00:00+00:00,2024-09-06 15:00:00+00:00,1.470089277855585,0.029910722144395552,1,0.4304837564329022,0.3,271.06213701274567,target,398.4855412550589,90675.8518187018
XAUEUR,3,2024-09-06 14:30:00+00:00,2024-09-06 15:30:00+00:00,1.4889501963614262,0.011049803638535133,-1,0.3463712368620809,0.3,270.83209883233974,target,403.25550673738945,91079.1073254392
XAGSGD,3,2024-09-06 14:30:00+00:00,2024-09-06 15:30:00+00:00,-1.0658315831261538,0.06583158312613531,-1,0.4289191620923229,0.3,270.83209883233974,stop,-288.6614046598516,90790.44592077934
FR40,8,2024-09-06 15:45:00+00:00,2024-09-06 16:30:00+00:00,-1.0472133090111688,0.0472133090111689,-1,0.39564867668580356,0.3,272.37133776233753,stop,-285.2308898978962,90505.21503088145
XAUSGD,3,2024-09-06 15:45:00+00:00,2024-09-06 17:30:00+00:00,-1.02752388382337,0.027523883823376276,1,0.5216476713726476,0.3,272.37133776233753,stop,-279.86805481972397,90225.34697606173
AUDCAD,7,2024-09-06 16:00:00+00:00,2024-09-06 18:00:00+00:00,-1.0318063996163676,0.03180639961636941,1,0.4146260577059189,0.3,272.37133776233753,stop,-281.03448937525104,89944.31248668647
XAUEUR,3,2024-09-06 17:45:00+00:00,2024-09-06 19:15:00+00:00,-1.003684822796345,0.0036848227963472307,1,0.5274681848852936,0.3,270.67604092818465,stop,-271.67343417422126,89672.63905251226
EURCHF,13,2024-09-06 11:00:00+00:00,2024-09-06 20:00:00+00:00,-0.5806299055635313,0.046823350375511164,1,0.44193460670825385,0.3,271.06213701274567,weekend,-157.3867830155595,89515.25226949669
GBPCAD,5,2024-09-06 16:00:00+00:00,2024-09-06 20:00:00+00:00,-0.37655695788021,0.02954038945322395,1,0.5956815562446578,0.3,272.37133776233753,weekend,-102.56332236154898,89412.68894713515
EURCAD,4,2024-09-06 16:00:00+00:00,2024-09-06 20:00:00+00:00,0.2273930310972204,0.025282805460734952,1,0.5036848044230496,0.3,272.37133776233753,weekend,61.93534407778274,89474.62429121292
XAUEUR,3,2024-09-09 10:45:00+00:00,2024-09-09 13:00:00+00:00,-1.011667137892995,0.011667137893013501,-1,0.5489357172977348,0.3,268.42387287363823,stop,-271.5556112122267,89203.0686800007
XAGUSD,3,2024-09-09 11:15:00+00:00,2024-09-09 15:15:00+00:00,-0.6156940628944567,0.02261733292265378,-1,0.45896752071000896,0.3,268.42387287363823,time,-165.26698486743547,89037.80169513327
DJ30,9,2024-09-09 16:30:00+00:00,2024-09-09 16:30:00+00:00,1.4849090902597835,0.01509090974020018,-1,0.3058430522942351,0.3,267.1134050853992,target,396.63912334155316,89434.44081847482
US2000,9,2024-09-09 16:45:00+00:00,2024-09-09 20:45:00+00:00,0.23687954985344684,0.02259981571040025,1,0.3966171170468608,0.3,268.3033224554239,time,63.555570247425,89497.99638872224
EURNZD,15,2024-09-09 11:00:00+00:00,2024-09-10 03:00:00+00:00,-0.19512615703183536,0.03913224959396833,-1,0.5334685200605814,0.3,268.42387287363823,time,-52.376518769434945,89445.6198699528
USDCAD,17,2024-09-09 11:00:00+00:00,2024-09-10 03:00:00+00:00,-0.2185246537641003,0.0430024841467735,-1,0.5538348525354677,0.3,268.42387287363823,time,-58.65723388173067,89386.96263607107
GBPAUD,16,2024-09-09 18:00:00+00:00,2024-09-10 10:00:00+00:00,-0.08302927484701315,0.03875751117522649,1,0.5938623680048202,0.3,268.3033224554239,time,-22.277030302518185,89364.68560576855
EURAUD,15,2024-09-09 18:00:00+00:00,2024-09-10 10:00:00+00:00,-0.45577190562307546,0.030461928110144098,1,0.5957748555091164,0.3,268.3033224554239,time,-122.28511656051104,89242.40048920804
XAGEUR,3,2024-09-10 08:45:00+00:00,2024-09-10 10:30:00+00:00,1.464184450601897,0.03581554939809376,1,0.42585109316266906,0.3,268.16088790821266,target,392.63700233480324,89635.03749154284
XAGSGD,3,2024-09-10 08:45:00+00:00,2024-09-10 10:30:00+00:00,1.4580499467050134,0.04195005329496288,1,0.45402290468484346,0.3,268.16088790821266,target,390.99196832293853,90026.02945986578
EURCHF,13,2024-09-10 10:00:00+00:00,2024-09-10 12:00:00+00:00,-1.0598891588252028,0.059889158825198664,1,0.49073988524772344,0.3,267.72720146762356,stop,-283.76115835814517,89742.26830150763
XAUUSD,3,2024-09-10 10:45:00+00:00,2024-09-10 14:45:00+00:00,0.14875275159387452,0.01833938033349869,-1,0.44141209921082036,0.3,270.07808837959675,time,40.174858791678645,89782.44316029931
XAUSGD,3,2024-09-10 13:30:00+00:00,2024-09-10 15:45:00+00:00,-1.074652360617967,0.07465236061797988,-1,0.39848175700291827,0.3,269.22680490452234,stop,-289.3252214322778,89493.11793886704
USDCAD,17,2024-09-10 13:00:00+00:00,2024-09-10 16:00:00+00:00,-1.0642122483578325,0.0642122483578702,-1,0.38598268753376325,0.3,269.22680490452234,stop,-286.51446336563725,89206.6034755014
US2000,9,2024-09-10 12:30:00+00:00,2024-09-10 16:30:00+00:00,0.32066299152444205,0.03562922128049623,1,0.5033923032606772,0.3,269.22680490452234,time,86.33107265925146,89292.93454816066
AUDCHF,12,2024-09-10 13:00:00+00:00,2024-09-10 17:00:00+00:00,-1.0260005025444794,0.026000502544458744,1,0.38801407510217545,0.3,269.22680490452234,stop,-276.22683713048445,89016.70771103018
CNHJPY,2,2024-09-10 17:30:00+00:00,2024-09-10 18:45:00+00:00,-1.1772459892463258,0.17724598924634657,1,0.5141614109870397,0.3,267.0501231330899,stop,-314.3836863861676,88702.324024644
EURNZD,15,2024-09-10 10:00:00+00:00,2024-09-11 02:00:00+00:00,-0.6048858257716642,0.04768993071049946,1,0.5470979641441774,0.3,267.72720146762356,time,-161.94438934128019,88540.37963530273
EURGBP,20,2024-09-10 11:00:00+00:00,2024-09-11 03:00:00+00:00,-0.22214134887602288,0.06399474294015736,1,0.4260759955603872,0.3,270.07808837959675,time,-59.99551085450134,88480.38412444822
CHFSGD,19,2024-09-11 06:30:00+00:00,2024-09-11 07:30:00+00:00,-1.2512632371115717,0.2512632371115242,-1,0.5033210138742917,0.3,265.4411523733441,stop,-332.1367555812965,88148.24736886693
AUDUSD,7,2024-09-10 18:00:00+00:00,2024-09-11 10:00:00+00:00,0.5121860279772602,0.029620894030096167,1,0.4587967154551715,0.3,267.0501231330899,time,136.7793418383756,88285.0267107053
FR40,8,2024-09-11 09:45:00+00:00,2024-09-11 10:00:00+00:00,-1.0852004121883898,0.0852004121883817,-1,0.3672642640427976,0.3,264.44474210660024,stop,-286.975543135135,87998.05116757017
XAUCNH,3,2024-09-11 15:00:00+00:00,2024-09-11 15:30:00+00:00,1.4440795994223903,0.055920400577609296,-1,0.4107401778516138,0.3,263.99415350271,target,381.22857144004644,88379.2797390102
SP500,9,2024-09-11 16:30:00+00:00,2024-09-11 16:30:00+00:00,1.4792690950649174,0.02073090493510662,-1,0.36408881265198634,0.3,265.13783921703015,target,392.21021148604376,88771.48995049625
XAUEUR,3,2024-09-11 15:45:00+00:00,2024-09-11 19:45:00+00:00,-1.0047175301187643,0.004717530118781937,-1,0.5781970325836567,0.3,265.13783921703015,stop,-266.3886349591606,88505.10131553709
XAUAUD,3,2024-09-11 15:45:00+00:00,2024-09-11 19:45:00+00:00,-0.3708267635720735,0.007439077931840628,-1,0.5946330801941334,0.3,265.13783921703015,time,-98.32020681734407,88406.78110871975
USDCAD,17,2024-09-11 18:00:00+00:00,2024-09-11 20:00:00+00:00,1.4531336822687382,0.046866317731253784,-1,0.5506640553761423,0.3,266.3144698514883,target,386.99052621674,88793.7716349365
AUDCHF,12,2024-09-11 17:00:00+00:00,2024-09-11 20:00:00+00:00,-1.0173096239666586,0.017309623966658763,-1,0.3959431776152589,0.3,266.3144698514883,stop,-270.9242731814976,88522.84736175499
EURCHF,13,2024-09-11 17:00:00+00:00,2024-09-11 22:00:00+00:00,-1.0615319785147574,0.061531978514757515,-1,0.371094406495798,0.3,266.3144698514883,stop,-282.7013260885591,88240.14603566643
AUDUSD,7,2024-09-12 11:15:00+00:00,2024-09-12 15:15:00+00:00,0.14332506705778833,0.030687275477317987,1,0.36932169832946843,0.3,264.7204381069988,time,37.94107454325271,88278.08711020969
AUDCAD,7,2024-09-12 11:15:00+00:00,2024-09-12 15:15:00+00:00,0.46963075800865606,0.047515484404861114,1,0.38445633724341244,0.3,264.7204381069988,time,124.32086000857338,88402.40797021825
XAUUSD,3,2024-09-12 15:30:00+00:00,2024-09-12 15:30:00+00:00,-1.019617404149529,0.019617404149505902,-1,0.38076672391136973,0.3,265.2072239106543,stop,-270.40990120548423,88131.99806901277
XAUCNH,3,2024-09-12 15:30:00+00:00,2024-09-12 15:30:00+00:00,-1.074774055916439,0.0747740559164126,-1,0.43046503542663345,0.3,264.39599420703786,stop,-284.1659550619574,87847.83211395082
XAUGBP,3,2024-09-12 15:30:00+00:00,2024-09-12 15:30:00+00:00,-1.018873548776246,0.01887354877624179,-1,0.4449190972269465,0.3,263.543496341852,stop,-268.5174973747223,87579.3146165761
XAUSGD,3,2024-09-12 15:30:00+00:00,2024-09-12 15:30:00+00:00,-1.0718696048537852,0.07186960485377562,-1,0.4180995811750192,0.3,262.73794384972786,stop,-281.6208160543038,87297.69380052178
NAS100,9,2024-09-12 16:45:00+00:00,2024-09-12 16:45:00+00:00,-1.0180072147640336,0.018007214764010435,1,0.472491868320047,0.3,261.893081401565,stop,-266.6090463635775,87031.08475415822
US2000,9,2024-09-12 16:45:00+00:00,2024-09-12 17:30:00+00:00,-1.0292397074410278,0.029239707441027805,-1,0.4588281710565605,0.3,261.0932542624742,stop,-268.72754463193485,86762.35720952628
GER40,8,2024-09-12 18:00:00+00:00,2024-09-12 22:00:00+00:00,-0.6971116326605579,0.006994431096928675,-1,0.5399813514328268,0.3,260.28707162857836,time,-181.44914546343384,86580.90806406284
XAUUSD,3,2024-09-13 06:45:00+00:00,2024-09-13 10:45:00+00:00,-0.5006070597990152,0.013529920535109406,-1,0.4473386594121959,0.3,259.74272419218806,time,-130.0290414620378,86450.8790226008
XAUEUR,3,2024-09-13 06:45:00+00:00,2024-09-13 10:45:00+00:00,-0.33922075272655233,0.04540750233347334,-1,0.4117715293030964,0.3,259.74272419218806,time,-88.1101224157193,86362.76890018508
GBPAUD,16,2024-09-13 08:45:00+00:00,2024-09-13 11:00:00+00:00,-1.1225517815001442,0.12255178150014047,-1,0.43811309574986934,0.3,259.74272419218806,stop,-291.5746577736413,86071.19424241144
EURJPY,2,2024-09-13 07:45:00+00:00,2024-09-13 11:15:00+00:00,-1.0438790227157206,0.043879022715749734,1,0.4493344706401146,0.3,259.74272419218806,stop,-271.13998108726025,85800.05426132419
NZDJPY,1,2024-09-13 07:45:00+00:00,2024-09-13 11:15:00+00:00,-1.0603888833089257,0.0603888833089365,1,0.4244862292972879,0.3,259.74272419218806,stop,-275.4282972537726,85524.62596407041
CNHJPY,2,2024-09-13 07:45:00+00:00,2024-09-13 11:45:00+00:00,-0.04412910118524766,0.1365661999150663,1,0.34515873332654384,0.3,259.74272419218806,time,-11.462212958008942,85513.1637511124
CHFSGD,19,2024-09-13 13:45:00+00:00,2024-09-13 14:30:00+00:00,-1.2139128922483502,0.21391289224833154,-1,0.4064346650730999,0.3,256.53949125333673,stop,-311.41659580325836,85201.74715530915
GBPNZD,16,2024-09-13 17:00:00+00:00,2024-09-13 17:30:00+00:00,-1.0800740372908235,0.08007403729079147,-1,0.41169150950489924,0.3,255.60524146592698,stop,-276.07258510279956,84925.67457020635
FR40,8,2024-09-13 17:30:00+00:00,2024-09-13 20:00:00+00:00,0.8872019863586262,0.049086995146891216,-1,0.42412633477261913,0.3,254.7770237106186,weekend,226.03868151459963,85151.71325172094
GBPCAD,5,2024-09-16 09:00:00+00:00,2024-09-16 09:15:00+00:00,-1.1867084998568473,0.18670849985676397,-1,0.5052569592060218,0.3,255.4551397551624,stop,-303.15078567957005,84848.56246604137
XAUUSD,3,2024-09-16 06:15:00+00:00,2024-09-16 09:45:00+00:00,-1.0222771747218484,0.02227717472188403,-1,0.5467316416720052,0.3,255.4551397551624,stop,-261.1459585370824,84587.41650750428
CHFJPY,2,2024-09-16 09:00:00+00:00,2024-09-16 09:45:00+00:00,-1.0663341752147333,0.06633417521470357,1,0.5662977010280823,0.3,255.4551397551624,stop,-272.40054575518553,84315.0159617491
XAUEUR,3,2024-09-16 06:15:00+00:00,2024-09-16 10:15:00+00:00,1.4783411979924646,0.02165880200757926,-1,0.517048020358863,0.3,255.4551397551624,target,377.64985733897925,84692.66581908808
EURAUD,15,2024-09-16 06:45:00+00:00,2024-09-16 10:45:00+00:00,0.5697797948418405,0.08099900700382837,1,0.5538255283999582,0.3,255.4551397551624,time,145.5531771209901,84838.21899620908
XAUCNH,3,2024-09-16 11:45:00+00:00,2024-09-16 13:45:00+00:00,1.4606129212804604,0.03938707871954776,-1,0.533474851693081,0.3,254.51465698862688,target,371.7473966528527,85209.96639286193
JP225,11,2024-09-16 10:00:00+00:00,2024-09-16 14:00:00+00:00,1.0764801016987784,0.05588783697316359,1,0.5799950100900662,0.3,252.94504788524694,time,272.290310871713,85482.25670373364
CHFJPY,2,2024-09-16 15:15:00+00:00,2024-09-16 16:00:00+00:00,1.4391948900933402,0.06080510990663735,1,0.43093167294862683,0.3,256.4467701112006,target,369.0768811249814,85851.33358485863
XAUCNH,3,2024-09-16 14:00:00+00:00,2024-09-16 18:00:00+00:00,0.41164509878080024,0.05218876524025644,1,0.6099764140818699,0.3,256.4467701112006,time,105.56505601444233,85956.89864087306
XAUUSD,3,2024-09-16 14:00:00+00:00,2024-09-16 18:00:00+00:00,0.19116258504759995,0.013133307369686088,1,0.6240130301741406,0.3,256.4467701112006,time,49.02302750156469,86005.92166837463
EURCAD,4,2024-09-17 09:15:00+00:00,2024-09-17 09:45:00+00:00,1.333827233707526,0.16617276629234717,-1,0.4374903294897911,0.3,258.0177650051235,target,344.15112174418243,86350.07279011881
GBPNZD,16,2024-09-17 09:15:00+00:00,2024-09-17 10:00:00+00:00,1.4094101558357903,0.09058984416415933,-1,0.4887989404129111,0.3,258.0177650051235,target,363.6528583842735,86713.72564850308
XAUEUR,3,2024-09-17 06:30:00+00:00,2024-09-17 10:00:00+00:00,1.4485629990304658,0.05143700096948817,1,0.5057294065070809,0.3,258.0177650051235,target,373.7549874789597,87087.48063598205
NAS100,9,2024-09-17 09:45:00+00:00,2024-09-17 10:15:00+00:00,-1.0394054613295318,0.03940546132956021,-1,0.34695206735792455,0.3,259.0502183703561,stop,-269.25821173275597,86818.22242424928
XAUGBP,3,2024-09-17 06:30:00+00:00,2024-09-17 10:30:00+00:00,0.6654066923108485,0.06939824398333873,1,0.48762421988225174,0.3,258.0177650051235,time,171.68674756949704,86989.90917181878
NZDCNH,7,2024-09-17 10:00:00+00:00,2024-09-17 11:30:00+00:00,-1.2252679222533769,0.22526792225334305,-1,0.4858210529859266,0.3,261.2624419079458,stop,-320.11648935939235,86669.79268245939
XAUUSD,3,2024-09-17 10:00:00+00:00,2024-09-17 12:15:00+00:00,1.4868445532700405,0.013155446729936314,-1,0.5262101113314256,0.3,261.2624419079458,target,388.4566387248596,87058.24932118425
XAUCNH,3,2024-09-17 12:30:00+00:00,2024-09-17 13:30:00+00:00,-1.0798812492801542,0.07988124928012158,1,0.5508921616685127,0.3,261.1747479635524,stop,-282.0377131113104,86776.21160807295
EURAUD,15,2024-09-17 10:15:00+00:00,2024-09-17 14:15:00+00:00,0.9539215045521537,0.07383603750848859,1,0.5438339538379141,0.3,260.45466727274754,time,248.45330807244994,87024.6649161454
NAS100,9,2024-09-17 13:00:00+00:00,2024-09-17 15:30:00+00:00,-1.0350174162814325,0.035017416281390226,-1,0.4137440050543468,0.3,261.1747479635524,stop,-270.3204128351903,86754.3445033102
CADJPY,2,2024-09-17 15:45:00+00:00,2024-09-17 16:45:00+00:00,1.443786888740704,0.05621311125929603,1,0.35371283721803765,0.3,260.26303350993027,target,375.7643554055198,87130.10885871571
EURGBP,20,2024-09-17 16:15:00+00:00,2024-09-17 17:45:00+00:00,1.3976565576040947,0.10234344239597219,1,0.39287477069958143,0.3,260.26303350993027,target,363.7583354870883,87493.86719420282
NAS100,9,2024-09-17 15:45:00+00:00,2024-09-17 17:45:00+00:00,-1.0285699795131527,0.028569979513137535,-1,0.4204171601809945,0.3,260.26303350993027,stop,-267.69874304533994,87226.16845115747
AUDCAD,7,2024-09-17 15:45:00+00:00,2024-09-17 19:45:00+00:00,0.17573855512268502,0.08720984054906179,-1,0.6155182966904253,0.3,260.26303350993027,time,45.7382494608821,87271.90670061835
CHFJPY,2,2024-09-18 11:30:00+00:00,2024-09-18 15:30:00+00:00,-0.09197270460610214,0.05325793927470063,-1,0.47677454265285774,0.3,261.8157201018547,time,-24.0798998861618,87247.82680073219
GBPCHF,14,2024-09-18 14:45:00+00:00,2024-09-18 15:45:00+00:00,-1.0795277295088253,0.07952772950884349,-1,0.3554623356737205,0.3,261.8157201018547,stop,-282.6373298712733,86965.18947086092
US2000,9,2024-09-18 17:00:00+00:00,2024-09-18 21:00:00+00:00,-1.0397282666912346,0.039728266691234616,-1,0.45228666513047194,0.3,260.8955684125824,stop,-271.2604971330387,86693.92897372787
NZDCNH,7,2024-09-18 17:45:00+00:00,2024-09-18 21:00:00+00:00,1.356854518471797,0.1431454815282197,1,0.5036170218885941,0.3,260.8955684125824,target,353.9973308498803,87047.92630457776
XAUAUD,3,2024-09-19 07:30:00+00:00,2024-09-19 11:30:00+00:00,0.4358846178820551,0.04144703181128988,1,0.48960995344075187,0.3,261.14377891373294,time,113.82855628408836,87161.75486086185
EURGBP,20,2024-09-19 09:30:00+00:00,2024-09-19 11:30:00+00:00,1.3911790349960635,0.10882096500395456,1,0.3263193324539391,0.3,261.14377891373294,target,363.29775034443236,87525.05261120628
NZDJPY,1,2024-09-19 11:30:00+00:00,2024-09-19 13:00:00+00:00,-1.02080172308655,0.020801723086559958,-1,0.4383093694088032,0.3,262.57515783361845,stop,-268.03717355628055,87257.01543765
EURGBP,20,2024-09-19 14:00:00+00:00,2024-09-19 14:00:00+00:00,1.418424583030369,0.08157541696965247,-1,0.31476061675560146,0.3,261.77104631294964,target,371.302487215869,87628.31792486587
XAUUSD,3,2024-09-20 06:15:00+00:00,2024-09-20 09:00:00+00:00,-1.02437241053806,0.02437241053807511,-1,0.36539690330992886,0.3,262.88495377459725,stop,-269.2920937922707,87359.0258310736
XAUCNH,3,2024-09-20 06:45:00+00:00,2024-09-20 09:45:00+00:00,1.424753880075407,0.07524611992458248,1,0.5086080427551926,0.3,262.88495377459725,target,374.54635790380144,87733.5721889774
AUDCHF,12,2024-09-20 06:30:00+00:00,2024-09-20 10:30:00+00:00,0.04763741674008014,0.126887063404464,-1,0.35428344415811774,0.3,262.88495377459725,time,12.523160097657192,87746.09534907505
EURAUD,15,2024-09-20 06:30:00+00:00,2024-09-20 10:30:00+00:00,0.7159155033961815,0.06565155023478453,1,0.3729224686625002,0.3,262.88495377459725,time,188.20341401682268,87934.29876309188
AUDJPY,1,2024-09-20 11:15:00+00:00,2024-09-20 14:00:00+00:00,-1.0308445205858798,0.03084452058587264,-1,0.48582565366474967,0.3,263.8028962892753,stop,-271.93977015448456,87662.3589929374
DJ30,9,2024-09-20 10:15:00+00:00,2024-09-20 14:15:00+00:00,-0.17052711471917148,0.03935241108903958,1,0.32856014393690575,0.3,263.2007165669318,time,-44.882858788177316,87617.47613414923
DJ30,9,2024-09-23 06:30:00+00:00,2024-09-23 10:00:00+00:00,1.4722179091412946,0.027782090858671244,-1,0.43107002399664057,0.3,262.85242840244734,target,386.97605255536286,88004.45218670458
EURGBP,20,2024-09-23 09:45:00+00:00,2024-09-23 10:15:00+00:00,-1.1457032633761177,0.14570326337617276,1,0.39666013308015086,0.3,262.85242840244734,stop,-301.15088500702126,87703.30130169756
NZDCHF,12,2024-09-23 06:45:00+00:00,2024-09-23 10:45:00+00:00,0.6546367999589318,0.16390620398772615,-1,0.4584264167481345,0.3,262.85242840244734,time,172.07287259081235,87875.37417428837
GER40,8,2024-09-23 10:30:00+00:00,2024-09-23 13:15:00+00:00,1.488850682525649,0.011149317474351005,1,0.550790997854301,0.3,263.1099039050923,target,391.7313600083546,88267.10553429673
JP225,11,2024-09-23 10:30:00+00:00,2024-09-23 14:30:00+00:00,0.27225240236923426,0.04643770073856504,1,0.5205343690521276,0.3,263.1099039050923,time,71.63230342529975,88338.73783772203
AU200,10,2024-09-23 10:30:00+00:00,2024-09-23 14:30:00+00:00,-0.11854121184047528,0.0738086790704846,1,0.5660046035947476,0.3,263.1099039050923,time,-31.189366856140644,88307.54847086589
GBPNZD,16,2024-09-23 11:45:00+00:00,2024-09-23 15:45:00+00:00,-0.00833303982768511,0.11184299052008999,1,0.557153854674842,0.3,263.62612252286476,time,-2.1968069786012268,88305.35166388728
GBPCAD,5,2024-09-23 11:45:00+00:00,2024-09-23 15:45:00+00:00,1.0839684700195211,0.06714257518761609,1,0.5207326553907472,0.3,263.62612252286476,time,285.76240468828854,88591.11406857558
XAUSGD,3,2024-09-23 14:45:00+00:00,2024-09-23 16:00:00+00:00,-1.0611951976272702,0.06119519762724929,-1,0.3914970685216374,0.3,264.9226454125973,stop,-281.13463905456047,88309.97942952102
NZDJPY,1,2024-09-23 15:45:00+00:00,2024-09-23 16:45:00+00:00,-1.0622224998885597,0.06222249988853921,-1,0.30070679928011335,0.3,265.7733422057264,stop,-282.31042396150434,88027.66900555951
USDCHF,18,2024-09-23 17:00:00+00:00,2024-09-23 17:30:00+00:00,-1.0539556015940046,0.05395560159400449,1,0.4506124102298017,0.3,264.08300701667815,stop,-278.33176453101674,87749.3372410285
GBPNZD,16,2024-09-23 17:00:00+00:00,2024-09-23 21:00:00+00:00,-0.6050232394199999,0.07391177674587807,1,0.5485804766234926,0.3,264.08300701667815,time,-159.77635638100517,87589.5608846475
XAGSGD,3,2024-09-24 08:45:00+00:00,2024-09-24 08:45:00+00:00,1.4612297773753915,0.03877022262460297,-1,0.5053688438908766,0.3,263.93264860991434,target,385.66624537036256,87975.22713001785
XAGEUR,3,2024-09-24 08:45:00+00:00,2024-09-24 08:45:00+00:00,1.476540689979,0.023459310021000324,-1,0.48745763526093105,0.3,262.7686826539421,target,387.9886519907245,88363.21578200857
GBPCHF,14,2024-09-24 10:00:00+00:00,2024-09-24 11:45:00+00:00,-1.0678560600707723,0.06785606007079831,-1,0.4565997282237655,0.3,265.0896473460254,stop,-283.07758638047716,88080.1381956281
JP225,11,2024-09-24 09:15:00+00:00,2024-09-24 13:15:00+00:00,0.6442732004179714,0.03588416442080438,1,0.5293094174489973,0.3,265.0896473460254,time,170.7901554932952,88250.9283511214
AUDUSD,7,2024-09-24 12:00:00+00:00,2024-09-24 15:00:00+00:00,-1.0307367848734035,0.030736784873395016,-1,0.49316453517693787,0.3,264.24041458688396,stop,-272.3623153649,87978.56603575649
XAGEUR,3,2024-09-24 13:45:00+00:00,2024-09-24 17:45:00+00:00,-1.0712547734471396,0.07125477344714258,-1,0.38516124207666497,0.3,264.7527850533638,stop,-283.6176847718405,87694.94835098466
XAGSGD,3,2024-09-24 13:45:00+00:00,2024-09-24 17:45:00+00:00,-1.085302758657166,0.08530275865717603,-1,0.3901675152532988,0.3,264.7527850533638,stop,-287.3369279805835,87407.61142300407
AUDJPY,1,2024-09-24 16:30:00+00:00,2024-09-24 20:30:00+00:00,0.358326478295256,0.04893812213828526,-1,0.4046653610437092,0.3,263.93569810726916,time,94.57514919917762,87502.18657220325
CHFSGD,19,2024-09-25 09:00:00+00:00,2024-09-25 10:15:00+00:00,1.3150579015594122,0.18494209844058326,-1,0.3754081187954321,0.3,262.50655971660944,target,345.2113255665049,87847.39789776976
NZDJPY,1,2024-09-25 09:00:00+00:00,2024-09-25 11:00:00+00:00,1.4488328916021112,0.0511671083978795,1,0.4862331469344315,0.3,262.50655971660944,target,380.3281379787375,88227.72603574849
GBPCHF,14,2024-09-25 10:45:00+00:00,2024-09-25 11:30:00+00:00,-1.0677190419780018,0.06771904197799127,-1,0.45959820491009573,0.3,263.54219369330895,stop,-281.3890185710008,87946.33701717749
XAUUSD,3,2024-09-25 10:15:00+00:00,2024-09-25 14:15:00+00:00,0.17479569001536474,0.0110786000713982,1,0.486175458117559,0.3,263.54219369330895,time,46.06603959478484,87992.40305677228
USDCAD,17,2024-09-25 15:00:00+00:00,2024-09-25 15:30:00+00:00,-1.1483466711312618,0.1483466711312079,-1,0.28437456803187733,0.3,263.9772091703165,stop,-303.1373494052537,87689.26570736703
GBPAUD,16,2024-09-25 14:15:00+00:00,2024-09-25 15:30:00+00:00,1.453272370249441,0.04672762975057139,1,0.47613883880318825,0.3,263.9772091703165,target,383.6307844627783,88072.8964918298
EURUSD,6,2024-09-25 15:45:00+00:00,2024-09-25 16:00:00+00:00,-1.0647176956474038,0.0647176956473435,-1,0.5515573777055146,0.3,264.21868947548904,stop,-281.31831420531967,87791.57817762448
DJ30,9,2024-09-25 16:45:00+00:00,2024-09-25 18:30:00+00:00,1.4904052194050919,0.009594780594927022,-1,0.5212665566305376,0.3,263.3747345328731,target,392.53507900722457,88184.11325663171
XAUSGD,3,2024-09-26 13:30:00+00:00,2024-09-26 14:00:00+00:00,-1.0735885160801413,0.07358851608012454,-1,0.4464488075077595,0.3,264.5523397698948,stop,-284.0203538790907,87900.09290275261
XAUUSD,3,2024-09-26 13:30:00+00:00,2024-09-26 14:00:00+00:00,-1.0187250654842188,0.018725065484230037,-1,0.5232052888435602,0.3,264.5523397698948,stop,-269.50609965608936,87630.58680309652
NZDCHF,12,2024-09-26 10:45:00+00:00,2024-09-26 14:45:00+00:00,-0.013249013453704134,0.023877672688504416,1,0.5728180301152396,0.3,264.5523397698948,time,-3.505057508820243,87627.08174558771
GBPCHF,14,2024-09-26 10:45:00+00:00,2024-09-26 14:45:00+00:00,-0.3695909982470132,0.026064954762542947,1,0.5566966943129527,0.3,264.5523397698948,time,-97.77616334413842,87529.30558224357
EURUSD,6,2024-09-26 11:15:00+00:00,2024-09-26 14:45:00+00:00,1.4420347120781263,0.057965287921828604,1,0.37767661622751253,0.3,264.5523397698948,target,381.49365710967487,87910.79923935325
EURCAD,4,2024-09-26 11:15:00+00:00,2024-09-26 15:15:00+00:00,1.3893875117151373,0.11061248828486984,1,0.41036764273845144,0.3,264.5523397698948,target,367.56571707131167,88278.36495642456
NAS100,9,2024-09-26 14:45:00+00:00,2024-09-26 16:00:00+00:00,-1.0313856977615838,0.0313856977616033,-1,0.4893134847655,0.3,263.7323977180593,stop,-272.00982304277613,88006.35513338177
USDCAD,17,2024-09-26 15:45:00+00:00,2024-09-26 17:00:00+00:00,-1.0715777086935534,0.07157770869350737,-1,0.3633948118349228,0.3,264.8350948692733,stop,-283.7913841416557,87722.56374924013
GBPCAD,5,2024-09-26 17:30:00+00:00,2024-09-26 18:00:00+00:00,-1.0525157268541685,0.052515726854185096,-1,0.4504384376357112,0.3,263.16769124772,stop,-276.9881338381274,87445.57561540199
AUDCHF,12,2024-09-26 16:15:00+00:00,2024-09-26 20:15:00+00:00,0.22035269958131906,0.06923706807408182,-1,0.42490762238218355,0.3,264.01906540014494,time,58.177313801858766,87503.75292920385
XAUSGD,3,2024-09-26 16:30:00+00:00,2024-09-26 20:30:00+00:00,-0.047756447105632885,0.02046704875956759,1,0.5589105826660703,0.3,264.01906540014494,time,-12.60861253166065,87491.14431667219
XAUGBP,3,2024-09-26 16:30:00+00:00,2024-09-26 20:30:00+00:00,-0.4698037582529047,0.004610942011206299,1,0.5203473802733147,0.3,264.01906540014494,time,-124.03714917540754,87367.10716749678
NZDCNH,7,2024-09-26 17:15:00+00:00,2024-09-26 21:15:00+00:00,0.36253452806067477,0.10565260463146557,1,0.4430059140557748,0.3,263.16769124772,time,95.40737474730953,87462.5145422441
US2000,9,2024-09-26 17:15:00+00:00,2024-09-26 21:15:00+00:00,0.214561248900419,0.01793546043440035,-1,0.4638184515254697,0.3,263.16769124772,time,56.46558850435066,87518.98013074844
CADJPY,2,2024-09-26 17:45:00+00:00,2024-09-26 21:45:00+00:00,0.3812581994995134,0.046761954053511884,-1,0.45880166429822444,0.3,263.16769124772,time,100.33484013154957,87619.31497087999
EURUSD,6,2024-09-26 18:00:00+00:00,2024-09-26 22:00:00+00:00,-0.6299070607966871,0.03132606390918743,-1,0.4639601869873578,0.3,262.3367268462056,time,-165.24775654671672,87454.06721433328
EURAUD,15,2024-09-27 08:45:00+00:00,2024-09-27 09:45:00+00:00,1.4446648831280775,0.05533511687193729,-1,0.3260045544679193,0.3,262.3622016429994,target,379.02545937380887,87833.09267370708
GBPNZD,16,2024-09-27 08:45:00+00:00,2024-09-27 12:00:00+00:00,1.3854279884910055,0.11457201150905334,-1,0.33765984934092713,0.3,262.3622016429994,target,363.48393727833223,88196.57661098542
AU200,10,2024-09-27 10:00:00+00:00,2024-09-27 14:00:00+00:00,-0.028745143803310728,0.0729684419622503,1,0.4981771110078003,0.3,263.49927802112086,time,-7.574324638785673,88189.00228634663
EURGBP,20,2024-09-27 10:15:00+00:00,2024-09-27 14:15:00+00:00,0.8391734840329612,0.10125283457064872,1,0.3693628296776747,0.3,263.49927802112086,time,221.12160717715386,88410.12389352379
USDCHF,18,2024-09-27 10:45:00+00:00,2024-09-27 14:45:00+00:00,-0.5967140706794377,0.03108667232209159,1,0.42073554815427333,0.3,263.49927802112086,time,-157.23372680907593,88252.89016671471
XAGUSD,3,2024-09-27 10:45:00+00:00,2024-09-27 14:45:00+00:00,0.8087925216666795,0.035164892246377186,1,0.533996782140688,0.3,263.49927802112086,time,213.1162455280518,88466.00641224276
NZDCNH,7,2024-09-27 11:30:00+00:00,2024-09-27 15:30:00+00:00,1.3863805802434692,0.11361941975652438,1,0.44616768219999825,0.3,263.49927802112086,target,365.31028195665675,88831.31669419941
AUDUSD,7,2024-09-27 15:00:00+00:00,2024-09-27 15:30:00+00:00,-1.0562633119032814,0.05626331190325583,-1,0.25646364220440526,0.3,265.39801923672786,stop,-280.33019077155694,88550.98650342786
NZDCNH,7,2024-09-27 15:30:00+00:00,2024-09-27 15:30:00+00:00,-1.1606349624633006,0.16063496246328857,-1,0.379367650523919,0.3,265.65295951028315,stop,-308.3261126894822,88242.66039073838
XAGUSD,3,2024-09-27 15:00:00+00:00,2024-09-27 15:45:00+00:00,-1.0297519459755289,0.029751945975526183,-1,0.36854445151772325,0.3,265.39801923672786,stop,-273.29412676707136,87969.36626397131
XAGEUR,3,2024-09-27 15:00:00+00:00,2024-09-27 16:15:00+00:00,-1.0576941727556641,0.057694172755671756,-1,0.31056727047844945,0.3,265.39801923672786,stop,-280.7099384075827,87688.65632556373
FR40,8,2024-09-27 12:30:00+00:00,2024-09-27 16:30:00+00:00,-0.36005274539327736,0.04379019876404725,-1,0.46917978364367574,0.3,264.58972983295587,time,-95.2662586292213,87593.3900669345
XAUUSD,3,2024-09-27 16:00:00+00:00,2024-09-27 17:15:00+00:00,1.4908359045644979,0.009164095435500648,-1,0.4243788906432003,0.3,263.9080987919135,target,393.4436691843393,87986.83373611885
XAUCNH,3,2024-09-27 17:30:00+00:00,2024-09-27 17:45:00+00:00,-1.046572717182285,0.04657271718229277,1,0.49887296818195676,0.3,263.96050120835616,stop,-276.2538589784271,87710.57987714041
GBPJPY,2,2024-09-27 17:15:00+00:00,2024-09-27 20:00:00+00:00,-0.4789487535722614,0.018582601777118225,1,0.4956662473630165,0.3,263.96050120835616,weekend,-126.42355304605158,87584.15632409437
EURJPY,2,2024-09-30 08:30:00+00:00,2024-09-30 09:15:00+00:00,-1.0427990771127562,0.04279907711273705,1,0.45356057235360175,0.3,262.7524689722827,stop,-273.99803215339455,87310.15829194097
CADJPY,2,2024-09-30 08:30:00+00:00,2024-09-30 09:15:00+00:00,-1.0304204827713255,0.030420482771319965,1,0.4311215500043403,0.3,262.7524689722827,stop,-270.7455259277773,87039.41276601319
GBPCAD,5,2024-09-30 10:15:00+00:00,2024-09-30 10:45:00+00:00,-1.1087595904375493,0.10875959043754935,-1,0.46734182352593295,0.3,261.11823829803916,stop,-289.5173509511083,86749.89541506208
EURNZD,15,2024-09-30 07:15:00+00:00,2024-09-30 11:00:00+00:00,1.3885993513564854,0.11140064864352557,1,0.4574287742369618,0.3,262.7524689722827,target,364.85790798222683,87114.75332304431
NZDCHF,12,2024-09-30 07:15:00+00:00,2024-09-30 11:15:00+00:00,-0.1115366689893859,0.1115366689893859,-1,0.46834578801337073,0.3,262.7524689722827,time,-29.306535157905387,87085.44678788641
NZDCAD,7,2024-09-30 07:15:00+00:00,2024-09-30 11:15:00+00:00,0.8103089648996001,0.11593014534768424,-1,0.49461732575810036,0.3,262.7524689722827,time,212.9106811577447,87298.35746904415
GBPAUD,16,2024-09-30 08:15:00+00:00,2024-09-30 11:15:00+00:00,1.4521619159035624,0.04783808409645269,1,0.5077774168069585,0.3,262.7524689722827,target,381.5591287511814,87679.91659779532
AUDUSD,7,2024-09-30 08:15:00+00:00,2024-09-30 12:15:00+00:00,0.43991926882481647,0.043911286152702345,-1,0.44563219623517186,0.3,262.7524689722827,time,115.58987403220189,87795.50647182754
XAUCNH,3,2024-09-30 14:15:00+00:00,2024-09-30 18:15:00+00:00,-0.4018119625086312,0.04182030719209162,1,0.5258859866249118,0.3,263.3865194154822,time,-105.8318542646526,87689.67461756288
USDCHF,18,2024-09-30 17:15:00+00:00,2024-09-30 21:00:00+00:00,-1.0466946721382941,0.04669467213829168,-1,0.49819519226042236,0.3,263.3865194154822,stop,-275.6852665852346,87413.98935097764
EURGBP,20,2024-10-01 09:15:00+00:00,2024-10-01 09:45:00+00:00,1.3637515967888119,0.13624840321116008,-1,0.342873663077541,0.3,262.2419680529325,target,357.6329026772273,87771.62225365487
FR40,8,2024-10-01 09:15:00+00:00,2024-10-01 10:00:00+00:00,-1.0860411727527695,0.08604117275276936,1,0.43577890727462115,0.3,262.2419680529325,stop,-284.8055745292011,87486.81667912567
AU200,10,2024-10-01 10:15:00+00:00,2024-10-01 14:15:00+00:00,1.0429760080990518,0.06530969310677173,1,0.5296109531010125,0.3,262.46045003737663,time,273.7399524638637,87760.55663158954
SP500,9,2024-10-01 10:30:00+00:00,2024-10-01 14:30:00+00:00,0.11739398619626785,0.04248109228113972,1,0.5158768782889566,0.3,262.46045003737663,time,30.81127844875404,87791.36791003829
CHFSGD,19,2024-10-01 12:15:00+00:00,2024-10-01 16:15:00+00:00,0.013321105146269399,0.12412323189719375,-1,0.49537834438217637,0.3,262.46045003737663,time,3.4962632516850802,87794.86417328997
AUDCHF,12,2024-10-01 16:00:00+00:00,2024-10-01 16:30:00+00:00,1.4415515489244404,0.05844845107556268,-1,0.3998038137449629,0.3,263.3741037301145,target,379.66734717873277,88174.5315204687
USDJPY,2,2024-10-01 15:30:00+00:00,2024-10-01 16:30:00+00:00,1.4703824534068242,0.029617546593191088,-1,0.3566432995138407,0.3,263.3741037301145,target,387.2606608065091,88561.79218127522
NZDCAD,7,2024-10-01 15:30:00+00:00,2024-10-01 16:30:00+00:00,-1.079453902977126,0.07945390297711352,1,0.4727553810084418,0.3,263.3741037301145,stop,-284.30020421457453,88277.49197706065
CNHJPY,2,2024-10-01 15:00:00+00:00,2024-10-01 16:30:00+00:00,-1.1826378019477781,0.18263780194779303,1,0.4302935738142491,0.3,263.3741037301145,stop,-311.4761711253487,87966.0158059353
AUDJPY,1,2024-10-01 13:45:00+00:00,2024-10-01 16:30:00+00:00,-1.0611248998877643,0.06112489988775391,1,0.4434566463655442,0.3,262.46045003737663,stop,-278.50331877040884,87687.51248716489
US2000,9,2024-10-01 17:00:00+00:00,2024-10-01 17:00:00+00:00,-1.032361313083184,0.03236131308317909,1,0.5718455673013899,0.3,263.06253746149423,stop,-271.5755865967424,87415.93690056814
EURGBP,20,2024-10-01 15:00:00+00:00,2024-10-01 18:00:00+00:00,1.430700896091162,0.06929910390884705,1,0.3970825917693062,0.3,263.3741037301145,target,376.80956621388145,87792.74646678203
AU200,10,2024-10-01 17:30:00+00:00,2024-10-01 21:15:00+00:00,1.4531540308530309,0.0468459691469943,1,0.5377778100694033,0.3,262.247810701704,target,381.08646320356377,88173.8329299856
GBPCHF,14,2024-10-02 11:45:00+00:00,2024-10-02 13:45:00+00:00,-1.0658084790334437,0.0658084790334794,-1,0.3745747984002443,0.3,264.52149878995635,stop,-281.92925629697027,87891.90367368862
EURUSD,6,2024-10-02 12:45:00+00:00,2024-10-02 15:30:00+00:00,-1.061800178658254,0.06180017865829033,1,0.39010984413571714,0.3,264.52149878995635,stop,-280.8689746741248,87611.03469901449
US2000,9,2024-10-02 12:30:00+00:00,2024-10-02 16:30:00+00:00,-0.24151775750042348,0.03150231619571156,1,0.46690791269704707,0.3,264.52149878995635,time,-63.88663919840124,87547.1480598161
EURCAD,4,2024-10-02 15:15:00+00:00,2024-10-02 16:45:00+00:00,1.3964813810203216,0.10351861897970588,-1,0.3118510460206139,0.3,263.67571102106547,target,368.21822106821276,87915.36628088431
XAUEUR,3,2024-10-02 16:45:00+00:00,2024-10-02 20:45:00+00:00,0.18864372189677328,0.0050984789701829505,-1,0.39988338958346525,0.3,263.7460988426525,time,49.75404572143221,87965.12032660574
XAUGBP,3,2024-10-02 16:45:00+00:00,2024-10-02 20:45:00+00:00,0.5734077288028758,0.012999167655480991,-1,0.40475204433563267,0.3,263.7460988426525,time,151.23405151798417,88116.35437812372
SP500,9,2024-10-02 18:00:00+00:00,2024-10-02 22:00:00+00:00,-0.3505806262235209,0.017690720693861878,-1,0.44744382719943254,0.3,263.7460988426525,time,-92.46427249626774,88023.89010562746
EURUSD,6,2024-10-03 06:45:00+00:00,2024-10-03 08:15:00+00:00,-1.1136326943964738,0.1136326943965766,1,0.39735686729437036,0.3,264.0716703168819,stop,-294.07884572876657,87729.81125989869
AUDUSD,7,2024-10-03 06:45:00+00:00,2024-10-03 10:45:00+00:00,-0.04864344508675712,0.04198433804932527,1,0.39919847037181216,0.3,264.0716703168819,time,-12.845355794027476,87716.96590410467
NZDCAD,7,2024-10-03 10:15:00+00:00,2024-10-03 11:30:00+00:00,-1.0734525784207156,0.07345257842073438,1,0.4292212995347588,0.3,263.18943377969566,stop,-282.5213763039025,87434.44452780076
US2000,9,2024-10-03 11:00:00+00:00,2024-10-03 15:00:00+00:00,0.8114450100449742,0.03891476957587161,1,0.47298032331078893,0.3,263.15089771231357,time,213.53248283751225,87647.97701063828
GBPNZD,16,2024-10-03 12:00:00+00:00,2024-10-03 16:00:00+00:00,-0.1348866787407427,0.07949888290088764,1,0.49601312422024657,0.3,262.3033335834018,time,-35.38122548969019,87612.59578514859
NZDCHF,12,2024-10-03 12:15:00+00:00,2024-10-03 16:15:00+00:00,0.07925135899406215,0.03225553820427416,1,0.41985561661686094,0.3,262.3033335834018,time,20.787895655157413,87633.38368080374
CHFJPY,2,2024-10-03 12:15:00+00:00,2024-10-03 16:15:00+00:00,0.16974841030124097,0.04191620338784796,-1,0.43400284597082645,0.3,262.3033335834018,time,44.52557389249857,87677.90925469623
CHFSGD,19,2024-10-03 14:15:00+00:00,2024-10-03 17:00:00+00:00,1.396956284997619,0.10304371500238613,-1,0.32153948170134833,0.3,262.3033335834018,target,366.4262904251602,88044.3355451214
GBPJPY,2,2024-10-03 14:45:00+00:00,2024-10-03 18:45:00+00:00,0.2493411023655878,0.02889126281305362,1,0.4341804740100985,0.3,262.3033335834018,time,65.4030023498539,88109.73854747125
US2000,9,2024-10-03 17:00:00+00:00,2024-10-03 20:30:00+00:00,-1.0350717104238063,0.03507171042380639,1,0.540444681974531,0.3,264.1330066353638,stop,-273.3966029574486,87836.3419445138
DJ30,9,2024-10-03 17:00:00+00:00,2024-10-03 21:00:00+00:00,0.01449293112311485,0.010604583748605567,1,0.49601987161768396,0.3,264.1330066353638,time,3.8280614725075655,87840.1700059863
XAUAUD,3,2024-10-03 17:15:00+00:00,2024-10-03 21:15:00+00:00,0.30099899939707425,0.014722777144421599,1,0.47049527503988714,0.3,264.1330066353638,time,79.50377070498529,87919.6737766913
XAUSGD,3,2024-10-03 17:15:00+00:00,2024-10-03 21:15:00+00:00,0.3900154199348049,0.019876210528953362,1,0.4576291557393441,0.3,264.1330066353638,time,103.01594550153402,88022.68972219284
CHFSGD,19,2024-10-03 17:15:00+00:00,2024-10-03 21:15:00+00:00,-0.2111416422011898,0.05893724066673673,1,0.5126851382297507,0.3,264.1330066353638,time,-55.76947678052848,87966.9202454123
GBPNZD,16,2024-10-03 17:15:00+00:00,2024-10-03 21:15:00+00:00,0.6480252394548045,0.0685477039346527,1,0.4329604545205967,0.3,264.1330066353638,time,171.1648548727991,88138.0851002851
USDJPY,2,2024-10-03 17:15:00+00:00,2024-10-03 21:15:00+00:00,-0.018928492023414872,0.022803346965415302,-1,0.46587747095933185,0.3,264.1330066353638,time,-4.999639509218071,88133.08546077588
FR40,8,2024-10-04 10:15:00+00:00,2024-10-04 10:30:00+00:00,1.4618115530927516,0.038188446907248506,1,0.4331843044737363,0.3,264.3992563823273,target,386.50188760881844,88519.5873483847
GER40,8,2024-10-04 10:15:00+00:00,2024-10-04 14:15:00+00:00,1.093267500151453,0.015114297237116861,1,0.38911394594869725,0.3,264.3992563823273,time,289.05911406701,88808.64646245171
XAUEUR,3,2024-10-04 15:00:00+00:00,2024-10-04 15:30:00+00:00,1.494267419293892,0.005732580706118255,-1,0.34092189839914844,0.3,266.4259393873548,target,398.11160088129355,89206.758063333
XAUCNH,3,2024-10-04 15:00:00+00:00,2024-10-04 15:30:00+00:00,1.4450814225345738,0.05491857746541999,-1,0.3254441530215604,0.3,266.4259393873548,target,385.0071754899888,89591.76523882299
GBPCAD,5,2024-10-04 13:00:00+00:00,2024-10-04 15:30:00+00:00,1.4497611087773272,0.050238891222707374,-1,0.342318308524257,0.3,265.55876204515374,target,384.9967653081165,89976.76200413112
EURGBP,20,2024-10-04 13:00:00+00:00,2024-10-04 17:00:00+00:00,-0.31898974842011285,0.0709186466087586,1,0.36407944278668686,0.3,265.55876204515374,time,-84.7105226955402,89892.05148143557
AUDCHF,12,2024-10-04 15:45:00+00:00,2024-10-04 19:45:00+00:00,-0.20453835926808067,0.039620939021591924,1,0.3741051086521108,0.3,269.9302860123929,time,-55.21109781773859,89836.84038361783
EURJPY,2,2024-10-04 15:45:00+00:00,2024-10-04 19:45:00+00:00,0.6355599605408765,0.019397531261516745,1,0.5970986894023481,0.3,269.9302860123929,time,171.55688192682393,90008.39726554466
NZDCHF,12,2024-10-04 15:45:00+00:00,2024-10-04 19:45:00+00:00,-0.03501250375603547,0.03046732015648453,1,0.38995620900956024,0.3,269.9302860123929,time,-9.450935152876635,89998.94633039177
FR40,8,2024-10-07 10:00:00+00:00,2024-10-07 10:00:00+00:00,1.4494578611171947,0.05054213888279299,-1,0.45120089828067095,0.3,269.9968389911749,target,391.34904075255196,90390.29537114433
EURCHF,13,2024-10-07 13:15:00+00:00,2024-10-07 15:15:00+00:00,-1.0581416743354926,0.05814167433552517,1,0.4775404880705268,0.3,271.1708861134326,stop,-286.9372154631067,90103.35815568123
EURJPY,2,2024-10-07 13:00:00+00:00,2024-10-07 17:00:00+00:00,-0.10934947254131616,0.04282221552000425,1,0.5152746264050968,0.3,271.1708861134326,time,-29.652393365065166,90073.70576231615
NZDUSD,7,2024-10-07 14:15:00+00:00,2024-10-07 17:30:00+00:00,-1.0641381727437258,0.0641381727437358,1,0.4308136670717772,0.3,271.1708861134326,stop,-288.5632912500451,89785.14247106611
AU200,10,2024-10-07 17:00:00+00:00,2024-10-07 17:45:00+00:00,-1.0898199718563892,0.08981997185636699,-1,0.45686031331681903,0.3,270.2211172869481,stop,-294.4923704366638,89490.65010062946
AUDCAD,7,2024-10-07 14:15:00+00:00,2024-10-07 17:45:00+00:00,-1.1227596728490308,0.1227596728489952,1,0.4435394954677268,0.3,271.1708861134326,stop,-304.4597353788993,89186.19036525054
EURCHF,13,2024-10-07 16:00:00+00:00,2024-10-07 20:00:00+00:00,0.03273424961621717,0.053509595905239044,1,0.4100744218504842,0.3,270.31007446704325,time,8.848397451382445,89195.03876270194
NZDJPY,1,2024-10-07 18:00:00+00:00,2024-10-07 21:45:00+00:00,-1.0630226756340764,0.06302267563407041,1,0.502744559077242,0.3,267.55857109575123,stop,-284.4208281350357,88910.6179345669
GBPJPY,2,2024-10-08 08:15:00+00:00,2024-10-08 10:15:00+00:00,1.460790033659968,0.03920996634001778,-1,0.40102598616795043,0.3,266.7318538037003,target,389.639233696093,89300.257168263
CHFJPY,2,2024-10-08 08:15:00+00:00,2024-10-08 10:45:00+00:00,1.4234543685731522,0.07654563142682444,-1,0.4774745353835413,0.3,266.7318538037003,target,379.68062253449256,89679.93779079748
XAUSGD,3,2024-10-08 10:15:00+00:00,2024-10-08 11:15:00+00:00,-1.0362781632027267,0.03627816320271903,1,0.5584857430238338,0.3,267.90077150478857,stop,-277.6197194155757,89402.3180713819
XAUUSD,3,2024-10-08 10:15:00+00:00,2024-10-08 14:15:00+00:00,1.4912970945982538,0.008702905401721256,1,0.5259055767757882,0.3,267.90077150478857,target,399.51964218572186,89801.83771356763
USDJPY,2,2024-10-08 11:00:00+00:00,2024-10-08 15:00:00+00:00,0.8403219472599904,0.027451742237182615,1,0.5537397796522995,0.3,269.0398133723921,time,226.08005986355292,90027.91777343118
CHFJPY,2,2024-10-08 12:30:00+00:00,2024-10-08 16:30:00+00:00,0.24247201999655052,0.05150036046490378,1,0.5347076239440515,0.3,268.2069542141453,time,65.03268196542615,90092.95045539661
XAUEUR,3,2024-10-08 14:15:00+00:00,2024-10-08 17:15:00+00:00,1.4819540991970324,0.01804590080297672,-1,0.4316607974015872,0.3,269.4055131407025,target,399.24660454514407,90492.19705994174
XAUEUR,3,2024-10-08 17:45:00+00:00,2024-10-08 18:00:00+00:00,-1.0052127873231056,0.005212787323093099,1,0.6108298024613155,0.3,271.4765911798249,stop,-272.891740912847,90219.3053190289
CHFSGD,19,2024-10-08 14:00:00+00:00,2024-10-08 18:00:00+00:00,-0.7476365665628057,0.14093278217166927,1,0.4500320127047784,0.3,268.2069542141453,time,-200.52132637693123,90018.78399265197
EURUSD,6,2024-10-08 16:00:00+00:00,2024-10-08 18:30:00+00:00,-1.0661556945875617,0.06615569458756612,1,0.4177860373850916,0.3,270.08375332029317,stop,-287.95133161801283,89730.83266103396
FR40,8,2024-10-08 17:30:00+00:00,2024-10-08 21:30:00+00:00,0.8513896004984435,0.044809978973602296,1,0.5158728423936189,0.3,271.4765911798249,time,231.13234650927038,89961.96500754323
NZDCAD,7,2024-10-08 17:30:00+00:00,2024-10-08 21:30:00+00:00,-0.002144980518120285,0.04486030476610465,-1,0.39967626038941767,0.3,271.4765911798249,time,-0.5823119992064295,89961.38269554402
NAS100,9,2024-10-08 18:00:00+00:00,2024-10-08 22:00:00+00:00,-0.38102706303870476,0.012014366852571772,-1,0.5326373491119513,0.3,270.0563519779555,time,-102.89877864910709,89858.48391689491
GBPCHF,14,2024-10-09 08:30:00+00:00,2024-10-09 09:45:00+00:00,1.3618199849151902,0.1381800150847317,-1,0.39095390648786665,0.3,269.57545175068435,target,367.11323763662256,90225.59715453154
XAGUSD,3,2024-10-09 08:45:00+00:00,2024-10-09 12:45:00+00:00,0.005039796611230588,0.045358169501165585,-1,0.44706534520006214,0.3,269.57545175068435,time,1.358605448204054,90226.95575997974
XAUEUR,3,2024-10-09 08:45:00+00:00,2024-10-09 12:45:00+00:00,0.2253906456152617,0.04226074605284716,-1,0.4668682208146903,0.3,269.57545175068435,time,60.759785112112574,90287.71554509185
DJ30,9,2024-10-09 16:00:00+00:00,2024-10-09 16:30:00+00:00,-1.0426082369973486,0.04260823699738064,1,0.4104157784128752,0.3,270.8631466352752,stop,-282.40414778095857,90005.3113973109
EURGBP,20,2024-10-09 12:45:00+00:00,2024-10-09 16:45:00+00:00,0.3751904538365482,0.0873725832229041,-1,0.3067491102069555,0.3,270.8631466352752,time,101.6252669136844,90106.93666422457
SP500,9,2024-10-09 14:00:00+00:00,2024-10-09 17:00:00+00:00,-1.0714799773557449,0.07147997735577023,-1,0.38876401873367405,0.3,270.8631466352752,stop,-290.22443822327045,89816.71222600131
GBPCAD,5,2024-10-09 13:30:00+00:00,2024-10-09 17:30:00+00:00,-0.33030334427627095,0.07026877120350282,-1,0.30849608906886467,0.3,270.8631466352752,time,-89.46700317482536,89727.24522282649
EURUSD,6,2024-10-09 16:30:00+00:00,2024-10-09 20:00:00+00:00,-1.071635094601781,0.07163509460177223,1,0.44713573967338927,0.3,270.01593419193233,stop,-289.35855118175965,89437.88667164472
AUDCAD,7,2024-10-09 16:30:00+00:00,2024-10-09 20:30:00+00:00,0.6995235169041162,0.09187869742493124,1,0.43228298087572026,0.3,270.01593419193233,time,188.8824959060909,89626.76916755081
XAGEUR,3,2024-10-09 16:45:00+00:00,2024-10-09 20:45:00+00:00,0.45823125374846074,0.01388579556813513,1,0.40875015071383164,0.3,270.32080999267345,time,123.86944367724219,89750.63861122806
XAUSGD,3,2024-10-09 17:45:00+00:00,2024-10-09 21:45:00+00:00,0.046158442066291834,0.027200510503356732,1,0.46371769989966855,0.3,269.1817356684791,time,12.425009551157375,89763.06362077921
GBPAUD,16,2024-10-10 07:15:00+00:00,2024-10-10 08:00:00+00:00,-1.053332355528996,0.05333235552902678,1,0.4960402621626045,0.3,269.28919086233725,stop,-283.65101772952306,89479.41260304968
GER40,8,2024-10-10 08:15:00+00:00,2024-10-10 08:45:00+00:00,1.3622736453899273,0.13772635461012567,-1,0.5630920188756089,0.3,268.4382378091487,target,365.6863367823172,89845.09893983201
NZDJPY,1,2024-10-10 08:15:00+00:00,2024-10-10 10:00:00+00:00,1.4580205291908646,0.04197947080916185,-1,0.4496394961855377,0.3,268.4382378091487,target,391.38846154555813,90236.48740137757
XAUGBP,3,2024-10-10 06:15:00+00:00,2024-10-10 10:15:00+00:00,0.27538069215073485,0.055076138430144465,-1,0.4307672162249904,0.3,269.28919086233725,time,74.15704376838177,90310.64444514595
CHFJPY,2,2024-10-10 07:45:00+00:00,2024-10-10 10:45:00+00:00,1.3307049022594672,0.16929509774053264,-1,0.4272715763557773,0.3,269.28919086233725,target,358.34444640599753,90668.98889155194
JP225,11,2024-10-10 09:30:00+00:00,2024-10-10 12:00:00+00:00,-1.0593350670102342,0.05933506701023031,1,0.44947225572383803,0.3,269.53529681949567,stop,-285.5281917179038,90383.46069983405
EURAUD,15,2024-10-10 08:15:00+00:00,2024-10-10 12:15:00+00:00,0.6070580992867322,0.049383295662891465,1,0.47193422374772087,0.3,268.4382378091487,time,162.9576064203016,90546.41830625435
GBPUSD,6,2024-10-10 08:30:00+00:00,2024-10-10 12:30:00+00:00,0.11288268242779577,0.09006387848513465,1,0.3080892762687153,0.3,268.4382378091487,time,30.30202835008725,90576.72033460443
USDCHF,18,2024-10-10 11:30:00+00:00,2024-10-10 13:30:00+00:00,1.4347300829829446,0.06526991701707621,-1,0.45385892429404096,0.3,272.00696667465553,target,390.25657786906754,90966.9769124735
GBPCHF,14,2024-10-10 11:30:00+00:00,2024-10-10 13:30:00+00:00,1.37706262491015,0.12293737508989076,-1,0.40043247296561263,0.3,272.00696667465553,target,374.57062752284884,91341.54753999635
GBPJPY,2,2024-10-10 10:45:00+00:00,2024-10-10 14:45:00+00:00,0.6770948147960151,0.0469160321711215,-1,0.48065349706766564,0.3,272.00696667465553,time,184.17450672380173,91525.72204672016
XAGSGD,3,2024-10-10 10:45:00+00:00,2024-10-10 14:45:00+00:00,-0.31927427589646595,0.0736786790530309,-1,0.35814256570394293,0.3,272.00696667465553,time,-86.8448273238448,91438.87721939631
XAUEUR,3,2024-10-10 10:45:00+00:00,2024-10-10 14:45:00+00:00,-0.003787696363720569,0.01704463363688208,-1,0.41439893688758717,0.3,272.00696667465553,time,-1.0302797985802548,91437.84693959773
NZDCNH,7,2024-10-10 15:30:00+00:00,2024-10-10 15:30:00+00:00,-1.2616385211313825,0.26163852113139213,-1,0.38375580561195805,0.3,273.4413737225407,stop,-344.9841703594399,91092.86276923829
CHFJPY,2,2024-10-10 15:30:00+00:00,2024-10-10 15:30:00+00:00,-1.059817771115432,0.059817771115432086,-1,0.440407253238595,0.3,274.3135408187928,stop,-290.72236541735504,90802.14040382093
XAUGBP,3,2024-10-10 15:45:00+00:00,2024-10-10 19:45:00+00:00,0.2592009178522638,0.0034458024529844707,1,0.5436705283209586,0.3,272.40642121146243,time,70.60799440686144,90872.74839822779
XAUSGD,3,2024-10-10 15:45:00+00:00,2024-10-10 19:45:00+00:00,0.04138298405016929,0.02453242767046178,1,0.5262682998372316,0.3,272.40642121146243,time,11.272990584157647,90884.02138881195
GBPCAD,5,2024-10-10 15:45:00+00:00,2024-10-10 19:45:00+00:00,-0.3110661805639551,0.039199177779806665,1,0.6655958079645535,0.3,272.40642121146243,time,-84.73642500734557,90799.2849638046
NZDCHF,12,2024-10-10 15:45:00+00:00,2024-10-10 19:45:00+00:00,-0.3819623756573915,0.037443256579085316,1,0.38094227304549566,0.3,272.40642121146243,time,-104.04900379025823,90695.23596001434
CHFSGD,19,2024-10-10 15:45:00+00:00,2024-10-10 19:45:00+00:00,0.3365089351464063,0.0669660628941749,1,0.5430422255873742,0.3,272.40642121146243,time,91.66719472891265,90786.90315474325
GBPAUD,16,2024-10-10 17:45:00+00:00,2024-10-10 21:45:00+00:00,-0.4237783332158293,0.052130752259973934,1,0.5036102703782586,0.3,272.40642121146243,time,-115.43993913828268,90671.46321560498
DJ30,9,2024-10-11 06:15:00+00:00,2024-10-11 10:15:00+00:00,-1.0529591690739302,0.05295916907387638,1,0.38844577020049953,0.3,272.01438964681455,stop,-286.42004569866214,90385.0431699063
FR40,8,2024-10-11 10:30:00+00:00,2024-10-11 10:45:00+00:00,1.4448766132082314,0.055123386791765795,1,0.5085152691232816,0.3,271.15512950971856,target,391.78570518004153,90776.82887508636
EURCAD,4,2024-10-11 10:15:00+00:00,2024-10-11 11:30:00+00:00,-1.2294796072615342,0.2294796072616077,-1,0.5033881193397934,0.3,271.15512950971856,stop,-333.3797021365592,90443.4491729498
GBPAUD,16,2024-10-11 09:45:00+00:00,2024-10-11 12:45:00+00:00,-1.0767603112673967,0.07676031126736196,-1,0.38820572827476746,0.3,272.01438964681455,stop,-292.89429886531497,90150.55487408448
XAUUSD,3,2024-10-11 09:30:00+00:00,2024-10-11 13:30:00+00:00,0.3712315665385285,0.015049928373183958,-1,0.5168822440416551,0.3,272.01438964681455,time,100.98032798960865,90251.53520207408
GER40,8,2024-10-11 10:30:00+00:00,2024-10-11 14:00:00+00:00,1.4824281082987838,0.017571891701189887,1,0.3909402102303685,0.3,271.15512950971856,target,401.96798569460384,90653.50318776869
USDCAD,17,2024-10-11 14:00:00+00:00,2024-10-11 14:15:00+00:00,-1.1786637991751834,0.1786637991752438,-1,0.4006392897002357,0.3,271.9605095633057,stop,-320.55000742750474,90332.95318034118
AUDUSD,7,2024-10-11 14:30:00+00:00,2024-10-11 15:30:00+00:00,1.4463509435662822,0.053649056433722135,1,0.3613576132236729,0.3,270.9988595410232,target,391.9594562025453,90724.91263654373
XAUUSD,3,2024-10-11 15:30:00+00:00,2024-10-11 16:30:00+00:00,-1.0189701177655621,0.018970117765590884,-1,0.4194331379801137,0.3,272.17473790963084,stop,-277.33792474058754,90447.57471180314
XAUSGD,3,2024-10-11 15:30:00+00:00,2024-10-11 16:30:00+00:00,-1.0599397035782363,0.05993970357823248,-1,0.4693474980640316,0.3,272.17473790963084,stop,-288.48881102141826,90159.08590078172
GBPNZD,16,2024-10-11 15:30:00+00:00,2024-10-11 16:45:00+00:00,-1.083358595937222,0.08335859593719873,1,0.2806722291533033,0.3,272.17473790963084,stop,-294.86284191135906,89864.22305887037
AU200,10,2024-10-11 15:45:00+00:00,2024-10-11 16:45:00+00:00,1.4322912725672654,0.06770872743273201,1,0.3541224695284057,0.3,272.17473790963084,target,389.8335017212471,90254.05656059162
CHFJPY,2,2024-10-11 16:45:00+00:00,2024-10-11 17:30:00+00:00,-1.0683417175284793,0.06834171752847083,-1,0.40843874444625894,0.3,270.7621696817745,stop,-289.2665213995645,89964.79003919204
NZDCAD,7,2024-10-11 15:30:00+00:00,2024-10-11 17:30:00+00:00,-1.0655188047923203,0.06551880479232022,-1,0.44055584358574124,0.3,272.17473790963084,stop,-290.00730143213286,89674.78273775992
GBPCHF,14,2024-10-11 17:00:00+00:00,2024-10-11 20:00:00+00:00,0.3501006399334426,0.06625358665438956,-1,0.4542019908430814,0.3,270.7621696817745,weekend,94.79400887535661,89769.57674663527
EURCHF,13,2024-10-11 17:00:00+00:00,2024-10-11 20:00:00+00:00,0.272663138508367,0.11951050630265325,-1,0.3979124126031492,0.3,270.7621696817745,weekend,73.82686297476764,89843.40360961005
GBPNZD,16,2024-10-14 10:15:00+00:00,2024-10-14 13:15:00+00:00,-1.1902381481085933,0.1902381481085798,-1,0.3878945874628032,0.3,269.53021082882975,stop,-320.805138996225,89522.59847061381
FR40,8,2024-10-14 16:30:00+00:00,2024-10-14 16:45:00+00:00,-1.0814865709687709,0.08148657096877963,-1,0.38690206202986027,0.3,268.5677954118411,stop,-290.4524641325944,89232.14600648121
XAUAUD,3,2024-10-14 13:15:00+00:00,2024-10-14 17:00:00+00:00,1.4597959468494743,0.0402040531505259,-1,0.5485924498011968,0.3,268.5677954118411,target,392.05417919650444,89624.20018567772
NZDCNH,7,2024-10-14 14:15:00+00:00,2024-10-14 17:45:00+00:00,1.3423287794838223,0.15767122051613178,1,0.5423776137044798,0.3,268.5677954118411,target,360.5062810238375,89984.70646670157
XAGEUR,3,2024-10-14 17:00:00+00:00,2024-10-14 18:15:00+00:00,1.4770499614092352,0.022950038590767385,-1,0.4169578448681577,0.3,268.8726005570328,target,397.138264276766,90381.84473097832
GBPCAD,5,2024-10-14 17:00:00+00:00,2024-10-14 20:45:00+00:00,-1.0775307531564697,0.07753075315642846,-1,0.4422069118725398,0.3,268.8726005570328,stop,-289.7184957813582,90092.12623519696
AU200,10,2024-10-14 17:00:00+00:00,2024-10-14 21:00:00+00:00,-0.7497730985912899,0.07904955991537561,-1,0.443532586881735,0.3,268.8726005570328,time,-201.59344284594468,89890.53279235102
XAGUSD,3,2024-10-14 17:00:00+00:00,2024-10-14 21:00:00+00:00,0.7956034136011175,0.04703074366114984,-1,0.4468322015371576,0.3,268.8726005570328,time,213.91595882698502,90104.448751178
CNHJPY,2,2024-10-14 17:00:00+00:00,2024-10-14 21:00:00+00:00,0.3891028963673196,0.23243297165165466,-1,0.4802441898587848,0.3,268.8726005570328,time,104.61910763055485,90209.06785880856
USDCHF,18,2024-10-15 06:30:00+00:00,2024-10-15 07:15:00+00:00,-1.1476282894571743,0.14762828945723055,-1,0.4238833513613947,0.3,270.6272035764253,stop,-310.57943472099146,89898.48842408757
EURUSD,6,2024-10-15 06:30:00+00:00,2024-10-15 07:15:00+00:00,-1.123326097072437,0.12332609707241186,1,0.4592576540835896,0.3,270.6272035764253,stop,-304.0026003551337,89594.48582373244
XAGUSD,3,2024-10-15 06:30:00+00:00,2024-10-15 08:00:00+00:00,-1.0848860042432638,0.08488600424325578,1,0.5250501521225555,0.3,270.6272035764253,stop,-293.59966552755634,89300.88615820488
USDCAD,17,2024-10-15 07:15:00+00:00,2024-10-15 08:30:00+00:00,-1.1834617400821532,0.18346174008219335,-1,0.42778210073703365,0.3,268.783457471197,stop,-318.0949382841602,88982.79121992072
DJ30,9,2024-10-15 11:00:00+00:00,2024-10-15 12:45:00+00:00,1.4549203948989382,0.045079605101022296,-1,0.5132229596925769,0.3,266.94837365976184,target,388.38863322269003,89371.1798531434
USDCHF,18,2024-10-15 11:30:00+00:00,2024-10-15 12:45:00+00:00,-1.1212490132953858,0.12124901329541567,1,0.5742934545632115,0.3,266.94837365976184,stop,-299.31560056681593,89071.86425257659
EURCAD,4,2024-10-15 15:30:00+00:00,2024-10-15 15:30:00+00:00,-1.1426623822189113,0.1426623822188553,-1,0.39448916620381785,0.3,266.3621794520438,stop,-304.36204250569347,88767.5022100709
NZDCAD,7,2024-10-15 15:30:00+00:00,2024-10-15 15:30:00+00:00,-1.064575232902362,0.06457523290240262,-1,0.41334190150429073,0.3,267.21559275772944,stop,-284.4711018952025,88483.0311081757
EURJPY,2,2024-10-15 13:00:00+00:00,2024-10-15 17:00:00+00:00,0.8954008536189416,0.05041150878989614,1,0.6021674606193143,0.3,267.21559275772944,time,239.26506985556242,88722.29617803126
XAUUSD,3,2024-10-15 15:45:00+00:00,2024-10-15 17:15:00+00:00,-1.0149553644452005,0.014955364445199914,-1,0.45826245262518506,0.3,265.44909332452676,stop,-269.4189812568431,88452.87719677441
XAUGBP,3,2024-10-15 15:00:00+00:00,2024-10-15 17:30:00+00:00,1.4838025110255972,0.016197488974412838,1,0.5334222411059509,0.3,267.21559275772944,target,396.49516751911233,88849.37236429352
NZDUSD,7,2024-10-15 16:30:00+00:00,2024-10-15 18:00:00+00:00,1.4199125563231851,0.08008744367678328,-1,0.3545892769649212,0.3,265.44909332452676,target,376.91450067610054,89226.28686496963
EURUSD,6,2024-10-15 15:45:00+00:00,2024-10-15 19:45:00+00:00,1.0833864484578184,0.06113823281022642,-1,0.5044743622475911,0.3,265.44909332452676,time,287.58395046320703,89513.87081543283
NZDCHF,12,2024-10-15 17:45:00+00:00,2024-10-15 21:00:00+00:00,-1.117480521603238,0.11748052160320434,1,0.42604474285696425,0.3,266.54811709288026,stop,-297.8623289213128,89216.00848651152
EURCHF,13,2024-10-15 17:45:00+00:00,2024-10-15 21:45:00+00:00,0.30253723341187555,0.07344164175470962,1,0.46081839496738525,0.3,266.54811709288026,time,80.64072991642465,89296.64921642795
GER40,8,2024-10-16 08:30:00+00:00,2024-10-16 10:15:00+00:00,-1.185368215412509,0.18536821541253953,1,0.5488964881543682,0.3,267.8899476492835,stop,-317.54822917198163,88979.10098725597
GER40,8,2024-10-16 10:30:00+00:00,2024-10-16 11:45:00+00:00,-1.0192715357322557,0.019271535732265765,1,0.501831318851328,0.3,266.9373029617675,stop,-272.08159473406715,88707.0193925219
DJ30,9,2024-10-16 10:30:00+00:00,2024-10-16 14:30:00+00:00,0.8524802976351686,0.04049540999728573,1,0.449301561094334,0.3,266.9373029617675,time,227.55879147877675,88934.57818400068
EURCHF,13,2024-10-16 13:45:00+00:00,2024-10-16 16:15:00+00:00,-1.0992450045157187,0.09924500451569633,-1,0.36473785832059885,0.3,266.1210581775653,stop,-292.53224379812565,88642.04594020256
EURCAD,4,2024-10-16 17:00:00+00:00,2024-10-16 17:15:00+00:00,-1.1645088566310358,0.16450885663109302,1,0.3984618982662939,0.3,265.92613782060727,stop,-309.6733427017826,88332.37259750077
USDJPY,2,2024-10-16 16:15:00+00:00,2024-10-16 17:30:00+00:00,-1.0461070068861773,0.046107006886147245,-1,0.4145527279704746,0.3,265.92613782060727,stop,-278.18719608831657,88054.18540141245
DJ30,9,2024-10-16 16:45:00+00:00,2024-10-16 20:45:00+00:00,1.250211223597788,0.011165923402182991,1,0.46530686259310156,0.3,265.92613782060727,time,332.4638421513354,88386.64924356379
GBPAUD,16,2024-10-16 16:45:00+00:00,2024-10-16 20:45:00+00:00,0.5659133832468493,0.06306700029726059,-1,0.341840549962557,0.3,265.92613782060727,time,150.4911603478278,88537.14040391162
NZDCHF,12,2024-10-16 17:15:00+00:00,2024-10-16 21:15:00+00:00,-0.11698806541346184,0.057074728551710745,1,0.3669172441572905,0.3,264.9971177925019,time,-31.001500150688067,88506.13890376093
CHFJPY,2,2024-10-16 17:30:00+00:00,2024-10-16 21:30:00+00:00,0.137637352928902,0.07172452415386615,1,0.47856113588249133,0.3,264.162556204237,time,36.35863497888348,88542.49753873982
NZDCNH,7,2024-10-17 10:30:00+00:00,2024-10-17 14:15:00+00:00,1.3660484817296816,0.13395151827027765,1,0.4983572614000907,0.3,265.62749261621906,target,362.86003299404825,88905.35757173387
EURJPY,2,2024-10-17 10:45:00+00:00,2024-10-17 14:45:00+00:00,0.2829720114930389,0.05980438649578492,-1,0.4207528279819844,0.3,265.62749261621906,time,75.16514589346384,88980.52271762733
GBPJPY,2,2024-10-17 14:15:00+00:00,2024-10-17 15:30:00+00:00,-1.0682920689215103,0.06829206892151592,-1,0.35247479600880777,0.3,266.71607271520116,stop,-284.93066513554226,88695.59205249179
US2000,9,2024-10-17 13:45:00+00:00,2024-10-17 16:30:00+00:00,-1.0613814408977515,0.06138144089774953,1,0.36888837699024973,0.3,265.62749261621906,stop,-281.93209085505947,88413.65996163673
XAUSGD,3,2024-10-17 15:45:00+00:00,2024-10-17 16:45:00+00:00,1.4777818334917057,0.022218166508279107,1,0.49436570037327393,0.3,266.08677615747496,target,393.2182039378904,88806.87816557461
XAGEUR,3,2024-10-17 17:00:00+00:00,2024-10-17 17:45:00+00:00,-1.0184249983255949,0.018424998325587652,-1,0.37542953502359744,0.3,266.4206344967235,stop,-271.32943424122954,88535.54873133339
NZDCHF,12,2024-10-17 15:45:00+00:00,2024-10-17 19:45:00+00:00,0.4388574127054534,0.05991670826418537,1,0.33337478548161964,0.3,266.08677615747496,time,116.77415413960459,88652.322885473
EURJPY,2,2024-10-17 16:45:00+00:00,2024-10-17 20:45:00+00:00,1.0532145286854482,0.03899507404726201,1,0.5618084363041087,0.3,266.4206344967235,time,280.59808299354466,88932.92096846654
EURGBP,20,2024-10-18 07:00:00+00:00,2024-10-18 09:00:00+00:00,1.3581834901895022,0.14181650981044755,-1,0.3480512699694034,0.3,266.79876290539926,target,362.36167498109666,89295.28264344763
GBPCHF,14,2024-10-18 09:00:00+00:00,2024-10-18 09:00:00+00:00,-1.1522941237971218,0.15229412379709192,-1,0.32625112941777185,0.3,267.88584793034255,stop,-308.6832884185431,88986.59935502909
GBPUSD,6,2024-10-18 09:00:00+00:00,2024-10-18 09:00:00+00:00,-1.1071837854741373,0.107183785474121,-1,0.3080638955828647,0.3,266.9597980650869,stop,-295.5735597911142,88691.02579523798
FR40,8,2024-10-18 10:00:00+00:00,2024-10-18 10:15:00+00:00,1.4572788158533294,0.04272118414668775,1,0.4771291635880226,0.3,266.0730773857136,target,387.742659143104,89078.76845438109
CADJPY,2,2024-10-18 07:00:00+00:00,2024-10-18 11:00:00+00:00,0.5731877490948538,0.11293902427893629,1,0.43778846871345617,0.3,266.79876290539926,time,152.92578237103737,89231.69423675213
EURAUD,15,2024-10-18 09:30:00+00:00,2024-10-18 13:30:00+00:00,0.0364066390823992,0.05646625560610436,1,0.4032468724819758,0.3,266.0730773857136,time,9.686826497924947,89241.38106325004
NZDJPY,1,2024-10-18 11:00:00+00:00,2024-10-18 15:00:00+00:00,-0.3526943018618985,0.0428097848986104,-1,0.38306554208348703,0.3,267.695082710256,time,-94.4145303083569,89146.96653294169
DJ30,9,2024-10-18 14:15:00+00:00,2024-10-18 16:30:00+00:00,1.4818443610836813,0.01815563891635922,-1,0.4486522576965104,0.3,267.7241431897498,target,396.7255119116908,89543.69204485338
GBPJPY,2,2024-10-18 13:15:00+00:00,2024-10-18 17:15:00+00:00,-0.2699579241444231,0.039835916641965244,1,0.3829491046852107,0.3,267.695082710256,time,-72.26640883213035,89471.42563602125
CADJPY,2,2024-10-18 13:15:00+00:00,2024-10-18 17:15:00+00:00,-0.7817955240257879,0.08176411966276462,1,0.48288642623673894,0.3,267.695082710256,time,-209.2828174665912,89262.14281855465
EURAUD,15,2024-10-21 08:45:00+00:00,2024-10-21 09:15:00+00:00,-1.0723697478282945,0.07236974782831178,-1,0.37481390843942153,0.3,267.7864284556636,stop,-287.1660647548396,88974.97675379981
AUDUSD,7,2024-10-21 08:45:00+00:00,2024-10-21 09:15:00+00:00,-1.0580959737836793,0.0580959737836742,1,0.5232652497981701,0.3,267.7864284556636,stop,-283.34374178284895,88691.63301201697
GBPAUD,16,2024-10-21 08:45:00+00:00,2024-10-21 09:15:00+00:00,-1.075033403178298,0.07503340317830243,-1,0.4163488393139472,0.3,267.7864284556636,stop,-287.8793555076539,88403.75365650932
AU200,10,2024-10-21 12:45:00+00:00,2024-10-21 13:30:00+00:00,-1.1255786040691291,0.1255786040691559,1,0.5078091489882769,0.3,265.21126096952753,stop,-298.5161209054943,88105.23753560382
EURCHF,13,2024-10-21 12:45:00+00:00,2024-10-21 13:45:00+00:00,-1.0939166087198853,0.0939166087199114,1,0.46226179792020927,0.3,265.21126096952753,stop,-290.11900319411,87815.11853240972
GBPCHF,14,2024-10-21 12:30:00+00:00,2024-10-21 14:45:00+00:00,-1.123536256883655,0.12353625688370173,1,0.5286248743487263,0.3,265.21126096952753,stop,-297.9744674330972,87517.14406497662
GBPNZD,16,2024-10-21 12:15:00+00:00,2024-10-21 16:15:00+00:00,-0.5034229388292154,0.15201067220145298,-1,0.3501890491884086,0.3,265.21126096952753,time,-133.51343240788154,87383.63063256873
EURUSD,6,2024-10-21 13:15:00+00:00,2024-10-21 17:15:00+00:00,-0.7802629735044192,0.08970583815708369,1,0.5161697912548764,0.3,265.21126096952753,time,-206.93452709094007,87176.6961054778
USDCHF,18,2024-10-21 15:45:00+00:00,2024-10-21 18:30:00+00:00,1.4320671509353817,0.06793284906459886,1,0.49727348735978333,0.3,262.5514321949294,target,375.9912814773966,87552.6873869552
XAUEUR,3,2024-10-22 06:45:00+00:00,2024-10-22 10:45:00+00:00,0.49349610084992607,0.05743273587477228,-1,0.5565501706252397,0.3,262.6580621608652,time,129.6207295331845,87682.30811648838
EURNZD,15,2024-10-22 08:15:00+00:00,2024-10-22 10:45:00+00:00,1.4062982165064106,0.09370178349357253,1,0.5356705111765104,0.3,262.6580621608652,target,369.3755643678547,88051.68368085622
XAUSGD,3,2024-10-22 16:15:00+00:00,2024-10-22 18:00:00+00:00,-1.026908037516768,0.026908037516747862,-1,0.5060128487429921,0.3,264.1550510425683,stop,-271.2629450662655,87780.42073578996
AU200,10,2024-10-23 09:15:00+00:00,2024-10-23 13:15:00+00:00,-0.21152554830901313,0.07505745262577884,1,0.4065733093976764,0.3,263.3412622073695,time,-55.70340488080143,87724.71733090916
EURAUD,15,2024-10-23 10:00:00+00:00,2024-10-23 14:00:00+00:00,-0.5507212043999702,0.06516200359846692,-1,0.4780925023723596,0.3,263.3412622073695,time,-145.02761709105087,87579.68971381811
US2000,9,2024-10-23 14:00:00+00:00,2024-10-23 16:30:00+00:00,-1.05684490901701,0.0568449090169984,1,0.4957610308653244,0.3,262.73906914145397,stop,-277.6744476220138,87302.01526619609
XAUCNH,3,2024-10-23 16:30:00+00:00,2024-10-23 17:00:00+00:00,-1.055373333211486,0.055373333211470185,1,0.6197783193875007,0.3,261.9060457985879,stop,-276.40865654269584,87025.6066096534
GBPCHF,14,2024-10-23 15:15:00+00:00,2024-10-23 18:00:00+00:00,-1.0655032574970176,0.06550325749698832,1,0.49247326806484293,0.3,262.73906914145397,stop,-279.9493340419533,86745.65727561145
EURCHF,13,2024-10-23 15:15:00+00:00,2024-10-23 19:15:00+00:00,-0.44053007980073094,0.13394843096949602,1,0.4385280230226171,0.3,262.73906914145397,time,-115.74446309565448,86629.91281251579
GBPCAD,5,2024-10-23 15:15:00+00:00,2024-10-23 19:15:00+00:00,-1.071450061342854,0.07145006134282426,1,0.462450009062757,0.3,262.73906914145397,stop,-281.5117917487752,86348.40102076702
EURCAD,4,2024-10-23 17:45:00+00:00,2024-10-23 21:45:00+00:00,0.02390432529922459,0.0965987557555579,-1,0.43891322309131203,0.3,261.0768198289598,time,6.240865229278504,86354.6418859963
NZDCNH,7,2024-10-24 07:45:00+00:00,2024-10-24 10:00:00+00:00,1.3332315387232647,0.16676846127671924,1,0.42065326995904734,0.3,259.0639256579885,target,345.39219623268946,86700.03408222899
DJ30,9,2024-10-24 13:15:00+00:00,2024-10-24 16:30:00+00:00,-1.0413082103355598,0.04130821033558567,1,0.35893307319121687,0.3,260.1001022466865,stop,-270.84437197859324,86429.18971025039
EURCAD,4,2024-10-24 15:30:00+00:00,2024-10-24 16:30:00+00:00,-1.1490459848825627,0.1490459848825215,-1,0.37824047648430387,0.3,260.1001022466865,stop,-298.8669781540992,86130.32273209629
EURNZD,15,2024-10-24 16:45:00+00:00,2024-10-24 17:15:00+00:00,-1.0678682251393397,0.06786822513933054,-1,0.39656763786485993,0.3,258.3909681962885,stop,-275.9275045998062,85854.39522749648
NAS100,9,2024-10-24 17:00:00+00:00,2024-10-24 18:45:00+00:00,-1.0209481589108542,0.020948158910833986,1,0.3659877758236485,0.3,258.3909681962885,stop,-263.80378325919384,85590.59144423729
EURAUD,15,2024-10-24 18:00:00+00:00,2024-10-24 19:00:00+00:00,-1.0572936327685976,0.05729363276859291,-1,0.49743494180539544,0.3,257.56318568248906,stop,-272.3199162576917,85318.2715279796
EURUSD,6,2024-10-24 16:45:00+00:00,2024-10-24 20:15:00+00:00,-1.0597131778935547,0.05971317789359577,-1,0.3860753310297416,0.3,258.3909681962885,stop,-273.8203140462813,85044.45121393332
XAUEUR,3,2024-10-24 17:45:00+00:00,2024-10-24 21:45:00+00:00,0.15438237656922046,0.0064775822336725145,1,0.39452439487321517,0.3,257.56318568248906,time,39.76321672240208,85084.21443065572
AUDUSD,7,2024-10-25 06:30:00+00:00,2024-10-25 07:30:00+00:00,-1.0600813220807963,0.06008132208076415,1,0.44221318701317974,0.3,255.25264329196673,stop,-270.588559565566,84813.62587109016
GBPUSD,6,2024-10-25 06:30:00+00:00,2024-10-25 10:00:00+00:00,-1.1136663572548497,0.113666357254956,1,0.4360197096568694,0.3,255.25264329196673,stop,-284.26628143463614,84529.35958965552
US2000,9,2024-10-25 07:15:00+00:00,2024-10-25 10:45:00+00:00,1.4047849679992932,0.09521503200066232,1,0.5131912481690278,0.3,255.25264329196673,target,358.5750763386405,84887.93466599417
CADJPY,2,2024-10-25 15:45:00+00:00,2024-10-25 16:30:00+00:00,-1.101493255491676,0.10149325549167344,-1,0.3697572954598863,0.3,254.66380399798206,stop,-280.5104625216314,84607.42420347253
GER40,8,2024-10-25 14:15:00+00:00,2024-10-25 18:15:00+00:00,0.17039638657009412,0.012468028285616642,1,0.3932345330546137,0.3,254.66380399798206,time,43.39379199145083,84650.81799546398
GBPCHF,14,2024-10-25 16:45:00+00:00,2024-10-25 20:00:00+00:00,0.9622315517055375,0.09777398381568125,-1,0.44719333325298577,0.3,253.82227261041717,weekend,244.23579923134767,84895.05379469533
GBPJPY,2,2024-10-25 16:45:00+00:00,2024-10-25 20:00:00+00:00,-0.024216064766562673,0.04298013508240548,-1,0.34435561896721123,0.3,253.82227261041717,weekend,-6.146576592729989,84888.9072181026
XAUAUD,3,2024-10-28 07:00:00+00:00,2024-10-28 09:15:00+00:00,-1.0547607541276989,0.0547607541277128,-1,0.484925892805776,0.3,254.66672165430737,stop,-268.61246338332603,84620.29475471927
GER40,8,2024-10-28 10:00:00+00:00,2024-10-28 10:00:00+00:00,-1.0226377220189538,0.022637722018970845,-1,0.4248079893994783,0.3,253.8608842641574,stop,-259.6077163936152,84360.68703832566
XAUSGD,3,2024-10-28 13:30:00+00:00,2024-10-28 17:30:00+00:00,1.271472651883324,0.037459573557010004,1,0.5542046796345762,0.3,253.08206111497654,time,321.78691938995667,84682.47395771561
USDCAD,17,2024-10-28 15:45:00+00:00,2024-10-28 18:30:00+00:00,-1.2200002014768678,0.22000020147675278,-1,0.4152842605104938,0.3,253.08206111497654,stop,-308.76016555045237,84373.71379216516
AUDCAD,7,2024-10-28 15:00:00+00:00,2024-10-28 18:45:00+00:00,1.3713272932074632,0.1286727067925101,-1,0.3347194001070817,0.3,253.08206111497654,target,347.05833782816654,84720.77212999333
NZDJPY,1,2024-10-29 06:45:00+00:00,2024-10-29 08:30:00+00:00,-1.0871264398808906,0.0871264398809229,1,0.5443133050958561,0.3,254.16231638997957,stop,-276.30657416891904,84444.46555582441
EURCHF,13,2024-10-29 10:00:00+00:00,2024-10-29 10:15:00+00:00,-1.238521706318454,0.2385217063184595,-1,0.3908383135039393,0.3,253.3333966674728,stop,-313.7589107080482,84130.70664511636
GBPNZD,16,2024-10-29 06:45:00+00:00,2024-10-29 10:45:00+00:00,-0.17265184183130108,0.13755656586491752,-1,0.4168790844838526,0.3,254.16231638997957,time,-43.881592048839856,84086.82505306751
US2000,9,2024-10-29 11:30:00+00:00,2024-10-29 13:00:00+00:00,-1.0613488731186258,0.06134887311862584,1,0.4113090356138962,0.3,252.26047515920214,stop,-267.7363710425883,83819.08868202493
DJ30,9,2024-10-29 11:30:00+00:00,2024-10-29 14:00:00+00:00,-1.0435503138668036,0.04355031386680359,1,0.5077072792525292,0.3,252.26047515920214,stop,-263.2464980285744,83555.84218399636
NZDUSD,7,2024-10-29 11:30:00+00:00,2024-10-29 15:00:00+00:00,-1.090671896057648,0.09067189605767635,1,0.48088345835745766,0.3,252.26047515920214,stop,-275.1334107422902,83280.70877325407
GBPCAD,5,2024-10-29 14:15:00+00:00,2024-10-29 15:15:00+00:00,-1.102767809520463,0.10276780952047664,-1,0.3634494949441354,0.3,250.66752655198866,stop,-276.428079173649,83004.28069408041
NZDCAD,7,2024-10-29 11:30:00+00:00,2024-10-29 15:15:00+00:00,-1.1569758302269544,0.15697583022696246,1,0.47960324518581293,0.3,252.26047515920214,stop,-291.8592726807639,82712.42142139965
GBPUSD,6,2024-10-29 14:15:00+00:00,2024-10-29 17:00:00+00:00,-1.0639970749161074,0.06399707491616324,-1,0.3887160802740774,0.3,250.66752655198866,stop,-266.7095150277716,82445.71190637187
EURGBP,20,2024-10-30 09:45:00+00:00,2024-10-30 11:00:00+00:00,-1.2012118555426026,0.2012118555426879,-1,0.30896220769084143,0.3,247.33713571911522,stop,-297.10429974175094,82148.60760663013
NAS100,9,2024-10-30 07:15:00+00:00,2024-10-30 11:15:00+00:00,0.5878021021830253,0.024015260984131388,1,0.5157159029921273,0.3,247.33713571911522,time,145.38528832362417,82293.99289495376
USDJPY,2,2024-10-30 09:30:00+00:00,2024-10-30 11:45:00+00:00,1.453587594090078,0.046412405909951215,-1,0.49619783890968433,0.3,247.33713571911522,target,359.5261920390798,82653.51908699283
EURJPY,2,2024-10-30 09:30:00+00:00,2024-10-30 13:30:00+00:00,0.9433084151036788,0.06011597591011875,-1,0.3932244245200593,0.3,247.33713571911522,time,233.31520149148207,82886.83428848432
GBPUSD,6,2024-10-30 13:00:00+00:00,2024-10-30 13:30:00+00:00,-1.0583576728265025,0.05835767282655502,1,0.46030262171106523,0.3,247.96055726097805,stop,-262.4309583354914,82624.40333014882
USDCHF,18,2024-10-30 12:15:00+00:00,2024-10-30 15:30:00+00:00,1.4193064115564347,0.08069358844352484,1,0.47528752711835703,0.3,247.96055726097805,target,351.9320087336126,82976.33533888243
XAUAUD,3,2024-10-30 12:00:00+00:00,2024-10-30 16:00:00+00:00,1.2479832746749489,0.005086888347859934,1,0.4573384197589762,0.3,247.96055726097805,time,309.45062824078053,83285.78596712321
XAUUSD,3,2024-10-30 15:30:00+00:00,2024-10-30 16:30:00+00:00,-1.0170259655169103,0.017025965516923505,1,0.5171542569475801,0.3,248.92900601664687,stop,-253.16726268924504,83032.61870443397
EURGBP,20,2024-10-30 14:00:00+00:00,2024-10-30 17:00:00+00:00,1.4248320794902818,0.07516792050969293,-1,0.5508327269162923,0.3,247.87320999044601,target,353.1777012406185,83385.7964056746
EURJPY,2,2024-10-30 14:30:00+00:00,2024-10-30 17:15:00+00:00,1.4562112388423207,0.04378876115766443,1,0.47134718851094864,0.3,247.87320999044601,target,360.9557541960101,83746.75215987061
NZDJPY,1,2024-10-30 15:30:00+00:00,2024-10-30 19:30:00+00:00,-0.01668307770013066,0.04603471220973516,-1,0.44003032627144134,0.3,248.92900601664687,time,-4.152901949192012,83742.5992579214
CNHJPY,2,2024-10-31 06:45:00+00:00,2024-10-31 09:30:00+00:00,-1.1960132755507868,0.19601327555081213,1,0.49191628543812455,0.3,251.22779777376383,stop,-300.47178132480997,83442.1274765966
GBPCAD,5,2024-10-31 07:30:00+00:00,2024-10-31 09:30:00+00:00,-1.1005855465855134,0.1005855465854839,-1,0.4073381743943189,0.3,251.22779777376383,stop,-276.4976831303127,83165.62979346629
FR40,8,2024-10-31 11:15:00+00:00,2024-10-31 12:45:00+00:00,-1.066054857114432,0.0660548571144378,1,0.4454004185736877,0.3,249.49688938039847,stop,-265.9773707589159,82899.65242270737
USDCAD,17,2024-10-31 11:00:00+00:00,2024-10-31 13:30:00+00:00,-1.2192310989575557,0.21923109895754136,-1,0.45071285507763575,0.3,249.49688938039847,stop,-304.1943666257549,82595.45805608161
XAGEUR,3,2024-10-31 12:15:00+00:00,2024-10-31 13:45:00+00:00,-1.0108370750099926,0.010837075009996954,1,0.4314565712104565,0.3,249.49688938039847,stop,-252.20070588537368,82343.25735019625
AUDCHF,12,2024-10-31 10:45:00+00:00,2024-10-31 14:45:00+00:00,0.22772552478185276,0.14648768106358553,-1,0.48819664550373093,0.3,249.49688938039847,time,56.816810065591106,82400.07416026184
XAGSGD,3,2024-10-31 12:15:00+00:00,2024-10-31 15:45:00+00:00,-1.0301858803677846,0.03018588036777327,1,0.4547780690919723,0.3,249.49688938039847,stop,-257.0281726353696,82143.04598762646
NZDCAD,7,2024-10-31 15:45:00+00:00,2024-10-31 16:15:00+00:00,-1.0783005875766711,0.07830058757667124,1,0.4439923300549445,0.3,246.42913796287897,stop,-265.72468426138494,81877.32130336508
AUDCHF,12,2024-10-31 15:45:00+00:00,2024-10-31 16:30:00+00:00,-1.1644639816600961,0.16446398166009557,1,0.384127002002737,0.3,246.42913796287897,stop,-286.9578551893192,81590.36344817576
NZDCHF,12,2024-10-31 15:45:00+00:00,2024-10-31 16:30:00+00:00,-1.097302743375456,0.097302743375456,1,0.42972950176476377,0.3,246.42913796287897,stop,-270.40736913431584,81319.95607904144
NZDCNH,7,2024-10-31 15:45:00+00:00,2024-10-31 16:30:00+00:00,-1.07958018035121,0.07958018035122473,1,0.3733168738064803,0.3,246.42913796287897,stop,-266.0400132057581,81053.91606583569
GBPCHF,14,2024-10-31 14:15:00+00:00,2024-10-31 16:45:00+00:00,1.4350188001583135,0.0649811998416533,-1,0.3721730883718933,0.3,247.0297720505883,target,354.4923670914169,81408.4084329271
CADJPY,2,2024-11-01 07:30:00+00:00,2024-11-01 11:30:00+00:00,-0.47997719530147537,0.04625276373430726,-1,0.3584326825310638,0.3,244.22522529878086,time,-117.22253866077976,81291.18589426632
USDJPY,2,2024-11-01 07:30:00+00:00,2024-11-01 11:30:00+00:00,-0.6495701879341922,0.03969972948012288,-1,0.440458686523083,0.3,244.22522529878086,time,-158.64142549559952,81132.54446877072
AUDUSD,7,2024-11-01 09:00:00+00:00,2024-11-01 13:00:00+00:00,-0.2551064333931474,0.057391693265483795,1,0.41608995654633546,0.3,244.22522529878086,time,-62.30342617060986,81070.24104260012
US2000,9,2024-11-01 11:45:00+00:00,2024-11-01 14:30:00+00:00,-1.0587105588781547,0.05871055887813118,-1,0.37598559228943756,0.3,243.3976334063117,stop,-257.6876444932165,80812.5533981069
USDCHF,18,2024-11-01 11:15:00+00:00,2024-11-01 15:15:00+00:00,0.34757820578445,0.08086364661327358,-1,0.5027231597225086,0.3,244.22522529878086,time,84.88736561665331,80897.44076372356
CHFSGD,19,2024-11-01 11:15:00+00:00,2024-11-01 15:15:00+00:00,-0.4003928331339047,0.12055681090053325,1,0.4697140438460627,0.3,244.22522529878086,time,-97.78602988014505,80799.6547338434
EURUSD,6,2024-11-01 13:15:00+00:00,2024-11-01 15:30:00+00:00,1.4141512867952233,0.0858487132047438,1,0.35469691329264563,0.3,243.2107231277999,target,343.936757073575,81143.59149091698
NZDCHF,12,2024-11-01 15:30:00+00:00,2024-11-01 15:45:00+00:00,-1.1049999380247368,0.10499993802473673,-1,0.3164913157318476,0.3,243.43077447275053,stop,-268.99099070570304,80874.60050021128
EURGBP,20,2024-11-01 15:45:00+00:00,2024-11-01 16:00:00+00:00,-1.0841965546253067,0.08419655462526258,1,0.3773757966284273,0.3,242.62380150063345,stop,-263.0518896570811,80611.5486105542
GBPJPY,2,2024-11-01 15:30:00+00:00,2024-11-01 16:45:00+00:00,-1.0428571285490846,0.04285712854905571,-1,0.3782816796051436,0.3,243.43077447275053,stop,-253.86351846713242,80357.68509208706
XAUGBP,3,2024-11-01 13:45:00+00:00,2024-11-01 17:15:00+00:00,-1.027817509667515,0.02781750966750717,1,0.4048786027163633,0.3,243.2107231277999,stop,-249.9762397696508,80107.70885231742
CHFJPY,2,2024-11-01 15:45:00+00:00,2024-11-01 19:45:00+00:00,0.24823033335204797,0.04699148343676479,1,0.4503007583509431,0.3,242.62380150063345,time,60.226587125643356,80167.93543944306
FR40,8,2024-11-04 09:15:00+00:00,2024-11-04 11:30:00+00:00,-1.0656394565361205,0.06563945653612044,-1,0.5377042498612964,0.3,240.50380631832874,stop,-256.2903454599322,79911.64509398313
XAUSGD,3,2024-11-04 08:30:00+00:00,2024-11-04 12:30:00+00:00,0.25184983739084954,0.06598685695829176,1,0.535143949541412,0.3,240.50380631832874,time,60.570844513151464,79972.21593849627
CHFJPY,2,2024-11-04 09:45:00+00:00,2024-11-04 13:45:00+00:00,0.12314999968350447,0.09873796258755746,-1,0.3827057442236131,0.3,240.50380631832874,time,29.618043671983806,80001.83398216826
XAUEUR,3,2024-11-04 10:30:00+00:00,2024-11-04 14:30:00+00:00,0.5652035513586189,0.013711137364494126,1,0.5490571275849537,0.3,240.50380631832874,time,135.93360544638486,80137.76758761464
GBPUSD,6,2024-11-04 11:30:00+00:00,2024-11-04 15:30:00+00:00,0.36522343477922825,0.05118513508626623,1,0.5139886314403923,0.3,239.73493528194896,time,87.5568165002494,80225.32440411489
GBPCAD,5,2024-11-04 11:30:00+00:00,2024-11-04 15:30:00+00:00,0.0387549723774423,0.07474925989327993,1,0.4372001255502,0.3,239.73493528194896,time,9.290920794759849,80234.61532490965
NAS100,9,2024-11-04 16:30:00+00:00,2024-11-04 16:30:00+00:00,-1.0197865575751028,0.019786557575087932,1,0.4923714135030006,0.3,240.70384597472858,stop,-245.46654648165622,79989.14877842799
SP500,9,2024-11-04 16:30:00+00:00,2024-11-04 16:30:00+00:00,-1.0448900764926838,0.04489007649269797,1,0.47058687071585187,0.3,239.9674463352836,stop,-250.73960335702847,79738.40917507096
USDCAD,17,2024-11-04 16:30:00+00:00,2024-11-04 17:15:00+00:00,-1.0706402969280882,0.07064029692811456,1,0.48793638529954525,0.3,239.21522752521253,stop,-256.11346222731373,79482.29571284365
US2000,9,2024-11-04 16:45:00+00:00,2024-11-04 17:30:00+00:00,1.4845937414939079,0.015406258506091942,1,0.4963961248423289,0.3,239.21522752521253,target,355.1374296539717,79837.43314249763
AUDCAD,7,2024-11-04 16:00:00+00:00,2024-11-04 18:30:00+00:00,-1.1203922613228978,0.12039226132286522,1,0.44839421238370464,0.3,240.70384597472858,stop,-269.68272630074466,79567.75041619688
XAUGBP,3,2024-11-04 15:00:00+00:00,2024-11-04 19:00:00+00:00,0.3208839404604917,0.028087984178236613,-1,0.39121903254223334,0.3,240.41330276284353,time,77.14476792966244,79644.89518412654
CHFSGD,19,2024-11-04 16:15:00+00:00,2024-11-04 19:45:00+00:00,-1.1941227818260254,0.19412278182597262,-1,0.5008069855047479,0.3,240.70384597472858,stop,-287.429946151566,79357.46523797498
XAUSGD,3,2024-11-04 17:45:00+00:00,2024-11-04 21:45:00+00:00,0.23204703917520625,0.035963009761469635,1,0.5018137632505182,0.3,239.5122994274925,time,55.578119928195086,79413.04335790317
DJ30,9,2024-11-05 09:30:00+00:00,2024-11-05 13:30:00+00:00,-0.5355243681208564,0.03486719592105743,-1,0.542173650209519,0.3,238.2391300737092,time,-127.58285959438562,79285.46049830879
US2000,9,2024-11-05 09:30:00+00:00,2024-11-05 13:30:00+00:00,-1.1425379242759321,0.14253792427594902,-1,0.4772956017719343,0.3,238.2391300737092,stop,-272.1972411557195,79013.26325715307
NZDUSD,7,2024-11-05 13:15:00+00:00,2024-11-05 16:15:00+00:00,-1.0960020572114466,0.09600205721138885,-1,0.3354278231535552,0.3,238.2391300737092,stop,-261.1105766690507,78752.15268048403
US2000,9,2024-11-05 16:15:00+00:00,2024-11-05 16:30:00+00:00,-1.0568947118428147,0.05689471184278735,1,0.4158257413754156,0.3,236.25645804145174,stop,-249.69820114272417,78502.4544793413
DJ30,9,2024-11-05 16:45:00+00:00,2024-11-05 17:00:00+00:00,1.4898213742644604,0.01017862573556933,1,0.43290904559217047,0.3,235.50736343802356,target,350.863903846636,78853.31838318793
NZDCAD,7,2024-11-05 13:45:00+00:00,2024-11-05 17:00:00+00:00,1.3919074313519932,0.10809256864802012,-1,0.3650504038423199,0.3,237.03978977145886,target,329.93744490900775,79183.25582809694
XAUUSD,3,2024-11-05 16:45:00+00:00,2024-11-05 17:30:00+00:00,1.4907541644466484,0.009245835553327102,-1,0.4133106707589607,0.3,235.50736343802356,target,351.08358280308397,79534.33941090002
EURNZD,15,2024-11-05 17:15:00+00:00,2024-11-05 20:30:00+00:00,1.4625197499475706,0.03748025005242932,1,0.4904519812378135,0.3,237.5497674842905,target,347.42122654122807,79881.76063744124
XAGUSD,3,2024-11-05 16:45:00+00:00,2024-11-05 20:45:00+00:00,0.9662694779004548,0.06514176255508508,-1,0.34593204077464074,0.3,235.50736343802356,time,227.5635771109717,80109.32421455221
AU200,10,2024-11-06 06:15:00+00:00,2024-11-06 09:00:00+00:00,1.458330179429481,0.041669820570509816,1,0.5648992811858752,0.3,240.32797264365635,target,350.47753546734674,80459.80175001957
GER40,8,2024-11-06 09:00:00+00:00,2024-11-06 09:00:00+00:00,-1.0076565321355544,0.007656532135567112,-1,0.5843793715624995,0.3,241.3794052500584,stop,-243.22753442321647,80216.57421559635
CHFSGD,19,2024-11-06 06:15:00+00:00,2024-11-06 10:15:00+00:00,0.7420192544785998,0.07127836449692779,-1,0.5336635996297551,0.3,240.32797264365635,time,178.32798309139923,80394.90219868775
GBPCHF,14,2024-11-06 07:30:00+00:00,2024-11-06 11:30:00+00:00,1.0570348269355212,0.04015112817514831,1,0.5315712896576819,0.3,240.32797264365635,time,254.03503697115195,80648.9372356589
XAUCNH,3,2024-11-06 14:45:00+00:00,2024-11-06 15:00:00+00:00,-1.0234971943856148,0.023497194385616215,1,0.5221947639548473,0.3,241.9468117069764,stop,-247.63188297263497,80401.30535268626
XAUSGD,3,2024-11-06 14:45:00+00:00,2024-11-06 15:00:00+00:00,-1.0256567721212773,0.025656772121269343,1,0.5046053431138889,0.3,241.9468117069764,stop,-248.15438592041187,80153.15096676585
GBPUSD,6,2024-11-06 16:45:00+00:00,2024-11-06 20:15:00+00:00,1.475865360572849,0.02413463942715801,1,0.48751283677257257,0.3,240.45945290029726,target,354.8857771578472,80508.0367439237
GBPNZD,16,2024-11-07 09:15:00+00:00,2024-11-07 10:15:00+00:00,-1.1871745809148275,0.18717458091478398,1,0.4960278504160582,0.3,241.5241102317708,stop,-286.7312843452291,80221.30545957848
GBPAUD,16,2024-11-07 09:15:00+00:00,2024-11-07 10:45:00+00:00,-1.0509600971537607,0.05096009715375405,1,0.4574295641541514,0.3,241.5241102317708,stop,-253.83220235415746,79967.47325722432
XAGUSD,3,2024-11-07 07:00:00+00:00,2024-11-07 11:00:00+00:00,0.5254882127780579,0.042226731383951596,1,0.3625550864746368,0.3,241.5241102317708,time,126.91807302850388,80094.39133025282
XAGEUR,3,2024-11-07 07:00:00+00:00,2024-11-07 11:00:00+00:00,0.2707857232322659,0.02412942088208324,1,0.3901538371136449,0.3,241.5241102317708,time,65.40128086713958,80159.79261111996
GBPJPY,2,2024-11-07 12:15:00+00:00,2024-11-07 16:15:00+00:00,0.5969029121509604,0.035799441863272205,1,0.4259617364228048,0.3,240.47937783335956,time,143.54284094098344,80303.33545206094
AUDJPY,1,2024-11-07 17:15:00+00:00,2024-11-07 21:15:00+00:00,0.7801117489795404,0.07226972938287217,-1,0.5186245527840058,0.3,240.91000635618252,time,187.93672640519372,80491.27217846614
GBPJPY,2,2024-11-07 18:00:00+00:00,2024-11-07 22:00:00+00:00,-0.8699957509812462,0.03541240959661894,1,0.5084170839316084,0.3,240.91000635618252,time,-209.5906818987438,80281.6814965674
GBPUSD,6,2024-11-08 08:30:00+00:00,2024-11-08 10:00:00+00:00,-1.0758635992851922,0.07586359928517036,1,0.45338263418529245,0.3,240.84504448970188,stop,-259.1164164346929,80022.56508013271
NZDCAD,7,2024-11-08 09:15:00+00:00,2024-11-08 13:15:00+00:00,0.12494232006906589,0.10004803701874952,-1,0.48059081513216495,0.3,240.84504448970188,time,30.091738635680745,80052.65681876839
GBPNZD,16,2024-11-08 11:00:00+00:00,2024-11-08 14:00:00+00:00,-1.143003259215969,0.14300325921602325,-1,0.4095341058494754,0.3,240.06769524039777,stop,-274.3981580922406,79778.25866067615
EURCAD,4,2024-11-08 14:45:00+00:00,2024-11-08 15:30:00+00:00,-1.1228388359443737,0.12283883594439335,1,0.3455846425412837,0.3,239.33477598202808,stop,-268.7343812646679,79509.52427941147
AUDJPY,1,2024-11-08 12:15:00+00:00,2024-11-08 16:15:00+00:00,-0.825801167905882,0.0585597617074108,1,0.4979048209037911,0.3,240.06769524039777,time,-198.24818310599383,79311.27609630549
XAGUSD,3,2024-11-08 18:00:00+00:00,2024-11-08 20:00:00+00:00,-0.2182693874656954,0.031181341066528413,1,0.49643235283729537,0.3,237.9338282889161,weekend,-51.93367095798966,79259.3424253475
DJ30,9,2024-11-11 08:45:00+00:00,2024-11-11 10:00:00+00:00,-1.0699676649276832,0.06996766492768504,-1,0.4647922738617983,0.3,237.77802727604208,stop,-254.41480061565773,79004.92762473183
XAUGBP,3,2024-11-11 11:30:00+00:00,2024-11-11 14:45:00+00:00,-1.0217780245521721,0.021778024552172075,1,0.5119325799634139,0.3,237.0147828741951,stop,-242.17649663485707,78762.75112809698
XAGEUR,3,2024-11-11 15:15:00+00:00,2024-11-11 15:30:00+00:00,-1.0380800740072642,0.03808007400726644,1,0.42061832720441755,0.3,236.28825338429056,stop,-245.28612756021153,78517.46500053677
XAGSGD,3,2024-11-11 15:15:00+00:00,2024-11-11 15:30:00+00:00,-1.0594242494375912,0.0594242494375815,1,0.4416554790747398,0.3,236.28825338429056,stop,-250.32950549257137,78267.1354950442
CHFSGD,19,2024-11-11 12:00:00+00:00,2024-11-11 16:00:00+00:00,-0.023664996780680184,0.1714116075531924,-1,0.45507468575941307,0.3,237.0147828741951,time,-5.60895407369144,78261.5265409705
US2000,9,2024-11-11 16:45:00+00:00,2024-11-11 18:30:00+00:00,-1.0257881843137908,0.0257881843137909,-1,0.5628389065782952,0.3,234.78457962291114,stop,-240.83924763626266,78020.68729333424
GBPJPY,2,2024-11-11 16:15:00+00:00,2024-11-11 20:15:00+00:00,-0.4314359158632983,0.0415842218214021,1,0.46123523915727854,0.3,234.78457962291114,time,-101.29450014019015,77919.39279319406
CHFJPY,2,2024-11-11 16:15:00+00:00,2024-11-11 20:15:00+00:00,-0.26684487095026016,0.08340379605754504,1,0.484024030918177,0.3,234.78457962291114,time,-62.6510608505868,77856.74173234346
EURNZD,15,2024-11-11 17:00:00+00:00,2024-11-11 21:00:00+00:00,0.2638303956509425,0.1095064437891003,1,0.4689063254889129,0.3,234.78457962291114,time,61.943308534652864,77918.68504087812
GBPCAD,5,2024-11-12 06:30:00+00:00,2024-11-12 07:45:00+00:00,-1.2265705849829458,0.22657058498299493,1,0.4970486012060724,0.3,233.75605512263394,stop,-286.71830127507485,77631.96673960304
XAUCNH,3,2024-11-12 08:30:00+00:00,2024-11-12 09:30:00+00:00,-1.056705087881855,0.056705087881825565,1,0.541348110548455,0.3,232.89590021880872,stop,-246.10228270803998,77385.86445689501
XAUAUD,3,2024-11-12 08:30:00+00:00,2024-11-12 09:30:00+00:00,-1.0477964061208034,0.04779640612080618,1,0.48305893097038144,0.3,232.89590021880872,stop,-244.027487249537,77141.83696964546
FR40,8,2024-11-12 09:15:00+00:00,2024-11-12 09:30:00+00:00,-1.0986976131045765,0.09869761310456727,1,0.49563098645776615,0.3,232.89590021880872,stop,-255.88216967224676,76885.95479997322
DJ30,9,2024-11-12 12:30:00+00:00,2024-11-12 15:15:00+00:00,1.4729079309646462,0.02709206903531657,1,0.4890575417230021,0.3,230.65786439991925,target,339.737797814009,77225.69259778723
GBPAUD,16,2024-11-12 15:30:00+00:00,2024-11-12 17:15:00+00:00,-1.0528392889833347,0.0528392889833329,1,0.4644926232796455,0.3,231.67707779336126,stop,-243.9187298576992,76981.77386792953
US2000,9,2024-11-12 17:00:00+00:00,2024-11-12 18:00:00+00:00,1.4820456443801293,0.0179543556198838,-1,0.45284884076357285,0.3,231.67707779336126,target,343.35600404636745,77325.12987197589
USDCAD,17,2024-11-12 16:45:00+00:00,2024-11-12 20:45:00+00:00,-0.48026540860216543,0.09082702917574448,-1,0.467140026032385,0.3,231.67707779336126,time,-111.26648643018432,77213.86338554572
GBPNZD,16,2024-11-12 17:00:00+00:00,2024-11-12 21:00:00+00:00,-0.47103114795232687,0.11892740601688784,1,0.47441958084221164,0.3,231.67707779336126,time,-109.12711990724749,77104.73626563846
GBPCHF,14,2024-11-13 08:15:00+00:00,2024-11-13 09:00:00+00:00,-1.2379043363091107,0.23790433630913943,-1,0.4662290754828992,0.3,231.31420879691493,stop,-286.344862119612,76818.39140351885
USDCHF,18,2024-11-13 07:30:00+00:00,2024-11-13 09:45:00+00:00,-1.1980502616859416,0.19805026168595408,-1,0.3236038302265143,0.3,231.31420879691493,stop,-277.12604838082046,76541.26535513804
NAS100,9,2024-11-13 11:15:00+00:00,2024-11-13 15:15:00+00:00,0.6762954546175312,0.02689811467228743,-1,0.34210727614318975,0.3,229.62379606541367,time,155.2935295510622,76696.55888468909
GBPAUD,16,2024-11-13 11:15:00+00:00,2024-11-13 15:15:00+00:00,-0.31103345615677574,0.05595011442897552,-1,0.40646844581173025,0.3,229.62379606541367,time,-71.42068290606426,76625.13820178303
GBPUSD,6,2024-11-13 14:15:00+00:00,2024-11-13 15:30:00+00:00,-1.0516651728644413,0.05166517286440625,-1,0.3220751485501436,0.3,229.62379606541367,stop,-241.4873491829225,76383.65085260011
CADJPY,2,2024-11-13 15:30:00+00:00,2024-11-13 15:45:00+00:00,1.4099087908854933,0.0900912091145346,-1,0.45748327676418715,0.3,229.1509525577999,target,323.0819424510267,76706.73279505114
XAUAUD,3,2024-11-13 15:45:00+00:00,2024-11-13 16:00:00+00:00,-1.0303904115393256,0.030390411539325694,-1,0.41953836544614614,0.3,230.12019838515297,stop,-237.11364591758903,76469.61914913355
GBPCAD,5,2024-11-13 14:15:00+00:00,2024-11-13 18:15:00+00:00,0.7265013304821537,0.06067055552647363,-1,0.32889064247569894,0.3,229.62379606541367,time,166.82199335188577,76636.44114248543
XAUGBP,3,2024-11-13 15:45:00+00:00,2024-11-13 18:30:00+00:00,1.4877420271375645,0.012257972862453568,-1,0.39627479750568995,0.3,230.12019838515297,target,342.359490430826,76978.80063291626
XAUEUR,3,2024-11-13 16:45:00+00:00,2024-11-13 19:00:00+00:00,1.484928057579419,0.015071942420599073,-1,0.4064827211541721,0.3,229.40885744740018,target,340.6556490808818,77319.45628199715
USDCHF,18,2024-11-13 15:45:00+00:00,2024-11-13 19:00:00+00:00,1.469010525272005,0.03098947472799505,1,0.5096303892005342,0.3,230.12019838515297,target,338.04899350547157,77657.50527550261
GBPCHF,14,2024-11-13 15:45:00+00:00,2024-11-13 19:45:00+00:00,0.55911111894369,0.07982038796709273,1,0.37001944650234614,0.3,230.12019838515297,time,128.66276161066682,77786.16803711328
NZDCAD,7,2024-11-14 11:30:00+00:00,2024-11-14 15:15:00+00:00,1.407127821994106,0.09287217800588272,1,0.4130542094894103,0.3,233.35850411133939,target,328.3652436339916,78114.53328074727
CADJPY,2,2024-11-14 11:15:00+00:00,2024-11-14 15:15:00+00:00,0.6635439294820338,0.1006002395452413,-1,0.40743585372593144,0.3,233.35850411133939,time,154.84361879608747,78269.37689954336
NZDCAD,7,2024-11-14 15:30:00+00:00,2024-11-14 16:30:00+00:00,-1.106518009004128,0.10651800900411634,-1,0.3091122995684417,0.3,234.80813069862964,stop,-259.8194252786287,78009.55747426473
GBPNZD,16,2024-11-14 15:45:00+00:00,2024-11-14 19:45:00+00:00,0.40379078095051596,0.10129752902184612,1,0.43983338837027613,0.3,234.80813069862964,time,94.81335846833048,78104.37083273305
NZDCNH,7,2024-11-14 15:45:00+00:00,2024-11-14 19:45:00+00:00,-0.5677117474742713,0.12628109837432727,-1,0.42983562777207257,0.3,234.80813069862964,time,-133.30333420008614,77971.06749853297
NAS100,9,2024-11-14 17:30:00+00:00,2024-11-14 19:45:00+00:00,-1.0199014538972562,0.01990145389723958,1,0.4910110702007146,0.3,234.02867242279376,stop,-238.68618325765206,77732.38131527533
AUDCAD,7,2024-11-14 16:45:00+00:00,2024-11-14 20:45:00+00:00,-0.2938434607750832,0.07558518661729692,-1,0.3493526119264914,0.3,234.02867242279376,time,-68.767795025312,77663.61352025002
XAUCNH,3,2024-11-15 07:45:00+00:00,2024-11-15 07:45:00+00:00,-1.0972292574399034,0.09722925743994616,1,0.43087461520931153,0.3,232.99084056074958,stop,-255.6443669787702,77407.96915327125
GBPCHF,14,2024-11-15 09:15:00+00:00,2024-11-15 09:30:00+00:00,-1.1855866188252553,0.18558661882533717,1,0.4880418976587298,0.3,232.22390745981323,stop,-275.32155725566895,77132.64759601557
GBPNZD,16,2024-11-15 09:15:00+00:00,2024-11-15 10:00:00+00:00,-1.2204182635098038,0.22041826350983582,1,0.4615206920771348,0.3,232.22390745981323,stop,-283.4102978875666,76849.237298128
EURAUD,15,2024-11-15 09:00:00+00:00,2024-11-15 10:15:00+00:00,-1.0768398030545645,0.07683980305451679,-1,0.34044515299781564,0.3,232.22390745981323,stop,-250.0679467735867,76599.16935135442
GBPCAD,5,2024-11-15 09:00:00+00:00,2024-11-15 10:30:00+00:00,1.3881179318906303,0.1118820681094224,-1,0.3934826532887809,0.3,232.22390745981323,target,322.35417015867705,76921.5235215131
GER40,8,2024-11-15 11:15:00+00:00,2024-11-15 12:00:00+00:00,-1.0165577558833818,0.016557755883376282,-1,0.4652800303775442,0.3,230.76457056453884,stop,-234.5855139904799,76686.9380075226
AUDCAD,7,2024-11-15 09:30:00+00:00,2024-11-15 13:30:00+00:00,0.03687805660141303,0.09952679456568041,-1,0.3587996736769589,0.3,231.39794278804624,time,8.533506431588103,76695.4715139542
AU200,10,2024-11-15 12:15:00+00:00,2024-11-15 16:15:00+00:00,-0.25440515095986865,0.07429530957235103,-1,0.32043510795144253,0.3,230.06081402256743,time,-58.528656121361536,76636.94285783284
GBPNZD,16,2024-11-15 15:45:00+00:00,2024-11-15 18:45:00+00:00,-1.1260174691590905,0.12601746915910403,1,0.41962989156459973,0.3,230.08641454186218,stop,-259.081322190317,76377.86153564253
XAGSGD,3,2024-11-15 15:45:00+00:00,2024-11-15 19:00:00+00:00,-1.012434987764593,0.012434987764592979,1,0.38985792627737276,0.3,230.08641454186218,stop,-232.9475362914893,76144.91399935103
XAGEUR,3,2024-11-15 15:45:00+00:00,2024-11-15 19:00:00+00:00,-1.0058755835068836,0.005875583506883559,1,0.4115676910051673,0.3,230.08641454186218,stop,-231.43830648430233,75913.47569286673
EURGBP,20,2024-11-18 10:15:00+00:00,2024-11-18 11:15:00+00:00,-1.0992245498467104,0.0992245498467429,-1,0.4299426772520851,0.3,227.74042707859974,stop,-250.33786843737136,75663.13782442936
XAGUSD,3,2024-11-18 09:00:00+00:00,2024-11-18 13:00:00+00:00,-0.9316016825993212,0.11601077556897237,-1,0.4521918750282243,0.3,227.74042707859974,time,-212.16336506231153,75450.97445936705
FR40,8,2024-11-18 10:00:00+00:00,2024-11-18 13:30:00+00:00,-1.087969436997206,0.08796943699718603,1,0.46518586489653196,0.3,227.74042707859974,stop,-247.7746242302074,75203.19983513684
NZDCNH,7,2024-11-19 06:15:00+00:00,2024-11-19 09:30:00+00:00,-1.245643473300124,0.2456434733001071,-1,0.4699065267938787,0.3,225.60959950541007,stop,-281.029125137769,74922.17070999907
EURCAD,4,2024-11-19 09:45:00+00:00,2024-11-19 10:15:00+00:00,-1.1785697698070918,0.1785697698070685,1,0.41995348863968,0.3,224.76651212999678,stop,-264.90301646139324,74657.26769353768
GBPCHF,14,2024-11-19 10:15:00+00:00,2024-11-19 10:30:00+00:00,1.4075926660940399,0.0924073339059601,-1,0.4619710095796799,0.3,223.9718030806126,target,315.2610674281288,74972.52876096581
DJ30,9,2024-11-19 10:15:00+00:00,2024-11-19 10:30:00+00:00,1.4710317307964595,0.02896826920355562,-1,0.49760137003504273,0.3,223.9718030806126,target,329.4696291352774,75301.99839010109
USDCHF,18,2024-11-19 06:45:00+00:00,2024-11-19 10:45:00+00:00,0.29603172807987,0.12018460289655326,-1,0.4970894979756435,0.3,225.60959950541007,time,66.78759961299393,75368.78598971409
FR40,8,2024-11-19 10:15:00+00:00,2024-11-19 11:15:00+00:00,1.4596655282329813,0.040334471767018744,-1,0.4665360356032607,0.3,223.9718030806126,target,326.92392025295567,75695.70990996703
USDCHF,18,2024-11-19 11:30:00+00:00,2024-11-19 15:30:00+00:00,1.4243800108781115,0.07561998912190011,-1,0.5288037714330994,0.3,227.08712972990065,target,323.458368314955,76019.16827828198
GBPCAD,5,2024-11-19 13:45:00+00:00,2024-11-19 15:30:00+00:00,-1.0711014830217862,0.07110148302181957,1,0.4475660006952868,0.3,227.08712972990065,stop,-243.23336142885734,75775.93491685313
NZDCAD,7,2024-11-19 13:45:00+00:00,2024-11-19 17:45:00+00:00,-0.1343666061336538,0.1078562252760918,1,0.45689546952854393,0.3,227.08712972990065,time,-30.512926918439508,75745.4219899347
GER40,8,2024-11-19 16:15:00+00:00,2024-11-19 18:15:00+00:00,1.4946474716416502,0.005352528358341186,1,0.5212682846903447,0.3,227.32780475055898,target,339.7749286042697,76085.19691853896
NAS100,9,2024-11-19 16:15:00+00:00,2024-11-19 18:30:00+00:00,1.492145556245841,0.007854443754159007,1,0.5633107287543629,0.3,227.32780475055898,target,339.2061736696688,76424.40309220864
GBPAUD,16,2024-11-19 15:30:00+00:00,2024-11-19 19:30:00+00:00,-0.43738042598412036,0.04461608058157701,1,0.3962307581813194,0.3,227.32780475055898,time,-99.42873207983443,76324.9743601288
AUDCAD,7,2024-11-19 15:30:00+00:00,2024-11-19 19:30:00+00:00,-0.13754786477516737,0.08726050772655472,-1,0.3875085971508747,0.3,227.32780475055898,time,-31.268454147465537,76293.70590598133
GBPCAD,5,2024-11-20 09:15:00+00:00,2024-11-20 13:15:00+00:00,-0.7546047258663034,0.05254757903389572,1,0.40416564154512064,0.3,228.88111771794357,time,-172.71477309152195,76120.99113288982
AUDCAD,7,2024-11-20 13:30:00+00:00,2024-11-20 16:15:00+00:00,-1.1394201442031828,0.13942014420316218,1,0.4225707993636725,0.3,228.36297339866903,stop,-260.20137208057906,75860.78976080923
DJ30,9,2024-11-20 15:15:00+00:00,2024-11-20 16:15:00+00:00,1.4790488955561225,0.020951104443914036,-1,0.34527332254492943,0.3,228.36297339866903,target,337.7600035912136,76198.54976440045
EURCHF,13,2024-11-20 15:30:00+00:00,2024-11-20 16:15:00+00:00,-1.1042419375430308,0.10424193754304238,1,0.42864685985353773,0.3,228.36297339866903,stop,-252.16797220883387,75946.38179219162
CADJPY,2,2024-11-20 17:30:00+00:00,2024-11-20 21:30:00+00:00,0.6099630859374575,0.05260120990399868,1,0.5389890307132092,0.3,227.8391453765744,time,138.97346821124833,76085.35526040287
FR40,8,2024-11-21 06:15:00+00:00,2024-11-21 09:00:00+00:00,0.9666941654666149,0.5333058345333717,1,0.4308048008461225,0.3,228.25606578120815,target,220.65380702305777,76306.00906742591
EURUSD,6,2024-11-21 08:30:00+00:00,2024-11-21 09:00:00+00:00,1.4044674292306523,0.09553257076923394,-1,0.42224222630893365,0.3,228.25606578120815,target,320.57820991403605,76626.58727733995
FR40,8,2024-11-21 09:45:00+00:00,2024-11-21 10:00:00+00:00,-1.0750852385710084,0.07508523857101662,1,0.43038959950670946,0.3,229.87976183201943,stop,-247.1403385918232,76379.44693874812
GER40,8,2024-11-21 09:45:00+00:00,2024-11-21 10:15:00+00:00,-1.016180450616284,0.01618045061628091,1,0.4407082636289492,0.3,229.87976183201943,stop,-233.59931996602552,76145.8476187821
NZDUSD,7,2024-11-21 09:45:00+00:00,2024-11-21 13:45:00+00:00,0.5326831244831348,0.06536490105044516,1,0.4944397267343715,0.3,229.87976183201943,time,122.45306978811898,76268.30068857022
AUDCHF,12,2024-11-21 10:00:00+00:00,2024-11-21 14:00:00+00:00,-0.7501118464126221,0.17642723995296136,-1,0.5074892001797394,0.3,229.13834081624398,time,-171.87938391359745,76096.42130465663
XAGUSD,3,2024-11-21 15:15:00+00:00,2024-11-21 16:30:00+00:00,-1.0447150457702992,0.04471504577029289,1,0.37760109050757523,0.3,228.28926391396945,stop,-238.4972287987505,75857.92407585788
XAGSGD,3,2024-11-21 16:30:00+00:00,2024-11-21 16:45:00+00:00,1.4902446567587302,0.009755343241270403,-1,0.4373364429017003,0.3,227.57377222757322,target,339.1405980805693,76197.06467393844
NAS100,9,2024-11-21 17:15:00+00:00,2024-11-21 17:15:00+00:00,-1.0048268097342443,0.004826809734255828,1,0.5217740624348368,0.3,228.5911940218149,stop,-229.69456022228195,75967.37011371617
US2000,9,2024-11-21 17:30:00+00:00,2024-11-21 17:45:00+00:00,-1.0210796090209573,0.021079609020953616,-1,0.5072057459596172,0.3,227.90211034114807,stop,-232.70619772219055,75734.66391599397
GBPUSD,6,2024-11-21 16:45:00+00:00,2024-11-21 18:00:00+00:00,-1.0416918824311598,0.04169188243119559,1,0.437499759783843,0.3,228.5911940218149,stop,-238.12159120777088,75496.5423247862
USDCHF,18,2024-11-21 17:15:00+00:00,2024-11-21 18:15:00+00:00,1.4519896232883591,0.048010376711657414,1,0.5166116232914688,0.3,227.90211034114807,target,330.91149934086565,75827.45382412706
GBPNZD,16,2024-11-21 15:00:00+00:00,2024-11-21 19:00:00+00:00,-0.6738107305100445,0.12050228073440163,1,0.500366073758873,0.3,228.28926391396945,time,-153.8237556854721,75673.63006844159
GER40,8,2024-11-21 16:45:00+00:00,2024-11-21 20:45:00+00:00,1.0860886208015974,0.007455985955159708,1,0.41169718550221174,0.3,228.5911940218149,time,248.27029464254332,75921.90036308413
AUDCAD,7,2024-11-22 06:30:00+00:00,2024-11-22 07:00:00+00:00,-1.1660158559784646,0.16601585597845886,1,0.46044985569496993,0.3,227.76570108925196,stop,-265.5784189181192,75656.32194416602
EURCAD,4,2024-11-22 09:15:00+00:00,2024-11-22 09:30:00+00:00,-1.0945973799532993,0.09459737995329931,-1,0.35530641422761616,0.3,226.9689658324976,stop,-248.43963533096178,75407.88230883506
AUDJPY,1,2024-11-22 09:45:00+00:00,2024-11-22 11:00:00+00:00,1.4526822270441782,0.04731777295581657,-1,0.3417334620095034,0.3,226.22364692650473,target,328.63107122725074,75736.5133800623
CHFSGD,19,2024-11-22 11:00:00+00:00,2024-11-22 11:15:00+00:00,1.3375799455191715,0.16242005448086635,-1,0.4818264001649375,0.3,227.2095401401865,target,303.9109243221467,76040.42430438445
GBPNZD,16,2024-11-22 11:45:00+00:00,2024-11-22 13:30:00+00:00,-1.0382952486298938,0.038295248629893676,1,0.49950742439047335,0.3,228.12127291315292,stop,-236.85723377712995,75803.56707060733
NZDCAD,7,2024-11-22 17:00:00+00:00,2024-11-22 20:00:00+00:00,-0.11729048122799322,0.06325254230550123,1,0.37962110592766035,0.3,227.41070121182153,weekend,-26.67311058152993,75776.8939600258
GBPCAD,5,2024-11-25 09:30:00+00:00,2024-11-25 10:15:00+00:00,1.3987430715564215,0.1012569284435283,-1,0.4136440573677697,0.3,227.33068188007695,target,317.97721623195457,76094.87117625774
EURNZD,15,2024-11-25 14:30:00+00:00,2024-11-25 17:45:00+00:00,-1.0552515284989692,0.05525152849896696,-1,0.340550798171092,0.3,228.28461352877284,stop,-240.897687359034,75853.97348889872
AUDJPY,1,2024-11-25 17:15:00+00:00,2024-11-25 21:15:00+00:00,0.2115113265719488,0.04467097343888792,1,0.5331461588720293,0.3,228.28461352877284,time,48.28478144343539,75902.25827034215
CNHJPY,2,2024-11-25 17:15:00+00:00,2024-11-25 21:15:00+00:00,0.1935009427933169,0.13780508625071433,1,0.4410556656269636,0.3,228.28461352877284,time,44.17328794302553,75946.43155828517
USDCHF,18,2024-11-25 17:45:00+00:00,2024-11-25 21:45:00+00:00,-0.07302496710736057,0.03906063624865542,1,0.5019651477589174,0.3,227.56192046669574,time,-16.61770175696826,75929.8138565282
XAUSGD,3,2024-11-26 10:00:00+00:00,2024-11-26 12:30:00+00:00,1.4730974061704405,0.026902593829570675,1,0.49485372669020605,0.3,227.7894415695842,target,335.5560355291676,76265.36989205738
XAUEUR,3,2024-11-26 10:00:00+00:00,2024-11-26 14:00:00+00:00,0.5526248626338789,0.020236966800677325,1,0.4652954821722408,0.3,227.7894415695842,time,125.88210885683945,76391.25200091422
AUDCAD,7,2024-11-26 10:45:00+00:00,2024-11-26 14:45:00+00:00,-0.1943440537203029,0.046403257943996995,-1,0.5982194069534855,0.3,227.7894415695842,time,-44.269523469317065,76346.9824774449
EURGBP,20,2024-11-26 14:30:00+00:00,2024-11-26 16:00:00+00:00,1.437504894626065,0.062495105373900385,-1,0.37670118132851904,0.3,229.17375600274218,target,329.4383959737814,76676.42087341868
USDCHF,18,2024-11-26 13:00:00+00:00,2024-11-26 16:30:00+00:00,1.4465636915898903,0.05343630841014555,1,0.3557666735626264,0.3,228.79610967617168,target,330.96814503456835,77007.38901845325
DJ30,9,2024-11-26 16:00:00+00:00,2024-11-26 17:15:00+00:00,-1.0216003402368812,0.021600340236866595,1,0.48230412708328924,0.3,230.02926262025557,stop,-234.99797295729198,76772.39104549596
NZDJPY,1,2024-11-26 16:45:00+00:00,2024-11-26 18:45:00+00:00,-1.0652391670995003,0.06523916709951848,1,0.4568748753907112,0.3,231.0221670553593,stop,-246.09386081557255,76526.29718468038
USDCHF,18,2024-11-27 10:00:00+00:00,2024-11-27 10:00:00+00:00,-1.1473668014197724,0.147366801419803,1,0.5498076643103454,0.3,230.6001691689008,stop,-264.58297850618015,76261.7142061742
GER40,8,2024-11-27 09:45:00+00:00,2024-11-27 10:00:00+00:00,1.4828274033195021,0.017172596680487606,-1,0.34331812346435725,0.3,229.57889155404067,target,340.4258716200477,76602.14007779425
JP225,11,2024-11-27 07:30:00+00:00,2024-11-27 10:15:00+00:00,-1.0647824052981891,0.06478240529818488,1,0.4821570497125674,0.3,229.57889155404067,stop,-244.45156435460353,76357.68851343964
US2000,9,2024-11-27 07:00:00+00:00,2024-11-27 11:00:00+00:00,0.7272655233460529,0.0826438094711454,1,0.4879952065918072,0.3,229.57889155404067,time,166.9648127152561,76524.6533261549
USDCAD,17,2024-11-27 10:30:00+00:00,2024-11-27 14:30:00+00:00,0.4841836392369097,0.0655791814361136,1,0.45048927776556047,0.3,229.07306554031845,time,110.91343052446652,76635.56675667937
NZDJPY,1,2024-11-27 12:00:00+00:00,2024-11-27 16:00:00+00:00,0.19652958475400084,0.040965007341259504,1,0.4761669575778745,0.3,229.57395997846422,time,45.11807502489918,76680.68483170427
EURJPY,2,2024-11-27 12:00:00+00:00,2024-11-27 16:00:00+00:00,1.0318384304656931,0.03016524094363318,1,0.5063250889005068,0.3,229.57395997846422,time,236.88323453997236,76917.56806624425
DJ30,9,2024-11-27 16:00:00+00:00,2024-11-27 16:30:00+00:00,-1.037875034337187,0.037875034337138465,-1,0.31200812975531506,0.3,230.75270419873223,stop,-239.49247079365796,76678.07559545059
US2000,9,2024-11-27 15:45:00+00:00,2024-11-27 17:15:00+00:00,1.4763957476832008,0.023604252316787484,-1,0.4043408845562713,0.3,229.90670027003762,target,339.43327464255975,77017.50887009315
NAS100,9,2024-11-27 17:45:00+00:00,2024-11-27 18:00:00+00:00,-1.0178642795145083,0.017864279514492924,1,0.49538603933110553,0.3,231.052526610279,stop,-235.18011352817837,76782.32875656497
CHFJPY,2,2024-11-27 16:45:00+00:00,2024-11-27 18:30:00+00:00,-1.0680127804845183,0.06801278048449667,1,0.4820630941291582,0.3,230.03422678635127,stop,-245.67949415669727,76536.64926240826
GBPNZD,16,2024-11-27 17:00:00+00:00,2024-11-27 19:15:00+00:00,1.4565226141661418,0.043477385833813144,1,0.5035071596488819,0.3,230.03422678635127,target,335.05005334654345,76871.69931575481
XAUCNH,3,2024-11-27 17:30:00+00:00,2024-11-27 21:30:00+00:00,-1.0346719065311323,0.03467190653112443,1,0.4871056555105994,0.3,231.052526610279,stop,-239.06355821669254,76632.63575753811
FR40,8,2024-11-28 10:15:00+00:00,2024-11-28 10:30:00+00:00,-1.0724230222058677,0.07242302220586405,-1,0.43335544985838936,0.3,229.8979072726139,stop,-246.54780851610093,76386.08794902201
USDCAD,17,2024-11-28 10:15:00+00:00,2024-11-28 12:15:00+00:00,1.4101026578889868,0.0898973421110552,-1,0.3926216312959861,0.3,229.8979072726139,target,324.1796500882287,76710.26759911024
NZDUSD,7,2024-11-28 10:15:00+00:00,2024-11-28 14:15:00+00:00,-0.1621283278915276,0.06371702458167854,1,0.44354568843855663,0.3,229.8979072726139,time,-37.272963291870354,76672.99463581838
EURCHF,13,2024-11-28 11:00:00+00:00,2024-11-28 15:00:00+00:00,0.5902519308628882,0.09573675461304854,-1,0.42359483977434903,0.3,229.15826384706565,time,135.26110770891768,76808.25574352729
EURJPY,2,2024-11-28 11:00:00+00:00,2024-11-28 15:00:00+00:00,0.2941933427788771,0.04151565096463051,-1,0.47953344852662044,0.3,229.15826384706565,time,67.41683566657214,76875.67257919387
CNHJPY,2,2024-11-28 11:00:00+00:00,2024-11-28 15:00:00+00:00,-0.034187796640428966,0.174263445262809,-1,0.3911526097188021,0.3,229.15826384706565,time,-7.834416122877246,76867.83816307099
AUDCHF,12,2024-11-28 11:15:00+00:00,2024-11-28 15:15:00+00:00,-0.1129953583772351,0.1129953583772351,-1,0.4354970350386842,0.3,229.15826384706565,time,-25.89382014850418,76841.94434292248
XAUEUR,3,2024-11-28 16:15:00+00:00,2024-11-28 17:15:00+00:00,1.4846082114590553,0.015391788540934623,-1,0.3960397318703765,0.3,230.52583302876712,target,342.2405446679468,77184.18488759043
GBPAUD,16,2024-11-28 17:45:00+00:00,2024-11-28 21:45:00+00:00,0.11982451049766754,0.06628015479170518,-1,0.30209808219082546,0.3,231.55255466277097,time,27.74567151695094,77211.93055910738
NZDCHF,12,2024-11-29 06:15:00+00:00,2024-11-29 10:15:00+00:00,-0.37419441331585634,0.05992256290817851,-1,0.3590611642683568,0.3,231.63579167732183,time,-86.67681916964936,77125.25373993773
CHFJPY,2,2024-11-29 06:30:00+00:00,2024-11-29 10:30:00+00:00,0.28635554028894045,0.05659085384270784,1,0.45685466763587934,0.3,231.63579167732183,time,66.33019227601595,77191.58393221375
US2000,9,2024-11-29 06:30:00+00:00,2024-11-29 10:30:00+00:00,0.1658187976558287,0.10814269412338647,-1,0.3624299119793009,0.3,231.63579167732183,time,38.409568469989516,77229.99350068373
XAUUSD,3,2024-11-29 06:45:00+00:00,2024-11-29 10:45:00+00:00,0.3131824783961536,0.01059639964498264,-1,0.4266264500531097,0.3,231.63579167732183,time,72.54427132275877,77302.5377720065
GBPAUD,16,2024-11-29 09:30:00+00:00,2024-11-29 13:30:00+00:00,0.6286832956026335,0.08220924561799804,-1,0.40364857698570616,0.3,231.63579167732183,time,145.62555289122375,77448.16332489772
GER40,8,2024-11-29 12:30:00+00:00,2024-11-29 13:30:00+00:00,-1.0188096932902209,0.01880969329020692,-1,0.38319233594713786,0.3,231.90761331601917,stop,-236.26972439416062,77211.89360050355
XAUAUD,3,2024-11-29 12:15:00+00:00,2024-11-29 16:15:00+00:00,0.38133279180992263,0.039761611857043015,-1,0.4225988886445354,0.3,231.90761331601917,time,88.43397762777357,77300.32757813133
EURAUD,15,2024-11-29 15:15:00+00:00,2024-11-29 16:45:00+00:00,1.4546451026559784,0.04535489734398578,-1,0.399755122474017,0.3,231.63568080151035,target,336.94770867830044,77637.27528680963
GBPJPY,2,2024-11-29 13:00:00+00:00,2024-11-29 17:00:00+00:00,0.43517058382854334,0.03243468434438091,1,0.40962266530169994,0.3,231.90761331601917,time,100.91937148101613,77738.19465829065
CADJPY,2,2024-11-29 13:15:00+00:00,2024-11-29 17:15:00+00:00,-0.0758762970734969,0.056903191020085786,1,0.3705653590630953,0.3,231.90761331601917,time,-17.596290961571917,77720.59836732908
AUDUSD,7,2024-11-29 14:00:00+00:00,2024-11-29 18:00:00+00:00,-0.43628165382021705,0.04550577584141728,-1,0.35969835774072806,0.3,231.63568080151035,time,-101.05839790385484,77619.53996942521
EURGBP,20,2024-11-29 14:30:00+00:00,2024-11-29 18:30:00+00:00,-0.9760156194058593,0.07498621695516483,1,0.40198198096040505,0.3,231.63568080151035,time,-226.08004247398404,77393.45992695124
EURUSD,6,2024-11-29 15:00:00+00:00,2024-11-29 19:00:00+00:00,-0.8936822840139177,0.037515337681273034,1,0.3104931988614363,0.3,231.63568080151035,time,-207.00870427781254,77186.45122267342
GBPAUD,16,2024-11-29 15:15:00+00:00,2024-11-29 19:15:00+00:00,0.513991948080817,0.05840779880097043,-1,0.3933074578575191,0.3,231.63568080151035,time,119.05887482019462,77305.51009749362
USDCHF,18,2024-11-29 16:15:00+00:00,2024-11-29 20:00:00+00:00,-0.567990740570582,0.05711912266538976,1,0.4416343793093748,0.3,231.90098273439366,weekend,-131.717610922354,77173.79248657126
EURAUD,15,2024-12-02 08:00:00+00:00,2024-12-02 09:00:00+00:00,-1.0662699715586774,0.0662699715587239,1,0.48081304112399087,0.3,231.52137745971345,stop,-246.86429255919447,76926.92819401206
AUDJPY,1,2024-12-02 08:00:00+00:00,2024-12-02 09:30:00+00:00,1.4550436477546485,0.0449563522453218,-1,0.48107437572899864,0.3,231.52137745971345,target,336.8737095921623,77263.80190360422
EURCHF,13,2024-12-02 09:30:00+00:00,2024-12-02 09:45:00+00:00,-1.1141312010604958,0.11413120106048266,1,0.5079902971930016,0.3,231.79140571081237,stop,-258.24603724008807,77005.55586636413
EURUSD,6,2024-12-02 09:30:00+00:00,2024-12-02 10:00:00+00:00,-1.0470984813089248,0.04709848130894838,1,0.48067547975013203,0.3,231.79140571081237,stop,-242.70842890025247,76762.84743746388
EURNZD,15,2024-12-02 09:30:00+00:00,2024-12-02 13:30:00+00:00,0.02133988155803064,0.08128394482354727,1,0.5222550565949443,0.3,231.79140571081237,time,4.946401144038163,76767.79383860792
AUDUSD,7,2024-12-02 10:15:00+00:00,2024-12-02 14:15:00+00:00,-0.6092191747800989,0.04137165957384579,1,0.5322021399299856,0.3,230.28854231239137,time,-140.29619570886695,76627.49764289905
AUDUSD,7,2024-12-02 14:15:00+00:00,2024-12-02 14:45:00+00:00,-1.0494844342324257,0.04948443423239404,1,0.511152624083922,0.3,229.88249292869688,stop,-241.25809803121302,76386.23954486784
CHFJPY,2,2024-12-02 11:00:00+00:00,2024-12-02 15:00:00+00:00,-0.7890128211473129,0.05579215694959145,1,0.5086740109598921,0.3,230.28854231239137,time,-181.70061244780223,76204.53893242004
XAUSGD,3,2024-12-02 13:30:00+00:00,2024-12-02 15:15:00+00:00,-1.0367428963893246,0.036742896389319234,-1,0.3413177579252001,0.3,230.3033815158235,stop,-238.7653948009705,75965.77353761907
DJ30,9,2024-12-02 13:30:00+00:00,2024-12-02 16:15:00+00:00,-1.0452269590957868,0.045226959095754936,-1,0.3160710587261864,0.3,230.3033815158235,stop,-240.71930313126103,75725.0542344878
USDJPY,2,2024-12-02 14:45:00+00:00,2024-12-02 18:15:00+00:00,-1.0365238962219194,0.03652389622192095,1,0.3941970922582166,0.3,229.15871863460322,stop,-237.5284878923615,75487.52574659545
SP500,9,2024-12-02 16:45:00+00:00,2024-12-02 18:45:00+00:00,-1.0717793302304612,0.07177933023045875,-1,0.48974216818808464,0.3,227.17516270346312,stop,-243.48164372731375,75244.04410286812
EURCHF,13,2024-12-02 17:15:00+00:00,2024-12-02 21:15:00+00:00,0.33654457073336685,0.09541368930186776,1,0.542892849286754,0.3,227.17516270346312,time,76.45456761331977,75320.49867048145
GER40,8,2024-12-03 08:15:00+00:00,2024-12-03 09:00:00+00:00,1.3671135780367922,0.132886421963206,-1,0.5522366220025694,0.3,225.96149601144404,target,308.9150293107516,75629.4136997922
GBPUSD,6,2024-12-03 09:45:00+00:00,2024-12-03 10:15:00+00:00,-1.0661246171134906,0.06612461711343037,-1,0.3332022602439969,0.3,226.88824109937627,stop,-241.89113916962586,75387.52256062257
GBPCAD,5,2024-12-03 09:00:00+00:00,2024-12-03 10:15:00+00:00,1.3982535947449615,0.10174640525501111,1,0.4627497262109606,0.3,226.88824109937627,target,317.2472987225644,75704.76985934514
NAS100,9,2024-12-03 10:15:00+00:00,2024-12-03 14:15:00+00:00,0.36078179636029944,0.03807245087219241,-1,0.5845229749795317,0.3,227.1143095780351,time,81.93870858869266,75786.70856793383
EURNZD,15,2024-12-03 10:15:00+00:00,2024-12-03 14:15:00+00:00,1.4417986499469153,0.05820135005305566,1,0.49351256134359733,0.3,227.1143095780351,target,327.4531049332368,76114.16167286706
US2000,9,2024-12-03 16:30:00+00:00,2024-12-03 16:45:00+00:00,-1.0527966041174628,0.05279660411749109,1,0.5197107119123189,0.3,228.34248501860094,stop,-240.39819280332568,75873.76348006375
SP500,9,2024-12-03 16:00:00+00:00,2024-12-03 17:15:00+00:00,1.4456143784275708,0.054385621572487705,-1,0.418833029413569,0.3,228.34248501860094,target,330.0951795487717,76203.85865961251
EURAUD,15,2024-12-03 18:00:00+00:00,2024-12-03 22:00:00+00:00,0.7660423552931364,0.044973115028516523,-1,0.3889372278254348,0.3,228.61157597883724,time,175.12615011010428,76378.98480972262
GBPNZD,16,2024-12-03 18:00:00+00:00,2024-12-03 22:00:00+00:00,-0.45208458551717196,0.04615471172374128,-1,0.38141789233619705,0.3,228.61157597883724,time,-103.3517695708201,76275.63304015179
XAGSGD,3,2024-12-04 07:45:00+00:00,2024-12-04 10:15:00+00:00,1.4325352049700841,0.06746479502991373,-1,0.4077506249925064,0.3,228.82689912045515,target,327.80258883419,76603.43562898599
XAGUSD,3,2024-12-04 07:45:00+00:00,2024-12-04 10:15:00+00:00,1.4237277492091895,0.07627225079080316,-1,0.442241758396749,0.3,228.82689912045515,target,325.7872060432839,76929.22283502927
EURCHF,13,2024-12-04 09:15:00+00:00,2024-12-04 10:45:00+00:00,1.4067590142420856,0.09324098575789497,-1,0.36623726179756666,0.3,228.82689912045515,target,321.9043030387647,77251.12713806804
US2000,9,2024-12-04 10:15:00+00:00,2024-12-04 11:00:00+00:00,-1.0826785386139774,0.0826785386140216,-1,0.40293490003862553,0.3,230.7876685050876,stop,-249.8688556672153,77001.25828240081
NZDJPY,1,2024-12-04 10:15:00+00:00,2024-12-04 14:15:00+00:00,-0.4792127213550962,0.02875920476659196,-1,0.389249357113797,0.3,230.7876685050876,time,-110.59638667952085,76890.6618957213
XAUUSD,3,2024-12-04 10:45:00+00:00,2024-12-04 14:45:00+00:00,-0.5093830958565875,0.013644190067587238,1,0.42320233646732053,0.3,231.75338141420391,time,-118.0512548999997,76772.6106408213
GBPJPY,2,2024-12-04 11:15:00+00:00,2024-12-04 15:15:00+00:00,1.1419732858214766,0.027561168615356468,1,0.4939755454612626,0.3,231.00377484720227,time,263.80013979942413,77036.41078062072
EURUSD,6,2024-12-04 11:15:00+00:00,2024-12-04 15:15:00+00:00,-0.14056513056881886,0.05003593759990367,1,0.45302970653140956,0.3,231.00377484720227,time,-32.47107577328702,77003.93970484743
EURCHF,13,2024-12-04 15:15:00+00:00,2024-12-04 16:00:00+00:00,-1.1634039692053337,0.1634039692053707,1,0.4913935620434491,0.3,231.01181911454213,stop,-268.7600672912029,76735.17963755623
NAS100,9,2024-12-04 15:30:00+00:00,2024-12-04 16:00:00+00:00,-1.0420421014978676,0.04204210149788221,-1,0.4608323584672007,0.3,231.01181911454213,stop,-240.72404146096275,76494.45559609527
AU200,10,2024-12-04 14:30:00+00:00,2024-12-04 18:30:00+00:00,0.18419739085735437,0.09072408803421933,-1,0.3377406224309718,0.3,230.6719856871637,time,42.489177907460544,76536.94477400274
DJ30,9,2024-12-04 16:00:00+00:00,2024-12-04 20:00:00+00:00,0.0015719108274892277,0.015326130568466035,1,0.5009489340321021,0.3,229.4833667882856,time,0.36072738898318796,76537.30550139172
XAUGBP,3,2024-12-04 17:30:00+00:00,2024-12-04 21:30:00+00:00,-0.053994528031429886,0.0032396716818870897,1,0.4639922440516307,0.3,229.4833667882856,time,-12.390846080796992,76524.91465531092
USDCAD,17,2024-12-04 18:00:00+00:00,2024-12-04 22:00:00+00:00,-0.021280817867176442,0.0571146848843632,-1,0.41400694065746424,0.3,229.4833667882856,time,-4.883593732167953,76520.03106157875
GBPCHF,14,2024-12-04 18:00:00+00:00,2024-12-04 22:00:00+00:00,-0.10419816890982872,0.04362092661236025,1,0.507439887605828,0.3,229.4833667882856,time,-23.91174661460196,76496.11931496415
FR40,8,2024-12-05 10:00:00+00:00,2024-12-05 10:00:00+00:00,-1.0977067894114612,0.09770678941146112,-1,0.4871217981947957,0.3,229.48835794489216,stop,-251.91092860699575,76244.20838635715
USDCHF,18,2024-12-05 14:15:00+00:00,2024-12-05 15:00:00+00:00,-1.081370907442224,0.08137090744225482,1,0.3608888558365904,0.3,228.73262515907118,stop,-247.34480642990687,75996.86357992725
CADJPY,2,2024-12-05 14:00:00+00:00,2024-12-05 15:30:00+00:00,1.4310147831896003,0.0689852168103933,1,0.36585166270019637,0.3,228.73262515907118,target,327.3197680003964,76324.18334792764
USDCAD,17,2024-12-05 14:15:00+00:00,2024-12-05 15:30:00+00:00,-1.118475925286351,0.11847592528632662,1,0.42217881774635707,0.3,228.73262515907118,stop,-255.8319345679682,76068.35141335968
EURGBP,20,2024-12-05 14:45:00+00:00,2024-12-05 15:30:00+00:00,-1.093463451888862,0.09346345188891768,-1,0.3575741817166634,0.3,228.73262515907118,stop,-250.11076586603912,75818.24064749363
CHFSGD,19,2024-12-05 15:30:00+00:00,2024-12-05 15:30:00+00:00,-1.2475029425634205,0.2475029425634318,-1,0.42856330411526705,0.3,227.45472194248066,stop,-283.75043492318923,75534.49021257044
AU200,10,2024-12-05 12:00:00+00:00,2024-12-05 16:00:00+00:00,0.09582098908092297,0.10200298837641852,1,0.4647248910880659,0.3,228.73262515907118,time,21.917386377818207,75556.40759894827
GBPUSD,6,2024-12-05 15:45:00+00:00,2024-12-05 16:30:00+00:00,-1.0466092656529233,0.04660926565293762,-1,0.4485496121679083,0.3,226.6034706377111,stop,-237.16529199853858,75319.24230694973
XAUAUD,3,2024-12-05 15:15:00+00:00,2024-12-05 16:30:00+00:00,1.468178352634122,0.03182164736586438,-1,0.2989500799631087,0.3,227.99059073978148,target,334.73084992841274,75653.97315687814
GBPNZD,16,2024-12-05 14:45:00+00:00,2024-12-05 18:45:00+00:00,-0.13489125616909148,0.06428258928637076,-1,0.44777363402794185,0.3,228.73262515907118,time,-30.854031134561048,75623.11912574357
GBPCAD,5,2024-12-05 15:45:00+00:00,2024-12-05 19:00:00+00:00,-1.0535829543429274,0.05358295434296529,-1,0.39624052875326116,0.3,226.6034706377111,stop,-238.74555405884044,75384.37357168473
EURCAD,4,2024-12-05 15:45:00+00:00,2024-12-05 19:00:00+00:00,-1.0397477088339677,0.039747708833967735,-1,0.41267630584236076,0.3,226.6034706377111,stop,-235.61043940938538,75148.76313227534
SP500,9,2024-12-05 17:15:00+00:00,2024-12-05 19:45:00+00:00,-1.080472473966354,0.08047247396635412,-1,0.451525810086339,0.3,226.96191947063417,stop,-245.22610662658852,74903.53702564877
DJ30,9,2024-12-05 16:45:00+00:00,2024-12-05 20:45:00+00:00,0.6338840098652304,0.01293640836459654,-1,0.5440773184135063,0.3,226.96191947063417,time,143.86753160075511,75047.40455724951
AU200,10,2024-12-05 17:45:00+00:00,2024-12-05 21:45:00+00:00,-0.1589676279020309,0.08891409696217481,1,0.5328606779090066,0.3,226.96191947063417,time,-36.079597962338475,75011.32495928717
FR40,8,2024-12-06 09:30:00+00:00,2024-12-06 10:00:00+00:00,-1.1181430373356387,0.11814303733565575,-1,0.3670896825117458,0.3,225.03397487786128,stop,-251.62017217364362,74759.70478711353
XAUEUR,3,2024-12-06 11:15:00+00:00,2024-12-06 15:15:00+00:00,1.232452428029419,0.007639167942331281,-1,0.42319265611752027,0.3,224.27911436134036,time,276.41333905092165,75036.11812616445
US2000,9,2024-12-06 11:30:00+00:00,2024-12-06 15:30:00+00:00,1.4593466253376857,0.04065337466227962,1,0.45504147304788467,0.3,224.27911436134036,target,327.3009686769469,75363.4190948414
GBPUSD,6,2024-12-06 14:30:00+00:00,2024-12-06 15:30:00+00:00,-1.0607805071585608,0.06078050715853762,-1,0.3510736755533613,0.3,224.27911436134036,stop,-237.91091267729547,75125.5081821641
NZDJPY,1,2024-12-06 15:45:00+00:00,2024-12-06 16:00:00+00:00,-1.0206533359618688,0.020653335961874592,1,0.4564830531209299,0.3,225.3765245464921,stop,-230.0313016258692,74895.47688053823
DJ30,9,2024-12-06 15:45:00+00:00,2024-12-06 18:15:00+00:00,-1.0227012688895405,0.022701268889557674,1,0.43043382829292026,0.3,225.3765245464921,stop,-230.49285763161214,74664.98402290663
SP500,9,2024-12-06 15:45:00+00:00,2024-12-06 19:45:00+00:00,-0.12015373358618016,0.02843332626848538,1,0.5102195033728816,0.3,225.3765245464921,time,-27.079830886938407,74637.90419201969
GBPNZD,16,2024-12-09 09:15:00+00:00,2024-12-09 09:30:00+00:00,1.4304740000306673,0.0695259999693546,-1,0.5141958036939009,0.3,223.9137125760588,target,320.30274409039197,74958.20693611007
USDCAD,17,2024-12-09 06:15:00+00:00,2024-12-09 10:15:00+00:00,0.5581858839279996,0.09731055617736487,-1,0.4977401364129519,0.3,223.9137125760588,time,124.98547357786742,75083.19240968795
DJ30,9,2024-12-09 06:45:00+00:00,2024-12-09 10:45:00+00:00,0.06647306612913362,0.04249917342682314,1,0.532265597270656,0.3,223.9137125760588,time,14.884231023288175,75098.07664071124
NAS100,9,2024-12-09 12:15:00+00:00,2024-12-09 13:30:00+00:00,-1.0357230494262601,0.03572304942624875,1,0.41709555840606677,0.3,225.29422992213347,stop,-233.34242683309307,74864.73421387814
US2000,9,2024-12-09 14:45:00+00:00,2024-12-09 16:15:00+00:00,-1.0699188737855005,0.0699188737855191,-1,0.39063071901420465,0.3,224.59420264163415,stop,-240.2975763490897,74624.43663752906
EURGBP,20,2024-12-09 16:00:00+00:00,2024-12-09 20:00:00+00:00,-0.2000014229270216,0.07560618292240205,1,0.4907541397617918,0.3,224.59420264163415,time,-44.91916010948667,74579.51747741956
EURNZD,15,2024-12-10 10:15:00+00:00,2024-12-10 11:30:00+00:00,1.4501001601948509,0.04989983980514012,-1,0.6131593573714188,0.3,223.73855243225842,target,324.44331072378196,74903.96078814335
NAS100,9,2024-12-10 07:45:00+00:00,2024-12-10 11:45:00+00:00,-0.36156083957688884,0.04082138511351971,1,0.49496672284978455,0.3,223.73855243225842,time,-80.89509886312511,74823.06568928022
DJ30,9,2024-12-10 11:15:00+00:00,2024-12-10 15:00:00+00:00,-1.0593240603369092,0.059324060336937316,1,0.4924479470158019,0.3,223.73855243225842,stop,-237.01163181644245,74586.05405746377
GBPNZD,16,2024-12-10 12:30:00+00:00,2024-12-10 16:00:00+00:00,-1.0462599543393607,0.04625995433934059,-1,0.46973085799871434,0.3,224.46919706784038,stop,-234.85313187479164,74351.20092558899
USDCAD,17,2024-12-10 12:45:00+00:00,2024-12-10 16:45:00+00:00,0.4913616602277804,0.08027796177731698,1,0.377917698546232,0.3,224.46919706784038,time,110.29555734125087,74461.49648293023
DJ30,9,2024-12-11 12:30:00+00:00,2024-12-11 14:45:00+00:00,1.4670845465546043,0.03291545344546493,1,0.45138866920825577,0.3,223.38448944879048,target,327.72393241031057,74789.22041534055
CNHJPY,2,2024-12-11 11:15:00+00:00,2024-12-11 15:15:00+00:00,1.0618632625533744,0.06516884032917424,1,0.4920692410336731,0.3,223.38448944879048,time,237.2037827699125,75026.42419811046
NZDJPY,1,2024-12-11 11:15:00+00:00,2024-12-11 15:15:00+00:00,0.9089027920043385,0.020781410669224905,1,0.5046353389506135,0.3,223.38448944879048,time,203.03478615046936,75229.45898426093
AUDCAD,7,2024-12-11 12:00:00+00:00,2024-12-11 15:30:00+00:00,1.4621297361718837,0.03787026382811412,1,0.44391532745610524,0.3,223.38448944879048,target,326.61710462265097,75556.07608888358
EURNZD,15,2024-12-11 12:00:00+00:00,2024-12-11 16:00:00+00:00,0.9924797512642768,0.06591901613693114,-1,0.5697700929833419,0.3,223.38448944879048,time,221.70458252443302,75777.78067140802
NZDCHF,12,2024-12-11 12:00:00+00:00,2024-12-11 16:00:00+00:00,0.6290133516292679,0.046967720491856366,1,0.46955912384109877,0.3,223.38448944879048,time,140.51182641017652,75918.29249781818
GBPJPY,2,2024-12-11 14:30:00+00:00,2024-12-11 18:30:00+00:00,0.09900972526148206,0.03267030173305842,-1,0.5125765458908782,0.3,223.38448944879048,time,22.117236928001184,75940.4097347462
USDJPY,2,2024-12-11 15:45:00+00:00,2024-12-11 19:45:00+00:00,-0.5382573189086322,0.015340902481538885,-1,0.5373109858822899,0.3,226.66822826665052,time,-122.00583282857714,75818.40390191761
GBPCHF,14,2024-12-11 15:45:00+00:00,2024-12-11 19:45:00+00:00,0.8278302757078926,0.07455724430451514,1,0.4731656825863504,0.3,226.66822826665052,time,187.64282190020083,76006.04672381782
CHFSGD,19,2024-12-11 15:45:00+00:00,2024-12-11 19:45:00+00:00,-0.5576417586000857,0.09043769227090971,1,0.486640483793009,0.3,226.66822826665052,time,-126.39966942938065,75879.64705438844
GBPUSD,6,2024-12-11 16:00:00+00:00,2024-12-11 20:00:00+00:00,0.5331686114154629,0.036967255488386586,-1,0.47013795155429605,0.3,227.75487749345433,time,121.4317517762839,76001.07880616472
DJ30,9,2024-12-11 17:15:00+00:00,2024-12-11 21:15:00+00:00,0.01198626586870619,0.01198626586870619,1,0.5077587661815974,0.3,227.75487749345433,time,2.729930514531151,76003.80873667925
XAGSGD,3,2024-12-12 09:15:00+00:00,2024-12-12 10:15:00+00:00,-1.243588125401504,0.24358812540148767,-1,0.44268690061486105,0.3,228.01142621003746,stop,-283.55230209066383,75720.25643458859
XAGUSD,3,2024-12-12 09:15:00+00:00,2024-12-12 10:30:00+00:00,-1.2624623286764671,0.262462328676475,-1,0.40538048131911814,0.3,228.01142621003746,stop,-287.85583609796635,75432.40059849063
GBPNZD,16,2024-12-12 07:45:00+00:00,2024-12-12 11:45:00+00:00,-0.7191617692614591,0.06566321349107582,1,0.38493995137541953,0.3,228.01142621003746,time,-163.97710068503918,75268.42349780558
NAS100,9,2024-12-12 08:15:00+00:00,2024-12-12 12:15:00+00:00,0.6422979904149988,0.05014222230005567,-1,0.49733797549700903,0.3,228.01142621003746,time,146.45128084636485,75414.87477865195
DJ30,9,2024-12-12 09:00:00+00:00,2024-12-12 13:00:00+00:00,0.15562412583585744,0.050159842211557365,1,0.48967685124969956,0.3,228.01142621003746,time,35.484078884524195,75450.35885753647
USDCAD,17,2024-12-12 11:00:00+00:00,2024-12-12 14:00:00+00:00,1.4174653091876042,0.08253469081245936,1,0.42776655913893064,0.3,226.29720179547155,target,320.76843311130773,75771.12729064778
DJ30,9,2024-12-12 14:00:00+00:00,2024-12-12 15:30:00+00:00,-1.0546494293263216,0.05464942932632533,-1,0.3757715090072393,0.3,227.31338187194302,stop,-239.7359284694809,75531.3913621783
EURNZD,15,2024-12-12 13:15:00+00:00,2024-12-12 16:00:00+00:00,-1.066617552158508,0.06661755215850795,1,0.36594795098429683,0.3,226.3510765726091,stop,-241.43003122231931,75289.96133095598
USDCAD,17,2024-12-12 14:30:00+00:00,2024-12-12 16:00:00+00:00,-1.0823157765265008,0.082315776526538,-1,0.3204391212926388,0.3,227.31338187194302,stop,-246.02485941559704,75043.9364715404
EURAUD,15,2024-12-12 13:15:00+00:00,2024-12-12 17:15:00+00:00,0.62836985597757,0.02582287614317685,1,0.3827091442833242,0.3,226.3510765726091,time,142.2321933862983,75186.16866492669
GBPAUD,16,2024-12-12 13:15:00+00:00,2024-12-12 17:15:00+00:00,-0.25089720835828794,0.031730407466896406,1,0.42333300844544713,0.3,226.3510765726091,time,-56.79085322096069,75129.37781170572
FR40,8,2024-12-12 13:30:00+00:00,2024-12-12 17:30:00+00:00,0.25114265162035454,0.055128874745931485,1,0.5202065781925538,0.3,226.3510765726091,time,56.84640956756696,75186.2242212733
GBPNZD,16,2024-12-12 18:00:00+00:00,2024-12-12 22:00:00+00:00,0.48868600653381783,0.04683274705883116,1,0.4786293495639588,0.3,225.55867266381955,time,110.2273669831506,75296.45158825644
FR40,8,2024-12-13 09:15:00+00:00,2024-12-13 10:15:00+00:00,1.4112091525818045,0.08879084741819547,1,0.40293614565053276,0.3,225.88935476476902,target,318.7771249148403,75615.22871317128
XAGUSD,3,2024-12-13 10:15:00+00:00,2024-12-13 11:00:00+00:00,-1.0959706951218429,0.09597069512184724,1,0.3947113835220662,0.3,226.84568613951353,stop,-248.61622432371405,75366.61248884758
EURUSD,6,2024-12-13 08:30:00+00:00,2024-12-13 11:45:00+00:00,1.420433667861269,0.07956633213864936,1,0.37977551705208207,0.3,225.88935476476902,target,320.8608447193363,75687.4733335669
AUDUSD,7,2024-12-13 13:00:00+00:00,2024-12-13 17:00:00+00:00,1.002903053168576,0.04208116128066549,-1,0.28535579506351555,0.3,227.0624200007004,time,227.721594278548,75915.19492784546
AUDCAD,7,2024-12-13 13:00:00+00:00,2024-12-13 17:00:00+00:00,0.39536757036356274,0.04832654702402245,-1,0.348523478108599,0.3,227.0624200007004,time,89.77311731654775,76004.96804516201
NZDUSD,7,2024-12-16 10:45:00+00:00,2024-12-16 12:45:00+00:00,1.4452741903702926,0.054725809629744174,-1,0.4744046892569915,0.3,228.0149041354857,target,329.54405596677395,76334.51210112877
EURUSD,6,2024-12-16 10:45:00+00:00,2024-12-16 13:45:00+00:00,1.4515440255717156,0.04845597442824647,-1,0.42168897348071716,0.3,228.0149041354857,target,330.97367183917174,76665.48577296795
NZDCAD,7,2024-12-16 10:45:00+00:00,2024-12-16 14:45:00+00:00,-0.37628763043636787,0.14826243689257654,-1,0.5384523265052996,0.3,228.0149041354857,time,-85.79918798131749,76579.68658498663
DJ30,9,2024-12-16 16:15:00+00:00,2024-12-16 16:30:00+00:00,1.468569702865172,0.031430297134768505,-1,0.35329507947536176,0.3,229.73905975495956,target,337.38782272086496,76917.07440770749
GBPJPY,2,2024-12-16 15:00:00+00:00,2024-12-16 17:00:00+00:00,-1.0540524313982793,0.054052431398286624,-1,0.4951602866967512,0.3,229.73905975495956,stop,-242.1570145218697,76674.91739318563
US2000,9,2024-12-16 16:45:00+00:00,2024-12-16 17:00:00+00:00,1.4779404830836467,0.022059516916353383,1,0.4739939135831332,0.3,230.75122322312217,target,341.03657432252356,77015.95396750815
NZDUSD,7,2024-12-16 17:00:00+00:00,2024-12-16 17:45:00+00:00,1.4163368660757116,0.08366313392428557,1,0.4713080850314313,0.3,231.04786190252412,target,327.2416046405148,77343.19557214866
NZDCHF,12,2024-12-16 15:45:00+00:00,2024-12-16 18:15:00+00:00,-1.0714388943198638,0.07143889431983938,-1,0.41220056205053485,0.3,229.73905975495956,stop,-246.151364165939,77097.04420798272
XAGUSD,3,2024-12-16 17:30:00+00:00,2024-12-16 21:30:00+00:00,0.17927945012421845,0.03361489689829069,1,0.48508929581936117,0.3,231.04786190252412,time,41.42213363426089,77138.466341617
GBPUSD,6,2024-12-17 07:15:00+00:00,2024-12-17 08:15:00+00:00,-1.103369080744349,0.10336908074428608,1,0.49654862699434216,0.3,231.41539902485064,stop,-255.33659609213618,76883.12974552484
EURUSD,6,2024-12-17 07:30:00+00:00,2024-12-17 08:15:00+00:00,-1.1036081171832544,0.10360811718326239,1,0.46974214101310025,0.3,231.41539902485064,stop,-255.39191280502695,76627.73783271982
GBPCHF,14,2024-12-17 07:00:00+00:00,2024-12-17 09:00:00+00:00,-1.096717680877663,0.09671768087763641,-1,0.4958459791795324,0.3,231.41539902485064,stop,-253.7973597379132,76373.9404729819
XAUCNH,3,2024-12-17 07:15:00+00:00,2024-12-17 10:30:00+00:00,-1.125803143862389,0.12580314386243407,1,0.4739247479370626,0.3,231.41539902485064,stop,-260.5281837603461,76113.41228922157
XAUAUD,3,2024-12-17 09:45:00+00:00,2024-12-17 11:00:00+00:00,1.456941906951871,0.04305809304810114,-1,0.48149503432139157,0.3,229.12182141894536,target,333.8171834224043,76447.22947264397
XAGEUR,3,2024-12-17 10:45:00+00:00,2024-12-17 11:00:00+00:00,-1.0168408471752104,0.016840847175207358,1,0.49356154190305396,0.3,228.34023686766434,stop,-232.18567990070403,76215.04379274326
NZDUSD,7,2024-12-17 10:45:00+00:00,2024-12-17 14:45:00+00:00,0.11140738637201383,0.06544894230763466,1,0.527488085648686,0.3,228.34023686766434,time,25.43878899299304,76240.48258173626
AUDUSD,7,2024-12-17 10:45:00+00:00,2024-12-17 14:45:00+00:00,0.036756879550375966,0.053812329602872674,1,0.4881998687967735,0.3,228.34023686766434,time,8.393074583049057,76248.8756563193
GBPJPY,2,2024-12-17 11:15:00+00:00,2024-12-17 15:15:00+00:00,0.27226602749217993,0.0372396166134775,1,0.5884690579104134,0.3,228.64513137822945,time,62.25230162577811,76311.12795794508
USDJPY,2,2024-12-17 15:45:00+00:00,2024-12-17 16:00:00+00:00,-1.0399614744554029,0.03996147445540291,1,0.444782214646795,0.3,228.93338387383486,stop,-238.08189944549804,76073.04605849959
AUDJPY,1,2024-12-17 15:45:00+00:00,2024-12-17 16:45:00+00:00,-1.0635741987089824,0.063574198708961,1,0.4236133255128338,0.3,228.93338387383486,stop,-243.4876403113498,75829.55841818824
JP225,11,2024-12-17 16:45:00+00:00,2024-12-17 20:45:00+00:00,-0.19166255904376506,0.061996557153691456,1,0.47076320756326356,0.3,227.48867525456433,time,-43.60106165276583,75785.95735653547
GBPJPY,2,2024-12-17 17:15:00+00:00,2024-12-17 21:15:00+00:00,-0.18644765329604768,0.04278506573814654,1,0.5456842008660748,0.3,227.48867525456433,time,-42.41472965264019,75743.54262688283
GBPUSD,6,2024-12-17 17:30:00+00:00,2024-12-17 21:30:00+00:00,-0.50539811300915,0.041230246335590394,-1,0.5120914194608454,0.3,227.48867525456433,time,-114.97234720460814,75628.57027967821
US2000,9,2024-12-17 18:00:00+00:00,2024-12-17 22:00:00+00:00,-0.1850347138333119,0.02107990410759331,1,0.5367783744614506,0.3,227.48867525456433,time,-42.09330192604754,75586.47697775217
NZDCNH,7,2024-12-17 18:00:00+00:00,2024-12-17 22:00:00+00:00,-0.8931595858650707,0.17982598732628158,1,0.5283995036785258,0.3,227.48867525456433,time,-203.18369097936022,75383.29328677281
NZDCAD,7,2024-12-18 07:15:00+00:00,2024-12-18 11:15:00+00:00,-1.186761237762516,0.18676123776254794,1,0.46364326460883704,0.3,226.1498798603181,stop,-268.38591134287543,75114.90737542993
GBPCHF,14,2024-12-18 09:15:00+00:00,2024-12-18 12:30:00+00:00,-1.0647945544275332,0.06479455442748765,-1,0.5265935356745789,0.3,226.1498798603181,stop,-240.80316055970758,74874.10421487023
JP225,11,2024-12-18 08:45:00+00:00,2024-12-18 12:45:00+00:00,0.9409688123521515,0.06709955039538275,1,0.529542446851774,0.3,226.1498798603181,time,212.79998386574525,75086.90419873598
XAGUSD,3,2024-12-18 09:00:00+00:00,2024-12-18 13:00:00+00:00,0.1767504880130077,0.11163188716609626,1,0.43293692993851435,0.3,226.1498798603181,time,39.97210162939428,75126.87630036537
GBPJPY,2,2024-12-18 09:45:00+00:00,2024-12-18 13:45:00+00:00,0.9303172582569478,0.051234019950690525,1,0.5234480061667734,0.3,226.1498798603181,time,210.39113618678925,75337.26743655215
XAUGBP,3,2024-12-18 10:30:00+00:00,2024-12-18 14:30:00+00:00,0.6584631357776645,0.023036611164234992,-1,0.42342830874899856,0.3,226.1498798603181,time,148.91135904856714,75486.17879560073
XAGUSD,3,2024-12-18 14:15:00+00:00,2024-12-18 15:45:00+00:00,-1.0722812692705246,0.07228126927051871,1,0.44805015493991185,0.3,226.01180230965616,stop,-242.348222250717,75243.83057335002
SP500,9,2024-12-18 14:30:00+00:00,2024-12-18 15:45:00+00:00,1.4425653561238307,0.05743464387617649,-1,0.37967217006776016,0.3,226.45853638680182,target,326.6812391901083,75570.51181254012
XAUSGD,3,2024-12-18 15:15:00+00:00,2024-12-18 16:30:00+00:00,-1.096345697612098,0.09634569761208064,1,0.43071760310566676,0.3,226.45853638680182,stop,-248.27684205520293,75322.23497048492
EURGBP,20,2024-12-18 16:15:00+00:00,2024-12-18 18:30:00+00:00,1.4438334931169508,0.05616650688307679,-1,0.3925493236308107,0.3,226.71153543762,target,327.33370814080627,75649.56867862573
GBPCHF,14,2024-12-18 16:15:00+00:00,2024-12-18 20:15:00+00:00,-0.1943111314869312,0.045356789372876134,1,0.4861081316580484,0.3,226.71153543762,time,-44.05257497202344,75605.5161036537
SP500,9,2024-12-18 18:00:00+00:00,2024-12-18 21:00:00+00:00,1.4678097801643228,0.032190219835708626,-1,0.45830987590593386,0.3,225.9667049114544,target,331.6761394605383,75937.19224311424
GBPUSD,6,2024-12-19 08:45:00+00:00,2024-12-19 09:00:00+00:00,-1.0669061988471895,0.0669061988471577,-1,0.44427684208181834,0.3,227.8115767293424,stop,-243.05358338168753,75694.13865973256
GER40,8,2024-12-19 10:00:00+00:00,2024-12-19 14:00:00+00:00,0.026968946267972322,0.011558119829130995,-1,0.37936653896614386,0.3,227.08241597919732,time,6.124173474944312,75700.2628332075
XAUCNH,3,2024-12-19 13:00:00+00:00,2024-12-19 15:00:00+00:00,1.4720528713311904,0.02794712866880798,-1,0.34834684911305763,0.3,227.08241597919732,target,334.27732247100124,76034.5401556785
XAGSGD,3,2024-12-19 13:00:00+00:00,2024-12-19 15:00:00+00:00,1.4842212406996544,0.015778759300345738,-1,0.377064411293422,0.3,227.08241597919732,target,337.0405451857193,76371.58070086422
GER40,8,2024-12-19 14:30:00+00:00,2024-12-19 18:30:00+00:00,0.7961070746856017,0.009748249894109409,-1,0.4279378512383387,0.3,227.10078849962218,time,180.79654439122777,76552.37724525545
NZDCAD,7,2024-12-19 15:45:00+00:00,2024-12-19 19:00:00+00:00,-1.0624976711666587,0.06249767116668615,1,0.35653541703095787,0.3,229.11474210259232,stop,-243.43387991395394,76308.94336534149
XAUEUR,3,2024-12-19 16:15:00+00:00,2024-12-19 20:15:00+00:00,0.15096944618628555,0.0013683031376399899,1,0.4384957546758883,0.3,229.11474210259232,time,34.589325728342004,76343.53269106983
AU200,10,2024-12-20 09:45:00+00:00,2024-12-20 10:15:00+00:00,-1.0913209607273684,0.09132096072735343,1,0.3445311869023215,0.3,229.03059807320918,stop,-249.9458923252184,76093.58679874463
CHFSGD,19,2024-12-20 08:15:00+00:00,2024-12-20 10:30:00+00:00,-1.316434178055384,0.3164341780553703,-1,0.4916491619062673,0.3,229.03059807320918,stop,-301.50370712403816,75792.08309162059
XAUAUD,3,2024-12-20 08:15:00+00:00,2024-12-20 12:15:00+00:00,-0.6901294760979578,0.029297949456989155,-1,0.41795101343288726,0.3,229.03059807320918,time,-158.0607666586658,75634.02232496192
GBPAUD,16,2024-12-20 08:30:00+00:00,2024-12-20 12:15:00+00:00,1.4451757857349241,0.05482421426504374,1,0.45614966643692006,0.3,229.03059807320918,target,330.9894745277897,75965.0117994897
USDJPY,2,2024-12-20 14:45:00+00:00,2024-12-20 15:30:00+00:00,-1.0425829383690188,0.04258293836897448,1,0.4186514967019801,0.3,227.89503539846876,stop,-237.59947564544711,75727.41232384426
XAGSGD,3,2024-12-20 12:00:00+00:00,2024-12-20 16:00:00+00:00,1.4248449415876197,0.07515505841239323,1,0.34368644480996896,0.3,227.3762492748614,target,323.97589861645196,76051.38822246071
XAUSGD,3,2024-12-20 16:00:00+00:00,2024-12-20 16:15:00+00:00,-1.0571452033579896,0.05714520335797858,-1,0.35791712648835006,0.3,228.15416466738176,stop,-241.19208080427154,75810.19614165644
CADJPY,2,2024-12-20 16:15:00+00:00,2024-12-20 20:00:00+00:00,-0.26837715555879554,0.06559803243493854,1,0.4333107265138678,0.3,227.43058842496893,weekend,-61.03717440855629,75749.15896724789
NZDCNH,7,2024-12-23 10:45:00+00:00,2024-12-23 14:45:00+00:00,0.9590438360134952,0.20807883766938345,-1,0.48232975504625974,0.3,227.24747690174325,time,217.940291972236,75967.09925922012
XAGSGD,3,2024-12-23 15:30:00+00:00,2024-12-23 19:30:00+00:00,-0.25604073871649125,0.054865872582101315,-1,0.4218331005745897,0.3,227.90129777765998,time,-58.35201663743911,75908.74724258267
XAGUSD,3,2024-12-23 15:30:00+00:00,2024-12-23 19:30:00+00:00,-0.15285872940651307,0.07337219011513178,-1,0.4298392234373514,0.3,227.90129777765998,time,-34.83670280838849,75873.91053977428
EURGBP,20,2024-12-23 17:15:00+00:00,2024-12-23 21:15:00+00:00,0.593739487957177,0.057319981674469986,1,0.5042401275037514,0.3,227.90129777765998,time,135.31399984728395,76009.22453962157
EURCAD,4,2024-12-24 09:30:00+00:00,2024-12-24 10:30:00+00:00,1.3866362332059279,0.11336376679409645,1,0.4090641101938462,0.3,228.02767361886436,target,316.1914344135728,76325.41597403515
USDCAD,17,2024-12-24 10:15:00+00:00,2024-12-24 10:45:00+00:00,-1.1281866226397714,0.12818662263967598,-1,0.4976292406572336,0.3,228.02767361886436,stop,-257.2577709684707,76068.15820306668
CHFJPY,2,2024-12-24 10:00:00+00:00,2024-12-24 14:00:00+00:00,-0.15202849371802693,0.0915603937901732,1,0.4403303907373792,0.3,228.02767361886436,time,-34.66670374630181,76033.49149932037
US2000,9,2024-12-24 14:00:00+00:00,2024-12-24 16:00:00+00:00,1.4573894518560302,0.04261054814398437,1,0.3934530021796629,0.3,228.10047449796076,target,332.43122549668345,76365.92272481706
EURJPY,2,2024-12-24 12:15:00+00:00,2024-12-24 16:15:00+00:00,1.4387927616224652,0.061207238377484534,1,0.42165842407874926,0.3,228.20447460919968,target,328.33894623757413,76694.26167105463
AUDCAD,7,2024-12-24 14:45:00+00:00,2024-12-24 16:15:00+00:00,1.4152678392481317,0.08473216075187481,-1,0.3794304989321993,0.3,228.10047449796076,target,322.8232656742025,77017.08493672883
XAUUSD,3,2024-12-24 15:45:00+00:00,2024-12-24 19:45:00+00:00,0.7472942363475943,0.016647643879030116,1,0.4565941681979175,0.3,228.10047449796076,time,170.4581699004775,77187.54310662931
XAUEUR,3,2024-12-24 15:45:00+00:00,2024-12-24 19:45:00+00:00,0.9047899180159227,0.02851773380566144,1,0.4542423480840118,0.3,228.10047449796076,time,206.383009620403,77393.92611624971
CNHJPY,2,2024-12-24 16:15:00+00:00,2024-12-24 20:15:00+00:00,0.28698497881121926,0.4643470752540987,-1,0.4137768286510233,0.3,231.05125481018615,time,66.3082394660069,77460.23435571573
EURCAD,4,2024-12-24 16:30:00+00:00,2024-12-24 20:15:00+00:00,-1.0823944077730132,0.08239440777303529,1,0.5070980116576865,0.3,231.05125481018615,stop,-250.088586115483,77210.14576960025
AUDJPY,1,2024-12-24 17:15:00+00:00,2024-12-24 21:15:00+00:00,-0.3551374199129143,0.09105025158757736,-1,0.4694786679122552,0.3,231.05125481018615,time,-82.05494650093084,77128.09082309931
US2000,9,2024-12-26 08:45:00+00:00,2024-12-26 10:30:00+00:00,1.4166116333079732,0.0833883666919847,-1,0.5261983175263388,0.3,231.38427246929757,target,327.7816521445087,77455.87247524381
GBPJPY,2,2024-12-26 06:45:00+00:00,2024-12-26 10:45:00+00:00,0.9888210009202185,0.06921816950388086,-1,0.43157875881955654,0.3,231.38427246929757,time,228.79762790028738,77684.6701031441
GBPAUD,16,2024-12-26 08:45:00+00:00,2024-12-26 12:45:00+00:00,-0.007801882056564863,0.06410307893632206,-1,0.3823476372827215,0.3,231.38427246929757,time,-1.8052328035495278,77682.86487034056
AUDUSD,7,2024-12-26 11:15:00+00:00,2024-12-26 15:15:00+00:00,0.15014012005214475,0.058096265979766054,1,0.42936842164400385,0.3,233.05401030943193,time,34.99075708649189,77717.85562742705
XAUAUD,3,2024-12-26 15:15:00+00:00,2024-12-26 17:00:00+00:00,-1.063697870690989,0.06369787069095266,-1,0.44100133268520675,0.3,233.15356688228076,stop,-248.00495263669112,77469.85067479036
GBPNZD,16,2024-12-26 16:15:00+00:00,2024-12-26 17:30:00+00:00,-1.0778048611733735,0.07780486117340649,-1,0.41855290810311874,0.3,233.15356688228076,stop,-251.29404778563347,77218.55662700473
NAS100,9,2024-12-26 17:00:00+00:00,2024-12-26 21:00:00+00:00,0.4906916062860857,0.011140025656224824,1,0.42546446447530606,0.3,232.40955202437067,time,114.04141639906804,77332.59804340379
SP500,9,2024-12-26 17:00:00+00:00,2024-12-26 21:00:00+00:00,0.4140767130141919,0.023240274176415117,1,0.4534463417628481,0.3,232.40955202437067,time,96.23538337535224,77428.83342677915
NZDCNH,7,2024-12-27 09:15:00+00:00,2024-12-27 10:00:00+00:00,-1.3566070008093625,0.35660700080940183,-1,0.3595224763125708,0.3,232.28650028033707,stop,-315.1214924738112,77113.71193430533
NZDCAD,7,2024-12-27 13:15:00+00:00,2024-12-27 14:00:00+00:00,-1.1819749683612313,0.1819749683612515,-1,0.3265819927933535,0.3,231.3411358029156,stop,-273.4394316713025,76840.27250263403
XAUUSD,3,2024-12-27 15:15:00+00:00,2024-12-27 15:30:00+00:00,-1.018275895805377,0.018275895805409954,1,0.46761642099589107,0.3,230.5208175079017,stop,-234.73379194964645,76605.53871068438
XAUCNH,3,2024-12-27 15:15:00+00:00,2024-12-27 15:30:00+00:00,-1.0856193517698998,0.0856193517699141,1,0.4856865103487093,0.3,230.5208175079017,stop,-250.2578604723956,76355.28085021199
US2000,9,2024-12-27 17:00:00+00:00,2024-12-27 17:00:00+00:00,1.4817231947839093,0.018276805216072153,-1,0.436622921521828,0.3,229.06584255063558,target,339.4121720399957,76694.69302225199
CADJPY,2,2024-12-30 08:00:00+00:00,2024-12-30 08:00:00+00:00,-1.152965308243399,0.15296530824338328,-1,0.42977632640972985,0.3,230.08407906675555,stop,-265.2789611431004,76429.41406110888
GBPAUD,16,2024-12-30 07:30:00+00:00,2024-12-30 11:15:00+00:00,1.444032825904004,0.05596717409606121,1,0.5063483606607474,0.3,230.08407906675555,target,332.2489628902873,76761.66302399916
NZDJPY,1,2024-12-30 08:00:00+00:00,2024-12-30 12:00:00+00:00,0.10397651776169851,0.04670875910921779,-1,0.49207716037094834,0.3,230.08407906675555,time,23.923341333768555,76785.58636533294
XAUGBP,3,2024-12-30 11:00:00+00:00,2024-12-30 12:45:00+00:00,-1.0312110249403221,0.031211024940316006,1,0.4544492105108821,0.3,229.28824218332625,stop,-236.44456322863266,76549.1418021043
XAUEUR,3,2024-12-30 11:00:00+00:00,2024-12-30 12:45:00+00:00,-1.0365191174905872,0.03651911749056476,1,0.4997692630438084,0.3,229.28824218332625,stop,-237.66164643882937,76311.48015566549
USDCHF,18,2024-12-30 14:30:00+00:00,2024-12-30 15:15:00+00:00,-1.1127431815132804,0.11274318151324855,-1,0.5110346762906536,0.3,228.934440466996,stop,-254.74523764320782,76056.73491802227
GBPUSD,6,2024-12-30 12:30:00+00:00,2024-12-30 15:45:00+00:00,1.4507713006007341,0.04922869939921457,-1,0.3932268270773787,0.3,230.3567590959984,target,334.1949749958716,76390.92989301814
EURCAD,4,2024-12-30 15:15:00+00:00,2024-12-30 15:45:00+00:00,1.4260024769293196,0.07399752307071113,-1,0.45051168526077934,0.3,228.17020475406636,target,325.37127714076865,76716.30117015891
USDCAD,17,2024-12-30 16:15:00+00:00,2024-12-30 16:30:00+00:00,-1.083951946351034,0.08395194635104203,-1,0.5155390329452502,0.3,230.14890351047632,stop,-249.47035191073715,76466.83081824817
NZDCAD,7,2024-12-30 16:15:00+00:00,2024-12-30 17:45:00+00:00,-1.113300100467677,0.11330010046763676,1,0.4092133137676823,0.3,230.14890351047632,stop,-256.22479740073896,76210.60602084744
EURUSD,6,2024-12-30 16:15:00+00:00,2024-12-30 17:45:00+00:00,-1.032235935103109,0.032235935103135195,1,0.485549101884804,0.3,230.14890351047632,stop,-237.5679686280917,75973.03805221934
XAGSGD,3,2024-12-31 08:15:00+00:00,2024-12-31 10:30:00+00:00,1.2907073940671028,0.20929260593292287,1,0.5209114369011316,0.3,227.9191141566576,target,294.17688589122207,76267.21493811056
GBPJPY,2,2024-12-31 10:30:00+00:00,2024-12-31 11:30:00+00:00,1.4516831655501263,0.04831683444987896,1,0.4684986763550778,0.3,228.80164481433127,target,332.1474960271441,76599.3624341377
NZDJPY,1,2024-12-31 11:00:00+00:00,2024-12-31 11:45:00+00:00,1.4369705518928997,0.06302944810709,1,0.4779626229479749,0.3,228.80164481433127,target,328.78122582285283,76928.14365996057
AUDJPY,1,2024-12-31 11:00:00+00:00,2024-12-31 11:45:00+00:00,1.4405586781118052,0.05944132188820606,1,0.4605262548469833,0.3,228.80164481433127,target,329.6021950035398,77257.7458549641
XAGEUR,3,2024-12-31 08:15:00+00:00,2024-12-31 12:15:00+00:00,0.5538566713590366,0.18461889045301502,1,0.42209126921416423,0.3,227.9191141566576,time,126.23452190590666,77383.98037687001
NZDUSD,7,2024-12-31 11:00:00+00:00,2024-12-31 13:30:00+00:00,-1.061839207284428,0.06183920728447582,1,0.42308360644081483,0.3,228.80164481433127,stop,-242.95055715502278,77141.02981971498
AUDCAD,7,2024-12-31 10:00:00+00:00,2024-12-31 14:00:00+00:00,0.5306635455430069,0.05860183802065342,-1,0.3661500373367057,0.3,227.9191141566576,time,120.94836521539325,77261.97818493037
NZDUSD,7,2024-12-31 14:45:00+00:00,2024-12-31 15:00:00+00:00,-1.0808297256490784,0.08082972564908063,1,0.43963987104353014,0.3,231.78593455479066,stop,-250.52112805416962,77011.45705687621
NZDCHF,12,2024-12-31 11:15:00+00:00,2024-12-31 15:15:00+00:00,-0.444907534609438,0.06238477336955462,1,0.42734273102256953,0.3,228.80164481433127,time,-101.79557570892842,76909.66148116728
NAS100,9,2024-12-31 15:15:00+00:00,2024-12-31 16:30:00+00:00,-1.0210864206468306,0.021086420646825445,1,0.3646480104456382,0.3,230.7289844435014,stop,-235.59423286489312,76674.06724830238
NZDCAD,7,2024-12-31 14:45:00+00:00,2024-12-31 16:45:00+00:00,-1.0955925276221656,0.09559252762215015,1,0.3642032963826803,0.3,231.78593455479066,stop,-253.94293790614896,76420.12431039623
CNHJPY,2,2025-01-02 08:45:00+00:00,2025-01-02 09:30:00+00:00,-1.2079853719698,0.20798537196977476,1,0.4624507465057068,0.3,229.26037293118824,stop,-276.9431768732165,76143.18113352302
EURCAD,4,2025-01-02 06:15:00+00:00,2025-01-02 09:45:00+00:00,-1.089818614696891,0.08981861469692093,-1,0.380482964463082,0.3,229.26037293118824,stop,-249.85222203276015,75893.32891149026
USDCHF,18,2025-01-02 10:00:00+00:00,2025-01-02 12:45:00+00:00,1.3829606262044412,0.117039373795534,1,0.4833616206333881,0.3,227.67998673447033,target,314.8724570285219,76208.20136851878
NZDJPY,1,2025-01-02 09:15:00+00:00,2025-01-02 13:15:00+00:00,1.4399685979827443,0.06003140201725348,1,0.49757873811416814,0.3,229.26037293118824,target,330.12773778272424,76538.3291063015
NZDUSD,7,2025-01-02 15:45:00+00:00,2025-01-02 18:00:00+00:00,-1.075140841471757,0.0751408414717371,1,0.367951907388466,0.3,229.61498731890407,stop,-246.86845068057332,76291.46065562093
JP225,11,2025-01-02 16:15:00+00:00,2025-01-02 18:30:00+00:00,1.4629715603665465,0.03702843963344757,1,0.43550031177304266,0.3,229.61498731890407,target,335.9201962814819,76627.38085190242
AUDCAD,7,2025-01-02 16:30:00+00:00,2025-01-02 19:15:00+00:00,1.4528598212560528,0.04714017874394059,-1,0.4998099416748571,0.3,229.61498731890407,target,333.5983894338538,76960.97924133626
XAUGBP,3,2025-01-03 08:00:00+00:00,2025-01-03 09:15:00+00:00,-1.059708948543201,0.05970894854317842,1,0.5545233184953736,0.3,230.88293772400837,stop,-244.66871517207426,76716.31052616419
GBPCHF,14,2025-01-03 10:00:00+00:00,2025-01-03 12:15:00+00:00,-1.0712991504530485,0.0712991504530938,1,0.3694122798439274,0.3,230.14893157849215,stop,-246.55835487771543,76469.75217128648
AUDCAD,7,2025-01-03 11:30:00+00:00,2025-01-03 13:15:00+00:00,-1.055740892428795,0.05574089242881332,-1,0.37988184805005315,0.3,230.14893157849215,stop,-242.977638416211,76226.77453287027
EURJPY,2,2025-01-03 10:30:00+00:00,2025-01-03 14:30:00+00:00,-0.22487217382366864,0.054884376438415844,-1,0.37609809436370084,0.3,230.14893157849215,time,-51.75409054725031,76175.02044232302
XAUAUD,3,2025-01-03 15:15:00+00:00,2025-01-03 15:30:00+00:00,-1.0546310161373356,0.0546310161373199,1,0.44119024803085577,0.3,228.5250613269686,stop,-241.00961764010782,75934.01082468292
GBPJPY,2,2025-01-03 11:45:00+00:00,2025-01-03 15:45:00+00:00,0.29678726534627986,0.04774514340343171,-1,0.40753388810862706,0.3,230.14893157849215,time,68.30527202554876,76002.31609670846
EURUSD,6,2025-01-03 14:00:00+00:00,2025-01-03 18:00:00+00:00,0.4194347753916566,0.05123281430658034,-1,0.36262283175868437,0.3,228.68032359861039,time,95.91648016507449,76098.23257687353
CHFSGD,19,2025-01-03 17:00:00+00:00,2025-01-03 20:00:00+00:00,0.1393293322364567,0.22798991312890174,-1,0.3693754441498313,0.3,228.00694829012494,weekend,31.76805585053542,76130.00063272407
XAUUSD,3,2025-01-06 06:30:00+00:00,2025-01-06 08:15:00+00:00,-1.0185769346570943,0.01857693465711452,1,0.46028871869024485,0.3,228.39000189817176,stop,-232.63278803976775,75897.3678446843
NAS100,9,2025-01-06 07:45:00+00:00,2025-01-06 10:00:00+00:00,-1.0345342294326754,0.034534229432655376,-1,0.36592639601136273,0.3,228.39000189817176,stop,-236.27727462385238,75661.09057006045
CHFSGD,19,2025-01-06 10:30:00+00:00,2025-01-06 13:00:00+00:00,-1.2317044600841371,0.23170446008408718,-1,0.44218971535946877,0.3,226.9832717101809,stop,-279.57630812991937,75381.51426193053
US2000,9,2025-01-06 11:15:00+00:00,2025-01-06 13:15:00+00:00,-1.070080747580849,0.07008074758085771,-1,0.44295826451687503,0.3,226.9832717101809,stop,-242.89042907997734,75138.62383285054
DJ30,9,2025-01-06 11:15:00+00:00,2025-01-06 13:15:00+00:00,-1.0446922348835095,0.04469223488356408,-1,0.40357900748437886,0.3,226.9832717101809,stop,-237.12766140407976,74901.49617144647
USDJPY,2,2025-01-06 14:15:00+00:00,2025-01-06 14:45:00+00:00,-1.0326205543549645,0.032620554354972596,1,0.506590982386703,0.3,224.70448851433892,stop,-232.0344734957254,74669.46169795074
XAUSGD,3,2025-01-06 13:45:00+00:00,2025-01-06 15:30:00+00:00,-1.0277035409869069,0.027703540986906746,1,0.5302200149584194,0.3,224.70448851433892,stop,-230.92959852183785,74438.5320994289
EURAUD,15,2025-01-06 13:30:00+00:00,2025-01-06 17:30:00+00:00,-0.9127303537315065,0.036343033363703786,-1,0.4432230156702443,0.3,224.70448851433892,time,-205.0946072867498,74233.43749214215
NZDJPY,1,2025-01-07 10:15:00+00:00,2025-01-07 11:00:00+00:00,-1.0674778454316423,0.06747784543166832,-1,0.5766022303303316,0.3,222.70031247642598,stop,-237.7276497392887,73995.70984240287
DJ30,9,2025-01-07 07:30:00+00:00,2025-01-07 11:30:00+00:00,0.5615502671742791,0.030291093250059978,1,0.48249458546421903,0.3,222.70031247642598,time,125.05741997093246,74120.7672623738
XAUUSD,3,2025-01-07 14:15:00+00:00,2025-01-07 15:00:00+00:00,-1.0189188590143639,0.018918859014396786,-1,0.34292648220035393,0.3,222.3623017871209,stop,-226.56914282474088,73894.19811954907
XAUSGD,3,2025-01-07 14:15:00+00:00,2025-01-07 15:15:00+00:00,-1.0666775254408112,0.06667752544080259,-1,0.34427262991666335,0.3,222.3623017871209,stop,-237.188869821609,73657.00924972745
XAGSGD,3,2025-01-07 15:00:00+00:00,2025-01-07 15:45:00+00:00,-1.0859672234692992,0.0859672234693094,-1,0.3866765134988474,0.3,221.68259435864672,stop,-240.74003148713052,73416.26921824033
AUDCAD,7,2025-01-07 15:45:00+00:00,2025-01-07 17:00:00+00:00,1.4424604517747335,0.057539548225245325,-1,0.4041534537563829,0.3,220.24880765472048,target,317.7001945924745,73733.9694128328
EURGBP,20,2025-01-07 15:00:00+00:00,2025-01-07 17:00:00+00:00,-1.074754886266391,0.07475488626639758,1,0.4034843751038381,0.3,221.68259435864672,stop,-238.25445148716582,73495.71496134563
EURCAD,4,2025-01-07 18:00:00+00:00,2025-01-07 19:15:00+00:00,-1.038801175400449,0.038801175400459215,1,0.485547416874004,0.3,220.48714488403638,stop,-229.04230526622607,73266.6726560794
DJ30,9,2025-01-07 18:00:00+00:00,2025-01-07 19:45:00+00:00,-1.009236925223587,0.0092369252235873,1,0.5089025730592719,0.3,220.48714488403638,stop,-222.52376815409244,73044.14888792532
EURJPY,2,2025-01-07 18:00:00+00:00,2025-01-07 20:15:00+00:00,-1.041551953364992,0.041551953365005244,1,0.5054046471841108,0.3,220.48714488403638,stop,-229.6488164458381,72814.50007147947
EURGBP,20,2025-01-07 17:15:00+00:00,2025-01-07 21:15:00+00:00,-0.4453043061237865,0.04907602856981453,1,0.44084620538126656,0.3,220.48714488403638,time,-98.1838750618006,72716.31619641767
NZDCNH,7,2025-01-08 08:30:00+00:00,2025-01-08 10:00:00+00:00,1.3016777960610022,0.19832220393902705,-1,0.42282593367581334,0.3,218.1489485892525,target,283.95964261268307,73000.27583903036
USDJPY,2,2025-01-08 06:30:00+00:00,2025-01-08 10:30:00+00:00,-0.08321524387929438,0.05633373702066299,-1,0.42713315550372394,0.3,218.1489485892525,time,-18.1533179588663,72982.12252107149
EURGBP,20,2025-01-08 09:15:00+00:00,2025-01-08 10:30:00+00:00,1.3614756211341041,0.13852437886589855,1,0.39271571155208734,0.3,218.1489485892525,target,297.0044752803043,73279.1269963518
XAGSGD,3,2025-01-08 10:30:00+00:00,2025-01-08 11:00:00+00:00,-1.1056714256371258,0.10567142563712242,-1,0.4103447562224507,0.3,219.83738098905488,stop,-243.0679104465003,73036.05908590529
USDJPY,2,2025-01-08 10:45:00+00:00,2025-01-08 13:15:00+00:00,-1.0540320958616896,0.05403209586168324,-1,0.4613971187556852,0.3,219.83738098905488,stop,-231.71565543263827,72804.34343047265
NZDJPY,1,2025-01-08 11:30:00+00:00,2025-01-08 13:30:00+00:00,-1.0636221405535815,0.06362214055355493,1,0.4680680313547602,0.3,219.1081772577154,stop,-233.0483085076448,72571.29512196501
XAUSGD,3,2025-01-08 11:15:00+00:00,2025-01-08 14:45:00+00:00,-1.0890942914666675,0.08909429146668534,-1,0.4872081038207569,0.3,219.1081772577154,stop,-238.62946506504454,72332.66565689996
GBPNZD,16,2025-01-08 13:45:00+00:00,2025-01-08 15:30:00+00:00,-1.0365828215833293,0.03658282158332934,1,0.525204665043664,0.3,217.71388536589455,stop,-225.67847359044848,72106.98718330951
GBPCHF,14,2025-01-08 13:45:00+00:00,2025-01-08 15:30:00+00:00,-1.0312945844672257,0.0312945844672257,1,0.5339918826918745,0.3,217.71388536589455,stop,-224.52715094116542,71882.46003236836
GBPAUD,16,2025-01-08 13:45:00+00:00,2025-01-08 15:30:00+00:00,-1.0353949438531413,0.035394943853149535,1,0.470540283173398,0.3,217.71388536589455,stop,-225.41985611446964,71657.04017625388
GER40,8,2025-01-08 15:30:00+00:00,2025-01-08 19:30:00+00:00,-0.019691127601396744,0.007573510615918999,1,0.5014259607618646,0.3,214.97112052876116,time,-4.233023764947075,71652.80715248894
XAUAUD,3,2025-01-09 07:15:00+00:00,2025-01-09 08:45:00+00:00,-1.099282812828251,0.09928281282822582,-1,0.44753573498402455,0.3,214.95842145746633,stop,-236.30009818088425,71416.50705430805
AUDCHF,12,2025-01-09 06:15:00+00:00,2025-01-09 09:30:00+00:00,-1.2017904087098656,0.20179040870984405,1,0.4719509780445768,0.3,214.95842145746633,stop,-258.334969178996,71158.17208512906
NZDCAD,7,2025-01-09 06:15:00+00:00,2025-01-09 09:30:00+00:00,-1.1084725805171387,0.1084725805171132,1,0.39978779771158507,0.3,214.95842145746633,stop,-238.27551613684838,70919.8965689922
NZDUSD,7,2025-01-09 06:15:00+00:00,2025-01-09 09:30:00+00:00,-1.0585955125449924,0.058595512545022335,1,0.40585495425203616,0.3,214.95842145746633,stop,-227.55402033862907,70692.34254865357
AUDUSD,7,2025-01-09 10:15:00+00:00,2025-01-09 13:45:00+00:00,1.4598317623056836,0.040168237694335474,1,0.4701368489186928,0.3,212.07702764596021,target,309.5967810129533,71001.93932966654
USDCHF,18,2025-01-09 10:15:00+00:00,2025-01-09 14:15:00+00:00,0.15288902527794349,0.0801818033764357,-1,0.46371905558684157,0.3,212.07702764596021,time,32.424250040634334,71034.36357970716
US2000,9,2025-01-09 14:45:00+00:00,2025-01-09 16:00:00+00:00,-1.0535052903368118,0.053505290336818896,1,0.3164370401540146,0.3,213.103090739121,stop,-224.50523348078963,70809.85834622638
CHFSGD,19,2025-01-09 13:15:00+00:00,2025-01-09 17:15:00+00:00,-0.0570376948358022,0.17109493903690776,1,0.32415925166736165,0.3,212.07702764596021,time,-12.096384784554266,70797.76196144182
GER40,8,2025-01-10 10:45:00+00:00,2025-01-10 12:30:00+00:00,-1.0239556706914483,0.023955670691410632,-1,0.38146072147124777,0.3,212.39328588432497,stop,-217.4813094980445,70580.28065194377
AUDCHF,12,2025-01-10 11:15:00+00:00,2025-01-10 13:00:00+00:00,1.3839856730046924,0.11601432699535626,1,0.43294200158916096,0.3,212.39328588432497,target,293.94926470629554,70874.22991665007
XAGEUR,3,2025-01-10 10:45:00+00:00,2025-01-10 14:45:00+00:00,-0.1891433817889648,0.07092876817086012,-1,0.46004685604792045,0.3,212.39328588432497,time,-40.172784361431624,70834.05713228864
EURCHF,13,2025-01-10 15:45:00+00:00,2025-01-10 18:30:00+00:00,-1.0381611050303239,0.0381611050303195,1,0.5547842440473589,0.3,212.5021713968654,stop,-220.61148907871308,70613.44564320993
NZDCHF,12,2025-01-10 15:45:00+00:00,2025-01-10 19:45:00+00:00,0.024343620159187566,0.046594288268150354,1,0.41702802501371844,0.3,212.5021713968654,time,5.173072143487864,70618.61871535341
AUDCHF,12,2025-01-10 15:45:00+00:00,2025-01-10 19:45:00+00:00,-0.3629086342898767,0.07236681530941648,1,0.4638627768266643,0.3,212.5021713968654,time,-77.11887280526972,70541.49984254815
XAUSGD,3,2025-01-10 15:45:00+00:00,2025-01-10 19:45:00+00:00,1.046676772997915,0.01424343649852837,1,0.5527198627842974,0.3,212.5021713968654,time,222.4210870127209,70763.92092956086
XAGEUR,3,2025-01-10 15:45:00+00:00,2025-01-10 19:45:00+00:00,0.43109467339250523,0.022689193336447873,1,0.4680435046921077,0.3,212.5021713968654,time,91.60855417352985,70855.5294837344
US2000,9,2025-01-13 16:45:00+00:00,2025-01-13 20:15:00+00:00,1.4765060977688753,0.02349390223111672,1,0.4007217611276798,0.3,212.5665884512027,target,313.8558640301278,71169.38534776452
SP500,9,2025-01-13 18:00:00+00:00,2025-01-13 21:30:00+00:00,-1.0201109121632193,0.020110912163225216,-1,0.4720081904095543,0.3,212.5665884512027,stop,-216.84149644038,70952.54385132414
USDCHF,18,2025-01-14 09:15:00+00:00,2025-01-14 10:00:00+00:00,-1.1487136254423698,0.14871362544238456,1,0.5041679555424593,0.3,212.857631553972,stop,-244.51246164543934,70708.03138967871
USDCAD,17,2025-01-14 09:15:00+00:00,2025-01-14 10:15:00+00:00,-1.073462697635089,0.07346269763509346,1,0.4547740781442724,0.3,212.857631553972,stop,-228.49472738014262,70479.53666229856
XAUEUR,3,2025-01-14 09:45:00+00:00,2025-01-14 11:30:00+00:00,-1.03185678056766,0.03185678056768672,1,0.5434288417242976,0.3,212.857631553972,stop,-219.6385904145387,70259.89807188403
FR40,8,2025-01-14 10:00:00+00:00,2025-01-14 14:00:00+00:00,0.393424158286126,0.06399067634774619,-1,0.48526526900957984,0.3,212.12409416903563,time,83.45474320065976,70343.35281508468
XAGSGD,3,2025-01-14 10:15:00+00:00,2025-01-14 14:15:00+00:00,0.2465010846605681,0.05282166099869252,1,0.4301900448146436,0.3,211.43860998689524,time,52.11984670089251,70395.47266178558
GBPCHF,14,2025-01-14 15:15:00+00:00,2025-01-14 15:15:00+00:00,-1.047325471534508,0.047325471534488635,1,0.4583357125743141,0.3,210.01205094057107,stop,-219.9509702792627,70175.5216915063
SP500,9,2025-01-14 14:30:00+00:00,2025-01-14 15:15:00+00:00,-1.0456697216951116,0.04566972169513814,1,0.36079684838033826,0.3,211.1864179853563,stop,-220.83124292053503,69954.69044858578
GBPAUD,16,2025-01-14 11:15:00+00:00,2025-01-14 15:15:00+00:00,-0.8069691655895592,0.047743841831419456,1,0.4589607072965937,0.3,211.43860998689524,time,-170.6244386745411,69784.06600991123
GER40,8,2025-01-14 12:30:00+00:00,2025-01-14 15:30:00+00:00,-1.0183129081752542,0.01831290817525006,-1,0.4113207192257255,0.3,210.7796942156516,stop,-214.639683401031,69569.4263265102
NAS100,9,2025-01-14 14:30:00+00:00,2025-01-14 15:30:00+00:00,1.4867516723475733,0.013248327652446127,1,0.36747952549535273,0.3,211.1864179853563,target,313.9817601168221,69883.40808662702
AU200,10,2025-01-14 14:30:00+00:00,2025-01-14 15:30:00+00:00,1.4276954697678654,0.07230453023216812,1,0.3445425485668281,0.3,211.1864179853563,target,301.509892234196,70184.91797886122
EURCAD,4,2025-01-14 15:45:00+00:00,2025-01-14 16:15:00+00:00,-1.0579643781093901,0.05796437810936894,-1,0.3776545213519342,0.3,210.5547539365832,stop,-222.75942930649293,69962.15854955473
CADJPY,2,2025-01-14 14:15:00+00:00,2025-01-14 17:30:00+00:00,-1.040860784388954,0.04086078438898048,-1,0.43412575743707693,0.3,211.1864179853563,stop,-219.81566067653142,69742.3428888782
XAGUSD,3,2025-01-14 15:45:00+00:00,2025-01-14 17:30:00+00:00,-1.039754872686724,0.03975487268672401,-1,0.42643290318710053,0.3,210.5547539365832,stop,-218.9253313729166,69523.41755750528
FR40,8,2025-01-14 15:45:00+00:00,2025-01-14 18:00:00+00:00,1.4615793181765933,0.03842068182341519,-1,0.4218744024386123,0.3,210.5547539365832,target,307.74247369747167,69831.16003120274
EURNZD,15,2025-01-14 15:45:00+00:00,2025-01-14 19:00:00+00:00,1.4691346938847465,0.03086530611527783,1,0.4153146920004245,0.3,210.5547539365832,target,309.3332939706003,70140.49332517336
GBPAUD,16,2025-01-14 15:45:00+00:00,2025-01-14 19:45:00+00:00,0.5799796471303296,0.04177584280327213,1,0.44375142177047594,0.3,210.5547539365832,time,122.1174718897529,70262.6107970631
AUDCAD,7,2025-01-14 15:45:00+00:00,2025-01-14 19:45:00+00:00,0.04092738054816805,0.03815256413905387,-1,0.3912941312084756,0.3,210.5547539365832,time,8.617454540588426,70271.2282516037
XAUUSD,3,2025-01-14 15:45:00+00:00,2025-01-14 19:45:00+00:00,-0.4726293275236025,0.007705912948754617,-1,0.4710525875996381,0.3,210.5547539365832,time,-99.51435175994492,70171.71389984374
FR40,8,2025-01-15 09:30:00+00:00,2025-01-15 10:00:00+00:00,1.4122417807362246,0.08775821926374451,-1,0.42602306116248473,0.3,210.51514169953083,target,297.2982785856841,70469.01217842943
SP500,9,2025-01-15 10:15:00+00:00,2025-01-15 13:30:00+00:00,1.441425747882559,0.05857425211745978,1,0.4241720933046178,0.3,211.4070365352879,target,304.7275457455128,70773.73972417494
GBPCAD,5,2025-01-15 11:30:00+00:00,2025-01-15 15:30:00+00:00,1.4671067996012293,0.03289320039878028,1,0.39253295087997203,0.3,211.4070365352879,target,310.15670078446635,71083.89642495941
AUDCHF,12,2025-01-15 15:45:00+00:00,2025-01-15 19:45:00+00:00,0.46849871693568235,0.05896391032901432,1,0.5265646158538755,0.3,213.25168927487783,time,99.90814280964707,71183.80456776905
DJ30,9,2025-01-16 07:45:00+00:00,2025-01-16 09:00:00+00:00,1.4691317212723736,0.030868278727688648,1,0.4969065613740303,0.3,213.5514137033068,target,313.73515599408785,71497.53972376316
US2000,9,2025-01-16 07:45:00+00:00,2025-01-16 10:45:00+00:00,-1.10853417571044,0.10853417571042061,1,0.4245121041817354,0.3,213.5514137033068,stop,-236.72904036139437,71260.81068340175
EURCHF,13,2025-01-16 09:15:00+00:00,2025-01-16 10:45:00+00:00,-1.0971831691099394,0.09718316910993936,1,0.4248783130268905,0.3,214.49261917128908,stop,-235.3376916530463,71025.47299174871
EURUSD,6,2025-01-16 07:30:00+00:00,2025-01-16 11:30:00+00:00,-0.31075533164711655,0.07573022507223824,1,0.416933098898868,0.3,213.5514137033068,time,-66.36224038908169,70959.11075135962
USDJPY,2,2025-01-16 10:30:00+00:00,2025-01-16 11:45:00+00:00,-1.033108688800056,0.03310868880008869,1,0.42248089379720016,0.3,214.49261917128908,stop,-221.59418854934023,70737.51656281028
XAUEUR,3,2025-01-16 13:45:00+00:00,2025-01-16 15:15:00+00:00,-1.0218844140042198,0.02188441400422425,-1,0.5649570119940365,0.3,212.21254968843056,stop,-216.85669698270323,70520.65986582758
GER40,8,2025-01-16 12:15:00+00:00,2025-01-16 16:15:00+00:00,0.5230040666858322,0.011452643796040121,1,0.4539227554114061,0.3,212.21254968843056,time,110.98802648881842,70631.6478923164
NZDCAD,7,2025-01-16 15:45:00+00:00,2025-01-16 17:15:00+00:00,1.434650817951564,0.06534918204843136,1,0.3320253688673091,0.3,211.56197959748243,target,303.5175670769803,70935.16545939338
GBPCAD,5,2025-01-16 15:15:00+00:00,2025-01-16 17:30:00+00:00,1.4557565981876786,0.04424340181229369,1,0.35220617585118236,0.3,211.56197959748243,target,307.9827477246821,71243.14820711807
GBPUSD,6,2025-01-16 15:15:00+00:00,2025-01-16 17:30:00+00:00,1.4587399361549807,0.041260063844986254,1,0.3415812845211588,0.3,211.56197959748243,target,308.61390861085283,71551.76211572891
USDJPY,2,2025-01-16 15:45:00+00:00,2025-01-16 18:00:00+00:00,1.470510723435921,0.029489276564079018,-1,0.4044225619147153,0.3,211.56197959748243,target,311.10415966942946,71862.86627539835
AU200,10,2025-01-16 15:15:00+00:00,2025-01-16 19:00:00+00:00,1.4251194613220934,0.0748805386779337,1,0.4447811812402227,0.3,211.56197959748243,target,301.50109440019986,72164.36736979854
GBPCAD,5,2025-01-17 08:00:00+00:00,2025-01-17 09:00:00+00:00,-1.0887518747151013,0.08875187471512731,1,0.3902049602981376,0.3,216.49310210939532,stop,-235.707270784492,71928.66009901406
FR40,8,2025-01-17 06:15:00+00:00,2025-01-17 09:45:00+00:00,-2.324841953618476,1.3248419536184886,-1,0.42666277428800886,0.3,216.49310210939532,stop,-503.3122464529308,71425.34785256113
XAUUSD,3,2025-01-17 10:00:00+00:00,2025-01-17 11:45:00+00:00,-1.0231891757908442,0.02318917579082179,1,0.4844302903750963,0.3,214.27604355768307,stop,-219.24492839950878,71206.10292416162
XAUCNH,3,2025-01-17 10:00:00+00:00,2025-01-17 12:30:00+00:00,-1.0815986616852171,0.08159866168518788,1,0.4977538844647607,0.3,214.27604355768307,stop,-231.7606819431933,70974.34224221842
JP225,11,2025-01-17 10:15:00+00:00,2025-01-17 13:45:00+00:00,-1.0872807502927961,0.08728075029279701,-1,0.44841933567354353,0.3,214.27604355768307,stop,-232.9782174091695,70741.36402480924
AUDJPY,1,2025-01-17 09:45:00+00:00,2025-01-17 13:45:00+00:00,0.2774607778795383,0.06184793120187521,-1,0.3802360835429643,0.3,214.27604355768307,time,59.45319772646458,70800.81722253571
AUDCHF,12,2025-01-17 09:45:00+00:00,2025-01-17 13:45:00+00:00,0.9758589624557978,0.1355169186031786,-1,0.36192351390523525,0.3,214.27604355768307,time,209.10319754533396,71009.92042008105
NAS100,9,2025-01-17 13:45:00+00:00,2025-01-17 15:00:00+00:00,-1.031844570053324,0.03184457005331998,-1,0.27740748322155917,0.3,213.02976126024288,stop,-219.8136024161376,70790.10681766491
XAGUSD,3,2025-01-17 14:15:00+00:00,2025-01-17 15:00:00+00:00,1.3984514357917328,0.10154856420827447,-1,0.38040293277160914,0.3,213.02976126024288,target,297.91177550075673,71088.01859316567
GBPUSD,6,2025-01-17 14:15:00+00:00,2025-01-17 16:00:00+00:00,-1.040814529468675,0.04081452946869814,1,0.34186354793123486,0.3,213.02976126024288,stop,-221.72447072890387,70866.29412243677
GBPAUD,16,2025-01-17 16:15:00+00:00,2025-01-17 16:45:00+00:00,1.460789794424047,0.03921020557595269,-1,0.36518415764969275,0.3,212.59888236731004,target,310.56227766812503,71176.8564001049
NZDCAD,7,2025-01-17 16:15:00+00:00,2025-01-17 17:00:00+00:00,1.4059532448989434,0.09404675510105244,1,0.35490292071647084,0.3,212.59888236731004,target,298.9040885262083,71475.7604886311
XAUGBP,3,2025-01-17 14:15:00+00:00,2025-01-17 18:00:00+00:00,-1.0086026979493377,0.008602697949307021,-1,0.382335405795817,0.3,213.02976126024288,stop,-214.86239195058425,71260.89809668051
XAUCNH,3,2025-01-17 16:45:00+00:00,2025-01-17 20:00:00+00:00,0.31975198414727246,0.036210760044134885,1,0.44781099397027874,0.3,213.53056920031443,weekend,68.276823177897,71329.17491985841
FR40,8,2025-01-20 10:00:00+00:00,2025-01-20 10:00:00+00:00,-1.1309996971038252,0.13099969710382683,-1,0.5808673387038983,0.3,213.987524759575,stop,-242.0198256870766,71087.15509417134
CADJPY,2,2025-01-20 09:15:00+00:00,2025-01-20 13:15:00+00:00,0.21988505173679387,0.05121817760302294,-1,0.4233577747576467,0.3,213.987524759575,time,47.052657952787605,71134.20775212412
NZDJPY,1,2025-01-20 15:00:00+00:00,2025-01-20 15:30:00+00:00,-1.0979662111762203,0.09796621117621558,-1,0.3675170195865838,0.3,213.40262325637212,stop,-234.30886971186524,70899.89888241226
NZDCHF,12,2025-01-20 15:00:00+00:00,2025-01-20 15:30:00+00:00,-1.0746008661308921,0.07460086613094423,-1,0.3902280743173827,0.3,213.40262325637212,stop,-229.32264378590196,70670.57623862635
US2000,9,2025-01-20 15:45:00+00:00,2025-01-20 16:30:00+00:00,1.4804249275905494,0.019575072409457633,1,0.44469367298841345,0.3,212.0117287158788,target,313.8674481325521,70984.44368675891
DJ30,9,2025-01-20 15:45:00+00:00,2025-01-20 19:45:00+00:00,0.3430827531858913,0.014189000396871872,1,0.5723506129165205,0.3,212.0117287158788,time,72.737567595544,71057.18125435445
CHFSGD,19,2025-01-20 15:45:00+00:00,2025-01-20 19:45:00+00:00,-0.49510970418395334,0.09778421517774841,-1,0.416807461976933,0.3,212.0117287158788,time,-104.96906428804732,70952.2121900664
EURGBP,20,2025-01-21 09:15:00+00:00,2025-01-21 10:00:00+00:00,-1.089369199680689,0.08936919968064601,-1,0.4707463221938812,0.3,212.85663657019902,stop,-231.87946382720096,70720.3327262392
NZDJPY,1,2025-01-21 16:45:00+00:00,2025-01-21 18:15:00+00:00,-1.0761157946962794,0.07611579469628914,-1,0.40430375140509067,0.3,212.16099817871742,stop,-228.30980115864637,70492.02292508056
GBPJPY,2,2025-01-21 16:45:00+00:00,2025-01-21 18:15:00+00:00,-1.046487013841835,0.046487013841808984,-1,0.3952574843759175,0.3,212.16099817871742,stop,-222.02372943774898,70269.9991956428
AUDJPY,1,2025-01-21 16:45:00+00:00,2025-01-21 18:15:00+00:00,-1.059557405747869,0.059557405747869885,-1,0.47389184885662744,0.3,212.16099817871742,stop,-224.79675683112018,70045.20243881168
EURJPY,2,2025-01-21 16:45:00+00:00,2025-01-21 18:30:00+00:00,-1.0580561642700657,0.058056164270091665,-1,0.4427038399508714,0.3,212.16099817871742,stop,-224.47825194068213,69820.724186871
CHFSGD,19,2025-01-21 15:00:00+00:00,2025-01-21 18:45:00+00:00,-1.2570898952933767,0.2570898952933797,1,0.36271932506491383,0.3,212.16099817871742,stop,-266.70544698582216,69554.01873988518
XAGEUR,3,2025-01-21 15:15:00+00:00,2025-01-21 19:15:00+00:00,-0.2569899868768503,0.04535117415473814,-1,0.3676161675957427,0.3,212.16099817871742,time,-54.52325213772806,69499.49548774745
GBPCAD,5,2025-01-21 15:45:00+00:00,2025-01-21 19:45:00+00:00,-0.7765272965147462,0.0432449406427784,1,0.428191149727124,0.3,212.16099817871742,time,-164.74880634158941,69334.74668140586
GER40,8,2025-01-22 09:45:00+00:00,2025-01-22 10:15:00+00:00,-1.0281426713255186,0.028142671325543482,-1,0.6223244450462334,0.3,208.0042400442174,stop,-213.8580350060961,69120.88864639976
XAGUSD,3,2025-01-22 14:45:00+00:00,2025-01-22 16:30:00+00:00,-1.1425435804337163,0.14254358043372056,1,0.3783442799967606,0.3,207.3626659391991,stop,-236.92088279045316,68883.96776360931
AUDCHF,12,2025-01-22 13:30:00+00:00,2025-01-22 17:30:00+00:00,-0.08935468720853469,0.10820437588497883,-1,0.3736209418817693,0.3,207.3626659391991,time,-18.528826153725007,68865.43893745559
US2000,9,2025-01-22 16:30:00+00:00,2025-01-22 17:30:00+00:00,-1.0540992457763438,0.05409924577637735,1,0.39835574034236787,0.3,206.65190329082776,stop,-217.8316153971075,68647.60732205848
XAUAUD,3,2025-01-22 15:15:00+00:00,2025-01-22 17:45:00+00:00,-1.035005227174317,0.03500522717430603,-1,0.43672417283029624,0.3,207.3626659391991,stop,-214.6214431678728,68432.98587889061
XAUCNH,3,2025-01-23 13:15:00+00:00,2025-01-23 15:00:00+00:00,1.4599569961760959,0.04004300382387025,-1,0.4132231536936226,0.3,205.29895763667164,target,299.72764950931867,68732.71352839992
EURUSD,6,2025-01-23 16:30:00+00:00,2025-01-23 18:00:00+00:00,1.4533907690201928,0.04660923097981745,-1,0.36535798010103643,0.3,206.1981405851996,target,299.6864741156571,69032.40000251558
FR40,8,2025-01-23 15:45:00+00:00,2025-01-23 18:15:00+00:00,-1.0811670806587261,0.0811670806587257,-1,0.5380060191617934,0.3,206.1981405851996,stop,-222.93464169375787,68809.46536082182
USDCHF,18,2025-01-24 08:15:00+00:00,2025-01-24 10:00:00+00:00,-1.1466116916864713,0.14661169168646956,1,0.4379180599365302,0.3,206.42839608246533,stop,-236.69321244424052,68572.77214837758
GBPAUD,16,2025-01-24 06:15:00+00:00,2025-01-24 10:15:00+00:00,-0.21583887212136751,0.05331727973573433,1,0.3899714671469368,0.3,206.42839608246533,time,-44.555272184262236,68528.21687619333
GER40,8,2025-01-24 10:15:00+00:00,2025-01-24 14:15:00+00:00,-0.6140186379463679,0.018094851805884587,1,0.6014680525763207,0.3,205.5846506285798,time,-126.23280716164048,68401.98406903168
AUDJPY,1,2025-01-24 10:30:00+00:00,2025-01-24 14:30:00+00:00,1.3352607278104638,0.03284505482011982,1,0.45152858660898504,0.3,205.5846506285798,time,274.5091102249774,68676.49317925666
XAUEUR,3,2025-01-24 13:45:00+00:00,2025-01-24 15:15:00+00:00,-1.0219001257485605,0.021900125748567208,-1,0.30947859743374695,0.3,205.5846506285798,stop,-210.08698032931957,68466.40619892735
XAUUSD,3,2025-01-24 13:45:00+00:00,2025-01-24 15:30:00+00:00,-1.016520209845813,0.01652020984579779,-1,0.4716583193698673,0.3,205.5846506285798,stop,-208.9809521980421,68257.4252467293
FR40,8,2025-01-24 17:15:00+00:00,2025-01-24 20:00:00+00:00,0.24590842767062604,0.04992125975268348,1,0.536456099900983,0.3,204.77227574018775,weekend,50.35522835780545,68307.7804750871
EURAUD,15,2025-01-24 17:15:00+00:00,2025-01-24 20:00:00+00:00,-0.25783909523708387,0.04025692968831885,-1,0.43978179897548936,0.3,204.77227574018775,weekend,-52.79829830648867,68254.98217678061
USDCAD,17,2025-01-24 16:45:00+00:00,2025-01-24 20:00:00+00:00,0.25083394995292374,0.044861882257219814,1,0.3570812643437507,0.3,204.77227574018775,weekend,51.36383876476055,68306.34601554536
XAGUSD,3,2025-01-27 10:15:00+00:00,2025-01-27 11:30:00+00:00,1.4807362156167307,0.019263784383260905,1,0.4736371084449442,0.3,204.91903804663602,target,303.4310409049967,68609.77705645037
AUDUSD,7,2025-01-27 09:00:00+00:00,2025-01-27 13:00:00+00:00,1.163971759307061,0.047653210044598986,1,0.5077939159194343,0.3,204.91903804663602,time,238.5199732306535,68848.29702968102
EURNZD,15,2025-01-27 10:00:00+00:00,2025-01-27 13:00:00+00:00,-1.064549910377281,0.06454991037726947,-1,0.44016375385300144,0.3,204.91903804663602,stop,-218.14654358714503,68630.15048609389
XAGEUR,3,2025-01-27 10:15:00+00:00,2025-01-27 13:45:00+00:00,1.4427182248887052,0.05728177511128869,1,0.44681663542401323,0.3,204.91903804663602,target,295.64043081654376,68925.79091691042
XAUCNH,3,2025-01-27 15:15:00+00:00,2025-01-27 15:30:00+00:00,-1.0492654247940914,0.04926542479408558,1,0.4538226292013543,0.3,206.77737275073108,stop,-216.964347857102,68708.82656905332
XAUAUD,3,2025-01-27 14:45:00+00:00,2025-01-27 16:30:00+00:00,-1.025082660345561,0.02508266034553892,1,0.4837056409205065,0.3,206.77737275073108,stop,-211.9638993585851,68496.86266969473
XAUUSD,3,2025-01-27 16:45:00+00:00,2025-01-27 17:00:00+00:00,-1.0102087857877013,0.010208785787692555,1,0.4952415894938092,0.3,205.49058800908404,stop,-207.58839740345758,68289.27427229128
NZDUSD,7,2025-01-27 13:00:00+00:00,2025-01-27 17:00:00+00:00,0.9521409611861572,0.054089615014245945,-1,0.47183777577287017,0.3,205.8904514582815,time,196.03673235053998,68485.31100464182
NAS100,9,2025-01-28 10:15:00+00:00,2025-01-28 10:45:00+00:00,-1.0160992244278955,0.01609922442790538,-1,0.5020413815245489,0.3,205.4559330139253,stop,-208.76361418955912,68276.54739045227
GER40,8,2025-01-28 07:15:00+00:00,2025-01-28 11:15:00+00:00,-0.32130867869547447,0.053455647797280695,-1,0.5307878958126203,0.3,205.4559330139253,time,-66.01477436685025,68210.5326160854
USDJPY,2,2025-01-28 10:00:00+00:00,2025-01-28 11:30:00+00:00,1.4675824135400568,0.03241758645997989,-1,0.4748030221632809,0.3,205.4559330139253,target,301.5235140487007,68512.05613013411
USDCAD,17,2025-01-28 09:00:00+00:00,2025-01-28 13:00:00+00:00,-0.6060644830151634,0.10900900774928761,-1,0.38741384017170405,0.3,205.4559330139253,time,-124.51954382448267,68387.53658630964
XAUSGD,3,2025-01-28 11:15:00+00:00,2025-01-28 15:15:00+00:00,-0.36414960367652327,0.0569973292711104,-1,0.4742623243311361,0.3,204.63159784825604,time,-74.51651525613613,68313.0200710535
GBPCAD,5,2025-01-28 14:15:00+00:00,2025-01-28 15:30:00+00:00,-1.0598912582302809,0.05989125823024401,1,0.42482076718324996,0.3,205.1626097589287,stop,-217.45005659919906,68095.5700144543
AUDCAD,7,2025-01-28 15:00:00+00:00,2025-01-28 15:45:00+00:00,-1.129943918643918,0.1299439186439413,1,0.4348791811139801,0.3,205.1626097589287,stop,-231.82224323021683,67863.74777122408
XAUAUD,3,2025-01-28 15:45:00+00:00,2025-01-28 16:45:00+00:00,-1.0363821919670362,0.03638219196701506,-1,0.4396120760364406,0.3,203.591243313672,stop,-210.9983390107176,67652.74943221336
GBPCHF,14,2025-01-28 15:45:00+00:00,2025-01-28 16:45:00+00:00,-1.0681668510938491,0.06816685109381457,1,0.38904915557021624,0.3,203.591243313672,stop,-217.4694172806467,67435.28001493271
SP500,9,2025-01-28 17:00:00+00:00,2025-01-28 17:15:00+00:00,1.4827056639663905,0.017294336033597955,1,0.39590892718484344,0.3,202.30584004479792,target,299.96001488790046,67735.24002982062
US2000,9,2025-01-28 16:45:00+00:00,2025-01-28 17:30:00+00:00,-1.0335511727619886,0.03355117276198871,-1,0.5157381704095932,0.3,202.30584004479792,stop,-209.09343823490016,67526.14659158571
NZDJPY,1,2025-01-28 17:00:00+00:00,2025-01-28 18:00:00+00:00,1.4673271007248971,0.03267289927508463,1,0.42893164708144527,0.3,202.30584004479792,target,296.8488417326481,67822.99543331836
AUDJPY,1,2025-01-28 17:00:00+00:00,2025-01-28 21:00:00+00:00,0.8967172090151836,0.04657607083840469,1,0.402545445253166,0.3,202.30584004479792,time,181.41112825244335,68004.4065615708
USDJPY,2,2025-01-28 17:00:00+00:00,2025-01-28 21:00:00+00:00,0.936818732694231,0.028499797023289954,1,0.4505749717375716,0.3,202.30584004479792,time,189.5239006874094,68193.93046225821
USDCHF,18,2025-01-29 06:30:00+00:00,2025-01-29 09:15:00+00:00,1.3563616052309049,0.14363839476915316,1,0.4452821312477319,0.3,204.5817913867744,target,277.4868869663794,68471.41734922459
US2000,9,2025-01-29 08:15:00+00:00,2025-01-29 12:15:00+00:00,-0.08573888790122956,0.07565195991285771,-1,0.46993121291917733,0.3,204.5817913867744,time,-17.54061527834338,68453.87673394625
XAUUSD,3,2025-01-29 10:45:00+00:00,2025-01-29 14:15:00+00:00,1.4846752323813377,0.01532476761865166,-1,0.5828889329395314,0.3,205.4142520476735,target,304.9734523933183,68758.85018633956
DJ30,9,2025-01-29 10:30:00+00:00,2025-01-29 14:30:00+00:00,0.07461637989875879,0.035926405136439424,1,0.5229295447976627,0.3,205.4142520476735,time,15.327267867408596,68774.17745420698
XAGSGD,3,2025-01-29 10:45:00+00:00,2025-01-29 14:45:00+00:00,-0.9267437096345129,0.11696765267231868,-1,0.4181423034562834,0.3,205.4142520476735,time,-190.36636595445978,68583.81108825252
EURJPY,2,2025-01-29 13:00:00+00:00,2025-01-29 15:15:00+00:00,-1.0456635763407032,0.045663576340730955,1,0.4623165209258957,0.3,205.3616302018385,stop,-214.7391766800114,68369.07191157251
EURCHF,13,2025-01-29 12:00:00+00:00,2025-01-29 16:00:00+00:00,0.9324812344266914,0.13119150466592294,1,0.41965789329715525,0.3,205.4142520476735,time,191.5449353182501,68560.61684689076
DJ30,9,2025-01-29 16:45:00+00:00,2025-01-29 17:00:00+00:00,-1.0266108565019756,0.026610856501975512,-1,0.46465596182250996,0.3,205.68185054067197,stop,-211.1552207504706,68349.46162614028
USDJPY,2,2025-01-29 15:15:00+00:00,2025-01-29 17:15:00+00:00,-1.0458073135487027,0.045807313548734546,1,0.40471155898564765,0.3,205.10721573471724,stop,-214.50262627697884,68134.9589998633
XAUCNH,3,2025-01-29 15:30:00+00:00,2025-01-29 17:15:00+00:00,-1.2739623238015778,0.27396232380161123,1,0.4173843038627636,0.3,205.10721573471724,stop,-261.29886518587193,67873.66013467743
GBPCAD,5,2025-01-29 17:00:00+00:00,2025-01-29 17:45:00+00:00,1.425790375981029,0.07420962401899432,1,0.4590997079575576,0.3,205.0483848784206,target,292.3560137701061,68166.01614844754
EURCAD,4,2025-01-29 17:00:00+00:00,2025-01-29 21:00:00+00:00,-0.10547216745424574,0.04253001345636959,1,0.5034334647780194,0.3,205.0483848784206,time,-21.62689758611941,68144.38925086142
NZDCAD,7,2025-01-29 17:00:00+00:00,2025-01-29 21:00:00+00:00,-0.22972887758035074,0.047014861327176916,1,0.42459099634435793,0.3,205.0483848784206,time,-47.10553530778333,68097.28371555364
AUDCAD,7,2025-01-29 17:00:00+00:00,2025-01-29 21:00:00+00:00,-0.19287189396592302,0.10185812274158103,1,0.4787767916831808,0.3,205.0483848784206,time,-39.54807034615451,68057.73564520749
NZDCNH,7,2025-01-30 06:15:00+00:00,2025-01-30 08:00:00+00:00,-1.2250734579494804,0.22507345794949085,1,0.4049432336794608,0.3,204.17320693562218,stop,-250.1271766412575,67807.60846856622
GBPCHF,14,2025-01-30 09:15:00+00:00,2025-01-30 10:00:00+00:00,1.4082084572138627,0.09179154278607535,1,0.39009337863472787,0.3,203.42282540569843,target,286.4617431266435,68094.07021169287
EURCHF,13,2025-01-30 09:15:00+00:00,2025-01-30 10:00:00+00:00,1.3138224447611382,0.186177555238775,1,0.45303252719935433,0.3,203.42282540569843,target,267.26147379473286,68361.3316854876
XAUGBP,3,2025-01-30 09:30:00+00:00,2025-01-30 10:45:00+00:00,-1.08939043020747,0.0893904302074356,-1,0.43957858483494405,0.3,203.42282540569843,stop,-221.60687928273288,68139.72480620487
GBPJPY,2,2025-01-30 09:00:00+00:00,2025-01-30 13:00:00+00:00,-0.3077134599208451,0.042502495967251676,1,0.3928696811958929,0.3,203.42282540569843,time,-62.59594143246145,68077.12886477241
AU200,10,2025-01-30 11:30:00+00:00,2025-01-30 15:30:00+00:00,-0.14578716154360832,0.09077313831960518,-1,0.4125302474083134,0.3,204.41917441861435,time,-29.801691203577576,68047.32717356883
GBPCHF,14,2025-01-30 13:45:00+00:00,2025-01-30 15:30:00+00:00,1.4435968860350556,0.05640311396493921,-1,0.40887552984568054,0.3,204.23138659431697,target,294.8277937181776,68342.154967287
GBPCHF,14,2025-01-30 15:45:00+00:00,2025-01-30 19:45:00+00:00,0.3094957919385476,0.03817758250148365,1,0.4951237401592898,0.3,205.02646490186078,time,63.45482812316224,68405.60979541017
EURGBP,20,2025-01-30 16:15:00+00:00,2025-01-30 20:15:00+00:00,-0.12400547826273509,0.04248485594654141,-1,0.49761901279472215,0.3,205.02646490186078,time,-25.424404836673116,68380.18539057349
GBPCAD,5,2025-01-31 14:15:00+00:00,2025-01-31 16:15:00+00:00,1.4512311093821306,0.04876889061785843,1,0.33021682107171235,0.3,205.14055617172028,target,297.7063569123529,68677.89174748585
EURCHF,13,2025-01-31 16:30:00+00:00,2025-01-31 17:00:00+00:00,-1.163717323812594,0.163717323812624,1,0.38138728808644573,0.3,206.03367524245735,stop,-239.76495716842555,68438.12679031742
EURUSD,6,2025-01-31 17:15:00+00:00,2025-01-31 18:30:00+00:00,1.4620642725339235,0.037935727466122456,1,0.446943390356301,0.3,205.31438037095205,target,300.1828201778093,68738.30961049523
US2000,9,2025-01-31 17:45:00+00:00,2025-01-31 19:30:00+00:00,-1.0353010123428095,0.035301012342788006,-1,0.4197185091338264,0.3,205.31438037095205,stop,-212.5621858465833,68525.74742464865
XAGEUR,3,2025-02-03 15:15:00+00:00,2025-02-03 16:45:00+00:00,-1.1098781450693769,0.10987814506937364,-1,0.4243182861857069,0.3,205.57724227394573,stop,-228.16568832348477,68297.58173632517
NZDCAD,7,2025-02-03 15:15:00+00:00,2025-02-03 17:15:00+00:00,-1.0261481186944996,0.02614811869449956,1,0.39979589046444003,0.3,205.57724227394573,stop,-210.95270040581278,68086.62903591935
GBPCHF,14,2025-02-03 16:30:00+00:00,2025-02-03 18:15:00+00:00,-1.0378390769173762,0.03783907691739216,-1,0.452099928737513,0.3,205.57724227394573,stop,-213.35609535681164,67873.27294056254
EURCAD,4,2025-02-03 15:15:00+00:00,2025-02-03 19:15:00+00:00,-0.9381093254963693,0.018758863135916955,1,0.43382290358426384,0.3,205.57724227394573,time,-192.8539280870149,67680.41901247553
GBPCAD,5,2025-02-03 15:15:00+00:00,2025-02-03 19:15:00+00:00,-0.44346674900022887,0.041461202783291795,1,0.4515959726776552,0.3,205.57724227394573,time,-91.16667129965913,67589.25234117586
XAGUSD,3,2025-02-03 17:30:00+00:00,2025-02-03 21:30:00+00:00,0.730229900743188,0.0811366556381318,1,0.46607963721670914,0.3,204.25988710775783,time,149.1566770885128,67738.40901826437
AUDJPY,1,2025-02-03 17:30:00+00:00,2025-02-03 21:30:00+00:00,0.2903721153417234,0.01442869009813959,1,0.5162464885721257,0.3,204.25988710775783,time,59.31137549894126,67797.72039376332
AUDUSD,7,2025-02-04 06:15:00+00:00,2025-02-04 07:00:00+00:00,-1.039685330872115,0.03968533087210768,1,0.4920173765491549,0.3,203.39316118128977,stop,-211.46488607989468,67586.25550768343
GBPAUD,16,2025-02-04 06:15:00+00:00,2025-02-04 07:00:00+00:00,-1.0549550483751238,0.05495504837511083,-1,0.4792932833182096,0.3,203.39316118128977,stop,-214.5706421931769,67371.68486549024
XAUGBP,3,2025-02-04 07:30:00+00:00,2025-02-04 09:15:00+00:00,1.4646258193541044,0.03537418064587359,-1,0.5692671512007632,0.3,202.11505459647054,target,296.0229274421552,67667.7077929324
EURNZD,15,2025-02-04 06:15:00+00:00,2025-02-04 10:15:00+00:00,-0.7702688342451849,0.050370079069203134,-1,0.3568427376471224,0.3,203.39316118128977,time,-156.66741315655506,67511.04037977585
EURJPY,2,2025-02-04 09:45:00+00:00,2025-02-04 10:15:00+00:00,-1.0295634003259235,0.02956340032589508,-1,0.4277611514022337,0.3,203.00312337879703,stop,-209.00458598265726,67302.03579379318
EURAUD,15,2025-02-04 07:15:00+00:00,2025-02-04 11:15:00+00:00,-0.9307274136374767,0.04630160680613575,-1,0.4699680182321668,0.3,202.11505459647054,time,-188.1140220217704,67113.92177177142
NZDCNH,7,2025-02-04 08:30:00+00:00,2025-02-04 12:30:00+00:00,-0.47179838248260647,0.11071585055963856,1,0.49755598963196507,0.3,202.11505459647054,time,-95.3575558339985,67018.56421593743
GBPJPY,2,2025-02-04 09:45:00+00:00,2025-02-04 13:45:00+00:00,0.06971990876136502,0.03482963501298598,-1,0.45913657694296295,0.3,203.00312337879703,time,14.153359240241857,67032.71757517767
XAUCNH,3,2025-02-04 10:00:00+00:00,2025-02-04 14:00:00+00:00,0.005030485253313627,0.03373384228702778,1,0.5681060614677899,0.3,203.00312337879703,time,1.0212042185336454,67033.7387793962
XAGUSD,3,2025-02-04 15:15:00+00:00,2025-02-04 15:15:00+00:00,-1.2091391838247734,0.2091391838247653,-1,0.33652913061839146,0.3,201.10121633818844,stop,-243.15936058932635,66790.57941880685
XAGSGD,3,2025-02-04 15:15:00+00:00,2025-02-04 15:15:00+00:00,-1.0313743682751475,0.031374368275149264,-1,0.3688229013347541,0.3,200.37173825642043,stop,-206.65827496440883,66583.92114384245
AUDCAD,7,2025-02-04 15:15:00+00:00,2025-02-04 15:45:00+00:00,-1.128780221286865,0.12878022128689487,1,0.4123638917445987,0.3,200.37173825642043,stop,-226.17565504871604,66357.74548879373
EURCAD,4,2025-02-04 15:15:00+00:00,2025-02-04 15:45:00+00:00,-1.0404882554518338,0.04048825545184294,1,0.3941899918506941,0.3,200.37173825642043,stop,-208.48444038027435,66149.26104841346
EURCHF,13,2025-02-05 08:15:00+00:00,2025-02-05 10:15:00+00:00,-1.1889401350582416,0.18894013505832027,-1,0.4779360293280603,0.3,198.4477831452402,stop,-235.94253409471054,65913.31851431876
GER40,8,2025-02-05 06:15:00+00:00,2025-02-05 10:15:00+00:00,-0.008795146835633257,0.1168498079600991,1,0.4885370143565862,0.3,198.4477831452402,time,-1.7453773919682942,65911.57313692677
CADJPY,2,2025-02-05 09:15:00+00:00,2025-02-05 13:15:00+00:00,-0.44730706021674,0.056350159388737865,1,0.47103083509022853,0.3,198.4477831452402,time,-88.76709448522652,65822.80604244155
AUDCAD,7,2025-02-05 12:45:00+00:00,2025-02-05 16:45:00+00:00,-0.04671815711029713,0.11137470871977381,-1,0.3553159885360004,0.3,197.7347194107802,time,-9.237801687593349,65813.56824075396
GBPCHF,14,2025-02-05 16:45:00+00:00,2025-02-05 17:00:00+00:00,-1.0593912054150083,0.05939120541500925,1,0.46194051058084246,0.3,197.44070472226173,stop,-209.16694617370558,65604.40129458025
NZDCNH,7,2025-02-05 15:15:00+00:00,2025-02-05 17:15:00+00:00,-1.1569473841019766,0.15694738410201925,-1,0.5005212345282773,0.3,197.46841812732453,stop,-228.46056979516345,65375.94072478509
EURUSD,6,2025-02-05 17:15:00+00:00,2025-02-05 21:15:00+00:00,0.4296624642393454,0.03593059214998771,-1,0.5523406827334733,0.3,196.12782217435515,time,84.26876338132956,65460.20948816642
XAUSGD,3,2025-02-06 08:45:00+00:00,2025-02-06 10:00:00+00:00,1.4581847264301588,0.041815273569847655,-1,0.5730687291524094,0.3,196.38062846449913,target,286.3592329936883,65746.56872116012
GBPCAD,5,2025-02-06 10:45:00+00:00,2025-02-06 11:15:00+00:00,-1.0655486248472805,0.06554862484725207,1,0.3942939272398629,0.3,197.23970616348024,stop,-210.16849766777804,65536.40022349232
XAUAUD,3,2025-02-06 10:15:00+00:00,2025-02-06 14:15:00+00:00,1.0146927907327616,0.021869875407513756,1,0.5322385332602259,0.3,197.23970616348024,time,200.13770789033165,65736.53793138266
EURCHF,13,2025-02-06 15:15:00+00:00,2025-02-06 16:30:00+00:00,-1.1857776744592516,0.18577767445920423,-1,0.371150767829451,0.3,197.20961379414788,stop,-233.84675722583182,65502.69117415683
XAGUSD,3,2025-02-06 16:00:00+00:00,2025-02-06 16:45:00+00:00,-1.0381613807493462,0.03816138074934913,1,0.3944571068569967,0.3,197.20961379414788,stop,-204.73540495357787,65297.955769203254
USDCHF,18,2025-02-06 15:15:00+00:00,2025-02-06 19:15:00+00:00,0.37568592029051306,0.07209882558963887,-1,0.3771852835490294,0.3,197.20961379414788,time,74.0888752483911,65372.04464445164
XAGSGD,3,2025-02-06 17:15:00+00:00,2025-02-06 21:15:00+00:00,0.7565582234556354,0.04597867656360271,1,0.48233380850471946,0.3,195.89386730760964,time,148.20511623609912,65520.249760687744
XAUSGD,3,2025-02-06 17:15:00+00:00,2025-02-06 21:15:00+00:00,0.2466928861496506,0.02443655947708625,1,0.5416414371436876,0.3,195.89386730760964,time,48.325623505130906,65568.57538419287
EURCAD,4,2025-02-06 17:45:00+00:00,2025-02-06 21:45:00+00:00,0.4377360724464919,0.0490917598671003,1,0.39934227012687223,0.3,195.89386730760964,time,85.74981209158727,65654.32519628445
AU200,10,2025-02-07 07:45:00+00:00,2025-02-07 07:45:00+00:00,-1.808185097670184,0.8081850976701839,1,0.5272759456177897,0.3,196.96297558885325,stop,-356.1455172525407,65298.17967903192
EURUSD,6,2025-02-07 08:15:00+00:00,2025-02-07 09:45:00+00:00,1.407394450181491,0.09260554981845305,1,0.3792418544859448,0.3,195.89453903709563,target,275.70088706166985,65573.88056609359
GBPCHF,14,2025-02-07 10:00:00+00:00,2025-02-07 10:30:00+00:00,-1.0853038207112746,0.08530382071126615,-1,0.3426946083310134,0.3,196.72164169828062,stop,-213.50274935173834,65360.37781674185
USDJPY,2,2025-02-07 08:00:00+00:00,2025-02-07 12:00:00+00:00,-1.0413841897412577,0.04138418974122129,-1,0.41145797350188,0.3,195.89453903709563,stop,-204.001475809883,65156.376340931965
NZDCAD,7,2025-02-07 13:15:00+00:00,2025-02-07 15:15:00+00:00,-1.0861226870056704,0.08612268700561629,1,0.3442130282026236,0.3,195.46912902279576,stop,-212.303455640897,64944.07288529107
XAGSGD,3,2025-02-07 11:15:00+00:00,2025-02-07 15:15:00+00:00,0.7151121819595454,0.055008629381504116,-1,0.3988434953369459,0.3,196.08113345022542,time,140.22000718269152,65084.29289247376
GER40,8,2025-02-07 15:45:00+00:00,2025-02-07 17:00:00+00:00,-1.0212795261782157,0.021279526178239867,1,0.38753036014430764,0.3,195.25287867742114,stop,-199.4077674206093,64884.885125053144
SP500,9,2025-02-07 15:45:00+00:00,2025-02-07 17:00:00+00:00,-1.0313368201942414,0.03133682019422788,1,0.42767444831776197,0.3,195.25287867742114,stop,-201.37148302894352,64683.5136420242
DJ30,9,2025-02-07 15:45:00+00:00,2025-02-07 17:00:00+00:00,-1.024035620132246,0.024035620132272204,1,0.4322620647646138,0.3,195.25287867742114,stop,-199.94590269903915,64483.56773932516
AUDCAD,7,2025-02-07 15:45:00+00:00,2025-02-07 19:45:00+00:00,0.5282541055818826,0.053664290689365395,-1,0.5627284401654268,0.3,195.25287867742114,time,103.14313478802893,64586.71087411319
USDCHF,18,2025-02-07 15:45:00+00:00,2025-02-07 19:45:00+00:00,0.45726191775019426,0.02700335272801186,1,0.6128194444810409,0.3,195.25287867742114,time,89.2817057502836,64675.99257986347
NZDCNH,7,2025-02-07 18:00:00+00:00,2025-02-07 20:00:00+00:00,-0.11046080786914143,0.13596212098765048,1,0.4263716175388436,0.3,193.45070321797536,weekend,-21.368720960311077,64654.62385890316
GER40,8,2025-02-11 10:15:00+00:00,2025-02-11 10:30:00+00:00,1.482291720884173,0.01770827911577551,1,0.5409716427881349,0.3,193.96387157670935,target,287.5110409887972,64942.134899891964
GBPNZD,16,2025-02-11 10:15:00+00:00,2025-02-11 11:00:00+00:00,1.4343102533423715,0.06568974665758508,1,0.4823820659266082,0.3,193.96387157670935,target,278.2043697804572,65220.33926967242
NZDCNH,7,2025-02-11 08:30:00+00:00,2025-02-11 12:30:00+00:00,0.026908600791430003,0.13885416188924637,-1,0.3697780842137394,0.3,193.96387157670935,time,5.2192963882178685,65225.55856606064
USDJPY,2,2025-02-11 10:45:00+00:00,2025-02-11 13:00:00+00:00,1.4526578405656427,0.04734215943433442,1,0.43810377226843317,0.3,194.82640469967578,target,283.016104336199,65508.57467039684
CHFJPY,2,2025-02-11 10:45:00+00:00,2025-02-11 13:45:00+00:00,1.4230529657898736,0.07694703421010667,1,0.46058496890367445,0.3,194.82640469967578,target,277.24829302205177,65785.82296341889
XAGSGD,3,2025-02-11 11:15:00+00:00,2025-02-11 14:45:00+00:00,-1.14925118657633,0.14925118657633688,1,0.5052099605966404,0.3,195.6610178090171,stop,-224.86365688374534,65560.95930653514
XAGEUR,3,2025-02-11 11:15:00+00:00,2025-02-11 14:45:00+00:00,-1.130700057292952,0.13070005729295953,1,0.4929989081290697,0.3,195.6610178090171,stop,-221.23392404665293,65339.72538248849
GER40,8,2025-02-11 17:45:00+00:00,2025-02-11 21:30:00+00:00,-1.017636269945665,0.01763626994568354,-1,0.5529536070999352,0.3,196.01917614746537,stop,-199.4762232525289,65140.24915923596
EURJPY,2,2025-02-12 09:30:00+00:00,2025-02-12 09:45:00+00:00,-1.0451918077801838,0.04519180778013491,-1,0.5710253312463688,0.3,195.42074747770778,stop,-204.2521643339802,64935.99699490198
XAUGBP,3,2025-02-12 08:30:00+00:00,2025-02-12 12:30:00+00:00,0.8660211264131779,0.0307584456894975,-1,0.4813229795680061,0.3,195.42074747770778,time,169.23849585514967,65105.23549075713
CNHJPY,2,2025-02-12 10:15:00+00:00,2025-02-12 14:15:00+00:00,-0.0723150712913871,0.15567033946413641,-1,0.5817839109449593,0.3,194.80799098470584,time,-14.087553756190898,65091.14793700094
AUDJPY,1,2025-02-12 10:15:00+00:00,2025-02-12 14:15:00+00:00,0.6191318979646471,0.04477623019694842,-1,0.6487717551765019,0.3,194.80799098470584,time,120.61184119704077,65211.75977819798
USDJPY,2,2025-02-12 10:15:00+00:00,2025-02-12 14:15:00+00:00,-0.009257747155488156,0.03487054880314215,-1,0.5955245120626761,0.3,194.80799098470584,time,-1.8034831244050227,65209.95629507357
SP500,9,2025-02-12 15:15:00+00:00,2025-02-12 15:30:00+00:00,1.4363785709522148,0.06362142904776408,-1,0.33734482580310354,0.3,195.62986888522062,target,280.9985515049223,65490.95484657849
GBPUSD,6,2025-02-12 13:45:00+00:00,2025-02-12 15:30:00+00:00,1.451076142606572,0.048923857393414004,-1,0.41822935903648667,0.3,195.31570647227127,target,283.4179619382609,65774.37280851675
FR40,8,2025-02-12 17:45:00+00:00,2025-02-12 19:00:00+00:00,-1.06768847009234,0.06768847009234628,-1,0.5254732027379782,0.3,197.32311842555018,stop,-210.67961842562528,65563.69319009113
USDJPY,2,2025-02-12 15:45:00+00:00,2025-02-12 19:45:00+00:00,0.04166611093402234,0.01949741605988284,1,0.6462066594958173,0.3,197.32311842555018,time,8.221686942166201,65571.9148770333
EURNZD,15,2025-02-13 08:30:00+00:00,2025-02-13 10:00:00+00:00,-1.071135014279668,0.07113501427966183,-1,0.5473087585534953,0.3,196.7157446310998,stop,-210.7091219344686,65361.20575509883
FR40,8,2025-02-13 10:00:00+00:00,2025-02-13 10:15:00+00:00,-1.081863861062919,0.0818638610629089,1,0.5542469614976789,0.3,196.08361726529643,stop,-212.13577926581723,65149.069975833016
NAS100,9,2025-02-13 10:45:00+00:00,2025-02-13 14:45:00+00:00,0.5445114442327883,0.01893168928623933,1,0.5012892030849433,0.3,195.44720992749896,time,106.42324254889142,65255.493218381904
XAGSGD,3,2025-02-13 14:00:00+00:00,2025-02-13 15:45:00+00:00,-1.0519240594175225,0.0519240594175129,1,0.4226133922292024,0.3,195.44720992749896,stop,-205.59562246876342,65049.89759591314
XAUCNH,3,2025-02-13 12:00:00+00:00,2025-02-13 16:00:00+00:00,-0.00862933393980924,0.045801849372867874,-1,0.40495985977502924,0.3,195.44720992749896,time,-1.6865792420683883,65048.21101667108
AUDCAD,7,2025-02-13 15:45:00+00:00,2025-02-13 16:15:00+00:00,-1.1211859234644381,0.12118592346443807,1,0.3838551721050734,0.3,195.14969278773933,stop,-218.7990885220229,64829.41192814906
USDCAD,17,2025-02-13 15:45:00+00:00,2025-02-13 17:00:00+00:00,-1.052892921264779,0.052892921264826864,1,0.3945137436569815,0.3,195.14969278773933,stop,-205.47173012320704,64623.94019802585
EURUSD,6,2025-02-13 15:45:00+00:00,2025-02-13 18:00:00+00:00,1.4685073162334372,0.03149268376656267,1,0.38786794368350147,0.3,195.14969278773933,target,286.57875161950284,64910.51894964535
EURNZD,15,2025-02-13 15:45:00+00:00,2025-02-13 19:45:00+00:00,-0.24221579658631423,0.04439108310249722,1,0.4586137838296293,0.3,195.14969278773933,time,-47.268338292156784,64863.2506113532
GBPCAD,5,2025-02-13 15:45:00+00:00,2025-02-13 19:45:00+00:00,0.6716401201588245,0.09153687069129701,1,0.40276784972141116,0.3,195.14969278773933,time,131.07036311291492,64994.320974466114
FR40,8,2025-02-13 17:15:00+00:00,2025-02-13 20:30:00+00:00,1.4646620980208178,0.035337901979188166,-1,0.573064574633203,0.3,193.87182059407743,target,283.956707498437,65278.27768196455
GER40,8,2025-02-13 17:15:00+00:00,2025-02-13 21:15:00+00:00,0.28653894095262994,0.007688880347566898,-1,0.5733391849057794,0.3,193.87182059407743,time,55.55182615358522,65333.829508118135
AUDUSD,7,2025-02-14 08:30:00+00:00,2025-02-14 09:00:00+00:00,-1.0660406672581,0.06604066725806247,-1,0.4239305077754431,0.3,196.00148852435433,stop,-208.9455576100835,65124.883950508054
AUDCHF,12,2025-02-14 08:30:00+00:00,2025-02-14 09:45:00+00:00,-1.184878310770828,0.18487831077078234,-1,0.40580790742580025,0.3,196.00148852435433,stop,-232.2379126313048,64892.64603787675
GBPCAD,5,2025-02-14 09:15:00+00:00,2025-02-14 10:30:00+00:00,1.4108597941602388,0.08914020583970135,1,0.37319340812684737,0.3,195.37465185152408,target,275.6462410953696,65168.29227897212
EURJPY,2,2025-02-14 15:30:00+00:00,2025-02-14 15:45:00+00:00,1.4616367400521875,0.03836325994784604,-1,0.3020131088318707,0.3,195.50487683691625,target,285.7571108442147,65454.04938981633
EURUSD,6,2025-02-14 15:45:00+00:00,2025-02-14 16:30:00+00:00,-1.048835454579382,0.04883545457942954,-1,0.40768151859970264,0.3,196.36214816944891,stop,-205.95158293748793,65248.097806878846
NAS100,9,2025-02-14 16:45:00+00:00,2025-02-14 17:00:00+00:00,-1.0258591032310933,0.02585910323109408,-1,0.3816367528657012,0.3,195.74429342063647,stop,-200.8060653110981,65047.29174156775
GBPNZD,16,2025-02-14 15:45:00+00:00,2025-02-14 17:15:00+00:00,-1.0997941127797364,0.0997941127797179,1,0.3706237027767519,0.3,196.36214816944891,stop,-215.9579345295422,64831.33380703821
XAGUSD,3,2025-02-14 15:45:00+00:00,2025-02-14 18:15:00+00:00,1.4541061316123083,0.04589386838768297,-1,0.48591799693638227,0.3,196.36214816944891,target,285.53140366976027,65116.86521070797
CHFSGD,19,2025-02-14 16:15:00+00:00,2025-02-14 20:00:00+00:00,-0.22616651157631132,0.0915186208415622,-1,0.3666701810256688,0.3,196.36214816944891,weekend,-44.41054205711502,65072.454668650855
GBPCHF,14,2025-02-14 18:00:00+00:00,2025-02-14 20:00:00+00:00,-0.1682788147644264,0.042397130942295434,1,0.40546811875478955,0.3,194.49400142111452,weekend,-32.72922003793582,65039.72544861292
XAUUSD,3,2025-02-17 11:30:00+00:00,2025-02-17 15:30:00+00:00,0.6054758583660436,0.009097300042227809,-1,0.5146131068693797,0.3,195.11917634583864,time,118.13995078167207,65157.86539939459
SP500,9,2025-02-17 16:15:00+00:00,2025-02-17 16:30:00+00:00,1.4092759468815044,0.09072405311853897,-1,0.3424373210308362,0.3,195.47359619818369,target,275.47623737252815,65433.34163676712
US2000,9,2025-02-18 08:00:00+00:00,2025-02-18 09:00:00+00:00,1.2962386989436294,0.20376130105633514,1,0.4949817123866416,0.3,196.3000249103013,target,254.451688892331,65687.79332565946
FR40,8,2025-02-18 09:15:00+00:00,2025-02-18 09:45:00+00:00,-1.1515104377236867,0.1515104377236867,-1,0.47700000543898396,0.3,197.0633799769783,stop,-226.92053893659946,65460.87278672286
XAGSGD,3,2025-02-18 09:30:00+00:00,2025-02-18 13:30:00+00:00,0.3196754647564504,0.07814289138491465,-1,0.47814968604605895,0.3,197.0633799769783,time,62.996327580617525,65523.869114303474
EURJPY,2,2025-02-18 10:15:00+00:00,2025-02-18 14:15:00+00:00,0.5520923846765095,0.03821896677659622,-1,0.49965753893043247,0.3,196.3826183601685,time,108.42134807948229,65632.29046238295
CADJPY,2,2025-02-18 10:15:00+00:00,2025-02-18 14:15:00+00:00,0.4612954915994157,0.08468841022900614,-1,0.5400795142558078,0.3,196.3826183601685,time,90.59041647803436,65722.88087886099
USDCAD,17,2025-02-18 13:45:00+00:00,2025-02-18 15:00:00+00:00,1.3750064604023857,0.12499353959761282,1,0.3889470080418165,0.3,196.5716073429103,target,270.2872300281827,65993.16810888916
GBPCAD,5,2025-02-18 12:00:00+00:00,2025-02-18 15:30:00+00:00,-1.1732710473402643,0.1732710473403127,1,0.5144189688608111,0.3,196.3826183601685,stop,-230.41004032285832,65762.75806856631
EURGBP,20,2025-02-18 15:00:00+00:00,2025-02-18 16:00:00+00:00,1.4012333331174496,0.09876666688254428,-1,0.3496577800842606,0.3,197.97950432666744,target,277.41548073659675,66040.17354930291
GBPCAD,5,2025-02-18 15:45:00+00:00,2025-02-18 19:45:00+00:00,-0.39577493998442437,0.09442010317354499,1,0.4762445424333836,0.3,197.28827420569888,time,-78.08175488339113,65962.09179441951
SP500,9,2025-02-18 17:15:00+00:00,2025-02-18 21:00:00+00:00,-1.054400382405451,0.0544003824054866,1,0.5391634044809832,0.3,198.12052064790868,stop,-208.898352733522,65753.19344168599
CHFJPY,2,2025-02-19 09:15:00+00:00,2025-02-19 10:30:00+00:00,-1.0502618468476266,0.05026184684764128,1,0.40536432391114013,0.3,197.25958032505795,stop,-207.1742111405831,65546.01923054541
GBPUSD,6,2025-02-19 09:15:00+00:00,2025-02-19 12:45:00+00:00,1.451048876738784,0.04895112326116215,-1,0.4727465210198336,0.3,197.25958032505795,target,286.2332924566393,65832.25252300204
EURJPY,2,2025-02-19 11:15:00+00:00,2025-02-19 12:45:00+00:00,-1.0410134773970874,0.04101347739704602,1,0.48389836169094935,0.3,196.63805769163625,stop,-204.70286822617933,65627.54965477587
GBPCAD,5,2025-02-19 09:15:00+00:00,2025-02-19 13:15:00+00:00,0.4065458931570792,0.1152390930083573,-1,0.4339455010504652,0.3,197.25958032505795,time,80.19507226704128,65707.74472704291
NZDCHF,12,2025-02-19 10:00:00+00:00,2025-02-19 14:00:00+00:00,1.0671684986169772,0.05163774628320503,-1,0.5241162244371824,0.3,197.25958032505795,time,210.5092101733071,65918.25393721621
AUDCAD,7,2025-02-19 16:30:00+00:00,2025-02-19 17:30:00+00:00,1.3499084778327444,0.1500915221672141,1,0.3729951994663339,0.3,197.75476181164868,target,266.95082950133957,66185.20476671756
USDCHF,18,2025-02-19 16:30:00+00:00,2025-02-19 18:15:00+00:00,1.435054956642749,0.06494504335725072,1,0.4071824887945043,0.3,197.75476181164868,target,283.78895113751264,66468.99371785508
EURCHF,13,2025-02-19 16:30:00+00:00,2025-02-19 20:30:00+00:00,-0.02951326878029646,0.12325952590422871,1,0.43394418828986847,0.3,197.75476181164868,time,-5.836389437930694,66463.15732841715
CHFJPY,2,2025-02-19 17:15:00+00:00,2025-02-19 21:15:00+00:00,0.21164073418001406,0.04014246240939837,1,0.4504287375965239,0.3,197.75476181164868,time,41.85296297741113,66505.01029139454
XAUAUD,3,2025-02-20 09:45:00+00:00,2025-02-20 13:45:00+00:00,0.32931499006818027,0.02058218687926361,-1,0.4196380862414308,0.3,199.51503087418368,time,65.70329041078448,66570.71358180534
GBPCHF,14,2025-02-20 11:00:00+00:00,2025-02-20 15:00:00+00:00,-0.20030072271456972,0.06902145875321816,-1,0.42817721759705957,0.3,199.51503087418368,time,-39.96300487651868,66530.75057692881
EURGBP,20,2025-02-20 11:00:00+00:00,2025-02-20 15:00:00+00:00,0.8989819090583996,0.12121653217044352,1,0.39293047803507436,0.3,199.51503087418368,time,179.36040334111917,66710.11098026994
EURCAD,4,2025-02-20 11:15:00+00:00,2025-02-20 15:15:00+00:00,0.8313892836829193,0.10214074680571804,1,0.4518820382788629,0.3,199.51503087418368,time,165.8746586024631,66875.9856388724
NZDCHF,12,2025-02-20 15:45:00+00:00,2025-02-20 16:15:00+00:00,-1.068978708078517,0.0689787080785089,-1,0.39013811332030196,0.3,200.62795691661722,stop,-214.46701418915782,66661.51862468325
AU200,10,2025-02-20 13:45:00+00:00,2025-02-20 17:00:00+00:00,-1.1429878201371657,0.14298782013720596,1,0.3237631836170652,0.3,199.71214074541604,stop,-228.2685444055299,66433.2500802777
GBPUSD,6,2025-02-20 15:45:00+00:00,2025-02-20 17:15:00+00:00,-1.0509434127506982,0.05094341275067569,-1,0.4171171418427097,0.3,200.62795691661722,stop,-210.84862973514976,66222.40145054256
GER40,8,2025-02-20 17:15:00+00:00,2025-02-20 17:45:00+00:00,-1.011762211610827,0.011762211610814742,1,0.46340017916105253,0.3,198.66720435162776,stop,-201.003970049343,66021.39748049322
JP225,11,2025-02-20 17:15:00+00:00,2025-02-20 17:45:00+00:00,-1.0761761020965608,0.0761761020965522,1,0.4307219878977282,0.3,198.66720435162776,stop,-213.80089759355565,65807.59658289966
CADJPY,2,2025-02-20 17:15:00+00:00,2025-02-20 21:15:00+00:00,0.0686747960174225,0.030365030113432986,1,0.3932860073593423,0.3,198.66720435162776,time,13.643429734199628,65821.24001263386
GBPJPY,2,2025-02-20 17:15:00+00:00,2025-02-20 21:15:00+00:00,0.7572261000049616,0.031888798118624044,1,0.40724001388582937,0.3,198.66720435162776,time,150.4359923500718,65971.67600498394
EURCHF,13,2025-02-20 17:15:00+00:00,2025-02-20 21:15:00+00:00,-0.25568328042572197,0.12110563972913466,1,0.41193595370023656,0.3,198.66720435162776,time,-50.795882521631455,65920.8801224623
CHFJPY,2,2025-02-21 09:15:00+00:00,2025-02-21 09:45:00+00:00,-1.054332494154358,0.05433249415438522,-1,0.5063550630493121,0.3,197.76264036738704,stop,-208.50757786909847,65712.3725445932
GER40,8,2025-02-21 09:00:00+00:00,2025-02-21 10:15:00+00:00,1.4741007072832273,0.02589929271679439,-1,0.40360740745359464,0.3,197.76264036738704,target,291.5220480397637,66003.89459263298
EURGBP,20,2025-02-21 09:15:00+00:00,2025-02-21 10:15:00+00:00,-1.1602796955598065,0.160279695559826,1,0.3980769646301942,0.3,197.76264036738704,stop,-229.45997615857533,65774.43461647439
GBPJPY,2,2025-02-21 09:15:00+00:00,2025-02-21 13:15:00+00:00,1.040455321311478,0.03697030643691457,-1,0.41896652679144974,0.3,197.76264036738704,time,205.76319152685593,65980.19780800125
SP500,9,2025-02-21 10:15:00+00:00,2025-02-21 14:15:00+00:00,0.8990161399352357,0.09394985999323194,1,0.4627964491365513,0.3,197.32330384942335,time,177.39683494597622,66157.59464294722
GER40,8,2025-02-21 11:15:00+00:00,2025-02-21 15:15:00+00:00,1.1411727166267187,0.01618138220740146,1,0.4546737357283333,0.3,197.32330384942335,time,225.17997070760592,66382.77461365482
AUDUSD,7,2025-02-21 15:30:00+00:00,2025-02-21 17:15:00+00:00,-1.093778984900482,0.09377898490051194,1,0.3542478622651945,0.3,199.14832384096462,stop,-217.82425149540273,66164.95036215943
AU200,10,2025-02-21 17:15:00+00:00,2025-02-21 20:00:00+00:00,-1.1056024721718392,0.10560247217182626,1,0.35505402515751544,0.3,198.4948510864784,stop,-219.4563980745916,65945.49396408483
USDJPY,2,2025-02-24 09:00:00+00:00,2025-02-24 13:00:00+00:00,-0.8845816949498753,0.03934365988219721,-1,0.4131537692961469,0.3,197.83648189225468,time,-175.00253047517094,65770.49143360966
FR40,8,2025-02-24 10:30:00+00:00,2025-02-24 14:30:00+00:00,0.347202105829422,0.04834459701422332,1,0.5903989184261501,0.3,197.83648189225468,time,68.68924312287514,65839.18067673253
XAUUSD,3,2025-02-24 14:15:00+00:00,2025-02-24 16:00:00+00:00,-1.0176483278195712,0.017648327819565313,-1,0.46918927477822653,0.3,197.31147430082913,stop,-200.79369188185305,65638.38698485069
GBPUSD,6,2025-02-24 12:00:00+00:00,2025-02-24 16:00:00+00:00,0.038699791592529884,0.041478199518509874,1,0.47439569397216147,0.3,197.83648189225468,time,7.656230618629568,65646.04321546931
XAUUSD,3,2025-02-24 16:15:00+00:00,2025-02-24 16:30:00+00:00,1.489193041617758,0.010806958382246483,-1,0.5061253335875592,0.3,196.93812964640804,target,293.2788922986467,65939.32210776796
EURAUD,15,2025-02-24 14:00:00+00:00,2025-02-24 16:45:00+00:00,1.3889312745310247,0.11106872546901178,1,0.42827159348609617,0.3,197.31147430082913,target,274.0520774802461,66213.3741852482
XAGEUR,3,2025-02-24 16:45:00+00:00,2025-02-24 17:00:00+00:00,-1.0370456107184938,0.03704561071849674,1,0.44783367377990063,0.3,198.64012255574474,stop,-205.99886720901875,66007.37531803918
XAGUSD,3,2025-02-24 16:45:00+00:00,2025-02-24 17:00:00+00:00,-1.0731966898278826,0.07319668982789637,1,0.4138727285519012,0.3,198.64012255574474,stop,-213.1799219938302,65794.19539604535
AUDCHF,12,2025-02-24 17:15:00+00:00,2025-02-24 17:45:00+00:00,-1.0429015770859116,0.042901577085895565,1,0.4655669209730635,0.3,197.3825861881362,stop,-205.85061042490312,65588.34478562046
AUDCAD,7,2025-02-24 17:00:00+00:00,2025-02-24 21:00:00+00:00,0.02343745590415209,0.12435600115552205,1,0.4566429564171903,0.3,197.3825861881362,time,4.626145660031941,65592.97093128049
GER40,8,2025-02-24 17:15:00+00:00,2025-02-24 21:15:00+00:00,0.35148534755469896,0.0058128778537158,1,0.5295775720728811,0.3,197.3825861881362,time,69.37708690758238,65662.34801818806
EURGBP,20,2025-02-24 17:15:00+00:00,2025-02-24 21:15:00+00:00,-0.18289485633848762,0.07739132450209282,-1,0.4106550093113623,0.3,197.3825861881362,time,-36.10025974459832,65626.24775844347
DJ30,9,2025-02-24 17:15:00+00:00,2025-02-24 21:15:00+00:00,0.852927550397114,0.014442256083635153,1,0.49116811323985293,0.3,197.3825861881362,time,168.35304572849424,65794.60080417196
GBPCHF,14,2025-02-25 09:45:00+00:00,2025-02-25 09:45:00+00:00,-1.0881936287240366,0.0881936287240489,1,0.44147913136636435,0.3,197.38380241251602,stop,-214.79179619862404,65579.80900797334
EURCHF,13,2025-02-25 09:45:00+00:00,2025-02-25 10:00:00+00:00,-1.2476494747707376,0.24764947477072266,1,0.4144223201235251,0.3,196.73942702392014,stop,-245.46184279308983,65334.34716518025
GBPNZD,16,2025-02-25 10:30:00+00:00,2025-02-25 11:30:00+00:00,-1.1046040649361653,0.10460406493612294,-1,0.40489806609181095,0.3,196.00304149554086,stop,-216.5057563758263,65117.84140880442
EURAUD,15,2025-02-25 10:30:00+00:00,2025-02-25 11:45:00+00:00,-1.1837671539868617,0.18376715398689078,-1,0.5072517163170559,0.3,196.00304149554086,stop,-232.02196260394516,64885.819446200476
GBPAUD,16,2025-02-25 10:30:00+00:00,2025-02-25 11:45:00+00:00,-1.0695023530770942,0.06950235307706987,-1,0.4096512101433271,0.3,196.00304149554086,stop,-209.62571408974827,64676.193732110725
AUDUSD,7,2025-02-25 10:15:00+00:00,2025-02-25 12:00:00+00:00,-1.059750368832555,0.0597503688325399,1,0.48759495761932464,0.3,196.00304149554086,stop,-207.71429551720198,64468.47943659352
XAUUSD,3,2025-02-25 08:45:00+00:00,2025-02-25 12:45:00+00:00,0.31023660602945186,0.008863903029411604,1,0.5963468895215494,0.3,197.38380241251602,time,61.2356809456469,64529.71511753917
XAUSGD,3,2025-02-25 08:45:00+00:00,2025-02-25 12:45:00+00:00,0.7271832540244607,0.04315153375529756,1,0.6458289433802474,0.3,197.38380241251602,time,143.5341957300546,64673.249313269225
EURUSD,6,2025-02-25 10:15:00+00:00,2025-02-25 14:15:00+00:00,0.8219597993902819,0.03942762140303114,1,0.5552001737755874,0.3,196.00304149554086,time,161.10662066755984,64834.355933936786
GBPJPY,2,2025-02-25 10:15:00+00:00,2025-02-25 14:15:00+00:00,0.896115286649125,0.02915818234176712,1,0.5015664202417298,0.3,196.00304149554086,time,175.64132171387692,65009.99725565066
USDJPY,2,2025-02-25 13:45:00+00:00,2025-02-25 16:15:00+00:00,1.467058442107439,0.032941557892524204,-1,0.3638398088293721,0.3,194.0197479398078,target,284.63830915065245,65294.63556480131
SP500,9,2025-02-25 16:30:00+00:00,2025-02-25 16:45:00+00:00,-1.033812743999257,0.03381274399925515,1,0.34623359534201126,0.3,195.88390669440406,stop,-202.5072790850363,65092.12828571627
EURJPY,2,2025-02-25 15:45:00+00:00,2025-02-25 17:00:00+00:00,1.4601060954200922,0.039893904579932055,-1,0.37671220875864186,0.3,195.02999176695212,target,284.76447976865717,65376.89276548493
GBPCHF,14,2025-02-25 14:45:00+00:00,2025-02-25 17:30:00+00:00,-1.051494665234227,0.05149466523425574,1,0.4417720098778741,0.3,195.02999176695212,stop,-205.07299590362535,65171.81976958131
XAUUSD,3,2025-02-26 06:30:00+00:00,2025-02-26 09:00:00+00:00,-1.0170258695382612,0.017025869538251377,1,0.48333527249149927,0.3,195.51545930874403,stop,-198.84428001164792,64972.97548956966
FR40,8,2025-02-26 08:15:00+00:00,2025-02-26 09:30:00+00:00,0.7965946581733393,0.7034053418266667,-1,0.39375128208642596,0.3,195.51545930874403,target,155.7465704756524,65128.722060045315
EURGBP,20,2025-02-26 13:30:00+00:00,2025-02-26 14:45:00+00:00,1.399676332337975,0.10032366766205962,-1,0.3420281106850333,0.3,195.38616618013606,target,273.47739246859095,65402.19945251391
SP500,9,2025-02-26 13:30:00+00:00,2025-02-26 16:15:00+00:00,1.4408592858241076,0.059140714175912254,-1,0.40519169089710144,0.3,195.38616618013606,target,281.52397186222123,65683.72342437613
EURCAD,4,2025-02-26 12:30:00+00:00,2025-02-26 16:30:00+00:00,-0.3121123067294791,0.08525435321901088,-1,0.46122254374446675,0.3,195.38616618013606,time,-60.9824270295116,65622.74099734661
CNHJPY,2,2025-02-26 16:45:00+00:00,2025-02-26 19:00:00+00:00,-1.072122887277189,0.07212288727720696,1,0.4330580832576912,0.3,196.86822299203996,stop,-211.06692764735539,65411.67406969926
NZDJPY,1,2025-02-26 16:45:00+00:00,2025-02-26 20:30:00+00:00,-1.0496237143599763,0.0496237143599731,1,0.47730487697419594,0.3,196.86822299203996,stop,-206.63755545635306,65205.0365142429
CHFSGD,19,2025-02-26 16:45:00+00:00,2025-02-26 20:45:00+00:00,0.1433641008729464,0.06332721177678528,-1,0.4139622604035142,0.3,196.86822299203996,time,28.223835779708523,65233.26035002261
XAUUSD,3,2025-02-27 07:45:00+00:00,2025-02-27 10:00:00+00:00,-1.017804905275686,0.0178049052756816,1,0.6000287963949498,0.3,195.69978105006794,stop,-199.18419711413688,65034.07615290847
FR40,8,2025-02-27 08:00:00+00:00,2025-02-27 10:30:00+00:00,0.8990712398068834,0.6009287601931362,-1,0.4525328631196502,0.3,195.69978105006794,target,175.94804477862021,65210.02419768709
USDCAD,17,2025-02-27 10:30:00+00:00,2025-02-27 14:30:00+00:00,0.38756587100415696,0.1182632541165068,1,0.4487724563280548,0.3,195.63007259306139,time,75.8195394791363,65285.84373716622
XAUUSD,3,2025-02-27 11:15:00+00:00,2025-02-27 15:15:00+00:00,0.0992097460713023,0.009374149235084622,1,0.5880035256723196,0.3,195.63007259306139,time,19.408409825868056,65305.25214699209
EURGBP,20,2025-02-27 13:15:00+00:00,2025-02-27 15:45:00+00:00,-1.1357077612426847,0.1357077612426089,1,0.3367851302678762,0.3,195.63007259306139,stop,-222.17859177640963,65083.073555215684
GBPAUD,16,2025-02-27 13:15:00+00:00,2025-02-27 15:45:00+00:00,-1.0683253437134625,0.06832534371343155,-1,0.41970036124141025,0.3,195.63007259306139,stop,-208.99656454367192,64874.07699067201
AU200,10,2025-02-27 14:15:00+00:00,2025-02-27 15:45:00+00:00,1.405598434545667,0.09440156545434708,-1,0.28874065839077834,0.3,195.63007259306139,target,274.97732378686226,65149.054314458874
EURUSD,6,2025-02-27 15:45:00+00:00,2025-02-27 16:45:00+00:00,1.471523665422635,0.02847633457733324,-1,0.44924745486915657,0.3,195.44716294337675,target,287.60512561089274,65436.659440069765
EURCAD,4,2025-02-27 16:15:00+00:00,2025-02-27 17:00:00+00:00,-1.042687265757028,0.04268726575702923,1,0.4229577055456382,0.3,195.44716294337675,stop,-203.79026792939786,65232.86917214037
USDCHF,18,2025-02-27 15:45:00+00:00,2025-02-27 19:45:00+00:00,0.2896275415730927,0.03973527071049617,1,0.559659503913901,0.3,195.44716294337675,time,56.60688131072587,65289.47605345109
USDJPY,2,2025-02-27 16:45:00+00:00,2025-02-27 20:45:00+00:00,-0.5542081117288103,0.03692979763704722,-1,0.47433602158497545,0.3,196.3099783202094,time,-108.79658239836695,65180.679471052725
EURJPY,2,2025-02-27 17:15:00+00:00,2025-02-27 21:15:00+00:00,0.16307315311741363,0.027574722056278436,1,0.5095206013810752,0.3,195.69860751642122,time,31.913188988389994,65212.59266004111
SP500,9,2025-02-27 17:15:00+00:00,2025-02-27 21:15:00+00:00,-0.86588548932865,0.012013628301889304,1,0.48138859897128716,0.3,195.69860751642122,time,-169.4525845302918,65043.14007551082
XAGEUR,3,2025-02-27 17:15:00+00:00,2025-02-27 21:15:00+00:00,-0.4693849901384063,0.027829149612949036,1,0.4063590448326912,0.3,195.69860751642122,time,-91.85798895919521,64951.282086551626
XAGSGD,3,2025-02-27 17:15:00+00:00,2025-02-27 21:15:00+00:00,-0.448602633232776,0.03594145726197291,1,0.4273232776018454,0.3,195.69860751642122,time,-87.79091065185409,64863.49117589977
NZDCAD,7,2025-02-27 17:30:00+00:00,2025-02-27 21:30:00+00:00,-0.18789984403791343,0.06722593863956511,1,0.37481846831445204,0.3,195.69860751642122,time,-36.77173783077238,64826.719438069
AU200,10,2025-02-28 07:45:00+00:00,2025-02-28 11:45:00+00:00,-0.0873476137444601,0.4130505802492264,1,0.47876556202989856,0.3,194.4801583142071,time,-16.987377749390813,64809.732060319606
CHFSGD,19,2025-02-28 10:00:00+00:00,2025-02-28 12:15:00+00:00,-1.0694537083196356,0.06945370831959802,1,0.47303703981832973,0.3,194.4801583142071,stop,-207.98752650371858,64601.74453381589
DJ30,9,2025-02-28 10:15:00+00:00,2025-02-28 12:30:00+00:00,-1.028881021295597,0.02888102129558845,-1,0.39248619573959614,0.3,194.4801583142071,stop,-200.0969439080508,64401.647589907836
AU200,10,2025-02-28 18:30:00+00:00,2025-02-28 20:00:00+00:00,-0.7278084268139993,0.04327509564840081,1,0.39073983817314084,0.3,193.20494276972363,weekend,-140.61618544992132,64261.03140445791
US2000,9,2025-02-28 18:30:00+00:00,2025-02-28 20:00:00+00:00,-0.6672607161496713,0.01812478806442756,1,0.35800467178667267,0.3,193.20494276972363,weekend,-128.91806847618204,64132.11333598173
NZDJPY,1,2025-02-28 15:15:00+00:00,2025-02-28 20:00:00+00:00,1.2529589934983183,0.039300568269631936,-1,0.3244804024085746,0.3,193.20494276972363,weekend,242.0778706316531,64374.19120661339
CHFJPY,2,2025-02-28 15:15:00+00:00,2025-02-28 20:00:00+00:00,0.6402081616250243,0.054107320328918455,-1,0.3359787145212217,0.3,193.20494276972363,weekend,123.69138122747279,64497.88258784086
NAS100,9,2025-02-28 18:30:00+00:00,2025-02-28 20:00:00+00:00,-0.4363949517316115,0.00840171481250002,1,0.3643461513465154,0.3,193.20494276972363,weekend,-84.31366167430231,64413.56892616656
USDCHF,18,2025-03-03 09:30:00+00:00,2025-03-03 11:00:00+00:00,1.3839993901007144,0.11600060989923786,-1,0.5031201555920594,0.3,193.2407067784998,target,267.44502032407473,64681.01394649064
CADJPY,2,2025-03-03 10:15:00+00:00,2025-03-03 12:30:00+00:00,1.4428188363911179,0.05718116360889175,1,0.42098487030695314,0.3,193.2407067784998,target,278.8113316975523,64959.82527818819
NZDJPY,1,2025-03-03 10:15:00+00:00,2025-03-03 12:30:00+00:00,1.470052350672074,0.029947649327901876,1,0.4623430004613443,0.3,193.2407067784998,target,284.07395524526663,65243.899233433454
AUDJPY,1,2025-03-03 10:15:00+00:00,2025-03-03 12:30:00+00:00,1.4674166717932544,0.03258332820674051,1,0.4835791758701731,0.3,193.2407067784998,target,283.56463479588234,65527.46386822934
XAUEUR,3,2025-03-03 15:15:00+00:00,2025-03-03 19:15:00+00:00,0.7909767318006149,0.01801396283603921,1,0.40382240411544584,0.3,196.58239160468813,time,155.49209764102486,65682.95596587035
NAS100,9,2025-03-03 16:45:00+00:00,2025-03-03 20:00:00+00:00,1.49201561803937,0.007984381960618639,-1,0.4984576506350616,0.3,196.58239160468813,target,293.3039985057262,65976.25996437608
AUDCHF,12,2025-03-03 16:45:00+00:00,2025-03-03 20:30:00+00:00,1.453927344914655,0.04607265508539167,-1,0.41406158090882633,0.3,196.58239160468813,target,285.81651468277715,66262.07647905886
CHFSGD,19,2025-03-04 07:15:00+00:00,2025-03-04 09:00:00+00:00,-1.0982279615400528,0.09822796154000583,-1,0.45154361869805343,0.3,198.78622943717673,stop,-218.31259553702384,66043.76388352184
XAUUSD,3,2025-03-04 07:30:00+00:00,2025-03-04 09:15:00+00:00,-1.0204255536392144,0.02042555363922542,-1,0.42199950408475706,0.3,198.78622943717673,stop,-202.84654822928297,65840.91733529256
EURNZD,15,2025-03-04 07:15:00+00:00,2025-03-04 10:45:00+00:00,-1.0906962211521238,0.0906962211521158,-1,0.5268855194667507,0.3,198.78622943717673,stop,-216.81538926420774,65624.10194602834
US2000,9,2025-03-04 10:15:00+00:00,2025-03-04 12:00:00+00:00,-1.0588675984831866,0.058867598483206426,1,0.48045515313005355,0.3,197.52275200587783,stop,-209.1504420622539,65414.95150396609
SP500,9,2025-03-04 10:15:00+00:00,2025-03-04 14:00:00+00:00,-1.0344577560009245,0.03445775600093772,1,0.5297882417661914,0.3,197.52275200587783,stop,-204.3289427991275,65210.622561166965
USDCHF,18,2025-03-04 13:45:00+00:00,2025-03-04 14:00:00+00:00,-1.0535607709131622,0.05356077091317773,1,0.4201089882057576,0.3,196.24485451189844,stop,-206.75588020729708,65003.86668095967
NAS100,9,2025-03-04 12:15:00+00:00,2025-03-04 14:15:00+00:00,-1.0157284764673684,0.015728476467355437,1,0.4743574297990061,0.3,196.24485451189844,stop,-199.33148708793098,64804.535193871736
AU200,10,2025-03-04 13:45:00+00:00,2025-03-04 15:15:00+00:00,-1.0949757926140014,0.09497579261398802,1,0.46022513033271545,0.3,196.24485451189844,stop,-214.88336511558538,64589.65182875615
GBPNZD,16,2025-03-04 11:45:00+00:00,2025-03-04 15:45:00+00:00,-0.6509552502684767,0.05946489605945171,1,0.5269065523450004,0.3,196.8723058380852,time,-128.15506111776284,64461.49676763838
EURCHF,13,2025-03-04 12:45:00+00:00,2025-03-04 16:45:00+00:00,-0.5050324685152531,0.08876493984671713,1,0.41375554838828327,0.3,196.24485451189844,time,-99.11002330756077,64362.38674433082
GER40,8,2025-03-05 09:15:00+00:00,2025-03-05 10:00:00+00:00,-1.0129182274665858,0.012918227466586621,-1,0.37104089315699973,0.3,193.0871602329926,stop,-195.5815040897595,64166.80524024106
GBPJPY,2,2025-03-05 09:15:00+00:00,2025-03-05 10:15:00+00:00,-1.0326782013332134,0.032678201333218804,-1,0.46515295490304576,0.3,193.0871602329926,stop,-199.39690132994477,63967.40833891112
FR40,8,2025-03-05 09:15:00+00:00,2025-03-05 11:15:00+00:00,-1.0628284748791657,0.06282847487916192,-1,0.39224993846933237,0.3,193.0871602329926,stop,-205.2185320291806,63762.189806881936
DJ30,9,2025-03-05 12:00:00+00:00,2025-03-05 13:45:00+00:00,1.4864422706362266,0.01355772936376683,-1,0.34338697624790937,0.3,191.28656942064598,target,284.3364425918392,64046.526249473776
USDCAD,17,2025-03-05 11:15:00+00:00,2025-03-05 15:00:00+00:00,1.4613334936675333,0.03866650633244359,1,0.43209357778580526,0.3,191.28656942064598,target,279.5334707831497,64326.059720256926
CNHJPY,2,2025-03-05 11:15:00+00:00,2025-03-05 15:15:00+00:00,0.11230605916189104,0.04675123259389587,1,0.45116735099976796,0.3,191.28656942064598,time,21.482640782230245,64347.54236103916
GBPNZD,16,2025-03-05 13:15:00+00:00,2025-03-05 15:15:00+00:00,-1.078252792530612,0.07825279253061593,1,0.34410503976594004,0.3,191.28656942064598,stop,-206.25527765141229,64141.287083387746
XAUGBP,3,2025-03-05 11:45:00+00:00,2025-03-05 15:30:00+00:00,-1.0231271692698856,0.023127169269858795,1,0.5175631481586321,0.3,191.28656942064598,stop,-195.71048629069298,63945.57659709705
XAUEUR,3,2025-03-05 11:45:00+00:00,2025-03-05 15:30:00+00:00,-1.015976688648565,0.01597668864857246,1,0.579019064449214,0.3,191.28656942064598,stop,-194.34269538293177,63751.23390171412
USDJPY,2,2025-03-05 15:45:00+00:00,2025-03-05 16:30:00+00:00,-1.0338077036615116,0.03380770366153855,1,0.3986709362938821,0.3,191.25370170514253,stop,-197.71955017655714,63553.51435153756
CHFSGD,19,2025-03-05 16:00:00+00:00,2025-03-05 17:00:00+00:00,1.460597083593421,0.03940291640656299,-1,0.40490813831052325,0.3,191.25370170514253,target,279.34459893697726,63832.85895047454
USDCHF,18,2025-03-05 16:00:00+00:00,2025-03-05 20:00:00+00:00,1.063342950226388,0.04003971523734537,1,0.43582896054411385,0.3,191.25370170514253,time,203.36827541286385,64036.2272258874
NZDJPY,1,2025-03-05 17:15:00+00:00,2025-03-05 21:15:00+00:00,-0.7614253911281768,0.04108382870052533,-1,0.3844632858352644,0.3,191.4985768514238,time,-145.8118787795846,63890.41534710782
EURJPY,2,2025-03-05 17:15:00+00:00,2025-03-05 21:15:00+00:00,-0.8452390829718203,0.03395053364663569,-1,0.5231736701704627,0.3,191.4985768514238,time,-161.8620814883061,63728.553265619514
EURUSD,6,2025-03-06 11:45:00+00:00,2025-03-06 15:15:00+00:00,1.4706728623116252,0.029327137688394372,1,0.5481143937065633,0.3,191.18565979685872,target,281.1715615263828,64009.724827145896
USDCHF,18,2025-03-06 12:15:00+00:00,2025-03-06 16:00:00+00:00,-1.055035253124174,0.05503525312416363,1,0.4655350304093117,0.3,191.18565979685872,stop,-201.70761097749104,63808.0172161684
AUDJPY,1,2025-03-06 15:15:00+00:00,2025-03-06 17:00:00+00:00,1.4539220903948615,0.04607790960512807,1,0.37883340062030196,0.3,192.02917448143785,target,279.19545877885173,64087.21267494725
AUDUSD,7,2025-03-06 15:30:00+00:00,2025-03-06 17:00:00+00:00,-1.0534048229530282,0.05340482295302151,-1,0.3740109975373144,0.3,192.02917448143785,stop,-202.2844585464352,63884.92821640082
NZDJPY,1,2025-03-06 15:15:00+00:00,2025-03-06 17:00:00+00:00,1.4503321352085063,0.04966786479149441,1,0.4078889176550679,0.3,192.02917448143785,target,278.5060826479906,64163.43429904881
EURNZD,15,2025-03-06 16:00:00+00:00,2025-03-06 20:00:00+00:00,1.324118643428297,0.03996569147062692,-1,0.4391704056033074,0.3,191.42405164850538,time,253.4681555883672,64416.90245463717
EURUSD,6,2025-03-06 17:15:00+00:00,2025-03-06 20:30:00+00:00,1.4794809985705628,0.020519001429447778,-1,0.6204611710746719,0.3,192.49030289714656,target,284.7857455454205,64701.688200182594
EURCAD,4,2025-03-06 17:30:00+00:00,2025-03-06 20:45:00+00:00,-1.046950020139132,0.046950020139143234,1,0.5044411406696654,0.3,192.49030289714656,stop,-201.5277264947552,64500.160473687836
GBPUSD,6,2025-03-06 17:15:00+00:00,2025-03-06 21:15:00+00:00,0.3927793018625176,0.030308948562961513,-1,0.4723891668153923,0.3,192.49030289714656,time,75.60620678724577,64575.766680475084
GBPCAD,5,2025-03-06 17:30:00+00:00,2025-03-06 21:30:00+00:00,0.6430647618180034,0.06010198910593409,1,0.5126565194114806,0.3,192.49030289714656,time,123.78373078482889,64699.550411259916
NZDCAD,7,2025-03-06 17:30:00+00:00,2025-03-06 21:30:00+00:00,0.1812539764818099,0.0877349920978731,1,0.4099988756178438,0.3,192.49030289714656,time,34.88963283429587,64734.44004409421
CHFSGD,19,2025-03-07 08:15:00+00:00,2025-03-07 09:30:00+00:00,-1.0927388420802713,0.09273884208030815,-1,0.3862105310650725,0.3,194.20332013228278,stop,-212.21351116949492,64522.22653292472
CHFJPY,2,2025-03-07 09:45:00+00:00,2025-03-07 11:00:00+00:00,-1.0484515424040277,0.04845154240405737,-1,0.33147424902457007,0.3,193.56667959877433,stop,-202.9452837833612,64319.28124914136
USDJPY,2,2025-03-07 11:00:00+00:00,2025-03-07 15:00:00+00:00,0.8258459600343108,0.02686280462697305,1,0.3663997441256685,0.3,192.95784374742422,time,159.3534557157421,64478.6347048571
XAUEUR,3,2025-03-07 17:15:00+00:00,2025-03-07 17:45:00+00:00,1.4919023130752207,0.00809768692477388,-1,0.37677726400460604,0.3,193.43590411457146,target,288.58747278032575,64767.22217763742
AU200,10,2025-03-07 14:45:00+00:00,2025-03-07 18:45:00+00:00,-1.1031149340646178,0.10311493406459697,1,0.33697047128363417,0.3,192.95784374742422,stop,-212.8546790826907,64554.36749855473
XAUGBP,3,2025-03-07 18:00:00+00:00,2025-03-07 20:00:00+00:00,-0.30127992152485233,0.0024494302562997087,1,0.36941873272674924,0.3,194.30166653291244,weekend,-58.53919084518389,64495.82830770955
XAUCNH,3,2025-03-07 16:15:00+00:00,2025-03-07 20:00:00+00:00,-0.3662667194756054,0.0288164887005486,1,0.4007334265757363,0.3,193.43590411457146,weekend,-70.84913402884185,64424.97917368071
EURUSD,6,2025-03-10 08:15:00+00:00,2025-03-10 10:45:00+00:00,-1.0609812128083325,0.060981212808342455,1,0.5097403245830149,0.3,193.2749375210423,stop,-205.06107761653013,64219.91809606418
GER40,8,2025-03-10 09:30:00+00:00,2025-03-10 11:00:00+00:00,1.447448038644563,0.052551961355425406,-1,0.45887512612419346,0.3,193.2749375210423,target,279.75542923398314,64499.67352529817
GBPCHF,14,2025-03-10 11:30:00+00:00,2025-03-10 11:45:00+00:00,-1.0534524543233106,0.053452454323310146,1,0.38630353866797673,0.3,193.4990205758947,stop,-203.84201813483304,64295.83150716333
NZDJPY,1,2025-03-10 10:15:00+00:00,2025-03-10 14:00:00+00:00,1.4616545542461552,0.038345445753848205,-1,0.38450354510216633,0.3,193.2749375210423,target,282.5011926492726,64578.33269981261
JP225,11,2025-03-10 14:15:00+00:00,2025-03-10 17:00:00+00:00,-1.054289106628116,0.05428910662810329,1,0.42778671004079655,0.3,193.73499809943797,stop,-204.2526980688562,64374.08000174375
AUDJPY,1,2025-03-10 14:15:00+00:00,2025-03-10 17:15:00+00:00,-1.0298336273804396,0.02983362738045861,1,0.3733453595771286,0.3,193.73499809943797,stop,-199.51481584328678,64174.565185900465
GBPJPY,2,2025-03-10 14:15:00+00:00,2025-03-10 18:15:00+00:00,0.04274887252095057,0.03043949640360169,1,0.40261985017117413,0.3,193.73499809943797,time,8.281952736599475,64182.847138637066
XAGEUR,3,2025-03-10 17:00:00+00:00,2025-03-10 20:00:00+00:00,-1.035113759484889,0.03511375948489301,1,0.4328838955103109,0.3,193.12224000523145,stop,-199.90348789195815,63982.94365074511
EURGBP,20,2025-03-10 16:30:00+00:00,2025-03-10 20:15:00+00:00,1.4506889293059215,0.04931107069410901,1,0.4039271101995674,0.3,193.73499809943797,target,281.0492169619584,64263.99286770707
XAUSGD,3,2025-03-10 16:45:00+00:00,2025-03-10 20:30:00+00:00,-1.0336951424575023,0.03369514245749862,1,0.44656464739211427,0.3,193.73499809943797,stop,-200.26292645940248,64063.72994124767
EURCAD,4,2025-03-11 06:30:00+00:00,2025-03-11 09:15:00+00:00,-1.0836317741902033,0.08363177419018844,-1,0.4229386772409443,0.3,192.1911898237432,stop,-208.26448001242898,63855.465461235246
EURUSD,6,2025-03-11 07:45:00+00:00,2025-03-11 09:30:00+00:00,-1.0644264179821015,0.06442641798208343,-1,0.4573784204526925,0.3,192.1911898237432,stop,-204.57337975180508,63650.89208148344
GBPCAD,5,2025-03-11 09:45:00+00:00,2025-03-11 11:15:00+00:00,-1.091310901827628,0.09131090182766438,-1,0.4780842420264991,0.3,190.9526762444505,stop,-208.38873731873034,63442.50334416471
AUDUSD,7,2025-03-11 08:30:00+00:00,2025-03-11 12:00:00+00:00,1.4644800288523148,0.03551997114765768,1,0.5363875869092857,0.3,192.1911898237432,target,281.46015921823613,63723.96350338295
XAGEUR,3,2025-03-11 09:00:00+00:00,2025-03-11 12:30:00+00:00,1.4713549059838669,0.028645094016138784,1,0.51645377923647,0.3,192.1911898237432,target,282.7814500340412,64006.74495341699
NZDCNH,7,2025-03-11 08:30:00+00:00,2025-03-11 12:30:00+00:00,0.4283150910354613,0.071493068410318,1,0.5053749034879358,0.3,192.1911898237432,time,82.31838696557018,64089.063340382556
XAUGBP,3,2025-03-11 09:30:00+00:00,2025-03-11 13:30:00+00:00,1.212615411976667,0.016049321629103244,1,0.49455606416644987,0.3,190.9526762444505,time,231.55215817221145,64320.61549855477
AUDCAD,7,2025-03-11 15:45:00+00:00,2025-03-11 17:00:00+00:00,-1.124499527647786,0.1244995276478076,-1,0.3763526035707299,0.3,192.96184649566447,stop,-216.9855052384193,64103.62999331635
EURCAD,4,2025-03-11 16:45:00+00:00,2025-03-11 17:00:00+00:00,-1.0889416038094746,0.08894160380946066,-1,0.5476445624334979,0.3,192.96184649566447,stop,-210.1241825970265,63893.50581071932
NAS100,9,2025-03-11 17:00:00+00:00,2025-03-11 17:30:00+00:00,1.4913286633757337,0.008671336624254638,-1,0.4752964150082358,0.3,191.68051743215813,target,285.85864985726937,64179.36446057659
NZDCHF,12,2025-03-11 15:15:00+00:00,2025-03-11 17:30:00+00:00,1.4116296889139237,0.08837031108608966,-1,0.4560660971725216,0.3,192.96184649566447,target,272.39067134093114,64451.75513191752
EURCHF,13,2025-03-11 15:15:00+00:00,2025-03-11 19:15:00+00:00,-0.4982705308916338,0.07080293723317227,-1,0.4835303158238511,0.3,192.96184649566447,time,-96.14720169522468,64355.60793022229
USDCHF,18,2025-03-11 17:15:00+00:00,2025-03-11 21:15:00+00:00,-0.6220463784359161,0.03161735057568483,-1,0.4255611673589323,0.3,191.68051743215813,time,-119.23417168539646,64236.373758536894
GBPJPY,2,2025-03-12 10:15:00+00:00,2025-03-12 10:45:00+00:00,-1.041165115448241,0.04116511544822849,-1,0.3765677243097296,0.3,192.70912127561084,stop,-200.64201450085045,64035.73174403604
NZDUSD,7,2025-03-12 10:15:00+00:00,2025-03-12 11:30:00+00:00,1.424510634964757,0.07548936503523745,1,0.44906924866407216,0.3,192.70912127561084,target,274.51619271182074,64310.247936747866
CNHJPY,2,2025-03-12 10:15:00+00:00,2025-03-12 13:00:00+00:00,-1.0639403835143197,0.06394038351431741,-1,0.3988683520410011,0.3,192.70912127561084,stop,-205.03101639668094,64105.21692035119
GBPAUD,16,2025-03-12 13:30:00+00:00,2025-03-12 15:00:00+00:00,-1.0735606188862827,0.07356061888632426,-1,0.3423569485895131,0.3,192.31565076105372,stop,-206.46250905255505,63898.754411298636
AUDUSD,7,2025-03-12 12:15:00+00:00,2025-03-12 15:15:00+00:00,1.4532462531473054,0.046753746852655924,-1,0.35858858119126497,0.3,192.93074381024377,target,280.37588055915944,64179.13029185779
XAGEUR,3,2025-03-12 14:00:00+00:00,2025-03-12 15:30:00+00:00,-1.0913781645574068,0.0913781645573963,-1,0.3211442120283085,0.3,192.31565076105372,stop,-209.88910194326206,63969.24118991453
XAGUSD,3,2025-03-12 14:45:00+00:00,2025-03-12 15:30:00+00:00,-1.2739309265062506,0.27393092650625556,-1,0.3891214626905389,0.3,192.31565076105372,stop,-244.9968551556817,63724.24433475885
XAUAUD,3,2025-03-12 15:45:00+00:00,2025-03-12 16:15:00+00:00,-1.0159937132580776,0.015993713258077767,1,0.45808214723798035,0.3,191.1727330042767,stop,-194.23029487871014,63530.01403988014
NZDCHF,12,2025-03-12 15:45:00+00:00,2025-03-12 18:30:00+00:00,-1.114318102128187,0.11431810212818691,-1,0.33240952816109975,0.3,191.1727330042767,stop,-213.0272370199842,63316.986802860156
EURAUD,15,2025-03-12 15:30:00+00:00,2025-03-12 19:30:00+00:00,0.3215614192862298,0.08244143967523139,-1,0.41761747769665186,0.3,191.1727330042767,time,61.473775353682676,63378.46057821384
EURUSD,6,2025-03-12 15:45:00+00:00,2025-03-12 19:45:00+00:00,-0.3604608090692708,0.024766717467339053,-1,0.5084263327060958,0.3,191.1727330042767,time,-68.91027801070527,63309.55030020313
USDCAD,17,2025-03-12 15:45:00+00:00,2025-03-12 19:45:00+00:00,-0.2373495315497047,0.07710090989415747,1,0.4323763184422937,0.3,191.1727330042767,time,-45.374758623641846,63264.17554157949
AU200,10,2025-03-12 15:45:00+00:00,2025-03-12 19:45:00+00:00,0.5446164013266556,0.04415808659405316,-1,0.4275480739152804,0.3,191.1727330042767,time,104.11580588057073,63368.291347460065
AUDUSD,7,2025-03-12 15:45:00+00:00,2025-03-12 19:45:00+00:00,-0.7539595208975728,0.026524087610534156,-1,0.5238394189394927,0.3,191.1727330042767,time,-144.13650218458406,63224.15484527548
GBPNZD,16,2025-03-12 15:45:00+00:00,2025-03-12 19:45:00+00:00,-0.23986671321847483,0.07147097105560421,1,0.40022066985005617,0.3,191.1727330042767,time,-45.85597512272889,63178.29887015275
AUDCHF,12,2025-03-12 17:30:00+00:00,2025-03-12 21:30:00+00:00,-0.7072596920233705,0.0281642305499142,-1,0.39639012723148176,0.3,190.59004211964057,time,-134.7966544922582,63043.50221566049
FR40,8,2025-03-13 08:30:00+00:00,2025-03-13 11:15:00+00:00,-1.8335932476986572,0.8335932476986725,1,0.45997733654260503,0.3,189.13050664698164,stop,-346.78841992173153,62696.71379573876
GBPCAD,5,2025-03-13 09:15:00+00:00,2025-03-13 12:00:00+00:00,1.4125883250640372,0.08741167493597234,-1,0.43105040072984213,0.3,189.13050664698164,target,267.16354560297253,62963.87734134173
XAUSGD,3,2025-03-13 11:30:00+00:00,2025-03-13 12:15:00+00:00,-1.0480787501260596,0.04807875012607916,-1,0.5000546174698812,0.3,188.09014138721648,stop,-197.13328029614766,62766.74406104558
XAUEUR,3,2025-03-13 11:30:00+00:00,2025-03-13 12:30:00+00:00,-1.0229733008095427,0.022973300809571644,-1,0.49384062259913564,0.3,188.09014138721648,stop,-192.41119278461443,62574.332868260964
FR40,8,2025-03-13 11:30:00+00:00,2025-03-13 13:15:00+00:00,1.4681294810738492,0.03187051892616139,1,0.44848585625143245,0.3,188.09014138721648,target,276.14068166992104,62850.47354993089
GBPCHF,14,2025-03-13 10:15:00+00:00,2025-03-13 14:15:00+00:00,-0.3026881934077036,0.04830271469748094,-1,0.4243546743886013,0.3,189.13050664698164,time,-57.24757137525855,62793.22597855563
EURCAD,4,2025-03-13 13:30:00+00:00,2025-03-13 14:45:00+00:00,-1.0598565134105622,0.05985651341059902,1,0.3433005977610053,0.3,188.55142064979282,stop,-199.8374512884977,62593.38852726713
US2000,9,2025-03-13 11:30:00+00:00,2025-03-13 15:30:00+00:00,0.43528656651216113,0.04361953067345264,1,0.4239724934049985,0.3,188.09014138721648,time,81.8731118392284,62675.261639106364
SP500,9,2025-03-13 11:30:00+00:00,2025-03-13 15:30:00+00:00,0.7065117572993429,0.024751052733642497,1,0.4885942322597095,0.3,188.09014138721648,time,132.88789632216418,62808.14953542853
NZDUSD,7,2025-03-13 13:00:00+00:00,2025-03-13 15:30:00+00:00,-1.0722769503967993,0.07227695039678206,1,0.4412269054107624,0.3,187.72299860478307,stop,-201.2910444632794,62606.85849096525
EURAUD,15,2025-03-13 12:00:00+00:00,2025-03-13 16:00:00+00:00,0.7183747823183871,0.05509984255046584,-1,0.46635652344617945,0.3,188.89163202402534,time,135.69498503702408,62742.55347600227
XAUAUD,3,2025-03-13 15:15:00+00:00,2025-03-13 16:30:00+00:00,-1.0252770376816691,0.025277037681645066,-1,0.4587839331138344,0.3,187.78016558180155,stop,-192.52669190308282,62550.02678409919
XAGEUR,3,2025-03-13 16:00:00+00:00,2025-03-13 16:30:00+00:00,-1.0471039720648827,0.04710397206487589,-1,0.4594094304107946,0.3,188.22766042800697,stop,-197.09393088664604,62352.932853212544
USDCHF,18,2025-03-13 15:45:00+00:00,2025-03-13 19:45:00+00:00,0.18755329667015294,0.02313613789274822,1,0.5338565370548732,0.3,187.8205754728959,time,35.2263681124269,62388.15922132497
GBPAUD,16,2025-03-13 16:00:00+00:00,2025-03-13 20:00:00+00:00,0.028904741582799418,0.05965519185412643,-1,0.48322077522914314,0.3,188.22766042800697,time,5.440671883406462,62393.599893208375
FR40,8,2025-03-14 11:15:00+00:00,2025-03-14 11:30:00+00:00,1.4535033106594204,0.04649668934057494,1,0.46344731632136793,0.3,187.1807996796253,target,272.06791202621315,62665.66780523459
GER40,8,2025-03-14 11:15:00+00:00,2025-03-14 13:00:00+00:00,1.4920436899965024,0.007956310003480991,1,0.4326779982051449,0.3,187.1807996796253,target,279.2819310504843,62944.949736285074
EURUSD,6,2025-03-14 10:15:00+00:00,2025-03-14 13:15:00+00:00,1.441274631592154,0.05872536840782471,1,0.4320971493284696,0.3,187.1807996796253,target,269.7789380993767,63214.72867438445
GBPUSD,6,2025-03-14 11:00:00+00:00,2025-03-14 13:45:00+00:00,1.4412462227788192,0.058753777221222186,1,0.4920368743906023,0.3,187.1807996796253,target,269.77362051497875,63484.50229489943
XAGEUR,3,2025-03-14 10:00:00+00:00,2025-03-14 13:45:00+00:00,1.484662461100201,0.015337538899804607,-1,0.4704800273438992,0.3,187.1807996796253,target,277.9003067230562,63762.40260162249
XAGSGD,3,2025-03-14 10:00:00+00:00,2025-03-14 14:00:00+00:00,0.0888309959381237,0.03807042683062239,-1,0.48304925931830733,0.3,187.1807996796253,time,16.62745685603554,63779.03005847852
NZDCHF,12,2025-03-14 12:15:00+00:00,2025-03-14 15:45:00+00:00,-2.188522875018031,0.09468892670521974,-1,0.383793742360422,0.3,187.99700341570394,stop,-411.435742410111,63367.59431606841
XAUCNH,3,2025-03-14 14:00:00+00:00,2025-03-14 18:00:00+00:00,-1.0396725185896356,0.03967251858964936,1,0.44171464839152125,0.3,191.33709017543572,stop,-198.92791444230747,63168.666401626106
GBPCHF,14,2025-03-14 17:00:00+00:00,2025-03-14 19:15:00+00:00,1.4413362579735893,0.058663742026433235,-1,0.3811144200292101,0.3,190.10278294820537,target,274.0020338049318,63442.668435431035
EURUSD,6,2025-03-14 14:00:00+00:00,2025-03-14 19:30:00+00:00,0.2884714184168676,0.03255401178336512,-1,0.381733805849472,0.3,191.33709017543572,time,55.19528179866404,63497.8637172297
GBPUSD,6,2025-03-14 14:00:00+00:00,2025-03-14 19:30:00+00:00,0.7673544101786283,0.04322833696674288,-1,0.3910635281590941,0.3,191.33709017543572,time,146.8233599768665,63644.68707720657
FR40,8,2025-03-14 14:15:00+00:00,2025-03-14 19:30:00+00:00,-0.6780008717917673,0.039047170626751004,-1,0.381591665455381,0.3,191.33709017543572,time,-129.72671394504542,63514.96036326152
DJ30,9,2025-03-14 16:45:00+00:00,2025-03-14 20:00:00+00:00,1.4920534448481932,0.007946555151822075,1,0.43024513770816447,0.3,190.10278294820537,target,283.6435121730982,63798.603875434615
NZDCNH,7,2025-03-14 16:30:00+00:00,2025-03-14 20:00:00+00:00,-0.8600502279733014,0.0555400005522434,-1,0.39822378993322355,0.3,190.10278294820537,weekend,-163.49794181296306,63635.10593362165
EURUSD,6,2025-03-17 07:15:00+00:00,2025-03-17 11:15:00+00:00,-0.21497180922852765,0.0542561264110184,-1,0.4870221704384831,0.3,190.90531780086513,time,-41.03926155899902,63594.06667206265
XAGSGD,3,2025-03-17 14:45:00+00:00,2025-03-17 15:15:00+00:00,-1.1009650292579818,0.1009650292579674,1,0.3596062917300964,0.3,190.7822000161881,stop,-210.04453042272468,63384.02214163992
XAUEUR,3,2025-03-17 11:30:00+00:00,2025-03-17 15:30:00+00:00,0.4733957679561976,0.019878204875299683,1,0.4903319006661348,0.3,190.7822000161881,time,90.31548608903627,63474.33762772896
NZDCNH,7,2025-03-17 15:45:00+00:00,2025-03-17 16:00:00+00:00,-1.1033291513304813,0.10332915133041841,-1,0.5081831389040071,0.3,190.42301288318703,stop,-210.09926119820005,63264.23836653076
GER40,8,2025-03-17 12:30:00+00:00,2025-03-17 16:30:00+00:00,1.340123246527982,0.024210992075112774,1,0.47544425115728767,0.3,190.7822000161881,time,255.67166126544484,63519.9100277962
EURCAD,4,2025-03-17 13:15:00+00:00,2025-03-17 16:30:00+00:00,1.4466788273133535,0.053321172686617235,-1,0.4383570998148565,0.3,190.7822000161881,target,276.0005693916807,63795.91059718788
USDCHF,18,2025-03-17 15:45:00+00:00,2025-03-17 17:30:00+00:00,-1.0489038550683263,0.048903855068326174,1,0.4162076748030874,0.3,190.42301288318703,stop,-199.73543230690044,63596.17516488098
EURCHF,13,2025-03-17 14:15:00+00:00,2025-03-17 18:15:00+00:00,0.7618889681175647,0.06729655919945651,-1,0.4101987398427183,0.3,190.7822000161881,time,145.3548535055324,63741.53001838651
GBPAUD,16,2025-03-17 17:30:00+00:00,2025-03-17 18:45:00+00:00,-1.0686870871856504,0.0686870871856562,1,0.47192569035408943,0.3,190.7885254946431,stop,-203.89323357931534,63537.6367848072
XAUEUR,3,2025-03-17 15:30:00+00:00,2025-03-17 19:30:00+00:00,-0.4318909360003246,0.020350881801063092,1,0.46793672864459085,0.3,190.42301288318703,time,-82.2419732701215,63455.39481153707
XAUSGD,3,2025-03-17 15:30:00+00:00,2025-03-17 19:30:00+00:00,-0.2876167662392221,0.04256212235827169,1,0.42930096801353007,0.3,190.42301288318703,time,-54.76885118299198,63400.62596035408
USDJPY,2,2025-03-17 17:00:00+00:00,2025-03-17 21:00:00+00:00,-0.5899046324322048,0.03898714806101169,-1,0.42730754557756573,0.3,191.38773179156382,time,-112.90050957453586,63287.725450779544
CNHJPY,2,2025-03-17 17:00:00+00:00,2025-03-17 21:00:00+00:00,-0.96905038287215,0.05382011585211254,-1,0.4456731449515163,0.3,191.38773179156382,time,-185.46435476964726,63102.2610960099
AUDJPY,1,2025-03-18 10:00:00+00:00,2025-03-18 10:45:00+00:00,-1.0544837463025971,0.05448374630257594,-1,0.4819581465605233,0.3,189.30678328802986,stop,-199.6209260420556,62902.64016996784
FR40,8,2025-03-18 10:15:00+00:00,2025-03-18 10:45:00+00:00,-1.1792306337628753,0.1792306337628753,-1,0.458014352786299,0.3,189.30678328802986,stop,-223.23635803235473,62679.40381193548
XAUGBP,3,2025-03-18 08:00:00+00:00,2025-03-18 11:30:00+00:00,-1.0226680769767573,0.022668076976776187,-1,0.5381802230428973,0.3,189.30678328802986,stop,-193.59800402382524,62485.80580791165
AUDUSD,7,2025-03-18 11:45:00+00:00,2025-03-18 13:45:00+00:00,1.4463386845016584,0.05366131549831245,-1,0.5229937866563854,0.3,187.45741742373514,target,271.12691451672333,62756.93272242838
NZDUSD,7,2025-03-18 11:45:00+00:00,2025-03-18 14:30:00+00:00,1.426796811046956,0.07320318895306555,-1,0.5139913722274526,0.3,187.45741742373514,target,267.4636453872834,63024.39636781566
XAUEUR,3,2025-03-18 12:15:00+00:00,2025-03-18 14:30:00+00:00,-1.021330501941512,0.021330501941503772,-1,0.5048730475689329,0.3,187.45741742373514,stop,-191.45597823004294,62832.940389585616
GBPCAD,5,2025-03-18 11:30:00+00:00,2025-03-18 14:45:00+00:00,1.397562515576591,0.10243748442334123,-1,0.4787716948188086,0.3,187.45741742373514,target,261.98345985820634,63094.923849443825
USDCAD,17,2025-03-18 11:45:00+00:00,2025-03-18 15:30:00+00:00,-1.1053013935548424,0.10530139355487401,1,0.4397334164384917,0.3,187.45741742373514,stop,-207.19694471064622,62887.72690473318
US2000,9,2025-03-18 13:30:00+00:00,2025-03-18 15:45:00+00:00,-1.0994613947317486,0.0994613947317362,1,0.34650003423683007,0.3,187.45741742373514,stop,-206.10219361351145,62681.624711119664
SP500,9,2025-03-18 13:30:00+00:00,2025-03-18 16:30:00+00:00,-1.0565636205485076,0.05656362054853707,1,0.37517665569725284,0.3,187.45741742373514,stop,-198.06068765189448,62483.56402346777
AUDUSD,7,2025-03-18 15:00:00+00:00,2025-03-18 16:30:00+00:00,-1.0825550481836805,0.08255504818368337,1,0.4560498849488977,0.3,189.28477154833163,stop,-204.91118498394113,62278.65283848383
CADJPY,2,2025-03-18 15:45:00+00:00,2025-03-18 18:00:00+00:00,1.457079155494617,0.04292084450538078,-1,0.5187374551237663,0.3,188.04487413335914,target,273.9962663973265,62552.64910488116
XAUUSD,3,2025-03-19 07:00:00+00:00,2025-03-19 08:30:00+00:00,-1.0270490680489026,0.027049068048914524,-1,0.44113551342325,0.3,187.65794731464365,stop,-192.73391990147482,62359.91518497968
XAUSGD,3,2025-03-19 07:00:00+00:00,2025-03-19 08:30:00+00:00,-1.1019965103370206,0.10199651033700644,-1,0.415070354761723,0.3,187.65794731464365,stop,-206.79840307774577,62153.11678190194
AUDUSD,7,2025-03-19 09:30:00+00:00,2025-03-19 09:45:00+00:00,-1.0833677532430193,0.08336775324300631,1,0.4816760203298626,0.3,186.45935034570596,stop,-202.00404745518046,61951.11273444676
GBPJPY,2,2025-03-19 09:15:00+00:00,2025-03-19 10:00:00+00:00,1.440785343787997,0.05921465621204532,-1,0.4367981431198178,0.3,186.45935034570596,target,268.64789919032455,62219.76063363709
USDCAD,17,2025-03-19 09:30:00+00:00,2025-03-19 10:00:00+00:00,-1.1411663111597075,0.1411663111596032,-1,0.3967030868940597,0.3,186.45935034570596,stop,-212.7811290152448,62006.97950462184
GBPNZD,16,2025-03-19 10:00:00+00:00,2025-03-19 10:30:00+00:00,1.3487234945160385,0.15127650548401833,1,0.4518252252831531,0.3,186.0209385138657,target,250.89081024557407,62257.87031486742
AUDCHF,12,2025-03-19 10:15:00+00:00,2025-03-19 10:30:00+00:00,-1.0630564165755936,0.06305641657563252,1,0.48277161086886206,0.3,186.0209385138657,stop,-197.7507523045789,62060.11956256284
NZDCHF,12,2025-03-19 10:15:00+00:00,2025-03-19 10:30:00+00:00,-1.1278273704740722,0.12782737047413584,1,0.4994319548645456,0.3,186.0209385138657,stop,-209.79950593721222,61850.32005662563
EURAUD,15,2025-03-19 10:15:00+00:00,2025-03-19 11:30:00+00:00,-1.0818660017610804,0.08186600176108048,-1,0.5236764780697369,0.3,186.0209385138657,stop,-201.24972899383965,61649.07032763179
FR40,8,2025-03-19 11:00:00+00:00,2025-03-19 12:00:00+00:00,1.401058614780372,0.09894138521964459,1,0.47086861539734093,0.3,185.55096016987704,target,259.96777122677594,61909.03809885856
NAS100,9,2025-03-19 16:45:00+00:00,2025-03-19 16:45:00+00:00,-1.0248123200004233,0.024812320000423275,-1,0.3765915487791491,0.3,185.72711429657585,stop,-190.3354348892577,61718.7026639693
SP500,9,2025-03-19 16:45:00+00:00,2025-03-19 16:45:00+00:00,-1.0950544932114188,0.09505449321140909,-1,0.3907047205483612,0.3,185.15610799190807,stop,-202.7560280020776,61515.94663596722
GER40,8,2025-03-19 15:45:00+00:00,2025-03-19 19:45:00+00:00,0.5918387397593187,0.02560840700881578,1,0.421060915349651,0.3,185.72711429657585,time,109.92050126442038,61625.867137231646
NZDCNH,7,2025-03-20 10:30:00+00:00,2025-03-20 11:30:00+00:00,-1.068415868813778,0.06841586881380966,1,0.48566663338559196,0.3,184.8776014116951,stop,-197.52616313648358,61428.34097409516
EURAUD,15,2025-03-20 10:30:00+00:00,2025-03-20 13:15:00+00:00,-1.058397072943578,0.058397072943592955,-1,0.4320382227179418,0.3,184.8776014116951,stop,-195.67391218696764,61232.66706190819
GBPCAD,5,2025-03-20 14:45:00+00:00,2025-03-20 15:00:00+00:00,-1.0531911688057554,0.05319116880572999,-1,0.3735908452986101,0.3,183.69800118572476,stop,-193.4691125760745,61039.19794933212
CHFSGD,19,2025-03-20 12:30:00+00:00,2025-03-20 16:30:00+00:00,0.09297615159735144,0.036731204721523844,1,0.5111544888008476,0.3,184.28502292228563,time,17.134112228343813,61056.33206156046
EURCHF,13,2025-03-20 13:30:00+00:00,2025-03-20 17:30:00+00:00,0.46072338338072377,0.04033239474204663,1,0.4331007635383009,0.3,183.69800118572476,time,84.63396462656333,61140.96602618702
NZDCHF,12,2025-03-20 13:30:00+00:00,2025-03-20 17:30:00+00:00,0.8806304133738088,0.04850942565563522,1,0.49471799600767924,0.3,183.69800118572476,time,161.7700467201272,61302.73607290715
NZDJPY,1,2025-03-20 15:15:00+00:00,2025-03-20 18:45:00+00:00,1.4426665870556101,0.057333412944408246,1,0.42238129839929645,0.3,183.11759384799655,target,264.17763414652455,61566.913707053674
AUDCAD,7,2025-03-20 17:00:00+00:00,2025-03-20 21:00:00+00:00,-0.479129368208102,0.10354754047991316,1,0.5012392364972336,0.3,183.16899618468156,time,-87.76164541727871,61479.15206163639
CNHJPY,2,2025-03-21 08:00:00+00:00,2025-03-21 09:45:00+00:00,-1.1040391617677123,0.1040391617676892,-1,0.33643870209010934,0.3,184.43745618490937,stop,-203.6261745249565,61275.525887111435
AUDUSD,7,2025-03-21 06:45:00+00:00,2025-03-21 10:45:00+00:00,0.4937687668974562,0.054889130998471244,1,0.4115297856047128,0.3,184.43745618490937,time,91.0694553101263,61366.59534242156
NZDCNH,7,2025-03-21 06:45:00+00:00,2025-03-21 10:45:00+00:00,0.6518074901492629,0.09458106429447886,1,0.40791532846899675,0.3,184.43745618490937,time,120.21771540540041,61486.81305782696
XAUGBP,3,2025-03-21 08:45:00+00:00,2025-03-21 12:45:00+00:00,0.4557344280259411,0.036458754242077944,1,0.44492927725380066,0.3,184.43745618490937,time,84.05449860098925,61570.867556427955
XAUEUR,3,2025-03-21 08:45:00+00:00,2025-03-21 12:45:00+00:00,0.4155360363107688,0.03490502705011042,1,0.45022639963308597,0.3,184.43745618490937,time,76.64040949031833,61647.507965918274
XAUEUR,3,2025-03-21 14:15:00+00:00,2025-03-21 16:30:00+00:00,-1.023730784785394,0.023730784785392395,1,0.36958864207038555,0.3,184.942523897755,stop,-189.3313551300402,61458.176610788236
GBPNZD,16,2025-03-21 15:00:00+00:00,2025-03-21 17:00:00+00:00,1.3819052665009166,0.11809473349916377,1,0.38641089136068846,0.3,184.942523897755,target,255.57304777427925,61713.74965856251
NZDJPY,1,2025-03-21 16:15:00+00:00,2025-03-21 18:30:00+00:00,-1.0816723064990366,0.0816723064990531,1,0.40212393329887436,0.3,184.942523897755,stop,-200.04720639423783,61513.702452168276
EURGBP,20,2025-03-21 17:45:00+00:00,2025-03-21 20:00:00+00:00,-0.0959149422016416,0.07825147149252049,1,0.36465877338082553,0.3,185.14124897568772,weekend,-17.757812194642824,61495.94463997363
EURCAD,4,2025-03-21 17:45:00+00:00,2025-03-21 20:00:00+00:00,-1.0964390873228114,0.09643908732282117,1,0.3781420121212582,0.3,185.14124897568772,stop,-202.99610205270844,61292.94853792092
EURCHF,13,2025-03-24 10:00:00+00:00,2025-03-24 12:15:00+00:00,1.3700183174371217,0.12998168256282272,-1,0.43998863414027406,0.3,183.87884561376293,target,251.91738668004774,61544.86592460097
AUDCAD,7,2025-03-24 13:45:00+00:00,2025-03-24 16:30:00+00:00,1.369207725250332,0.1307922747496276,-1,0.406099978609455,0.3,184.63459777380308,target,252.80311762037894,61797.66904222135
NZDCHF,12,2025-03-24 15:30:00+00:00,2025-03-24 19:30:00+00:00,-0.5026605239663072,0.1593861199464629,1,0.36063836221445555,0.3,184.63459777380308,time,-92.80852365928824,61704.86051856206
US2000,9,2025-03-25 09:45:00+00:00,2025-03-25 11:00:00+00:00,-1.3715503454039975,0.3715503454040155,1,0.4978385902709137,0.3,185.11458155568636,stop,-253.89396827201807,61450.966550290046
FR40,8,2025-03-25 11:00:00+00:00,2025-03-25 11:00:00+00:00,-1.194400979146853,0.19440097914684826,-1,0.41010662754339994,0.3,184.3528996508703,stop,-220.19128385156105,61230.77526643848
CADJPY,2,2025-03-25 07:30:00+00:00,2025-03-25 11:30:00+00:00,-0.09533729734823378,0.09533729734823378,1,0.4580201177963805,0.3,185.11458155568636,time,-17.64832390526834,61213.126942533214
XAUAUD,3,2025-03-25 10:45:00+00:00,2025-03-25 12:00:00+00:00,-1.0335356413290868,0.03353564132906849,-1,0.4188339993230669,0.3,185.11458155568636,stop,-191.32251776752184,61021.804424765694
AUDJPY,1,2025-03-25 09:15:00+00:00,2025-03-25 13:15:00+00:00,0.7843415238697646,0.05536938718610445,1,0.4987194776142108,0.3,185.11458155568636,time,145.19305298790087,61166.9974777536
NZDCHF,12,2025-03-25 13:00:00+00:00,2025-03-25 14:00:00+00:00,-1.1116014088739614,0.1116014088739408,-1,0.4317994959048999,0.3,183.06541327429724,stop,-203.49577131180283,60963.50170644179
DJ30,9,2025-03-25 15:15:00+00:00,2025-03-25 16:45:00+00:00,1.4627860455200887,0.037213954479911646,-1,0.3572121351803257,0.3,182.89050511932552,target,267.52967874666973,61231.031385188464
GBPCAD,5,2025-03-25 17:45:00+00:00,2025-03-25 20:15:00+00:00,-1.1442815378690463,0.14428153786907516,-1,0.46387490239499857,0.3,183.69309415556555,stop,-210.19661627625408,61020.83476891221
AUDUSD,7,2025-03-26 06:15:00+00:00,2025-03-26 10:00:00+00:00,-1.0508343761014634,0.050834376101459015,-1,0.4464495661771623,0.3,183.0625043067368,stop,-192.3683725007412,60828.466396411466
XAUEUR,3,2025-03-26 12:45:00+00:00,2025-03-26 14:15:00+00:00,1.482635682368882,0.01736431763112992,1,0.3934782852591658,0.3,182.48539918923456,target,270.5593643492886,61099.02576076076
XAUSGD,3,2025-03-26 16:00:00+00:00,2025-03-26 17:00:00+00:00,1.4691451687460273,0.030854831253957393,-1,0.43216003948633386,0.3,183.29707728228243,target,269.2900155345324,61368.31577629529
USDCAD,17,2025-03-26 17:00:00+00:00,2025-03-26 20:15:00+00:00,1.425628308664817,0.07437169133521392,1,0.5024848993015494,0.3,184.10494732888606,target,262.46522467730506,61630.781000972594
XAUGBP,3,2025-03-27 07:45:00+00:00,2025-03-27 11:00:00+00:00,-1.0301170112667675,0.030117011266802055,-1,0.49544933424927784,0.3,184.89234300291795,stop,-190.46074778027588,61440.320253192316
GBPCAD,5,2025-03-27 13:30:00+00:00,2025-03-27 13:45:00+00:00,-1.0587948211712803,0.05879482117124879,-1,0.3830378449744416,0.3,184.3209607595771,stop,-195.158078685555,61245.16217450676
AUDCAD,7,2025-03-27 12:15:00+00:00,2025-03-27 16:15:00+00:00,-0.12380404058196098,0.11685348612314453,-1,0.3880041039953986,0.3,184.3209607595771,time,-22.819679705984722,61222.342494800774
NZDUSD,7,2025-03-27 12:15:00+00:00,2025-03-27 16:15:00+00:00,0.7995701855824556,0.057314835651728825,-1,0.4095045813393747,0.3,184.3209607595771,time,147.3775448012716,61369.72003960205
CNHJPY,2,2025-03-27 15:15:00+00:00,2025-03-27 18:45:00+00:00,-1.098787461609503,0.09878746160950436,-1,0.3964904341625867,0.3,183.73548652352045,stop,-201.8862488447661,61167.833790757286
GBPCHF,14,2025-03-27 15:45:00+00:00,2025-03-27 19:45:00+00:00,0.40047159530103743,0.059267747657698266,-1,0.3469496214556667,0.3,183.73548652352045,time,73.5808434014865,61241.41463415877
EURUSD,6,2025-03-28 09:45:00+00:00,2025-03-28 11:30:00+00:00,-1.0910958236569157,0.09109582365697398,1,0.3955481297142793,0.3,183.72424390247647,stop,-200.46075522651665,61040.953878932254
AU200,10,2025-03-28 15:15:00+00:00,2025-03-28 16:45:00+00:00,1.4072619611993213,0.09273803880069117,-1,0.3072296824487289,0.3,183.12286163679693,target,257.7018374074308,61298.65571633969
GER40,8,2025-03-28 16:15:00+00:00,2025-03-28 17:00:00+00:00,-1.013045752863094,0.0130457528630941,1,0.41309895990822104,0.3,183.12286163679693,stop,-185.51183723329314,61113.14387910639
FR40,8,2025-03-28 16:15:00+00:00,2025-03-28 17:00:00+00:00,-1.0992263191414353,0.09922631914144157,1,0.4183566228073994,0.3,183.12286163679693,stop,-201.29346914766265,60911.85040995873
XAUSGD,3,2025-03-28 17:15:00+00:00,2025-03-28 20:00:00+00:00,-0.30875450350355416,0.028178772154887063,-1,0.5348858112370872,0.3,182.73555122987636,weekend,-56.420424392428764,60855.4299855663
GBPAUD,16,2025-03-28 17:45:00+00:00,2025-03-28 20:00:00+00:00,-0.09120833441093958,0.0626174914182936,-1,0.3707853608322424,0.3,182.73555122987636,weekend,-16.667005265341945,60838.762980300955
AUDJPY,1,2025-03-28 17:45:00+00:00,2025-03-28 20:00:00+00:00,-0.5810831420892083,0.029471681012872387,1,0.38278936615305464,0.3,182.73555122987636,weekend,-106.18454828006006,60732.57843202089
GBPNZD,16,2025-03-28 17:45:00+00:00,2025-03-28 20:00:00+00:00,-0.027559540042675915,0.11317072710191393,-1,0.40966876261813634,0.3,182.73555122987636,weekend,-5.036107741340234,60727.54232427955
NZDCHF,12,2025-03-28 17:45:00+00:00,2025-03-28 20:00:00+00:00,-0.3075231170628405,0.11159196451584104,1,0.4362020323736972,0.3,182.73555122987636,weekend,-56.19540631240796,60671.346917967145
AUDCHF,12,2025-03-28 17:45:00+00:00,2025-03-28 20:00:00+00:00,-0.3012363345112194,0.040146513609491695,1,0.41938229636168156,0.3,182.73555122987636,weekend,-55.046587637375104,60616.30033032977
NZDJPY,1,2025-03-28 17:45:00+00:00,2025-03-28 20:00:00+00:00,-0.6060559292637904,0.055831260011666585,1,0.38739524586700114,0.3,182.73555122987636,weekend,-110.74796431015369,60505.55236601961
FR40,8,2025-03-31 07:15:00+00:00,2025-03-31 10:00:00+00:00,-1.7646049957437022,0.7646049957437008,1,0.4559866315256594,0.3,181.516657098059,stop,-320.30519992593145,60185.24716609368
USDCHF,18,2025-03-31 10:15:00+00:00,2025-03-31 11:00:00+00:00,1.4204651571813034,0.07953484281873627,1,0.4113765744152904,0.3,180.5557414982812,target,256.4731397273428,60441.72030582102
JP225,11,2025-03-31 07:30:00+00:00,2025-03-31 11:30:00+00:00,0.6285294577013671,0.04025932473200917,1,0.5805019662301469,0.3,181.516657098059,time,114.08856604960803,60555.80887187063
EURUSD,6,2025-03-31 10:15:00+00:00,2025-03-31 14:15:00+00:00,0.6562261885606736,0.0462334500772786,-1,0.5212859512055172,0.3,180.5557414982812,time,118.48540606616332,60674.29427793679
EURGBP,20,2025-03-31 12:30:00+00:00,2025-03-31 15:00:00+00:00,1.4234192441546003,0.07658075584539513,-1,0.40994040782519786,0.3,181.66742661561204,target,258.5889110807058,60932.88318901749
GBPCHF,14,2025-03-31 11:00:00+00:00,2025-03-31 15:00:00+00:00,-0.1583569667731222,0.05466324171123077,-1,0.41712285608174554,0.3,181.32516091746322,time,-28.714102482537758,60904.16908653495
AUDCAD,7,2025-03-31 11:30:00+00:00,2025-03-31 15:30:00+00:00,-0.6697961052225906,0.09794676368275956,1,0.47936356767805993,0.3,181.66742661561204,time,-121.68013479294774,60782.488951742
NZDCHF,12,2025-03-31 13:00:00+00:00,2025-03-31 16:15:00+00:00,-1.0899720477631558,0.08997204776313017,1,0.45710674895172404,0.3,181.66742661561204,stop,-198.01241700008148,60584.47653474192
JP225,11,2025-03-31 14:45:00+00:00,2025-03-31 18:30:00+00:00,1.4633062501312535,0.036693749868732285,1,0.4466505423586647,0.3,182.02288283381054,target,266.35522211762384,60850.831756859545
EURCAD,4,2025-03-31 17:00:00+00:00,2025-03-31 21:00:00+00:00,-0.49271772978537687,0.08394993889141666,-1,0.5025477209207272,0.3,181.75342960422594,time,-89.55313721530051,60761.27861964425
AU200,10,2025-03-31 17:00:00+00:00,2025-03-31 21:00:00+00:00,1.4473477405685096,0.052652259431502306,1,0.41225440597790647,0.3,181.75342960422594,target,263.06041567825406,61024.339035322504
EURUSD,6,2025-04-01 07:15:00+00:00,2025-04-01 08:45:00+00:00,1.4165909042350622,0.08340909576486817,-1,0.4118914387041495,0.3,183.07301710596766,target,259.33957084318376,61283.67860616569
XAUGBP,3,2025-04-01 08:45:00+00:00,2025-04-01 08:45:00+00:00,1.4869533454844581,0.013046654515513829,-1,0.5276713014569399,0.3,183.85103581849722,target,273.3779127810974,61557.05651894679
USDCAD,17,2025-04-01 06:45:00+00:00,2025-04-01 10:00:00+00:00,1.4126243101271923,0.08737568987279466,1,0.42842578656565616,0.3,183.07301710596766,target,258.61339449222123,61815.66991343901
NAS100,9,2025-04-01 07:15:00+00:00,2025-04-01 10:00:00+00:00,1.4810469484266544,0.018953051573329834,1,0.4403589128406696,0.3,183.07301710596766,target,271.13973332405413,62086.80964676306
GBPUSD,6,2025-04-01 10:15:00+00:00,2025-04-01 10:30:00+00:00,-1.069760543041809,0.06976054304180973,1,0.47926017491854017,0.3,186.26042894028936,stop,-199.2540576103642,61887.5555891527
NZDCAD,7,2025-04-01 09:15:00+00:00,2025-04-01 13:15:00+00:00,-0.06572408948371156,0.08834635448952388,1,0.44165919354248745,0.3,184.67116955684054,time,-12.137344473015457,61875.418244679684
NAS100,9,2025-04-01 12:15:00+00:00,2025-04-01 13:30:00+00:00,1.482048179929907,0.017951820070074533,-1,0.39722217160105733,0.3,185.66266676745826,target,275.16101736364436,62150.57926204333
USDJPY,2,2025-04-01 11:30:00+00:00,2025-04-01 14:00:00+00:00,-1.0411405883937694,0.04114058839378446,1,0.5058170867602828,0.3,185.66266676745826,stop,-193.30093812102783,61957.2783239223
XAGEUR,3,2025-04-01 14:45:00+00:00,2025-04-01 17:00:00+00:00,-1.0336870716800766,0.03368707168007705,1,0.33076284162204955,0.3,185.87183497176704,stop,-192.13331279976833,61765.14501112253
XAUAUD,3,2025-04-01 13:30:00+00:00,2025-04-01 17:30:00+00:00,1.252437168197269,0.014981305839680189,-1,0.39890121834766806,0.3,186.45173778613014,time,233.51908647832056,61998.66409760085
NZDJPY,1,2025-04-01 14:45:00+00:00,2025-04-01 17:30:00+00:00,1.4527433162783998,0.0472566837216187,1,0.3776967737437275,0.3,185.87183497176704,target,270.02406593963633,62268.688163540486
NZDUSD,7,2025-04-01 17:30:00+00:00,2025-04-01 17:30:00+00:00,-1.0933668592184977,0.09336685921852998,-1,0.46488657862504135,0.3,186.80606449062162,stop,-204.2475600150791,62064.44060352541
USDCAD,17,2025-04-01 17:30:00+00:00,2025-04-01 17:30:00+00:00,-1.0660967561375823,0.06609675613755797,1,0.4958345946369706,0.3,186.19332181057638,stop,-198.5000963967364,61865.94050712867
GBPCAD,5,2025-04-01 16:45:00+00:00,2025-04-01 17:45:00+00:00,1.4033030167164326,0.09669698328354459,-1,0.43494525667474854,0.3,185.87183497176704,target,260.8345067384996,62126.77501386717
NAS100,9,2025-04-01 17:30:00+00:00,2025-04-01 18:00:00+00:00,1.488890166805633,0.011109833194363112,1,0.4524809365880616,0.3,186.19332181057638,target,277.221405968644,62403.996419835814
XAGEUR,3,2025-04-02 08:15:00+00:00,2025-04-02 10:00:00+00:00,1.4886853581302493,0.011314641869749972,-1,0.4101375344398812,0.3,187.21198925950762,target,278.6997472770665,62682.69616711288
XAGSGD,3,2025-04-02 08:15:00+00:00,2025-04-02 11:15:00+00:00,-1.0499866688795874,0.04998666887957691,-1,0.4203739030777253,0.3,187.21198925950762,stop,-196.5700929769115,62486.12607413597
EURGBP,20,2025-04-02 10:15:00+00:00,2025-04-02 12:30:00+00:00,1.3377216522952604,0.16227834770467242,-1,0.43112796842288703,0.3,188.04808850133884,target,251.55599966097634,62737.68207379695
EURCAD,4,2025-04-02 11:30:00+00:00,2025-04-02 12:45:00+00:00,-1.0915802281456213,0.0915802281455769,-1,0.40933734346943323,0.3,187.4583782224081,stop,-204.6258592678244,62533.05621452912
CADJPY,2,2025-04-02 11:30:00+00:00,2025-04-02 13:00:00+00:00,-1.0891011201027008,0.08910112010270463,1,0.45996134256729687,0.3,187.4583782224081,stop,-204.1611296946604,62328.89508483446
USDCAD,17,2025-04-02 09:30:00+00:00,2025-04-02 13:15:00+00:00,1.4183211478424853,0.08167885215748756,1,0.357031005409066,0.3,187.21198925950762,target,265.5267234964199,62594.42180833088
GBPJPY,2,2025-04-02 10:30:00+00:00,2025-04-02 14:30:00+00:00,-0.2911042974485511,0.04769068059250496,1,0.5015192764162218,0.3,188.04808850133884,time,-54.7416066897252,62539.68020164115
EURJPY,2,2025-04-02 17:15:00+00:00,2025-04-02 17:30:00+00:00,-1.0937596130281317,0.09375961302814897,-1,0.40587971260706635,0.3,187.6190406049236,stop,-205.21012924875058,62334.4700723924
EURGBP,20,2025-04-02 16:30:00+00:00,2025-04-02 17:45:00+00:00,-1.0923611494740009,0.09236114947401429,-1,0.42563229471944153,0.3,187.6190406049236,stop,-204.9477508584036,62129.522321534
XAGSGD,3,2025-04-02 16:45:00+00:00,2025-04-02 19:30:00+00:00,-1.0124141735919132,0.01241417359191573,-1,0.4043272046599557,0.3,187.6190406049236,stop,-189.94817594414135,61939.57414558986
XAGUSD,3,2025-04-02 16:45:00+00:00,2025-04-02 20:45:00+00:00,-0.08128984845014771,0.12193477267520944,-1,0.4078465298307912,0.3,187.6190406049236,time,-15.25152337713635,61924.32262221273
CHFJPY,2,2025-04-03 10:00:00+00:00,2025-04-03 11:00:00+00:00,-1.0365545257914905,0.03655452579150716,-1,0.449677314540821,0.3,185.77296786663837,stop,-192.56381061188114,61731.75881160085
NAS100,9,2025-04-03 08:45:00+00:00,2025-04-03 12:45:00+00:00,-0.35715347368371053,0.008808717960808884,1,0.3916262098092734,0.3,185.77296786663837,time,-66.34946079010223,61665.40935081075
EURCHF,13,2025-04-03 11:00:00+00:00,2025-04-03 13:00:00+00:00,1.464700303868801,0.03529969613121134,1,0.4050132769287229,0.3,185.19527643480274,target,271.25557766912215,61936.66492847987
EURAUD,15,2025-04-03 09:30:00+00:00,2025-04-03 13:00:00+00:00,-1.0385756031610258,0.038575603161016235,-1,0.5464833488578319,0.3,185.77296786663837,stop,-192.93927215310782,61743.72565632676
CHFSGD,19,2025-04-03 15:15:00+00:00,2025-04-03 16:15:00+00:00,-1.045366169348319,0.045366169348320946,-1,0.537188337498313,0.3,185.23117696898044,stop,-193.63440591194365,61550.091250414815
EURNZD,15,2025-04-03 17:15:00+00:00,2025-04-03 21:15:00+00:00,0.1387474440571072,0.046349125011501,1,0.40948584778688674,0.3,184.6502737512446,time,25.619753527430344,61575.71100394225
GBPUSD,6,2025-04-04 06:15:00+00:00,2025-04-04 09:45:00+00:00,-1.0471918812328183,0.04719188123281597,1,0.48862010951957124,0.3,184.7271330118269,stop,-193.44475393340005,61382.26625000885
EURCHF,13,2025-04-04 06:15:00+00:00,2025-04-04 10:00:00+00:00,-1.121188340866726,0.1211883408667543,1,0.4467291009457819,0.3,184.7271330118269,stop,-207.11390777459724,61175.15234223425
GER40,8,2025-04-04 10:15:00+00:00,2025-04-04 10:15:00+00:00,-1.015158075568145,0.015158075568137,1,0.4934792560177514,0.3,183.52545702670292,stop,-186.30734977299204,60988.84499246126
CHFJPY,2,2025-04-04 09:45:00+00:00,2025-04-04 11:00:00+00:00,-1.0389837277771945,0.038983727777209286,-1,0.438670986191549,0.3,184.14679875002673,stop,-191.3255274235396,60797.519465037716
XAUSGD,3,2025-04-04 09:15:00+00:00,2025-04-04 11:15:00+00:00,1.4680077690808317,0.031992230919163554,-1,0.4602966641270198,0.3,184.7271330118269,target,271.1808664213901,61068.700331459106
XAUCNH,3,2025-04-04 10:30:00+00:00,2025-04-04 11:15:00+00:00,-1.0272653670877203,0.027265367087730044,1,0.45385372495169557,0.3,182.96653497738393,stop,-187.95518471831053,60880.745146740795
SP500,9,2025-04-04 12:45:00+00:00,2025-04-04 13:00:00+00:00,-1.033794755045361,0.03379475504536923,1,0.43076545788803466,0.3,182.64223544022255,stop,-188.814585047862,60691.930561692934
GBPCAD,5,2025-04-04 12:15:00+00:00,2025-04-04 13:15:00+00:00,1.4690359305347236,0.030964069465266714,1,0.4420755947044363,0.3,182.64223544022255,target,268.3080062948694,60960.238567987806
USDJPY,2,2025-04-04 11:15:00+00:00,2025-04-04 13:30:00+00:00,1.4812844018025342,0.018715598197476684,-1,0.4201765867611167,0.3,182.64223544022255,target,270.54509446794765,61230.78366245575
XAUEUR,3,2025-04-04 15:45:00+00:00,2025-04-04 17:00:00+00:00,-1.006264356044303,0.006264356044300964,1,0.4628409679005993,0.3,183.69235098736743,stop,-184.84306527656736,61045.940597179186
XAUSGD,3,2025-04-04 15:45:00+00:00,2025-04-04 17:00:00+00:00,-1.0113648297922697,0.011364829792266147,1,0.4634671708798997,0.3,183.69235098736743,stop,-185.77998329048074,60860.16061388871
GBPCAD,5,2025-04-04 17:30:00+00:00,2025-04-04 18:15:00+00:00,-1.0536520882346547,0.05365208823465626,1,0.4139867852476988,0.3,182.58048184166628,stop,-192.37630596336115,60667.78430792534
AUDCAD,7,2025-04-04 18:00:00+00:00,2025-04-04 19:45:00+00:00,-1.0257247056111432,0.025724705611142505,1,0.5193285018979523,0.3,182.58048184166628,stop,-187.27731098738383,60480.50699693796
FR40,8,2025-04-04 18:00:00+00:00,2025-04-04 20:00:00+00:00,-0.12945126711767363,0.01485506343973245,1,0.5111972524491816,0.3,182.58048184166628,weekend,-23.635274725359103,60456.8717222126
AUDJPY,1,2025-04-04 18:00:00+00:00,2025-04-04 20:00:00+00:00,-0.06363591862970758,0.008856331973785755,1,0.4937481520846283,0.3,182.58048184166628,weekend,-11.618676685849078,60445.25304552675
NAS100,9,2025-04-04 18:00:00+00:00,2025-04-04 20:00:00+00:00,-0.4920603804331296,0.004915142534848091,1,0.41739182757369386,0.3,182.58048184166628,weekend,-89.84062135467443,60355.41242417207
CNHJPY,2,2025-04-04 18:00:00+00:00,2025-04-04 20:00:00+00:00,1.3045567809640874,0.021832058851352858,1,0.42703203361155895,0.3,182.58048184166628,weekend,238.18660565823618,60593.59902983031
DJ30,9,2025-04-04 18:00:00+00:00,2025-04-04 20:00:00+00:00,-0.8265602273173936,0.00502921152395932,1,0.45928805207327694,0.3,182.58048184166628,weekend,-150.91376457476696,60442.68526525554
EURNZD,15,2025-04-07 08:15:00+00:00,2025-04-07 09:00:00+00:00,-1.0386726649569493,0.03867266495694868,-1,0.5096904659401228,0.3,181.32805579576677,stop,-188.34049494485149,60254.34477031069
AUDCHF,12,2025-04-07 08:30:00+00:00,2025-04-07 10:30:00+00:00,1.4894155216439309,0.01058447835605823,-1,0.5140929878397761,0.3,181.32805579576677,target,270.0728208117318,60524.417591122416
USDCAD,17,2025-04-07 08:30:00+00:00,2025-04-07 11:30:00+00:00,1.4671692049428846,0.03283079505711192,1,0.45180717597858244,0.3,181.32805579576677,target,266.03893945571417,60790.45653057813
NZDUSD,7,2025-04-07 08:30:00+00:00,2025-04-07 12:30:00+00:00,0.08251882223941198,0.019589091196230406,-1,0.4525093572736312,0.3,181.32805579576677,time,14.962977603229056,60805.41950818136
EURJPY,2,2025-04-07 08:30:00+00:00,2025-04-07 12:30:00+00:00,0.30797761330739987,0.029713098763566804,-1,0.3793003910004,0.3,181.32805579576677,time,55.84498184965128,60861.26449003101
US2000,9,2025-04-07 08:30:00+00:00,2025-04-07 12:30:00+00:00,0.2571578463635747,0.024945850964610675,-1,0.4589197996266219,0.3,181.32805579576677,time,46.62993231373349,60907.89442234475
GBPAUD,16,2025-04-07 08:30:00+00:00,2025-04-07 12:30:00+00:00,-0.3373709971019057,0.016223944935344646,1,0.50848554960743,0.3,181.32805579576677,time,-61.174826986367826,60846.71959535838
AUDJPY,1,2025-04-07 08:30:00+00:00,2025-04-07 12:30:00+00:00,0.04732381151959595,0.01061703422078916,-1,0.4940407058636773,0.3,181.32805579576677,time,8.581134735693645,60855.30073009407
AUDCAD,7,2025-04-07 10:15:00+00:00,2025-04-07 13:30:00+00:00,-1.0353470640145153,0.03534706401451175,-1,0.49683954946501885,0.3,180.76303431093223,stop,-187.15247685617877,60668.148253237894
NZDJPY,1,2025-04-07 12:30:00+00:00,2025-04-07 13:45:00+00:00,1.4805236830140827,0.019476316985913615,1,0.34733426051617183,0.3,182.5659021902824,target,270.2931419035457,60938.44139514144
CHFSGD,19,2025-04-07 15:45:00+00:00,2025-04-07 17:00:00+00:00,-1.0291531996664183,0.029153199666416198,1,0.4497725511861699,0.3,182.81532418542446,stop,-188.14497583348313,60750.29641930795
EURNZD,15,2025-04-07 14:00:00+00:00,2025-04-07 17:00:00+00:00,-1.03703508498092,0.03703508498092325,1,0.48115162779603354,0.3,182.81532418542446,stop,-189.58590525244608,60560.71051405551
FR40,8,2025-04-07 15:00:00+00:00,2025-04-07 17:00:00+00:00,1.484840743982894,0.01515925601710525,1,0.4812045433539444,0.3,182.81532418542446,target,271.4516419749596,60832.16215603046
GBPCHF,14,2025-04-08 10:15:00+00:00,2025-04-08 11:15:00+00:00,1.4635688337940287,0.036431166205941945,1,0.4769682352694254,0.3,182.49648646809158,target,267.0961698716125,61099.258325902076
EURCHF,13,2025-04-08 12:45:00+00:00,2025-04-08 13:30:00+00:00,-1.0469510847738515,0.04695108477385406,1,0.3973922628585253,0.3,183.29777497770638,stop,-191.90380434954304,60907.35452155253
AUDCHF,12,2025-04-08 10:45:00+00:00,2025-04-08 14:45:00+00:00,0.6898010207803011,0.016340040542702477,-1,0.4728726203921312,0.3,182.49648646809158,time,125.88626265450799,61033.24078420704
EURGBP,20,2025-04-08 13:15:00+00:00,2025-04-08 17:00:00+00:00,-1.5263390886103227,0.05373334141520692,1,0.40537218837920236,0.3,183.29777497770638,stop,-279.7745588037724,60753.46622540327
NZDUSD,7,2025-04-09 07:15:00+00:00,2025-04-09 11:15:00+00:00,0.8678718645460529,0.021662463585244176,1,0.4876901297355373,0.3,182.26039867620995,time,158.17867203202928,60911.6448974353
AUDUSD,7,2025-04-09 10:00:00+00:00,2025-04-09 13:30:00+00:00,-1.0170384060737037,0.017038406073712164,-1,0.49617786709783,0.3,182.26039867620995,stop,-185.36582536001032,60726.27907207529
GBPJPY,2,2025-04-09 10:45:00+00:00,2025-04-09 14:30:00+00:00,-1.0217050988666603,0.021705098866660003,1,0.5047020966643846,0.3,182.26039867620995,stop,-186.216378648954,60540.062693426335
NZDUSD,7,2025-04-09 15:45:00+00:00,2025-04-09 19:45:00+00:00,0.10858159015591809,0.02978761005751025,-1,0.457294198581857,0.3,181.62018808027918,time,19.720608826173635,60559.78330225251
EURUSD,6,2025-04-09 15:45:00+00:00,2025-04-09 19:45:00+00:00,1.1299408092857117,0.01794669764102463,-1,0.4507473773308945,0.3,181.62018808027918,time,205.22006230205383,60765.00336455456
DJ30,9,2025-04-09 17:15:00+00:00,2025-04-09 20:15:00+00:00,-1.0046855945778725,0.004685594577871986,-1,0.5086857771200995,0.3,181.62018808027918,stop,-182.47118664878033,60582.532177905785
AU200,10,2025-04-09 17:15:00+00:00,2025-04-09 20:15:00+00:00,-1.0307200091818056,0.030720009181802607,-1,0.44262260306567525,0.3,181.62018808027918,stop,-187.1995619257066,60395.33261598008
EURCAD,4,2025-04-09 17:15:00+00:00,2025-04-09 20:15:00+00:00,-1.0389841866095961,0.03898418660960201,1,0.4283730136079591,0.3,181.62018808027918,stop,-188.70050338447072,60206.63211259561
GBPCAD,5,2025-04-09 17:15:00+00:00,2025-04-09 20:15:00+00:00,-1.0584833114722567,0.05848331147224797,1,0.5089292815496324,0.3,181.62018808027918,stop,-192.241938109428,60014.39017448618
AUDUSD,7,2025-04-10 06:30:00+00:00,2025-04-10 08:45:00+00:00,-1.0185334814050224,0.018533481405030586,-1,0.496836976017482,0.3,180.0431705234587,stop,-183.37999727645652,59831.010177209726
NZDCHF,12,2025-04-10 07:30:00+00:00,2025-04-10 09:15:00+00:00,-1.035848510103847,0.035848510103843365,-1,0.3792096989192976,0.3,180.0431705234587,stop,-186.49744994109759,59644.51272726863
USDCHF,18,2025-04-10 06:45:00+00:00,2025-04-10 09:45:00+00:00,1.4714495709539768,0.028550429046034338,1,0.40446545287705327,0.3,180.0431705234587,target,264.924446019937,59909.43717328856
NZDJPY,1,2025-04-10 09:30:00+00:00,2025-04-10 10:30:00+00:00,1.4723293681115572,0.027670631888437075,-1,0.44122969964176145,0.3,178.93353818180606,target,263.4491032051837,60172.886276493744
XAUGBP,3,2025-04-10 06:30:00+00:00,2025-04-10 10:30:00+00:00,0.6661901058550803,0.0046298926275642775,-1,0.5200427878962656,0.3,180.0431705234587,time,119.94297882950724,60292.82925532325
XAGUSD,3,2025-04-10 14:30:00+00:00,2025-04-10 16:45:00+00:00,-1.060056101734441,0.0600561017344462,1,0.42265258880806256,0.3,180.8784877659699,stop,-191.74134462881483,60101.08791069444
AUDUSD,7,2025-04-10 15:45:00+00:00,2025-04-10 17:45:00+00:00,-1.023336487953477,0.02333648795348631,-1,0.4236228163695917,0.3,180.8784877659699,stop,-185.0995564167636,59915.98835427768
NZDCNH,7,2025-04-10 15:45:00+00:00,2025-04-10 18:00:00+00:00,-1.0288237433395697,0.02882374333956971,-1,0.42983179673588334,0.3,180.8784877659699,stop,-186.0920828729857,59729.896271404694
USDCHF,18,2025-04-10 15:45:00+00:00,2025-04-10 18:00:00+00:00,-1.0175326583124793,0.017532658312471895,1,0.47048084298322396,0.3,180.8784877659699,stop,-184.0497684880486,59545.84650291665
FR40,8,2025-04-11 09:00:00+00:00,2025-04-11 11:00:00+00:00,1.4431115160527632,0.05688848394723027,-1,0.41183873259193987,0.3,178.63753950875014,target,257.7938904644078,59803.64039338106
GBPCAD,5,2025-04-11 10:15:00+00:00,2025-04-11 11:30:00+00:00,-1.0345088081201812,0.03450880812018301,-1,0.4201964577134542,0.3,178.63753950875014,stop,-184.8021080827189,59618.83828529834
EURCAD,4,2025-04-11 11:15:00+00:00,2025-04-11 11:30:00+00:00,-1.021058088950453,0.021058088950465088,-1,0.419414465985893,0.3,179.41092118014333,stop,-183.1889723170375,59435.6493129813
GER40,8,2025-04-11 11:15:00+00:00,2025-04-11 11:30:00+00:00,-1.0103526310160253,0.010352631016025259,1,0.4672773156925405,0.3,179.41092118014333,stop,-181.26829624736658,59254.38101673393
EURJPY,2,2025-04-11 10:15:00+00:00,2025-04-11 11:45:00+00:00,-1.0359806522881774,0.03598065228816282,-1,0.3981287481520615,0.3,178.63753950875014,stop,-185.06503470343003,59069.3159820305
CHFSGD,19,2025-04-11 11:15:00+00:00,2025-04-11 15:15:00+00:00,0.07850803505411241,0.02216790079978067,-1,0.4091243892608329,0.3,179.41092118014333,time,14.085198889101292,59083.4011809196
GBPJPY,2,2025-04-11 11:15:00+00:00,2025-04-11 15:15:00+00:00,0.387204838279293,0.022344823121700694,1,0.41936790838331706,0.3,179.41092118014333,time,69.46877672109638,59152.8699576407
NZDCHF,12,2025-04-11 11:15:00+00:00,2025-04-11 15:15:00+00:00,0.08109960732114355,0.022463462793240067,1,0.3477405725545008,0.3,179.41092118014333,time,14.55015525683426,59167.42011289753
AUDCHF,12,2025-04-11 11:15:00+00:00,2025-04-11 15:15:00+00:00,0.4062344429314803,0.011999072017345371,1,0.3769089334110989,0.3,179.41092118014333,time,72.88289562143925,59240.303008518975
XAUUSD,3,2025-04-11 11:30:00+00:00,2025-04-11 15:30:00+00:00,-0.29344435962496096,0.004804000430422256,-1,0.5065026127410875,0.3,177.763143050202,time,-52.16359167728685,59188.13941684169
EURNZD,15,2025-04-11 12:00:00+00:00,2025-04-11 16:00:00+00:00,0.5642866552416734,0.028178119061929317,-1,0.4439832017302902,0.3,177.20794794609165,time,99.99608022874062,59288.13549707043
CHFJPY,2,2025-04-11 12:45:00+00:00,2025-04-11 16:45:00+00:00,1.0617086221487295,0.021510640106307054,1,0.4702837829094008,0.3,177.20794794609165,time,188.14320624764875,59476.27870331807
NZDCNH,7,2025-04-11 17:30:00+00:00,2025-04-11 20:00:00+00:00,-0.01026455290023298,0.01909282602075613,1,0.39423271839339674,0.3,178.4288361099544,weekend,-1.8314922271776275,59474.4472110909
AUDJPY,1,2025-04-11 17:00:00+00:00,2025-04-11 20:00:00+00:00,-0.8730444830975295,0.01060321082272543,-1,0.3838087887419431,0.3,178.4288361099544,weekend,-155.77631099130895,59318.67090009959
EURNZD,15,2025-04-11 17:00:00+00:00,2025-04-11 20:00:00+00:00,-0.49338881799925643,0.02759486760256176,1,0.375240574440026,0.3,178.4288361099544,weekend,-88.03479254527345,59230.63610755432
GBPCAD,5,2025-04-11 17:00:00+00:00,2025-04-11 20:00:00+00:00,-0.05646617764973103,0.04302587009352218,1,0.4709361730441235,0.3,178.4288361099544,weekend,-10.075194357619429,59220.5609131967
XAUAUD,3,2025-04-11 16:45:00+00:00,2025-04-11 20:00:00+00:00,0.27656115660402625,0.009881240502895659,-1,0.38795642850076884,0.3,178.4288361099544,weekend,49.346485286079236,59269.90739848278
CHFSGD,19,2025-04-14 14:15:00+00:00,2025-04-14 15:30:00+00:00,-1.042233485161303,0.042233485161301036,1,0.32700915120023955,0.3,177.80972219544847,stop,-185.31924645932537,59084.588152023454
XAGUSD,3,2025-04-14 16:45:00+00:00,2025-04-14 20:45:00+00:00,0.8654178437804654,0.08741594381620811,1,0.5607612798141051,0.3,177.25376445607054,time,153.39857063754306,59237.986722661
GBPAUD,16,2025-04-15 08:00:00+00:00,2025-04-15 11:00:00+00:00,1.4541849654565335,0.04581503454346808,1,0.523226858011804,0.3,177.71396016798317,target,258.4289690280224,59496.41569168902
XAUSGD,3,2025-04-15 07:15:00+00:00,2025-04-15 11:15:00+00:00,-0.2929157719801833,0.057976860430755985,-1,0.4105656247151685,0.3,177.71396016798317,time,-52.05522183426034,59444.36046985476
CHFSGD,19,2025-04-15 11:15:00+00:00,2025-04-15 11:30:00+00:00,-1.0540181754789077,0.05401817547893098,-1,0.43905944244787015,0.3,178.33308140956444,stop,-187.96630909484062,59256.39416075992
USDJPY,2,2025-04-15 08:00:00+00:00,2025-04-15 12:00:00+00:00,-0.8508363160799226,0.03406981650822344,1,0.45601658719514826,0.3,177.71396016798317,time,-151.2054911853009,59105.18866957462
EURJPY,2,2025-04-15 09:15:00+00:00,2025-04-15 12:00:00+00:00,-1.0671259681085956,0.06712596810857899,1,0.4377010680976166,0.3,177.71396016798317,stop,-189.64318179067143,58915.54548778395
XAGSGD,3,2025-04-15 10:15:00+00:00,2025-04-15 14:15:00+00:00,-0.23594085430686665,0.06805986181928972,-1,0.45783125627540144,0.3,177.71396016798317,time,-41.92998358429042,58873.61550419966
EURCAD,4,2025-04-15 10:15:00+00:00,2025-04-15 14:15:00+00:00,-0.6808395264192666,0.04766503742835931,1,0.48210032786258833,0.3,177.71396016798317,time,-120.99468847886207,58752.6208157208
EURUSD,6,2025-04-15 11:15:00+00:00,2025-04-15 15:15:00+00:00,0.6088419250922535,0.027069518430397007,-1,0.4920902701689632,0.3,178.33308140956444,time,108.5766565930328,58861.197472313834
USDCHF,18,2025-04-15 11:45:00+00:00,2025-04-15 15:45:00+00:00,1.0346112362704631,0.045308193872187,1,0.5100655378285822,0.3,177.76918248227994,time,183.92199365878122,59045.11946597262
EURCAD,4,2025-04-15 15:45:00+00:00,2025-04-15 17:00:00+00:00,1.445214108785677,0.05478589121433851,-1,0.38045643030927584,0.3,177.13535839791803,target,255.99851912147858,59301.1179850941
GBPCAD,5,2025-04-15 15:45:00+00:00,2025-04-15 18:00:00+00:00,-1.0950482445983163,0.09504824459831618,-1,0.49639930527806264,0.3,177.13535839791803,stop,-193.97176326993375,59107.146221824165
DJ30,9,2025-04-15 17:15:00+00:00,2025-04-15 21:15:00+00:00,1.2729107571021305,0.011927326198770676,-1,0.36331959664656005,0.3,177.90335395528248,time,226.45509297422694,59333.60131479839
XAGEUR,3,2025-04-16 09:15:00+00:00,2025-04-16 10:30:00+00:00,1.4345676402818754,0.06543235971812611,1,0.5004132470476632,0.3,178.00080394439533,target,255.35419328278795,59588.95550808118
AUDUSD,7,2025-04-16 17:15:00+00:00,2025-04-16 18:15:00+00:00,-1.0378384419622815,0.03783844196226376,-1,0.4810013522423107,0.3,178.7668665242437,stop,-185.53112622800023,59403.424381853176
USDJPY,2,2025-04-16 15:30:00+00:00,2025-04-16 19:30:00+00:00,-0.2126607355182685,0.03656026452358846,1,0.33636756055682476,0.3,178.7668665242437,time,-38.0166933213418,59365.407688531835
GBPUSD,6,2025-04-16 17:30:00+00:00,2025-04-16 20:30:00+00:00,-1.0360015187688123,0.036001518768805384,1,0.39501688119365674,0.3,178.7668665242437,stop,-185.20274522465803,59180.20494330718
EURUSD,6,2025-04-16 17:15:00+00:00,2025-04-16 21:15:00+00:00,-0.17410995040702942,0.02440644620972456,-1,0.398053741005334,0.3,178.7668665242437,time,-31.12509026495612,59149.079853042225
XAGSGD,3,2025-04-17 10:30:00+00:00,2025-04-17 14:30:00+00:00,-0.4017520415432785,0.04987266722606132,1,0.47098020481453107,0.3,177.44723955912684,time,-71.28979075909841,59077.79006228313
XAGEUR,3,2025-04-17 10:30:00+00:00,2025-04-17 14:30:00+00:00,-0.33791082577878995,0.035778793317754014,1,0.387394807314982,0.3,177.44723955912684,time,-59.961343251591316,59017.82871903154
AUDUSD,7,2025-04-17 13:15:00+00:00,2025-04-17 15:45:00+00:00,1.4602337544343533,0.0397662455656755,1,0.4001519658728465,0.3,177.44723955912684,target,259.1144488354359,59276.94316786697
EURAUD,15,2025-04-17 15:15:00+00:00,2025-04-17 15:45:00+00:00,-1.1131095327754317,0.11310953277544634,1,0.32791004318013117,0.3,177.05348615709477,stop,-197.0799232525851,59079.86324461439
JP225,11,2025-04-17 15:15:00+00:00,2025-04-17 16:45:00+00:00,-1.0804544884177079,0.0804544884177056,-1,0.3359576323519297,0.3,177.05348615709477,stop,-191.29823380843555,58888.565010805956
XAUSGD,3,2025-04-17 15:30:00+00:00,2025-04-17 17:30:00+00:00,1.4782649892814042,0.021735010718578546,-1,0.40747542871792114,0.3,177.05348615709477,target,261.73196981625296,59150.29698062221
EURCHF,13,2025-04-17 17:30:00+00:00,2025-04-17 18:00:00+00:00,-1.0830432774272047,0.0830432774272068,-1,0.3884122669494066,0.3,177.4508909418668,stop,-192.1869945080569,58958.109986114156
FR40,8,2025-04-17 15:15:00+00:00,2025-04-17 19:00:00+00:00,-1.1179848147987443,0.11798481479874746,-1,0.3064302443944909,0.3,177.05348615709477,stop,-197.94310893081163,58760.16687718334
GER40,8,2025-04-17 15:15:00+00:00,2025-04-17 19:15:00+00:00,-1.0173162378130116,0.01731623781301568,-1,0.3353785589315552,0.3,177.05348615709477,stop,-180.1193864290138,58580.04749075433
AUDJPY,1,2025-04-17 15:15:00+00:00,2025-04-17 19:15:00+00:00,-1.0390275344436128,0.03902753444362847,-1,0.30096146773120863,0.3,177.05348615709477,stop,-183.96344718645253,58396.08404356788
SP500,9,2025-04-17 17:45:00+00:00,2025-04-17 21:45:00+00:00,0.7048629632719711,0.0309489775311516,1,0.4336544508161397,0.3,177.4508909418668,time,125.0785608245356,58521.16260439241
GBPCAD,5,2025-04-18 08:15:00+00:00,2025-04-18 12:15:00+00:00,0.09597823982406158,0.08644327914567593,-1,0.37959801723609976,0.3,175.5634878131774,time,16.85027453768185,58538.012878930094
NZDCAD,7,2025-04-18 09:00:00+00:00,2025-04-18 13:00:00+00:00,-0.20381278164262898,0.0745208397544321,1,0.46086022107703545,0.3,175.5634878131774,time,-35.78208280608548,58502.23079612401
NZDCHF,12,2025-04-18 09:00:00+00:00,2025-04-18 13:00:00+00:00,-0.09797493838914846,0.06872953929580213,1,0.42894999956886243,0.3,175.5634878131774,time,-17.200821901880072,58485.029974222125
CHFJPY,2,2025-04-18 10:15:00+00:00,2025-04-18 14:15:00+00:00,0.07503743008731717,0.0455363434753223,1,0.4468125576413711,0.3,175.5634878131774,time,13.17383294266686,58498.20380716479
EURGBP,20,2025-04-18 10:15:00+00:00,2025-04-18 14:15:00+00:00,0.23391002241317424,0.08414679560513529,1,0.4218900314672552,0.3,175.5634878131774,time,41.06605936931537,58539.26986653411
EURUSD,6,2025-04-18 10:15:00+00:00,2025-04-18 14:15:00+00:00,0.040759195014547986,0.06346783230302852,1,0.46500101845018654,0.3,175.5634878131774,time,7.155826437211516,58546.42569297132
EURCHF,13,2025-04-18 14:15:00+00:00,2025-04-18 18:15:00+00:00,-0.6034620154548778,0.08395354319550376,-1,0.34814720970626256,0.3,175.63927707891412,time,-105.99163213907923,58440.434060832245
CADJPY,2,2025-04-18 17:00:00+00:00,2025-04-18 20:00:00+00:00,0.47258720810985605,0.07907117479662074,1,0.3587625264686829,0.3,175.63927707891412,weekend,83.00487558915745,58523.4389364214
AUDUSD,7,2025-04-21 12:45:00+00:00,2025-04-21 16:45:00+00:00,0.43494548586082615,0.03576125979519606,-1,0.5362922663914892,0.3,175.57031680926437,time,76.36351674734466,58599.80245316875
EURNZD,15,2025-04-21 15:30:00+00:00,2025-04-21 17:30:00+00:00,1.4274399675477052,0.07256003245231463,-1,0.32487483022309244,0.3,175.57031680926437,target,250.61608732855666,58850.4185404973
GBPAUD,16,2025-04-21 14:15:00+00:00,2025-04-21 18:15:00+00:00,0.6300917867167765,0.05196020221605308,1,0.35346950825617957,0.3,175.57031680926437,time,110.62541461277988,58961.043955110086
GBPCHF,14,2025-04-21 15:00:00+00:00,2025-04-21 19:00:00+00:00,0.16976416673295824,0.03942613318001653,1,0.36380636568125596,0.3,175.57031680926437,time,29.805548536166256,58990.849503646255
AU200,10,2025-04-17 15:15:00+00:00,2025-04-22 02:45:00+00:00,1.4181190112944322,0.08188098870557893,-1,0.36289945158775677,0.3,177.05348615709477,target,251.08291473533166,59241.932418381584
GBPCAD,5,2025-04-22 09:45:00+00:00,2025-04-22 10:45:00+00:00,1.4392450261644005,0.06075497383557782,-1,0.4740419393884799,0.3,177.72579725514493,target,255.79096972057,59497.72338810215
EURCHF,13,2025-04-22 09:45:00+00:00,2025-04-22 13:45:00+00:00,-0.5275604090348904,0.08407570948073816,-1,0.42720185384649784,0.3,177.72579725514493,time,-93.76109429597626,59403.96229380618
NZDCHF,12,2025-04-22 10:00:00+00:00,2025-04-22 14:00:00+00:00,-0.2043242724191635,0.06984639876181273,-1,0.4830969220584976,0.3,177.72579725514493,time,-36.313694214273255,59367.64859959191
EURGBP,20,2025-04-22 15:15:00+00:00,2025-04-22 16:00:00+00:00,-1.0571195539385065,0.05711955393852799,1,0.38009924618207624,0.3,178.10294579877586,stop,-188.27610661793594,59179.37249297397
GBPCAD,5,2025-04-22 15:15:00+00:00,2025-04-22 19:00:00+00:00,1.4118709555037126,0.08812904449630665,-1,0.4344388143104337,0.3,178.10294579877586,target,251.4583762629436,59430.83086923691
EURNZD,15,2025-04-22 16:45:00+00:00,2025-04-22 19:15:00+00:00,-1.0954924976509621,0.09549249765095123,1,0.3691774780243073,0.3,177.53811747892206,stop,-194.49167574523426,59236.33919349167
NZDCAD,7,2025-04-23 07:45:00+00:00,2025-04-23 11:45:00+00:00,0.08350164048235037,0.05124299286967186,-1,0.4198846177407467,0.3,177.7090175804752,time,14.838994496476522,59251.17818798815
NZDCNH,7,2025-04-23 07:45:00+00:00,2025-04-23 11:45:00+00:00,-0.3368558412410346,0.06458256783754056,-1,0.4875268724591833,0.3,177.7090175804752,time,-59.862320613188786,59191.315867374964
GBPNZD,16,2025-04-23 11:45:00+00:00,2025-04-23 15:45:00+00:00,-0.9362424163439715,0.041607428747186544,1,0.44362144996413483,0.3,177.57394760212503,time,-166.25226178275133,59025.063605592215
GBPAUD,16,2025-04-23 11:45:00+00:00,2025-04-23 15:45:00+00:00,-0.5349714288830913,0.02195834922000459,1,0.5039126642039418,0.3,177.57394760212503,time,-94.99698848112003,58930.06661711109
USDJPY,2,2025-04-23 15:15:00+00:00,2025-04-23 16:30:00+00:00,1.471859231741207,0.02814076825878137,1,0.41982774787083765,0.3,177.57394760212503,target,261.3638540949171,59191.43047120601
AUDCAD,7,2025-04-23 16:15:00+00:00,2025-04-23 16:30:00+00:00,-1.0954698655514317,0.09546986555141067,-1,0.4226615065002015,0.3,176.79019985133345,stop,-193.668336461951,58997.76213474406
AUDJPY,1,2025-04-23 16:15:00+00:00,2025-04-23 16:30:00+00:00,-1.0352366153227046,0.035236615322716255,-1,0.41878478389180457,0.3,176.79019985133345,stop,-183.01968811631897,58814.74244662774
GBPCHF,14,2025-04-23 16:45:00+00:00,2025-04-23 16:45:00+00:00,-1.031987201459856,0.03198720145985572,-1,0.43090954182080426,0.3,176.44422733988335,stop,-182.08818438623283,58632.65426224151
CNHJPY,2,2025-04-23 17:15:00+00:00,2025-04-23 19:30:00+00:00,-1.0418107486953643,0.04181074869535604,-1,0.49799362074858894,0.3,175.89796278672466,stop,-183.25238830482695,58449.40187393668
EURJPY,2,2025-04-23 18:00:00+00:00,2025-04-23 21:15:00+00:00,-1.0768168851061137,0.07681688510613668,-1,0.42935225604638555,0.3,175.89796278672466,stop,-189.40989638451197,58259.99197755217
EURCAD,4,2025-04-24 10:45:00+00:00,2025-04-24 14:00:00+00:00,-1.0628597756832625,0.06285977568326472,-1,0.36985298556383855,0.3,174.77997593265667,stop,-185.7666060137095,58074.22537153846
GBPJPY,2,2025-04-24 10:15:00+00:00,2025-04-24 14:15:00+00:00,0.21587899964042404,0.04212687050353323,1,0.4833876191523558,0.3,174.77997593265667,time,37.73132636151931,58111.95669789998
GBPNZD,16,2025-04-24 10:15:00+00:00,2025-04-24 14:15:00+00:00,0.06585513088676917,0.06823275286171444,1,0.4589380406642365,0.3,174.77997593265667,time,11.51015819143147,58123.466856091414
GBPCAD,5,2025-04-24 12:00:00+00:00,2025-04-24 14:15:00+00:00,-1.064975242509099,0.06497524250908633,-1,0.3238808338615548,0.3,174.77997593265667,stop,-186.13634725461552,57937.3305088368
NZDCAD,7,2025-04-24 12:00:00+00:00,2025-04-24 15:15:00+00:00,-1.0838935588097924,0.08389355880978831,-1,0.3691083934787702,0.3,174.77997593265667,stop,-189.4428901223371,57747.88761871446
NZDUSD,7,2025-04-24 12:00:00+00:00,2025-04-24 16:00:00+00:00,-0.3049637769165099,0.047427710011456556,-1,0.4652149986911213,0.3,174.77997593265667,time,-53.301561589799675,57694.58605712467
GBPCAD,5,2025-04-24 17:00:00+00:00,2025-04-24 17:45:00+00:00,-1.1217138749303135,0.12171387493028796,-1,0.4003491175559777,0.3,173.08375817137417,stop,-194.15045306591344,57500.43560405875
NAS100,9,2025-04-24 17:45:00+00:00,2025-04-24 19:30:00+00:00,-1.0169896187494543,0.016989618749464693,-1,0.4926838901742661,0.3,172.5013068121764,stop,-175.43203824869792,57325.00356581005
USDCHF,18,2025-04-24 17:00:00+00:00,2025-04-24 21:00:00+00:00,-0.865630689479752,0.03294736618175367,-1,0.43131026661332167,0.3,173.08375817137417,time,-149.8266129236333,57175.17695288642
NZDCAD,7,2025-04-25 06:30:00+00:00,2025-04-25 08:30:00+00:00,1.4249875652700292,0.0750124347299839,-1,0.3450590891823058,0.3,171.5255308586594,target,244.42174859993034,57419.59870148635
NZDUSD,7,2025-04-25 10:15:00+00:00,2025-04-25 12:30:00+00:00,1.4570584219800717,0.04294157801992407,-1,0.4372639108531307,0.3,172.2587961044592,target,250.99112962415026,57670.5898311105
GER40,8,2025-04-25 10:15:00+00:00,2025-04-25 12:45:00+00:00,-1.017265255062152,0.017265255062151985,-1,0.48065133332586213,0.3,172.2587961044592,stop,-175.23288815590192,57495.3569429546
FR40,8,2025-04-25 10:15:00+00:00,2025-04-25 13:15:00+00:00,-1.1196209050529644,0.11962090505296433,-1,0.359932884848114,0.3,172.2587961044592,stop,-192.86454919780869,57302.49239375679
US2000,9,2025-04-25 10:45:00+00:00,2025-04-25 13:15:00+00:00,-1.1236706414572648,0.12367064145727706,1,0.4049967666097707,0.3,172.2587961044592,stop,-193.56215191535387,57108.93024184143
AUDUSD,7,2025-04-25 10:15:00+00:00,2025-04-25 14:15:00+00:00,1.056552524733241,0.03257167505616179,-1,0.4228042169589418,0.3,172.2587961044592,time,182.00046593167497,57290.93070777311
XAGUSD,3,2025-04-25 15:00:00+00:00,2025-04-25 16:15:00+00:00,-1.0844392256279596,0.08443922562796899,1,0.3880464518476945,0.3,171.8727921233195,stop,-186.38559759672788,57104.545110176376
XAGEUR,3,2025-04-25 15:00:00+00:00,2025-04-25 16:15:00+00:00,-1.0180294825920793,0.01802948259208379,1,0.3513628906226826,0.3,171.8727921233195,stop,-174.97156963695895,56929.573540539415
FR40,8,2025-04-25 13:30:00+00:00,2025-04-25 17:30:00+00:00,0.2750336468457745,0.07783971137144294,-1,0.3633849659721373,0.3,171.32679072552443,time,47.12063205562381,56976.69417259504
EURGBP,20,2025-04-25 17:45:00+00:00,2025-04-25 20:00:00+00:00,0.17563196033049652,0.05433534305404052,-1,0.3489268363045141,0.3,170.93008251778528,weekend,30.02078547205216,57006.71495806709
US2000,9,2025-04-25 16:15:00+00:00,2025-04-25 20:00:00+00:00,1.1289991660094005,0.09308872616145199,1,0.42984779514061927,0.3,170.7887206216184,weekend,192.82032314561968,57199.53528121271
AUDUSD,7,2025-04-28 06:15:00+00:00,2025-04-28 07:45:00+00:00,1.459572279532847,0.040427720467118365,1,0.42937922458319017,0.3,171.5986058436383,target,250.46056829585766,57449.99584950857
NZDCNH,7,2025-04-28 06:15:00+00:00,2025-04-28 08:45:00+00:00,1.440879715794641,0.05912028420533734,1,0.5225781535186322,0.3,171.5986058436383,target,247.25295041873815,57697.24879992731
GBPNZD,16,2025-04-28 06:15:00+00:00,2025-04-28 10:00:00+00:00,-1.095834480924828,0.09583448092480101,-1,0.43785729880799806,0.3,171.5986058436383,stop,-188.04366916208753,57509.20513076522
EURNZD,15,2025-04-28 06:15:00+00:00,2025-04-28 10:15:00+00:00,-0.2664790417696227,0.08043697614075374,-1,0.406009392422446,0.3,171.5986058436383,time,-45.72743205421592,57463.47769871101
GBPAUD,16,2025-04-28 06:15:00+00:00,2025-04-28 10:15:00+00:00,-0.18091416693762158,0.05060526526996166,-1,0.4313379035846672,0.3,171.5986058436383,time,-31.044618823859103,57432.43307988715
EURAUD,15,2025-04-28 06:15:00+00:00,2025-04-28 10:15:00+00:00,0.2727678121885967,0.04681586335846315,-1,0.4069466570913298,0.3,171.5986058436383,time,46.80657629058256,57479.239656177735
AUDJPY,1,2025-04-28 06:15:00+00:00,2025-04-28 10:15:00+00:00,0.6068739193377362,0.03744085301372427,1,0.4628023550611293,0.3,171.5986058436383,time,104.13871848122012,57583.378374658954
GBPAUD,16,2025-04-28 10:30:00+00:00,2025-04-28 10:45:00+00:00,-1.0487465428964562,0.04874654289643576,-1,0.5498799506523,0.3,172.750135123977,stop,-181.17110699616654,57402.20726766279
AUDCHF,12,2025-04-28 09:15:00+00:00,2025-04-28 13:15:00+00:00,-0.3933556965154941,0.03852106894111404,-1,0.49370982790485085,0.3,173.0917463997821,time,-68.08662446616955,57334.12064319662
XAGSGD,3,2025-04-28 09:30:00+00:00,2025-04-28 13:30:00+00:00,0.9400346494483863,0.08228420008434227,1,0.4620283220034737,0.3,173.0917463997821,time,162.71223914932816,57496.832882345945
AUDCAD,7,2025-04-28 11:15:00+00:00,2025-04-28 13:30:00+00:00,1.4223023534471964,0.07769764655277553,1,0.49389019720625194,0.3,172.2066218029885,target,244.92988346958182,57741.762765815525
NZDCAD,7,2025-04-28 10:30:00+00:00,2025-04-28 14:30:00+00:00,-0.09237730873811906,0.07361871731733,1,0.44946520896400505,0.3,172.750135123977,time,-15.958192566899408,57725.80457324863
DJ30,9,2025-04-28 16:30:00+00:00,2025-04-28 16:30:00+00:00,-1.0323190136455105,0.032319013645515586,-1,0.3525066927147067,0.3,173.17741371974603,stop,-178.7743369168487,57547.03023633178
SP500,9,2025-04-28 16:30:00+00:00,2025-04-28 16:30:00+00:00,-1.0980453469825577,0.0980453469825435,-1,0.3705585276818635,0.3,172.6410907089955,stop,-189.5677463510062,57357.462489980775
XAGEUR,3,2025-04-28 16:30:00+00:00,2025-04-28 16:30:00+00:00,1.4689145901356233,0.03108540986438752,-1,0.4365651140223938,0.3,172.07238746994247,target,252.7596405140687,57610.22213049485
XAGSGD,3,2025-04-28 16:30:00+00:00,2025-04-28 16:45:00+00:00,1.494474816006513,0.005525183993475778,-1,0.4518018665426431,0.3,172.6410907089955,target,258.0077622724898,57868.22989276734
GBPCAD,5,2025-04-28 17:15:00+00:00,2025-04-28 17:30:00+00:00,-1.1420130050834767,0.14201300508349554,-1,0.4711587439696849,0.3,173.6046896783022,stop,-198.25881335610234,57669.97107941124
CADJPY,2,2025-04-28 17:15:00+00:00,2025-04-28 17:30:00+00:00,-1.0455784809214235,0.04557848092141863,1,0.42325336282421117,0.3,173.6046896783022,stop,-181.51732771467434,57488.453751696565
NZDCAD,7,2025-04-28 15:15:00+00:00,2025-04-28 17:30:00+00:00,1.3889288273176557,0.11107117268235862,1,0.39926995850987596,0.3,173.17741371974603,target,240.53110215567133,57728.984853852235
XAUGBP,3,2025-04-28 17:00:00+00:00,2025-04-28 17:30:00+00:00,1.498013708578503,0.0019862914214871146,1,0.4952087956912485,0.3,173.6046896783022,target,260.0622050116136,57989.04705886385
EURNZD,15,2025-04-28 14:00:00+00:00,2025-04-28 18:00:00+00:00,0.8375278718164761,0.07577518644584923,-1,0.36435266717290954,0.3,173.22528829744675,time,145.08100705255612,58134.128065916404
JP225,11,2025-04-28 17:45:00+00:00,2025-04-28 20:00:00+00:00,-1.0891602797424815,0.08916027974250453,1,0.37847111917094894,0.3,173.96714117659172,stop,-189.47810014989642,57944.649965766504
EURAUD,15,2025-04-28 17:00:00+00:00,2025-04-28 21:00:00+00:00,0.5261241145235773,0.09663567090783234,1,0.4594926298180099,0.3,173.6046896783022,time,91.33761363413717,58035.987579400644
NZDJPY,1,2025-04-29 08:45:00+00:00,2025-04-29 10:30:00+00:00,1.4362508881510982,0.06374911184891852,1,0.42051003706548057,0.3,174.1079627382021,target,250.06271611692108,58286.05029551756
USDJPY,2,2025-04-29 07:00:00+00:00,2025-04-29 11:00:00+00:00,0.059002851993576105,0.03860730968655228,-1,0.3983781570647331,0.3,174.1079627382021,time,10.272866356345203,58296.32316187391
US2000,9,2025-04-29 14:00:00+00:00,2025-04-29 16:00:00+00:00,-1.2286622317689524,0.14245359208915293,1,0.3424610477287035,0.3,174.88896948562189,stop,-214.8794715599764,58081.44369031393
SP500,9,2025-04-29 14:00:00+00:00,2025-04-29 16:00:00+00:00,-1.3738912349921235,0.05320307743705321,1,0.33700542036086906,0.3,174.88896948562189,stop,-240.27842227310086,57841.16526804083
XAUEUR,3,2025-04-29 16:30:00+00:00,2025-04-29 16:45:00+00:00,-1.0243918789593718,0.024391878959379595,1,0.42012329490837824,0.3,173.52349580412266,stop,-177.75605991038387,57663.40920813045
DJ30,9,2025-04-29 17:00:00+00:00,2025-04-29 20:30:00+00:00,-1.0212291992506564,0.021229199250663213,-1,0.42050495579722336,0.3,172.9902276243915,stop,-176.6626716350461,57486.746536495404
USDJPY,2,2025-04-29 16:45:00+00:00,2025-04-29 20:45:00+00:00,0.32709774868808833,0.04321114458960907,1,0.42853382970489445,0.3,172.9902276243915,time,56.58471400097841,57543.33125049638
CHFJPY,2,2025-04-29 17:00:00+00:00,2025-04-29 21:00:00+00:00,-0.29418404381607266,0.0709206756125921,1,0.39498303537710405,0.3,172.9902276243915,time,-50.89096470320637,57492.44028579318
EURCAD,4,2025-04-29 17:15:00+00:00,2025-04-29 21:15:00+00:00,0.4285658565617526,0.06849962027120696,-1,0.3896366591406542,0.3,172.9902276243915,time,74.1377050786599,57566.57799087184
GER40,8,2025-04-30 09:15:00+00:00,2025-04-30 10:00:00+00:00,1.4732698970796303,0.026730102920382696,1,0.45303412037378665,0.3,172.6997339726157,target,254.43331929551505,57821.011310167356
EURCHF,13,2025-04-30 09:45:00+00:00,2025-04-30 10:15:00+00:00,-1.0980168770202081,0.09801687702020885,-1,0.43828887922159154,0.3,172.6997339726157,stop,-189.62722255883222,57631.38408760852
XAUCNH,3,2025-04-30 06:45:00+00:00,2025-04-30 10:45:00+00:00,-0.14962297546107617,0.031841960452820596,1,0.46578459624375484,0.3,172.6997339726157,time,-25.83984805831906,57605.5442395502
GBPNZD,16,2025-04-30 11:00:00+00:00,2025-04-30 15:00:00+00:00,0.5412904557323723,0.06954840570518454,-1,0.49164606569637503,0.3,172.81663271865077,time,93.54399388241248,57699.088233432616
NAS100,9,2025-04-30 11:30:00+00:00,2025-04-30 15:15:00+00:00,1.476514438439191,0.023485561560809783,-1,0.44265344592736283,0.3,172.81663271865077,target,255.16625341153056,57954.25448684415
DJ30,9,2025-04-30 13:45:00+00:00,2025-04-30 15:30:00+00:00,-1.0204940629110038,0.02049406291100381,1,0.3773284161276938,0.3,172.81663271865077,stop,-176.35834766165462,57777.89613918249
DJ30,9,2025-04-30 16:00:00+00:00,2025-04-30 16:30:00+00:00,-1.0219459363616288,0.021945936361613246,1,0.4807488543127241,0.3,173.33368841754765,stop,-177.13765851288554,57600.75848066961
USDCHF,18,2025-04-30 16:00:00+00:00,2025-04-30 20:00:00+00:00,-0.6355533056886814,0.032001505906120976,1,0.39086322795478234,0.3,173.33368841754765,time,-110.16279866098432,57490.59568200863
CADJPY,2,2025-04-30 18:00:00+00:00,2025-04-30 21:00:00+00:00,-1.028493888095544,0.028493888095557002,-1,0.43331980559009303,0.3,172.802275442009,stop,-177.726084141109,57312.86959786752
US2000,9,2025-05-01 12:15:00+00:00,2025-05-01 15:45:00+00:00,1.436350688662824,0.0636493113371685,-1,0.41871277080489566,0.3,171.93860879360273,target,246.96413914841915,57559.833737015935
USDCHF,18,2025-05-01 15:30:00+00:00,2025-05-01 17:00:00+00:00,-1.035451480081474,0.035451480081480476,-1,0.3970792129754883,0.3,171.93860879360273,stop,-178.0340869584855,57381.79965005745
AU200,10,2025-05-01 16:45:00+00:00,2025-05-01 18:45:00+00:00,-1.1476200932963967,0.14762009329640263,1,0.3694770575917248,0.3,172.67950121104798,stop,-198.17046529019814,57183.629184767255
AUDUSD,7,2025-05-01 17:45:00+00:00,2025-05-01 21:45:00+00:00,0.14419170187242786,0.04058264108945803,1,0.3793012997321321,0.3,172.14539895017253,time,24.821938044133432,57208.45112281139
EURGBP,20,2025-05-02 09:00:00+00:00,2025-05-02 09:15:00+00:00,1.3918925576821715,0.108107442317788,1,0.4094149570342387,0.3,171.62535336843433,target,238.88405206309653,57447.33517487449
EURJPY,2,2025-05-02 09:45:00+00:00,2025-05-02 13:45:00+00:00,1.430391316202867,0.06960868379713045,-1,0.4491242200330264,0.3,172.34200552462363,target,246.51650811940817,57693.851682993896
XAUEUR,3,2025-05-02 10:00:00+00:00,2025-05-02 14:00:00+00:00,0.450332919716382,0.0122200892787368,1,0.44301910836606684,0.3,172.34200552462363,time,77.6112785376806,57771.46296153158
GBPNZD,16,2025-05-02 10:30:00+00:00,2025-05-02 14:30:00+00:00,-0.8056255680473638,0.0651453230722097,1,0.35050698394497953,0.3,172.34200552462363,time,-138.84312609919684,57632.61983543238
NZDCAD,7,2025-05-02 10:30:00+00:00,2025-05-02 14:30:00+00:00,-0.7750326676412066,0.059179342341497854,-1,0.4622996394532562,0.3,172.34200552462363,time,-133.57068428838463,57499.049151144
GER40,8,2025-05-02 11:00:00+00:00,2025-05-02 15:00:00+00:00,-0.7420916488260252,0.013742437941222829,-1,0.5142736359971131,0.3,172.34200552462363,time,-127.89356304175189,57371.15558810224
EURNZD,15,2025-05-02 11:15:00+00:00,2025-05-02 15:15:00+00:00,0.9660777880027777,0.061669500750970156,-1,0.41613961216221745,0.3,172.34200552462363,time,166.49578347719088,57537.651371579435
NZDCHF,12,2025-05-02 13:00:00+00:00,2025-05-02 15:45:00+00:00,1.4639002892051602,0.03609971079483474,1,0.3813968009288873,0.3,172.34200552462363,target,252.29151172969387,57789.94288330913
AUDCHF,12,2025-05-02 13:00:00+00:00,2025-05-02 15:45:00+00:00,1.475783725683944,0.024216274316055775,1,0.4138622050355402,0.3,172.34200552462363,target,254.3395270049719,58044.2824103141
USDJPY,2,2025-05-02 14:45:00+00:00,2025-05-02 16:15:00+00:00,-1.0341614417679839,0.034161441767961064,1,0.471441356628958,0.3,172.49714745343215,stop,-178.3898987113059,57865.8925116028
EURUSD,6,2025-05-02 15:45:00+00:00,2025-05-02 16:45:00+00:00,1.4693427179511582,0.030657282048859133,1,0.42804710156221754,0.3,174.13284723094247,target,255.86083103488684,58121.75334263768
GBPUSD,6,2025-05-02 15:45:00+00:00,2025-05-02 19:45:00+00:00,-0.18317046188391314,0.034833096172431875,1,0.4009317869917388,0.3,174.13284723094247,time,-31.89599405645262,58089.85734858123
CHFSGD,19,2025-05-05 09:15:00+00:00,2025-05-05 09:30:00+00:00,-1.0634700489087858,0.06347004890878846,1,0.4877761453100203,0.3,174.26957204574384,stop,-185.33047030680038,57904.52687827443
NZDUSD,7,2025-05-05 12:00:00+00:00,2025-05-05 14:00:00+00:00,-1.0438005460484046,0.043800546048406316,-1,0.5054716965027762,0.3,173.71358063482344,stop,-181.32233032265228,57723.20454795178
USDJPY,2,2025-05-05 12:00:00+00:00,2025-05-05 15:45:00+00:00,-1.0314464526468496,0.031446452646829506,1,0.4832749861787329,0.3,173.71358063482344,stop,-179.17625652237112,57544.02829142941
JP225,11,2025-05-05 17:15:00+00:00,2025-05-05 19:00:00+00:00,-1.1149774163419306,0.11497741634192901,-1,0.43090637642444035,0.3,172.63208487428838,stop,-192.48087597085492,57351.54741545855
US2000,9,2025-05-05 16:45:00+00:00,2025-05-05 20:45:00+00:00,1.027209671334677,0.09470727466206284,1,0.4863171594703901,0.3,172.63208487428838,time,177.32934716553783,57528.87676262409
XAUEUR,3,2025-05-05 17:15:00+00:00,2025-05-05 21:15:00+00:00,-1.0131544766529048,0.013154476652903016,-1,0.41314426112582986,0.3,172.63208487428838,stop,-174.90296960430948,57353.97379301978
CHFSGD,19,2025-05-05 17:15:00+00:00,2025-05-05 21:15:00+00:00,-0.07415642846677765,0.05588471643582228,1,0.4374083494362367,0.3,172.63208487428838,time,-12.801778853050855,57341.17201416673
EURJPY,2,2025-05-06 09:45:00+00:00,2025-05-06 10:30:00+00:00,1.4085047342648245,0.09149526573515246,-1,0.5070058299715475,0.3,172.02351604250038,target,242.29593675074275,57583.467950917475
EURGBP,20,2025-05-06 11:15:00+00:00,2025-05-06 12:45:00+00:00,-1.0949641529644405,0.09496415296445496,1,0.4176935679355145,0.3,172.7504038527526,stop,-189.1554996288943,57394.31245128858
USDCAD,17,2025-05-06 09:30:00+00:00,2025-05-06 13:30:00+00:00,0.266037931566672,0.10121685674171883,-1,0.48827392104017325,0.3,172.02351604250038,time,45.76478038877302,57440.07723167735
CADJPY,2,2025-05-06 14:45:00+00:00,2025-05-06 18:45:00+00:00,0.7835478167527155,0.07240748830511252,1,0.4045925928049057,0.3,172.32023169503225,time,135.0211413269646,57575.098373004315
CHFSGD,19,2025-05-06 15:15:00+00:00,2025-05-06 19:15:00+00:00,0.18574610961097687,0.05725131469248553,1,0.42120285312346856,0.3,172.32023169503225,time,32.00781264461439,57607.10618564893
EURJPY,2,2025-05-06 15:15:00+00:00,2025-05-06 19:15:00+00:00,0.42603761415661046,0.09787543555112273,1,0.4474453465905423,0.3,172.32023169503225,time,73.41490038226587,57680.5210860312
EURUSD,6,2025-05-06 17:30:00+00:00,2025-05-06 21:30:00+00:00,-0.7234662803137507,0.03098800882271778,-1,0.39183236843050523,0.3,172.32023169503225,time,-124.66787704720868,57555.853208983994
US2000,9,2025-05-07 16:45:00+00:00,2025-05-07 17:15:00+00:00,-1.1263262767956135,0.12632627679561334,1,0.3063015860306846,0.3,172.66755962695214,stop,-194.48000955800958,57361.37319942599
USDCHF,18,2025-05-07 17:15:00+00:00,2025-05-07 17:45:00+00:00,-1.0383743112312354,0.03837431123124122,1,0.38809286689222605,0.3,172.0841195982781,stop,-178.68772916169556,57182.68547026429
EURAUD,15,2025-05-07 16:30:00+00:00,2025-05-07 20:30:00+00:00,-0.14508067596140067,0.10901815772510262,-1,0.33042107125484427,0.3,172.66755962695214,time,-25.05072626728367,57157.634743997005
XAUSGD,3,2025-05-07 17:00:00+00:00,2025-05-07 21:00:00+00:00,-0.16661829488055319,0.00632727702078021,-1,0.429690024841124,0.3,172.66755962695214,time,-28.769574366229012,57128.86516963078
AUDCHF,12,2025-05-07 18:00:00+00:00,2025-05-07 21:00:00+00:00,-1.0336280602069023,0.03362806020689147,1,0.3934692790901699,0.3,171.54805641079304,stop,-177.31688478015226,56951.54828485063
CHFSGD,19,2025-05-07 18:00:00+00:00,2025-05-07 22:00:00+00:00,-0.025000237099951052,0.05224441849725914,-1,0.2815119769491657,0.3,171.54805641079304,time,-4.288742084305604,56947.259542766325
XAGUSD,3,2025-05-08 07:00:00+00:00,2025-05-08 08:45:00+00:00,1.4385492415937582,0.061450758406258216,-1,0.4174405240100422,0.3,170.84177862829915,target,245.76431107826846,57193.02385384459
XAGSGD,3,2025-05-08 07:00:00+00:00,2025-05-08 09:15:00+00:00,1.4895807966483465,0.010419203351643836,-1,0.3877945219325367,0.3,170.84177862829915,target,254.4826327099623,57447.50648655456
GBPJPY,2,2025-05-08 08:15:00+00:00,2025-05-08 11:15:00+00:00,-1.0733476944010625,0.07334769440103672,-1,0.4713258952893473,0.3,170.84177862829915,stop,-183.37262919806162,57264.13385735649
XAGEUR,3,2025-05-08 09:45:00+00:00,2025-05-08 13:45:00+00:00,0.1814132617074129,0.00725653046829623,1,0.4911534568021321,0.3,172.34251945966386,time,31.2652185860509,57295.39907594254
EURCAD,4,2025-05-08 14:30:00+00:00,2025-05-08 15:30:00+00:00,-1.0543162817337095,0.05431628173370663,-1,0.3493607135592291,0.3,171.8861972278278,stop,-181.22241634259046,57114.17665959995
GBPCAD,5,2025-05-08 14:15:00+00:00,2025-05-08 18:15:00+00:00,-0.08161477805637149,0.018382637212367926,1,0.586878343463188,0.3,171.8861972278278,time,-14.028453837702862,57100.14820576225
GBPUSD,6,2025-05-08 14:15:00+00:00,2025-05-08 18:15:00+00:00,-0.2566663944952342,0.014330950122510355,1,0.4842607321530053,0.3,171.8861972278278,time,-44.117410505963285,57056.03079525629
GBPCHF,14,2025-05-08 14:15:00+00:00,2025-05-08 18:15:00+00:00,-0.03902134167427301,0.0183916656345602,1,0.5493262189066311,0.3,171.8861972278278,time,-6.707230031118547,57049.32356522517
EURGBP,20,2025-05-08 14:15:00+00:00,2025-05-08 18:15:00+00:00,0.032113388854802284,0.025933538796263766,-1,0.4550697202416158,0.3,171.8861972278278,time,5.519848290350473,57054.84341351552
USDCAD,17,2025-05-08 15:00:00+00:00,2025-05-08 18:45:00+00:00,-1.0667767030228579,0.06677670302281993,-1,0.38512552046662685,0.3,171.8861972278278,stop,-183.36419077383883,56871.47922274168
EURJPY,2,2025-05-08 15:30:00+00:00,2025-05-08 19:30:00+00:00,-0.19888550450075437,0.10085233553843763,-1,0.4465214539282532,0.3,171.3425299788,time,-34.07754551726927,56837.40167722441
EURGBP,20,2025-05-09 07:30:00+00:00,2025-05-09 09:00:00+00:00,-1.140083189054905,0.14008318905488534,-1,0.3606688680320002,0.3,170.5122050316734,stop,-194.39809848529404,56643.00357873911
CADJPY,2,2025-05-09 06:15:00+00:00,2025-05-09 09:45:00+00:00,-1.0803937309682081,0.08039373096822769,1,0.4086388638406018,0.3,170.5122050316734,stop,-184.2203173697857,56458.783261369324
AU200,10,2025-05-09 08:00:00+00:00,2025-05-09 12:00:00+00:00,-0.10927383961795877,0.09277967514733622,-1,0.40007513472883666,0.3,170.5122050316734,time,-18.63252334553558,56440.15073802379
XAUAUD,3,2025-05-09 10:15:00+00:00,2025-05-09 14:15:00+00:00,-0.3975408399092837,0.00867547404166647,-1,0.4061653147370905,0.3,169.37634978410813,time,-67.33401635394297,56372.81672166985
EURNZD,15,2025-05-09 11:45:00+00:00,2025-05-09 15:45:00+00:00,0.1010310961779059,0.10017359835252448,-1,0.36551788544500696,0.3,169.37634978410813,time,17.11227828530086,56389.92899995515
NAS100,9,2025-05-09 16:45:00+00:00,2025-05-09 17:30:00+00:00,1.4820687032220796,0.01793129677792682,-1,0.42087804222408964,0.3,169.1697869998656,target,250.72124684324623,56640.650246798396
AUDUSD,7,2025-05-12 07:15:00+00:00,2025-05-12 10:00:00+00:00,-1.040330937361195,0.04033093736122083,-1,0.38164947447624314,0.3,169.92195074039537,stop,-176.77506229199832,56463.875184506396
SP500,9,2025-05-12 07:45:00+00:00,2025-05-12 10:00:00+00:00,-1.043319492395435,0.04331949239543055,-1,0.5949977699139946,0.3,169.92195074039537,stop,-177.2828833933114,56286.59230111309
US2000,9,2025-05-12 10:00:00+00:00,2025-05-12 10:00:00+00:00,-1.0652852902503613,0.06528529025039037,-1,0.5490578950926439,0.3,168.85977690333945,stop,-179.88383645008523,56106.708464663
XAGSGD,3,2025-05-12 10:15:00+00:00,2025-05-12 10:15:00+00:00,1.4653313222881814,0.034668677711821944,-1,0.4991583260195685,0.3,168.32012539398917,target,246.64475191128665,56353.35321657429
NZDCAD,7,2025-05-12 10:15:00+00:00,2025-05-12 13:45:00+00:00,1.4388106729988532,0.06118932700112689,-1,0.5631463505537221,0.3,169.06005964972303,target,243.24541820184427,56596.59863477613
NAS100,9,2025-05-12 13:45:00+00:00,2025-05-12 16:30:00+00:00,1.4899827002020252,0.010017299797965114,-1,0.5274905998605103,0.3,169.78979590432857,target,252.98385856828224,56849.58249334441
SP500,9,2025-05-12 13:45:00+00:00,2025-05-12 17:30:00+00:00,1.4852137978212594,0.01478620217875678,-1,0.5411941423223955,0.3,169.78979590432857,target,252.17414760636436,57101.75664095077
JP225,11,2025-05-12 18:00:00+00:00,2025-05-12 22:00:00+00:00,-0.6192788342072671,0.04737652283552864,-1,0.5250324286288895,0.3,171.3052699228525,time,-106.08572785138531,56995.670913099384
CHFSGD,19,2025-05-13 09:00:00+00:00,2025-05-13 10:00:00+00:00,-1.119940787777801,0.1199407877777977,-1,0.44096812425432724,0.3,170.98701273929834,stop,-191.49532974702265,56804.175583352364
AUDUSD,7,2025-05-13 10:00:00+00:00,2025-05-13 14:00:00+00:00,0.07851318277828995,0.0391572579254284,-1,0.5227218018576448,0.3,170.41252675005725,time,13.37962986043747,56817.5552132128
AU200,10,2025-05-13 10:15:00+00:00,2025-05-13 14:15:00+00:00,0.26082611595188077,0.09389740174267708,1,0.5305474272538008,0.3,170.41252675005725,time,44.44803746176341,56862.00325067456
NZDCAD,7,2025-05-13 13:00:00+00:00,2025-05-13 15:15:00+00:00,-1.1298970102083845,0.12989701020839067,-1,0.5644813892469267,0.3,170.41252675005725,stop,-192.54860447694602,56669.45464619761
NZDCNH,7,2025-05-13 15:30:00+00:00,2025-05-13 15:30:00+00:00,-1.0613743981452815,0.061374398145304744,-1,0.430641215542165,0.3,170.008363938593,stop,-180.4425249549881,56489.012121242624
AUDCAD,7,2025-05-13 15:30:00+00:00,2025-05-13 15:30:00+00:00,-1.1456281393592551,0.14562813935926233,-1,0.4688462520139199,0.3,169.46703636372803,stop,-194.14620555210496,56294.86591569052
NZDUSD,7,2025-05-13 15:30:00+00:00,2025-05-13 15:30:00+00:00,-1.0945695531513566,0.09456955315138074,-1,0.421597422051369,0.3,168.88459774707172,stop,-184.8559386901589,56110.00997700036
SP500,9,2025-05-13 15:45:00+00:00,2025-05-13 16:45:00+00:00,-1.083496756035439,0.08349675603543885,-1,0.36352528834151876,0.3,168.33002993100123,stop,-182.38504137358817,55927.62493562677
EURAUD,15,2025-05-13 15:45:00+00:00,2025-05-13 17:45:00+00:00,-1.1259405250849062,0.12594052508491513,1,0.46247088258920854,0.3,168.33002993100123,stop,-189.5296022880695,55738.0953333387
GBPAUD,16,2025-05-13 17:30:00+00:00,2025-05-13 17:45:00+00:00,-1.0730521070942896,0.07305210709430768,1,0.4121792443076746,0.3,167.7828748068805,stop,-180.0397673458605,55558.05556599284
XAGSGD,3,2025-05-13 15:45:00+00:00,2025-05-13 19:45:00+00:00,0.9393172840166492,0.029353665125519866,1,0.49225948126660996,0.3,168.33002993100123,time,158.11530653322933,55716.170872526076
EURNZD,15,2025-05-13 15:45:00+00:00,2025-05-13 19:45:00+00:00,-0.47320140015635664,0.10102525786324942,1,0.4645157028605598,0.3,168.33002993100123,time,-79.6540058517112,55636.51686667436
XAGUSD,3,2025-05-13 15:45:00+00:00,2025-05-13 19:45:00+00:00,1.0068098258006652,0.12278168607325374,1,0.43856300294278744,0.3,168.33002993100123,time,169.47632811185213,55805.99319478621
GER40,8,2025-05-13 17:30:00+00:00,2025-05-13 21:30:00+00:00,-0.17986290225674353,0.024134958130298978,-1,0.447648192767612,0.3,167.7828748068805,time,-30.177914811745385,55775.81527997447
FR40,8,2025-05-14 09:00:00+00:00,2025-05-14 09:00:00+00:00,-1.190695135518014,0.19069513551801381,-1,0.5413776184312651,0.3,167.32744583992357,stop,-199.23597580025094,55576.57930417422
EURCHF,13,2025-05-14 07:15:00+00:00,2025-05-14 09:30:00+00:00,-1.1281159672438712,0.12811596724390445,-1,0.458179611433087,0.3,167.32744583992357,stop,-188.76476341015186,55387.81454076407
EURUSD,6,2025-05-14 07:15:00+00:00,2025-05-14 10:30:00+00:00,-1.0556092808814195,0.05560928088140331,-1,0.4361602382585377,0.3,167.32744583992357,stop,-176.6324047748064,55211.182135989264
XAUSGD,3,2025-05-14 07:30:00+00:00,2025-05-14 11:30:00+00:00,-0.11641330429193325,0.011854096259495952,1,0.5325483630999402,0.3,167.32744583992357,time,-19.479140868955003,55191.70299512031
CHFSGD,19,2025-05-14 11:15:00+00:00,2025-05-14 12:30:00+00:00,-1.0918657843363724,0.09186578433637235,-1,0.4670831297387162,0.3,165.63354640796794,stop,-180.84960206115085,55010.85339305916
NZDCHF,12,2025-05-14 11:45:00+00:00,2025-05-14 15:45:00+00:00,0.483554039014441,0.05597994399679286,-1,0.42587411944436027,0.3,165.57510898536108,time,80.06451271012762,55090.91790576929
GBPNZD,16,2025-05-14 11:45:00+00:00,2025-05-14 15:45:00+00:00,0.5700867218949186,0.07431446325016955,1,0.46160458771409335,0.3,165.57510898536108,time,94.39217110885838,55185.310076878144
US2000,9,2025-05-14 12:15:00+00:00,2025-05-14 16:15:00+00:00,-0.1280544055810167,0.057887608002370194,1,0.3954721668618049,0.3,165.57510898536108,time,-21.202622160132467,55164.10745471801
EURGBP,20,2025-05-14 12:30:00+00:00,2025-05-14 16:30:00+00:00,-0.18517624870651186,0.07892096223410068,-1,0.4825301485661247,0.3,165.03256017917764,time,-30.560110408411784,55133.5473443096
NAS100,9,2025-05-14 16:45:00+00:00,2025-05-14 19:30:00+00:00,-1.0311772112460467,0.03117721124602984,-1,0.41978131211506814,0.3,165.40064203292894,stop,-170.5573727898213,54962.989971519775
GER40,8,2025-05-14 17:00:00+00:00,2025-05-14 20:15:00+00:00,-1.0320260716839444,0.03202607168396358,1,0.5083293323791417,0.3,165.40064203292894,stop,-170.69777485124595,54792.29219666853
NZDCHF,12,2025-05-14 17:45:00+00:00,2025-05-14 21:45:00+00:00,-0.26899733978463797,0.10027130902004869,1,0.3949122949502096,0.3,165.40064203292894,time,-44.49233270552906,54747.799863963
GBPCHF,14,2025-05-15 09:00:00+00:00,2025-05-15 10:00:00+00:00,-1.0914822100674266,0.09148221006740592,1,0.44896678683842817,0.3,164.2433995918892,stop,-179.2687487755427,54568.53111518746
XAGSGD,3,2025-05-15 06:30:00+00:00,2025-05-15 10:30:00+00:00,-0.9816778794321469,0.011875135638292223,1,0.48193582271332586,0.3,164.2433995918892,time,-161.2341122220925,54407.29700296537
GBPCHF,14,2025-05-15 15:45:00+00:00,2025-05-15 16:45:00+00:00,-1.059190525080424,0.05919052508041528,1,0.3683598217423884,0.3,163.22189100889628,stop,-172.8830804423326,54234.41392252304
CNHJPY,2,2025-05-15 15:45:00+00:00,2025-05-15 17:00:00+00:00,-1.0722145023002934,0.07221450230031845,1,0.28857813774702584,0.3,163.22189100889628,stop,-175.00887863261644,54059.40504389042
XAUGBP,3,2025-05-15 16:30:00+00:00,2025-05-15 17:15:00+00:00,-1.0097761272736905,0.009776127273674426,-1,0.48433549891140215,0.3,163.22189100889628,stop,-164.8175689892517,53894.58747490117
NZDUSD,7,2025-05-15 14:30:00+00:00,2025-05-15 17:30:00+00:00,-1.0525110783457041,0.05251107834573249,1,0.33904368631624654,0.3,163.22189100889628,stop,-171.79284851539842,53722.794626385774
USDJPY,2,2025-05-15 16:00:00+00:00,2025-05-15 20:00:00+00:00,0.26957907988645385,0.032171939286689384,-1,0.3668615861313662,0.3,163.22189100889628,time,44.001207195505316,53766.79583358128
AU200,10,2025-05-16 07:15:00+00:00,2025-05-16 11:15:00+00:00,0.5799370700939805,0.10480790423386109,1,0.595253444515875,0.3,161.300387500744,time,93.5440741322052,53860.33990771348
GBPAUD,16,2025-05-16 11:15:00+00:00,2025-05-16 15:15:00+00:00,-0.19208468215952923,0.049546097841047985,1,0.47500891111051646,0.3,161.58101972314063,time,-31.037238816532092,53829.30266889695
CNHJPY,2,2025-05-16 11:45:00+00:00,2025-05-16 15:45:00+00:00,-0.5795796463520358,0.06513555568952185,-1,0.432719185070157,0.3,161.58101972314063,time,-93.64907026833917,53735.65359862861
JP225,11,2025-05-16 17:30:00+00:00,2025-05-16 20:00:00+00:00,-0.6773977681473079,0.08946762975530481,-1,0.3638674575349301,0.3,161.206960795886,weekend,-109.20123545294375,53626.45236317567
EURGBP,20,2025-05-19 09:45:00+00:00,2025-05-19 11:30:00+00:00,-1.1621542757470291,0.16215427574699262,-1,0.4244467779035926,0.3,160.87935708952716,stop,-186.9666327210271,53439.48573045464
AUDCAD,7,2025-05-19 10:45:00+00:00,2025-05-19 12:00:00+00:00,-1.1234484245692928,0.12344842456928978,-1,0.4762908311488469,0.3,160.87935708952716,stop,-180.73966026794997,53258.74607018669
NZDUSD,7,2025-05-19 17:30:00+00:00,2025-05-19 18:15:00+00:00,-1.083439702979744,0.0834397029797329,-1,0.37915921074156195,0.3,159.77623821056022,stop,-173.1079200700702,53085.63815011662
AUDUSD,7,2025-05-19 17:30:00+00:00,2025-05-19 18:30:00+00:00,-1.0550597753361652,0.05505977533619658,-1,0.49688324356591834,0.3,159.77623821056022,stop,-168.5734819904913,52917.06466812613
NZDJPY,1,2025-05-19 17:00:00+00:00,2025-05-19 18:30:00+00:00,-1.1662715641894312,0.16627156418941633,-1,0.48812623183843823,0.3,159.77623821056022,stop,-186.34248325813323,52730.72218486799
NZDCHF,12,2025-05-19 17:15:00+00:00,2025-05-19 18:45:00+00:00,-1.1399606492472847,0.1399606492472977,-1,0.4141379285034721,0.3,159.77623821056022,stop,-182.13862424479905,52548.58356062319
CADJPY,2,2025-05-19 16:15:00+00:00,2025-05-19 20:15:00+00:00,-0.07300806501061578,0.12080134916627762,-1,0.3883216139823411,0.3,159.77623821056022,time,-11.664953986428214,52536.91860663676
XAUEUR,3,2025-05-19 16:45:00+00:00,2025-05-19 20:45:00+00:00,0.01049624460095243,0.00839699568076296,1,0.41913137859272664,0.3,159.77623821056022,time,1.6770504776780821,52538.59565711444
GBPJPY,2,2025-05-20 08:15:00+00:00,2025-05-20 08:45:00+00:00,-1.0577535623193999,0.057753562319419284,1,0.44880834663191477,0.3,157.61578697134348,stop,-166.71866014671423,52371.87699696773
EURJPY,2,2025-05-20 08:15:00+00:00,2025-05-20 08:45:00+00:00,-1.106027767785805,0.1060277677857846,1,0.5042777658209748,0.3,157.61578697134348,stop,-174.327437031718,52197.549559936015
XAUUSD,3,2025-05-20 06:15:00+00:00,2025-05-20 10:15:00+00:00,0.3335522420260087,0.008644982514712967,1,0.40829907961238304,0.3,157.61578697134348,time,52.57309912298539,52250.122659059
DJ30,9,2025-05-20 17:00:00+00:00,2025-05-20 21:00:00+00:00,-0.2798175066524585,0.022619978082680816,1,0.4375154324088544,0.3,156.75036797717718,time,-43.8614971342291,52206.26116192477
JP225,11,2025-05-21 06:45:00+00:00,2025-05-21 08:45:00+00:00,-1.0983728326606794,0.09837283266070297,1,0.46442101602717506,0.3,156.6187834857745,stop,-172.02581686513977,52034.23534505963
GBPJPY,2,2025-05-21 06:45:00+00:00,2025-05-21 10:45:00+00:00,-0.3787161008579776,0.04980383935709244,1,0.3829164617542169,0.3,156.6187834857745,time,-59.31405500285232,51974.92129005677
EURNZD,15,2025-05-21 09:30:00+00:00,2025-05-21 11:15:00+00:00,-1.1228652002907185,0.12286520029074617,-1,0.406351719147419,0.3,156.10270603517904,stop,-175.28229627811444,51799.63899377866
FR40,8,2025-05-21 11:30:00+00:00,2025-05-21 12:00:00+00:00,-1.2118665966977218,0.2118665966977319,1,0.46111999235279777,0.3,155.39891698133616,stop,-188.32275665268367,51611.316237125975
EURAUD,15,2025-05-21 09:30:00+00:00,2025-05-21 13:00:00+00:00,-1.0589834945894012,0.05898349458937699,-1,0.47004446167727565,0.3,156.10270603517904,stop,-165.3101891519959,51446.00604797398
NZDCNH,7,2025-05-21 12:00:00+00:00,2025-05-21 16:00:00+00:00,0.47344422431613054,0.047142168221488485,1,0.437411660703426,0.3,154.8339487113781,time,73.30523874546195,51519.311286719436
EURGBP,20,2025-05-21 13:30:00+00:00,2025-05-21 16:15:00+00:00,1.4246231005033776,0.07537689949658051,-1,0.5382497184930011,0.3,154.33801814392208,target,219.87350593374083,51739.18479265318
NZDJPY,1,2025-05-21 13:30:00+00:00,2025-05-21 17:30:00+00:00,0.9604913552395459,0.11849952361612884,1,0.32787364158986204,0.3,154.33801814392208,time,148.24033221204135,51887.42512486522
XAGSGD,3,2025-05-21 15:45:00+00:00,2025-05-21 18:00:00+00:00,1.4672108555474326,0.03278914445257755,1,0.3416566104926722,0.3,154.33801814392208,target,226.4464156444391,52113.87154050966
NZDCHF,12,2025-05-21 17:15:00+00:00,2025-05-21 18:15:00+00:00,-1.126821165239157,0.12682116523916792,-1,0.4360775053650611,0.3,155.2175543779597,stop,-174.90242548974476,51938.969115019914
DJ30,9,2025-05-21 16:30:00+00:00,2025-05-21 20:15:00+00:00,-1.0280091861374008,0.028009186137375117,1,0.41641572781345854,0.3,155.2175543779597,stop,-159.56507175032408,51779.40404326959
EURNZD,15,2025-05-22 09:30:00+00:00,2025-05-22 10:30:00+00:00,1.4197040506787004,0.08029594932132453,-1,0.3879068030245311,0.3,155.33821212980894,target,220.534288985877,51999.93833225547
XAUGBP,3,2025-05-22 11:45:00+00:00,2025-05-22 13:30:00+00:00,-1.0193716937629205,0.019371693762939103,1,0.47433523470026057,0.3,155.9998149967666,stop,-159.0217956399562,51840.916536615514
XAUAUD,3,2025-05-22 13:45:00+00:00,2025-05-22 14:00:00+00:00,-1.0168718281572715,0.01687182815728678,1,0.37949559602408584,0.3,155.5227496098467,stop,-158.1467027158104,51682.76983389971
SP500,9,2025-05-22 10:15:00+00:00,2025-05-22 14:15:00+00:00,0.6741355659478322,0.035070636378787476,-1,0.4806058057778942,0.3,155.33821212980894,time,104.71901354745316,51787.48884744716
NAS100,9,2025-05-22 10:15:00+00:00,2025-05-22 14:15:00+00:00,0.23188776875843659,0.022623196952038946,-1,0.42286013423105545,0.3,155.33821212980894,time,36.021031413706105,51823.50987886087
NAS100,9,2025-05-22 14:15:00+00:00,2025-05-22 14:45:00+00:00,1.4830520112807906,0.016947988719220337,-1,0.3083488267037001,0.3,155.47052963658277,target,230.57088167242384,52054.08076053329
NAS100,9,2025-05-22 16:15:00+00:00,2025-05-22 17:00:00+00:00,-1.0242175302492316,0.02421753024922654,-1,0.4272749223369081,0.3,156.16224228160002,stop,-159.9441061078425,51894.13665442545
GER40,8,2025-05-22 13:15:00+00:00,2025-05-22 17:15:00+00:00,0.4072975457991803,0.019367174367971335,1,0.39004489769088657,0.3,155.9998149967666,time,63.53834179330919,51957.67499621876
XAUUSD,3,2025-05-22 14:15:00+00:00,2025-05-22 18:15:00+00:00,0.06271629704986537,0.007236495813443852,1,0.4873513565699366,0.3,155.47052963658277,time,9.750535919187822,51967.425532137946
XAUGBP,3,2025-05-22 14:15:00+00:00,2025-05-22 18:15:00+00:00,-0.19230075920262416,0.010033083088831295,1,0.4961167517979444,0.3,155.47052963658277,time,-29.897100882748944,51937.528431255196
DJ30,9,2025-05-22 17:15:00+00:00,2025-05-22 19:15:00+00:00,-1.0226974797359036,0.022697479735901256,-1,0.3493348673944842,0.3,155.87302498865645,stop,-159.41094981471048,51778.11748144049
GBPUSD,6,2025-05-22 16:00:00+00:00,2025-05-22 20:00:00+00:00,-0.11672633190933085,0.041148476658242464,1,0.4228613736679443,0.3,156.16224228160002,time,-18.22824572426738,51759.88923571622
SP500,9,2025-05-22 17:15:00+00:00,2025-05-22 21:15:00+00:00,-0.7121589802053269,0.04476641048959761,-1,0.40608056522850594,0.3,155.87302498865645,time,-111.00637451744102,51648.88286119878
EURJPY,2,2025-05-23 07:15:00+00:00,2025-05-23 11:15:00+00:00,1.1539921665855102,0.10109431653260227,1,0.38712627128766314,0.3,154.9466485835965,time,178.8072187041482,51827.690079902924
CHFJPY,2,2025-05-23 09:30:00+00:00,2025-05-23 12:30:00+00:00,-1.135175683537226,0.13517568353720125,1,0.43674039247029645,0.3,154.9466485835965,stop,-175.89166771768652,51651.798412185235
EURJPY,2,2025-05-23 12:45:00+00:00,2025-05-23 14:30:00+00:00,-1.1147356538152495,0.11473565381519316,1,0.4353539055218707,0.3,154.95539523655586,stop,-172.7343038212225,51479.064108364015
GBPAUD,16,2025-05-23 13:15:00+00:00,2025-05-23 14:45:00+00:00,1.4332282726886345,0.06677172731130904,1,0.3589168831672109,0.3,154.95539523655586,target,222.08645345867362,51701.15056182269
GBPCAD,5,2025-05-23 14:30:00+00:00,2025-05-23 15:30:00+00:00,-1.1113471409142013,0.1113471409142438,-1,0.3125304388225883,0.3,154.4371923250922,stop,-171.63333214130785,51529.517229681376
XAGUSD,3,2025-05-23 15:15:00+00:00,2025-05-23 18:30:00+00:00,1.3709653562536195,0.12903464374636983,1,0.3347115422204699,0.3,155.10345168546823,target,212.641458896134,51742.15868857751
AUDCHF,12,2025-05-23 15:15:00+00:00,2025-05-23 19:15:00+00:00,1.0766039501726292,0.025522405357244583,1,0.4102190918140863,0.3,155.10345168546823,time,166.98498876998465,51909.14367734749
XAUEUR,3,2025-05-26 10:15:00+00:00,2025-05-26 14:15:00+00:00,0.1392702248074501,0.01216924294434159,1,0.5129494373829643,0.3,155.72743103204263,time,21.68819432851926,51930.83187167601
NZDCHF,12,2025-05-26 12:00:00+00:00,2025-05-26 16:00:00+00:00,-0.419419893401883,0.0857012168208947,-1,0.4449121129766073,0.3,155.72743103204263,time,-65.3151825232084,51865.516689152806
CHFSGD,19,2025-05-26 17:15:00+00:00,2025-05-26 21:15:00+00:00,-0.22143272349253781,0.07605238892099103,-1,0.3791279564222037,0.3,155.5965500674586,time,-34.45416784748038,51831.06252130533
EURCHF,13,2025-05-26 17:15:00+00:00,2025-05-26 21:15:00+00:00,-0.1264869576193588,0.1264869576193588,1,0.38806684571267946,0.3,155.5965500674586,time,-19.680934234101073,51811.38158707123
XAUAUD,3,2025-05-27 06:45:00+00:00,2025-05-27 08:30:00+00:00,1.4805048840272652,0.01949511597274388,-1,0.4743316039426985,0.3,155.43414476121384,target,230.12101046357805,52041.5025975348
EURCHF,13,2025-05-27 11:45:00+00:00,2025-05-27 12:45:00+00:00,-1.1025348123038814,0.10253481230384692,-1,0.42078830380995713,0.3,156.1245077926046,stop,-172.13270489515517,51869.36989263965
XAUAUD,3,2025-05-27 10:00:00+00:00,2025-05-27 14:00:00+00:00,-0.2729321605286644,0.015162897807146539,1,0.5381385024718766,0.3,156.1245077926046,time,-42.611399223309874,51826.75849341634
FR40,8,2025-05-27 11:00:00+00:00,2025-05-27 15:00:00+00:00,0.20057252982596707,0.1179245527117581,-1,0.4153481664518572,0.3,156.1245077926046,time,31.314287495796613,51858.07278091214
AUDUSD,7,2025-05-27 13:30:00+00:00,2025-05-27 17:30:00+00:00,-0.43113965066817705,0.036005245671765745,1,0.4195680376495656,0.3,155.60810967791912,time,-67.08882604767344,51790.98395486447
GBPNZD,16,2025-05-27 15:30:00+00:00,2025-05-27 19:30:00+00:00,1.0136858066460357,0.09822721422254235,-1,0.44980834096972183,0.3,155.57421834273657,time,157.7033770140834,51948.68733187855
CHFJPY,2,2025-05-27 16:30:00+00:00,2025-05-27 20:30:00+00:00,-0.026694078915850173,0.07884889133346312,-1,0.4774701928510084,0.3,155.57421834273657,time,-4.1529104617127155,51944.534421416836
NZDUSD,7,2025-05-27 17:15:00+00:00,2025-05-27 21:15:00+00:00,-0.4752803830243937,0.06515783528259277,1,0.49212364868823194,0.3,155.57421834273657,time,-73.9413740826565,51870.59304733418
XAUUSD,3,2025-05-27 17:15:00+00:00,2025-05-27 21:15:00+00:00,0.17436867864339786,0.006860407028593561,1,0.4958292124448423,0.3,155.57421834273657,time,27.127270883402446,51897.72031821758
XAUSGD,3,2025-05-27 17:15:00+00:00,2025-05-27 21:15:00+00:00,0.4058309189423736,0.007674739441317606,1,0.49567222714101195,0.3,155.57421834273657,time,63.13682799377426,51960.857146211354
FR40,8,2025-05-28 08:15:00+00:00,2025-05-28 08:45:00+00:00,-2.590168583591924,1.5901685835918915,1,0.5287072264711605,0.3,155.88257143863422,stop,-403.76213926987407,51557.09500694148
US2000,9,2025-05-28 09:15:00+00:00,2025-05-28 12:00:00+00:00,-1.1533804125421159,0.15338041254207024,1,0.42939410794328187,0.3,154.67128502082463,stop,-178.3948305257379,51378.70017641575
NZDCNH,7,2025-05-28 11:00:00+00:00,2025-05-28 15:00:00+00:00,0.12151819314999462,0.036039333511596695,-1,0.48402817085524946,0.3,154.67128502082463,time,18.795375087918437,51397.49555150366
AU200,10,2025-05-28 12:15:00+00:00,2025-05-28 15:15:00+00:00,1.4013508734792892,0.09864912652066894,1,0.43906763994482767,0.3,154.13610052924741,target,215.9987591113524,51613.49431061502
XAGEUR,3,2025-05-28 14:30:00+00:00,2025-05-28 17:30:00+00:00,-1.094543956420154,0.09454395642014404,1,0.34727407815406175,0.3,154.13610052924741,stop,-168.70873730045705,51444.78557331456
XAGSGD,3,2025-05-28 14:30:00+00:00,2025-05-28 17:30:00+00:00,-1.0789202096322823,0.07892020963227142,1,0.387300151026118,0.3,154.13610052924741,stop,-166.30055389491815,51278.48501941965
GER40,8,2025-05-28 15:00:00+00:00,2025-05-28 17:45:00+00:00,-1.0266452777993436,0.02664527779934586,1,0.4578167950481671,0.3,154.19248665451116,stop,-158.30098829599217,51120.18403112366
US2000,9,2025-05-28 16:45:00+00:00,2025-05-28 17:45:00+00:00,1.403410637307958,0.09658936269204188,-1,0.45218239767171015,0.3,154.84048293184523,target,217.3047808324529,51337.488811956115
GBPNZD,16,2025-05-28 15:30:00+00:00,2025-05-28 19:30:00+00:00,0.3324234877725392,0.08509120427232851,1,0.3559214630786424,0.3,154.84048293184523,time,51.47261338458832,51388.961425340705
FR40,8,2025-05-29 08:30:00+00:00,2025-05-29 08:45:00+00:00,1.1406594918239426,0.35934050817605007,-1,0.480686521140737,0.3,154.16688427602227,target,175.85191987436812,51564.81334521507
SP500,9,2025-05-29 11:15:00+00:00,2025-05-29 13:00:00+00:00,1.476988238510176,0.023011761489826997,-1,0.5927956769593785,0.3,154.69444003564539,target,228.48186849556592,51793.29521371064
XAGEUR,3,2025-05-29 11:15:00+00:00,2025-05-29 15:15:00+00:00,-0.6484842726759675,0.06912776510759228,-1,0.4843532462846171,0.3,154.69444003564539,time,-100.31691143353157,51692.97830227711
AU200,10,2025-05-29 11:45:00+00:00,2025-05-29 15:45:00+00:00,-0.4075910611506871,0.09357958036623613,1,0.41321076762841247,0.3,154.69444003564539,time,-63.05207096824004,51629.92623130887
USDJPY,2,2025-05-29 15:30:00+00:00,2025-05-29 16:00:00+00:00,-1.0392237389559642,0.0392237389559553,1,0.4578521272127516,0.3,155.07893490683148,stop,-161.161710567186,51468.764520741686
NZDJPY,1,2025-05-29 15:15:00+00:00,2025-05-29 16:45:00+00:00,-1.1595532129507404,0.15955321295072455,1,0.3628773327591918,0.3,155.07893490683148,stop,-179.82227723219518,51288.94224350949
USDJPY,2,2025-05-30 12:45:00+00:00,2025-05-30 15:00:00+00:00,1.471034853685476,0.02896514631450763,-1,0.4103630063191502,0.3,153.86682673052863,target,226.34346494659167,51515.28570845608
XAUGBP,3,2025-05-30 14:30:00+00:00,2025-05-30 15:00:00+00:00,-1.0184729809838156,0.018472980983839274,1,0.3284248078398793,0.3,153.86682673052863,stop,-156.70920569476172,51358.57650276132
XAUCNH,3,2025-05-30 15:00:00+00:00,2025-05-30 15:00:00+00:00,1.499696055580215,0.00030394441979757594,1,0.3321357887358464,0.3,154.07572950828413,target,231.06676380421786,51589.643266565545
GBPCAD,5,2025-05-30 15:00:00+00:00,2025-05-30 16:15:00+00:00,-1.0993009675429954,0.0993009675429857,1,0.3785566910906297,0.3,154.7689297996968,stop,-170.13763427440063,51419.50563229114
NZDCNH,7,2025-05-30 12:30:00+00:00,2025-05-30 16:30:00+00:00,0.44422019756667996,0.050164935429502074,1,0.40127177936780134,0.3,153.86682673052863,time,68.35075216919354,51487.856384460334
XAUEUR,3,2025-05-30 15:15:00+00:00,2025-05-30 17:00:00+00:00,-1.0142822995043437,0.014282299504343782,1,0.3494270645715245,0.3,154.7689297996968,stop,-156.9793860090628,51330.87699845127
XAGEUR,3,2025-05-30 15:15:00+00:00,2025-05-30 17:30:00+00:00,-1.0628597176066354,0.06285971760663536,1,0.31301625387704907,0.3,154.7689297996968,stop,-164.49766102118693,51166.37933743008
XAUUSD,3,2025-06-02 08:00:00+00:00,2025-06-02 08:45:00+00:00,-1.0148383996674195,0.014838399667419901,-1,0.4075423994868422,0.3,153.49913801229042,stop,-155.77681957072116,51010.60251785936
USDCAD,17,2025-06-02 09:00:00+00:00,2025-06-02 09:30:00+00:00,-1.1010455020584735,0.10104550205840267,1,0.4529754282422657,0.3,153.03180755357826,stop,-168.49498337874527,50842.107534480616
GBPAUD,16,2025-06-02 09:45:00+00:00,2025-06-02 13:45:00+00:00,0.9747857366141364,0.06298219693209187,-1,0.5012511624575808,0.3,152.52632260344203,time,148.68048373204164,50990.78801821266
XAUUSD,3,2025-06-02 10:30:00+00:00,2025-06-02 14:30:00+00:00,-0.24409527347755355,0.0084170783957774,-1,0.5458907166962522,0.3,152.52632260344203,time,-37.23095442841274,50953.55706378425
EURJPY,2,2025-06-02 13:45:00+00:00,2025-06-02 14:30:00+00:00,-1.1066052914856026,0.106605291485584,1,0.3561430113704234,0.3,152.97236405463815,stop,-169.28002751392458,50784.27703627032
XAGEUR,3,2025-06-02 14:45:00+00:00,2025-06-02 15:30:00+00:00,-1.0725804286572456,0.07258042865724547,-1,0.39208552750678666,0.3,152.35283110881113,stop,-163.41066489783358,50620.86637137249
EURNZD,15,2025-06-02 16:30:00+00:00,2025-06-02 17:45:00+00:00,1.3904928258163316,0.10950717418365806,-1,0.3858081133646172,0.3,151.86259911411764,target,211.16385457800217,50832.03022595049
JP225,11,2025-06-02 17:15:00+00:00,2025-06-02 18:45:00+00:00,1.4481007106179113,0.051899289382076705,1,0.39508756532828043,0.3,151.86259911411764,target,219.91233769343674,51051.94256364393
GER40,8,2025-06-02 17:15:00+00:00,2025-06-02 21:00:00+00:00,1.4872157801474364,0.012784219852564555,1,0.5346668385333909,0.3,151.86259911411764,target,225.85245381671984,51277.795017460645
AUDCHF,12,2025-06-02 17:15:00+00:00,2025-06-02 21:15:00+00:00,0.5483914431049813,0.03767727240788724,1,0.4306131000620335,0.3,151.86259911411764,time,83.28014988186423,51361.07516734251
EURAUD,15,2025-06-02 17:15:00+00:00,2025-06-02 21:15:00+00:00,0.33195093119685076,0.11592980277007056,-1,0.30181281708700897,0.3,151.86259911411764,time,50.4109311899054,51411.48609853242
US2000,9,2025-06-02 17:15:00+00:00,2025-06-02 21:15:00+00:00,1.0303365964185371,0.06854849413224608,1,0.41271582810556434,0.3,151.86259911411764,time,156.46959349451274,51567.95569202693
GBPJPY,2,2025-06-02 17:15:00+00:00,2025-06-02 21:15:00+00:00,0.07546785985862157,0.05477704938093551,1,0.4047272286036447,0.3,151.86259911411764,time,11.46074534771026,51579.41643737464
GBPCHF,14,2025-06-02 17:15:00+00:00,2025-06-02 21:15:00+00:00,-0.054361029676565746,0.04582958041279484,1,0.4501880593082213,0.3,151.86259911411764,time,-8.255407257202956,51571.16103011744
EURCHF,13,2025-06-02 17:45:00+00:00,2025-06-02 21:45:00+00:00,-0.22274752969717862,0.11488528755543731,-1,0.34787006397989884,0.3,152.49609067785164,time,-33.9681274869684,51537.19290263047
GBPCHF,14,2025-06-03 10:00:00+00:00,2025-06-03 10:15:00+00:00,1.4028493461135163,0.09715065388657702,-1,0.395633211231087,0.3,154.6115787078916,target,216.8967520919442,51754.08965472242
GBPCAD,5,2025-06-03 10:15:00+00:00,2025-06-03 11:15:00+00:00,-1.1054572871013395,0.10545728710135976,1,0.4737926423746159,0.3,155.26226896416742,stop,-171.635806638327,51582.45384808409
AUDCHF,12,2025-06-03 09:30:00+00:00,2025-06-03 13:30:00+00:00,1.3193976879107003,0.045766285495022284,1,0.4375479167126504,0.3,154.6115787078916,time,203.99415947141543,51786.44800755551
GBPNZD,16,2025-06-03 11:45:00+00:00,2025-06-03 15:45:00+00:00,0.019164684036212732,0.06421688890991029,1,0.4628528691560063,0.3,154.74736154425244,time,2.9656842894331747,51789.413691844944
XAUEUR,3,2025-06-03 12:45:00+00:00,2025-06-03 16:45:00+00:00,-0.6431442727873585,0.011088694358402502,1,0.41957600559592007,0.3,154.74736154425244,time,-99.52487930614069,51689.888812538804
NZDCHF,12,2025-06-03 16:15:00+00:00,2025-06-03 17:15:00+00:00,-1.1417079583616192,0.1417079583616439,-1,0.35551047142068243,0.3,155.368241075535,stop,-177.38515731258494,51512.50365522622
CHFSGD,19,2025-06-03 17:15:00+00:00,2025-06-03 21:15:00+00:00,0.08618911880023601,0.0613254729040553,1,0.4231701393166072,0.3,154.53751096567882,time,13.319451891713667,51525.82310711793
GER40,8,2025-06-04 06:30:00+00:00,2025-06-04 08:30:00+00:00,-1.0659147335366332,0.0659147335366058,-1,0.391986273399246,0.3,154.57746932135396,stop,-164.76640202243811,51361.05670509549
FR40,8,2025-06-04 06:15:00+00:00,2025-06-04 09:00:00+00:00,0.6837944776159339,0.8162055223840183,1,0.4852524034852597,0.3,154.57746932135396,target,105.69921988578828,51466.755924981284
FR40,8,2025-06-04 09:00:00+00:00,2025-06-04 09:00:00+00:00,-1.3978866910273102,0.39788669102731206,-1,0.4997184437583943,0.3,154.400267774944,stop,-215.83407941364712,51250.92184556764
USDCHF,18,2025-06-04 08:45:00+00:00,2025-06-04 10:00:00+00:00,1.4409655227185443,0.059034477281477635,-1,0.3453703311120852,0.3,154.08317011528663,target,222.0285357673044,51472.950381334944
EURCAD,4,2025-06-04 08:45:00+00:00,2025-06-04 10:15:00+00:00,1.3882613923536873,0.11173860764627178,1,0.41827535103178387,0.3,154.08317011528663,target,213.90771628251787,51686.85809761746
EURUSD,6,2025-06-04 08:45:00+00:00,2025-06-04 10:15:00+00:00,1.4433351550975781,0.05666484490246508,1,0.40446600065859983,0.3,154.08317011528663,target,222.39365623627376,51909.251753853736
CADJPY,2,2025-06-04 08:45:00+00:00,2025-06-04 12:45:00+00:00,-0.06922870546363055,0.11231068704392984,-1,0.41303344703518247,0.3,154.08317011528663,time,-10.66697840081366,51898.584775452924
USDJPY,2,2025-06-04 08:45:00+00:00,2025-06-04 12:45:00+00:00,0.33765478284422434,0.041749701320181,-1,0.3872120027128585,0.3,154.08317011528663,time,52.02691934522679,51950.61169479815
EURGBP,20,2025-06-04 09:15:00+00:00,2025-06-04 13:15:00+00:00,-0.735599087330386,0.16837109522292565,1,0.3962166134366784,0.3,153.7527655367031,time,-113.10039400332163,51837.51130079483
EURNZD,15,2025-06-04 11:15:00+00:00,2025-06-04 13:15:00+00:00,1.4045091150857456,0.095490884914264,-1,0.4694915276971246,0.3,155.72775526156138,target,218.72105173670514,52056.23235253154
NZDCAD,7,2025-06-04 10:45:00+00:00,2025-06-04 14:45:00+00:00,-0.2435658281457607,0.1123486027522021,-1,0.3549405618392821,0.3,155.72775526156138,time,-37.92995967556254,52018.30239285598
GBPUSD,6,2025-06-04 16:15:00+00:00,2025-06-04 17:00:00+00:00,-1.0457409705729248,0.045740970572934275,-1,0.41501477861015457,0.3,156.0549071785681,stop,-163.1930100955835,51855.10938276039
GBPAUD,16,2025-06-04 15:00:00+00:00,2025-06-04 17:45:00+00:00,1.4362572824618984,0.06374271753804026,1,0.38724175371863495,0.3,156.0549071785681,target,224.13499689913402,52079.244379659525
NZDCHF,12,2025-06-04 17:15:00+00:00,2025-06-04 17:45:00+00:00,-1.1433319944206477,0.14333199442067115,1,0.3499293596074047,0.3,155.56532814828134,stop,-177.86281689447702,51901.38156276505
XAGUSD,3,2025-06-04 14:00:00+00:00,2025-06-04 18:00:00+00:00,0.13253864453782932,0.07016751769649382,1,0.35914720646417364,0.3,156.16869705759478,time,20.698387427252506,51922.0799501923
DJ30,9,2025-06-04 16:45:00+00:00,2025-06-04 20:45:00+00:00,-0.015902404196562775,0.029611373331530685,-1,0.37053923370868863,0.3,156.0549071785681,time,-2.481648210810676,51919.598301981496
GBPCAD,5,2025-06-04 17:15:00+00:00,2025-06-04 21:15:00+00:00,0.4496040203906751,0.10814697274490172,-1,0.4282478049406449,0.3,155.56532814828134,time,69.94279696886194,51989.54109895036
XAUGBP,3,2025-06-04 17:15:00+00:00,2025-06-04 21:15:00+00:00,0.8064984635189476,0.008248279740534811,1,0.38964016973065174,0.3,155.56532814828134,time,125.46319812840979,52115.00429707877
XAGUSD,3,2025-06-05 06:45:00+00:00,2025-06-05 10:45:00+00:00,-0.7485171366820239,0.23696773673853533,-1,0.40521849679385696,0.3,156.34501289123648,time,-117.02692138386244,51997.97737569491
NZDCAD,7,2025-06-05 06:45:00+00:00,2025-06-05 10:45:00+00:00,0.5607518439861758,0.14709352343980986,-1,0.36765244118327534,0.3,156.34501289123648,time,87.6707542768033,52085.64812997171
GER40,8,2025-06-05 11:15:00+00:00,2025-06-05 11:15:00+00:00,-1.0405828015692393,0.04058280156926507,-1,0.4369706200597163,0.3,156.2569443899153,stop,-162.5982889579069,51923.0498410138
USDCHF,18,2025-06-05 09:00:00+00:00,2025-06-05 11:30:00+00:00,-1.1105964348566906,0.11059643485670863,-1,0.4510229868769213,0.3,156.34501289123648,stop,-173.63621392463057,51749.41362708917
NZDCNH,7,2025-06-05 09:30:00+00:00,2025-06-05 12:00:00+00:00,-1.0609616372855246,0.06096163728554011,-1,0.4535966168638355,0.3,156.34501289123648,stop,-165.87606085851272,51583.537566230654
EURNZD,15,2025-06-05 10:30:00+00:00,2025-06-05 12:15:00+00:00,-1.1338152814832212,0.13381528148322766,1,0.5019881927623738,0.3,156.34501289123648,stop,-177.26636479977515,51406.27120143088
GBPCAD,5,2025-06-05 10:15:00+00:00,2025-06-05 14:15:00+00:00,0.7125959852361603,0.10240800744989934,1,0.41245663733696003,0.3,156.34501289123648,time,111.41082849799083,51517.68202992887
DJ30,9,2025-06-05 11:15:00+00:00,2025-06-05 15:15:00+00:00,0.6842462708682328,0.03873092099254547,-1,0.4383068494326237,0.3,156.2569443899153,time,106.91823149606437,51624.60026142493
DJ30,9,2025-06-05 15:45:00+00:00,2025-06-05 15:45:00+00:00,1.470489350040135,0.029510649959912476,1,0.388494104572457,0.3,155.72104829092987,target,228.98614308889796,51853.58640451383
SP500,9,2025-06-05 15:45:00+00:00,2025-06-05 15:45:00+00:00,1.4243553281885852,0.07564467181144624,1,0.3872150024900129,0.3,155.05847320346544,target,220.85836248814297,52074.44476700197
AUDJPY,1,2025-06-05 15:00:00+00:00,2025-06-05 15:45:00+00:00,-1.076121988099563,0.07612198809957467,-1,0.3852496536540606,0.3,154.55304608978676,stop,-166.3179312249847,51908.12683577699
NAS100,9,2025-06-05 15:45:00+00:00,2025-06-05 15:45:00+00:00,1.4761174422563317,0.02388255774367897,1,0.4202234708238232,0.3,154.3748469906,target,227.87540428847703,52136.00224006546
AUDCAD,7,2025-06-05 15:45:00+00:00,2025-06-05 16:00:00+00:00,-1.1604390196940053,0.16043901969403637,-1,0.3435507753066127,0.3,155.72104829092987,stop,-180.7047806244495,51955.29745944101
GBPCAD,5,2025-06-05 15:45:00+00:00,2025-06-05 16:15:00+00:00,-1.1847251334289677,0.18472513342894206,-1,0.38810719449471226,0.3,156.40800672019657,stop,-185.30049663094374,51769.996962810066
XAUCNH,3,2025-06-05 17:15:00+00:00,2025-06-05 18:30:00+00:00,-1.004418552737234,0.0044185527372283115,1,0.34974859972876476,0.3,155.30999088843038,stop,-155.99623627379023,51614.00072653627
XAUSGD,3,2025-06-05 17:15:00+00:00,2025-06-05 18:30:00+00:00,-1.0081906109049152,0.00819061090493065,1,0.40906071064763444,0.3,155.30999088843038,stop,-156.58207459344345,51457.418651942826
AU200,10,2025-06-05 16:00:00+00:00,2025-06-05 20:00:00+00:00,0.11831660105734995,0.107154657561403,-1,0.41868625627173617,0.3,155.8658923783232,time,18.44152260697391,51475.8601745498
GBPUSD,6,2025-06-06 10:15:00+00:00,2025-06-06 12:00:00+00:00,-1.0684488443735547,0.0684488443735757,1,0.4422399489947166,0.3,154.42758052364957,stop,-164.99796994989745,51310.86220459991
DJ30,9,2025-06-06 10:15:00+00:00,2025-06-06 14:15:00+00:00,0.8751833347658828,0.03079222053515406,-1,0.4468398985647646,0.3,154.42758052364957,time,135.15244490251453,51446.014649502424
EURAUD,15,2025-06-06 11:00:00+00:00,2025-06-06 15:00:00+00:00,0.25402424130664547,0.06260891752205805,1,0.43372023689730566,0.3,154.42758052364957,time,39.22834897934098,51485.242998481765
XAUGBP,3,2025-06-06 12:00:00+00:00,2025-06-06 15:30:00+00:00,1.484322473713667,0.01567752628631807,-1,0.43636309156171377,0.3,153.93258661379988,target,228.48559774773875,51713.72859622951
AUDCAD,7,2025-06-06 11:45:00+00:00,2025-06-06 15:45:00+00:00,0.32563300540639856,0.11084278431259054,1,0.37329533791735064,0.3,154.42758052364957,time,50.28671716355463,51764.01531339306
NZDCHF,12,2025-06-06 15:45:00+00:00,2025-06-06 18:30:00+00:00,-1.0767587630075208,0.0767587630075108,1,0.46578350449897726,0.3,155.29204594017935,stop,-167.2120712914546,51596.8032421016
CHFSGD,19,2025-06-06 15:45:00+00:00,2025-06-06 19:45:00+00:00,0.6929600223373126,0.0550128536377009,1,0.402856296914958,0.3,155.29204594017935,time,107.61117962351365,51704.414421725116
AUDCHF,12,2025-06-06 15:45:00+00:00,2025-06-06 19:45:00+00:00,-0.3638892947539867,0.025358203377019786,1,0.507141049202572,0.3,155.29204594017935,time,-56.509113078075565,51647.90530864704
GBPNZD,16,2025-06-06 17:15:00+00:00,2025-06-06 20:00:00+00:00,-0.12856440194687987,0.08274818693863954,-1,0.36443057616055863,0.3,155.29204594017935,weekend,-19.965029013406554,51627.94027963363
XAGUSD,3,2025-06-06 17:30:00+00:00,2025-06-06 20:00:00+00:00,0.02746601887569409,0.06505109733719433,1,0.38329516733692454,0.3,155.29204594017935,weekend,4.265254265038119,51632.20553389867
EURCAD,4,2025-06-09 16:00:00+00:00,2025-06-09 17:15:00+00:00,1.383217010649564,0.11678298935038234,1,0.39007385940834105,0.3,154.89661660169617,target,214.2556349755298,51846.4611688742
AUDCHF,12,2025-06-09 13:15:00+00:00,2025-06-09 17:15:00+00:00,0.0600725245126688,0.06635416079908313,-1,0.3641747035744005,0.3,154.89661660169617,time,9.305030797734855,51855.76619967193
AU200,10,2025-06-09 13:15:00+00:00,2025-06-09 17:15:00+00:00,0.8052788236893761,0.1372634358561361,-1,0.32895774892420493,0.3,154.89661660169617,time,124.73496521047817,51980.50116488241
EURUSD,6,2025-06-09 16:30:00+00:00,2025-06-09 19:45:00+00:00,1.4540942307983307,0.0459057692016795,1,0.4418082921210768,0.3,154.89661660169617,target,225.23427657070732,52205.735441453115
CNHJPY,2,2025-06-09 16:30:00+00:00,2025-06-09 20:30:00+00:00,0.9839288546579518,0.08652670715385676,-1,0.3917373859709847,0.3,154.89661660169617,time,152.4072505632988,52358.142692016416
EURCHF,13,2025-06-09 16:30:00+00:00,2025-06-09 20:30:00+00:00,1.008711810454875,0.15649603848578686,1,0.30313237774312785,0.3,154.89661660169617,time,156.24604656563156,52514.38873858205
GBPCAD,5,2025-06-09 17:30:00+00:00,2025-06-09 21:30:00+00:00,-0.10202826824029017,0.13172609816764344,-1,0.36429662701399373,0.3,155.94150349464738,time,-15.910441548346029,52498.478297033704
CHFSGD,19,2025-06-09 17:45:00+00:00,2025-06-09 21:45:00+00:00,-0.17684700025893701,0.08832468709735772,1,0.3273105084637305,0.3,155.94150349464738,time,-27.57778710889693,52470.90050992481
NAS100,9,2025-06-09 17:45:00+00:00,2025-06-09 21:45:00+00:00,-0.21163530168884992,0.028859359321209747,-1,0.3523184185231136,0.3,155.94150349464738,time,-33.00272713790254,52437.89778278691
GBPJPY,2,2025-06-10 08:45:00+00:00,2025-06-10 09:00:00+00:00,-1.0640661999467078,0.06406619994666632,1,0.4764474578360515,0.3,157.3136933483609,stop,-167.39218388077208,52270.50559890614
GBPCHF,14,2025-06-10 08:45:00+00:00,2025-06-10 09:00:00+00:00,-1.1023130733893756,0.10231307338937545,1,0.45477789124626283,0.3,157.3136933483609,stop,-173.40894080106548,52097.096658105074
GER40,8,2025-06-10 11:00:00+00:00,2025-06-10 11:00:00+00:00,-1.0252552400115997,0.02525524001158036,1,0.5244151441880478,0.3,156.2912899743154,stop,-160.23846401433926,51936.85819409073
CADJPY,2,2025-06-10 08:45:00+00:00,2025-06-10 12:45:00+00:00,0.4959334995256967,0.09320263000616022,1,0.4519888694414675,0.3,157.3136933483609,time,78.01713046556495,52014.8753245563
XAUEUR,3,2025-06-10 10:00:00+00:00,2025-06-10 14:00:00+00:00,-0.46110184720346653,0.014561110964320431,-1,0.5010752499100884,0.3,156.2912899743154,time,-72.06620250896945,51942.80912204733
GBPNZD,16,2025-06-10 13:15:00+00:00,2025-06-10 17:15:00+00:00,0.8217910293351302,0.0646897938687315,1,0.3883254709053474,0.3,156.04462597366907,time,128.2360738011169,52071.04519584845
EURUSD,6,2025-06-10 15:15:00+00:00,2025-06-10 19:15:00+00:00,0.3562128975368128,0.043105464234383134,-1,0.3832523083609896,0.3,155.82842736614214,time,55.508095630698264,52126.55329147915
EURCHF,13,2025-06-10 15:15:00+00:00,2025-06-10 19:15:00+00:00,-0.6941455249387622,0.13929694025909126,-1,0.4249285059628518,0.3,155.82842736614214,time,-108.16760551445252,52018.3856859647
NZDCNH,7,2025-06-10 17:15:00+00:00,2025-06-10 21:15:00+00:00,0.476506706382529,0.059701925116623325,-1,0.36165130785447586,0.3,156.2131355875455,time,74.43660673250874,52092.82229269721
GBPAUD,16,2025-06-11 06:15:00+00:00,2025-06-11 09:45:00+00:00,1.437480441161129,0.06251955883889872,-1,0.453026410039388,0.3,156.2784668780918,target,224.64723951190427,52317.469532209114
EURCAD,4,2025-06-11 10:30:00+00:00,2025-06-11 11:30:00+00:00,1.3902226253422079,0.10977737465778202,1,0.4254703108412043,0.3,156.9524085966275,target,218.19878953298638,52535.6683217421
DJ30,9,2025-06-11 14:30:00+00:00,2025-06-11 15:00:00+00:00,1.471271292241918,0.028728707758100346,1,0.39631825791801845,0.3,157.60700496522648,target,231.88266186156716,52767.550983603665
AUDCHF,12,2025-06-11 15:15:00+00:00,2025-06-11 15:30:00+00:00,-1.0414997261470953,0.04149972614709534,-1,0.39165193622099465,0.3,158.30265295081117,stop,-164.8721696966285,52602.678813907034
AUDJPY,1,2025-06-11 15:15:00+00:00,2025-06-11 19:15:00+00:00,1.0971434869363426,0.039597422288764075,-1,0.4137381795019874,0.3,158.30265295081117,time,173.68072464972667,52776.35953855676
EURCHF,13,2025-06-11 15:45:00+00:00,2025-06-11 19:45:00+00:00,0.6748670301694605,0.07491984454866236,1,0.551278815615636,0.3,157.80803644172127,time,106.49944089029843,52882.85897944706
GBPCHF,14,2025-06-11 15:45:00+00:00,2025-06-11 19:45:00+00:00,0.6077288791734624,0.0470168546486125,1,0.4104099335824598,0.3,157.80803644172127,time,95.90450111129218,52978.76348055835
GER40,8,2025-06-11 17:00:00+00:00,2025-06-11 21:00:00+00:00,-1.0208233157703268,0.020823315770337053,1,0.48678675278729716,0.3,157.80803644172127,stop,-161.09412301564248,52817.669357542705
EURCAD,4,2025-06-11 17:30:00+00:00,2025-06-11 21:00:00+00:00,-1.0931394060349733,0.09313940603499896,-1,0.4793269648986677,0.3,157.80803644172127,stop,-172.5061832234486,52645.163174319256
EURGBP,20,2025-06-12 09:00:00+00:00,2025-06-12 09:00:00+00:00,-1.187024250876048,0.18702425087608562,-1,0.39183897197904827,0.3,157.93548952295794,stop,-187.47325613773108,52457.689918181524
XAGSGD,3,2025-06-12 08:45:00+00:00,2025-06-12 10:15:00+00:00,1.429071357043417,0.07092864295658269,-1,0.5056050767916321,0.3,157.93548952295794,target,225.70108433788988,52683.39100251941
GER40,8,2025-06-12 09:15:00+00:00,2025-06-12 10:15:00+00:00,-1.0418388157670853,0.04183881576710171,1,0.5201255836067007,0.3,157.37306975454473,stop,-163.9573726267058,52519.43362989271
CHFJPY,2,2025-06-12 09:45:00+00:00,2025-06-12 10:45:00+00:00,1.4253911881860275,0.07460881181395208,1,0.4760231939815416,0.3,157.37306975454473,target,224.3181868859131,52743.75181677862
NZDCAD,7,2025-06-12 14:15:00+00:00,2025-06-12 15:30:00+00:00,-1.0971536226867293,0.09715362268672185,-1,0.30704396958560215,0.3,158.23125545033602,stop,-173.60399513960544,52570.14782163901
USDCAD,17,2025-06-12 13:45:00+00:00,2025-06-12 15:45:00+00:00,-1.0774084274789306,0.07740842747894484,1,0.4204752386935251,0.3,158.23125545033602,stop,-170.4796881127635,52399.66813352625
GBPCAD,5,2025-06-12 12:00:00+00:00,2025-06-12 16:00:00+00:00,-0.25139265045736825,0.06360283455354068,-1,0.42158473675682123,0.3,158.23125545033602,time,-39.778174692856865,52359.88995883339
US2000,9,2025-06-12 15:15:00+00:00,2025-06-12 17:15:00+00:00,1.3944419562917443,0.10555804370825163,1,0.3912931070860244,0.3,158.23125545033602,target,220.6443013966653,52580.53426023005
NAS100,9,2025-06-12 16:15:00+00:00,2025-06-12 17:15:00+00:00,-1.0265642406048936,0.026564240604893496,-1,0.3671625935795097,0.3,157.07966987650033,stop,-161.25237202123694,52419.28188820882
EURAUD,15,2025-06-12 15:45:00+00:00,2025-06-12 19:45:00+00:00,1.1566389143008167,0.077544490097202,-1,0.4767761742519306,0.3,157.1990044005789,time,181.8224857790549,52601.10437398787
GBPCHF,14,2025-06-12 15:45:00+00:00,2025-06-12 19:45:00+00:00,0.06223502837681478,0.05523865712580372,1,0.4761468901562565,0.3,157.1990044005789,time,9.783284499677059,52610.88765848755
XAUCNH,3,2025-06-12 16:15:00+00:00,2025-06-12 20:15:00+00:00,0.11517139635064795,0.00024803602947011866,-1,0.39073508988093747,0.3,157.07966987650033,time,18.091084917975355,52628.978743405525
XAGUSD,3,2025-06-12 16:15:00+00:00,2025-06-12 20:15:00+00:00,-0.4140073886698652,0.10097741187069594,-1,0.4054974452796924,0.3,157.07966987650033,time,-65.03214393869439,52563.94659946683
GER40,8,2025-06-13 09:00:00+00:00,2025-06-13 10:30:00+00:00,1.4868961777907421,0.013103822209259437,1,0.48028997067277573,0.3,157.69183979840065,target,234.47139386503196,52798.41799333186
CHFJPY,2,2025-06-13 06:30:00+00:00,2025-06-13 10:30:00+00:00,0.3766355098537489,0.053914481605354364,-1,0.48064942889851986,0.3,157.69183979840065,time,59.39234648224632,52857.8103398141
CHFJPY,2,2025-06-13 15:45:00+00:00,2025-06-13 19:45:00+00:00,-0.439602447046751,0.07232298363440308,-1,0.3643895219456139,0.3,158.57343101944247,time,-69.70926831274608,52788.101071501354
USDJPY,2,2025-06-13 16:45:00+00:00,2025-06-13 20:00:00+00:00,0.3330223857512091,0.03589453415009739,-1,0.4076654279155705,0.3,158.57343101944247,weekend,52.80850231484952,52840.90957381621
EURUSD,6,2025-06-16 06:30:00+00:00,2025-06-16 08:30:00+00:00,1.4536989826054556,0.04630101739456586,1,0.47569655819615003,0.3,158.52272872144877,target,230.4443294622107,53071.35390327842
XAUGBP,3,2025-06-16 16:30:00+00:00,2025-06-16 16:30:00+00:00,-1.0126833082028681,0.012683308202861471,1,0.47293942076177004,0.3,159.21406170983542,stop,-161.23342272473172,52910.12048055368
XAUUSD,3,2025-06-16 16:30:00+00:00,2025-06-16 16:45:00+00:00,-1.0120893206481985,0.012089320648200792,1,0.4953099176184634,0.3,159.21406170983542,stop,-161.13885155354768,52748.98162900013
XAUCNH,3,2025-06-16 16:30:00+00:00,2025-06-16 16:45:00+00:00,-1.0056383980493562,0.0056383980493660635,1,0.4337628583320548,0.3,158.73036144166122,stop,-159.62534640198749,52589.35628259814
EURGBP,20,2025-06-16 16:15:00+00:00,2025-06-16 19:15:00+00:00,1.3004147477014392,0.19958525229858395,-1,0.3854100504503945,0.3,159.21406170983542,target,207.044313888917,52796.40059648706
XAUGBP,3,2025-06-17 06:30:00+00:00,2025-06-17 10:30:00+00:00,0.37501311027180595,0.020587372038602506,1,0.4984763945260587,0.3,158.38920178946134,time,59.39802719653459,52855.79862368359
XAUAUD,3,2025-06-17 06:30:00+00:00,2025-06-17 10:30:00+00:00,0.08677871307667562,0.016238270253785558,1,0.5067460025059669,0.3,158.38920178946134,time,13.744811096531341,52869.54343478013
EURUSD,6,2025-06-17 07:30:00+00:00,2025-06-17 11:30:00+00:00,0.4414319287474615,0.06680198746228018,-1,0.4312608586868918,0.3,158.38920178946134,time,69.9180508386928,52939.46148561882
NZDJPY,1,2025-06-17 10:15:00+00:00,2025-06-17 14:15:00+00:00,-0.24947463596762737,0.07700458510161702,-1,0.4684883946167408,0.3,158.38920178946134,time,-39.514088457628944,52899.94739716119
CADJPY,2,2025-06-17 10:15:00+00:00,2025-06-17 14:15:00+00:00,-0.10131324116959464,0.08180288119955921,-1,0.44683736764321896,0.3,158.38920178946134,time,-16.046923399555286,52883.900473761634
AUDJPY,1,2025-06-17 12:15:00+00:00,2025-06-17 16:15:00+00:00,0.30040674329949935,0.04019397210664886,-1,0.4153117137991289,0.3,158.81838445685662,time,47.71011365077212,52931.610587412404
GBPAUD,16,2025-06-17 12:15:00+00:00,2025-06-17 16:15:00+00:00,0.13844723916382862,0.049439081608639905,1,0.48822992314280317,0.3,158.81838445685662,time,21.98796685651131,52953.598554268916
XAUAUD,3,2025-06-17 12:15:00+00:00,2025-06-17 16:15:00+00:00,0.9261822544202022,0.015749910797887425,1,0.42742063332307056,0.3,158.81838445685662,time,147.09476935962587,53100.69332362854
XAUGBP,3,2025-06-17 12:15:00+00:00,2025-06-17 16:15:00+00:00,1.0108133347356991,0.01621625670698983,1,0.42382270608066613,0.3,158.81838445685662,time,160.53574081017157,53261.22906443871
CADJPY,2,2025-06-17 15:45:00+00:00,2025-06-17 19:45:00+00:00,-0.29747201229748754,0.06257176276850276,1,0.39142621483400286,0.3,158.65170142128508,time,-47.19444087620984,53214.034623562504
CNHJPY,2,2025-06-17 15:45:00+00:00,2025-06-17 19:45:00+00:00,0.4742459227187876,0.03825433320540402,1,0.43578550758462314,0.3,158.65170142128508,time,75.23992253144293,53289.27454609395
XAUEUR,3,2025-06-17 17:45:00+00:00,2025-06-17 20:45:00+00:00,1.4926027780743507,0.0073972219256549995,1,0.31252656718302657,0.3,159.7836871933163,target,238.49357539570696,53527.76812148965
XAUEUR,3,2025-06-18 08:00:00+00:00,2025-06-18 09:15:00+00:00,1.487343868379275,0.012656131620724367,-1,0.42527909114653806,0.3,160.58330436446911,target,238.84259311057602,53766.610714600225
FR40,8,2025-06-18 11:15:00+00:00,2025-06-18 13:45:00+00:00,1.4075325396706957,0.09246746032929626,-1,0.442087957331484,0.3,161.29983214380084,target,227.03476238582093,53993.64547698604
XAUAUD,3,2025-06-18 10:15:00+00:00,2025-06-18 14:15:00+00:00,0.79545074409426,0.020223324002397115,1,0.40901872132719613,0.3,161.29983214380084,time,128.30607150106562,54121.95154848711
GBPAUD,16,2025-06-18 14:45:00+00:00,2025-06-18 16:45:00+00:00,-1.0738103155453405,0.07381031554537511,1,0.3946923382081405,0.3,162.3658546454615,stop,-174.35012961063188,53947.601418876475
US2000,9,2025-06-18 16:45:00+00:00,2025-06-18 17:15:00+00:00,1.4336365033412075,0.06636349665881114,1,0.37709889038478545,0.3,161.8428042566296,target,232.02375198540994,54179.62517086189
NAS100,9,2025-06-18 16:45:00+00:00,2025-06-18 17:30:00+00:00,1.4774025551028258,0.022597444897170974,1,0.3453046816734006,0.3,161.8428042566296,target,239.10697253375105,54418.73214339564
AUDCHF,12,2025-06-18 17:00:00+00:00,2025-06-18 17:30:00+00:00,-1.0461435232269698,0.046143523226983854,-1,0.42584301904711436,0.3,161.8428042566296,stop,-169.3108014539633,54249.42134194168
GBPAUD,16,2025-06-18 17:00:00+00:00,2025-06-18 17:45:00+00:00,-1.0774880468291448,0.07748804682919859,1,0.4917404386482243,0.3,161.8428042566296,stop,-174.38368705182742,54075.03765488985
XAUAUD,3,2025-06-18 17:30:00+00:00,2025-06-18 21:30:00+00:00,-0.0798899456015749,0.0161373705579285,1,0.3959489535177985,0.3,162.7482640258252,time,-13.001949959773924,54062.03570493007
XAUGBP,3,2025-06-18 17:30:00+00:00,2025-06-18 21:30:00+00:00,0.5185717699775354,0.008102683905899117,1,0.3854699813382411,0.3,162.7482640258252,time,84.39665533664342,54146.432360266714
CHFJPY,2,2025-06-18 18:00:00+00:00,2025-06-18 22:00:00+00:00,0.02617135515892618,0.0650558615578439,1,0.4213049121119427,0.3,162.2251129646697,time,4.245651047095291,54150.67801131381
CNHJPY,2,2025-06-19 09:00:00+00:00,2025-06-19 09:30:00+00:00,-1.1078760024842165,0.10787600248417979,-1,0.4288181155000949,0.3,162.4520340339416,stop,-179.9767100609531,53970.701301252855
USDJPY,2,2025-06-19 09:00:00+00:00,2025-06-19 09:30:00+00:00,-1.0702526092622509,0.07025260926228222,-1,0.4386228209690379,0.3,162.4520340339416,stop,-173.86471330478597,53796.83658794807
US2000,9,2025-06-19 10:00:00+00:00,2025-06-19 10:15:00+00:00,-1.0877637649871101,0.08776376498712789,1,0.4720806305002824,0.3,161.3905097638444,stop,-175.55474853390834,53621.281839414165
AUDCAD,7,2025-06-19 08:45:00+00:00,2025-06-19 12:45:00+00:00,-1.0504602545762634,0.08677213220437519,1,0.412611155470064,0.3,162.4520340339416,time,-170.6494050277261,53450.63243438644
USDCAD,17,2025-06-19 09:45:00+00:00,2025-06-19 13:45:00+00:00,0.6214460607868058,0.08963854295458551,-1,0.5008770127166312,0.3,161.3905097638444,time,100.29549654111561,53550.92793092756
CNHJPY,2,2025-06-19 13:15:00+00:00,2025-06-19 13:45:00+00:00,-1.1088805922096496,0.10888059220970268,-1,0.3479949188793577,0.3,160.3518973031595,stop,-177.81110684346842,53373.11682408409
GBPUSD,6,2025-06-19 12:15:00+00:00,2025-06-19 14:30:00+00:00,-1.0455261756676368,0.04552617566765054,-1,0.3933724454634511,0.3,160.86384551824267,stop,-168.18736120787779,53204.929462876215
CADJPY,2,2025-06-19 15:00:00+00:00,2025-06-19 16:00:00+00:00,1.3543826903851692,0.14561730961484035,-1,0.4526755267601439,0.3,159.6147883886288,target,216.17950652305055,53421.10896939926
SP500,9,2025-06-19 14:30:00+00:00,2025-06-19 16:00:00+00:00,-1.0586090586246248,0.058609058624620965,1,0.3834272864650074,0.3,159.6147883886288,stop,-168.96966087865502,53252.13930852061
GBPCHF,14,2025-06-19 13:45:00+00:00,2025-06-19 17:45:00+00:00,-0.4076651924231675,0.04371897770389958,-1,0.36444212805718695,0.3,160.11935047225245,time,-65.27508582094339,53186.86422269967
XAGUSD,3,2025-06-19 14:15:00+00:00,2025-06-19 18:15:00+00:00,-0.1502473044603962,0.11590506344086822,1,0.39213642557435885,0.3,160.11935047225245,time,-24.057500800405396,53162.80672189926
FR40,8,2025-06-20 08:45:00+00:00,2025-06-20 09:00:00+00:00,0.9872579751104514,0.5127420248895478,1,0.5114537261317637,0.3,159.48842016569793,target,157.45621474635183,53320.26293664561
USDJPY,2,2025-06-20 08:45:00+00:00,2025-06-20 12:45:00+00:00,0.39387918919334725,0.06586366008439978,-1,0.435942805455842,0.3,159.48842016569793,time,62.819169620592994,53383.0821062662
AUDCHF,12,2025-06-20 15:00:00+00:00,2025-06-20 17:30:00+00:00,1.4506057530734175,0.04939424692655705,-1,0.3319613620922508,0.3,160.14924631879876,target,232.31341806042133,53615.395524326625
NZDCHF,12,2025-06-20 17:45:00+00:00,2025-06-20 20:00:00+00:00,-0.3604877569645561,0.1196307090645515,1,0.3524508055789976,0.3,160.84618657298003,weekend,-57.98308101399607,53557.41244331263
USDCHF,18,2025-06-23 10:15:00+00:00,2025-06-23 14:15:00+00:00,0.9916579442942335,0.07389075852283705,1,0.4488688531422047,0.3,160.67223732993804,time,159.33190057576155,53716.744343888386
US2000,9,2025-06-23 15:00:00+00:00,2025-06-23 16:45:00+00:00,1.451295615501699,0.04870438449831193,1,0.334411413813924,0.3,161.15023303166532,target,233.87662663593295,53950.62097052432
EURCAD,4,2025-06-23 13:30:00+00:00,2025-06-23 17:15:00+00:00,-1.0734733172762783,0.07347331727624395,-1,0.45593227363601724,0.3,160.67223732993804,stop,-172.47735960077006,53778.143610923544
FR40,8,2025-06-23 15:00:00+00:00,2025-06-23 19:00:00+00:00,-0.13931423278883615,0.09066481816415274,1,0.4825559102250582,0.3,161.15023303166532,time,-22.450521078548615,53755.693089844994
GER40,8,2025-06-23 15:00:00+00:00,2025-06-23 19:00:00+00:00,0.29596918438089803,0.014056583954765334,1,0.3828851478355966,0.3,161.15023303166532,time,47.69550303317364,53803.38859287817
CHFJPY,2,2025-06-24 09:00:00+00:00,2025-06-24 09:15:00+00:00,-1.1345343432096162,0.1345343432095873,1,0.5518483612573104,0.3,161.41016577863468,stop,-183.12537641901858,53620.26321645915
EURGBP,20,2025-06-24 10:00:00+00:00,2025-06-24 10:45:00+00:00,-1.1397016955963815,0.1397016955963233,1,0.4891033441640755,0.3,160.8607896493776,stop,-183.3333147183685,53436.92990174078
XAGSGD,3,2025-06-24 09:00:00+00:00,2025-06-24 13:00:00+00:00,0.09195296387015814,0.05015616211099781,1,0.4309595220549747,0.3,161.41016577863468,time,14.84214314211903,53451.7720448829
GBPAUD,16,2025-06-24 09:30:00+00:00,2025-06-24 13:30:00+00:00,0.5071342630502678,0.05580188463020453,1,0.47852453850274995,0.3,160.8607896493776,time,81.57801801252126,53533.35006289542
AUDCAD,7,2025-06-24 14:45:00+00:00,2025-06-24 16:00:00+00:00,1.417471550196927,0.08252844980306863,-1,0.4248258069396269,0.3,160.60005018868642,target,227.64600210266164,53760.996064998086
NZDCNH,7,2025-06-24 14:45:00+00:00,2025-06-24 16:15:00+00:00,1.4520878371165324,0.047912162883464796,-1,0.41740836527332714,0.3,160.60005018868642,target,233.20537951929623,53994.201444517385
GBPUSD,6,2025-06-24 14:45:00+00:00,2025-06-24 17:15:00+00:00,-1.0490025809117058,0.0490025809116758,-1,0.4017440100739586,0.3,160.60005018868642,stop,-168.46986714248155,53825.7315773749
AU200,10,2025-06-24 13:45:00+00:00,2025-06-24 17:45:00+00:00,0.34246190015703404,0.10072408828148538,1,0.3573619797998587,0.3,160.60005018868642,time,54.99939835293259,53880.730975727834
XAGSGD,3,2025-06-25 11:30:00+00:00,2025-06-25 12:00:00+00:00,-1.0640143633866095,0.06401436338662757,1,0.3941555172771744,0.3,161.6421929271837,stop,-171.98961500383285,53708.741360724
XAGEUR,3,2025-06-25 11:30:00+00:00,2025-06-25 12:00:00+00:00,-1.1136735636969632,0.11367356369695637,1,0.44373767398119607,0.3,161.6421929271837,stop,-180.01663704100872,53528.72472368299
JP225,11,2025-06-25 10:45:00+00:00,2025-06-25 12:00:00+00:00,-1.1169382483060901,0.11693824830607574,-1,0.44963886403031456,0.3,161.6421929271837,stop,-180.54434782044362,53348.18037586255
EURAUD,15,2025-06-25 10:00:00+00:00,2025-06-25 14:00:00+00:00,0.07469189018464983,0.057754207735165326,1,0.46763378744792616,0.3,161.6421929271837,time,12.073360923323186,53360.25373678587
USDCAD,17,2025-06-25 10:15:00+00:00,2025-06-25 14:15:00+00:00,-0.2921047557224006,0.10344739363031506,-1,0.47703081260016783,0.3,161.6421929271837,time,-47.21645327942814,53313.03728350644
NAS100,9,2025-06-25 12:30:00+00:00,2025-06-25 14:30:00+00:00,-1.0692908043245033,0.06929080432450907,-1,0.4158011661876743,0.3,160.0445411275878,stop,-171.1341561100644,53141.90312739638
CHFSGD,19,2025-06-25 12:45:00+00:00,2025-06-25 16:45:00+00:00,0.4032836042040063,0.07552109656954618,1,0.447344088189441,0.3,160.0445411275878,time,64.54333937910992,53206.44646677549
EURCAD,4,2025-06-25 17:45:00+00:00,2025-06-25 18:15:00+00:00,-1.111554794213817,0.11155479421381351,-1,0.4124456439856676,0.3,159.61933940032662,stop,-177.4256419596755,53029.02082481581
GBPUSD,6,2025-06-25 17:15:00+00:00,2025-06-25 19:00:00+00:00,-1.0470795853284425,0.047079585328429055,-1,0.35228086283235677,0.3,159.61933940032662,stop,-167.13415170969392,52861.88667310611
USDJPY,2,2025-06-26 06:15:00+00:00,2025-06-26 09:00:00+00:00,-1.0418099723634278,0.041809972363453005,1,0.5470102711928913,0.3,158.5856600193185,stop,-165.21612208196217,52696.67055102415
FR40,8,2025-06-26 07:45:00+00:00,2025-06-26 09:00:00+00:00,-2.519958199944949,1.5199581999449823,-1,0.4846576113758359,0.3,158.5856600193185,stop,-399.6292343593635,52297.041316664785
NAS100,9,2025-06-26 10:30:00+00:00,2025-06-26 11:15:00+00:00,-1.056498012812518,0.0564980128124881,-1,0.45037364254257617,0.3,156.89112394999452,stop,-165.75516068109167,52131.2861559837
USDCAD,17,2025-06-26 10:30:00+00:00,2025-06-26 11:15:00+00:00,-1.096691567132995,0.09669156713294065,1,0.4798802934735085,0.3,156.89112394999452,stop,-172.06117259397647,51959.22498338972
AUDUSD,7,2025-06-26 10:30:00+00:00,2025-06-26 11:15:00+00:00,-1.0476246745814333,0.04762467458139644,-1,0.4401560182936057,0.3,156.89112394999452,stop,-164.36301267282832,51794.86197071689
XAUEUR,3,2025-06-26 10:45:00+00:00,2025-06-26 13:15:00+00:00,1.486835455947014,0.013164544053001681,-1,0.4352044830925683,0.3,156.89112394999452,target,233.2712858122296,52028.13325652912
SP500,9,2025-06-27 09:00:00+00:00,2025-06-27 09:30:00+00:00,-1.1445707893880215,0.14457078938802942,-1,0.47398456332282435,0.3,156.08439976958755,stop,-178.64964465543233,51849.48361187369
XAGSGD,3,2025-06-27 06:15:00+00:00,2025-06-27 10:15:00+00:00,1.481091423315402,0.018908576684614195,-1,0.5330153575324886,0.3,156.08439976958755,target,231.17526581206863,52080.65887768576
XAGUSD,3,2025-06-27 06:15:00+00:00,2025-06-27 10:15:00+00:00,1.347802109541436,0.15219789045856522,-1,0.5230447980780255,0.3,156.08439976958755,target,210.37088327595893,52291.02976096172
NZDCAD,7,2025-06-27 09:30:00+00:00,2025-06-27 11:45:00+00:00,-1.1572844649686769,0.15728446496866885,-1,0.3882155760434313,0.3,155.54845083562125,stop,-180.01380570200848,52111.01595525971
XAUUSD,3,2025-06-27 14:00:00+00:00,2025-06-27 15:00:00+00:00,-1.012144942357563,0.012144942357559472,1,0.42212952668550413,0.3,156.3330478657793,stop,-158.2317037206913,51952.78425153902
GBPCHF,14,2025-06-27 12:45:00+00:00,2025-06-27 15:30:00+00:00,-1.0544987260443308,0.05449872604433707,1,0.38261568540998264,0.3,156.3330478657793,stop,-164.85299981309166,51787.93125172593
EURGBP,20,2025-06-27 15:45:00+00:00,2025-06-27 15:45:00+00:00,-1.224547072755503,0.22454707275546845,-1,0.4847354598963474,0.3,155.36379375517797,stop,-190.2502788550929,51597.68097287084
EURAUD,15,2025-06-27 15:45:00+00:00,2025-06-27 16:30:00+00:00,-1.1490074986582526,0.14900749865823218,-1,0.4566209021795902,0.3,154.79304291861268,stop,-177.8583670536147,51419.82260581722
US2000,9,2025-06-27 15:15:00+00:00,2025-06-27 16:30:00+00:00,1.3576885169551458,0.14231148304487645,-1,0.4283317557533368,0.3,155.85835275461721,target,211.60709580648822,51631.42970162371
DJ30,9,2025-06-27 15:15:00+00:00,2025-06-27 16:30:00+00:00,-1.0678437143706643,0.06784371437070727,-1,0.46436411245191184,0.3,155.85835275461721,stop,-166.4323623211837,51464.99733930253
NZDCHF,12,2025-06-27 15:45:00+00:00,2025-06-27 19:45:00+00:00,0.5592302330226736,0.1124246863940267,1,0.3941365949964388,0.3,154.79304291861268,time,86.56494946166448,51551.562288764195
NZDUSD,7,2025-06-27 16:45:00+00:00,2025-06-27 20:00:00+00:00,0.2088045821125159,0.06732273192458711,1,0.39222018337260844,0.3,154.39499201790775,weekend,32.23838178856446,51583.80067055276
CADJPY,2,2025-06-27 18:00:00+00:00,2025-06-27 20:00:00+00:00,1.2964634185353021,0.0957098306205898,-1,0.3456848563377215,0.3,154.39499201790775,weekend,200.16745915626737,51783.96812970903
JP225,11,2025-06-30 09:15:00+00:00,2025-06-30 13:15:00+00:00,-0.38718400148927024,0.0480642208745301,1,0.5879832097952455,0.3,155.35190438912724,time,-60.14977198036081,51723.81835772867
NZDJPY,1,2025-06-30 10:30:00+00:00,2025-06-30 14:30:00+00:00,0.5654507532511354,0.09868658163568268,1,0.47011490028549235,0.3,155.35190438912724,time,87.84385135583037,51811.6622090845
US2000,9,2025-06-30 16:30:00+00:00,2025-06-30 16:30:00+00:00,1.327794122550823,0.17220587744912996,-1,0.34609358932150974,0.3,155.43498662725366,target,206.38566168243318,52018.04787076693
USDCHF,18,2025-06-30 14:45:00+00:00,2025-06-30 17:30:00+00:00,-1.061108627946405,0.061108627946431314,1,0.44408896743942217,0.3,155.43498662725366,stop,-164.93340539491294,51853.11446537202
CHFSGD,19,2025-06-30 14:45:00+00:00,2025-06-30 17:30:00+00:00,-1.0997171845931992,0.09971718459319358,-1,0.3994453697678117,0.3,155.43498662725366,stop,-170.93452588100496,51682.17993949101
CHFJPY,2,2025-06-30 14:45:00+00:00,2025-06-30 17:30:00+00:00,-1.077267962206303,0.07726796220629098,-1,0.4419391493496838,0.3,155.43498662725366,stop,-167.44513129950553,51514.734808191504
EURGBP,20,2025-06-30 16:45:00+00:00,2025-06-30 18:00:00+00:00,-1.2581420694859713,0.2581420694859809,-1,0.3571277143944666,0.3,156.05414361230095,stop,-196.3382831962413,51318.39652499526
JP225,11,2025-06-30 14:15:00+00:00,2025-06-30 18:15:00+00:00,-0.20476015050685792,0.07521801447190699,1,0.5571122435408006,0.3,155.17145507318617,time,-31.77293049515374,51286.6235945001
GBPUSD,6,2025-06-30 16:45:00+00:00,2025-06-30 18:45:00+00:00,1.4498733394005796,0.050126660599418164,1,0.4347830203200496,0.3,156.05414361230095,target,226.25874232646441,51512.882336826566
CHFSGD,19,2025-06-30 17:45:00+00:00,2025-06-30 20:00:00+00:00,-1.0796997278345302,0.0796997278344995,-1,0.3130930912462243,0.3,154.54420442457467,stop,-166.86133545561728,51346.02100137095
DJ30,9,2025-06-30 17:30:00+00:00,2025-06-30 20:45:00+00:00,-1.0391682527860664,0.0391682527860444,1,0.4406032599108185,0.3,154.54420442457467,stop,-160.59743089009794,51185.42357048085
EURCHF,13,2025-06-30 17:00:00+00:00,2025-06-30 21:00:00+00:00,-0.6343339636132332,0.15686988406272162,1,0.40037578773450383,0.3,156.05414361230095,time,-98.99044345585959,51086.43312702499
AUDCHF,12,2025-06-30 18:00:00+00:00,2025-06-30 22:00:00+00:00,-0.24375653204783268,0.041644732146131756,-1,0.4051494257673594,0.3,153.95518957498595,time,-37.52758310156522,51048.90554392342
GBPUSD,6,2025-07-01 06:30:00+00:00,2025-07-01 10:15:00+00:00,-1.0713404772097648,0.07134047720978352,-1,0.43821129798537,0.3,153.14671663177043,stop,-164.07227647938956,50884.83326744403
EURUSD,6,2025-07-01 10:15:00+00:00,2025-07-01 11:45:00+00:00,1.4482224446392205,0.051777555360719096,1,0.5064223715447144,0.3,152.65449980233225,target,221.07767288891102,51105.91094033294
EURCAD,4,2025-07-01 10:15:00+00:00,2025-07-01 11:45:00+00:00,1.4011878820795247,0.09881211792041673,1,0.4711579929835848,0.3,152.65449980233225,target,213.89763526793917,51319.80857560088
XAUAUD,3,2025-07-01 08:30:00+00:00,2025-07-01 12:15:00+00:00,-1.0631128641674223,0.06311286416740376,-1,0.4338860610037272,0.3,153.14671663177043,stop,-162.81224455623808,51156.99633104464
NAS100,9,2025-07-01 13:00:00+00:00,2025-07-01 15:15:00+00:00,-1.053819877573908,0.053819877573871695,1,0.5113065457686968,0.3,153.47098899313409,stop,-161.73077883189114,50995.265552212746
DJ30,9,2025-07-01 13:00:00+00:00,2025-07-01 15:15:00+00:00,-1.059738161693714,0.05973816169369659,1,0.5080319183379042,0.3,153.47098899313409,stop,-162.63906374890013,50832.626488463844
GER40,8,2025-07-01 15:00:00+00:00,2025-07-01 15:30:00+00:00,-1.0357741037651984,0.03577410376518261,1,0.45098104698589325,0.3,153.47098899313409,stop,-158.9612760783221,50673.665212385524
EURCHF,13,2025-07-01 13:15:00+00:00,2025-07-01 17:15:00+00:00,0.26916968803389874,0.07607758409505745,1,0.4813192605965664,0.3,153.47098899313409,time,41.30973822953581,50714.97495061506
EURCAD,4,2025-07-01 15:00:00+00:00,2025-07-01 19:00:00+00:00,-0.26777163997900494,0.07945504695344459,-1,0.41550371209586046,0.3,153.47098899313409,time,-41.09517841189133,50673.879772203174
GBPCAD,5,2025-07-02 09:15:00+00:00,2025-07-02 09:45:00+00:00,-1.1730294494187017,0.17302944941864126,1,0.4276763247255757,0.3,152.02163931660968,stop,-178.32585986729111,50495.55391233588
USDJPY,2,2025-07-02 08:30:00+00:00,2025-07-02 10:15:00+00:00,-1.047403830704997,0.0474038307050344,-1,0.4396052080689033,0.3,152.02163931660968,stop,-159.2280473702704,50336.32586496561
XAGSGD,3,2025-07-02 07:00:00+00:00,2025-07-02 11:00:00+00:00,0.49242580696436694,0.0074988701568176625,1,0.47047462833941567,0.3,152.02163931660968,time,74.85937841652745,50411.18524338214
AUDUSD,7,2025-07-02 10:15:00+00:00,2025-07-02 11:00:00+00:00,-1.0584192201699705,0.058419220169967666,1,0.4663299576484423,0.3,151.008977594897,stop,-159.83080430465543,50251.354439077484
EURNZD,15,2025-07-02 10:15:00+00:00,2025-07-02 12:45:00+00:00,-1.1354800496609587,0.13548004966095856,-1,0.39287219472183965,0.3,151.008977594897,stop,-171.46768137870424,50079.88675769878
GBPJPY,2,2025-07-02 08:45:00+00:00,2025-07-02 12:45:00+00:00,0.03679971990074397,0.0630875763002912,-1,0.4291250842807426,0.3,152.02163931660968,time,5.594353745703163,50085.48111144449
NZDJPY,1,2025-07-02 09:00:00+00:00,2025-07-02 13:00:00+00:00,0.42556956756821196,0.12588685743730144,-1,0.4227194297539503,0.3,152.02163931660968,time,64.69578330498027,50150.17689474947
EURUSD,6,2025-07-02 10:00:00+00:00,2025-07-02 13:45:00+00:00,-1.070264791818533,0.07026479181848147,1,0.5276230252179762,0.3,151.4866617370078,stop,-162.1308404872432,49988.04605426223
XAGUSD,3,2025-07-02 10:15:00+00:00,2025-07-02 13:45:00+00:00,1.374655284836374,0.12534471516362178,1,0.5007573141726566,0.3,151.008977594897,target,207.58528910856276,50195.63134337079
GBPNZD,16,2025-07-02 10:15:00+00:00,2025-07-02 14:15:00+00:00,-0.8918681626162923,0.09123182527088342,-1,0.4488706671870723,0.3,151.008977594897,time,-134.68009938612565,50060.951243984666
EURJPY,2,2025-07-02 13:00:00+00:00,2025-07-02 15:15:00+00:00,1.4258203601445947,0.0741796398554438,-1,0.4502586025148632,0.3,150.45053068424858,target,214.5154298441607,50275.46667382883
XAUCNH,3,2025-07-02 13:15:00+00:00,2025-07-02 15:45:00+00:00,-1.0097199040429221,0.009719904042940802,-1,0.41609652300654904,0.3,150.45053068424858,stop,-151.9128954057062,50123.55377842312
US2000,9,2025-07-02 16:15:00+00:00,2025-07-02 18:30:00+00:00,1.424069620993872,0.07593037900611763,1,0.4325232907243424,0.3,150.37066133526952,target,214.13829069631512,50337.69206911943
USDCAD,17,2025-07-02 14:30:00+00:00,2025-07-02 18:30:00+00:00,-0.6181421610202638,0.09750559344500569,1,0.3480893945994652,0.3,150.18285373195417,time,-92.83435375406033,50244.857715365375
SP500,9,2025-07-02 17:45:00+00:00,2025-07-02 21:30:00+00:00,-1.0863035752640864,0.08630357526409836,-1,0.35537704097736134,0.3,150.37066133526952,stop,-163.3481870233284,50081.509528342045
USDCHF,18,2025-07-03 08:30:00+00:00,2025-07-03 09:30:00+00:00,1.3771046731245666,0.12289532687549734,-1,0.45961611931254104,0.3,150.2445285850263,target,206.90244242583725,50288.411970767884
GBPUSD,6,2025-07-03 06:45:00+00:00,2025-07-03 10:00:00+00:00,1.4416440178523287,0.05835598214769141,1,0.44696778006647137,0.3,150.2445285850263,target,216.59912584964636,50505.01109661753
XAUGBP,3,2025-07-03 09:15:00+00:00,2025-07-03 11:00:00+00:00,1.4754774033978701,0.02452259660215605,-1,0.5056528895426241,0.3,150.2445285850263,target,221.6824069113717,50726.6935035289
XAUAUD,3,2025-07-03 09:15:00+00:00,2025-07-03 12:30:00+00:00,1.4781649340180036,0.02183506598202064,-1,0.4566088623249827,0.3,150.2445285850263,target,222.08619368245147,50948.77969721135
JP225,11,2025-07-03 09:30:00+00:00,2025-07-03 13:30:00+00:00,0.2902988180366369,0.07573012644434005,1,0.48905620998579963,0.3,150.8652359123038,time,43.79599966816018,50992.57569687951
AUDJPY,1,2025-07-03 10:00:00+00:00,2025-07-03 14:00:00+00:00,-0.2120824795583158,0.06715272067799692,-1,0.4813610860167792,0.3,151.51503328985274,time,-32.13368395047273,50960.44201292904
EURNZD,15,2025-07-03 15:30:00+00:00,2025-07-03 15:30:00+00:00,-1.0999771646441032,0.09997716464408006,-1,0.35061377675123623,0.3,151.920928497731,stop,-167.1095521790337,50793.33246075
NAS100,9,2025-07-03 15:15:00+00:00,2025-07-03 15:30:00+00:00,-1.074193575251086,0.07419357525107385,-1,0.3396857217241773,0.3,152.88132603878728,stop,-164.22413820673185,50629.108322543274
XAUGBP,3,2025-07-03 15:00:00+00:00,2025-07-03 15:30:00+00:00,-1.0197999946647098,0.019799994664706052,1,0.39515470236745315,0.3,152.88132603878728,stop,-155.90837547868904,50473.19994706458
EURAUD,15,2025-07-03 15:45:00+00:00,2025-07-03 19:30:00+00:00,-1.0431433501757115,0.04314335017571134,1,0.5186365227940265,0.3,151.41959984119393,stop,-157.95234866060866,50315.24759840397
AUDCHF,12,2025-07-03 15:45:00+00:00,2025-07-03 19:45:00+00:00,0.6719773879117129,0.04893454574486042,1,0.5275736667244556,0.3,151.41959984119393,time,101.75054717992232,50416.99814558389
EURCHF,13,2025-07-03 15:45:00+00:00,2025-07-03 19:45:00+00:00,-0.3605460906027149,0.06521754365508932,1,0.5931456194313891,0.3,151.41959984119393,time,-54.59374476336994,50362.404400820524
NZDCHF,12,2025-07-03 15:45:00+00:00,2025-07-03 19:45:00+00:00,0.8582977913958176,0.09343266276582078,1,0.4383376737874501,0.3,151.41959984119393,time,129.96310811773526,50492.36750893826
GBPUSD,6,2025-07-03 17:15:00+00:00,2025-07-03 21:15:00+00:00,-0.1284296616660407,0.027258477990109373,-1,0.45835274528350883,0.3,151.41959984119393,time,-19.446767977211806,50472.920740961046
GBPAUD,16,2025-07-04 07:45:00+00:00,2025-07-04 10:15:00+00:00,-1.103336580585984,0.1033365805859469,-1,0.4191217171172457,0.3,151.41876222288332,stop,-167.06585934755824,50305.854881613486
AUDCHF,12,2025-07-04 07:45:00+00:00,2025-07-04 10:30:00+00:00,-1.0597124647169076,0.059712464716904654,1,0.46173090188977195,0.3,151.41876222288332,stop,-160.46034971959506,50145.39453189389
CADJPY,2,2025-07-04 09:30:00+00:00,2025-07-04 11:15:00+00:00,-1.1851372965881954,0.18513729658815214,1,0.4312510346767322,0.3,151.41876222288332,stop,-179.45202251355872,49965.94250938034
US2000,9,2025-07-04 11:30:00+00:00,2025-07-04 11:30:00+00:00,-1.0921489699601055,0.09214896996007625,1,0.5238305190938616,0.3,149.89782752814116,stop,-163.7107579341169,49802.23175144622
GER40,8,2025-07-04 11:30:00+00:00,2025-07-04 11:45:00+00:00,-1.038454818859899,0.0384548188599165,1,0.4707620105563382,0.3,149.89782752814116,stop,-155.6621213332282,49646.569630112994
JP225,11,2025-07-04 11:30:00+00:00,2025-07-04 12:00:00+00:00,-1.0926817227722763,0.09268172277229236,1,0.511145675996634,0.3,149.89782752814116,stop,-163.79061642327082,49482.779013689724
AU200,10,2025-07-04 10:15:00+00:00,2025-07-04 13:45:00+00:00,-1.1511128852391772,0.15111288523917732,1,0.46886420207553176,0.3,150.9175646448406,stop,-173.7231532715925,49309.05586041813
GBPCHF,14,2025-07-07 09:45:00+00:00,2025-07-07 12:45:00+00:00,1.42743721149269,0.07256278850732703,1,0.48198798690845,0.3,147.92716758125454,target,211.15674359619786,49520.21260401433
GBPCAD,5,2025-07-07 10:30:00+00:00,2025-07-07 12:45:00+00:00,-1.135260490510124,0.13526049051010455,-1,0.40778115906446355,0.3,147.92716758125454,stop,-167.93586882806835,49352.27673518626
EURGBP,20,2025-07-07 11:45:00+00:00,2025-07-07 14:15:00+00:00,1.4148732053140483,0.08512679468599173,-1,0.5184223450439416,0.3,147.92716758125454,target,209.29818574871797,49561.574920934974
US2000,9,2025-07-07 16:30:00+00:00,2025-07-07 17:00:00+00:00,1.3811513113693645,0.1188486886306479,1,0.5259303103421766,0.3,148.6847247628051,target,205.3561025867413,49766.93102352171
AU200,10,2025-07-07 17:45:00+00:00,2025-07-07 19:15:00+00:00,-1.1751059482811912,0.17510594828120105,1,0.33574265402853526,0.3,149.3007930705653,stop,-175.44425002032054,49591.48677350139
GBPAUD,16,2025-07-07 15:15:00+00:00,2025-07-07 19:15:00+00:00,0.16335330932679937,0.09257184085729997,-1,0.425619583273503,0.3,148.6847247628051,time,24.28814183634853,49615.77491533774
XAUCNH,3,2025-07-08 06:30:00+00:00,2025-07-08 10:30:00+00:00,0.0092435538215225,0.03436705907989985,1,0.48710851331238264,0.3,148.84732474601338,time,1.3758782574794124,49617.15079359522
NZDJPY,1,2025-07-08 07:45:00+00:00,2025-07-08 11:45:00+00:00,-0.7083389560469661,0.05956305393922063,-1,0.5178126087915904,0.3,148.84732474601338,time,-105.43435862097486,49511.716434974245
GBPCHF,14,2025-07-08 10:00:00+00:00,2025-07-08 11:45:00+00:00,1.419517296344249,0.08048270365568624,-1,0.44825115059862974,0.3,148.84732474601338,target,211.29135199153535,49723.00778696578
GER40,8,2025-07-08 10:15:00+00:00,2025-07-08 13:15:00+00:00,-1.0345339358866892,0.03453393588668919,-1,0.5482795568288222,0.3,148.84732474601338,stop,-153.9876087156974,49569.02017825009
XAGEUR,3,2025-07-08 11:30:00+00:00,2025-07-08 15:30:00+00:00,0.3103370303115008,0.0846373719031377,1,0.44463322686297274,0.3,148.85145238078582,time,46.194117689406845,49615.21429593949
EURNZD,15,2025-07-08 12:45:00+00:00,2025-07-08 16:45:00+00:00,0.19274498826124167,0.07343969611252281,1,0.42268237300895906,0.3,149.1690233608975,time,28.751581656637075,49643.96587759613
DJ30,9,2025-07-08 16:45:00+00:00,2025-07-08 17:00:00+00:00,-1.039502782406306,0.03950278240630579,1,0.34992841964973204,0.3,148.93189763278855,stop,-154.81512197833482,49489.1507556178
XAUUSD,3,2025-07-08 16:30:00+00:00,2025-07-08 17:00:00+00:00,-1.014623459280682,0.014623459280666407,1,0.481083979916983,0.3,148.84564288781866,stop,-151.0222810856956,49338.1284745321
XAGEUR,3,2025-07-08 16:30:00+00:00,2025-07-08 17:30:00+00:00,-1.044183591523537,0.04418359152354246,1,0.4818379393598704,0.3,148.84564288781866,stop,-155.4221779732323,49182.70629655887
FR40,8,2025-07-08 17:00:00+00:00,2025-07-08 18:00:00+00:00,-1.161584788732218,0.16158478873223192,-1,0.3829397833649799,0.3,148.01438542359648,stop,-171.9312586215974,49010.775037937274
GBPJPY,2,2025-07-08 15:00:00+00:00,2025-07-08 18:30:00+00:00,-1.0591500097768416,0.05915000977681289,-1,0.3538018781027845,0.3,148.70706053475044,stop,-157.5030846192663,48853.271953318006
AUDUSD,7,2025-07-08 17:30:00+00:00,2025-07-08 21:30:00+00:00,0.5124906715737597,0.041478110923300525,1,0.3733788766492727,0.3,147.54811888967677,time,75.6170345392154,48928.88898785722
EURUSD,6,2025-07-08 17:30:00+00:00,2025-07-08 21:30:00+00:00,1.1492796471157394,0.04326336110524748,1,0.4460113854680479,0.3,147.54811888967677,time,169.57405001011887,49098.46303786734
NZDCNH,7,2025-07-08 17:30:00+00:00,2025-07-08 21:30:00+00:00,0.658791641001046,0.05112566165358361,1,0.4230156377174716,0.3,147.54811888967677,time,97.2034673699476,49195.666505237285
USDCAD,17,2025-07-08 17:30:00+00:00,2025-07-08 21:30:00+00:00,-0.324096760831535,0.08767712324513625,-1,0.37870223772782285,0.3,147.54811888967677,time,-47.81986739893046,49147.84663783835
EURAUD,15,2025-07-09 06:30:00+00:00,2025-07-09 07:30:00+00:00,1.4490443813591456,0.050955618640870795,-1,0.5057794241162901,0.3,147.44353991351522,target,213.65223307938217,49361.498870917734
XAUAUD,3,2025-07-09 06:15:00+00:00,2025-07-09 08:00:00+00:00,-1.0262413743975134,0.026241374397519255,1,0.49876865004245063,0.3,147.44353991351522,stop,-151.3126610468805,49210.18620987085
XAUCNH,3,2025-07-09 06:15:00+00:00,2025-07-09 10:15:00+00:00,-0.2531694701648043,0.02558498014177486,1,0.4982377075466169,0.3,147.44353991351522,time,-37.32820287912782,49172.85800699172
GBPJPY,2,2025-07-09 10:00:00+00:00,2025-07-09 12:15:00+00:00,1.4311735387825677,0.06882646121744404,-1,0.4846540846175041,0.3,147.63055862961272,target,211.28494902639017,49384.14295601811
XAUCNH,3,2025-07-09 11:45:00+00:00,2025-07-09 15:45:00+00:00,0.8426616232036965,0.015112110655247197,1,0.49374824810684165,0.3,147.51857402097534,time,124.30824103720974,49508.45119705532
XAUEUR,3,2025-07-09 11:45:00+00:00,2025-07-09 15:45:00+00:00,0.8917413191209532,0.012530322985306345,1,0.4572816705266531,0.3,147.51857402097534,time,131.54840779230653,49639.99960484763
USDJPY,2,2025-07-09 15:30:00+00:00,2025-07-09 16:00:00+00:00,-1.0468836923663294,0.046883692366339984,1,0.4153162331617957,0.3,148.1524288680545,stop,-155.09836176642887,49484.9012430812
EURCHF,13,2025-07-09 13:00:00+00:00,2025-07-09 16:30:00+00:00,-1.1284361846809512,0.1284361846809255,1,0.36154981227641353,0.3,148.1524288680545,stop,-167.18056158308343,49317.72068149812
JP225,11,2025-07-09 16:00:00+00:00,2025-07-09 16:45:00+00:00,-1.174044002655551,0.17404400265557615,-1,0.36972871336701,0.3,148.45470372924373,stop,-174.29235457932526,49143.428326918794
AU200,10,2025-07-09 16:45:00+00:00,2025-07-09 20:45:00+00:00,-0.4604054123476517,0.14126075151575096,-1,0.4671183928058982,0.3,147.43028498075654,time,-67.87770114909702,49075.5506257697
XAGSGD,3,2025-07-09 17:45:00+00:00,2025-07-09 21:45:00+00:00,-0.3027988577589358,0.006096621297160329,1,0.39396786089209646,0.3,147.43028498075654,time,-44.641721891247464,49030.90890387845
XAGUSD,3,2025-07-09 17:45:00+00:00,2025-07-09 21:45:00+00:00,-0.395918629173465,0.1065934770851607,1,0.39574072314220105,0.3,147.43028498075654,time,-58.37039632823441,48972.53850755022
NZDCHF,12,2025-07-10 06:30:00+00:00,2025-07-10 09:45:00+00:00,-1.0658690437039124,0.06586904370394493,-1,0.392982688326176,0.3,146.9176155226508,stop,-156.5949383603869,48815.94356918983
CADJPY,2,2025-07-10 07:45:00+00:00,2025-07-10 10:30:00+00:00,-1.15425266746282,0.1542526674627958,-1,0.40624586596662465,0.3,146.9176155226508,stop,-169.58004961429668,48646.363519575534
CNHJPY,2,2025-07-10 07:45:00+00:00,2025-07-10 10:30:00+00:00,-1.1069531407182398,0.10695314071821849,-1,0.4088818994470828,0.3,146.9176155226508,stop,-162.63091592963312,48483.7326036459
AU200,10,2025-07-10 10:15:00+00:00,2025-07-10 11:15:00+00:00,-1.1761210308613161,0.1761210308613477,-1,0.39470734329116103,0.3,146.44783070756964,stop,-172.2403736191903,48311.492230026706
XAUCNH,3,2025-07-10 09:30:00+00:00,2025-07-10 13:30:00+00:00,-0.12076025493312272,0.020844996663618987,-1,0.3886213932852492,0.3,146.9176155226508,time,-17.74180870468182,48293.75042132202
XAUUSD,3,2025-07-10 09:30:00+00:00,2025-07-10 13:30:00+00:00,-0.24444787845032195,0.01319641503202462,-1,0.3807549919704693,0.3,146.9176155226508,time,-35.913699421492076,48257.83672190053
GER40,8,2025-07-10 10:15:00+00:00,2025-07-10 14:15:00+00:00,0.8131258443422151,0.04964811803989298,-1,0.529279595104787,0.3,146.44783070756964,time,119.08051599617833,48376.91723789671
EURCAD,4,2025-07-10 11:00:00+00:00,2025-07-10 14:30:00+00:00,-1.0926543003530942,0.09265430035303848,1,0.45744856317757043,0.3,145.45119781093786,stop,-158.9278767796298,48217.989361117085
NZDJPY,1,2025-07-10 10:45:00+00:00,2025-07-10 14:45:00+00:00,0.3364916031432037,0.08305882361647894,-1,0.4727441635219065,0.3,145.45119781093786,time,48.94310673050172,48266.93246784759
EURGBP,20,2025-07-10 12:30:00+00:00,2025-07-10 14:45:00+00:00,1.3692411278552632,0.13075887214476786,1,0.3996904464423509,0.3,144.93447669008026,target,198.45024632823785,48465.38271417583
USDJPY,2,2025-07-10 15:00:00+00:00,2025-07-10 15:45:00+00:00,-1.0499444978786447,0.04994449787860553,-1,0.4255425667205553,0.3,145.39614814252764,stop,-152.65788575499522,48312.72482842083
EURAUD,15,2025-07-10 12:30:00+00:00,2025-07-10 16:30:00+00:00,-0.7370366977569699,0.07005543046165277,1,0.47389377127285287,0.3,144.93447669008026,time,-106.82202809079128,48205.90280033004
GER40,8,2025-07-10 14:15:00+00:00,2025-07-10 16:45:00+00:00,-1.0525715270952665,0.05257152709529649,1,0.41092955837769735,0.3,145.13075171369027,stop,-152.76049695976292,48053.14230337028
NAS100,9,2025-07-10 16:45:00+00:00,2025-07-10 17:00:00+00:00,1.473152301037962,0.026847698962010277,-1,0.4769574273576842,0.3,144.159426910111,target,212.3687914689439,48265.511094839225
NZDCHF,12,2025-07-10 15:45:00+00:00,2025-07-10 18:00:00+00:00,-1.1759638956589906,0.17596389565901055,-1,0.4059089645524086,0.3,144.93817448526264,stop,-170.44206029739198,48095.06903454183
EURNZD,15,2025-07-11 09:15:00+00:00,2025-07-11 12:00:00+00:00,-1.0948470808200421,0.09484708082005759,-1,0.4757809884877425,0.3,144.28520710362565,stop,-157.97023780291974,47937.098796738916
US2000,9,2025-07-11 11:30:00+00:00,2025-07-11 12:45:00+00:00,-1.059539314692657,0.059539314692635584,1,0.4914520277817225,0.3,144.28520710362565,stop,-152.8758494548636,47784.222947284055
NZDCHF,12,2025-07-11 11:30:00+00:00,2025-07-11 13:00:00+00:00,-1.0508309943429408,0.05083099434294543,1,0.4273634645145549,0.3,144.28520710362565,stop,-151.6193676496801,47632.60357963438
GBPUSD,6,2025-07-11 14:15:00+00:00,2025-07-11 14:30:00+00:00,-1.0480933770945489,0.04809337709457867,1,0.4467426060634121,0.3,142.89781073890327,stop,-149.77024903675482,47482.83333059763
EURCHF,13,2025-07-11 13:15:00+00:00,2025-07-11 17:15:00+00:00,0.46938045517545085,0.11004214131796713,1,0.3269028644370323,0.3,142.89781073890327,time,67.07343944820185,47549.906770045825
DJ30,9,2025-07-11 13:15:00+00:00,2025-07-11 17:15:00+00:00,0.38610851950248387,0.026420390890326027,1,0.460734101580456,0.3,142.89781073890327,time,55.17406214454408,47605.08083219037
AUDCAD,7,2025-07-11 15:45:00+00:00,2025-07-11 19:45:00+00:00,0.08574755091206654,0.07302500051760165,1,0.4081073276485115,0.3,142.44849999179303,time,12.214610005393782,47617.29544219576
NZDCAD,7,2025-07-11 15:45:00+00:00,2025-07-11 19:45:00+00:00,-0.347807142606318,0.10108183583611928,1,0.4423787963589918,0.3,142.44849999179303,time,-49.54460575070165,47567.75083644506
GBPCAD,5,2025-07-14 08:15:00+00:00,2025-07-14 09:00:00+00:00,-1.1589415891656112,0.158941589165587,1,0.4085846365577907,0.3,142.70325250933536,stop,-165.3847342422706,47402.36610220279
GBPUSD,6,2025-07-14 08:15:00+00:00,2025-07-14 09:00:00+00:00,-1.0709663906940008,0.07096639069398582,1,0.48384841959454244,0.3,142.70325250933536,stop,-152.8303872802175,47249.53571492257
USDCHF,18,2025-07-14 08:45:00+00:00,2025-07-14 12:45:00+00:00,0.3867572791797536,0.07825259025587157,-1,0.41320948317318634,0.3,142.70325250933536,time,55.19152167061189,47304.72723659318
AUDUSD,7,2025-07-14 09:45:00+00:00,2025-07-14 13:45:00+00:00,0.5427384075575612,0.04942274304486822,1,0.5050813745099485,0.3,141.74860714476785,time,76.93241331525364,47381.65964990843
XAUAUD,3,2025-07-14 16:15:00+00:00,2025-07-14 17:30:00+00:00,-1.02518323881044,0.02518323881044104,1,0.4499701643570857,0.3,142.14497894972544,stop,-145.72464990032134,47235.93500000811
AUDUSD,7,2025-07-14 16:00:00+00:00,2025-07-14 19:00:00+00:00,-1.0743292982717547,0.07432929827172088,1,0.4327472827234376,0.3,142.14497894972544,stop,-152.7105154879119,47083.2244845202
CNHJPY,2,2025-07-14 18:00:00+00:00,2025-07-14 19:00:00+00:00,-1.0976369832421433,0.09763698324214962,-1,0.3414317484049913,0.3,141.70780500002448,stop,-155.54372758209277,46927.680756938105
USDCHF,18,2025-07-14 15:30:00+00:00,2025-07-14 19:15:00+00:00,1.4308943381892774,0.06910566181069325,1,0.4224557620337039,0.3,142.14497894972544,target,203.39444558119615,47131.0752025193
EURCHF,13,2025-07-14 15:30:00+00:00,2025-07-14 19:30:00+00:00,0.08198148101142047,0.1746167137926059,1,0.3445129517883288,0.3,142.14497894972544,time,11.653255892635679,47142.72845841193
GBPUSD,6,2025-07-15 08:45:00+00:00,2025-07-15 10:45:00+00:00,-1.097080697950335,0.09708069795030806,-1,0.4767957648140311,0.3,141.42818537523596,stop,-155.15813232131322,46987.57032609062
USDCAD,17,2025-07-15 08:45:00+00:00,2025-07-15 11:15:00+00:00,-1.1421281860594088,0.14212818605939614,1,0.45540739765613997,0.3,141.42818537523596,stop,-161.52911682029205,46826.041209270334
GBPNZD,16,2025-07-15 11:00:00+00:00,2025-07-15 13:15:00+00:00,-1.106837450586743,0.10683745058682267,1,0.497159793690531,0.3,140.962710978272,stop,-156.0228076469865,46670.01840162335
EURCAD,4,2025-07-15 10:45:00+00:00,2025-07-15 14:00:00+00:00,1.395249631103312,0.10475036889675339,-1,0.47482829222298023,0.3,140.962710978272,target,196.67817049175682,46866.69657211511
XAUEUR,3,2025-07-15 13:30:00+00:00,2025-07-15 15:30:00+00:00,1.4726505377934944,0.027349462206501623,-1,0.44196350162121806,0.3,140.01005520487018,target,206.18588309394892,47072.88245520905
GBPJPY,2,2025-07-15 15:30:00+00:00,2025-07-15 16:15:00+00:00,-1.0963084650276143,0.09630846502762148,-1,0.3707806730408354,0.3,141.2186473656273,stop,-154.81919852668682,46918.06325668236
US2000,9,2025-07-15 15:45:00+00:00,2025-07-15 16:15:00+00:00,-1.1259276527538313,0.12592765275383117,-1,0.4067155725132399,0.3,141.2186473656273,stop,-159.00198015345177,46759.06127652891
AU200,10,2025-07-15 13:45:00+00:00,2025-07-15 16:30:00+00:00,1.3829732223286688,0.11702677767132048,-1,0.39446364747216145,0.3,140.01005520487018,target,193.63015720509412,46952.691433734006
DJ30,9,2025-07-15 15:30:00+00:00,2025-07-15 16:30:00+00:00,-1.0418375555262953,0.041837555526306705,1,0.4269076965239081,0.3,141.2186473656273,stop,-147.12689036613506,46805.56454336787
FR40,8,2025-07-15 13:45:00+00:00,2025-07-15 16:45:00+00:00,1.3736995919099144,0.12630040809009,-1,0.3839713040040423,0.3,140.01005520487018,target,192.33175569821475,46997.89629906609
USDCHF,18,2025-07-15 15:45:00+00:00,2025-07-15 17:00:00+00:00,1.4544789837238752,0.04552101627612483,1,0.45603748172298647,0.3,141.2186473656273,target,205.39955470321792,47203.295853769305
NZDCAD,7,2025-07-15 15:45:00+00:00,2025-07-15 17:00:00+00:00,1.4094406608545686,0.09055933914543142,-1,0.49107748979761007,0.3,141.2186473656273,target,199.03930366799804,47402.3351574373
GBPCHF,14,2025-07-15 15:30:00+00:00,2025-07-15 17:15:00+00:00,-1.1306030372609202,0.13060303726099318,-1,0.3876032828907689,0.3,141.2186473656273,stop,-159.66223162945707,47242.67292580784
GER40,8,2025-07-15 16:30:00+00:00,2025-07-15 17:30:00+00:00,1.4722229005172092,0.027777099482805764,-1,0.4024352680050946,0.3,140.41669363010377,target,206.7246719771477,47449.39759778499
XAGUSD,3,2025-07-15 17:00:00+00:00,2025-07-15 18:15:00+00:00,-1.2139220312401935,0.21392203124017833,1,0.5311127536664227,0.3,142.20700547231206,stop,-172.62821693953438,47276.76938084546
NAS100,9,2025-07-16 08:15:00+00:00,2025-07-16 10:00:00+00:00,1.4653776106571428,0.03462238934284633,-1,0.5431412439774929,0.3,141.83030814253652,target,207.83495806467647,47484.60433891013
GER40,8,2025-07-16 08:15:00+00:00,2025-07-16 10:45:00+00:00,-1.0455713693880502,0.04557136938805011,-1,0.5147075497626313,0.3,141.83030814253652,stop,-148.29370950532103,47336.31062940481
DJ30,9,2025-07-16 10:15:00+00:00,2025-07-16 11:30:00+00:00,1.469434811910779,0.030565188089179525,1,0.4877366559966349,0.3,142.45381301673055,target,209.32659193621274,47545.63722134102
EURCHF,13,2025-07-16 09:15:00+00:00,2025-07-16 13:15:00+00:00,-0.56767607451668,0.18446917094986212,-1,0.4159066731125667,0.3,141.83030814253652,time,-80.51367257384625,47465.12354876717
EURGBP,20,2025-07-16 09:15:00+00:00,2025-07-16 13:15:00+00:00,-0.0007215756601751777,0.0950314934920725,1,0.4586159864412747,0.3,141.83030814253652,time,-0.10234129823079967,47465.02120746894
USDCAD,17,2025-07-16 10:15:00+00:00,2025-07-16 14:15:00+00:00,1.1896902109878085,0.12146907406555363,1,0.44344971132717254,0.3,142.45381301673055,time,169.475906863892,47634.49711433283
GBPJPY,2,2025-07-16 15:45:00+00:00,2025-07-16 17:30:00+00:00,-1.0584213152365933,0.05842131523659178,1,0.4263220277975333,0.3,142.90349134299865,stop,-151.25210125915777,47483.24501307367
XAUUSD,3,2025-07-16 17:00:00+00:00,2025-07-16 17:45:00+00:00,1.4899009299541652,0.01009907004585244,1,0.46798532676092436,0.3,142.90349134299865,target,212.9120446456307,47696.1570577193
GBPCAD,5,2025-07-16 14:15:00+00:00,2025-07-16 18:00:00+00:00,-1.1136931678431037,0.11369316784312586,-1,0.3976465298279685,0.3,142.90349134299865,stop,-159.1506419696237,47537.006415749674
XAUGBP,3,2025-07-16 16:30:00+00:00,2025-07-16 18:00:00+00:00,-1.0159290973086286,0.01592909730865591,-1,0.36078515135238437,0.3,142.90349134299865,stop,-145.17981496234404,47391.82660078733
XAGSGD,3,2025-07-16 17:45:00+00:00,2025-07-16 21:45:00+00:00,0.7383461914596801,0.03164340820541575,1,0.41607917079017076,0.3,143.08847117315804,time,105.64882773248945,47497.47542851982
XAUUSD,3,2025-07-17 06:30:00+00:00,2025-07-17 09:15:00+00:00,-1.0160377899174056,0.016037789917415158,1,0.5027996228483739,0.3,142.49242628555962,stop,-144.7776898831488,47352.69773863667
NZDJPY,1,2025-07-17 06:15:00+00:00,2025-07-17 10:15:00+00:00,0.236194695554044,0.06666623694765057,1,0.4826292105055994,0.3,142.49242628555962,time,33.65595524527481,47386.353693881945
XAUAUD,3,2025-07-17 06:15:00+00:00,2025-07-17 10:15:00+00:00,0.17192263970195407,0.029396099016402204,-1,0.5125229450118279,0.3,142.49242628555962,time,24.497674064549514,47410.851367946496
US2000,9,2025-07-17 09:00:00+00:00,2025-07-17 13:00:00+00:00,0.8116488623998834,0.09070001614210449,-1,0.3545695444102012,0.3,142.49242628555962,time,115.6538156952737,47526.50518364177
USDCAD,17,2025-07-17 13:30:00+00:00,2025-07-17 13:45:00+00:00,-1.1066416719337369,0.10664167193378132,-1,0.42767641666664097,0.3,142.57951555092546,stop,-157.7844334727784,47368.72075016899
AUDCHF,12,2025-07-17 14:30:00+00:00,2025-07-17 16:30:00+00:00,1.4427964824267947,0.05720351757315037,1,0.3856404330916301,0.3,142.10616225050714,target,205.03027102620305,47573.751021195196
CNHJPY,2,2025-07-17 15:45:00+00:00,2025-07-17 17:15:00+00:00,1.4286484044388776,0.07135159556110797,-1,0.28251485621124195,0.3,142.10616225050714,target,203.0197419601193,47776.77076315531
EURCHF,13,2025-07-17 14:30:00+00:00,2025-07-17 18:15:00+00:00,1.4003852157357641,0.09961478426422761,1,0.33288117532898115,0.3,142.10616225050714,target,199.00336868055794,47975.77413183587
JP225,11,2025-07-17 15:45:00+00:00,2025-07-17 18:30:00+00:00,-1.1475556253888655,0.14755562538888925,-1,0.3193056617154224,0.3,142.10616225050714,stop,-163.07472589299232,47812.699405942876
USDCHF,18,2025-07-17 15:45:00+00:00,2025-07-17 19:45:00+00:00,-0.2911969528807634,0.051705636377580716,-1,0.33123345154989303,0.3,142.10616225050714,time,-41.38088143292705,47771.31852450995
EURUSD,6,2025-07-17 15:45:00+00:00,2025-07-17 19:45:00+00:00,0.15080935588598943,0.035867815736653756,1,0.4059473624576119,0.3,142.10616225050714,time,21.430938796428887,47792.74946330638
CHFSGD,19,2025-07-17 15:45:00+00:00,2025-07-17 19:45:00+00:00,-0.729156301634966,0.1009384918991214,1,0.40664305396986394,0.3,142.10616225050714,time,-103.6176037061182,47689.13185960027
EURCAD,4,2025-07-17 15:45:00+00:00,2025-07-17 19:45:00+00:00,-0.2840443752436755,0.061563900008406676,1,0.3552426673649125,0.3,142.10616225050714,time,-40.36445607472168,47648.76740352555
CNHJPY,2,2025-07-18 07:15:00+00:00,2025-07-18 10:15:00+00:00,-1.113994613829199,0.11399461382925052,-1,0.38735483934996934,0.3,142.9463022105768,stop,-159.24141072938346,47489.52599279617
CADJPY,2,2025-07-18 07:15:00+00:00,2025-07-18 10:30:00+00:00,-1.1602265317899285,0.1602265317899457,-1,0.3771213450069068,0.3,142.9463022105768,stop,-165.8500924459725,47323.675900350194
USDCHF,18,2025-07-18 06:45:00+00:00,2025-07-18 10:45:00+00:00,-0.17493774442373314,0.0907170537012602,1,0.40964717562638636,0.3,142.9463022105768,time,-25.006703682431603,47298.66919666776
GBPNZD,16,2025-07-18 09:45:00+00:00,2025-07-18 12:00:00+00:00,-1.1006913540107681,0.10069135401074292,1,0.5062729933119617,0.3,142.9463022105768,stop,-157.33975893099222,47141.32943773677
EURCHF,13,2025-07-18 10:00:00+00:00,2025-07-18 14:00:00+00:00,0.8571403077292727,0.19370947678569347,-1,0.33741728614689714,0.3,142.9463022105768,time,122.5250374655354,47263.85447520231
GBPJPY,2,2025-07-18 10:15:00+00:00,2025-07-18 14:15:00+00:00,-0.31128792501962316,0.07777600859635775,-1,0.40919989798338247,0.3,142.46857797838865,time,-44.34874801938898,47219.50572718292
NZDCAD,7,2025-07-18 12:30:00+00:00,2025-07-18 14:45:00+00:00,-1.150814459112641,0.15081445911263047,-1,0.4607480346195025,0.3,141.42398831321046,stop,-162.75277061621975,47056.7529565667
XAUEUR,3,2025-07-18 15:00:00+00:00,2025-07-18 19:00:00+00:00,0.21530477789091262,0.01745714415331295,-1,0.38560390321787996,0.3,141.17025886970023,time,30.394631230743446,47087.147587797444
EURCHF,13,2025-07-18 16:30:00+00:00,2025-07-18 19:15:00+00:00,-1.207377097328084,0.20737709732804074,1,0.36152357832105536,0.3,141.17025886970023,stop,-170.44573738315287,46916.70185041429
EURNZD,15,2025-07-18 16:30:00+00:00,2025-07-18 20:00:00+00:00,0.3200034462189019,0.11859545633048715,1,0.41515843707903155,0.3,141.17025886970023,weekend,45.17496934191858,46961.87681975621
EURCHF,13,2025-07-21 09:15:00+00:00,2025-07-21 10:15:00+00:00,-1.2774771073151494,0.2774771073152077,-1,0.45588432712441357,0.3,140.88563045926878,stop,-179.9781676613778,46781.89865209483
XAGEUR,3,2025-07-21 11:00:00+00:00,2025-07-21 13:00:00+00:00,-1.0936012675351927,0.09360126753517391,-1,0.4696422189673297,0.3,140.34569595628463,stop,-153.48223099090163,46628.41642110393
XAGSGD,3,2025-07-21 11:00:00+00:00,2025-07-21 15:00:00+00:00,-0.14996972181315937,0.04820455343994692,-1,0.4753474131117854,0.3,140.34569595628463,time,-21.04760498023825,46607.36881612369
AUDJPY,1,2025-07-21 11:45:00+00:00,2025-07-21 15:15:00+00:00,-1.0585015072649075,0.05850150726488525,1,0.5273965027555155,0.3,140.34569595628463,stop,-148.55613070786973,46458.812685415825
NZDJPY,1,2025-07-21 11:45:00+00:00,2025-07-21 15:45:00+00:00,-0.5732113972520988,0.07861817988781891,1,0.5402354863641231,0.3,140.34569595628463,time,-80.44775247742014,46378.364932938406
EURGBP,20,2025-07-22 08:00:00+00:00,2025-07-22 09:00:00+00:00,-1.2345499307408019,0.234549930740787,-1,0.3942656220193618,0.3,139.13509479881537,stop,-171.76922164749243,46206.59571129092
JP225,11,2025-07-22 07:00:00+00:00,2025-07-22 11:00:00+00:00,0.34986783120163856,0.04848053088244632,1,0.5533853040017908,0.3,139.13509479881537,time,48.67889386129592,46255.27460515221
GBPCAD,5,2025-07-22 11:00:00+00:00,2025-07-22 12:00:00+00:00,1.3669654840431136,0.13303451595693866,1,0.41310162708107945,0.3,138.7658238154568,target,189.6880915205373,46444.96269667275
FR40,8,2025-07-22 10:15:00+00:00,2025-07-22 13:15:00+00:00,1.3435977258253602,0.15640227417466768,-1,0.5000928211392667,0.3,138.6197871338729,target,186.24923074746715,46631.21192742022
JP225,11,2025-07-22 16:30:00+00:00,2025-07-22 16:45:00+00:00,-1.1418095564230142,0.14180955642299017,1,0.3949062930521247,0.3,139.89363578226082,stop,-159.73189021894592,46471.480037201276
EURGBP,20,2025-07-22 16:00:00+00:00,2025-07-22 18:00:00+00:00,1.3782581260256719,0.12174187397438477,1,0.4486247709798102,0.3,139.89363578226082,target,192.80954029617666,46664.28957749745
AUDUSD,7,2025-07-23 08:45:00+00:00,2025-07-23 10:15:00+00:00,-1.0646044562840145,0.06460445628402513,-1,0.5327579427527906,0.3,139.99286873249252,stop,-149.0370319005946,46515.25254559686
GER40,8,2025-07-23 10:00:00+00:00,2025-07-23 10:30:00+00:00,1.4731485214499584,0.026851478550065578,-1,0.539189903306731,0.3,139.99286873249252,target,206.23028758680948,46721.48283318367
SP500,9,2025-07-23 08:45:00+00:00,2025-07-23 11:45:00+00:00,-1.0965564517605557,0.0965564517605675,-1,0.5204694750287283,0.3,139.99286873249252,stop,-153.51008340908325,46567.972749774584
XAGSGD,3,2025-07-23 08:45:00+00:00,2025-07-23 12:45:00+00:00,-0.8465999701039203,0.04010210384702836,-1,0.5473873774809117,0.3,139.99286873249252,time,-118.51795848369021,46449.4547912909
CNHJPY,2,2025-07-23 09:45:00+00:00,2025-07-23 13:15:00+00:00,-1.0524190737146097,0.05241907371459801,1,0.5313206603077619,0.3,139.99286873249252,stop,-147.33116523810074,46302.123626052795
GBPCAD,5,2025-07-23 10:15:00+00:00,2025-07-23 14:15:00+00:00,0.9354895623546843,0.13534769353660495,-1,0.41964984884380524,0.3,139.5457576367907,time,130.54359974009418,46432.66722579289
USDCHF,18,2025-07-23 10:30:00+00:00,2025-07-23 14:30:00+00:00,0.882535037743368,0.08388711403030405,1,0.47528945963079144,0.3,140.16444849955116,time,123.70003684682973,46556.36726263972
US2000,9,2025-07-23 12:15:00+00:00,2025-07-23 16:15:00+00:00,0.9643340768958923,0.0642889384597282,-1,0.4908678120659474,0.3,139.70391824932392,time,134.721249043701,46691.08851168342
XAGUSD,3,2025-07-23 14:45:00+00:00,2025-07-23 18:45:00+00:00,0.6674959333671979,0.20469875289927683,-1,0.42318724826477877,0.3,139.6691017879193,time,93.22855746048536,46784.3170691439
CHFJPY,2,2025-07-24 07:00:00+00:00,2025-07-24 11:00:00+00:00,0.25376415488875387,0.06268352289157303,1,0.5097770548702978,0.3,140.35295120743186,time,35.616548049296455,46819.9336171932
GBPAUD,16,2025-07-24 08:30:00+00:00,2025-07-24 11:30:00+00:00,-1.1136634284253677,0.1136634284253471,1,0.44358161002168134,0.3,140.35295120743186,stop,-156.3059488312869,46663.627668361914
GBPNZD,16,2025-07-24 08:45:00+00:00,2025-07-24 11:30:00+00:00,-1.105392395506599,0.10539239550662045,1,0.4616357603425168,0.3,140.35295120743186,stop,-155.1450849516039,46508.48258341031
XAUEUR,3,2025-07-24 09:45:00+00:00,2025-07-24 13:45:00+00:00,-0.6182812815544269,0.022119091844366758,1,0.5381329138351758,0.3,140.35295120743186,time,-86.77760254247691,46421.704980867835
AU200,10,2025-07-24 10:15:00+00:00,2025-07-24 14:00:00+00:00,-1.1412398090289961,0.14123980902898486,1,0.48742575016594686,0.3,140.35295120743186,stop,-160.17637523262553,46261.52860563521
EURCHF,13,2025-07-24 15:15:00+00:00,2025-07-24 16:00:00+00:00,-1.1595056148584366,0.1595056148584366,-1,0.3570023117243601,0.3,138.78458581690577,stop,-160.9215065105048,46100.60709912471
SP500,9,2025-07-24 16:00:00+00:00,2025-07-24 17:45:00+00:00,1.4157283633248026,0.08427163667520222,1,0.41316960557751203,0.3,138.3018212973743,target,195.797811110171,46296.40491023488
XAUEUR,3,2025-07-25 09:45:00+00:00,2025-07-25 11:15:00+00:00,-1.0432310722670024,0.043231072266979906,1,0.4568233013512146,0.3,138.8892147307048,stop,-144.8935444098351,46151.51136582505
XAUAUD,3,2025-07-25 09:00:00+00:00,2025-07-25 11:30:00+00:00,-1.0366434038594332,0.03664340385940486,1,0.4515753408507262,0.3,138.8892147307048,stop,-143.97858831780155,46007.532777507244
AUDUSD,7,2025-07-25 11:30:00+00:00,2025-07-25 15:30:00+00:00,-0.7677732240685937,0.04677412615862163,1,0.4787310781837817,0.3,138.02259833252188,time,-105.97005531608482,45901.562722191156
FR40,8,2025-07-25 11:45:00+00:00,2025-07-25 15:45:00+00:00,0.4118836433488166,0.0769452960102195,-1,0.45109519912838564,0.3,138.02259833252188,time,56.84925066566941,45958.411972856826
XAUEUR,3,2025-07-25 16:30:00+00:00,2025-07-25 17:15:00+00:00,-1.0186985168120999,0.018698516812121535,1,0.442472072336266,0.3,137.87523591857064,stop,-140.45329833536627,45817.95867452146
XAGSGD,3,2025-07-25 17:30:00+00:00,2025-07-25 17:45:00+00:00,-1.037379746972679,0.03737974697267941,1,0.47601031944889716,0.3,137.45387602356453,stop,-142.59186712973937,45675.36680739172
XAGUSD,3,2025-07-25 17:30:00+00:00,2025-07-25 17:45:00+00:00,-1.1934512692882338,0.19345126928824552,1,0.45886973034028955,0.3,137.45387602356453,stop,-164.0445028089106,45511.32230458281
FR40,8,2025-07-25 16:15:00+00:00,2025-07-25 18:15:00+00:00,1.4085156178059037,0.09148438219409423,1,0.35676551129585593,0.3,137.87523591857064,target,194.19942309998027,45705.52172768279
DJ30,9,2025-07-25 17:15:00+00:00,2025-07-25 20:00:00+00:00,1.4760173388783677,0.023982661121634944,1,0.44253556888979056,0.3,137.45387602356453,target,202.8843043068188,45908.40603198961
GBPUSD,6,2025-07-28 09:15:00+00:00,2025-07-28 09:15:00+00:00,-1.071453040968354,0.07145304096838993,1,0.5335219292377226,0.3,137.72521809596898,stop,-147.56610374695575,45760.839928242654
XAGEUR,3,2025-07-28 08:45:00+00:00,2025-07-28 09:30:00+00:00,-1.0960577514449186,0.0960577514449321,-1,0.5139285989507272,0.3,137.72521809596898,stop,-150.95479286352878,45609.885135379125
EURJPY,2,2025-07-28 07:30:00+00:00,2025-07-28 10:00:00+00:00,-1.066333999241355,0.0663339992413137,1,0.43672185469268626,0.3,137.72521809596898,stop,-146.86108260866243,45463.02405277046
XAGSGD,3,2025-07-28 08:45:00+00:00,2025-07-28 11:00:00+00:00,-1.0646068631650774,0.06460686316506095,-1,0.5180445050217376,0.3,137.72521809596898,stop,-146.62321241587568,45316.40084035458
CADJPY,2,2025-07-28 09:30:00+00:00,2025-07-28 13:30:00+00:00,-0.6513928852446249,0.13441582321017703,-1,0.43571696940133925,0.3,136.8296554061375,time,-89.1298640220317,45227.27097633255
GBPUSD,6,2025-07-28 14:45:00+00:00,2025-07-28 18:30:00+00:00,-1.0513033010623838,0.05130330106233871,1,0.4485527643774931,0.3,135.6818129289978,stop,-142.6427378263842,45084.628238506164
AUDJPY,1,2025-07-28 17:00:00+00:00,2025-07-28 21:00:00+00:00,0.5602426325675329,0.04379340770394393,1,0.47667052872984755,0.3,135.6818129289978,time,76.01473606687725,45160.64297457304
USDCHF,18,2025-07-29 09:15:00+00:00,2025-07-29 09:30:00+00:00,-1.124688630142216,0.1246886301421808,-1,0.47990703290917985,0.3,135.48192892371927,stop,-152.3749850502429,45008.2679895228
GBPCHF,14,2025-07-29 09:15:00+00:00,2025-07-29 09:45:00+00:00,-1.0890466593415862,0.08904665934162832,-1,0.40639025720159844,0.3,135.48192892371927,stop,-147.54614209553068,44860.72184742727
USDCAD,17,2025-07-29 09:45:00+00:00,2025-07-29 09:45:00+00:00,-1.1277109195645085,0.12771091956455205,-1,0.44593952282043964,0.3,134.58216554228196,stop,-151.7697776606697,44708.952069766594
NAS100,9,2025-07-29 09:00:00+00:00,2025-07-29 10:30:00+00:00,-1.1147683889023963,0.11476838890246369,-1,0.5946435273047607,0.3,135.48192892371927,stop,-151.03097163168349,44557.92109813491
AUDJPY,1,2025-07-29 07:00:00+00:00,2025-07-29 11:00:00+00:00,-0.7556981551786094,0.056464718104576546,1,0.5064717804432646,0.3,135.48192892371927,time,-102.38344374769413,44455.53765438722
XAUGBP,3,2025-07-29 10:00:00+00:00,2025-07-29 11:30:00+00:00,-1.0191057658977185,0.01910576589772865,-1,0.44838683880785085,0.3,134.12685620929994,stop,-136.68945252463178,44318.84820186259
GBPAUD,16,2025-07-29 13:15:00+00:00,2025-07-29 15:00:00+00:00,-1.0849689496332429,0.0849689496332696,-1,0.45343333578417067,0.3,132.9565446055879,stop,-144.25372254759012,44174.594479315
JP225,11,2025-07-29 11:00:00+00:00,2025-07-29 15:00:00+00:00,0.07372682773307081,0.06602402483556669,-1,0.4934723945823308,0.3,133.3666129631618,time,9.832697299278157,44184.42717661428
USDJPY,2,2025-07-29 13:15:00+00:00,2025-07-29 17:15:00+00:00,-0.1761529864759344,0.0428637886657328,-1,0.41314480410911214,0.3,132.9565446055879,time,-23.420692403795094,44161.006484210484
XAUAUD,3,2025-07-30 10:30:00+00:00,2025-07-30 11:15:00+00:00,-1.0291110772517447,0.029111077251760115,-1,0.48732671827000046,0.3,132.4830194526316,stop,-136.33974286646153,44024.66674134402
GBPUSD,6,2025-07-30 09:15:00+00:00,2025-07-30 12:00:00+00:00,1.4257241110612757,0.07427588893872497,1,0.4561738651721377,0.3,132.4830194526316,target,188.88423513981687,44213.55097648384
USDCAD,17,2025-07-30 11:30:00+00:00,2025-07-30 12:45:00+00:00,-1.1194806795980952,0.1194806795980783,-1,0.43112343099744416,0.3,132.07400022403223,stop,-147.85429152803857,44065.6966849558
EURJPY,2,2025-07-30 10:15:00+00:00,2025-07-30 14:15:00+00:00,-0.42872667404231213,0.05681280380895762,1,0.5452076773671717,0.3,132.4830194526316,time,-56.79900429700968,44008.89768065879
AUDUSD,7,2025-07-30 11:30:00+00:00,2025-07-30 14:30:00+00:00,-1.0542551728474778,0.05425517284749725,1,0.46277792836013715,0.3,132.07400022403223,stop,-139.23969793484494,43869.65798272395
USDCHF,18,2025-07-30 13:45:00+00:00,2025-07-30 15:00:00+00:00,-1.0739339120224518,0.07393391202245933,-1,0.36733544043209415,0.3,132.19709005486754,stop,-141.97093808060825,43727.68704464334
NZDUSD,7,2025-07-30 13:45:00+00:00,2025-07-30 15:15:00+00:00,-1.0790263291893147,0.07902632918931353,1,0.40122357244010715,0.3,132.19709005486754,stop,-142.644140811413,43585.04290383193
GBPCAD,5,2025-07-30 15:15:00+00:00,2025-07-30 15:30:00+00:00,1.3993146011198379,0.10068539888017812,-1,0.4021800028758074,0.3,130.75512871149593,target,182.96756077729998,43768.01046460923
NZDCNH,7,2025-07-30 15:00:00+00:00,2025-07-30 15:30:00+00:00,-1.0595308368218517,0.05953083682184563,1,0.39263936382673786,0.3,131.18306113393018,stop,-138.99249854008517,43629.01796606914
XAUCNH,3,2025-07-30 11:30:00+00:00,2025-07-30 15:30:00+00:00,0.23299314940479185,0.020066395642513765,-1,0.4359524531962163,0.3,132.07400022403223,time,30.772337266686453,43659.79030333583
CHFJPY,2,2025-07-30 13:00:00+00:00,2025-07-30 15:30:00+00:00,-1.2201543631405904,0.07998520942554456,1,0.47414264012698554,0.3,132.19709005486754,stop,-161.30085622493618,43498.48944711089
XAUUSD,3,2025-07-30 15:00:00+00:00,2025-07-30 15:45:00+00:00,-1.0157548955745888,0.015754895574580194,1,0.4256202153765583,0.3,131.18306113393018,stop,-133.24983656325014,43365.239610547644
US2000,9,2025-07-30 12:30:00+00:00,2025-07-30 16:30:00+00:00,0.02916189128460465,0.06873874374215737,-1,0.41329873020136026,0.3,132.64065292945168,time,3.8680523006476473,43369.10766284829
SP500,9,2025-07-30 15:00:00+00:00,2025-07-30 18:00:00+00:00,1.4255506810135252,0.07444931898649369,-1,0.39765073889384456,0.3,131.18306113393018,target,187.0081021369131,43556.1157649852
NAS100,9,2025-07-30 16:45:00+00:00,2025-07-30 20:45:00+00:00,0.5466927274586025,0.029156945464459426,1,0.4268059589418107,0.3,130.107322988545,time,71.128727266945,43627.244492252146
EURNZD,15,2025-07-30 17:45:00+00:00,2025-07-30 21:45:00+00:00,0.2811487986039665,0.08930658401781777,-1,0.347974572405456,0.3,130.107322988545,time,36.57951754780766,43663.82400979995
EURAUD,15,2025-07-30 18:00:00+00:00,2025-07-30 22:00:00+00:00,-0.09734618556844954,0.05892732349531836,-1,0.3752898836367035,0.3,130.66834729495577,time,-12.720065183697375,43651.103944616254
NZDJPY,1,2025-07-31 06:15:00+00:00,2025-07-31 09:45:00+00:00,1.4431181934641166,0.05688180653586657,1,0.5448562448071664,0.3,130.95331183384891,target,188.98110680180716,43840.085051418064
XAUAUD,3,2025-07-31 06:30:00+00:00,2025-07-31 10:30:00+00:00,-0.40383246223936886,0.026174326256257447,-1,0.4652076989966409,0.3,130.95331183384891,time,-52.88319835626309,43787.2018530618
XAUGBP,3,2025-07-31 11:00:00+00:00,2025-07-31 11:15:00+00:00,-1.0134693565218684,0.013469356521869872,-1,0.41996004990650476,0.3,131.36160555918556,stop,-133.13096185774728,43654.07089120405
USDCAD,17,2025-07-31 07:45:00+00:00,2025-07-31 11:45:00+00:00,-0.7497604383825284,0.0599028395814791,-1,0.4638630357585463,0.3,130.95331183384891,time,-98.1836124881905,43555.88727871586
GER40,8,2025-07-31 12:45:00+00:00,2025-07-31 14:45:00+00:00,-1.0321263234599818,0.03212632345999778,1,0.5077096238826612,0.3,130.66766183614772,stop,-134.8655334060553,43421.02174530981
AU200,10,2025-07-31 11:00:00+00:00,2025-07-31 15:00:00+00:00,0.5731359453802188,0.10916875150099407,-1,0.4394809400057873,0.3,131.36160555918556,time,75.28805798882723,43496.30980329864
XAUEUR,3,2025-07-31 11:00:00+00:00,2025-07-31 15:00:00+00:00,-0.362975961182066,0.021943131154583233,-1,0.5139940139511648,0.3,131.36160555918556,time,-47.681105040264804,43448.62869825838
CADJPY,2,2025-07-31 14:00:00+00:00,2025-07-31 15:45:00+00:00,-1.1135153527289408,0.11351535272896517,-1,0.39637164774466566,0.3,130.66766183614772,stop,-145.50044755974398,43303.12825069863
US2000,9,2025-07-31 14:15:00+00:00,2025-07-31 16:30:00+00:00,-1.0817989019415675,0.08179890194153606,1,0.3474786651122568,0.3,130.66766183614772,stop,-141.35613309361665,43161.77211760502
XAUEUR,3,2025-07-31 16:00:00+00:00,2025-07-31 17:45:00+00:00,1.4909009437845386,0.009099056215476447,-1,0.40316212182801286,0.3,129.90938475209606,target,193.68202433336876,43355.45414193839
NZDUSD,7,2025-07-31 13:45:00+00:00,2025-07-31 17:45:00+00:00,0.08115164183792538,0.058620248653230435,1,0.4304062254367511,0.3,130.66766183614772,time,10.603895293126211,43366.058037231516
GBPNZD,16,2025-08-01 09:00:00+00:00,2025-08-01 09:30:00+00:00,-1.105632924438585,0.10563292443857264,-1,0.46336767975578214,0.3,130.0981741116947,stop,-143.84082470723322,43222.21721252428
NZDCAD,7,2025-08-01 09:15:00+00:00,2025-08-01 10:00:00+00:00,-1.1399219000094754,0.13992190000943225,1,0.36777215276623093,0.3,130.0981741116947,stop,-148.30175782116658,43073.915454703114
EURCAD,4,2025-08-01 09:00:00+00:00,2025-08-01 10:30:00+00:00,-1.0995800782988578,0.09958007829885207,-1,0.4096155106852988,0.3,130.0981741116947,stop,-143.0533604762757,42930.86209422684
XAUEUR,3,2025-08-01 09:00:00+00:00,2025-08-01 12:45:00+00:00,-1.0483687397692292,0.048368739769233116,-1,0.39863747346835526,0.3,130.0981741116947,stop,-136.39085883975514,42794.471235387085
GBPAUD,16,2025-08-01 11:30:00+00:00,2025-08-01 12:45:00+00:00,-1.0751266992171093,0.07512669921711619,1,0.44452010987536017,0.3,128.79258628268065,stop,-138.4683481737332,42656.002887213355
EURAUD,15,2025-08-01 09:45:00+00:00,2025-08-01 13:45:00+00:00,0.2742005855077097,0.06781518023947025,-1,0.3699936156428045,0.3,129.66665163757298,time,35.55467179984674,42691.5575590132
AUDUSD,7,2025-08-01 15:15:00+00:00,2025-08-01 15:30:00+00:00,1.4351712648813975,0.06482873511864291,1,0.35020856200268513,0.3,128.07467267703976,target,183.8090899851781,42875.36664899838
XAUGBP,3,2025-08-01 14:00:00+00:00,2025-08-01 15:30:00+00:00,-1.0148774016239956,0.014877401623996655,-1,0.3314068071271468,0.3,128.07467267703976,stop,-129.98009102031787,42745.38655797806
EURJPY,2,2025-08-01 15:45:00+00:00,2025-08-01 16:00:00+00:00,-1.0353908906152465,0.035390890615246376,1,0.48392580116466366,0.3,128.23615967393434,stop,-132.77455157387382,42612.61200640419
GBPCHF,14,2025-08-01 15:45:00+00:00,2025-08-01 16:00:00+00:00,-1.053918281158887,0.053918281158861756,1,0.38294414659008497,0.3,128.23615967393434,stop,-135.15043298596945,42477.46157341822
FR40,8,2025-08-01 15:45:00+00:00,2025-08-01 16:15:00+00:00,-1.096389792067797,0.096389792067804,1,0.43880356473010945,0.3,128.23615967393434,stop,-140.59681644047768,42336.864756977746
CHFSGD,19,2025-08-01 15:45:00+00:00,2025-08-01 19:45:00+00:00,0.10337164418952521,0.04053190445947203,1,0.5706396188125402,0.3,128.23615967393434,time,13.255982670045082,42350.12073964779
NZDCNH,7,2025-08-04 08:30:00+00:00,2025-08-04 10:30:00+00:00,-1.0879951522040694,0.08799515220410033,1,0.4791005475791948,0.3,127.05036221894352,stop,-138.2301781799816,42211.89056146781
CHFJPY,2,2025-08-04 15:15:00+00:00,2025-08-04 17:00:00+00:00,-1.0901353626298242,0.09013536262981325,1,0.4126425294790243,0.3,126.63567168440358,stop,-138.05002387354867,42073.84053759426
CADJPY,2,2025-08-04 16:00:00+00:00,2025-08-04 20:00:00+00:00,-0.6817384984793815,0.11763216228487322,1,0.3728778909543499,0.3,126.63567168440358,time,-86.33241266805322,41987.50812492621
SP500,9,2025-08-05 10:15:00+00:00,2025-08-05 11:00:00+00:00,1.4381896782661585,0.06181032173386289,-1,0.5482295896051806,0.3,125.96252437477877,target,181.15800240415624,42168.66612733036
CNHJPY,2,2025-08-05 11:00:00+00:00,2025-08-05 12:45:00+00:00,-1.095326946521886,0.09532694652191843,-1,0.46569133324699724,0.3,126.50599838199123,stop,-138.56542892444912,42030.10069840591
XAUSGD,3,2025-08-05 12:45:00+00:00,2025-08-05 13:00:00+00:00,-1.0122932966185358,0.012293296618526016,1,0.48072576778185416,0.3,126.09030209521788,stop,-127.64036757959518,41902.46033082632
AUDCHF,12,2025-08-05 12:15:00+00:00,2025-08-05 16:15:00+00:00,-0.37527153891092213,0.05213800036182253,-1,0.44729866703296023,0.3,126.50599838199123,time,-47.47410069427247,41854.986230132046
XAUGBP,3,2025-08-05 15:45:00+00:00,2025-08-05 16:30:00+00:00,-1.0162248115076173,0.016224811507607427,-1,0.43122508152293615,0.3,125.7073809924791,stop,-127.74695955419831,41727.23927057785
EURCAD,4,2025-08-05 15:00:00+00:00,2025-08-05 16:45:00+00:00,-1.0929024799421605,0.09290247994219775,1,0.39491635571934197,0.3,125.7073809924791,stop,-137.38590843371443,41589.85336214413
XAGUSD,3,2025-08-05 13:30:00+00:00,2025-08-05 17:00:00+00:00,1.4227036994758642,0.07729630052414346,1,0.4230795856121854,0.3,125.7073809924791,target,178.84435598942196,41768.69771813355
NAS100,9,2025-08-05 16:45:00+00:00,2025-08-05 17:15:00+00:00,-1.0393128544059382,0.039312854405958185,1,0.3901721893557062,0.3,124.76956008643253,stop,-129.6746076364034,41639.023110497146
EURJPY,2,2025-08-05 17:00:00+00:00,2025-08-05 18:15:00+00:00,-1.075459632684661,0.07545963268464641,-1,0.45911661948326277,0.3,125.3060931544008,stop,-134.7616449169818,41504.261465580166
USDCAD,17,2025-08-05 17:15:00+00:00,2025-08-05 21:15:00+00:00,-0.3389173466940908,0.07202336553006879,1,0.3845601216799541,0.3,124.91706933149159,time,-42.33656169463091,41461.924903885534
GER40,8,2025-08-05 18:00:00+00:00,2025-08-05 22:00:00+00:00,0.5115844413737464,0.023160261430400654,1,0.4320502735313448,0.3,124.91706933149159,time,63.90562913199667,41525.83053301753
DJ30,9,2025-08-06 09:00:00+00:00,2025-08-06 10:00:00+00:00,-1.0461204561451118,0.04612045614512168,-1,0.49875800580876173,0.3,124.57749159905273,stop,-130.32306233701487,41395.50747068051
NZDCHF,12,2025-08-06 10:00:00+00:00,2025-08-06 10:15:00+00:00,-1.0820796336785694,0.0820796336785488,-1,0.3746868643127746,0.3,124.18652241204168,stop,-134.3797066794375,41261.127764001074
EURUSD,6,2025-08-06 09:45:00+00:00,2025-08-06 13:00:00+00:00,-1.0819146386959748,0.08191463869597146,-1,0.5283636156609189,0.3,124.57749159905273,stop,-134.78221181303996,41126.34555218803
NZDUSD,7,2025-08-06 13:30:00+00:00,2025-08-06 13:45:00+00:00,-1.0854279453143132,0.08542794531435056,-1,0.367631999494571,0.3,123.37903665656424,stop,-133.91905425299385,40992.42649793504
NZDCNH,7,2025-08-06 13:30:00+00:00,2025-08-06 13:45:00+00:00,-1.0586126089211576,0.05861260892109258,-1,0.410601748711779,0.3,123.37903665656424,stop,-130.6106038811846,40861.815894053856
JP225,11,2025-08-06 09:45:00+00:00,2025-08-06 13:45:00+00:00,0.6496410739876763,0.07044300802276009,-1,0.40965977385644753,0.3,124.57749159905273,time,80.93065543709935,40942.746549490956
XAGSGD,3,2025-08-06 15:45:00+00:00,2025-08-06 19:45:00+00:00,0.4063584453761626,0.04203708055615644,1,0.42312099487725524,0.3,122.82823964847302,time,49.912292511844235,40992.6588420028
XAGUSD,3,2025-08-06 15:45:00+00:00,2025-08-06 19:45:00+00:00,0.4361986681324035,0.12378610852406237,1,0.4461650239923191,0.3,122.82823964847302,time,53.57751454371161,41046.23635654651
CHFJPY,2,2025-08-06 17:15:00+00:00,2025-08-06 21:15:00+00:00,-1.122617483640846,0.12261748364087967,1,0.33434918745315095,0.3,122.82823964847302,stop,-137.88912931420356,40908.34722723231
CNHJPY,2,2025-08-07 06:30:00+00:00,2025-08-07 09:15:00+00:00,1.4241436357593698,0.07585636424058875,-1,0.4115656105857388,0.3,122.72504168169709,target,174.7780870592923,41083.1253142916
USDJPY,2,2025-08-07 06:30:00+00:00,2025-08-07 09:15:00+00:00,1.456318215127419,0.04368178487262952,-1,0.4920672800431878,0.3,122.72504168169709,target,178.7267136533272,41261.85202794493
EURNZD,15,2025-08-07 07:15:00+00:00,2025-08-07 09:15:00+00:00,-1.1027743574957445,0.10277435749576408,1,0.4110851684453092,0.3,122.72504168169709,stop,-135.33802898917196,41126.51399895576
XAUEUR,3,2025-08-07 09:00:00+00:00,2025-08-07 10:00:00+00:00,1.4694851782763811,0.030514821723586532,1,0.4959084669787511,0.3,122.72504168169709,target,180.34262975460496,41306.85662871036
SP500,9,2025-08-07 10:30:00+00:00,2025-08-07 11:00:00+00:00,-1.0799643422999978,0.07996434229999173,-1,0.5269311836877355,0.3,123.92056988613123,stop,-133.82979675451662,41173.026831955845
CHFSGD,19,2025-08-07 11:30:00+00:00,2025-08-07 14:30:00+00:00,-1.0892609011772192,0.08926090117717594,1,0.4083720145127698,0.3,123.5190804958677,stop,-134.54450493351032,41038.482327022335
CHFJPY,2,2025-08-07 11:00:00+00:00,2025-08-07 14:45:00+00:00,-1.0712637644537828,0.07126376445374726,1,0.4867756330346478,0.3,123.5190804958677,stop,-132.32151515387304,40906.16081186846
DJ30,9,2025-08-07 16:45:00+00:00,2025-08-07 17:00:00+00:00,1.480619170633672,0.019380829366296825,-1,0.4362178756536886,0.3,122.71848243560552,target,181.6993376852291,41087.860149553686
USDJPY,2,2025-08-07 15:45:00+00:00,2025-08-07 19:45:00+00:00,0.3625283273246382,0.03531591552317455,1,0.41344637655923755,0.3,122.71848243560552,time,44.48892616919806,41132.34907572289
CNHJPY,2,2025-08-07 15:45:00+00:00,2025-08-07 19:45:00+00:00,0.16431680629501835,0.06827104756901581,1,0.4782125464033244,0.3,122.71848243560552,time,20.164709107190006,41152.51378483008
USDCAD,17,2025-08-08 10:45:00+00:00,2025-08-08 14:45:00+00:00,0.39831725438810517,0.11852413471457131,1,0.4165947947971416,0.3,123.45754135449039,time,49.17526890582656,41201.68905373591
SP500,9,2025-08-08 14:30:00+00:00,2025-08-08 16:45:00+00:00,-1.110727960705502,0.11072796070546835,-1,0.3289204778636864,0.3,123.45754135449039,stop,-137.12774314238828,41064.56131059352
DJ30,9,2025-08-08 16:45:00+00:00,2025-08-08 16:45:00+00:00,-1.0344686966825853,0.034468696682585384,-1,0.3494837222719224,0.3,123.19368393178071,stop,-127.44000965643555,40937.121300937084
NAS100,9,2025-08-08 17:15:00+00:00,2025-08-08 17:30:00+00:00,-1.0419439193876732,0.041943919387656244,-1,0.3102897015827289,0.3,122.81136390281141,stop,-127.96255385024112,40809.15874708684
GBPUSD,6,2025-08-08 15:30:00+00:00,2025-08-08 19:30:00+00:00,0.6831180901627953,0.05203859077187211,1,0.37827872186930755,0.3,123.60506716120786,time,84.43685741360837,40893.59560450045
NZDCHF,12,2025-08-08 15:45:00+00:00,2025-08-08 19:45:00+00:00,0.06386818430604753,0.17037900199041844,1,0.36982172616081105,0.3,123.60506716120786,time,7.894431210613407,40901.49003571106
AUDCAD,7,2025-08-08 16:45:00+00:00,2025-08-08 20:00:00+00:00,-0.12988435042314947,0.113423822061022,-1,0.31979747630918104,0.3,122.81136390281141,weekend,-15.951274225097686,40885.538761485965
EURCHF,13,2025-08-08 16:15:00+00:00,2025-08-08 20:00:00+00:00,0.9653518721774568,0.16503866017059735,1,0.32446455038251554,0.3,123.60506716120786,weekend,119.32238299469229,41004.86114448066
SP500,9,2025-08-11 09:15:00+00:00,2025-08-11 10:00:00+00:00,-1.1135343233152966,0.11353432331534415,-1,0.48094441946773786,0.3,123.01458343344213,stop,-136.98096092147108,40867.88018355919
EURJPY,2,2025-08-11 09:15:00+00:00,2025-08-11 10:30:00+00:00,1.397690825427322,0.10230917457268318,-1,0.4966204391830155,0.3,123.01458343344213,target,171.9363546586859,41039.81653821787
CHFJPY,2,2025-08-11 09:15:00+00:00,2025-08-11 10:30:00+00:00,1.3915679892707191,0.10843201072926571,-1,0.4688018729061281,0.3,123.01458343344213,target,171.18315651945016,41210.99969473732
XAGEUR,3,2025-08-11 10:15:00+00:00,2025-08-11 10:30:00+00:00,-1.0851157132298206,0.08511571322982091,1,0.4794079182252315,0.3,122.60364055067772,stop,-133.03913686072121,41077.9605578766
XAGSGD,3,2025-08-11 10:15:00+00:00,2025-08-11 10:30:00+00:00,-1.056161373602542,0.0561613736025312,1,0.49490808691814886,0.3,122.60364055067772,stop,-129.48922941267608,40948.47132846392
NZDCAD,7,2025-08-11 07:30:00+00:00,2025-08-11 11:30:00+00:00,-0.11134018814163438,0.13117149375518772,-1,0.47990165205815244,0.3,123.01458343344213,time,-13.696466863644225,40934.77486160028
USDCHF,18,2025-08-11 11:15:00+00:00,2025-08-11 12:15:00+00:00,-1.1447383300777605,0.1447383300777212,-1,0.43813674804689096,0.3,122.84541398539191,stop,-140.6258540633487,40794.14900753693
EURCHF,13,2025-08-11 13:00:00+00:00,2025-08-11 16:45:00+00:00,-1.1486324815406004,0.14863248154064485,-1,0.38622066540552086,0.3,122.38244702261095,stop,-140.57245382059267,40653.57655371634
EURAUD,15,2025-08-11 13:45:00+00:00,2025-08-11 17:00:00+00:00,-1.092188265107752,0.09218826510778805,1,0.4300305498481139,0.3,122.38244702261095,stop,-133.6646724932668,40519.91188122307
SP500,9,2025-08-11 16:45:00+00:00,2025-08-11 17:45:00+00:00,-1.1191934901622627,0.11919349016228628,1,0.42228705408137174,0.3,121.96072966114916,stop,-136.49765469219773,40383.41422653088
GBPCAD,5,2025-08-11 16:30:00+00:00,2025-08-11 20:30:00+00:00,0.1618137536443713,0.1254422112738391,1,0.4224151161725514,0.3,122.38244702261095,time,19.80316313291209,40403.21738966379
GER40,8,2025-08-11 16:30:00+00:00,2025-08-11 20:30:00+00:00,-0.02098465194155103,0.021640422314763864,1,0.4469499075761519,0.3,122.38244702261095,time,-2.568153054524799,40400.649236609264
FR40,8,2025-08-11 18:00:00+00:00,2025-08-11 22:00:00+00:00,0.26536270472412443,0.14307574402175333,1,0.38435452747966664,0.3,121.15024267959278,time,32.148756075440794,40432.797992684704
GBPNZD,16,2025-08-12 07:30:00+00:00,2025-08-12 08:00:00+00:00,-1.1208621976370565,0.12086219763701596,-1,0.3965443329811646,0.3,121.29839397805426,stop,-135.9587844440874,40296.83920824061
AUDCAD,7,2025-08-12 07:45:00+00:00,2025-08-12 08:00:00+00:00,-1.0924169717213037,0.09241697172130357,1,0.5126458761623169,0.3,121.29839397805426,stop,-132.50842422416366,40164.33078401645
NZDCNH,7,2025-08-12 07:30:00+00:00,2025-08-12 08:15:00+00:00,-1.1086485775337074,0.10864857753371833,1,0.4944326836206212,0.3,121.29839397805426,stop,-134.47729194089308,40029.853492075556
USDCHF,18,2025-08-12 08:15:00+00:00,2025-08-12 10:30:00+00:00,-1.1080880460141207,0.10808804601415789,1,0.4835048991489901,0.3,120.08956047622682,stop,-133.06980641479674,39896.78368566076
USDCAD,17,2025-08-12 07:45:00+00:00,2025-08-12 11:00:00+00:00,-1.1649708499219293,0.16497084992206215,-1,0.4115817427334038,0.3,121.29839397805426,stop,-141.30909312677892,39755.47459253398
SP500,9,2025-08-12 15:00:00+00:00,2025-08-12 15:30:00+00:00,1.4520236232834975,0.047976376716497245,1,0.446465295921977,0.3,119.26642377760209,target,173.17766478961886,39928.6522573236
EURUSD,6,2025-08-12 15:00:00+00:00,2025-08-12 15:30:00+00:00,1.4354762004311923,0.06452379956886423,1,0.4666711764280637,0.3,119.26642377760209,target,171.20411284328864,40099.85637016689
AUDCAD,7,2025-08-12 14:30:00+00:00,2025-08-12 15:30:00+00:00,1.416631824187639,0.08336817581232576,1,0.43710452364607927,0.3,119.26642377760209,target,168.95661148040045,40268.812981647294
CNHJPY,2,2025-08-12 12:00:00+00:00,2025-08-12 15:30:00+00:00,1.4001133809215982,0.09988661907844464,-1,0.40159998499991795,0.3,119.26642377760209,target,166.98651582568655,40435.79949747298
XAUUSD,3,2025-08-12 14:30:00+00:00,2025-08-12 17:15:00+00:00,-1.0134965365634492,0.01349653656344785,1,0.4142619936626489,0.3,119.26642377760209,stop,-120.87610742690832,40314.923390046075
XAUCNH,3,2025-08-12 14:30:00+00:00,2025-08-12 17:15:00+00:00,-1.0289951878078927,0.028995187807902247,1,0.3907677178359221,0.3,119.26642377760209,stop,-122.72457613420937,40192.19881391186
GBPNZD,16,2025-08-12 15:00:00+00:00,2025-08-12 18:00:00+00:00,1.4265695835023264,0.07343041649767947,-1,0.4969747384528052,0.3,119.26642377760209,target,170.14185249422576,40362.34066640609
NZDCAD,7,2025-08-12 15:45:00+00:00,2025-08-12 19:45:00+00:00,0.47245284690345446,0.08275821084121136,1,0.5401338477938876,0.3,121.30739849241908,time,57.31202576819521,40419.652692174284
EURJPY,2,2025-08-12 15:45:00+00:00,2025-08-12 19:45:00+00:00,0.03311052392749954,0.035357730280030954,1,0.5528658251588917,0.3,121.30739849241908,time,4.016551520365963,40423.66924369465
CHFSGD,19,2025-08-12 15:45:00+00:00,2025-08-12 19:45:00+00:00,0.10898933276497595,0.05485045077394916,1,0.5164251978585509,0.3,121.30739849241908,time,13.221212421143806,40436.89045611579
EURCHF,13,2025-08-12 15:45:00+00:00,2025-08-12 19:45:00+00:00,0.29679617372273553,0.08531661501912696,1,0.508786530407192,0.3,121.30739849241908,time,36.00357171680912,40472.8940278326
GBPJPY,2,2025-08-12 16:45:00+00:00,2025-08-12 20:45:00+00:00,0.424742971184998,0.042022218212199675,-1,0.5550607226827218,0.3,121.30739849241908,time,51.52446486239263,40524.41849269499
XAGSGD,3,2025-08-12 17:30:00+00:00,2025-08-12 21:30:00+00:00,0.7526821359635185,0.005414979395420974,1,0.42118175606364416,0.3,120.57659644173573,time,90.75585015697683,40615.17434285197
XAGEUR,3,2025-08-12 17:30:00+00:00,2025-08-12 21:30:00+00:00,0.7354015149687086,0.03342734158948543,1,0.39930774648326955,0.3,120.57659644173573,time,88.67221169302306,40703.846554544994
FR40,8,2025-08-13 06:30:00+00:00,2025-08-13 07:30:00+00:00,-2.2863184196759043,1.2863184196759276,-1,0.43608883357015876,0.3,122.11153966363514,stop,-279.1858623879538,40424.66069215704
GER40,8,2025-08-13 09:30:00+00:00,2025-08-13 10:15:00+00:00,1.4733057104341913,0.02669428956581426,1,0.45199105649566346,0.3,121.27398207647127,target,178.6736503203589,40603.3343424774
EURCHF,13,2025-08-13 09:45:00+00:00,2025-08-13 10:30:00+00:00,1.364888476949426,0.13511152305051913,-1,0.4260712904925115,0.3,121.27398207647127,target,165.52546068994687,40768.85980316735
CADJPY,2,2025-08-13 10:45:00+00:00,2025-08-13 11:15:00+00:00,-1.1696670809021381,0.1696670809021062,1,0.41863050553135434,0.3,122.30657940950219,stop,-143.05797971303798,40625.801823454305
CHFJPY,2,2025-08-13 11:15:00+00:00,2025-08-13 15:15:00+00:00,0.7549236242446693,0.07362251108418928,-1,0.43725119168438614,0.3,121.87740547036306,time,92.00813265122356,40717.80995610553
SP500,9,2025-08-13 15:15:00+00:00,2025-08-13 16:15:00+00:00,-1.1499477932963178,0.1499477932962801,-1,0.3713785736481115,0.3,122.15342986831672,stop,-140.47006712064734,40577.33988898488
XAGSGD,3,2025-08-13 14:15:00+00:00,2025-08-13 18:15:00+00:00,0.8704414908034922,0.053657352172820215,-1,0.43303067289272884,0.3,121.87740547036306,time,106.08715051288452,40683.427039497765
CADJPY,2,2025-08-13 17:15:00+00:00,2025-08-13 21:15:00+00:00,0.619602288898505,0.1292213100024639,1,0.42267193383003354,0.3,121.7320196669548,time,75.42543801788302,40758.85247751565
NZDCAD,7,2025-08-14 09:15:00+00:00,2025-08-14 09:45:00+00:00,-1.1391253243163202,0.13912532431628893,1,0.4139019630364235,0.3,122.2765574325471,stop,-139.28832314163336,40619.56415437401
EURUSD,6,2025-08-14 08:45:00+00:00,2025-08-14 09:45:00+00:00,-1.1108066949380535,0.11080669493805882,1,0.5288694609079693,0.3,122.2765574325471,stop,-135.8256186300507,40483.73853574396
XAGEUR,3,2025-08-14 08:45:00+00:00,2025-08-14 10:45:00+00:00,-1.105292741197023,0.10529274119702682,1,0.4645730424917392,0.3,122.2765574325471,stop,-135.1513913487552,40348.587144395206
XAUCNH,3,2025-08-14 08:45:00+00:00,2025-08-14 10:45:00+00:00,-1.0550220116378934,0.05502201163789927,1,0.4729695486916892,0.3,122.2765574325471,stop,-129.00445959864226,40219.582684796565
AUDCAD,7,2025-08-14 15:45:00+00:00,2025-08-14 16:00:00+00:00,-1.1118999319324179,0.11189993193241769,1,0.42976113305797065,0.3,120.65874805438985,stop,-134.16045374872684,40085.422231047836
XAGSGD,3,2025-08-14 15:45:00+00:00,2025-08-14 16:45:00+00:00,-1.0512293216768958,0.05122932167689582,1,0.44161201908861863,0.3,120.65874805438985,stop,-126.84001387159971,39958.582217176234
USDCHF,18,2025-08-14 15:45:00+00:00,2025-08-14 17:00:00+00:00,-1.0474886747248062,0.04748867472480636,-1,0.4316334297944933,0.3,120.65874805438985,stop,-126.38867209344711,39832.19354508279
EURCAD,4,2025-08-14 15:45:00+00:00,2025-08-14 17:00:00+00:00,-1.0741385224661184,0.07413852246611842,1,0.4476834157565177,0.3,120.65874805438985,stop,-129.60420935775394,39702.58933572503
XAUEUR,3,2025-08-14 15:45:00+00:00,2025-08-14 18:00:00+00:00,-1.0265545442036,0.026554544203609053,1,0.4786538608146103,0.3,120.65874805438985,stop,-123.86278611315117,39578.72654961188
JP225,11,2025-08-15 07:15:00+00:00,2025-08-15 08:00:00+00:00,-1.0726278614248752,0.07262786142486795,-1,0.4467942453776033,0.3,118.73617964883579,stop,-127.35973445049052,39451.36681516139
EURUSD,6,2025-08-15 08:45:00+00:00,2025-08-15 09:00:00+00:00,-1.1092601938062236,0.1092601938061571,-1,0.43158548245692696,0.3,118.3541004454843,stop,-131.28549239791917,39320.08132276347
XAUEUR,3,2025-08-15 08:15:00+00:00,2025-08-15 10:00:00+00:00,1.4650184282752075,0.03498157172477084,-1,0.4267504394608997,0.3,118.3541004454843,target,173.39093821456945,39493.472260978044
USDJPY,2,2025-08-15 07:00:00+00:00,2025-08-15 10:00:00+00:00,-1.0581964227639442,0.058196422763915595,1,0.47732903875500665,0.3,118.73617964883579,stop,-125.64620055705507,39367.826060420986
XAUEUR,3,2025-08-15 10:15:00+00:00,2025-08-15 13:45:00+00:00,-1.042368355722516,0.04236835572251716,1,0.43877668626724575,0.3,118.10347818126311,stop,-123.10732835691329,39244.71873206407
XAUCNH,3,2025-08-15 11:15:00+00:00,2025-08-15 15:15:00+00:00,0.7721957271767919,0.022511006180947795,-1,0.5388584793119775,0.3,118.10347818126311,time,91.19900121628883,39335.91773328036
GBPCAD,5,2025-08-15 13:30:00+00:00,2025-08-15 15:30:00+00:00,-1.1769751700755764,0.1769751700756135,-1,0.38924096313721074,0.3,118.10347818126311,stop,-139.0048613189093,39196.91287196145
XAUSGD,3,2025-08-15 15:45:00+00:00,2025-08-15 16:45:00+00:00,-1.0204325499091969,0.02043254990921496,1,0.4283051794438548,0.3,117.5907386158845,stop,-119.99341725151288,39076.91945470994
NZDCNH,7,2025-08-15 16:15:00+00:00,2025-08-15 20:00:00+00:00,0.11638729730404859,0.04454486838511497,-1,0.4026466392207819,0.3,117.5907386158845,weekend,13.686068255489618,39090.60552296543
US2000,9,2025-08-15 17:30:00+00:00,2025-08-15 20:00:00+00:00,0.6515517793928309,0.08475823681227847,1,0.3985356463767564,0.3,117.23075836412995,weekend,76.38190921171987,39166.98743217715
NZDJPY,1,2025-08-15 18:00:00+00:00,2025-08-15 20:00:00+00:00,0.5597294015411846,0.15345037049970467,1,0.31645025927218157,0.3,117.23075836412995,weekend,65.61750222137367,39232.60493439852
XAUUSD,3,2025-08-18 07:00:00+00:00,2025-08-18 07:30:00+00:00,-1.0170241620415745,0.017024162041591306,-1,0.4884026226832863,0.3,117.69781480319571,stop,-119.70152147434455,39112.90341292418
AUDUSD,7,2025-08-18 07:15:00+00:00,2025-08-18 11:00:00+00:00,1.4314833780048186,0.0685166219952084,-1,0.500095006650887,0.3,117.69781480319571,target,168.48246551826415,39281.385878442445
NZDJPY,1,2025-08-18 08:00:00+00:00,2025-08-18 12:00:00+00:00,-0.11466747196935162,0.10682831181302561,-1,0.46180879510191447,0.3,117.33871023877268,time,-13.454933267224337,39267.93094517522
CADJPY,2,2025-08-18 13:45:00+00:00,2025-08-18 15:00:00+00:00,-1.132701146441822,0.13270114644179387,-1,0.38127016366612426,0.3,117.8037928355258,stop,-133.43649119999498,39134.494453975225
GBPCAD,5,2025-08-18 13:15:00+00:00,2025-08-18 15:15:00+00:00,-1.143002836255997,0.1430028362560021,1,0.45574947550390266,0.3,117.8037928355258,stop,-134.65006933271988,38999.84438464251
EURCHF,13,2025-08-18 15:15:00+00:00,2025-08-18 17:30:00+00:00,-1.2345871393099688,0.2345871393100279,1,0.34865534880388344,0.3,116.99953315392767,stop,-144.44611893710942,38855.3982657054
USDJPY,2,2025-08-18 16:30:00+00:00,2025-08-18 20:30:00+00:00,0.14796609337049613,0.049876551785671096,-1,0.3677812477033857,0.3,116.99953315392767,time,17.31196384695852,38872.71022955236
EURJPY,2,2025-08-19 09:15:00+00:00,2025-08-19 10:30:00+00:00,1.4413593516703338,0.05864064832963451,1,0.5263943698133874,0.3,116.61813068865722,target,168.08863324240923,39040.79886279477
AUDUSD,7,2025-08-19 09:15:00+00:00,2025-08-19 13:15:00+00:00,0.957594934911724,0.056156529880357395,1,0.5516372780468259,0.3,116.61813068865722,time,111.67293126633163,39152.4717940611
EURUSD,6,2025-08-19 10:15:00+00:00,2025-08-19 13:15:00+00:00,-1.0690995344771816,0.06909953447723197,-1,0.4249916504346614,0.3,116.61813068865722,stop,-124.67638923084256,39027.795404830256
NZDUSD,7,2025-08-19 10:15:00+00:00,2025-08-19 14:15:00+00:00,0.35934914287654773,0.06970350276269181,-1,0.46778697805139635,0.3,116.61813068865722,time,41.9066253068342,39069.702030137094
NZDCAD,7,2025-08-19 15:30:00+00:00,2025-08-19 15:30:00+00:00,-1.206085741194468,0.20608574119448309,-1,0.41629788706369414,0.3,117.20910609041142,stop,-141.3642315937949,38928.337798543296
EURJPY,2,2025-08-19 14:15:00+00:00,2025-08-19 17:00:00+00:00,1.4386027973430204,0.0613972026570205,-1,0.4474531110044618,0.3,117.20910609041142,target,168.61734789574072,39096.95514643904
USDJPY,2,2025-08-19 17:15:00+00:00,2025-08-19 21:15:00+00:00,-0.6400118149052717,0.04799264245366935,1,0.4101182365226453,0.3,117.29086543931726,time,-75.06753966162745,39021.88760677741
XAUCNH,3,2025-08-19 18:00:00+00:00,2025-08-19 22:00:00+00:00,-0.6811904647857671,0.01716958971772437,1,0.4128947637400313,0.3,117.29086543931726,time,-79.89741914373339,38941.99018763368
XAUGBP,3,2025-08-19 18:00:00+00:00,2025-08-19 22:00:00+00:00,-0.3424312981765533,0.0157191685031536,1,0.3943193300470936,0.3,117.29086543931726,time,-40.16406331663684,38901.82612431704
GBPCAD,5,2025-08-20 08:15:00+00:00,2025-08-20 08:45:00+00:00,1.3451608892215077,0.15483911077852824,1,0.392686416032896,0.3,116.70547837295128,target,156.98764506518057,39058.81376938222
FR40,8,2025-08-20 06:30:00+00:00,2025-08-20 09:00:00+00:00,0.8478618095345529,0.6521381904654417,1,0.45383594632456786,0.3,116.70547837295128,target,98.9501180758861,39157.76388745811
FR40,8,2025-08-20 09:00:00+00:00,2025-08-20 09:00:00+00:00,-1.2444291859778736,0.2444291859778737,-1,0.49400334697117393,0.3,117.47329166237449,stop,-146.18719271755,39011.57669474056
CHFSGD,19,2025-08-20 15:45:00+00:00,2025-08-20 16:45:00+00:00,-1.1624952834599696,0.162495283460024,-1,0.4379479292850377,0.3,117.03473008422183,stop,-136.05232172391848,38875.52437301664
XAUSGD,3,2025-08-21 07:30:00+00:00,2025-08-21 11:30:00+00:00,-0.02445873372570706,0.012948741384203398,1,0.4204909116406119,0.3,116.62657311905006,time,-2.8525382972605504,38872.67183471938
GBPAUD,16,2025-08-21 11:00:00+00:00,2025-08-21 12:45:00+00:00,-1.0995368185504244,0.09953681855036223,-1,0.4388132622309116,0.3,116.62657311905006,stop,-128.23521116575876,38744.43662355362
AUDUSD,7,2025-08-21 10:15:00+00:00,2025-08-21 14:15:00+00:00,0.8063144686754309,0.056199938763673685,1,0.4945315169466209,0.3,116.62657311905006,time,94.03769333792314,38838.474316891545
EURCHF,13,2025-08-21 12:30:00+00:00,2025-08-21 14:30:00+00:00,-1.1440186067812121,0.14401860678117556,-1,0.4319885539833596,0.3,116.61801550415831,stop,-133.413179622657,38705.06113726889
GBPNZD,16,2025-08-21 11:45:00+00:00,2025-08-21 15:45:00+00:00,0.6311495528340991,0.07786906372852398,-1,0.4406427457312208,0.3,116.61801550415831,time,73.60340833784956,38778.664545606734
EURCHF,13,2025-08-21 15:45:00+00:00,2025-08-21 19:45:00+00:00,-0.5325629689711977,0.14414717915301528,1,0.4529598643958774,0.3,116.33599363682035,time,-61.956242169439406,38716.70830343729
XAUSGD,3,2025-08-21 16:45:00+00:00,2025-08-21 20:45:00+00:00,0.3726993682365191,0.011550600255262375,-1,0.4414675801327681,0.3,116.33599363682035,time,43.35835133161065,38760.0666547689
XAUUSD,3,2025-08-21 16:45:00+00:00,2025-08-21 20:45:00+00:00,0.7732385294034977,0.011700961352890659,-1,0.4408715556192652,0.3,116.33599363682035,time,89.95547263642963,38850.02212740533
EURNZD,15,2025-08-22 06:45:00+00:00,2025-08-22 10:45:00+00:00,0.6265891575456061,0.09914649009182626,1,0.45693846801489113,0.3,116.55006638221616,time,73.02900790631729,38923.05113531165
GBPCAD,5,2025-08-22 07:45:00+00:00,2025-08-22 11:45:00+00:00,0.710152192610124,0.1616536765699225,1,0.4089644803927603,0.3,116.55006638221616,time,82.7682851901863,39005.81942050184
CHFSGD,19,2025-08-22 14:45:00+00:00,2025-08-22 17:00:00+00:00,-1.1465615815881,0.14656158158808474,-1,0.30787688089859944,0.3,117.01745826150565,stop,-134.1677220177314,38871.65169848411
AUDUSD,7,2025-08-22 17:00:00+00:00,2025-08-22 17:00:00+00:00,-1.0919992256499038,0.09199922564994739,-1,0.35112272726542787,0.3,116.61495509545247,stop,-127.3434406634324,38744.308257820674
NZDCHF,12,2025-08-22 17:15:00+00:00,2025-08-22 20:00:00+00:00,-0.6311528864016897,0.07895358459129509,1,0.518476510232014,0.3,116.23292477346216,weekend,-73.3607459656811,38670.947511854996
AUDUSD,7,2025-08-25 09:00:00+00:00,2025-08-25 09:00:00+00:00,-1.0714927114488961,0.07149271144892898,-1,0.44354984869704084,0.3,116.01284253556514,stop,-124.30691521132653,38546.64059664367
GBPAUD,16,2025-08-25 09:00:00+00:00,2025-08-25 10:45:00+00:00,-1.1126605826320022,0.11266058263194591,1,0.42793740939794933,0.3,115.63992178993117,stop,-128.66798275430398,38417.97261388937
GBPCAD,5,2025-08-25 09:15:00+00:00,2025-08-25 11:30:00+00:00,1.3305640906505025,0.1694359093495197,-1,0.3977600796238899,0.3,115.63992178993117,target,153.86632737931498,38571.83894126868
US2000,9,2025-08-25 09:15:00+00:00,2025-08-25 13:15:00+00:00,1.2287744690552052,0.0921580851791407,-1,0.47122391410089987,0.3,115.63992178993117,time,142.0953834990081,38713.93432476769
GBPNZD,16,2025-08-25 09:30:00+00:00,2025-08-25 13:30:00+00:00,0.31541343359767643,0.08985600140406735,1,0.4709663850601875,0.3,115.63992178993117,time,36.47438479272895,38750.40870956042
CHFJPY,2,2025-08-25 12:00:00+00:00,2025-08-25 16:00:00+00:00,-0.47115433740469587,0.0846095772053829,-1,0.35403618557795324,0.3,115.7155168238062,time,-54.51986765656235,38695.888841903856
GBPNZD,16,2025-08-25 15:30:00+00:00,2025-08-25 17:30:00+00:00,-1.114863527120071,0.11486352712004987,1,0.4134624731554784,0.3,116.25122612868141,stop,-129.60425199385472,38566.28458991
EURJPY,2,2025-08-25 15:00:00+00:00,2025-08-25 19:00:00+00:00,-1.0877490088502726,0.08774900885024743,1,0.3619932498575727,0.3,116.25122612868141,stop,-126.45215599910212,38439.832433910895
GBPUSD,6,2025-08-26 09:30:00+00:00,2025-08-26 10:15:00+00:00,-1.064072811375146,0.06407281137520326,1,0.469050929044278,0.3,115.31949730173282,stop,-122.70834170022341,38317.12409221067
GBPCAD,5,2025-08-26 10:30:00+00:00,2025-08-26 11:30:00+00:00,1.398184493428015,0.10181550657195698,1,0.4800248444878365,0.3,114.95137227663217,target,160.7232262154581,38477.84731842613
USDCAD,17,2025-08-26 09:30:00+00:00,2025-08-26 13:30:00+00:00,0.38541636689754183,0.1104946238678763,-1,0.35555161512087813,0.3,115.31949730173282,time,44.44602168248474,38522.29334010862
AUDUSD,7,2025-08-26 09:30:00+00:00,2025-08-26 13:30:00+00:00,0.36342189122995133,0.05353556281194428,1,0.4413984845246926,0.3,115.31949730173282,time,41.909629805083014,38564.202969913706
EURUSD,6,2025-08-26 10:30:00+00:00,2025-08-26 14:30:00+00:00,1.4603572078387064,0.03964279216125055,1,0.5093371246299427,0.3,114.95137227663217,target,167.87006505513023,38732.07303496884
XAUAUD,3,2025-08-26 11:15:00+00:00,2025-08-26 15:15:00+00:00,0.5369796572862913,0.02228972162320271,-1,0.49395608386963197,0.3,114.95137227663217,time,61.72654848969483,38793.79958345853
NAS100,9,2025-08-26 17:00:00+00:00,2025-08-26 21:00:00+00:00,0.371485701856703,0.028839925097931034,1,0.40026465668863315,0.3,116.38139875037574,time,43.234025597848145,38837.03360905638
AU200,10,2025-08-26 17:15:00+00:00,2025-08-26 21:15:00+00:00,-0.7587021652449801,0.100522053439398,-1,0.3814585383578326,0.3,116.38139875037574,time,-88.29881922614949,38748.73478983023
AUDJPY,1,2025-08-26 17:30:00+00:00,2025-08-26 21:30:00+00:00,0.31838794760035477,0.049482076301973925,-1,0.3664394028419029,0.3,116.38139875037574,time,37.054434686990625,38785.789224517226
USDCAD,17,2025-08-27 07:15:00+00:00,2025-08-27 10:15:00+00:00,-1.1691524345632096,0.1691524345632596,-1,0.36145304687389085,0.3,116.35736767355183,stop,-136.03949969489963,38649.74972482233
SP500,9,2025-08-27 08:00:00+00:00,2025-08-27 10:15:00+00:00,1.4056649897030913,0.09433501029692107,-1,0.4116430553567765,0.3,116.35736767355183,target,163.55947803272204,38813.30920285505
AUDCAD,7,2025-08-27 07:15:00+00:00,2025-08-27 10:45:00+00:00,-1.1195045520909583,0.11950455209090942,1,0.39526479578312684,0.3,116.35736767355183,stop,-130.2626027798626,38683.04660007519
XAGUSD,3,2025-08-27 10:45:00+00:00,2025-08-27 12:45:00+00:00,-1.154407398074534,0.1544073980745493,1,0.436433121456058,0.3,116.04913980022573,stop,-133.96798552556643,38549.078614549624
USDJPY,2,2025-08-27 11:45:00+00:00,2025-08-27 13:30:00+00:00,-1.0594312149633522,0.05943121496332792,-1,0.4484798478073835,0.3,116.04913980022573,stop,-122.94608117400506,38426.13253337562
EURCHF,13,2025-08-27 14:15:00+00:00,2025-08-27 15:30:00+00:00,-1.140707467675689,0.14070746767566208,1,0.35573492087971426,0.3,115.27839760012701,stop,-131.4989290041521,38294.63360437147
USDCHF,18,2025-08-27 11:45:00+00:00,2025-08-27 15:45:00+00:00,1.4079325143758847,0.0920674856240846,-1,0.37509092137748884,0.3,116.04913980022573,target,163.38935719009038,38458.02296156156
FR40,8,2025-08-27 12:00:00+00:00,2025-08-27 16:00:00+00:00,0.5308428493019495,0.09100163130890562,1,0.5918146998144586,0.3,116.04913980022573,time,61.60385603059209,38519.62681759215
GER40,8,2025-08-27 12:00:00+00:00,2025-08-27 16:00:00+00:00,-0.21176449835228664,0.03475769881770054,1,0.43878637344707266,0.3,116.04913980022573,time,-24.575087874009185,38495.05172971814
EURUSD,6,2025-08-27 14:15:00+00:00,2025-08-27 18:15:00+00:00,1.2162872397690847,0.05719033046340677,1,0.42247734631767164,0.3,115.27839760012701,time,140.21164402206156,38635.26337374021
CNHJPY,2,2025-08-27 14:15:00+00:00,2025-08-27 18:15:00+00:00,0.3854370497239526,0.09421442093800693,-1,0.37657548590180534,0.3,115.27839760012701,time,44.43256546789773,38679.695939208104
CHFJPY,2,2025-08-27 17:15:00+00:00,2025-08-27 21:15:00+00:00,0.4994554909250027,0.09865461701888029,-1,0.3848275822842487,0.3,115.48515518915457,time,57.67969487954932,38737.37563408766
CHFSGD,19,2025-08-28 06:45:00+00:00,2025-08-28 10:45:00+00:00,-0.15681086657670507,0.12921023195111314,-1,0.34149068057710247,0.3,116.21212690226312,time,-18.2233243262659,38719.15230976139
USDCHF,18,2025-08-28 11:15:00+00:00,2025-08-28 12:30:00+00:00,-1.1443655157504835,0.14436551575047357,1,0.41495411250978487,0.3,116.15745692928432,stop,-132.92658810714502,38586.22572165424
XAUEUR,3,2025-08-28 11:45:00+00:00,2025-08-28 13:15:00+00:00,1.4695143762465845,0.030485623753391186,-1,0.35295750636498435,0.3,116.15745692928432,target,170.69505286582677,38756.92077452007
USDJPY,2,2025-08-28 09:15:00+00:00,2025-08-28 13:15:00+00:00,-0.4692228134959443,0.05136073400876559,1,0.44374795649594595,0.3,116.21212690226312,time,-54.52938114742762,38702.39139337264
EURUSD,6,2025-08-28 10:15:00+00:00,2025-08-28 13:15:00+00:00,-1.0780936159546752,0.07809361595475493,-1,0.45535088380665284,0.3,116.21212690226312,stop,-125.28755210984444,38577.1038412628
GBPCAD,5,2025-08-28 11:00:00+00:00,2025-08-28 15:00:00+00:00,-0.8626821103464009,0.14336079842528887,1,0.423004186652739,0.3,116.15745692928432,time,-100.20696007622617,38476.89688118657
GBPAUD,16,2025-08-28 11:00:00+00:00,2025-08-28 15:00:00+00:00,-1.1275022066927602,0.1275022066927522,1,0.44343363196425173,0.3,116.15745692928432,stop,-130.9677890115873,38345.929092174985
XAUGBP,3,2025-08-28 11:45:00+00:00,2025-08-28 15:15:00+00:00,-1.024658169071467,0.024658169071508012,-1,0.36421458823442254,0.3,116.15745692928432,stop,-119.02168714115825,38226.907405033824
AUDCHF,12,2025-08-28 15:00:00+00:00,2025-08-28 16:00:00+00:00,-1.0735949121061628,0.0735949121062091,-1,0.35202274627307945,0.3,115.03778727652511,stop,-123.50398312002842,38103.4034219138
USDCHF,18,2025-08-28 15:45:00+00:00,2025-08-28 16:00:00+00:00,-1.0516386710889352,0.05163867108896009,-1,0.41789218301052306,0.3,114.68072221510161,stop,-120.60268230980878,37982.80073960399
CNHJPY,2,2025-08-28 15:45:00+00:00,2025-08-28 16:00:00+00:00,-1.0933882722054098,0.09338827220543523,-1,0.3212723133194273,0.3,114.68072221510161,stop,-125.39055671803851,37857.41018288595
GBPCHF,14,2025-08-28 15:00:00+00:00,2025-08-28 19:00:00+00:00,-0.3412089014217827,0.0673704390337191,-1,0.3359184352518882,0.3,115.03778727652511,time,-39.25191701861586,37818.158265867336
EURGBP,20,2025-08-28 15:30:00+00:00,2025-08-28 19:30:00+00:00,-0.6285217727697535,0.12401861387641616,-1,0.4062867576760422,0.3,114.68072221510161,time,-72.07933082915132,37746.07893503818
USDCHF,18,2025-08-29 11:45:00+00:00,2025-08-29 13:00:00+00:00,1.404887222704242,0.09511277729580317,1,0.37943291211885,0.3,113.2382368051147,target,159.08695200906286,37905.165887047246
XAUCNH,3,2025-08-29 11:30:00+00:00,2025-08-29 15:30:00+00:00,-0.23775426669132418,0.028341568214866077,-1,0.4184254986494658,0.3,113.2382368051147,time,-26.922873953018563,37878.24301309423
DJ30,9,2025-08-29 17:00:00+00:00,2025-08-29 17:00:00+00:00,1.4779637459596158,0.02203625404038429,-1,0.49285552223572293,0.3,113.63472903928285,target,167.9480098020044,38046.19102289624
EURCAD,4,2025-08-29 16:30:00+00:00,2025-08-29 20:00:00+00:00,-0.33065904605490404,0.07105240178788685,-1,0.370207965270156,0.3,113.63472903928285,weekend,-37.574351102836765,38008.6166717934
NAS100,9,2025-09-01 06:15:00+00:00,2025-09-01 07:30:00+00:00,-1.042268804534459,0.042268804534439375,1,0.48978375461783763,0.3,114.02585001538037,stop,-118.84558638155603,37889.77108541185
EURAUD,15,2025-09-01 06:15:00+00:00,2025-09-01 09:00:00+00:00,-1.0910123599151336,0.0910123599150948,-1,0.42674644454375993,0.3,114.02585001538037,stop,-124.4036117166092,37765.36747369524
EURCAD,4,2025-09-01 08:15:00+00:00,2025-09-01 09:00:00+00:00,-1.1773894876896946,0.17738948768964283,-1,0.38834568089570204,0.3,113.6693132562357,stop,-133.83305450079877,37631.53441919444
GBPUSD,6,2025-09-01 09:15:00+00:00,2025-09-01 09:30:00+00:00,-1.0880832071386184,0.08808320713857916,-1,0.3628765391722511,0.3,112.89460325758346,stop,-122.83872198115333,37508.69569721328
EURCHF,13,2025-09-01 12:15:00+00:00,2025-09-01 14:45:00+00:00,-1.147489311585201,0.14748931158522063,-1,0.4324426908818127,0.3,112.52608709164001,stop,-129.12248221216237,37379.57321500112
AU200,10,2025-09-01 14:45:00+00:00,2025-09-01 18:45:00+00:00,-0.29707294962748715,0.1182229085252508,1,0.36437995425413455,0.3,112.13871964500349,time,-33.313380212391024,37346.259834788725
US2000,9,2025-09-01 16:45:00+00:00,2025-09-02 01:45:00+00:00,-0.05910222914259427,0.20219183654049275,1,0.3867445370688965,0.3,112.13871964500349,time,-6.627648304216134,37339.63218648451
USDCHF,18,2025-09-02 08:45:00+00:00,2025-09-02 10:15:00+00:00,-1.127648018356966,0.12764801835703712,-1,0.38554603928909476,0.3,112.01889655945368,stop,-126.31788672380189,37213.31429976071
CHFSGD,19,2025-09-02 07:30:00+00:00,2025-09-02 11:00:00+00:00,1.3853773113211314,0.11462268867893782,-1,0.3404524159641697,0.3,112.01889655945368,target,155.1884377326959,37368.5027374934
AU200,10,2025-09-02 13:45:00+00:00,2025-09-02 15:00:00+00:00,-1.1105926738737988,0.11059267387382635,1,0.44483354347181914,0.3,112.10550821248034,stop,-124.50355612167965,37243.99918137172
GBPNZD,16,2025-09-02 13:15:00+00:00,2025-09-02 17:15:00+00:00,-0.5980851711884646,0.05439156021051412,1,0.4603091490973299,0.3,112.10550821248034,time,-67.04864207043113,37176.95053930129
AUDCHF,12,2025-09-02 16:15:00+00:00,2025-09-02 19:30:00+00:00,1.457004440048189,0.04299555995181698,1,0.4436828464180598,0.3,111.73199754411532,target,162.79401651722935,37339.74455581851
XAGUSD,3,2025-09-02 16:45:00+00:00,2025-09-02 19:45:00+00:00,1.4486670737312017,0.051332926268802134,1,0.5600997960802929,0.3,111.73199754411532,target,161.86246592437536,37501.607021742886
GBPNZD,16,2025-09-02 17:45:00+00:00,2025-09-02 21:45:00+00:00,-0.3870198160163809,0.057027760417279985,1,0.44837777412227586,0.3,111.530851617904,time,-43.16464967331149,37458.44237206958
GBPUSD,6,2025-09-03 09:00:00+00:00,2025-09-03 09:30:00+00:00,1.417189270482382,0.0828107295176889,1,0.4388544388611179,0.3,112.37532711620888,target,159.2571078560391,37617.69947992561
US2000,9,2025-09-03 06:45:00+00:00,2025-09-03 10:45:00+00:00,0.9091896052620637,0.08166373699958597,1,0.42733637174098443,0.3,112.37532711620888,time,102.17047930198123,37719.869959227595
GBPNZD,16,2025-09-03 11:00:00+00:00,2025-09-03 12:00:00+00:00,1.4332819691785088,0.06671803082143242,1,0.45389047116222375,0.3,113.15960987768294,target,162.18962847695724,37882.05958770455
EURGBP,20,2025-09-03 13:45:00+00:00,2025-09-03 15:45:00+00:00,-1.0902679181562003,0.09026791815620248,1,0.416575802186219,0.3,113.64617876311381,stop,-123.90478272646747,37758.15480497808
GBPUSD,6,2025-09-04 10:30:00+00:00,2025-09-04 11:30:00+00:00,1.429199185276845,0.07080081472309974,1,0.3722427118395166,0.3,113.27446441493439,target,161.8917722544952,37920.04657723258
AUDUSD,7,2025-09-04 10:15:00+00:00,2025-09-04 12:45:00+00:00,-1.0769041271587076,0.07690412715869417,1,0.4276073327164858,0.3,113.27446441493439,stop,-121.985738230135,37798.06083900244
EURUSD,6,2025-09-04 10:30:00+00:00,2025-09-04 12:45:00+00:00,-1.0789846209922684,0.07898462099222654,1,0.3968142861253774,0.3,113.27446441493439,stop,-122.22140505485018,37675.83943394759
XAUGBP,3,2025-09-04 09:15:00+00:00,2025-09-04 13:15:00+00:00,0.3016823051144714,0.00798570807655898,1,0.4625185237233569,0.3,113.27446441493439,time,34.17290153530457,37710.0123354829
FR40,8,2025-09-04 13:00:00+00:00,2025-09-04 17:00:00+00:00,-0.029487857382748693,0.04865496468156189,1,0.46604404511267905,0.3,113.02751830184292,time,-3.332939340010762,37706.679396142885
EURCHF,13,2025-09-04 15:00:00+00:00,2025-09-04 18:00:00+00:00,-1.1554985841510823,0.15549858415110202,-1,0.4281694945395346,0.3,113.13003700644884,stop,-130.72159758591118,37575.95779855697
EURJPY,2,2025-09-04 15:30:00+00:00,2025-09-04 18:30:00+00:00,1.439156422064784,0.06084357793521596,1,0.3864506388518885,0.3,113.13003700644884,target,162.8118192862575,37738.76961784323
GBPUSD,6,2025-09-04 15:00:00+00:00,2025-09-04 19:00:00+00:00,-0.5180085957000196,0.052343536988221515,1,0.38674214643313887,0.3,113.13003700644884,time,-58.60233160120181,37680.16728624203
XAUAUD,3,2025-09-04 15:00:00+00:00,2025-09-04 19:00:00+00:00,-1.0259427756148123,0.02594277561482196,-1,0.3610155906638153,0.3,113.13003700644884,stop,-116.06494417180255,37564.102342070226
CADJPY,2,2025-09-04 15:30:00+00:00,2025-09-04 19:30:00+00:00,0.722750129548058,0.13731900382049744,1,0.3643234802678558,0.3,113.13003700644884,time,81.76474890218749,37645.86709097242
AUDCHF,12,2025-09-04 15:45:00+00:00,2025-09-04 19:45:00+00:00,0.3446073535832304,0.059776480508359715,1,0.38267214107328945,0.3,113.13003700644884,time,38.98544266356526,37684.85253363598
US2000,9,2025-09-04 16:45:00+00:00,2025-09-04 20:45:00+00:00,0.7098934109048332,0.09296790807686338,1,0.4432496557871797,0.3,113.13003700644884,time,80.31026784629798,37765.16280148228
XAGSGD,3,2025-09-04 17:15:00+00:00,2025-09-04 21:15:00+00:00,-0.08006053179064287,0.016564247956686942,1,0.4887008640508817,0.3,113.12003818842881,time,-9.056450413543441,37756.10635106874
US2000,9,2025-09-05 07:30:00+00:00,2025-09-05 08:30:00+00:00,-1.185832610033843,0.18583261003390508,-1,0.39102630543659506,0.3,113.26831905320635,stop,-134.31726641700976,37621.789084651726
GBPCAD,5,2025-09-05 09:45:00+00:00,2025-09-05 10:00:00+00:00,1.3531829789283718,0.14681702107164118,-1,0.3636737502800272,0.3,112.86536725395531,target,152.72749387855197,37774.516578530274
XAUEUR,3,2025-09-05 08:15:00+00:00,2025-09-05 10:45:00+00:00,1.4746236543452595,0.02537634565475195,-1,0.42813451259309865,0.3,113.26831905320635,target,167.02814256378394,37941.544721094055
GBPCAD,5,2025-09-05 11:45:00+00:00,2025-09-05 12:45:00+00:00,-1.13798487253073,0.13798487253068895,-1,0.4028251760627195,0.3,113.82463416328231,stop,-129.5307117991598,37812.01400929489
XAGUSD,3,2025-09-05 15:00:00+00:00,2025-09-05 15:15:00+00:00,-1.1319767373691605,0.13197673736916224,1,0.38174277036465326,0.3,113.43604202788484,stop,-128.40696075479605,37683.6070485401
NAS100,9,2025-09-05 12:15:00+00:00,2025-09-05 15:30:00+00:00,-1.059661266671138,0.05966126667108926,-1,0.47260677186528305,0.3,113.82463416328231,stop,-120.61555601584263,37562.991492524256
AU200,10,2025-09-05 15:45:00+00:00,2025-09-05 17:15:00+00:00,-1.1033916701171584,0.1033916701171585,1,0.4131426573797572,0.3,112.68897447757291,stop,-124.34007575259902,37438.65141677166
EURGBP,20,2025-09-05 15:45:00+00:00,2025-09-05 19:45:00+00:00,-0.2551739554037034,0.056991440254166734,1,0.5053382382781361,0.3,112.68897447757291,time,-28.755291347829264,37409.89612542383
GBPAUD,16,2025-09-05 17:45:00+00:00,2025-09-05 20:00:00+00:00,-0.19082206976331242,0.07252118070239591,-1,0.3501561387981715,0.3,112.31595425031513,weekend,-21.43236285748664,37388.463762566345
NZDCNH,7,2025-09-08 06:45:00+00:00,2025-09-08 09:45:00+00:00,-1.0693137859778827,0.06931378597788534,-1,0.44380720771615906,0.3,112.16539128769918,stop,-119.93999921354023,37268.52376335281
EURUSD,6,2025-09-08 08:45:00+00:00,2025-09-08 09:45:00+00:00,-1.087734296385795,0.08773429638578814,-1,0.43109236914869925,0.3,112.16539128769918,stop,-122.00614297116284,37146.517620381645
USDCAD,17,2025-09-08 08:45:00+00:00,2025-09-08 10:15:00+00:00,-1.1397244395644763,0.1397244395645167,1,0.35885220932015277,0.3,112.16539128769918,stop,-127.83763772390314,37018.67998265774
EURCHF,13,2025-09-08 09:15:00+00:00,2025-09-08 13:15:00+00:00,-0.5454996232267585,0.1253447910756473,1,0.424880726505061,0.3,112.16539128769918,time,-61.18617868652184,36957.49380397122
USDCHF,18,2025-09-08 11:15:00+00:00,2025-09-08 15:15:00+00:00,-0.1831301593823583,0.08989227550714113,1,0.36161241372528313,0.3,111.05603994797337,time,-20.337710296045913,36937.15609367518
GBPNZD,16,2025-09-08 11:45:00+00:00,2025-09-08 15:45:00+00:00,-0.3707302528460884,0.08571395521983023,1,0.4540398705782815,0.3,111.05603994797337,time,-41.17183376999746,36895.98425990518
DJ30,9,2025-09-08 16:30:00+00:00,2025-09-08 16:30:00+00:00,1.470296626521938,0.029703373478013984,-1,0.36552498828942387,0.3,110.68795277971569,target,162.74412356863553,37058.72838347381
SP500,9,2025-09-08 16:30:00+00:00,2025-09-08 17:45:00+00:00,-1.1135164136359503,0.11351641363597981,-1,0.35620346617744164,0.3,110.68795277971569,stop,-123.25285221197443,36935.475531261836
GBPUSD,6,2025-09-08 16:45:00+00:00,2025-09-08 20:45:00+00:00,0.8984106545443273,0.05165900289387463,-1,0.41401003751214865,0.3,111.17618515042159,time,99.88186927073158,37035.357400532564
GBPJPY,2,2025-09-08 17:00:00+00:00,2025-09-08 21:00:00+00:00,0.2851978882021066,0.05830676314782671,-1,0.39531643808534805,0.3,111.17618515042159,time,31.707213223266642,37067.06461375583
EURUSD,6,2025-09-09 10:00:00+00:00,2025-09-09 10:45:00+00:00,-1.0767910097686288,0.07679100976869398,1,0.4916441763098216,0.3,111.20119384126764,stop,-119.74044580381562,36947.324167952014
NZDJPY,1,2025-09-09 08:30:00+00:00,2025-09-09 11:15:00+00:00,-1.1350346003507124,0.135034600350659,1,0.39685806507887095,0.3,111.20119384126764,stop,-126.2172026101453,36821.10696534187
DJ30,9,2025-09-09 09:45:00+00:00,2025-09-09 13:30:00+00:00,1.4603556095292325,0.039644390470726334,-1,0.38102860625450674,0.3,111.20119384126764,target,162.39328721244274,36983.50025255431
US2000,9,2025-09-09 10:00:00+00:00,2025-09-09 14:00:00+00:00,0.9268000937359643,0.10577609765465072,-1,0.36648495413903787,0.3,111.20119384126764,time,103.06127687563799,37086.56152942995
AUDCHF,12,2025-09-09 11:15:00+00:00,2025-09-09 15:00:00+00:00,-1.0679410621683871,0.06794106216836653,-1,0.37784553468403814,0.3,110.46332089602575,stop,-117.96831624834913,36968.5932131816
USDCAD,17,2025-09-09 11:00:00+00:00,2025-09-09 15:00:00+00:00,-0.19176555260858746,0.1175303971837326,-1,0.4343652569341829,0.3,110.8419725038562,time,-21.25567210942784,36947.33754107217
AUDJPY,1,2025-09-09 11:45:00+00:00,2025-09-09 15:45:00+00:00,-0.26730006509671855,0.05176807774707771,1,0.5138289432431857,0.3,110.46332089602575,time,-29.526852866307394,36917.810688205864
XAUSGD,3,2025-09-09 12:30:00+00:00,2025-09-09 16:30:00+00:00,-1.007208467626431,0.007208467626411229,-1,0.42705441897899693,0.3,110.46332089602575,stop,-111.25959216861281,36806.55109603725
NAS100,9,2025-09-09 17:15:00+00:00,2025-09-09 17:30:00+00:00,-1.04627266188856,0.046272661888588355,1,0.4150312812091501,0.3,110.41965328811189,stop,-115.52906457056471,36691.02203146668
GBPUSD,6,2025-09-09 17:15:00+00:00,2025-09-09 21:15:00+00:00,0.5689617510293749,0.03253552077947571,-1,0.5711520186853837,0.3,110.41965328811189,time,62.824559282860605,36753.84659074954
EURUSD,6,2025-09-09 17:15:00+00:00,2025-09-09 21:15:00+00:00,1.0253245233322967,0.03384971033389162,-1,0.6171596296857268,0.3,110.41965328811189,time,113.2159783741508,36867.06256912369
GER40,8,2025-09-10 09:15:00+00:00,2025-09-10 10:15:00+00:00,-1.0666951766275192,0.06669517662755375,-1,0.4082851569619668,0.3,110.60118770737122,stop,-117.97775345672775,36749.08481566697
XAUSGD,3,2025-09-10 09:30:00+00:00,2025-09-10 12:45:00+00:00,-1.009776344734868,0.00977634473489586,-1,0.4604205733423588,0.3,110.60118770737122,stop,-111.68246304648433,36637.402352620484
GBPUSD,6,2025-09-10 10:15:00+00:00,2025-09-10 14:15:00+00:00,0.2251710413463073,0.06020696667836188,1,0.40634386469516176,0.3,110.24725444700105,time,24.824489089402537,36662.22684170989
EURUSD,6,2025-09-10 10:15:00+00:00,2025-09-10 14:15:00+00:00,-0.025184330175389562,0.05203610165631122,1,0.4575882792281544,0.3,110.24725444700105,time,-2.77650325692346,36659.45033845297
NZDCAD,7,2025-09-10 10:45:00+00:00,2025-09-10 14:45:00+00:00,0.07006205836990721,0.10638920226937733,-1,0.4277481486002354,0.3,110.24725444700105,time,7.7241495761878,36667.17448802915
USDCHF,18,2025-09-10 14:15:00+00:00,2025-09-10 15:15:00+00:00,-1.0784555801677647,0.0784555801677486,-1,0.3281822379505264,0.3,109.97835101535905,stop,-118.60676635016311,36548.56772167899
EURCAD,4,2025-09-10 15:15:00+00:00,2025-09-10 15:30:00+00:00,-1.1393229648711114,0.1393229648710701,-1,0.38015279182252587,0.3,109.64570316503712,stop,-124.92186761536789,36423.64585406362
USDJPY,2,2025-09-10 15:30:00+00:00,2025-09-10 15:30:00+00:00,1.4029374751991088,0.09706252480091776,-1,0.3544708904074981,0.3,109.27093756219101,target,153.30029325613972,36576.946147319766
USDCAD,17,2025-09-10 15:45:00+00:00,2025-09-10 16:45:00+00:00,-1.1122249475752346,0.11222494757523466,1,0.4399710249374134,0.3,109.73083844195943,stop,-122.04537603349488,36454.90077128627
XAGEUR,3,2025-09-10 13:15:00+00:00,2025-09-10 17:15:00+00:00,-0.4989378551624395,0.07484067827436353,-1,0.4195296685542939,0.3,109.9122070578616,time,-54.83936084561941,36400.061410440656
EURCHF,13,2025-09-10 15:30:00+00:00,2025-09-10 17:45:00+00:00,-1.155608141685904,0.15560814168590403,-1,0.36451246535904264,0.3,109.27093756219101,stop,-126.27438509652,36273.787025344136
CADJPY,2,2025-09-10 15:45:00+00:00,2025-09-10 19:45:00+00:00,-0.30487010938696096,0.1151191742771611,1,0.3826846801260619,0.3,109.73083844195943,time,-33.45365271892312,36240.33337262521
CNHJPY,2,2025-09-10 15:45:00+00:00,2025-09-10 19:45:00+00:00,-0.07836495545518819,0.05852105411759232,1,0.44032259503009713,0.3,109.73083844195943,time,-8.599052266564604,36231.73432035864
EURGBP,20,2025-09-11 09:45:00+00:00,2025-09-11 10:15:00+00:00,-1.1929006848566177,0.1929006848565763,-1,0.45613955353043795,0.3,108.69520296107608,stop,-129.6625820528967,36102.07173830575
GER40,8,2025-09-11 09:15:00+00:00,2025-09-11 10:15:00+00:00,-1.0522292598734997,0.052229259873461664,1,0.4136284097469336,0.3,108.69520296107608,stop,-114.37227296353291,35987.699465342215
DJ30,9,2025-09-11 09:45:00+00:00,2025-09-11 13:15:00+00:00,-1.0620931069160915,0.062093106916134906,-1,0.3928461345751979,0.3,108.69520296107608,stop,-115.44442581980444,35872.25503952241
EURCHF,13,2025-09-11 13:00:00+00:00,2025-09-11 15:15:00+00:00,-1.1606598021189254,0.1606598021188874,1,0.3888457446888438,0.3,107.9630983960268,stop,-125.30842842047853,35746.94661110193
USDCHF,18,2025-09-11 15:30:00+00:00,2025-09-11 15:30:00+00:00,-1.0516831076318338,0.051683107631833855,-1,0.4485683325003673,0.3,107.24083983330593,stop,-112.78337970093892,35634.16323140099
NZDCNH,7,2025-09-11 15:45:00+00:00,2025-09-11 18:30:00+00:00,1.4760835853041974,0.023916414695770737,1,0.4391587306590396,0.3,106.90248969420313,target,157.79701026576436,35791.960241666755
NZDUSD,7,2025-09-11 15:45:00+00:00,2025-09-11 19:15:00+00:00,1.4628086834731275,0.037191316526882075,1,0.4236197984216477,0.3,106.90248969420313,target,156.37789020957686,35948.338131876335
GBPCHF,14,2025-09-11 15:30:00+00:00,2025-09-11 19:30:00+00:00,-0.49131507259303414,0.06909778639931437,-1,0.44767738837639515,0.3,107.24083983330593,time,-52.68904100763865,35895.6490908687
GBPUSD,6,2025-09-11 15:45:00+00:00,2025-09-11 19:45:00+00:00,0.8941904379785885,0.023307462522303663,1,0.5403286333978782,0.3,106.90248969420313,time,95.59118408066104,35991.240274949356
XAUUSD,3,2025-09-11 15:45:00+00:00,2025-09-11 19:45:00+00:00,-0.04063045271719426,0.004827380520855371,1,0.502845513901433,0.3,106.90248969420313,time,-4.343496552870667,35986.89677839648
CHFSGD,19,2025-09-11 15:45:00+00:00,2025-09-11 19:45:00+00:00,0.30735191481892593,0.05858423561999775,1,0.49043851680736267,0.3,106.90248969420313,time,32.85668490642383,36019.753463302906
EURCAD,4,2025-09-11 15:45:00+00:00,2025-09-11 19:45:00+00:00,-0.012383226298409654,0.03984559639280973,1,0.5299813266189697,0.3,106.90248969420313,time,-1.3237977217467232,36018.42966558116
XAUSGD,3,2025-09-11 15:45:00+00:00,2025-09-11 19:45:00+00:00,-0.33125107137372084,0.0021888837315443056,1,0.4968840173423734,0.3,106.90248969420313,time,-35.411564243722935,35983.01810133744
FR40,8,2025-09-12 09:45:00+00:00,2025-09-12 10:30:00+00:00,-1.2975947409659445,0.2975947409659677,1,0.3771211187999888,0.3,107.94905430401246,stop,-140.07412515713372,35842.94397618031
USDCHF,18,2025-09-12 10:30:00+00:00,2025-09-12 11:15:00+00:00,1.3579851182625327,0.1420148817374564,1,0.4108112579988104,0.3,107.52883192854108,target,146.02255354311185,35988.96652972342
XAGUSD,3,2025-09-12 08:00:00+00:00,2025-09-12 11:30:00+00:00,-1.090030463231486,0.09003046323149584,-1,0.4345259799339338,0.3,107.94905430401246,stop,-117.66775766840352,35871.298772055015
XAGSGD,3,2025-09-12 08:00:00+00:00,2025-09-12 11:30:00+00:00,-1.070791297750972,0.07079129775096635,-1,0.4371668853665375,0.3,107.94905430401246,stop,-115.59090794918365,35755.70786410583
GBPCAD,5,2025-09-12 11:30:00+00:00,2025-09-12 12:30:00+00:00,-1.1314047569697625,0.131404756969762,1,0.4516456522222833,0.3,107.26712359231765,stop,-121.36253389881162,35634.34533020702
EURCHF,13,2025-09-12 09:15:00+00:00,2025-09-12 13:15:00+00:00,0.9281729645353218,0.1708726456968668,1,0.41008191352690987,0.3,107.94905430401246,time,100.1953937521397,35734.54072395916
AU200,10,2025-09-12 11:30:00+00:00,2025-09-12 15:30:00+00:00,-0.08716889045224134,0.08946280862208855,1,0.41382741480032315,0.3,107.26712359231765,time,-9.350356145545769,35725.190367813615
CHFSGD,19,2025-09-12 17:45:00+00:00,2025-09-12 20:00:00+00:00,-0.2450237971558638,0.11220007344442375,-1,0.3545472297114604,0.3,107.175571103441,weekend,-26.260565394113385,35698.9298024195
AUDJPY,1,2025-09-12 17:15:00+00:00,2025-09-12 20:00:00+00:00,0.22160421418349302,0.05511774297068897,1,0.4524609190428686,0.3,107.175571103441,weekend,23.750558214045125,35722.680360633545
FR40,8,2025-09-15 10:00:00+00:00,2025-09-15 10:45:00+00:00,1.4315936584799327,0.06840634152007996,1,0.4986515227818109,0.3,107.1680410819008,target,153.4210880045661,35876.10144863811
EURNZD,15,2025-09-15 07:00:00+00:00,2025-09-15 11:00:00+00:00,0.67752601966972,0.11700467919560784,1,0.4019033964368783,0.3,107.1680410819008,time,72.60913631002128,35948.71058494813
NZDCNH,7,2025-09-15 07:00:00+00:00,2025-09-15 11:00:00+00:00,-0.06881789367027084,0.08706180480280151,-1,0.40216081182394103,0.3,107.1680410819008,time,-7.375078856025467,35941.3355060921
NZDCAD,7,2025-09-15 07:00:00+00:00,2025-09-15 11:00:00+00:00,0.2665818854353755,0.11904745402111969,-1,0.3592362485864036,0.3,107.1680410819008,time,28.56905845002889,35969.90456454213
NZDCHF,12,2025-09-15 07:00:00+00:00,2025-09-15 11:00:00+00:00,0.31974277205124935,0.07283939289850083,-1,0.3794779516794053,0.3,107.1680410819008,time,34.26620653082913,36004.17077107296
GBPUSD,6,2025-09-15 10:45:00+00:00,2025-09-15 11:15:00+00:00,-1.0762166802473698,0.07621668024729647,-1,0.38030543399291195,0.3,107.62830434591447,stop,-115.83137640381364,35888.33939466915
JP225,11,2025-09-15 10:30:00+00:00,2025-09-15 12:15:00+00:00,1.4075121999882791,0.09248780001174844,-1,0.4475089041702374,0.3,107.1680410819008,target,150.84032527162046,36039.179719940774
EURCAD,4,2025-09-15 10:45:00+00:00,2025-09-15 12:30:00+00:00,-1.12288749812381,0.12288749812381121,-1,0.396310254342481,0.3,107.62830434591447,stop,-120.85447739429188,35918.32524254648
AUDJPY,1,2025-09-15 09:15:00+00:00,2025-09-15 13:15:00+00:00,0.821665077179961,0.08299834573537024,-1,0.4241859950313876,0.3,107.1680410819008,time,88.05623674678525,36006.38147929327
EURUSD,6,2025-09-15 12:45:00+00:00,2025-09-15 13:15:00+00:00,-1.0708209033177007,0.07082090331762511,-1,0.35162431909564185,0.3,107.75497572763959,stop,-115.38628044564794,35890.99519884762
NAS100,9,2025-09-15 13:45:00+00:00,2025-09-15 15:15:00+00:00,-1.0526612078775182,0.05266120787754316,-1,0.42881736162938316,0.3,107.672985596543,stop,-113.34317507383557,35777.65202377378
XAUEUR,3,2025-09-15 15:30:00+00:00,2025-09-15 16:15:00+00:00,1.4855343663836338,0.014465633616369454,1,0.42546382154453916,0.3,107.33295607132148,target,159.44679488949293,35937.098818663275
XAGSGD,3,2025-09-15 15:45:00+00:00,2025-09-15 17:45:00+00:00,1.4773634221054894,0.022636577894511442,1,0.4653912097874071,0.3,107.33295607132148,target,158.56978328622566,36095.6686019495
EURAUD,15,2025-09-15 15:30:00+00:00,2025-09-15 19:30:00+00:00,0.2905411846394391,0.09281730926107702,-1,0.4428641809801163,0.3,107.33295607132148,time,31.18464420781462,36126.85324615732
NZDUSD,7,2025-09-15 15:30:00+00:00,2025-09-15 19:30:00+00:00,-0.3309502185592954,0.10801620201441439,-1,0.3918993632784031,0.3,107.33295607132148,time,-35.5218652704191,36091.3313808869
AUDCHF,12,2025-09-15 17:15:00+00:00,2025-09-15 21:15:00+00:00,0.5249424961299334,0.06699569291874173,1,0.4487398691930018,0.3,107.81129645598998,time,56.594731072611616,36147.92611195951
EURGBP,20,2025-09-15 17:15:00+00:00,2025-09-15 21:15:00+00:00,-0.2731961677218149,0.13690564613794326,-1,0.33966733272018507,0.3,107.81129645598998,time,-29.45363302889694,36118.47247893061
FR40,8,2025-09-16 09:00:00+00:00,2025-09-16 09:00:00+00:00,-1.1992225465268869,0.19922254652688035,-1,0.4626908797624352,0.3,108.355417436792,stop,-129.94225962853355,35988.530219302076
USDCAD,17,2025-09-16 09:15:00+00:00,2025-09-16 13:15:00+00:00,-0.8524681324743852,0.15252200275683142,1,0.4114411618211773,0.3,107.96559065790638,time,-92.03722543963939,35896.492993862434
XAGSGD,3,2025-09-16 14:45:00+00:00,2025-09-16 16:30:00+00:00,-1.0861440154543558,0.0861440154543722,-1,0.3196002151994373,0.3,107.68947898158746,stop,-116.96628312324884,35779.526710739185
FR40,8,2025-09-16 13:15:00+00:00,2025-09-16 16:30:00+00:00,-1.0959484230749539,0.09594842307494009,1,0.507952906102638,0.3,107.68947898158746,stop,-118.02211467163416,35661.50459606755
DJ30,9,2025-09-16 16:45:00+00:00,2025-09-16 20:45:00+00:00,0.04403075314573494,0.01914380571555308,-1,0.5456788044863732,0.3,106.9845137882028,time,4.710608717024833,35666.215204784574
XAUSGD,3,2025-09-16 17:30:00+00:00,2025-09-16 21:30:00+00:00,0.5568277598718372,0.004186674886254433,-1,0.47768213733639264,0.3,106.9845137882028,time,59.57194715366265,35725.78715193824
XAUCNH,3,2025-09-16 17:30:00+00:00,2025-09-16 21:30:00+00:00,0.4340286449530754,0.021004281590862765,-1,0.47942185215692895,0.3,106.9845137882028,time,46.43434355045728,35772.221495488695
EURGBP,20,2025-09-17 09:15:00+00:00,2025-09-17 11:45:00+00:00,-1.112905900382209,0.11290590038220916,1,0.3743581620186353,0.3,107.31666448646624,stop,-119.43334911632614,35652.78814637237
AUDJPY,1,2025-09-17 08:15:00+00:00,2025-09-17 12:00:00+00:00,-1.1012335436559242,0.10123354365590505,1,0.4539514376631062,0.3,107.31666448646624,stop,-118.18071072576508,35534.607435646605
CHFJPY,2,2025-09-17 08:15:00+00:00,2025-09-17 12:15:00+00:00,-0.4389523385231316,0.09845098014849722,1,0.4138850043699156,0.3,107.31666448646624,time,-47.10690083883666,35487.50053480777
GBPJPY,2,2025-09-17 09:15:00+00:00,2025-09-17 13:15:00+00:00,0.7684942575638016,0.07380689825530408,-1,0.46701070260978206,0.3,107.31666448646624,time,82.47224039875047,35569.972775206516
FR40,8,2025-09-17 09:15:00+00:00,2025-09-17 13:15:00+00:00,-0.8311259356035665,0.06926049463362995,1,0.426509122402007,0.3,107.31666448646624,time,-89.19366317716829,35480.77911202935
GBPCAD,5,2025-09-17 12:00:00+00:00,2025-09-17 15:45:00+00:00,-1.1484223023890843,0.1484223023891243,-1,0.4193953864009097,0.3,106.60382230693996,stop,-122.4262070572128,35358.35290497213
USDJPY,2,2025-09-17 13:00:00+00:00,2025-09-17 17:00:00+00:00,-0.35514295014904185,0.05894952076590921,1,0.4121321819143377,0.3,106.46250160442345,time,-37.80940690004205,35320.54349807209
AU200,10,2025-09-17 13:30:00+00:00,2025-09-17 17:30:00+00:00,-0.7722442530884002,0.09488325293918673,1,0.3835096493176769,0.3,106.44233733608819,time,-82.19948329309095,35238.344014778995
NAS100,9,2025-09-17 17:15:00+00:00,2025-09-17 17:45:00+00:00,-1.047272713210162,0.047272713210143584,1,0.5220760654257096,0.3,105.96163049421642,stop,-110.97072426385067,35127.37329051514
SP500,9,2025-09-17 16:45:00+00:00,2025-09-17 19:30:00+00:00,1.4335591636091987,0.0664408363908434,-1,0.4015434947606807,0.3,106.07505871491654,target,152.06487245115238,35279.4381629663
SP500,9,2025-09-18 10:30:00+00:00,2025-09-18 10:45:00+00:00,-1.0748012393471544,0.07480123934713684,-1,0.4726324570114952,0.3,105.83831448889903,stop,-113.75515158308257,35165.68301138321
JP225,11,2025-09-18 10:30:00+00:00,2025-09-18 11:30:00+00:00,-1.0594786003389993,0.0594786003389887,-1,0.5000871245440582,0.3,105.83831448889903,stop,-112.13342929693758,35053.54958208627
GBPUSD,6,2025-09-18 11:00:00+00:00,2025-09-18 14:00:00+00:00,-1.0472848282167004,0.047284828216657485,-1,0.4182644940444081,0.3,105.49704903414978,stop,-110.48545887509837,34943.064123211174
USDCAD,17,2025-09-18 15:30:00+00:00,2025-09-18 16:00:00+00:00,-1.1369498655718069,0.136949865571805,-1,0.3525204851727098,0.3,104.82919236963367,stop,-119.18553617265609,34823.87858703852
XAUSGD,3,2025-09-18 12:15:00+00:00,2025-09-18 16:15:00+00:00,0.3506416825873016,0.005625267635090582,-1,0.395738287437622,0.3,105.16064874625896,time,36.873706818360446,34860.75229385688
GBPCAD,5,2025-09-18 14:15:00+00:00,2025-09-18 16:30:00+00:00,1.4486480024578183,0.051351997542155685,-1,0.42920783749608993,0.3,104.82919236963367,target,151.8606001255362,35012.61289398242
EURGBP,20,2025-09-18 14:15:00+00:00,2025-09-18 18:15:00+00:00,0.7865738157564047,0.05291564405657409,1,0.41759544516521174,0.3,104.82919236963367,time,82.45589784484494,35095.06879182727
NZDJPY,1,2025-09-18 15:45:00+00:00,2025-09-18 19:45:00+00:00,-0.5047046518330235,0.12396222291159957,1,0.3672186303882004,0.3,104.82919236963367,time,-52.907781036853,35042.16101079041
NZDCHF,12,2025-09-19 09:45:00+00:00,2025-09-19 10:15:00+00:00,1.4276851466930713,0.07231485330691079,1,0.4229439662143531,0.3,105.12648303237138,target,150.0875183493978,35192.24852913981
CHFJPY,2,2025-09-19 09:45:00+00:00,2025-09-19 13:45:00+00:00,0.022951723182133534,0.05634271226379178,-1,0.4547722864036296,0.3,105.12648303237138,time,2.412833937670246,35194.66136307748
US2000,9,2025-09-19 16:30:00+00:00,2025-09-19 16:30:00+00:00,1.3990719387816175,0.10092806121840997,-1,0.3719564210855036,0.3,105.5839840892326,target,147.71958932401012,35342.380952401494
EURNZD,15,2025-09-19 13:00:00+00:00,2025-09-19 16:45:00+00:00,1.4299256701095042,0.07007432989043864,1,0.3411988518405733,0.3,105.5767455874196,target,150.96689868207162,35493.34785108356
XAUGBP,3,2025-09-19 14:15:00+00:00,2025-09-19 16:45:00+00:00,-1.0172871943178323,0.017287194317808563,-1,0.347579335608509,0.3,105.5839840892326,stop,-107.40923493903408,35385.93861614453
EURCHF,13,2025-09-19 14:30:00+00:00,2025-09-19 18:30:00+00:00,1.4056518575453243,0.09434814245470222,-1,0.33589214890916225,0.3,105.5839840892326,target,148.41432336206577,35534.35293950659
GBPCHF,14,2025-09-19 16:15:00+00:00,2025-09-19 20:00:00+00:00,-0.40718075121164227,0.06336067215193099,1,0.39014249204592666,0.3,105.5839840892326,weekend,-42.99176595737182,35491.36117354922
AU200,10,2025-09-19 16:45:00+00:00,2025-09-19 20:00:00+00:00,-0.5331219589676229,0.1210330933872251,-1,0.3425400561487402,0.3,106.15781584843373,weekend,-56.59506274484116,35434.76611080438
NZDUSD,7,2025-09-22 13:30:00+00:00,2025-09-22 17:30:00+00:00,0.34079421539425453,0.07140860993888633,-1,0.4198362495263026,0.3,106.3042983324133,time,36.22788994323155,35470.99400074762
CADJPY,2,2025-09-22 15:00:00+00:00,2025-09-22 19:00:00+00:00,-0.7292704519227461,0.12867239229399843,1,0.4022822427462664,0.3,106.3042983324133,time,-77.52458368620947,35393.46941706141
USDJPY,2,2025-09-22 15:00:00+00:00,2025-09-22 19:00:00+00:00,-0.19451124134759898,0.055073127970580775,1,0.38354184056746526,0.3,106.3042983324133,time,-20.677381029223206,35372.79203603219
NZDCNH,7,2025-09-22 16:00:00+00:00,2025-09-22 20:00:00+00:00,-0.6225587993549366,0.07571742920297007,-1,0.44158953145030666,0.3,106.3042983324133,time,-66.18067633609621,35306.61135969609
GBPNZD,16,2025-09-22 17:00:00+00:00,2025-09-22 21:00:00+00:00,0.38059158208170574,0.08058585973795745,-1,0.444878373283623,0.3,106.3042983324133,time,40.45852108441881,35347.06988078051
NZDJPY,1,2025-09-22 17:00:00+00:00,2025-09-22 21:00:00+00:00,0.3185643965064878,0.17854118125883556,1,0.42329116907940945,0.3,106.3042983324133,time,33.86476464431088,35380.93464542482
EURCHF,13,2025-09-23 09:45:00+00:00,2025-09-23 10:15:00+00:00,-1.2186017480683644,0.2186017480684197,1,0.4663692243281128,0.3,106.14280393627462,stop,-129.34580642162192,35251.5888390032
GBPUSD,6,2025-09-23 10:00:00+00:00,2025-09-23 11:30:00+00:00,1.4281971549580792,0.07180284504194713,-1,0.3829831570276556,0.3,106.14280393627462,target,151.59285060106063,35403.18168960426
CNHJPY,2,2025-09-23 10:00:00+00:00,2025-09-23 11:45:00+00:00,-1.1861327865025026,0.18613278650242737,1,0.38301335807474507,0.3,106.14280393627462,stop,-125.89945980012222,35277.282229804136
USDJPY,2,2025-09-23 10:00:00+00:00,2025-09-23 11:45:00+00:00,-1.0866308799814206,0.08663087998149402,1,0.4228267900058009,0.3,106.14280393627462,stop,-115.33804844496949,35161.94418135917
EURUSD,6,2025-09-23 10:30:00+00:00,2025-09-23 12:15:00+00:00,1.4375652011521276,0.062434798847906224,1,0.43818173406626765,0.3,105.75476651700974,target,152.0293722008214,35313.97355355999
NZDJPY,1,2025-09-23 08:15:00+00:00,2025-09-23 12:15:00+00:00,0.7805980375720238,0.11695147869515754,1,0.450456535979417,0.3,106.14280393627462,time,82.85486445504806,35396.82841801504
CHFSGD,19,2025-09-23 12:00:00+00:00,2025-09-23 16:00:00+00:00,0.0797199436620206,0.09733733422506917,-1,0.40813042859431364,0.3,105.48583254407765,time,8.409324627555211,35405.237742642596
USDCAD,17,2025-09-23 16:15:00+00:00,2025-09-23 17:15:00+00:00,1.3874628914354576,0.1125371085645115,1,0.41494591563829686,0.3,106.21571322792794,target,147.37036059110028,35552.608103233695
SP500,9,2025-09-23 17:00:00+00:00,2025-09-23 18:30:00+00:00,1.4209500478514203,0.07904995214856478,-1,0.348754523293064,0.3,106.21571322792794,target,150.92722279379694,35703.53532602749
EURJPY,2,2025-09-23 16:00:00+00:00,2025-09-23 20:00:00+00:00,-0.520454959173829,0.08920486588738571,-1,0.446133202066548,0.3,106.21571322792794,time,-55.280494691660365,35648.254831335835
EURUSD,6,2025-09-24 09:00:00+00:00,2025-09-24 09:45:00+00:00,-1.08657262805129,0.08657262805129058,1,0.4236521040312673,0.3,106.94476449400764,stop,-116.20325381258017,35532.051577523256
USDCHF,18,2025-09-24 09:00:00+00:00,2025-09-24 10:00:00+00:00,-1.190333348013999,0.19033334801403742,-1,0.4439686973548956,0.3,106.94476449400764,stop,-127.29991957272077,35404.75165795053
NZDUSD,7,2025-09-24 09:00:00+00:00,2025-09-24 11:15:00+00:00,-1.079744787163887,0.07974478716384388,1,0.44937498458259756,0.3,106.94476449400764,stop,-115.4730519768743,35289.27860597366
AU200,10,2025-09-24 07:30:00+00:00,2025-09-24 11:30:00+00:00,0.02037521809252297,0.07223940960076329,1,0.42806070890387793,0.3,106.94476449400764,time,2.1790229004189126,35291.45762887408
GER40,8,2025-09-24 10:45:00+00:00,2025-09-24 14:45:00+00:00,1.044296821607814,0.02677684157968754,1,0.40814820631104776,0.3,106.21425497385175,time,110.91920887863532,35402.376837752716
NZDCNH,7,2025-09-24 12:00:00+00:00,2025-09-24 15:45:00+00:00,-1.0453977950773208,0.04539779507728711,1,0.455727248647144,0.3,105.87437288662238,stop,-110.68083597086911,35291.69600178185
NZDCAD,7,2025-09-24 14:15:00+00:00,2025-09-24 15:45:00+00:00,-1.1354481430655599,0.13544814306559597,1,0.3505388684401935,0.3,105.87437288662238,stop,-120.21486009234604,35171.4811416895
DJ30,9,2025-09-24 16:15:00+00:00,2025-09-24 16:30:00+00:00,-1.0655063203179638,0.06550632031791198,-1,0.35229982001124,0.3,105.51444342506866,stop,-112.42630635424288,35059.05483533526
XAUAUD,3,2025-09-24 16:30:00+00:00,2025-09-24 17:45:00+00:00,1.4825089111419352,0.0174910888580841,-1,0.4284531871176596,0.3,105.17716450600592,target,155.92608362879503,35214.98091896405
XAUUSD,3,2025-09-24 16:30:00+00:00,2025-09-24 17:45:00+00:00,1.4908529691095977,0.009147030890394007,-1,0.43228326444377907,0.3,105.17716450600592,target,156.80368798630752,35371.78460695036
GER40,8,2025-09-25 09:15:00+00:00,2025-09-25 10:00:00+00:00,1.4573126762854451,0.04268732371450484,-1,0.38917172801878563,0.3,106.11535382085121,target,154.64325027164162,35526.427857222
EURAUD,15,2025-09-25 09:45:00+00:00,2025-09-25 11:15:00+00:00,-1.0950585295426136,0.09505852954263819,1,0.42373062041369786,0.3,106.11535382085121,stop,-116.20252331695549,35410.225333905044
US2000,9,2025-09-25 13:00:00+00:00,2025-09-25 14:00:00+00:00,-1.0998986480985538,0.09989864809854712,1,0.39378149347171404,0.3,106.23067600171527,stop,-116.8429769208821,35293.38235698416
NAS100,9,2025-09-25 13:00:00+00:00,2025-09-25 14:00:00+00:00,-1.0442267338966085,0.04422673389663448,1,0.4399395350793367,0.3,106.23067600171527,stop,-110.92891184089996,35182.45344514326
EURCAD,4,2025-09-25 15:00:00+00:00,2025-09-25 15:30:00+00:00,-1.10297942080034,0.10297942080028809,1,0.370927939392903,0.3,105.54736033542993,stop,-116.41656636977729,35066.036878773484
EURNZD,15,2025-09-25 15:15:00+00:00,2025-09-25 16:30:00+00:00,-1.1439841730195133,0.14398417301945876,-1,0.35617245990542873,0.3,105.54736033542993,stop,-120.74450972771939,34945.29236904577
EURAUD,15,2025-09-25 15:15:00+00:00,2025-09-25 16:30:00+00:00,-1.0902643250279012,0.09026432502792006,-1,0.43410057423237364,0.3,105.54736033542993,stop,-115.07452157458418,34830.21784747118
NZDJPY,1,2025-09-25 15:45:00+00:00,2025-09-25 16:30:00+00:00,-1.225267723472603,0.21527541866814692,1,0.43114779599845215,0.3,105.19811063632059,stop,-128.89584953298356,34701.3219979382
AUDJPY,1,2025-09-25 15:45:00+00:00,2025-09-25 16:30:00+00:00,-1.0517072325885166,0.051707232588534636,1,0.44111320468428766,0.3,105.19811063632059,stop,-110.63761381086532,34590.68438412733
EURCHF,13,2025-09-25 15:45:00+00:00,2025-09-25 19:45:00+00:00,-0.12163555575044033,0.08996361625922251,1,0.4971269213698017,0.3,105.19811063632059,time,-12.795830651145163,34577.88855347619
JP225,11,2025-09-26 07:15:00+00:00,2025-09-26 09:30:00+00:00,-1.0535755115395748,0.05357551153958809,1,0.4729045488941679,0.3,103.7336656604287,stop,-109.29124986206139,34468.59730361412
EURAUD,15,2025-09-26 09:45:00+00:00,2025-09-26 10:30:00+00:00,-1.0951114076052333,0.09511140760525434,-1,0.3331224679029843,0.3,103.40579191084251,stop,-113.24086233401658,34355.356441280106
GBPCHF,14,2025-09-26 10:15:00+00:00,2025-09-26 10:45:00+00:00,-1.0961401673007851,0.09614016730068407,-1,0.4129154318323691,0.3,103.40579191084251,stop,-113.34724204502108,34242.00919923508
CHFSGD,19,2025-09-26 09:45:00+00:00,2025-09-26 11:00:00+00:00,1.3712324264543287,0.1287675735456512,-1,0.3498449725893859,0.3,103.40579191084251,target,141.79337495133598,34383.80257418641
EURUSD,6,2025-09-26 07:30:00+00:00,2025-09-26 11:30:00+00:00,-1.0944026878385222,0.09440268783852171,-1,0.424264044216968,0.3,103.7336656604287,stop,-113.52640251811579,34270.2761716683
AUDUSD,7,2025-09-26 11:00:00+00:00,2025-09-26 13:30:00+00:00,-1.0633907644855096,0.0633907644855366,1,0.40958281929716217,0.3,103.15140772255944,stop,-109.69025431584899,34160.58591735245
XAGUSD,3,2025-09-26 09:45:00+00:00,2025-09-26 13:45:00+00:00,0.17753433497786314,0.05665989414187409,-1,0.4464296580330069,0.3,103.40579191084251,time,18.358078499750725,34178.9439958522
NZDCHF,12,2025-09-26 10:00:00+00:00,2025-09-26 14:00:00+00:00,-0.25870129173518674,0.10578325838558425,1,0.4145279903893651,0.3,103.40579191084251,time,-26.75121194023488,34152.19278391196
XAUGBP,3,2025-09-26 10:15:00+00:00,2025-09-26 14:15:00+00:00,0.8326939995039634,0.009595705500046119,1,0.4443530583781837,0.3,103.40579191084251,time,86.10538243811403,34238.29816635007
NZDCNH,7,2025-09-26 10:30:00+00:00,2025-09-26 14:30:00+00:00,-0.12513467649446242,0.055355660310633846,1,0.43067708322759923,0.3,103.06606932384048,time,-12.897139242394616,34225.40102710767
EURGBP,20,2025-09-26 10:45:00+00:00,2025-09-26 14:45:00+00:00,0.6050838534094123,0.1257853474679757,-1,0.38658720273276986,0.3,102.72602759770541,time,62.157860624261225,34287.558887731924
GBPNZD,16,2025-09-26 11:00:00+00:00,2025-09-26 15:00:00+00:00,-0.14948734275180706,0.09574328436924087,-1,0.2895388907215786,0.3,103.15140772255944,time,-15.419829841553641,34272.13905789037
USDJPY,2,2025-09-26 14:00:00+00:00,2025-09-26 15:30:00+00:00,1.4250568632521068,0.07494313674788812,-1,0.32811019370839056,0.3,102.45657835173608,target,146.00645016546872,34418.14550805584
JP225,11,2025-09-26 12:15:00+00:00,2025-09-26 16:15:00+00:00,0.19263319805351636,0.04562365217056967,1,0.5109178793821062,0.3,102.81082851500507,time,19.80477869137708,34437.95028674722
NZDJPY,1,2025-09-26 17:45:00+00:00,2025-09-26 20:00:00+00:00,0.2256272808663565,0.16968977611837033,1,0.3643418809072661,0.3,103.31385086024191,weekend,23.31042324542867,34461.26070999265
USDCHF,18,2025-09-29 08:00:00+00:00,2025-09-29 11:00:00+00:00,-1.1304539990489735,0.1304539990489499,1,0.43204020569068574,0.3,103.38378212997819,stop,-116.87060994564165,34344.39010004701
EURCAD,4,2025-09-29 08:00:00+00:00,2025-09-29 11:15:00+00:00,1.3768098844045964,0.12319011559532361,-1,0.37416890212376486,0.3,103.38378212997819,target,142.33981312368525,34486.72991317069
FR40,8,2025-09-29 10:00:00+00:00,2025-09-29 12:45:00+00:00,1.420669407981621,0.07933059201837915,-1,0.5039101633373028,0.3,103.38378212997819,target,146.874176553497,34633.604089724184
CADJPY,2,2025-09-29 16:00:00+00:00,2025-09-29 20:00:00+00:00,0.80801982627894,0.15062065368239852,1,0.44236287538329,0.3,103.9008122691728,time,83.95391627997776,34717.55800600416
AUDCAD,7,2025-09-29 16:00:00+00:00,2025-09-29 20:00:00+00:00,-0.09739337151104438,0.11375695879314447,-1,0.39355395023462697,0.3,103.9008122691728,time,-10.119250409630824,34707.43875559453
EURAUD,15,2025-09-30 06:15:00+00:00,2025-09-30 07:30:00+00:00,-1.0646523947051487,0.06465239470514667,1,0.49732300764329906,0.3,104.12231626678384,stop,-110.85407335567828,34596.58468223885
USDJPY,2,2025-09-30 07:30:00+00:00,2025-09-30 08:00:00+00:00,-1.0620465610915153,0.06204656109145031,1,0.36910441467395955,0.3,103.78975404671681,stop,-110.22955136184977,34486.355130877
CHFJPY,2,2025-09-30 07:30:00+00:00,2025-09-30 08:15:00+00:00,-1.127121619632499,0.12712161963249108,1,0.42842876137533287,0.3,103.78975404671681,stop,-116.98367568239415,34369.3714551946
GBPUSD,6,2025-09-30 07:00:00+00:00,2025-09-30 09:30:00+00:00,-1.0951341088937268,0.09513410889375773,-1,0.44007729064495543,0.3,104.12231626678384,stop,-114.02790004077511,34255.34355515383
EURUSD,6,2025-09-30 08:30:00+00:00,2025-09-30 09:30:00+00:00,-1.0944554831865425,0.09445548318657015,-1,0.3948271444498901,0.3,103.10811436558406,stop,-112.84724112843858,34142.49631402538
DJ30,9,2025-09-30 08:15:00+00:00,2025-09-30 10:00:00+00:00,-1.0647716434517231,0.06477164345172647,1,0.4770293426219016,0.3,103.10811436558406,stop,-109.78659638625116,34032.709717639125
USDCHF,18,2025-09-30 08:15:00+00:00,2025-09-30 10:00:00+00:00,-1.1239550780894467,0.12395507808951504,1,0.4237697043647406,0.3,103.10811436558406,stop,-115.88888873342563,33916.82082890569
NAS100,9,2025-09-30 09:45:00+00:00,2025-09-30 10:15:00+00:00,1.4651332572408873,0.03486674275915622,-1,0.47653996490687156,0.3,102.42748894207644,target,150.06992050470942,34066.890749410406
EURCHF,13,2025-09-30 10:15:00+00:00,2025-09-30 11:45:00+00:00,1.3803559572598034,0.11964404274019018,1,0.4303010638391594,0.3,102.20067224823151,target,141.07330677380304,34207.96405618421
GBPCAD,5,2025-09-30 08:30:00+00:00,2025-09-30 12:30:00+00:00,-0.31650563082941985,0.14472952691380853,-1,0.4440172641842386,0.3,103.10811436558406,time,-32.63429878091115,34175.329757403306
US2000,9,2025-09-30 13:45:00+00:00,2025-09-30 16:30:00+00:00,1.4368717853575563,0.06312821464247853,1,0.3910502840609329,0.3,102.5259892722102,target,147.31670125111035,34322.64645865442
EURCHF,13,2025-09-30 12:45:00+00:00,2025-09-30 16:45:00+00:00,1.4033377424482023,0.09666225755176831,-1,0.39323234834577175,0.3,102.5259892722102,target,143.87859032753207,34466.52504898195
GBPCHF,14,2025-09-30 12:45:00+00:00,2025-09-30 16:45:00+00:00,0.01791624578032591,0.053750648458340225,-1,0.4288786887087502,0.3,102.5259892722102,time,1.8368808226719753,34468.361929804625
GER40,8,2025-09-30 15:15:00+00:00,2025-09-30 17:45:00+00:00,-1.038550971525597,0.03855097152557558,-1,0.372999799772797,0.3,102.5259892722102,stop,-106.47846576527682,34361.88346403935
CHFSGD,19,2025-09-30 17:15:00+00:00,2025-09-30 21:15:00+00:00,0.10079133640909899,0.04695900676531115,1,0.47936293816785636,0.3,103.40508578941416,time,10.422336788212583,34372.305800827555
NZDCNH,7,2025-10-01 07:45:00+00:00,2025-10-01 08:00:00+00:00,-1.127602072211243,0.1276020722111928,-1,0.377856074056141,0.3,103.11691740248295,stop,-116.27484974307536,34256.03095108448
USDCHF,18,2025-10-01 08:15:00+00:00,2025-10-01 09:30:00+00:00,-1.0698210164308966,0.06982101643089639,1,0.4857365164528,0.3,102.76809285325375,stop,-109.94346555293268,34146.08748553155
EURUSD,6,2025-10-01 08:15:00+00:00,2025-10-01 09:30:00+00:00,-1.080538820786218,0.0805388207861857,-1,0.3562358538202903,0.3,102.76809285325375,stop,-111.04491386610337,34035.04257166544
GBPUSD,6,2025-10-01 08:15:00+00:00,2025-10-01 09:30:00+00:00,-1.077328666666362,0.07732866666634984,-1,0.39527533452423613,0.3,102.76809285325375,stop,-110.71501244944074,33924.327559216006
GBPCHF,14,2025-10-01 08:15:00+00:00,2025-10-01 09:45:00+00:00,-1.0708474164492212,0.07084741644922116,1,0.45183663668074175,0.3,102.76809285325375,stop,-110.04894672532045,33814.278612490685
NZDCAD,7,2025-10-01 08:15:00+00:00,2025-10-01 10:00:00+00:00,-1.1439272794895523,0.14392727948957185,-1,0.338585605234847,0.3,102.76809285325375,stop,-117.55922487595227,33696.719387614736
GBPCAD,5,2025-10-01 08:15:00+00:00,2025-10-01 10:15:00+00:00,-1.1694489426698176,0.16944894266977978,-1,0.3762398251660937,0.3,102.76809285325375,stop,-120.18203752743123,33576.53735008731
XAUUSD,3,2025-10-01 09:30:00+00:00,2025-10-01 11:00:00+00:00,1.493018186714006,0.006981813285996596,1,0.4774638581729347,0.3,101.7729826776483,target,151.9489140538584,33728.486264141175
AUDCHF,12,2025-10-01 10:00:00+00:00,2025-10-01 11:45:00+00:00,1.4501318548207371,0.04986814517922401,1,0.4943040945160328,0.3,101.09015816284449,target,146.59405856080735,33875.08032270198
EURCAD,4,2025-10-02 07:30:00+00:00,2025-10-02 10:00:00+00:00,-1.1446097086090248,0.14460970860896052,-1,0.35449065458278745,0.3,101.62524096810617,stop,-116.32123745182594,33758.75908525016
CNHJPY,2,2025-10-02 09:45:00+00:00,2025-10-02 11:45:00+00:00,-1.063433027597441,0.06343302759741201,1,0.405830754522338,0.3,101.62524096810617,stop,-108.07163768303265,33650.68744756712
USDJPY,2,2025-10-02 09:45:00+00:00,2025-10-02 11:45:00+00:00,-1.029592037632138,0.029592037632108038,1,0.4699049274983887,0.3,101.62524096810617,stop,-104.63253892320945,33546.05490864391
AUDJPY,1,2025-10-02 08:15:00+00:00,2025-10-02 11:45:00+00:00,1.4318175472598973,0.06818245274010454,-1,0.3799177667799303,0.3,101.62524096810617,target,145.5088032626498,33691.563711906565
USDCHF,18,2025-10-02 11:00:00+00:00,2025-10-02 12:15:00+00:00,-1.1203089541956825,0.12030895419571913,1,0.41745982335111326,0.3,101.2762772557507,stop,-113.46072025722205,33578.10299164934
GBPCHF,14,2025-10-02 10:15:00+00:00,2025-10-02 13:15:00+00:00,1.422515960968399,0.07748403903156223,-1,0.3164416065630023,0.3,101.2762772557507,target,144.06712086376623,33722.17011251311
XAUGBP,3,2025-10-02 13:15:00+00:00,2025-10-02 14:15:00+00:00,-1.0134497976429864,0.013449797643008958,-1,0.4006895299570134,0.3,101.16651033753956,stop,-102.52717942982656,33619.642933083276
XAUUSD,3,2025-10-02 16:45:00+00:00,2025-10-02 17:15:00+00:00,1.4934691598744625,0.006530840125522464,-1,0.4241257297999838,0.3,100.85892879925008,target,150.62969965965425,33770.272632742926
AUDCHF,12,2025-10-02 13:45:00+00:00,2025-10-02 17:45:00+00:00,-0.6359083294141771,0.059733329795476416,1,0.36336085182741784,0.3,101.16651033753956,time,-64.33262658140686,33705.940006161516
XAUGBP,3,2025-10-02 18:00:00+00:00,2025-10-02 22:00:00+00:00,0.2863068451843042,0.0018236104788810032,1,0.5024650308292684,0.3,101.11782001848484,time,28.950724041406676,33734.890730202926
JP225,11,2025-10-03 08:45:00+00:00,2025-10-03 10:00:00+00:00,-1.0612600773263459,0.06126007732635112,-1,0.45474039991252724,0.3,101.20467219060906,stop,-107.40447823479326,33627.486251968134
CHFSGD,19,2025-10-03 14:45:00+00:00,2025-10-03 17:45:00+00:00,-1.134060119603639,0.1340601196036739,-1,0.372772524314622,0.3,100.88245875590468,stop,-114.40677324263045,33513.0794787255
AUDCHF,12,2025-10-03 15:45:00+00:00,2025-10-03 18:00:00+00:00,-1.0758729630823283,0.07587296308225555,1,0.3677375049123812,0.3,100.88245875590468,stop,-108.53670982474594,33404.54276890075
EURCHF,13,2025-10-03 15:45:00+00:00,2025-10-03 19:45:00+00:00,-0.570819057879917,0.15428640948335381,1,0.36442580467421326,0.3,100.88245875590468,time,-57.585630063655096,33346.9571388371
GBPCAD,5,2025-10-03 16:45:00+00:00,2025-10-03 20:00:00+00:00,-0.39830394568995164,0.1076675521881903,-1,0.40784760733591385,0.3,100.88245875590468,weekend,-40.18188137338064,33306.77525746371
USDCHF,18,2025-10-03 17:15:00+00:00,2025-10-03 20:00:00+00:00,-0.6630415322578632,0.052840398036164624,1,0.45962917752954785,0.3,100.88245875590468,weekend,-66.88926003145573,33239.885997432255
USDJPY,2,2025-10-03 17:15:00+00:00,2025-10-03 20:00:00+00:00,-0.1181649322974247,0.025028842438940747,1,0.49042368704703915,0.3,100.88245875590468,weekend,-11.920768908889215,33227.96522852336
CADJPY,2,2025-10-03 17:15:00+00:00,2025-10-03 20:00:00+00:00,-0.00780505109965323,0.07289704746051927,1,0.44659780413671096,0.3,100.88245875590468,weekend,-0.7873927456484954,33227.17783577771
CHFSGD,19,2025-10-06 08:15:00+00:00,2025-10-06 09:45:00+00:00,1.396872624993128,0.10312737500683015,-1,0.4114680114970399,0.3,99.6815335073335,target,139.24240537372938,33366.42024115144
DJ30,9,2025-10-06 10:45:00+00:00,2025-10-06 14:45:00+00:00,0.8156390387654278,0.03786332094849288,1,0.4545403543880995,0.3,100.09926072345466,time,81.64486479760849,33448.06510594905
GBPUSD,6,2025-10-06 11:30:00+00:00,2025-10-06 15:30:00+00:00,0.2858581472943362,0.04148368825172139,1,0.4686769144177605,0.3,100.09926072345466,time,28.61418921593946,33476.679295164984
GBPNZD,16,2025-10-06 12:45:00+00:00,2025-10-06 15:45:00+00:00,1.4246733511746843,0.07532664882528203,-1,0.40983333151969714,0.3,100.09926072345466,target,142.6087492249926,33619.28804438998
SP500,9,2025-10-06 17:15:00+00:00,2025-10-06 20:15:00+00:00,1.4546029360874875,0.04539706391252716,1,0.4889389715654396,0.3,100.8578641331703,target,146.70814529562242,33765.9961896856
DJ30,9,2025-10-06 17:15:00+00:00,2025-10-06 20:30:00+00:00,1.4812861855858053,0.01871381441419252,1,0.4645762699750034,0.3,100.8578641331703,target,149.39936084815523,33915.39555053375
AUDUSD,7,2025-10-06 17:00:00+00:00,2025-10-06 21:00:00+00:00,-0.1352845235754634,0.06207632369310868,-1,0.40187719609372063,0.3,100.8578641331703,time,-13.64450809809476,33901.75104243566
EURUSD,6,2025-10-07 08:00:00+00:00,2025-10-07 09:00:00+00:00,-1.0894557111592191,0.08945571115922248,1,0.4137419782936802,0.3,101.70525312730734,stop,-110.80336887443902,33790.947673561226
EURCAD,4,2025-10-07 08:00:00+00:00,2025-10-07 10:00:00+00:00,-1.1347083560733304,0.13470835607333603,1,0.33604640861085183,0.3,101.70525312730734,stop,-115.40580058010886,33675.54187298112
XAGUSD,3,2025-10-07 06:30:00+00:00,2025-10-07 10:15:00+00:00,1.4509120667311235,0.04908793326887645,-1,0.5776374207056253,0.3,101.70525312730734,target,147.56537901235356,33823.10725199347
GBPJPY,2,2025-10-07 08:45:00+00:00,2025-10-07 10:15:00+00:00,-1.0853488105672027,0.08534881056717321,1,0.3903194286297999,0.3,101.70525312730734,stop,-110.3856755101593,33712.72157648331
XAGEUR,3,2025-10-07 10:30:00+00:00,2025-10-07 14:30:00+00:00,1.0529689612480901,0.023457229334734875,1,0.5836721675054017,0.3,101.1381647294503,time,106.4953482577075,33819.21692474102
XAUEUR,3,2025-10-07 10:30:00+00:00,2025-10-07 14:30:00+00:00,1.398142444022607,0.016682381434360703,1,0.4392247574362007,0.3,101.1381647294503,time,141.40556081879467,33960.62248555981
DJ30,9,2025-10-07 13:30:00+00:00,2025-10-07 15:45:00+00:00,-1.0399157438325137,0.039915743832484994,-1,0.33150299558768836,0.3,101.1381647294503,stop,-105.17516980448161,33855.44731575533
GBPNZD,16,2025-10-07 15:00:00+00:00,2025-10-07 17:45:00+00:00,1.4112127595224953,0.08878724047746608,1,0.4421726667857006,0.3,101.88186745667977,target,143.77699131884617,33999.22430707418
USDJPY,2,2025-10-07 17:15:00+00:00,2025-10-07 19:15:00+00:00,-1.0498995678896519,0.04989956788964004,-1,0.4182656690161078,0.3,101.56634194726634,stop,-106.63445852256756,33892.58984855161
GER40,8,2025-10-07 16:00:00+00:00,2025-10-07 19:15:00+00:00,-1.0338739019896137,0.03387390198961385,1,0.3792096603024453,0.3,101.56634194726634,stop,-105.00679025983163,33787.58305829177
AUDJPY,1,2025-10-07 16:15:00+00:00,2025-10-07 19:30:00+00:00,1.4494987057958226,0.05050129420422001,1,0.43220158550122084,0.3,101.56634194726634,target,147.22028120497853,33934.80333949675
EURGBP,20,2025-10-07 16:45:00+00:00,2025-10-07 20:45:00+00:00,-1.052873750126709,0.10774286962186222,1,0.3752354035540144,0.3,101.56634194726634,time,-106.93653533266998,33827.86680416408
GBPUSD,6,2025-10-08 16:30:00+00:00,2025-10-08 18:45:00+00:00,1.4499775337593217,0.05002246624065721,-1,0.4057737058375445,0.3,101.48360041249259,target,147.1489406431225,33975.0157448072
AUDUSD,7,2025-10-08 16:30:00+00:00,2025-10-08 20:30:00+00:00,0.11760706950113098,0.06680435617599371,-1,0.4122512109261898,0.3,101.48360041249259,time,11.93518884693702,33986.95093365414
EURCAD,4,2025-10-09 10:00:00+00:00,2025-10-09 10:45:00+00:00,-1.127111394764497,0.1271113947645374,1,0.4002271361374064,0.3,101.96085280096278,stop,-114.92123901187074,33872.02969464226
EURJPY,2,2025-10-09 09:30:00+00:00,2025-10-09 11:45:00+00:00,1.4383566807409698,0.06164331925901742,-1,0.4616028558023701,0.3,101.96085280096278,target,146.65607380031145,34018.68576844258
AU200,10,2025-10-09 09:00:00+00:00,2025-10-09 13:00:00+00:00,0.13977514317468911,0.07439644717362487,1,0.5081459739767235,0.3,101.96085280096278,time,14.251592798467975,34032.93736124104
AUDCAD,7,2025-10-09 11:45:00+00:00,2025-10-09 13:00:00+00:00,1.4346460006173478,0.06535399938261706,1,0.4482275665738924,0.3,102.05605730532811,target,146.41431445186385,34179.3516756929
EURGBP,20,2025-10-09 12:00:00+00:00,2025-10-09 13:45:00+00:00,-1.119995660275709,0.11999566027568688,1,0.4254881313515577,0.3,102.05605730532811,stop,-114.30234128681656,34065.04933440608
NZDUSD,7,2025-10-09 11:45:00+00:00,2025-10-09 15:30:00+00:00,1.4524814087978621,0.04751859120215288,1,0.4819074499055021,0.3,102.05605730532811,target,148.23452589119833,34213.28386029728
XAUCNH,3,2025-10-09 14:15:00+00:00,2025-10-09 15:45:00+00:00,-1.0191513240532268,0.019151324053232915,-1,0.4323900016450825,0.3,102.19514800321866,stop,-104.15232039929577,34109.13153989798
XAUSGD,3,2025-10-09 14:15:00+00:00,2025-10-09 15:45:00+00:00,-1.0069858122162463,0.006985812216233411,-1,0.4048742742545673,0.3,102.19514800321866,stop,-102.90906411658064,34006.2224757814
EURJPY,2,2025-10-09 12:15:00+00:00,2025-10-09 16:00:00+00:00,-1.0481299287588408,0.048129928758813584,1,0.4655080465272157,0.3,102.05605730532811,stop,-106.96800807284173,33899.25446770855
EURNZD,15,2025-10-09 15:45:00+00:00,2025-10-09 17:00:00+00:00,1.4050106021359117,0.09498939786411618,1,0.36612163603953346,0.3,102.01866742734461,target,143.33730935119678,34042.591777059744
SP500,9,2025-10-09 16:45:00+00:00,2025-10-09 17:30:00+00:00,1.4534391842343066,0.046560815765693306,-1,0.4620883522303701,0.3,101.69776340312606,target,147.81151427909307,34190.40329133884
EURGBP,20,2025-10-09 16:45:00+00:00,2025-10-09 17:45:00+00:00,-1.1199581734902726,0.11995817349023372,-1,0.419031865064403,0.3,101.69776340312606,stop,-113.89724134901095,34076.506049989825
CHFSGD,19,2025-10-09 16:45:00+00:00,2025-10-09 18:30:00+00:00,-1.123364896793666,0.12336489679362055,1,0.36509153375260567,0.3,101.69776340312606,stop,-114.24369748949937,33962.26235250033
XAUCNH,3,2025-10-09 17:45:00+00:00,2025-10-09 19:30:00+00:00,-1.0094441518451753,0.009444151845176862,1,0.5004172238054254,0.3,102.2295181499699,stop,-103.19498924243733,33859.0673632579
EURCHF,13,2025-10-09 16:45:00+00:00,2025-10-09 20:45:00+00:00,-0.4819677466961999,0.15188456461467245,-1,0.3122155393486074,0.3,101.69776340312606,time,-49.01504187144793,33810.05232138645
EURJPY,2,2025-10-10 06:30:00+00:00,2025-10-10 09:30:00+00:00,-1.0691369794553172,0.06913697945532483,1,0.42264562484983775,0.3,101.43015696415974,stop,-108.44273164234045,33701.60958974411
NZDCAD,7,2025-10-10 07:15:00+00:00,2025-10-10 11:15:00+00:00,-0.479493561152874,0.1336989455250338,-1,0.3922603438589554,0.3,101.43015696415974,time,-48.635107171039934,33652.974482573074
GBPUSD,6,2025-10-10 10:30:00+00:00,2025-10-10 13:45:00+00:00,-1.0639253233204762,0.06392532332042124,1,0.4708238920307808,0.3,101.10482876923271,stop,-107.5679876375673,33545.40649493551
GBPAUD,16,2025-10-10 12:00:00+00:00,2025-10-10 13:45:00+00:00,1.4237598043813473,0.0762401956186528,-1,0.3929999777554826,0.3,100.95892344771961,target,143.7412570984767,33689.14775203398
GBPCAD,5,2025-10-10 13:00:00+00:00,2025-10-10 13:45:00+00:00,-1.1065013617728172,0.10650136177284877,1,0.4247990973378298,0.3,100.95892344771961,stop,-111.71118627801935,33577.43656575597
EURNZD,15,2025-10-10 10:00:00+00:00,2025-10-10 14:00:00+00:00,-0.07239670170370177,0.11052294859204777,-1,0.33263136133886234,0.3,101.10482876923271,time,-7.319656129209986,33570.116909626755
US2000,9,2025-10-10 17:30:00+00:00,2025-10-10 17:45:00+00:00,-1.1188019528191584,0.11880195281914924,1,0.30309935134193106,0.3,100.71035072888064,stop,-112.67493706457401,33457.441972562185
GBPCHF,14,2025-10-13 16:30:00+00:00,2025-10-13 20:30:00+00:00,0.507995088315444,0.08029164649262714,-1,0.39391486986056806,0.3,100.37232591768691,time,50.988648568981894,33508.43062113116
US2000,9,2025-10-14 07:45:00+00:00,2025-10-14 08:30:00+00:00,-1.066535233724451,0.06653523372443444,1,0.5390073896417693,0.3,100.52529186339383,stop,-107.21376565274339,33401.216855478415
GBPUSD,6,2025-10-14 07:00:00+00:00,2025-10-14 09:00:00+00:00,1.4160976824919553,0.0839023175080442,-1,0.43938581309844266,0.3,100.52529186339383,target,142.35363283957943,33543.570488318
XAGSGD,3,2025-10-14 09:00:00+00:00,2025-10-14 09:15:00+00:00,-1.0112774213621154,0.011277421362115434,1,0.5132823582941234,0.3,100.63071146495435,stop,-101.7655664001141,33441.80492191788
EURGBP,20,2025-10-14 09:30:00+00:00,2025-10-14 09:30:00+00:00,-1.100078272745406,0.10007827274537281,-1,0.4770349148752285,0.3,100.32541476575402,stop,-110.36580898797712,33331.439112929904
SP500,9,2025-10-14 09:00:00+00:00,2025-10-14 10:30:00+00:00,-1.034262134366319,0.03426213436630186,1,0.5091541506186359,0.3,100.63071146495435,stop,-104.07853442254489,33227.36057850736
XAUEUR,3,2025-10-14 09:30:00+00:00,2025-10-14 13:30:00+00:00,0.8425503487210247,0.00720128503180358,1,0.5834478917588227,0.3,100.32541476575402,time,84.5292131964675,33311.88979170383
XAUGBP,3,2025-10-14 09:30:00+00:00,2025-10-14 13:30:00+00:00,1.0274417446916688,0.004529500711351933,1,0.6042631236064725,0.3,100.32541476575402,time,103.07851918384162,33414.96831088766
XAUEUR,3,2025-10-14 16:15:00+00:00,2025-10-14 20:15:00+00:00,0.710092955606088,0.006389558688716986,1,0.4755779234193958,0.3,100.24490493266337,time,71.18320082808624,33486.151511715754
XAUCNH,3,2025-10-14 16:15:00+00:00,2025-10-14 20:15:00+00:00,1.1117600485697248,0.006556807308805111,1,0.47543744395553883,0.3,100.24490493266337,time,111.44828037680527,33597.59979209256
GER40,8,2025-10-15 10:15:00+00:00,2025-10-15 11:45:00+00:00,-1.0369997872759134,0.036999787275913285,1,0.3829752256349483,0.3,100.79279937627804,stop,-104.52211151214414,33493.07768058042
NZDCNH,7,2025-10-15 09:15:00+00:00,2025-10-15 13:15:00+00:00,0.6838896866936554,0.07261965591885697,1,0.46828815924194056,0.3,100.79279937627804,time,68.93115598641926,33562.008836566834
NZDCAD,7,2025-10-15 10:00:00+00:00,2025-10-15 14:00:00+00:00,-0.7160350618415612,0.11584172684132917,-1,0.42933688914044144,0.3,100.79279937627804,time,-72.17117833457732,33489.83765823225
US2000,9,2025-10-15 15:30:00+00:00,2025-10-15 16:30:00+00:00,-1.1448812081137885,0.14488120811376778,-1,0.47045190873019244,0.3,100.46951297469715,stop,-115.02565739307522,33374.81200083917
CHFSGD,19,2025-10-15 15:45:00+00:00,2025-10-15 16:45:00+00:00,-1.1268455769832182,0.12684557698317273,-1,0.36222143522846134,0.3,100.46951297469715,stop,-113.21362631719553,33261.59837452197
GBPCAD,5,2025-10-15 17:30:00+00:00,2025-10-15 18:15:00+00:00,-1.1134665821820244,0.11346658218204173,-1,0.3877733901765354,0.3,99.78479512356634,stop,-111.10703477997095,33150.491339742
CHFJPY,2,2025-10-15 15:30:00+00:00,2025-10-15 18:30:00+00:00,-1.1156101332443973,0.11561013324436992,-1,0.417987813772293,0.3,100.46951297469715,stop,-112.0848067567016,33038.406532985304
NZDJPY,1,2025-10-15 15:30:00+00:00,2025-10-15 18:45:00+00:00,1.3454899315616313,0.1545100684383663,-1,0.4159688683554366,0.3,100.46951297469715,target,135.1807181363557,33173.58725112166
EURJPY,2,2025-10-15 15:30:00+00:00,2025-10-15 19:30:00+00:00,0.7257762421005065,0.07413090933431773,-1,0.3839655660524483,0.3,100.46951297469715,time,72.91838557244378,33246.5056366941
EURNZD,15,2025-10-15 17:00:00+00:00,2025-10-15 20:00:00+00:00,-1.1246435547990237,0.12464355479895428,-1,0.4005078050072685,0.3,99.78479512356634,stop,-112.22232670265993,33134.28330999144
XAGEUR,3,2025-10-16 07:45:00+00:00,2025-10-16 08:30:00+00:00,-1.037710213502155,0.03771021350215896,1,0.43954079087507303,0.3,99.40284992997476,stop,-103.15135262355679,33031.13195736789
AUDCAD,7,2025-10-16 06:45:00+00:00,2025-10-16 10:45:00+00:00,1.1502110599079953,0.045284713414994335,1,0.44545524292773814,0.3,99.40284992997476,time,114.33425737583167,33145.46621474372
EURCAD,4,2025-10-16 15:30:00+00:00,2025-10-16 17:45:00+00:00,-1.097013524071357,0.0970135240713283,-1,0.3089251001475479,0.3,99.43639864423159,stop,-109.08307409767279,33036.38314064605
GBPNZD,16,2025-10-16 16:30:00+00:00,2025-10-16 20:30:00+00:00,-0.5423960206684229,0.06408415594940861,-1,0.41157749968143315,0.3,99.43639864423159,time,-53.93390693423017,32982.44923371183
NAS100,9,2025-10-17 07:00:00+00:00,2025-10-17 08:30:00+00:00,-1.0197737045348234,0.01977370453482314,1,0.45737805226266454,0.3,98.94734770113588,stop,-100.90390331908259,32881.54533039275
GBPUSD,6,2025-10-17 07:45:00+00:00,2025-10-17 08:30:00+00:00,-1.0851306429585406,0.08513064295859207,-1,0.3622590024676051,0.3,98.94734770113588,stop,-107.37079902997586,32774.174531362776
GBPCAD,5,2025-10-17 08:30:00+00:00,2025-10-17 08:45:00+00:00,-1.1668940469252136,0.16689404692517693,-1,0.3897726003785828,0.3,98.3225235940887,stop,-114.73196746060596,32659.442563902165
NZDCNH,7,2025-10-17 06:30:00+00:00,2025-10-17 09:45:00+00:00,-1.0808720805575147,0.08087208055749177,-1,0.41455766241108466,0.3,98.94734770113588,stop,-106.94942557537456,32552.493138326783
JP225,11,2025-10-17 08:30:00+00:00,2025-10-17 10:00:00+00:00,-1.0440335760934656,0.044033576093468814,1,0.4877482759835623,0.3,98.3225235940887,stop,-102.65201591847057,32449.84112240831
AUDCAD,7,2025-10-17 14:30:00+00:00,2025-10-17 18:30:00+00:00,0.155344688826592,0.04431311164551821,-1,0.40660211766905574,0.3,97.34952336722536,time,15.12273141489867,32464.96385382321
GBPNZD,16,2025-10-17 15:45:00+00:00,2025-10-17 19:45:00+00:00,0.44749149077261163,0.05493558952505627,-1,0.3742761307889954,0.3,97.34952336722536,time,43.56308333760287,32508.526937160816
USDCHF,18,2025-10-17 18:00:00+00:00,2025-10-17 20:00:00+00:00,0.16386438027055436,0.038426557116458135,-1,0.45382732245242036,0.3,97.34952336722536,weekend,15.952119316204234,32524.479056477023
FR40,8,2025-10-17 17:30:00+00:00,2025-10-17 20:00:00+00:00,0.5477737924634594,0.043866895084344056,-1,0.37416959596321653,0.3,97.34952336722536,weekend,53.32551760937519,32577.804574086404
EURGBP,20,2025-10-20 08:15:00+00:00,2025-10-20 10:00:00+00:00,-1.172145063772858,0.1721450637729314,-1,0.38804558149561585,0.3,97.7334137222596,stop,-114.5577384602171,32463.24683562618
USDCHF,18,2025-10-20 10:15:00+00:00,2025-10-20 12:00:00+00:00,1.3964074813116525,0.10359251868838242,-1,0.4294708304297416,0.3,97.38974050687894,target,135.99576224680624,32599.242597872988
GBPCAD,5,2025-10-20 14:45:00+00:00,2025-10-20 15:45:00+00:00,1.4125992063645822,0.08740079363541048,1,0.38196573205262546,0.3,97.79772779361936,target,138.14899266552615,32737.391590538507
AUDCAD,7,2025-10-20 16:15:00+00:00,2025-10-20 17:15:00+00:00,-1.1341308771409004,0.13413087714094069,-1,0.3575465328915128,0.3,98.21217477161593,stop,-111.3854599196482,32626.006130618858
NZDCAD,7,2025-10-20 16:15:00+00:00,2025-10-20 17:15:00+00:00,-1.2157844401459714,0.2157844401459316,-1,0.37269142077246337,0.3,98.21217477161593,stop,-119.40483392022738,32506.60129669863
AU200,10,2025-10-20 17:00:00+00:00,2025-10-20 17:30:00+00:00,-1.1484511612044859,0.14845116120447371,-1,0.42116924047272586,0.3,98.21217477161593,stop,-112.79188616088024,32393.809410537753
USDCAD,17,2025-10-21 07:00:00+00:00,2025-10-21 08:45:00+00:00,-1.191086410287182,0.1910864102871192,-1,0.3944099008671121,0.3,97.18142823161367,stop,-115.75147849897414,32278.057932038777
NAS100,9,2025-10-21 09:00:00+00:00,2025-10-21 11:15:00+00:00,-1.0471751589648988,0.047175158964875785,1,0.41854856552421466,0.3,96.83417379611674,stop,-101.40234133818319,32176.655590700597
GBPCAD,5,2025-10-21 10:15:00+00:00,2025-10-21 14:15:00+00:00,0.4704868470626604,0.11561431528458822,-1,0.4076119348993856,0.3,96.83417379611674,time,45.55920511725266,32222.214795817854
EURUSD,6,2025-10-21 12:00:00+00:00,2025-10-21 15:00:00+00:00,-1.0653836747781489,0.06538367477810741,1,0.4845182714849227,0.3,96.5299667721022,stop,-102.84145072587485,32119.373345091983
NZDCAD,7,2025-10-21 13:30:00+00:00,2025-10-21 15:30:00+00:00,-1.1317424651959545,0.13174246519594265,1,0.4058857451192582,0.3,96.5299667721022,stop,-109.2470625599425,32010.126282532045
GBPUSD,6,2025-10-21 17:00:00+00:00,2025-10-21 21:00:00+00:00,-0.1026851429711996,0.04003544309335145,1,0.49536598918955316,0.3,96.0303788475965,time,-9.860893181543908,32000.265389350505
AUDJPY,1,2025-10-22 07:30:00+00:00,2025-10-22 09:00:00+00:00,-1.0698594376279924,0.06985943762796755,-1,0.42614905306074635,0.3,96.00079616805188,stop,-102.70735780019152,31897.558031550318
JP225,11,2025-10-22 07:15:00+00:00,2025-10-22 09:15:00+00:00,-1.0436323523161677,0.043632352316161006,-1,0.4503990853655382,0.3,96.00079616805188,stop,-100.18953672908891,31797.368494821232
AUDUSD,7,2025-10-22 07:30:00+00:00,2025-10-22 09:30:00+00:00,-1.068173549412844,0.06817354941289165,-1,0.3872732099731548,0.3,96.00079616805188,stop,-102.54551118928693,31694.82298363195
GER40,8,2025-10-22 07:15:00+00:00,2025-10-22 10:00:00+00:00,1.4671488119687712,0.03285118803122735,-1,0.3592414619841087,0.3,96.00079616805188,target,140.84745404601347,31835.670437677967
NZDCHF,12,2025-10-22 07:30:00+00:00,2025-10-22 11:30:00+00:00,0.3089921209481412,0.06825415261222244,-1,0.4028695427394553,0.3,96.00079616805188,time,29.663489620676536,31865.33392729865
AUDCHF,12,2025-10-22 07:30:00+00:00,2025-10-22 11:30:00+00:00,0.2112352761738854,0.06051318324682434,-1,0.36361219953875157,0.3,96.00079616805188,time,20.278754691471317,31885.612681990126
GER40,8,2025-10-22 10:30:00+00:00,2025-10-22 12:30:00+00:00,-1.032233538768001,0.03223353876802319,1,0.47235092183517374,0.3,95.5070113130342,stop,-98.5855402648088,31787.02714172531
XAUSGD,3,2025-10-22 11:30:00+00:00,2025-10-22 13:30:00+00:00,-1.002912631282941,0.002912631282941099,1,0.4061637887207901,0.3,95.65683804597066,stop,-95.93545114489058,31691.09169058042
XAUGBP,3,2025-10-22 11:30:00+00:00,2025-10-22 13:30:00+00:00,-1.0035833121267093,0.0035833121267093418,1,0.4209885188715157,0.3,95.65683804597066,stop,-95.99960635374345,31595.09208422668
NZDCAD,7,2025-10-22 15:00:00+00:00,2025-10-22 17:15:00+00:00,1.3226794206568733,0.17732057934313403,-1,0.34681811860628886,0.3,94.78527625268032,target,125.37053428069689,31720.462618507372
SP500,9,2025-10-22 16:45:00+00:00,2025-10-22 17:15:00+00:00,-1.0674365819086404,0.06743658190866708,1,0.44583515774249854,0.3,94.78527625268032,stop,-101.1772712984273,31619.28534720895
NAS100,9,2025-10-22 16:45:00+00:00,2025-10-22 17:15:00+00:00,-1.0298433627767867,0.02984336277678671,1,0.331308336731674,0.3,94.78527625268032,stop,-97.613987637787,31521.671359571163
FR40,8,2025-10-23 09:00:00+00:00,2025-10-23 10:00:00+00:00,-1.168843787891394,0.16884378789144092,-1,0.3967115996250549,0.3,94.56501407871377,stop,-110.53172925776681,31411.139630313395
GBPCAD,5,2025-10-23 07:15:00+00:00,2025-10-23 11:00:00+00:00,1.3360448747764107,0.1639551252235135,1,0.37081692101903996,0.3,94.56501407871377,target,126.34310239302465,31537.482732706427
NAS100,9,2025-10-23 15:30:00+00:00,2025-10-23 16:30:00+00:00,1.4735196211798987,0.026480378820098502,1,0.3662321044705079,0.3,94.61244819811955,target,139.4132988277959,31676.896031534226
XAGUSD,3,2025-10-23 15:00:00+00:00,2025-10-23 19:00:00+00:00,-0.31370887454715884,0.05270309092392302,-1,0.378042413497267,0.3,94.61244819811955,time,-29.68076464238345,31647.215266891842
FR40,8,2025-10-23 16:45:00+00:00,2025-10-23 20:45:00+00:00,-0.08700535891572307,0.07219593612151275,-1,0.4341840771833246,0.3,95.03068809460292,time,-8.268179125679058,31638.947087766166
AUDJPY,1,2025-10-23 17:00:00+00:00,2025-10-23 21:00:00+00:00,-0.4199110608772512,0.045846636896702896,-1,0.399214223768342,0.3,95.03068809460292,time,-39.90443705369988,31599.042650712465
NZDJPY,1,2025-10-23 17:00:00+00:00,2025-10-23 21:00:00+00:00,-0.4847761883280537,0.16000683484053163,-1,0.43136753513934295,0.3,95.03068809460292,time,-46.068614748693754,31552.974035963765
GBPJPY,2,2025-10-24 08:15:00+00:00,2025-10-24 09:30:00+00:00,-1.1098709574739554,0.10987095747389566,-1,0.32693196548697656,0.3,94.65892210789156,stop,-105.05918851333816,31447.914847450433
GBPAUD,16,2025-10-24 09:15:00+00:00,2025-10-24 11:45:00+00:00,-1.1031207586007235,0.10312075860079511,-1,0.46388280002300153,0.3,94.65892210789156,stop,-104.42022196398412,31343.494625486448
USDCHF,18,2025-10-24 14:15:00+00:00,2025-10-24 15:30:00+00:00,1.4131172122939109,0.08688278770606955,-1,0.38623154922066716,0.3,94.03048387645958,target,132.8760952461501,31476.370720732593
XAUUSD,3,2025-10-24 14:15:00+00:00,2025-10-24 16:00:00+00:00,1.4968125654976658,0.0031874345023239293,1,0.44731929523831276,0.3,94.03048387645958,target,140.74600980611038,31617.116730538706
XAUCNH,3,2025-10-24 14:15:00+00:00,2025-10-24 16:00:00+00:00,1.493128937507458,0.00687106249253519,1,0.4175380510497327,0.3,94.03048387645958,target,140.39963648377025,31757.516367022472
AUDJPY,1,2025-10-24 15:45:00+00:00,2025-10-24 17:30:00+00:00,-1.0410473637242645,0.0410473637242646,1,0.44773003022299734,0.3,94.42911216219804,stop,-98.30517827527915,31659.2111887472
EURGBP,20,2025-10-24 15:45:00+00:00,2025-10-24 17:45:00+00:00,1.4194039965772922,0.08059600342274799,1,0.4113739959358822,0.3,94.42911216219804,target,134.03305919626928,31793.24424794347
NZDJPY,1,2025-10-24 15:45:00+00:00,2025-10-24 17:45:00+00:00,-1.1844692159255426,0.18446921592554252,1,0.3309474282392253,0.3,94.42911216219804,stop,-111.84837644330382,31681.395871500165
GBPJPY,2,2025-10-24 16:30:00+00:00,2025-10-24 17:45:00+00:00,1.451571176125809,0.04842882387416976,-1,0.49314092697339024,0.3,95.27254910106767,target,138.29488615114067,31819.690757651304
AU200,10,2025-10-24 15:45:00+00:00,2025-10-24 18:15:00+00:00,-1.0918485828689446,0.09184858286894473,-1,0.3878167126255474,0.3,94.42911216219804,stop,-103.10229229586855,31716.58846535544
CHFJPY,2,2025-10-24 15:45:00+00:00,2025-10-24 19:45:00+00:00,0.1577504441443134,0.09432108759998853,1,0.4366706467007633,0.3,94.42911216219804,time,14.896234383739928,31731.484699739172
EURCHF,13,2025-10-24 15:45:00+00:00,2025-10-24 19:45:00+00:00,0.2977777278785772,0.07539017938460738,1,0.4169576929745196,0.3,94.42911216219804,time,28.118886465250654,31759.603586204423
AUDUSD,7,2025-10-24 17:45:00+00:00,2025-10-24 20:00:00+00:00,0.49282957459987153,0.044602813146127955,1,0.3521914308375656,0.3,95.45907227295415,weekend,47.045053979978384,31806.6486401844
NZDUSD,7,2025-10-24 17:45:00+00:00,2025-10-24 20:00:00+00:00,0.12371402506107664,0.06896240310365682,1,0.29984214321775765,0.3,95.45907227295415,weekend,11.809626059483374,31818.45826624389
AUDJPY,1,2025-10-24 17:45:00+00:00,2025-10-24 20:00:00+00:00,0.5288774418637211,0.03772348677214292,1,0.38686959267525484,0.3,95.45907227295415,weekend,50.486149946404055,31868.944416190294
XAUAUD,3,2025-10-27 06:15:00+00:00,2025-10-27 10:15:00+00:00,-0.2492048768538767,0.010626342754429795,1,0.47471519188105127,0.3,95.60683324857109,time,-23.825689106099286,31845.11872708419
USDCHF,18,2025-10-27 08:30:00+00:00,2025-10-27 12:30:00+00:00,0.7724881058465225,0.10785741835187301,-1,0.3564356579612065,0.3,95.60683324857109,time,73.85514152217301,31918.973868606365
USDJPY,2,2025-10-27 14:30:00+00:00,2025-10-27 16:30:00+00:00,1.4509303130415878,0.049069686958452444,1,0.3556621242942042,0.3,95.75692160581931,target,138.9366202414302,32057.91048884779
USDCAD,17,2025-10-27 13:00:00+00:00,2025-10-27 16:30:00+00:00,1.3830426704767154,0.11695732952333128,1,0.3013513930482922,0.3,95.75692160581931,target,132.43590857434182,32190.346397422138
GBPJPY,2,2025-10-27 16:15:00+00:00,2025-10-27 20:15:00+00:00,-0.4058347022209671,0.06269164854466604,-1,0.41254485896313575,0.3,95.75692160581931,time,-38.861481765494176,32151.48491565665
EURCAD,4,2025-10-27 17:45:00+00:00,2025-10-27 21:45:00+00:00,-0.4231223738837292,0.09639545977363409,-1,0.3473032583191659,0.3,96.57103919226664,time,-40.86136735145051,32110.6235483052
EURCHF,13,2025-10-28 10:45:00+00:00,2025-10-28 11:45:00+00:00,1.3423235272133147,0.1576764727867583,-1,0.36892193406237245,0.3,96.3318706449158,target,129.30853638714015,32239.932084692337
CHFSGD,19,2025-10-28 15:00:00+00:00,2025-10-28 15:30:00+00:00,-1.172059092048533,0.17205909204853698,1,0.39254123634879745,0.3,96.71979625407722,stop,-113.36131658067285,32126.570768111662
EURAUD,15,2025-10-28 16:00:00+00:00,2025-10-28 17:00:00+00:00,-1.0948498910274889,0.09484989102747106,1,0.4653553901515135,0.3,96.37971230433521,stop,-105.52131751366214,32021.049450598002
GER40,8,2025-10-28 17:00:00+00:00,2025-10-28 21:00:00+00:00,0.13925425352700482,0.022307720225198228,1,0.43310080463764633,0.3,96.06314835179421,time,13.377202015183027,32034.426652613183
NZDCHF,12,2025-10-28 18:00:00+00:00,2025-10-28 22:00:00+00:00,0.297229119470642,0.15928852931518478,-1,0.34487574421499545,0.3,96.06314835179421,time,28.55276499818145,32062.979417611365
NZDUSD,7,2025-10-29 09:45:00+00:00,2025-10-29 12:00:00+00:00,1.4298213590935807,0.07017864090637438,-1,0.366000695031286,0.3,96.1889382528343,target,137.53299842243607,32200.512416033802
EURCHF,13,2025-10-29 11:45:00+00:00,2025-10-29 13:45:00+00:00,-1.1260480086020601,0.12604800860206644,-1,0.46179676513391943,0.3,96.1889382528343,stop,-108.3133623691506,32092.199053664648
FR40,8,2025-10-29 11:15:00+00:00,2025-10-29 15:15:00+00:00,0.6914035278910278,0.09734562306047473,1,0.5075602261024423,0.3,96.1889382528343,time,66.50537125210187,32158.704424916752
JP225,11,2025-10-29 11:30:00+00:00,2025-10-29 15:30:00+00:00,0.7434751622764706,0.04143205238692406,-1,0.55011505397309,0.3,96.1889382528343,time,71.5140864767274,32230.218511393483
USDCHF,18,2025-10-29 11:45:00+00:00,2025-10-29 15:45:00+00:00,-1.1150267808798846,0.11502678087988295,-1,0.3762087161266215,0.3,96.1889382528343,stop,-107.25324217631183,32122.965269217166
XAUSGD,3,2025-10-29 12:15:00+00:00,2025-10-29 16:15:00+00:00,0.16251207847943114,0.002966751939786512,-1,0.37082154281475715,0.3,96.60153724810161,time,15.698916602497178,32138.664185819667
XAUUSD,3,2025-10-29 12:15:00+00:00,2025-10-29 16:15:00+00:00,-0.09862556557475459,0.004434982606145247,-1,0.3987022927544326,0.3,96.60153724810161,time,-9.527381246484744,32129.13680457318
GER40,8,2025-10-29 17:15:00+00:00,2025-10-29 17:45:00+00:00,-1.028924404662839,0.028924404662835638,1,0.42047120572809477,0.3,96.38741041371975,stop,-99.17535887692932,32029.961445696244
FR40,8,2025-10-29 17:00:00+00:00,2025-10-29 21:00:00+00:00,0.5084825773084558,0.09138626965452123,1,0.45102763782980726,0.3,96.38741041371975,time,49.01131886725611,32078.9727645635
EURCHF,13,2025-10-29 17:00:00+00:00,2025-10-29 21:00:00+00:00,-0.23633657403524008,0.14879199394518883,-1,0.4319402171048603,0.3,96.38741041371975,time,-22.77987035730715,32056.192894206193
XAUAUD,3,2025-10-30 06:15:00+00:00,2025-10-30 07:30:00+00:00,1.492577294311599,0.00742270568840686,1,0.4871418174713826,0.3,96.16857868261881,target,143.5390369678953,32199.731931174087
XAUGBP,3,2025-10-30 06:15:00+00:00,2025-10-30 07:30:00+00:00,1.4946472098477996,0.005352790152198533,1,0.5353614071666583,0.3,96.16857868261881,target,143.7380978030048,32343.470028977084
AUDCHF,12,2025-10-30 13:00:00+00:00,2025-10-30 17:00:00+00:00,0.473467912355818,0.04235388189665052,1,0.42598129925061073,0.3,97.03041008693151,time,45.94078569888836,32389.410814675968
FR40,8,2025-10-30 13:00:00+00:00,2025-10-30 17:00:00+00:00,-0.348254534036941,0.042576573126773355,1,0.43794207678215646,0.3,97.03041008693151,time,-33.791280252237634,32355.619534423735
AUDCAD,7,2025-10-30 16:45:00+00:00,2025-10-30 20:45:00+00:00,0.3963702499968421,0.08217609683808837,1,0.38563461538162963,0.3,97.03041008693151,time,38.459967903453155,32394.079502327193
EURGBP,20,2025-10-31 09:30:00+00:00,2025-10-31 10:00:00+00:00,-1.2216350483978666,0.22163504839793904,-1,0.37455922503027844,0.3,97.18223850698183,stop,-118.72122864188977,32275.3582736853
CHFJPY,2,2025-10-31 10:15:00+00:00,2025-10-31 14:15:00+00:00,0.43436511117699456,0.07456652846246416,-1,0.4530638540360494,0.3,96.82607482105615,time,42.05786875448005,32317.416142439775
CADJPY,2,2025-10-31 10:15:00+00:00,2025-10-31 14:15:00+00:00,0.8423491561310954,0.09845982301803266,-1,0.4136246986418508,0.3,96.82607482105615,time,81.56136241700295,32398.977504856783
NZDCHF,12,2025-10-31 11:30:00+00:00,2025-10-31 15:30:00+00:00,0.6817384639809657,0.06940296415500981,1,0.3408167112399088,0.3,96.82607482105615,time,66.01005952181288,32464.987564378593
EURUSD,6,2025-10-31 15:30:00+00:00,2025-10-31 16:30:00+00:00,-1.0642037565140112,0.06420375651394783,1,0.4252227766296775,0.3,97.39496269313604,stop,-103.64808516357735,32361.33947921502
XAUGBP,3,2025-10-31 16:00:00+00:00,2025-10-31 19:00:00+00:00,1.4985911975464936,0.001408802453513508,-1,0.436397600517021,0.3,97.39496269313604,target,145.9552337773028,32507.294712992327
XAUCNH,3,2025-10-31 16:00:00+00:00,2025-10-31 19:00:00+00:00,1.4923595681133468,0.007640431886644107,-1,0.3998812147511099,0.3,97.39496269313604,target,145.348304461144,32652.643017453476
CHFSGD,19,2025-11-03 09:45:00+00:00,2025-11-03 12:30:00+00:00,-1.0753331573949358,0.07533315739492108,1,0.4617719928354253,0.3,97.95792905236065,stop,-105.3374091397441,32547.305608313734
XAUAUD,3,2025-11-03 09:15:00+00:00,2025-11-03 13:15:00+00:00,0.2976515344127429,0.0131020427111704,-1,0.40977919311693434,0.3,97.95792905236065,time,29.157327890329753,32576.462936204058
GBPJPY,2,2025-11-03 11:00:00+00:00,2025-11-03 14:45:00+00:00,1.4275073753500724,0.07249262464995601,1,0.4137246843985863,0.3,97.95792905236065,target,139.83566619626396,32716.29860240032
GBPUSD,6,2025-11-03 15:00:00+00:00,2025-11-03 16:30:00+00:00,1.4418490232553285,0.05815097674463648,-1,0.3428115807517423,0.3,98.1488958072012,target,141.51588955320204,32857.814491953526
XAGUSD,3,2025-11-03 16:30:00+00:00,2025-11-03 17:30:00+00:00,1.4443401797700741,0.055659820229933564,-1,0.38858106058825664,0.3,98.57344347586083,target,142.37358507048006,33000.18807702401
XAGEUR,3,2025-11-03 17:45:00+00:00,2025-11-03 21:00:00+00:00,-1.0106953012993776,0.010695301299375614,1,0.45564513639480836,0.3,99.00056423107226,stop,-100.05940509433196,32900.12867192968
XAGSGD,3,2025-11-03 17:45:00+00:00,2025-11-03 21:00:00+00:00,-1.0177641683301877,0.017764168330183083,1,0.502533670002502,0.3,99.00056423107226,stop,-100.75922691885658,32799.369445010816
AUDCHF,12,2025-11-03 17:45:00+00:00,2025-11-03 21:45:00+00:00,0.7547073836702428,0.04619649147569493,1,0.44963571604877206,0.3,99.00056423107226,time,74.71645681271038,32874.08590182352
XAUGBP,3,2025-11-04 10:15:00+00:00,2025-11-04 13:45:00+00:00,-1.0132193479295424,0.013219347929547697,-1,0.42579553310881857,0.3,98.62225770547084,stop,-99.92597964367646,32774.15992217984
XAUEUR,3,2025-11-04 16:15:00+00:00,2025-11-04 16:15:00+00:00,-1.0112639867615607,0.011263986761572376,1,0.3975483655418337,0.3,98.32247976653981,stop,-99.42998287699393,32674.72993930285
XAUUSD,3,2025-11-04 16:15:00+00:00,2025-11-04 16:15:00+00:00,-1.0077993432461623,0.007799343246163441,1,0.48985563372227325,0.3,98.02418981790883,stop,-98.78871412072567,32575.94122518212
NAS100,9,2025-11-04 16:45:00+00:00,2025-11-04 19:15:00+00:00,-1.0228273313667922,0.022827331366792283,1,0.47623379860699533,0.3,97.72782367554666,stop,-99.9586890903438,32475.982536091775
EURUSD,6,2025-11-04 16:45:00+00:00,2025-11-04 20:45:00+00:00,0.20350727056944293,0.05471951919270113,1,0.5239028031601614,0.3,97.72782367554666,time,19.888322654902286,32495.870858746683
GBPNZD,16,2025-11-04 17:00:00+00:00,2025-11-04 21:00:00+00:00,-0.31903474804277016,0.0734854989677422,1,0.4489725188216989,0.3,97.72782367554666,time,-31.178571603096298,32464.69228714358
GBPAUD,16,2025-11-04 17:00:00+00:00,2025-11-04 21:00:00+00:00,-0.6587655640398898,0.07362814535998194,1,0.3870675152849656,0.3,97.72782367554666,time,-64.3797248860124,32400.312562257575
EURCAD,4,2025-11-05 08:00:00+00:00,2025-11-05 12:00:00+00:00,-0.49472964435101585,0.12886470502092945,-1,0.34771612212136277,0.3,97.20093768677299,time,-48.08818533236246,32352.22437692521
USDCAD,17,2025-11-05 09:30:00+00:00,2025-11-05 12:00:00+00:00,-1.1544041499150863,0.15440414991505064,-1,0.3955497751778567,0.3,97.20093768677299,stop,-112.20916584124845,32240.015211083955
SP500,9,2025-11-05 10:15:00+00:00,2025-11-05 12:45:00+00:00,-1.0388488422189854,0.038848842218986726,1,0.4790679166874301,0.3,97.20093768677299,stop,-100.97708157850387,32139.038129505454
EURGBP,20,2025-11-05 17:00:00+00:00,2025-11-05 21:00:00+00:00,0.8812725886862992,0.1180687878132082,-1,0.4079045460331589,0.3,96.41711438851664,time,84.96975999083108,32224.00788949628
EURCHF,13,2025-11-05 17:15:00+00:00,2025-11-05 21:15:00+00:00,-0.1916719016715249,0.11641114657679832,-1,0.38686532724350453,0.3,96.41711438851664,time,-18.48045166852793,32205.527437827754
CHFSGD,19,2025-11-05 17:15:00+00:00,2025-11-05 21:15:00+00:00,-0.08977631185724345,0.05641177900845946,1,0.40821869407576994,0.3,96.41711438851664,time,-8.655972929718985,32196.87146489804
XAGUSD,3,2025-11-06 06:45:00+00:00,2025-11-06 09:15:00+00:00,-1.1285127621623459,0.12851276216233878,-1,0.3763220168354091,0.3,96.5906143946944,stop,-109.00374104951462,32087.867723848525
EURUSD,6,2025-11-06 10:15:00+00:00,2025-11-06 10:45:00+00:00,-1.1074905011255258,0.10749050112557623,-1,0.3633725003258101,0.3,96.26360317154585,stop,-106.61102611660408,31981.256697731922
USDCHF,18,2025-11-06 10:15:00+00:00,2025-11-06 14:00:00+00:00,-1.1844230684642445,0.18442306846417403,1,0.36392881835054175,0.3,96.26360317154585,stop,-114.01683224986672,31867.239865482057
DJ30,9,2025-11-06 15:45:00+00:00,2025-11-06 16:15:00+00:00,1.4594344527852599,0.04056554721477657,-1,0.4077576987382699,0.3,95.60171959644644,target,139.52444332456966,32006.764308806625
XAUGBP,3,2025-11-06 14:15:00+00:00,2025-11-06 16:15:00+00:00,1.494220174653793,0.005779825346192198,-1,0.4092672315857726,0.3,95.60171959644644,target,142.85001815260514,32149.61432695923
AUDCAD,7,2025-11-06 16:00:00+00:00,2025-11-06 16:45:00+00:00,1.3965165139879134,0.1034834860120853,-1,0.3793352650753629,0.3,95.60171959644644,target,133.50938018207938,32283.123707141305
CNHJPY,2,2025-11-06 15:45:00+00:00,2025-11-06 17:00:00+00:00,-1.1282253727208005,0.12822537272076995,1,0.40866844766128246,0.3,95.60171959644644,stop,-107.86028572445025,32175.26342141685
GBPCHF,14,2025-11-06 16:00:00+00:00,2025-11-06 20:00:00+00:00,-0.511323064064909,0.050495583502004615,-1,0.4204775771143224,0.3,95.60171959644644,time,-48.88336419392925,32126.380057222923
GBPNZD,16,2025-11-07 08:30:00+00:00,2025-11-07 09:30:00+00:00,-1.0892398478878134,0.08923984788784144,-1,0.4441418168741904,0.3,96.37914017166906,stop,-104.97999998014706,32021.400057242776
US2000,9,2025-11-07 06:15:00+00:00,2025-11-07 10:15:00+00:00,0.6157492463686246,0.05017990462766474,1,0.38735319303108245,0.3,96.37914017166906,time,59.34538292636126,32080.745440169136
CHFSGD,19,2025-11-07 07:45:00+00:00,2025-11-07 10:45:00+00:00,-1.1566694005587492,0.15666940055868797,1,0.33097292268278294,0.3,96.37914017166906,stop,-111.47880228873213,31969.2666378804
NAS100,9,2025-11-07 12:30:00+00:00,2025-11-07 13:00:00+00:00,-1.0277781767706407,0.027778176770659226,1,0.4137354711078322,0.3,95.9077999136415,stop,-98.57194373332587,31870.694694147067
SP500,9,2025-11-07 12:30:00+00:00,2025-11-07 13:00:00+00:00,-1.0432099012447307,0.043209901244742555,1,0.4022688658846855,0.3,95.9077999136415,stop,-100.05196647650934,31770.64272767055
AUDUSD,7,2025-11-07 09:30:00+00:00,2025-11-07 13:30:00+00:00,0.43307260091212957,0.059519510782347664,-1,0.3579145389442239,0.3,96.06420017172863,time,41.60277302291396,31812.24550069346
XAUAUD,3,2025-11-07 10:45:00+00:00,2025-11-07 14:45:00+00:00,0.6160890944768327,0.018994051134068417,-1,0.4172258105461862,0.3,95.9077999136415,time,59.08774960206064,31871.333250295516
EURCAD,4,2025-11-07 13:45:00+00:00,2025-11-07 15:30:00+00:00,1.4040011444894762,0.0959988555104539,-1,0.39329520540044016,0.3,95.43673650208075,target,133.99328727526193,32005.326537570785
CADJPY,2,2025-11-07 13:45:00+00:00,2025-11-07 15:30:00+00:00,1.4084223760551948,0.09157762394483447,1,0.369355756645288,0.3,95.43673650208075,target,134.4152351872141,32139.741772758003
GBPJPY,2,2025-11-07 15:00:00+00:00,2025-11-07 15:45:00+00:00,1.4465334604940563,0.05346653950592118,1,0.39390833717230705,0.3,95.61399975088692,target,138.3088499313283,32278.050622689334
AUDCHF,12,2025-11-07 13:45:00+00:00,2025-11-07 16:30:00+00:00,-1.0492018028086652,0.04920180280865271,1,0.39494094949436215,0.3,95.43673650208075,stop,-100.13239599215866,32177.918226697177
NZDJPY,1,2025-11-07 13:45:00+00:00,2025-11-07 17:45:00+00:00,-0.30595482357776027,0.065121897534338,1,0.44056107031343444,0.3,95.43673650208075,time,-29.19932987933131,32148.718896817853
AU200,10,2025-11-07 16:45:00+00:00,2025-11-07 20:00:00+00:00,0.18501522028225734,0.09636209389701553,1,0.3377678427271706,0.3,96.53375468009186,weekend,17.860213886810584,32166.579110704668
GER40,8,2025-11-07 16:45:00+00:00,2025-11-07 20:00:00+00:00,1.4831400231801541,0.01685997681985623,1,0.4409160425223457,0.3,96.53375468009186,target,143.17307515389876,32309.752185858568
NZDJPY,1,2025-11-07 18:00:00+00:00,2025-11-07 20:00:00+00:00,0.43115669111549476,0.04719521125787706,1,0.4410748905861031,0.3,96.44615669045386,weekend,41.583405789462624,32351.335591648036
EURUSD,6,2025-11-10 06:45:00+00:00,2025-11-10 09:30:00+00:00,-1.1064526964684724,0.10645269646842197,-1,0.37884609943983544,0.3,97.0540067749444,stop,-107.38566749920662,32243.949924148823
NZDCHF,12,2025-11-10 07:00:00+00:00,2025-11-10 11:00:00+00:00,-1.0587124573525977,0.05871245735261562,-1,0.4001739285237645,0.3,97.0540067749444,stop,-102.75228600861705,32141.197638140206
AU200,10,2025-11-10 07:45:00+00:00,2025-11-10 11:45:00+00:00,-0.6584844570633444,0.5138462526216825,-1,0.4395033696688005,0.3,97.0540067749444,time,-63.90855495702141,32077.28908318319
JP225,11,2025-11-10 09:00:00+00:00,2025-11-10 13:00:00+00:00,-0.13601153259691445,0.04117780344676861,-1,0.44694238037221695,0.3,97.0540067749444,time,-13.200464206131507,32064.088618977054
USDCAD,17,2025-11-10 15:30:00+00:00,2025-11-10 16:15:00+00:00,1.3809471128404909,0.11905288715942822,1,0.42744337874733973,0.3,96.19226585693144,target,132.8364318127144,32196.925050789767
GBPJPY,2,2025-11-10 15:30:00+00:00,2025-11-10 16:30:00+00:00,1.4257667802011675,0.0742332197988555,-1,0.48863357561646464,0.3,96.19226585693144,target,137.14773717109185,32334.07278796086
US2000,9,2025-11-10 15:15:00+00:00,2025-11-10 16:45:00+00:00,1.3766512417092063,0.12334875829076164,-1,0.3562561504843771,0.3,96.19226585693144,target,132.42320223476676,32466.49599019563
GBPUSD,6,2025-11-10 14:30:00+00:00,2025-11-10 17:30:00+00:00,1.4397076683499632,0.06029233165005607,-1,0.4251390098941556,0.3,96.19226585693144,target,138.48874279018256,32604.984732985817
FR40,8,2025-11-10 16:15:00+00:00,2025-11-10 20:15:00+00:00,-0.6175397706961372,0.07125458892648068,-1,0.41320877198987077,0.3,96.59077515236959,time,-59.64864513895646,32545.336087846867
GBPNZD,16,2025-11-10 18:00:00+00:00,2025-11-10 22:00:00+00:00,0.2452734810600253,0.06778846441187848,-1,0.45056751733313277,0.3,97.81495419895771,time,23.991414316105296,32569.327502162967
GBPCHF,14,2025-11-10 18:00:00+00:00,2025-11-10 22:00:00+00:00,-0.4289475548739992,0.05107981725517889,-1,0.38884697893398673,0.3,97.81495419895771,time,-41.95748543375513,32527.37001672921
AUDCAD,7,2025-11-11 07:30:00+00:00,2025-11-11 09:45:00+00:00,-1.132415526246714,0.13241552624667474,1,0.43047623225673587,0.3,97.5821100501879,stop,-110.50349650474827,32416.86652022446
FR40,8,2025-11-11 10:30:00+00:00,2025-11-11 11:15:00+00:00,-1.1034124769518443,0.10341247695183854,-1,0.5103487979629199,0.3,97.25059956067365,stop,-107.30752494629485,32309.55899527816
EURAUD,15,2025-11-11 10:00:00+00:00,2025-11-11 14:00:00+00:00,-0.20321383081163102,0.07485397779124657,-1,0.5324514996273337,0.3,97.25059956067365,time,-19.762666885452415,32289.79632839271
CNHJPY,2,2025-11-11 11:30:00+00:00,2025-11-11 15:15:00+00:00,1.3903720463688383,0.10962795363115949,-1,0.439305347943627,0.3,96.92867698583476,target,134.7669229726192,32424.563251365325
XAUCNH,3,2025-11-11 16:45:00+00:00,2025-11-11 17:15:00+00:00,-1.0162972732387394,0.016297273238741354,1,0.4639074341940748,0.3,97.27368975409625,stop,-98.85898565495913,32325.70426571036
XAUUSD,3,2025-11-11 16:45:00+00:00,2025-11-11 17:15:00+00:00,-1.012701157340041,0.012701157340049563,1,0.5158275815629793,0.3,97.27368975409625,stop,-98.50917819270937,32227.195087517655
AU200,10,2025-11-11 16:45:00+00:00,2025-11-11 19:45:00+00:00,-1.2008148384133883,0.20081483841341194,-1,0.3011089130060815,0.3,97.27368975409625,stop,-116.80769004393916,32110.38739747372
XAGEUR,3,2025-11-12 06:15:00+00:00,2025-11-12 08:45:00+00:00,1.3552193223408655,0.14478067765913674,1,0.42063188238828025,0.3,96.33116219242143,target,130.54985234672137,32240.937249820447
XAGSGD,3,2025-11-12 06:15:00+00:00,2025-11-12 09:00:00+00:00,1.482644552546247,0.017355447453738525,1,0.49045599406554646,0.3,96.33116219242143,target,142.82487286504264,32383.762122685483
DJ30,9,2025-11-12 16:30:00+00:00,2025-11-12 16:30:00+00:00,-1.0672556728026066,0.06725567280255354,-1,0.40296738784794056,0.3,97.15128636805673,stop,-103.68526149637908,32280.07686118911
CHFSGD,19,2025-11-12 16:15:00+00:00,2025-11-12 17:15:00+00:00,-1.1118259859448805,0.11182598594491196,-1,0.43888588588736105,0.3,97.15128636805673,stop,-108.0153247519781,32172.061536437133
SP500,9,2025-11-12 17:45:00+00:00,2025-11-12 18:00:00+00:00,-1.0591661627999545,0.0591661627999576,1,0.36632786251717214,0.3,96.51618460931167,stop,-102.22667690073666,32069.834859536393
NZDCHF,12,2025-11-13 08:45:00+00:00,2025-11-13 12:45:00+00:00,0.014766761748327474,0.05123288850787898,1,0.36327130684316494,0.3,96.20950457860945,time,1.420702832036947,32071.25556236843
FR40,8,2025-11-13 16:45:00+00:00,2025-11-13 17:45:00+00:00,1.435771092738089,0.06422890726192658,-1,0.42987373687109437,0.3,96.21376668710556,target,138.14094493279308,32209.396507301222
GBPCHF,14,2025-11-13 18:00:00+00:00,2025-11-13 22:00:00+00:00,-0.3054919423337019,0.044318561260034375,1,0.4525991217087963,0.3,96.62818952190395,time,-29.519133301235502,32179.87737399999
GER40,8,2025-11-14 07:30:00+00:00,2025-11-14 09:15:00+00:00,-1.0438205779592573,0.04382057795923603,1,0.39069958415039263,0.3,96.53963212200024,stop,-100.77005459756037,32079.10731940242
FR40,8,2025-11-14 09:15:00+00:00,2025-11-14 12:45:00+00:00,1.4435138667052936,0.056486133294706344,-1,0.33895456147813713,0.3,96.23732195820756,target,138.91990874125446,32218.027228143677
USDCHF,18,2025-11-14 13:45:00+00:00,2025-11-14 14:00:00+00:00,-1.0720380017410063,0.0720380017409773,1,0.37115635166724675,0.3,96.65408168443133,stop,-103.61684858908976,32114.41037955458
USDJPY,2,2025-11-14 12:45:00+00:00,2025-11-14 14:15:00+00:00,1.4418719757436576,0.05812802425629161,-1,0.4010142834588451,0.3,96.65408168443133,target,139.36281172201987,32253.773191276603
EURAUD,15,2025-11-14 13:30:00+00:00,2025-11-14 16:45:00+00:00,1.451126286084593,0.048873713915418456,-1,0.46923590395813086,0.3,96.65408168443133,target,140.25727858964572,32394.03046986625
EURCAD,4,2025-11-14 15:30:00+00:00,2025-11-14 16:45:00+00:00,1.418539311333115,0.08146068866683386,-1,0.3887745805890446,0.3,96.76131957383012,target,137.25973563194444,32531.290205498197
USDCAD,17,2025-11-14 15:15:00+00:00,2025-11-14 19:15:00+00:00,0.028937511326603462,0.10937422025909514,1,0.3323729490903559,0.3,96.76131957383012,time,2.8000317811448063,32534.090237279335
EURUSD,6,2025-11-14 18:00:00+00:00,2025-11-14 20:00:00+00:00,-0.06809573834131702,0.05363705186221589,1,0.42912611018679664,0.3,97.5938706164949,weekend,-6.645726677217184,32527.444510602116
CADJPY,2,2025-11-14 18:00:00+00:00,2025-11-14 20:00:00+00:00,-0.6185721370351481,0.06427799627355434,-1,0.32246254773732264,0.3,97.5938706164949,weekend,-60.368849108777,32467.075661493334
NZDJPY,1,2025-11-14 18:00:00+00:00,2025-11-14 20:00:00+00:00,-0.2677303731151952,0.045866213108636714,-1,0.3422621885165238,0.3,97.5938706164949,weekend,-26.128843393910266,32440.94681809943
NZDCHF,12,2025-11-17 08:15:00+00:00,2025-11-17 10:15:00+00:00,-1.075949429260378,0.07594942926040703,-1,0.41609153638724283,0.3,97.32284045429861,stop,-104.71445464080142,32336.232363458636
AU200,10,2025-11-17 07:15:00+00:00,2025-11-17 11:15:00+00:00,-0.5832279966155047,0.06409098863906816,-1,0.42260866043890544,0.3,97.32284045429861,time,-56.76140526309098,32279.47095819554
GBPCAD,5,2025-11-17 09:45:00+00:00,2025-11-17 13:45:00+00:00,-1.1313422899669316,0.13134228996688488,-1,0.4793800905035641,0.3,97.32284045429861,stop,-110.10544518565253,32169.365513009892
NAS100,9,2025-11-17 16:00:00+00:00,2025-11-17 16:30:00+00:00,-1.0288243603338274,0.02882436033384248,1,0.48765091377788855,0.3,96.50809653902998,stop,-99.28988068880278,32070.075632321095
CADJPY,2,2025-11-17 15:45:00+00:00,2025-11-17 16:45:00+00:00,-1.2013995829676019,0.20139958296760166,-1,0.41586244888544094,0.3,96.50809653902998,stop,-115.94478693498768,31954.130845386113
EURAUD,15,2025-11-17 16:00:00+00:00,2025-11-17 18:15:00+00:00,-1.0914656622061683,0.0914656622061852,-1,0.3852056300367465,0.3,96.50809653902998,stop,-105.33527349722917,31848.795571888884
USDCAD,17,2025-11-17 16:00:00+00:00,2025-11-17 20:00:00+00:00,0.46469783791529135,0.12642240762752496,-1,0.37829180318268163,0.3,96.50809653902998,time,44.84710380300744,31893.642675691895
NZDCNH,7,2025-11-18 08:00:00+00:00,2025-11-18 10:00:00+00:00,-1.070908818397577,0.07090881839761291,-1,0.4405482421482592,0.3,95.68092802707595,stop,-102.46554957665951,31791.17712611523
XAUSGD,3,2025-11-18 06:30:00+00:00,2025-11-18 10:30:00+00:00,0.7138689764707024,0.008737498745722687,1,0.5110427709591773,0.3,95.68092802707595,time,68.30364615845565,31859.480772273688
XAUUSD,3,2025-11-18 06:30:00+00:00,2025-11-18 10:30:00+00:00,0.7574876885385651,0.0052943742144813495,1,0.5467892011883312,0.3,95.68092802707595,time,72.47712500845456,31931.957897282147
CHFSGD,19,2025-11-19 06:15:00+00:00,2025-11-19 07:45:00+00:00,-1.1209668383294942,0.1209668383295106,-1,0.40450275467778485,0.3,95.7958736918467,stop,-107.38399765736095,31824.573899624782
NZDCHF,12,2025-11-19 08:00:00+00:00,2025-11-19 12:00:00+00:00,1.4473342655395876,0.05266573446044277,1,0.43317619697515397,0.3,95.47372169887461,target,138.18238887337168,31962.75628849816
NZDCAD,7,2025-11-19 11:15:00+00:00,2025-11-19 13:00:00+00:00,-1.1393166509924506,0.13931665099247711,1,0.3855124868382349,0.3,95.47372169887461,stop,-108.77480086374709,31853.981487634417
FR40,8,2025-11-19 10:30:00+00:00,2025-11-19 14:30:00+00:00,0.40131159982310466,0.056097320405381686,1,0.45950826984373855,0.3,95.47372169887461,time,38.31471199604123,31892.29619963045
GER40,8,2025-11-19 11:15:00+00:00,2025-11-19 15:15:00+00:00,1.0704476926318756,0.018546183923875234,1,0.48087774934930555,0.3,95.47372169887461,time,102.19962509953815,31994.495824729995
CHFJPY,2,2025-11-19 11:45:00+00:00,2025-11-19 15:45:00+00:00,0.818227080154327,0.07112495181719537,1,0.4940304903913943,0.3,95.47372169887461,time,78.11918453713699,32072.61500926713
AUDCHF,12,2025-11-20 07:15:00+00:00,2025-11-20 10:00:00+00:00,1.4484709425339333,0.051529057466108245,-1,0.3469297984624043,0.3,96.21784502780163,target,139.36875267600377,32211.983761943135
CHFSGD,19,2025-11-20 09:00:00+00:00,2025-11-20 13:00:00+00:00,0.6881745669516531,0.1211325427578196,-1,0.33487232808981693,0.3,96.21784502780163,time,66.21467383502866,32278.198435778162
GBPNZD,16,2025-11-20 10:15:00+00:00,2025-11-20 14:15:00+00:00,0.7305102227024691,0.0684354391579685,-1,0.44955925618438836,0.3,96.63595128582965,time,70.59355029487638,32348.791986073033
GBPAUD,16,2025-11-20 10:15:00+00:00,2025-11-20 14:15:00+00:00,0.22446454984016567,0.07025919307307828,-1,0.3754968743242079,0.3,96.63595128582965,time,21.69134530374993,32370.48333137679
XAUCNH,3,2025-11-20 13:30:00+00:00,2025-11-20 15:00:00+00:00,1.4925570497606957,0.007442950239302394,1,0.3758868047769375,0.3,96.83459530733472,target,144.53115788668643,32515.01448926347
JP225,11,2025-11-20 11:15:00+00:00,2025-11-20 15:15:00+00:00,0.4616375202184645,0.028167713098075798,1,0.4102237140807301,0.3,96.63595128582965,time,44.61078091554273,32559.625270179007
CHFSGD,19,2025-11-20 13:00:00+00:00,2025-11-20 15:15:00+00:00,-1.113122092215535,0.11312209221550348,1,0.37245095586901567,0.3,96.83459530733472,stop,-107.78872732734504,32451.836542851655
EURNZD,15,2025-11-20 12:15:00+00:00,2025-11-20 15:30:00+00:00,-1.0970713460306727,0.09707134603066002,1,0.4035127437896782,0.3,96.63595128582965,stop,-106.01653315209965,32345.820009699557
EURAUD,15,2025-11-20 12:15:00+00:00,2025-11-20 15:30:00+00:00,-1.0674285809747535,0.06742858097474178,1,0.4522030226276761,0.3,96.63595128582965,stop,-103.15197635217854,32242.668033347378
NZDCAD,7,2025-11-20 12:15:00+00:00,2025-11-20 15:30:00+00:00,-1.1408177663534638,0.14081776635345752,-1,0.36694192025578803,0.3,96.63595128582965,stop,-110.24401009534232,32132.42402325204
GBPCHF,14,2025-11-20 14:45:00+00:00,2025-11-20 15:45:00+00:00,-1.1024015171012556,0.10240151710126351,-1,0.3958472940082726,0.3,97.11144999413062,stop,-107.05580980143232,32025.36821345061
DJ30,9,2025-11-20 15:15:00+00:00,2025-11-20 15:45:00+00:00,-1.0448647455238789,0.044864745523904036,-1,0.31847655505724753,0.3,97.35550962855527,stop,-101.72333979338794,31923.64487365722
EURJPY,2,2025-11-20 16:00:00+00:00,2025-11-20 16:30:00+00:00,-1.0724876446811036,0.07248764468110025,-1,0.47453290149577393,0.3,95.77093462097194,stop,-102.71314410055416,31820.931729556673
AUDUSD,7,2025-11-20 15:45:00+00:00,2025-11-20 18:00:00+00:00,-1.0361179541178622,0.036117954117869146,1,0.5171392645335421,0.3,95.77093462097194,stop,-99.229984843437,31721.70174471324
CADJPY,2,2025-11-20 16:00:00+00:00,2025-11-20 18:15:00+00:00,1.4116347774249307,0.08836522257506908,-1,0.4754617386926731,0.3,95.77093462097194,target,135.1935819774533,31856.89532669069
FR40,8,2025-11-20 15:45:00+00:00,2025-11-20 18:30:00+00:00,1.445060852078445,0.05493914792156803,-1,0.3708758910903138,0.3,95.77093462097194,target,138.39482838773077,31995.290155078415
USDCAD,17,2025-11-20 17:30:00+00:00,2025-11-20 18:30:00+00:00,-1.088779231735937,0.08877923173591075,-1,0.39254557818165153,0.3,95.46279518867028,stop,-103.93790880488554,31891.352246273527
AUDCAD,7,2025-11-20 15:45:00+00:00,2025-11-20 18:45:00+00:00,-1.061443044594499,0.061443044594505156,1,0.5105623134086968,0.3,95.77093462097194,stop,-101.65539242774516,31789.696853845788
EURCHF,13,2025-11-20 15:45:00+00:00,2025-11-20 19:45:00+00:00,-0.4476871394573277,0.12902025488943356,1,0.3994046850460536,0.3,95.77093462097194,time,-42.87541576361768,31746.821438082174
XAUSGD,3,2025-11-21 08:00:00+00:00,2025-11-21 08:15:00+00:00,-1.0121316394779576,0.012131639477970569,1,0.404099047689062,0.3,95.24046431424676,stop,-96.39588729102049,31650.42555079116
XAUCNH,3,2025-11-21 08:00:00+00:00,2025-11-21 08:15:00+00:00,-1.0308319580083463,0.03083195800833928,1,0.37487716471842686,0.3,95.24046431424676,stop,-98.17691431067902,31552.24863648048
GBPCAD,5,2025-11-21 09:15:00+00:00,2025-11-21 11:45:00+00:00,-1.0826721388111287,0.08267213881113142,1,0.42235438588255075,0.3,94.65674590944167,stop,-102.48222154667677,31449.76641493381
AUDCAD,7,2025-11-21 10:15:00+00:00,2025-11-21 12:00:00+00:00,-1.0913015148835714,0.09130151488358519,1,0.3665732843417923,0.3,94.65674590944167,stop,-103.29905020492299,31346.467364728887
CHFSGD,19,2025-11-21 13:30:00+00:00,2025-11-21 16:15:00+00:00,-1.0818063338308426,0.08180633383085863,1,0.36119108226233365,0.3,94.03940209418688,stop,-101.73242081515677,31244.734943913732
GBPCAD,5,2025-11-21 16:00:00+00:00,2025-11-21 17:00:00+00:00,-1.1061309742406653,0.10613097424064354,-1,0.37971661365292925,0.3,94.03940209418688,stop,-104.0198954554526,31140.71504845828
USDCAD,17,2025-11-21 15:30:00+00:00,2025-11-21 17:15:00+00:00,1.415754884107372,0.08424511589259406,1,0.3734117886735437,0.3,94.03940209418688,target,133.1367428133821,31273.851791271663
AUDCHF,12,2025-11-21 15:30:00+00:00,2025-11-21 18:15:00+00:00,-1.0353142486819238,0.03531424868189706,-1,0.31558013382638067,0.3,94.03940209418688,stop,-97.36033292564042,31176.49145834602
EURAUD,15,2025-11-21 15:30:00+00:00,2025-11-21 18:30:00+00:00,-1.0532712560712787,0.053271256071265,1,0.3180156222169738,0.3,94.03940209418688,stop,-99.04899916393626,31077.442459182086
EURNZD,15,2025-11-21 15:30:00+00:00,2025-11-21 18:30:00+00:00,-1.097582583378975,0.09758258337896371,1,0.3272424133616594,0.3,94.03940209418688,stop,-103.21600988995182,30974.22644929214
NAS100,9,2025-11-21 15:00:00+00:00,2025-11-21 19:00:00+00:00,-0.8116837026677677,0.011469183905814745,-1,0.3463925678153372,0.3,94.03940209418688,time,-76.33025008847264,30897.896199203664
NZDCNH,7,2025-11-21 15:30:00+00:00,2025-11-21 19:30:00+00:00,-0.30802704322252455,0.03773772474361392,-1,0.39494885453815853,0.3,94.03940209418688,time,-28.96667897348647,30868.929520230173
AU200,10,2025-11-24 06:15:00+00:00,2025-11-24 10:15:00+00:00,0.18884490490986386,0.0544744918009337,-1,0.42489810818857593,0.3,92.60678856069073,time,17.488320179751508,30886.417840409922
GBPCAD,5,2025-11-24 07:15:00+00:00,2025-11-24 10:15:00+00:00,-1.2069452147908029,0.2069452147908661,-1,0.3608134986329201,0.3,92.60678856069073,stop,-111.77132031046933,30774.646520099457
EURGBP,20,2025-11-24 09:30:00+00:00,2025-11-24 10:15:00+00:00,-1.1861511695679965,0.18615116956806574,-1,0.42613133473342124,0.3,92.60678856069073,stop,-109.84565056119946,30664.80086953826
XAUAUD,3,2025-11-24 07:30:00+00:00,2025-11-24 11:00:00+00:00,1.4878312915002339,0.012168708499774278,1,0.44204724804708806,0.3,92.60678856069073,target,137.78327782594158,30802.584147364207
AUDUSD,7,2025-11-24 08:15:00+00:00,2025-11-24 11:15:00+00:00,1.4432208111582963,0.056779188841704166,-1,0.3816981499752837,0.3,92.60678856069073,target,133.6520445053249,30936.23619186954
USDCAD,17,2025-11-24 10:15:00+00:00,2025-11-24 11:15:00+00:00,-1.1319322179101783,0.13193221791009088,-1,0.4296710248615397,0.3,91.99440260861496,stop,-104.13142818009142,30832.10476368945
XAUCNH,3,2025-11-24 07:30:00+00:00,2025-11-24 11:30:00+00:00,1.2122822038904635,0.018415231133096864,1,0.4400117037891933,0.3,92.60678856069073,time,112.26556173157232,30944.370325421027
JP225,11,2025-11-24 10:00:00+00:00,2025-11-24 12:15:00+00:00,1.4661333944416948,0.033866605558300525,-1,0.38305112030113575,0.3,92.60678856069073,target,135.77390526082982,31080.14423068185
JP225,11,2025-11-24 12:45:00+00:00,2025-11-24 16:30:00+00:00,1.4732067717530657,0.026793228246922735,1,0.4286888494304681,0.3,93.2404326920457,target,137.36243684310764,31217.506667524955
CHFSGD,19,2025-11-24 13:15:00+00:00,2025-11-24 17:15:00+00:00,1.029430122176452,0.07308253608867292,-1,0.3853722609875469,0.3,93.2404326920457,time,95.98451001795785,31313.491177542906
SP500,9,2025-11-24 16:45:00+00:00,2025-11-24 17:30:00+00:00,-1.0334837124465335,0.03348371244653337,-1,0.3145413939556697,0.3,93.65252000257502,stop,-96.78835405223447,31216.702823490676
GBPNZD,16,2025-11-24 14:45:00+00:00,2025-11-24 18:45:00+00:00,-0.09543951986050513,0.08174646956884618,-1,0.3741284486473569,0.3,93.2404326920457,time,-8.898822127714586,31207.804001362965
NZDCHF,12,2025-11-24 17:00:00+00:00,2025-11-24 21:00:00+00:00,0.5615337551868912,0.1223811392751037,1,0.33884964400234635,0.3,93.65252000257502,time,52.58905123976139,31260.393052602725
AUDCAD,7,2025-11-24 17:00:00+00:00,2025-11-24 21:00:00+00:00,0.8975058821280769,0.09281472045346519,1,0.3682299649340368,0.3,93.65252000257502,time,84.05368757842845,31344.446740181156
DJ30,9,2025-11-24 17:00:00+00:00,2025-11-24 21:00:00+00:00,1.0645589823484778,0.016429114243356063,1,0.3961156766368441,0.3,93.65252000257502,time,99.69863138831172,31444.145371569466
NZDCAD,7,2025-11-24 17:00:00+00:00,2025-11-24 21:00:00+00:00,0.7514822470355764,0.14902277510380374,1,0.38662055696207753,0.3,93.65252000257502,time,70.37820617207935,31514.52357774155
GBPAUD,16,2025-11-24 18:00:00+00:00,2025-11-24 22:00:00+00:00,-0.09574434730603931,0.052634332755137785,1,0.42833681646329264,0.3,93.6501084704722,time,-8.966468510645145,31505.55710923091
GER40,8,2025-11-25 11:45:00+00:00,2025-11-25 14:30:00+00:00,1.4838129969678506,0.01618700303215557,1,0.4689589805190359,0.3,94.51667132769286,target,140.24506534616927,31645.802174577082
AUDCAD,7,2025-11-25 15:30:00+00:00,2025-11-25 16:45:00+00:00,1.41460902818717,0.08539097181281471,-1,0.3931857218090585,0.3,94.93740652373137,target,134.2993123811459,31780.10148695823
USDCHF,18,2025-11-25 16:15:00+00:00,2025-11-25 16:45:00+00:00,-1.0583738053995426,0.05837380539950247,1,0.43376286773903455,0.3,94.93740652373137,stop,-100.47926421728494,31679.622222740945
XAGSGD,3,2025-11-25 15:00:00+00:00,2025-11-25 16:45:00+00:00,-1.0144436934677834,0.01444369346779009,1,0.5443604795770408,0.3,94.93740652373137,stop,-96.30865332218649,31583.313569418766
AU200,10,2025-11-25 16:45:00+00:00,2025-11-25 17:15:00+00:00,-1.1153927367242158,0.11539273672423168,-1,0.3320190089031287,0.3,94.7499407082564,stop,-105.68339567103929,31477.630173747733
USDCAD,17,2025-11-25 15:45:00+00:00,2025-11-25 17:30:00+00:00,-1.123617974427695,0.12361797442769507,1,0.4532614089824663,0.3,94.93740652373137,stop,-106.67337641561369,31370.956797332125
EURGBP,20,2025-11-25 15:45:00+00:00,2025-11-25 18:00:00+00:00,-1.1169985500475639,0.11699855004755355,1,0.4555092941200955,0.3,94.93740652373137,stop,-106.04494543228407,31264.911851899844
USDJPY,2,2025-11-25 15:30:00+00:00,2025-11-25 19:15:00+00:00,-1.0593753358550815,0.05937533585509648,1,0.4731313112496267,0.3,94.93740652373137,stop,-100.57434692128832,31164.337504978554
XAUSGD,3,2025-11-25 15:30:00+00:00,2025-11-25 19:30:00+00:00,-0.4331470589573379,0.004198517534319841,-1,0.4024758637633616,0.3,94.93740652373137,time,-41.121858420791426,31123.215646557757
XAUCNH,3,2025-11-25 17:00:00+00:00,2025-11-25 21:00:00+00:00,0.5372944274604612,0.007762973204377119,1,0.5083600979810873,0.3,94.7499407082564,time,50.90861514475527,31174.124261702513
AUDCHF,12,2025-11-25 17:00:00+00:00,2025-11-25 21:00:00+00:00,0.5384643741040328,0.04051266923621929,1,0.522023623488991,0.3,94.7499407082564,time,51.0194675198655,31225.143729222385
JP225,11,2025-11-25 17:00:00+00:00,2025-11-25 21:00:00+00:00,0.9071392394667805,0.027810108071244365,1,0.3803812850062096,0.3,94.7499407082564,time,85.95138915361026,31311.09511837599
GBPUSD,6,2025-11-25 17:45:00+00:00,2025-11-25 21:45:00+00:00,-0.9599521300904869,0.041302811119648265,-1,0.42445136797875205,0.3,94.11287039199644,time,-90.3438504017269,31220.751267974265
CADJPY,2,2025-11-26 09:00:00+00:00,2025-11-26 09:30:00+00:00,-1.1136783135327835,0.11367831353275937,-1,0.397954010201119,0.3,93.66225380392287,stop,-104.30962085803235,31116.441647116226
XAUGBP,3,2025-11-26 13:45:00+00:00,2025-11-26 14:00:00+00:00,-1.0246014225777342,0.024601422577732863,-1,0.36261037538017793,0.3,93.34932494134877,stop,-95.64585113157712,31020.795795984654
GER40,8,2025-11-26 17:00:00+00:00,2025-11-26 18:30:00+00:00,-1.0270535837891674,0.027053583789166395,-1,0.465434735819858,0.3,93.06238738795405,stop,-95.58005848277402,30925.215737501872
CHFJPY,2,2025-11-26 17:15:00+00:00,2025-11-26 19:15:00+00:00,-1.100627718626259,0.10062771862621851,-1,0.37963262626636546,0.3,93.06238738795405,stop,-102.427043120717,30822.78869438116
AUDCHF,12,2025-11-26 15:30:00+00:00,2025-11-26 19:30:00+00:00,0.10524770764123623,0.07266420779973162,-1,0.37171349542105653,0.3,93.06238738795405,time,9.794602940202857,30832.58329732137
XAUGBP,3,2025-11-26 17:15:00+00:00,2025-11-26 21:15:00+00:00,0.4782623309642754,0.001686001166736583,1,0.5274005903642802,0.3,93.06238738795405,time,44.50823431726329,30877.091531638638
XAUAUD,3,2025-11-26 17:15:00+00:00,2025-11-26 21:15:00+00:00,0.18994868733769177,0.01307843421013522,1,0.5010022492782255,0.3,93.06238738795405,time,17.677078324853632,30894.76860996349
XAUAUD,3,2025-11-27 08:00:00+00:00,2025-11-27 09:00:00+00:00,1.478570781563461,0.02142921843655314,1,0.43018438450764834,0.3,92.68430582989053,target,137.0403065095681,31031.808916473063
XAUSGD,3,2025-11-27 06:15:00+00:00,2025-11-27 10:00:00+00:00,1.4902072245375917,0.009792775462416315,1,0.43445616864965264,0.3,92.68430582989053,target,138.1188221489545,31169.92773862202
CHFJPY,2,2025-11-27 07:30:00+00:00,2025-11-27 11:30:00+00:00,0.25314512708200065,0.07856160995099544,1,0.47148751545760254,0.3,92.68430582989053,time,23.462580377814653,31193.39031899984
AUDJPY,1,2025-11-27 11:45:00+00:00,2025-11-27 15:45:00+00:00,0.0885989793088067,0.06715490050876294,-1,0.44380161610595587,0.3,93.58017095699954,time,8.291107630333796,31201.681426630166
EURAUD,15,2025-11-27 11:45:00+00:00,2025-11-27 15:45:00+00:00,0.6754921267149132,0.06966925443766794,1,0.4157723019886654,0.3,93.58017095699954,time,63.21266869808877,31264.894095328258
GER40,8,2025-11-27 15:45:00+00:00,2025-11-27 19:45:00+00:00,0.42550401866772175,0.027937132538788444,-1,0.44216491932904695,0.3,93.7946822859848,time,39.91001424234871,31304.804109570614
JP225,11,2025-11-27 16:45:00+00:00,2025-11-28 01:30:00+00:00,0.4417777854561942,0.09059895990801373,1,0.32211958288545245,0.3,93.7946822859848,time,41.4364070278697,31346.240516598482
XAUGBP,3,2025-11-28 07:15:00+00:00,2025-11-28 07:15:00+00:00,-1.0184534730673298,0.018453473067333918,1,0.4653341329418112,0.3,94.03872154979544,stop,-95.77406256520072,31250.466454033274
XAUSGD,3,2025-11-28 07:15:00+00:00,2025-11-28 07:15:00+00:00,-1.0409477244637715,0.04094772446377998,1,0.4257891453532437,0.3,93.75139936209986,stop,-97.59030583127213,31152.876148202005
GBPCAD,5,2025-11-28 10:15:00+00:00,2025-11-28 11:00:00+00:00,-1.1179653445452225,0.11796534454522384,1,0.4558398731346169,0.3,93.45862844460603,stop,-104.48350774979791,31048.392640452206
EURCAD,4,2025-11-28 10:15:00+00:00,2025-11-28 11:00:00+00:00,-1.0868900724810933,0.08689007248112197,1,0.4007228299015093,0.3,93.45862844460603,stop,-101.57925544414142,30946.813385008063
XAUCNH,3,2025-11-28 07:30:00+00:00,2025-11-28 11:30:00+00:00,-0.6577991632223477,0.015266164716372571,1,0.46725259793405627,0.3,93.45862844460603,time,-61.47700758677015,30885.336377421292
FR40,8,2025-11-28 11:30:00+00:00,2025-11-28 14:00:00+00:00,1.4243682862263567,0.07563171377366536,1,0.4767116868909129,0.3,92.6560091322639,target,131.9762809362964,31017.312658357594
XAUUSD,3,2025-11-28 10:30:00+00:00,2025-11-28 14:30:00+00:00,0.21860318671542806,0.007557344483119862,1,0.4486732719869653,0.3,93.45862844460603,time,20.430354004044027,31037.743012361636
EURCAD,4,2025-11-28 13:00:00+00:00,2025-11-28 14:45:00+00:00,-1.0833421760306197,0.08334217603059482,1,0.46790076840825584,0.3,92.6560091322639,stop,-100.37816255565974,30937.364849805977
GBPAUD,16,2025-11-28 11:15:00+00:00,2025-11-28 15:15:00+00:00,-0.416165613709198,0.06508818285372703,1,0.44457346376760576,0.3,92.84044015502421,time,-38.636998754147726,30898.727851051823
EURCHF,13,2025-11-28 11:15:00+00:00,2025-11-28 15:15:00+00:00,-0.5485190932360963,0.043213355022179156,1,0.4536245413954276,0.3,92.84044015502421,time,-50.92475404947394,30847.803097002354
NZDCAD,7,2025-11-28 13:45:00+00:00,2025-11-28 15:30:00+00:00,-1.1228654824517015,0.12286548245168012,1,0.4386264650314815,0.3,92.6560091322639,stop,-104.04023439634877,30743.762862606003
XAGUSD,3,2025-11-28 13:15:00+00:00,2025-11-28 16:00:00+00:00,-1.1380851863914583,0.1380851863914625,-1,0.3454754169081436,0.3,92.6560091322639,stop,-105.45043142358122,30638.31243118242
US2000,9,2025-11-28 15:45:00+00:00,2025-11-28 16:30:00+00:00,1.3171903590320244,0.18280964096800184,-1,0.368473368742877,0.3,92.23128858781803,target,121.48616412897428,30759.798595311397
GBPAUD,16,2025-11-28 15:45:00+00:00,2025-11-28 17:15:00+00:00,-1.0863712107105308,0.08637121071056249,1,0.4384355545324467,0.3,92.23128858781803,stop,-100.19741664854023,30659.60117866285
NZDCHF,12,2025-11-28 14:15:00+00:00,2025-11-28 17:30:00+00:00,1.388100370816724,0.11189962918326965,1,0.44229914892887057,0.3,93.05193797507278,target,129.16542960841332,30788.766608271268
EURCAD,4,2025-12-01 07:30:00+00:00,2025-12-01 10:00:00+00:00,-1.119178122371569,0.11917812237156022,-1,0.33493488251331627,0.3,92.36629982481381,stop,-103.37434200834451,30685.39226626292
GER40,8,2025-12-01 09:30:00+00:00,2025-12-01 10:15:00+00:00,-1.0483779024726143,0.048377902472593985,1,0.518077622709492,0.3,92.36629982481381,stop,-96.8347876694949,30588.55747859343
AUDJPY,1,2025-12-01 07:30:00+00:00,2025-12-01 11:30:00+00:00,0.13753670344962635,0.043920558293420814,1,0.5179288887122732,0.3,92.36629982481381,time,12.70375638774469,30601.261234981168
GBPAUD,16,2025-12-01 10:15:00+00:00,2025-12-01 14:15:00+00:00,0.5934452313791999,0.07117342756842353,1,0.5226971395882907,0.3,91.7656724357803,time,54.45790071131951,30655.71913569249
GBPNZD,16,2025-12-01 10:15:00+00:00,2025-12-01 14:15:00+00:00,0.9301960072737293,0.07051092214331517,1,0.4613302791511988,0.3,91.7656724357803,time,85.36006210455176,30741.079197797037
EURAUD,15,2025-12-01 10:45:00+00:00,2025-12-01 14:45:00+00:00,-0.5014201357965609,0.05812408474851065,-1,0.5140874182583217,0.3,91.7656724357803,time,-46.01315593421168,30695.066041862825
AUDJPY,1,2025-12-01 12:45:00+00:00,2025-12-01 16:45:00+00:00,-0.02467620269242598,0.06209006000302492,1,0.450561158763338,0.3,91.80378370494354,time,-2.26536877463482,30692.80067308819
US2000,9,2025-12-01 15:15:00+00:00,2025-12-01 16:45:00+00:00,1.391707506278281,0.10829249372169857,1,0.40261200947222847,0.3,92.08519812558852,target,128.15566144850425,30820.95633453669
AUDCHF,12,2025-12-01 15:00:00+00:00,2025-12-01 19:00:00+00:00,1.1807555073812517,0.05016929654188123,1,0.4309130769912346,0.3,92.08519812558852,time,108.73010483508236,30929.68643937177
NZDCAD,7,2025-12-01 15:15:00+00:00,2025-12-01 19:15:00+00:00,-0.01643818550505925,0.14848802559222268,-1,0.347231080339784,0.3,92.08519812558852,time,-1.5137135690585584,30928.17272580271
EURCHF,13,2025-12-01 17:15:00+00:00,2025-12-01 21:15:00+00:00,0.10138309025057292,0.07519535853563586,1,0.49297916916268125,0.3,92.46286900361014,time,9.374171393019909,30937.54689719573
NZDCHF,12,2025-12-01 17:15:00+00:00,2025-12-01 21:15:00+00:00,-0.09861492807551599,0.10740057454469501,1,0.4030829555163849,0.3,92.46286900361014,time,-9.11821917644687,30928.428678019278
NAS100,9,2025-12-02 10:15:00+00:00,2025-12-02 11:00:00+00:00,1.4740171845061825,0.025982815493828457,1,0.42765161785065425,0.3,92.78528603405793,target,136.7671060835229,31065.195784102805
SP500,9,2025-12-02 10:15:00+00:00,2025-12-02 11:15:00+00:00,1.4547910068322867,0.045208993167675064,1,0.45530265313946133,0.3,92.78528603405793,target,134.98319968870885,31200.178983791513
EURGBP,20,2025-12-02 09:45:00+00:00,2025-12-02 12:00:00+00:00,-1.204479768153093,0.2044797681530079,-1,0.34118200787791003,0.3,92.78528603405793,stop,-111.75799981032051,31088.420983981196
EURUSD,6,2025-12-02 12:00:00+00:00,2025-12-02 12:15:00+00:00,-1.1027855096422017,0.10278550964211783,1,0.4798807600833821,0.3,93.26526295194365,stop,-102.85158053637313,30985.569403444824
XAGUSD,3,2025-12-02 15:15:00+00:00,2025-12-02 16:00:00+00:00,-1.0579555856375662,0.05795558563756681,-1,0.395701774936116,0.3,92.95670821033454,stop,-98.34406867360484,30887.225334771225
XAGSGD,3,2025-12-02 15:15:00+00:00,2025-12-02 16:00:00+00:00,-1.0324192456280525,0.03241924562806409,-1,0.38398141580857287,0.3,92.95670821033454,stop,-95.97029456658058,30791.255040204647
XAUSGD,3,2025-12-02 17:45:00+00:00,2025-12-02 17:45:00+00:00,-1.0025976552604634,0.0025976552604708354,1,0.45456738459096835,0.3,92.373765120614,stop,-92.61372031750837,30698.641319887145
XAUEUR,3,2025-12-02 17:45:00+00:00,2025-12-02 17:45:00+00:00,-1.0119573116379499,0.01195731163795943,1,0.45896852833759305,0.3,92.09592395966146,stop,-93.19714362303208,30605.444176264107
GBPCHF,14,2025-12-02 17:45:00+00:00,2025-12-02 21:45:00+00:00,-0.3916931477593585,0.0634127662379002,1,0.38219163214840374,0.3,92.373765120614,time,-36.182170830476934,30569.26200543363
NZDCHF,12,2025-12-03 15:45:00+00:00,2025-12-03 16:00:00+00:00,-1.2115123043071212,0.21151230430709145,1,0.4160681224127143,0.3,91.70778601630094,stop,-111.10511115951314,30458.156894274114
CADJPY,2,2025-12-03 15:30:00+00:00,2025-12-03 16:00:00+00:00,-1.156394871390617,0.156394871390617,1,0.36799427712416394,0.3,91.70778601630094,stop,-106.05041341583855,30352.106480858274
NZDCNH,7,2025-12-03 15:30:00+00:00,2025-12-03 16:00:00+00:00,1.4496570031204428,0.05034299687958886,-1,0.3088686924923736,0.3,91.70778601630094,target,132.94483423920167,30485.051315097473
EURJPY,2,2025-12-03 12:30:00+00:00,2025-12-03 16:30:00+00:00,0.17385114056593565,0.08709565167431164,-1,0.4846027157247632,0.3,91.70778601630094,time,15.943503197710683,30500.994818295178
AUDCAD,7,2025-12-03 15:15:00+00:00,2025-12-03 17:15:00+00:00,-1.1488244239753318,0.1488244239753172,-1,0.3086098797005484,0.3,91.70778601630094,stop,-105.35614444422993,30395.638673850946
XAGUSD,3,2025-12-03 15:15:00+00:00,2025-12-03 18:45:00+00:00,1.4615653694430797,0.038434630556925115,-1,0.38627746837436944,0.3,91.70778601630094,target,134.03692414972178,30529.67559800067
FR40,8,2025-12-03 15:00:00+00:00,2025-12-03 19:00:00+00:00,-0.23844843553504053,0.06922696515533841,-1,0.37117521080670984,0.3,91.70778601630094,time,-21.867578101969226,30507.8080198987
XAGSGD,3,2025-12-04 07:30:00+00:00,2025-12-04 07:30:00+00:00,-1.030458316032449,0.030458316032458212,1,0.42484665550288464,0.3,91.5234240596962,stop,-94.31107343407827,30413.496946464627
XAUAUD,3,2025-12-04 07:30:00+00:00,2025-12-04 07:30:00+00:00,-1.0357129511114926,0.03571295111147516,1,0.44104663348685375,0.3,91.24049083939396,stop,-94.49895802812982,30318.997988436502
XAGEUR,3,2025-12-04 07:30:00+00:00,2025-12-04 07:30:00+00:00,-1.1791940975444546,0.17919409754445456,1,0.41199501438897707,0.3,90.95699396530958,stop,-107.25595041427962,30211.742038022217
XAGUSD,3,2025-12-04 07:30:00+00:00,2025-12-04 07:30:00+00:00,-1.048460930187335,0.04846093018733672,1,0.4005527678617933,0.3,90.63522611406671,stop,-95.02749347929382,30116.71454454292
NZDCNH,7,2025-12-04 06:30:00+00:00,2025-12-04 10:30:00+00:00,-0.6874797935283787,0.08644141201052727,-1,0.3477681880594862,0.3,91.5234240596962,time,-62.92050467557019,30053.794039867353
NAS100,9,2025-12-04 09:15:00+00:00,2025-12-04 11:30:00+00:00,-1.0623551577396713,0.06235515773971148,-1,0.3892710343920067,0.3,90.35014363362885,stop,-95.98394109170573,29957.810098775648
GBPAUD,16,2025-12-04 10:15:00+00:00,2025-12-04 13:00:00+00:00,1.4203434647444901,0.07965653525548765,1,0.45889262840804695,0.3,90.35014363362885,target,128.32823604875074,30086.138334824398
SP500,9,2025-12-04 09:15:00+00:00,2025-12-04 13:15:00+00:00,0.354813668950419,0.0818800774500738,-1,0.45730661882593093,0.3,90.35014363362885,time,32.05746595284519,30118.19580077725
XAUUSD,3,2025-12-04 14:15:00+00:00,2025-12-04 15:00:00+00:00,-1.0137135157307628,0.01371351573075007,1,0.33932046542480293,0.3,90.3545874023318,stop,-91.59366645802027,30026.602134319226
NZDCNH,7,2025-12-04 15:45:00+00:00,2025-12-04 17:30:00+00:00,1.4536949584114003,0.04630504158862806,1,0.43712354068239545,0.3,90.07980640295774,target,130.94856042265465,30157.550694741876
GBPAUD,16,2025-12-04 15:45:00+00:00,2025-12-04 19:45:00+00:00,-0.5182583621553776,0.08474614043325833,1,0.40058844871697463,0.3,90.07980640295774,time,-46.68461292967037,30110.8660818122
DJ30,9,2025-12-04 16:45:00+00:00,2025-12-04 20:45:00+00:00,0.03986152835002829,0.021657050835832217,-1,0.4347092081560682,0.3,90.07980640295774,time,3.59071875669656,30114.456800568893
XAGSGD,3,2025-12-04 17:15:00+00:00,2025-12-04 21:15:00+00:00,-0.12116776623639636,0.006491130334092978,1,0.504786256952593,0.3,90.07980640295774,time,-10.914768924853423,30103.542031644043
XAGUSD,3,2025-12-04 17:15:00+00:00,2025-12-04 21:15:00+00:00,-0.17297655227080594,0.029060060781495586,1,0.5107166629825767,0.3,90.07980640295774,time,-15.5816943408053,30087.960337303244
EURUSD,6,2025-12-05 07:15:00+00:00,2025-12-05 08:30:00+00:00,-1.1768481512876503,0.17684815128768872,-1,0.4108071663083528,0.3,90.2638810119098,stop,-106.22688149691449,29981.73345580633
USDCAD,17,2025-12-05 08:15:00+00:00,2025-12-05 09:15:00+00:00,-1.2316335468093742,0.23163354680927353,1,0.3539352172594991,0.3,90.2638810119098,stop,-111.1720239194778,29870.561431886847
AUDJPY,1,2025-12-05 09:45:00+00:00,2025-12-05 10:00:00+00:00,1.444705543911497,0.05529445608851167,1,0.47135330224046107,0.3,89.61168429566064,target,129.46249710118775,30000.02392898804
AUDCHF,12,2025-12-05 12:45:00+00:00,2025-12-05 14:45:00+00:00,-1.0939677132434904,0.09396771324348772,-1,0.37020284983387763,0.3,90.0000717869642,stop,-98.4571727245352,29901.566756263506
XAUEUR,3,2025-12-05 14:15:00+00:00,2025-12-05 15:15:00+00:00,-1.0276690815423624,0.02766908154235472,-1,0.33952225244829365,0.3,90.0000717869642,stop,-92.49029111205618,29809.076465151447
DJ30,9,2025-12-05 13:45:00+00:00,2025-12-05 15:30:00+00:00,1.463370052289868,0.036629947710176254,-1,0.3288723588763906,0.3,90.0000717869642,target,131.70340975698167,29940.779874908432
USDCHF,18,2025-12-05 12:15:00+00:00,2025-12-05 16:15:00+00:00,0.19483775966836958,0.1111144980140639,1,0.39372827403482086,0.3,90.0000717869642,time,17.53541235696454,29958.315287265403
SP500,9,2025-12-05 16:00:00+00:00,2025-12-05 16:30:00+00:00,1.4406801406563163,0.0593198593437237,1,0.3413642860623405,0.3,89.82233962472537,target,129.40526088462877,30087.720548150028
EURUSD,6,2025-12-05 16:15:00+00:00,2025-12-05 18:00:00+00:00,1.412219123506953,0.08778087649310698,-1,0.3171239491667573,0.3,89.87494586179626,target,126.92311727018077,30214.64366542021
CHFSGD,19,2025-12-05 17:15:00+00:00,2025-12-05 18:00:00+00:00,-1.1013176098975312,0.10131760989751892,1,0.4227118344566851,0.3,90.26316164445014,stop,-99.40840944406034,30115.23525597615
CNHJPY,2,2025-12-05 17:15:00+00:00,2025-12-05 18:15:00+00:00,-1.1010837044936121,0.10108370449358887,-1,0.35687209959197874,0.3,90.26316164445014,stop,-99.38729640277688,30015.847959573366
GBPUSD,6,2025-12-08 08:15:00+00:00,2025-12-08 09:45:00+00:00,1.392224621311885,0.1077753786881184,-1,0.40273094090313794,0.3,90.04754387872019,target,125.36640767661656,30141.21436724998
CADJPY,2,2025-12-08 08:00:00+00:00,2025-12-08 10:15:00+00:00,-1.196481894523605,0.1964818945236495,-1,0.4435749489089973,0.3,90.04754387872019,stop,-107.7402558972086,30033.47411135277
AU200,10,2025-12-08 08:30:00+00:00,2025-12-08 12:30:00+00:00,-0.10773734681696273,0.07516559080248127,-1,0.4221309126326278,0.3,90.04754387872019,time,-9.701483464877347,30023.772627887898
GBPJPY,2,2025-12-08 10:15:00+00:00,2025-12-08 14:00:00+00:00,-1.1045403844175354,0.10454038441752725,-1,0.45850536293993144,0.3,90.10042233405841,stop,-99.51955512104317,29924.25307276685
EURJPY,2,2025-12-08 13:15:00+00:00,2025-12-08 16:30:00+00:00,-1.1007805868164287,0.10078058681646537,-1,0.40814183569531653,0.3,90.07131788366378,stop,-99.1487581553085,29825.10431461154
NAS100,9,2025-12-08 15:30:00+00:00,2025-12-08 16:30:00+00:00,-1.0728964605839988,0.07289646058399687,-1,0.34980375345211706,0.3,89.77275921830065,stop,-96.31687562217432,29728.78743898937
NZDCNH,7,2025-12-08 15:30:00+00:00,2025-12-08 17:00:00+00:00,1.4530566261435687,0.04694337385641801,-1,0.30989803506064423,0.3,89.77275921830065,target,130.4449026293429,29859.232341618714
NZDUSD,7,2025-12-08 15:30:00+00:00,2025-12-08 17:00:00+00:00,1.412835552378044,0.08716444762197913,-1,0.37616448546874476,0.3,89.77275921830065,target,126.83414585868894,29986.06648747741
XAUEUR,3,2025-12-08 17:00:00+00:00,2025-12-08 21:00:00+00:00,0.6010872462126737,0.013045299166552423,-1,0.48581907843759525,0.3,89.95819946243229,time,54.07272638912385,30040.139213866525
EURAUD,15,2025-12-09 06:30:00+00:00,2025-12-09 06:30:00+00:00,-1.0542901856929314,0.054290185692952346,1,0.45516090620780836,0.3,90.12041764159967,stop,-95.01307185008665,29945.126142016437
XAUEUR,3,2025-12-09 07:15:00+00:00,2025-12-09 08:00:00+00:00,-1.042824879583948,0.04282487958392393,1,0.47993867178644495,0.3,89.83537842604942,stop,-93.6825676895234,29851.443574326913
FR40,8,2025-12-09 09:15:00+00:00,2025-12-09 10:00:00+00:00,-1.125456253427319,0.12545625342731892,-1,0.4209842137047019,0.3,89.55433072298084,stop,-100.78948153367705,29750.654092793236
NZDCNH,7,2025-12-09 06:30:00+00:00,2025-12-09 10:30:00+00:00,0.4284471377801692,0.07445464739359195,-1,0.4126550081129307,0.3,90.12041764159967,time,38.611834994096846,29789.26592778733
USDCAD,17,2025-12-09 08:30:00+00:00,2025-12-09 11:15:00+00:00,1.3650470582465322,0.1349529417535522,-1,0.4267092139502062,0.3,89.55433072298084,target,122.24587570664202,29911.51180349398
EURGBP,20,2025-12-09 11:30:00+00:00,2025-12-09 13:45:00+00:00,1.3902350334367841,0.10976496656317569,1,0.4702183559333986,0.3,89.73453541048202,target,124.75209483682576,30036.263898330813
USDCHF,18,2025-12-09 11:30:00+00:00,2025-12-09 15:30:00+00:00,0.012203535190385313,0.10440931899332691,1,0.5193025988189909,0.3,89.73453541048202,time,1.0950785606746944,30037.358976891483
US2000,9,2025-12-09 12:45:00+00:00,2025-12-09 16:15:00+00:00,-1.0716547440207074,0.07165474402070722,1,0.3959904783405556,0.3,89.73453541048202,stop,-96.16444057513722,29941.19453631634
GBPNZD,16,2025-12-09 17:15:00+00:00,2025-12-09 17:30:00+00:00,-1.074971429216314,0.07497142921634604,1,0.48748944600682237,0.3,89.82358360894912,stop,-96.55778604944311,29844.6367502669
EURNZD,15,2025-12-09 17:15:00+00:00,2025-12-09 17:30:00+00:00,-1.1132583415823778,0.11325834158234388,1,0.3942463846514501,0.3,89.82358360894912,stop,-99.99685372348475,29744.63989654342
XAUEUR,3,2025-12-09 17:00:00+00:00,2025-12-09 18:00:00+00:00,-1.0182473960657694,0.018247396065768227,-1,0.5304814572316222,0.3,89.82358360894912,stop,-91.46263011510837,29653.177266428305
SP500,9,2025-12-09 16:30:00+00:00,2025-12-09 18:15:00+00:00,1.4494897091968628,0.050510290803141844,1,0.4841585159343511,0.3,89.82358360894912,target,130.19836008435576,29783.375626512658
NZDCNH,7,2025-12-09 17:45:00+00:00,2025-12-09 21:45:00+00:00,0.6126309752456487,0.03603918757463126,-1,0.4579461715952345,0.3,89.23391968963033,time,54.66746324445012,29838.043089757106
NZDUSD,7,2025-12-09 17:45:00+00:00,2025-12-09 21:45:00+00:00,0.38683727821447106,0.06595519539161293,-1,0.4034129790826566,0.3,89.23391968963033,time,34.519006617145294,29872.562096374255
XAUEUR,3,2025-12-10 07:30:00+00:00,2025-12-10 09:45:00+00:00,-1.0435739235559733,0.0435739235559738,1,0.4639645305640097,0.3,89.61768628912287,stop,-93.52268050074831,29779.0394158735
EURCHF,13,2025-12-10 09:45:00+00:00,2025-12-10 09:45:00+00:00,-1.2322522706000205,0.2322522706000205,-1,0.40960258294469476,0.3,89.33711824762062,stop,-110.08586680949304,29668.953549064012
GER40,8,2025-12-10 06:45:00+00:00,2025-12-10 10:00:00+00:00,-1.092076311995214,0.09207631199518733,-1,0.3939486306456767,0.3,89.61768628912287,stop,-97.86935233216936,29571.08419673184
XAUCNH,3,2025-12-10 07:30:00+00:00,2025-12-10 11:00:00+00:00,-1.0619995598249725,0.061999559824979476,1,0.4562321680985262,0.3,89.61768628912287,stop,-95.17394339158096,29475.910253340262
AU200,10,2025-12-10 08:15:00+00:00,2025-12-10 12:15:00+00:00,-0.015540622395118782,0.0666026674075827,1,0.3989775227429993,0.3,89.61768628912287,time,-1.3927146225434723,29474.517538717715
US2000,9,2025-12-10 11:00:00+00:00,2025-12-10 12:15:00+00:00,-1.1432656791505846,0.14326567915061342,1,0.39709823363556834,0.3,88.42773076002089,stop,-101.09638966310033,29373.421149054615
GER40,8,2025-12-10 11:30:00+00:00,2025-12-10 15:30:00+00:00,-0.269334103374939,0.026260075079052734,1,0.5125368484077472,0.3,88.42773076002089,time,-23.816603577730742,29349.60454547689
GBPJPY,2,2025-12-10 16:15:00+00:00,2025-12-10 20:15:00+00:00,-0.19863548876024412,0.08114885936114886,-1,0.5200440662431801,0.3,88.04881363643076,time,-17.48961913143207,29332.114926345457
FR40,8,2025-12-10 16:30:00+00:00,2025-12-10 20:30:00+00:00,0.6835335593340626,0.093536171277288,1,0.38768871799101734,0.3,88.04881363643076,time,60.18431898005107,29392.299245325514
XAUGBP,3,2025-12-10 16:45:00+00:00,2025-12-10 20:45:00+00:00,-0.5139982192613052,0.0073080315534785265,1,0.502545499654862,0.3,88.04881363643076,time,-45.25693341719594,29347.042311908313
SP500,9,2025-12-10 16:45:00+00:00,2025-12-10 20:45:00+00:00,0.10265463301551903,0.049671596620406606,1,0.4617606412241561,0.3,88.04881363643076,time,9.038618651299627,29356.08093055962
NZDCAD,7,2025-12-10 17:15:00+00:00,2025-12-10 21:00:00+00:00,1.386050899441093,0.11394910055891946,-1,0.43895645456259996,0.3,88.04881363643076,target,122.04013733549603,29478.121067895117
AU200,10,2025-12-10 17:15:00+00:00,2025-12-10 21:15:00+00:00,-0.07037607370205137,0.10947389242541324,-1,0.353217192388305,0.3,88.04881363643076,time,-6.1965297978556375,29471.924538097257
XAUEUR,3,2025-12-10 17:30:00+00:00,2025-12-10 21:30:00+00:00,-1.0187213456659059,0.01872134566591082,1,0.49544130879044507,0.3,88.04881363643076,stop,-89.69720591199132,29382.22733218527
CHFSGD,19,2025-12-11 09:15:00+00:00,2025-12-11 10:30:00+00:00,-1.1542482962583152,0.15424829625834055,-1,0.43695182341399147,0.3,88.14668199655586,stop,-101.7431575153481,29280.484174669924
USDCHF,18,2025-12-11 10:00:00+00:00,2025-12-11 10:45:00+00:00,1.3625825511507772,0.13741744884928805,-1,0.3440096972383239,0.3,88.14668199655586,target,120.10713083034337,29400.59130550026
CHFJPY,2,2025-12-11 08:15:00+00:00,2025-12-11 12:15:00+00:00,-1.090219439287311,0.09021943928736338,-1,0.44056773596958637,0.3,88.14668199655586,stop,-96.09922622132204,29304.492079278934
USDCAD,17,2025-12-11 16:00:00+00:00,2025-12-11 16:15:00+00:00,-1.114715862357965,0.11471586235790743,1,0.36729675076037016,0.3,87.91347623783687,stop,-97.99854647734679,29206.493532801585
XAUCNH,3,2025-12-11 15:30:00+00:00,2025-12-11 16:30:00+00:00,1.4827781939638358,0.01722180603618033,1,0.37938889894725275,0.3,87.91347623783687,target,130.35618552102235,29336.849718322614
NZDCHF,12,2025-12-11 15:00:00+00:00,2025-12-11 16:45:00+00:00,-1.1804225983514864,0.18042259835151503,1,0.340792603212926,0.3,87.91347623783687,stop,-103.77505405077906,29233.07466427183
NZDUSD,7,2025-12-11 16:00:00+00:00,2025-12-11 20:00:00+00:00,0.15910903926058245,0.08943697547552583,-1,0.35688734433321917,0.3,87.91347623783687,time,13.98782874226027,29247.06249301409
NZDCNH,7,2025-12-11 16:00:00+00:00,2025-12-11 20:00:00+00:00,0.5821497498613926,0.05630838697570068,-1,0.38189921665497745,0.3,87.91347623783687,time,51.17880820130222,29298.2413012154
EURAUD,15,2025-12-11 18:00:00+00:00,2025-12-11 22:00:00+00:00,0.0038488453072669593,0.05553876915890302,-1,0.31474484668841135,0.3,87.69922399281558,time,0.33754074671570217,29298.57884196211
AUDCHF,12,2025-12-12 08:45:00+00:00,2025-12-12 10:30:00+00:00,-1.0837960567871763,0.08379605678709763,-1,0.44906434542569196,0.3,87.8957365258864,stop,-95.26105265516027,29203.31778930695
EURAUD,15,2025-12-12 10:15:00+00:00,2025-12-12 10:45:00+00:00,-1.0854863422511791,0.08548634225117055,1,0.3601207340782006,0.3,87.8957365258864,stop,-95.4096215409578,29107.908167766
DJ30,9,2025-12-12 16:45:00+00:00,2025-12-12 17:00:00+00:00,-1.054900467525192,0.05490046752518358,1,0.3968155205715216,0.3,87.32372450329804,stop,-92.11783780457017,29015.790329961426
EURCHF,13,2025-12-12 15:00:00+00:00,2025-12-12 17:45:00+00:00,-1.251846628946172,0.25184662894613935,-1,0.3397067124031817,0.3,87.32372450329804,stop,-109.31591014647789,28906.474419814942
EURCHF,13,2025-12-15 10:30:00+00:00,2025-12-15 10:30:00+00:00,-1.1909951919070758,0.19099519190711306,-1,0.3735598652091387,0.3,86.71942325944491,stop,-103.28241614695352,28803.192003667995
USDCHF,18,2025-12-15 10:30:00+00:00,2025-12-15 11:00:00+00:00,-1.1500466368713331,0.15004663687134878,-1,0.42894362340261066,0.3,86.71942325944491,stop,-99.73138107094628,28703.46062259705
GBPCHF,14,2025-12-15 10:30:00+00:00,2025-12-15 11:00:00+00:00,-1.10098382771644,0.10098382771639013,-1,0.40818133867406053,0.3,86.71942325944491,stop,-95.47668255754574,28607.9839400395
XAUAUD,3,2025-12-15 12:30:00+00:00,2025-12-15 16:15:00+00:00,1.4816360490626617,0.01836395093732041,-1,0.41459142513877784,0.3,85.82395182011857,target,127.1598608897047,28735.143800929203
USDCHF,18,2025-12-15 15:00:00+00:00,2025-12-15 16:45:00+00:00,-1.0789984275053794,0.07899842750536988,1,0.4014809998073676,0.3,85.82395182011857,stop,-92.60390905620538,28642.53989187299
AUDUSD,7,2025-12-15 15:15:00+00:00,2025-12-15 18:45:00+00:00,1.4179548448541412,0.08204515514590241,-1,0.40481440762998216,0.3,85.82395182011857,target,121.69448828786551,28764.23438016085
AUDCHF,12,2025-12-15 17:15:00+00:00,2025-12-15 21:15:00+00:00,0.6830280124796676,0.05236653938765401,1,0.4996437512112815,0.3,85.92761967561906,time,58.69097128414686,28822.925351444996
XAUSGD,3,2025-12-16 07:45:00+00:00,2025-12-16 11:45:00+00:00,-0.12692426146367122,0.010181090491738595,1,0.4613287380856488,0.3,86.46877605433511,time,-10.974985540364063,28811.95036590463
XAGEUR,3,2025-12-16 07:45:00+00:00,2025-12-16 11:45:00+00:00,0.31849061561351616,0.06489153058167725,1,0.5385479046421966,0.3,86.46877605433511,time,27.539493716892455,28839.48985962152
AU200,10,2025-12-16 08:15:00+00:00,2025-12-16 12:15:00+00:00,0.7821962427494514,0.04337502270329792,1,0.44592693995782356,0.3,86.46877605433511,time,67.63555174484466,28907.12541136636
USDCHF,18,2025-12-16 13:30:00+00:00,2025-12-16 14:30:00+00:00,1.4127944486735722,0.08720555132647537,-1,0.33285708595072055,0.3,86.72137623409922,target,122.51947892486764,29029.644890291223
NZDUSD,7,2025-12-16 15:30:00+00:00,2025-12-16 15:30:00+00:00,-1.1682465673976004,0.16824656739764943,-1,0.40906783151156434,0.3,87.48293555184028,stop,-102.2016391643029,28927.443251126926
EURCHF,13,2025-12-16 15:00:00+00:00,2025-12-16 15:30:00+00:00,-1.2797443385098497,0.2797443385098905,1,0.3826424899372782,0.3,87.08893467087383,stop,-111.45157109190494,28815.99168003502
NZDJPY,1,2025-12-16 15:00:00+00:00,2025-12-16 15:30:00+00:00,1.357362008276336,0.14263799172364852,1,0.36439512433316196,0.3,87.08893467087383,target,118.21121126350393,28934.202891298526
NZDCNH,7,2025-12-16 15:00:00+00:00,2025-12-16 15:30:00+00:00,1.4304226741090558,0.06957732589099545,1,0.3777965562667376,0.3,87.08893467087383,target,124.5739868172202,29058.77687811575
JP225,11,2025-12-16 15:45:00+00:00,2025-12-16 16:45:00+00:00,-1.121145904640439,0.12114590464045356,-1,0.4482350988542863,0.3,87.17633063434738,stop,-97.73738607227942,28961.039492043477
NAS100,9,2025-12-16 15:45:00+00:00,2025-12-16 16:45:00+00:00,-1.0411704726920572,0.04117047269205724,-1,0.45744258764028767,0.3,87.17633063434738,stop,-90.76542137412252,28870.27407066936
SP500,9,2025-12-16 15:45:00+00:00,2025-12-16 17:15:00+00:00,1.4580721245887724,0.04192787541122758,-1,0.49183368276238554,0.3,87.17633063434738,target,127.10937762187618,28997.383448291235
NZDCAD,7,2025-12-16 15:45:00+00:00,2025-12-16 19:45:00+00:00,-0.08657236913319862,0.09589613904827915,-1,0.4248278351972617,0.3,87.17633063434738,time,-7.547061475354492,28989.836386815878
AUDUSD,7,2025-12-16 15:45:00+00:00,2025-12-16 19:45:00+00:00,0.13737542514026707,0.03460867785945014,-1,0.5157219640796661,0.3,87.17633063434738,time,11.97588548306196,29001.812272298936
XAUAUD,3,2025-12-16 16:30:00+00:00,2025-12-16 20:30:00+00:00,0.36720209773885404,0.012570196291891086,-1,0.389960627631409,0.3,87.17633063434738,time,32.01133148210828,29033.823603781042
CHFJPY,2,2025-12-16 17:45:00+00:00,2025-12-16 21:45:00+00:00,0.26403913427091596,0.07240506034443937,1,0.4083066709686956,0.3,86.9921503448738,time,22.969332065425842,29056.79293584646
XAUUSD,3,2025-12-17 07:30:00+00:00,2025-12-17 10:00:00+00:00,1.4921692297050329,0.007830770294955906,-1,0.4028400201677979,0.3,87.17037880753952,target,130.07295699834216,29186.8658928448
EURGBP,20,2025-12-17 10:45:00+00:00,2025-12-17 14:45:00+00:00,0.24828853160327025,0.0652274215819374,-1,0.49277313954879176,0.3,87.56059767853453,time,21.740292223908053,29208.60618506871
NAS100,9,2025-12-17 15:00:00+00:00,2025-12-17 16:30:00+00:00,1.4671678895284794,0.03283211047149144,-1,0.3776022092550752,0.3,87.62581855520628,target,128.56178727784746,29337.167972346564
NZDJPY,1,2025-12-17 15:15:00+00:00,2025-12-17 16:45:00+00:00,-1.2020152193047124,0.20201521930475583,-1,0.43461235661439285,0.3,87.62581855520628,stop,-105.32756750739122,29231.840404839168
NAS100,9,2025-12-17 17:00:00+00:00,2025-12-17 17:30:00+00:00,-1.0278171472559638,0.027817147255960725,1,0.37942249972726855,0.3,87.69552121451763,stop,-90.13496044183036,29141.705444397332
AUDJPY,1,2025-12-17 15:15:00+00:00,2025-12-17 17:45:00+00:00,1.4481508366940754,0.051849163305886806,-1,0.4114047315133162,0.3,87.62581855520628,target,126.89540245672521,29268.600846854053
USDCAD,17,2025-12-17 17:45:00+00:00,2025-12-17 18:45:00+00:00,1.4099742227466503,0.09002577725341347,1,0.39439540628954867,0.3,87.80580254056231,target,123.8039181897752,29392.40476504383
NZDCHF,12,2025-12-17 15:30:00+00:00,2025-12-17 19:30:00+00:00,-0.5138272748608692,0.13882478527391223,1,0.3750939212884233,0.3,87.62581855520628,time,-45.02453555567463,29347.38022948816
EURUSD,6,2025-12-18 09:15:00+00:00,2025-12-18 10:00:00+00:00,1.3827642924547279,0.11723570754530115,-1,0.3796167443309242,0.3,88.0421406884646,target,121.74152837528436,29469.12175786344
SP500,9,2025-12-18 10:30:00+00:00,2025-12-18 11:45:00+00:00,-1.0569133905527028,0.056913390552706,-1,0.41957401408968537,0.3,88.40736527359046,stop,-93.43892818114178,29375.682829682293
GBPCHF,14,2025-12-18 13:15:00+00:00,2025-12-18 14:00:00+00:00,1.4348408583276957,0.06515914167238598,1,0.3451674904945621,0.3,88.12704848904704,target,126.44828989591072,29502.131119578204
US2000,9,2025-12-18 10:30:00+00:00,2025-12-18 14:30:00+00:00,-0.5263511472536104,0.07821936553614024,-1,0.4346492951317857,0.3,88.40736527359046,time,-46.533318137423336,29455.597801440774
XAUSGD,3,2025-12-18 11:00:00+00:00,2025-12-18 15:00:00+00:00,-1.0258194031371723,0.025819403137145227,1,0.41682696165817507,0.3,88.40736527359046,stop,-90.68999067788454,29364.90781076289
EURUSD,6,2025-12-18 14:30:00+00:00,2025-12-18 15:15:00+00:00,1.4087034149210194,0.09129658507894822,1,0.37807073341773756,0.3,88.36679340432251,target,124.48260363428932,29489.390414397174
CHFSGD,19,2025-12-18 15:30:00+00:00,2025-12-18 15:30:00+00:00,-1.1073658492156442,0.10736584921564415,-1,0.3992373159898684,0.3,88.46817124319172,stop,-97.96663157727203,29391.423782819897
AUDUSD,7,2025-12-18 15:30:00+00:00,2025-12-18 15:30:00+00:00,-1.0997751521792511,0.09977515217929529,-1,0.3579983202046895,0.3,88.1742713484599,stop,-96.97187269054707,29294.451910129355
EURNZD,15,2025-12-18 15:30:00+00:00,2025-12-18 15:30:00+00:00,1.398347030759127,0.10165296924090444,-1,0.3696361007528357,0.3,87.88335573038825,target,122.89142953873652,29417.343339668092
USDCAD,17,2025-12-18 15:45:00+00:00,2025-12-18 18:00:00+00:00,-1.1151139766545755,0.11511397665457529,1,0.38069649794358335,0.3,88.25203001900445,stop,-98.41107214233102,29318.932267525757
GBPAUD,16,2025-12-18 14:15:00+00:00,2025-12-18 18:15:00+00:00,-0.29697461137474535,0.047817454697430616,1,0.4222148218131247,0.3,88.50639335873477,time,-26.2841517718906,29292.648115753866
EURCHF,13,2025-12-18 15:45:00+00:00,2025-12-18 19:45:00+00:00,-0.44103186321741444,0.07659633867556664,1,0.45444557874469077,0.3,88.25203001900445,time,-38.92195723200072,29253.726158521866
USDCHF,18,2025-12-18 15:45:00+00:00,2025-12-18 19:45:00+00:00,0.320094535598369,0.03589300298684129,1,0.45640615426748815,0.3,88.25203001900445,time,28.248992564546548,29281.975151086415
NZDCAD,7,2025-12-19 06:30:00+00:00,2025-12-19 09:30:00+00:00,-1.137237839050771,0.13723783905077971,1,0.3599237343319553,0.3,87.84592545325943,stop,-99.90171043187986,29182.073440654538
US2000,9,2025-12-19 09:00:00+00:00,2025-12-19 10:30:00+00:00,1.4386227236134779,0.06137727638651292,1,0.44257201398582896,0.3,87.84592545325943,target,126.37714453391462,29308.450585188446
GBPUSD,6,2025-12-19 07:00:00+00:00,2025-12-19 11:00:00+00:00,0.12847190399908975,0.10847385726387987,1,0.3891746659987929,0.3,87.84592545325943,time,11.28573330154234,29319.736318489988
GER40,8,2025-12-19 10:30:00+00:00,2025-12-19 14:30:00+00:00,0.20078224890116916,0.029773793563294543,-1,0.3984246076217759,0.3,87.92535175556553,time,17.65384986090881,29337.390168350903
NZDUSD,7,2025-12-19 13:30:00+00:00,2025-12-19 15:15:00+00:00,-1.07956433269781,0.07956433269776955,1,0.36395504302902587,0.3,87.95920895547015,stop,-94.95762472063936,29242.43254363026
AUDJPY,1,2025-12-19 16:15:00+00:00,2025-12-19 16:30:00+00:00,-1.0394684744287117,0.039468474428697616,-1,0.45821076246258546,0.3,87.72729763089097,stop,-91.18976023413578,29151.242783396126
NZDCNH,7,2025-12-19 13:30:00+00:00,2025-12-19 17:30:00+00:00,0.6494727613257631,0.056099187023651256,1,0.3395713737975639,0.3,87.95920895547015,time,57.12711032433899,29208.36989372046
GBPUSD,6,2025-12-19 15:30:00+00:00,2025-12-19 19:30:00+00:00,0.42917884316433286,0.07012501390090069,1,0.33909057276773513,0.3,87.72729763089097,time,37.650700111158905,29246.02059383162
AUDJPY,1,2025-12-22 09:00:00+00:00,2025-12-22 09:15:00+00:00,-1.0796137435866573,0.07961374358665892,-1,0.4607783812921844,0.3,87.73806178149505,stop,-94.7232173349573,29151.29737649666
GBPCHF,14,2025-12-22 09:00:00+00:00,2025-12-22 09:30:00+00:00,-1.0956770090576402,0.09567700905753211,-1,0.3949633613069541,0.3,87.73806178149505,stop,-96.13257711326294,29055.16479938339
AUDCHF,12,2025-12-22 09:00:00+00:00,2025-12-22 10:00:00+00:00,-1.0784342065282635,0.07843420652821452,-1,0.3998630745604468,0.3,87.73806178149505,stop,-94.61972703965438,28960.54507234374
USDCHF,18,2025-12-22 11:00:00+00:00,2025-12-22 14:00:00+00:00,-1.1404015013241227,0.1404015013241731,1,0.4045902786183863,0.3,86.88163521703143,stop,-99.0799472389974,28861.465125104747
EURCAD,4,2025-12-22 11:00:00+00:00,2025-12-22 15:00:00+00:00,-0.22220810467005453,0.1140514298797032,-1,0.3842836505940566,0.3,86.88163521703143,time,-19.305803492211616,28842.159321612533
AUDCAD,7,2025-12-22 15:15:00+00:00,2025-12-22 19:15:00+00:00,0.044956009775702216,0.1526562023898981,-1,0.35597073745612634,0.3,86.5264779648378,time,3.8898851892443305,28846.049206801777
NAS100,9,2025-12-22 17:45:00+00:00,2025-12-22 21:45:00+00:00,0.14681540500881088,0.027964839049297318,1,0.34743850705929247,0.3,86.5264779648378,time,12.703419906393611,28858.75262670817
EURGBP,20,2025-12-23 08:00:00+00:00,2025-12-23 09:45:00+00:00,-1.1943720512745921,0.19437205127464705,1,0.36367084558150314,0.3,86.57625788012473,stop,-103.40426271596264,28755.348363992205
DJ30,9,2025-12-23 06:15:00+00:00,2025-12-23 10:15:00+00:00,0.29112257684981013,0.06773055869567816,1,0.47286109873188914,0.3,86.57625788012473,time,25.204303288075593,28780.55266728028
GER40,8,2025-12-23 08:30:00+00:00,2025-12-23 10:30:00+00:00,1.4413815054285446,0.058618494571471225,1,0.42240382021292106,0.3,86.57625788012473,target,124.78941691762408,28905.34208419791
FR40,8,2025-12-23 09:30:00+00:00,2025-12-23 10:45:00+00:00,1.3901824218434418,0.10981757815659078,-1,0.4419219522656159,0.3,86.57625788012473,target,120.35679185393415,29025.698876051843
GER40,8,2025-12-23 14:30:00+00:00,2025-12-23 15:30:00+00:00,-1.0572380813689144,0.05723808136887578,1,0.471052990407646,0.3,87.07709662815574,stop,-92.06122257032695,28933.63765348152
XAUAUD,3,2025-12-23 16:00:00+00:00,2025-12-23 16:00:00+00:00,-1.0273575984745515,0.02735759847453759,1,0.4052158288651256,0.3,86.80091296044475,stop,-89.17557748444109,28844.462075997086
NAS100,9,2025-12-23 17:00:00+00:00,2025-12-23 18:45:00+00:00,-1.0422239889092628,0.042223988909282716,-1,0.43208990938678554,0.3,86.53338622799143,stop,-90.18717096836309,28754.274905028724
XAGUSD,3,2025-12-23 17:15:00+00:00,2025-12-23 19:00:00+00:00,1.48097208232877,0.019027917671232072,1,0.5377410141762843,0.3,86.53338622799143,target,128.15352919302816,28882.428434221758
XAGSGD,3,2025-12-23 17:15:00+00:00,2025-12-23 19:00:00+00:00,1.4957784105927467,0.004221589407252013,1,0.4934560715407513,0.3,86.53338622799143,target,129.4347709153133,29011.863205137066
NZDJPY,1,2025-12-23 15:15:00+00:00,2025-12-23 19:15:00+00:00,-0.3940963059164863,0.1492218823350903,-1,0.47416077023939573,0.3,87.07709662815574,time,-34.316762111089105,28977.546443025974
GER40,8,2025-12-23 17:30:00+00:00,2025-12-23 21:30:00+00:00,0.005239444504371668,0.034056389278415866,-1,0.44364767659799015,0.3,86.53338622799143,time,0.45338687491692065,28977.999829900888
EURCHF,13,2025-12-24 11:45:00+00:00,2025-12-24 13:30:00+00:00,-1.1925572576676147,0.192557257667565,1,0.3060394452720843,0.3,86.93399948970284,stop,-103.67377202951783,28874.326057871367
FR40,8,2025-12-24 10:15:00+00:00,2025-12-24 14:15:00+00:00,-0.014677779944361615,0.06360371309223364,-1,0.4390202898717232,0.3,86.93399948970284,time,-1.2759981141931032,28873.05005975718
SP500,9,2025-12-24 14:30:00+00:00,2025-12-24 16:30:00+00:00,-1.234835149549482,0.2348351495493828,-1,0.34867752483476666,0.3,86.61915017927171,stop,-106.96037126547003,28766.089688491717
GBPCAD,5,2025-12-24 14:30:00+00:00,2025-12-24 16:45:00+00:00,-1.1938583616415774,0.19385836164157014,1,0.3564746449441339,0.3,86.61915017927171,stop,-103.41099671981108,28662.6786917719
EURCAD,4,2025-12-24 16:15:00+00:00,2025-12-24 17:45:00+00:00,-1.1169430422455977,0.11694304224562173,1,0.39803671421618086,0.3,86.61915017927171,stop,-96.74865711796406,28565.93003465394
DJ30,9,2025-12-24 16:45:00+00:00,2025-12-24 18:00:00+00:00,1.472072261173342,0.027927738826632183,1,0.45906680953225026,0.3,85.98803607531586,target,126.58060269924512,28692.51063735319
EURCHF,13,2025-12-24 16:30:00+00:00,2025-12-24 18:15:00+00:00,-1.2391717347857283,0.23917173478575435,-1,0.35074034466846493,0.3,86.29826906547531,stop,-106.9383757868706,28585.572261566325
CADJPY,2,2025-12-24 16:15:00+00:00,2025-12-24 20:15:00+00:00,-0.2222359601894329,0.1460042261674286,-1,0.3118397102631612,0.3,86.61915017927171,time,-19.24989001088314,28566.32237155545
NZDCAD,7,2025-12-26 11:30:00+00:00,2025-12-26 15:30:00+00:00,-0.09971903897753387,0.1374442813981429,1,0.3699063930414285,0.3,85.69896711466644,time,-8.545818642041816,28557.776552913405
SP500,9,2025-12-26 14:00:00+00:00,2025-12-26 16:30:00+00:00,1.405170479410555,0.09482952058945467,1,0.3769147772692665,0.3,85.69896711466644,target,120.42165870550524,28678.198211618903
XAUGBP,3,2025-12-26 15:45:00+00:00,2025-12-26 17:30:00+00:00,-1.0114071856160725,0.011407185616087306,-1,0.41512280531025386,0.3,85.67332965874031,stop,-86.65062123250453,28591.5475903864
XAUUSD,3,2025-12-26 16:45:00+00:00,2025-12-26 17:30:00+00:00,-1.0108179114703695,0.010817911470386729,-1,0.5149464442646154,0.3,86.03459463485684,stop,-86.96530926300585,28504.582281123396
USDJPY,2,2025-12-26 18:00:00+00:00,2025-12-26 18:15:00+00:00,-1.0700965874009147,0.07009658740090804,-1,0.3366688735393734,0.3,85.5137468433703,stop,-91.5079686729563,28413.074312450437
US2000,9,2025-12-26 16:45:00+00:00,2025-12-26 20:00:00+00:00,0.23549773862828047,0.08916904666508653,-1,0.5387370516644303,0.3,86.03459463485684,weekend,20.260952480309577,28433.33526493075
SP500,9,2025-12-26 17:30:00+00:00,2025-12-26 20:00:00+00:00,-0.6088576476832487,0.06129439406206603,1,0.5086939626038591,0.3,85.5137468433703,weekend,-52.065698747635274,28381.26956618311
GER40,8,2025-12-29 07:15:00+00:00,2025-12-29 09:15:00+00:00,1.444600044273068,0.05539995572693425,1,0.4606449294310586,0.3,85.14380869854945,target,122.99874981550217,28504.268315998605
NZDUSD,7,2025-12-29 07:30:00+00:00,2025-12-29 10:00:00+00:00,-1.09086342988671,0.09086342988671493,1,0.4447438168410763,0.3,85.14380869854945,stop,-92.88026719051754,28411.38804880809
GBPAUD,16,2025-12-29 09:45:00+00:00,2025-12-29 11:00:00+00:00,1.4307241906382409,0.06927580936176994,1,0.5026096199031638,0.3,85.51280494799596,target,122.34523864842728,28533.733287456518
NZDCAD,7,2025-12-29 08:30:00+00:00,2025-12-29 11:00:00+00:00,-1.1422953821073183,0.14229538210735143,1,0.3980262306859317,0.3,85.14380869854945,stop,-97.25937949138195,28436.473907965134
CHFSGD,19,2025-12-29 11:45:00+00:00,2025-12-29 12:45:00+00:00,1.4253540160145557,0.07464598398545308,-1,0.3803379675243546,0.3,85.30942172389555,target,121.59612685803391,28558.070034823162
CHFJPY,2,2025-12-29 09:15:00+00:00,2025-12-29 13:00:00+00:00,-1.1356264678505321,0.13562646785052737,1,0.5087923277679176,0.3,85.51280494799596,stop,-97.11060463908416,28460.959430184084
GBPUSD,6,2025-12-29 09:45:00+00:00,2025-12-29 13:45:00+00:00,0.009541935612234266,0.07616718890965321,1,0.47254069867120346,0.3,85.51280494799596,time,0.8159576788353252,28461.775387862916
AU200,10,2025-12-29 10:15:00+00:00,2025-12-29 14:15:00+00:00,0.024692624852547005,0.07407787455764102,1,0.4528022228112289,0.3,85.2341641464244,time,2.10465523988807,28463.880043102807
SP500,9,2025-12-29 15:00:00+00:00,2025-12-29 15:45:00+00:00,-1.1118040430502873,0.11180404305023998,1,0.5003216528767819,0.3,85.39164012930856,stop,-94.93877073846042,28368.941272364347
DJ30,9,2025-12-29 16:30:00+00:00,2025-12-29 16:30:00+00:00,1.4614131596537,0.03858684034629978,1,0.5307178157679259,0.3,85.10682381709317,target,124.37623230262889,28493.31750466698
US2000,9,2025-12-29 16:00:00+00:00,2025-12-29 17:00:00+00:00,-1.2179203517053712,0.2179203517053653,1,0.4764372512459872,0.3,85.10682381709317,stop,-103.65333279584118,28389.664171871133
EURUSD,6,2025-12-29 17:00:00+00:00,2025-12-29 18:30:00+00:00,1.4304954240981143,0.06950457590188136,-1,0.48103808399878645,0.3,85.16899251561354,target,121.83385406863171,28511.49802593977
NZDJPY,1,2025-12-29 16:15:00+00:00,2025-12-29 20:15:00+00:00,0.03927961571544883,0.14181715747262752,1,0.49509921227624315,0.3,85.10682381709317,time,3.3429633342978278,28514.840989274075
SP500,9,2025-12-30 09:45:00+00:00,2025-12-30 11:00:00+00:00,1.4308478023999491,0.06915219759999588,1,0.5077829161833728,0.3,85.54452296782232,target,122.40119269586053,28637.242181969938
GER40,8,2025-12-30 09:45:00+00:00,2025-12-30 11:30:00+00:00,1.4527142387622938,0.0472857612376623,1,0.3899104672994871,0.3,85.54452296782232,target,124.27174656348355,28761.513928533415
USDCAD,17,2025-12-30 10:30:00+00:00,2025-12-30 11:30:00+00:00,-1.140038925721217,0.14003892572121684,1,0.3616693669924374,0.3,85.54452296782232,stop,-97.52408606557012,28663.98984246784
CADJPY,2,2025-12-30 10:15:00+00:00,2025-12-30 12:30:00+00:00,-1.1396860677628209,0.13968606776281875,1,0.4669463979486073,0.3,85.54452296782232,stop,-97.49390099984373,28566.49594146799
XAUSGD,3,2025-12-30 10:00:00+00:00,2025-12-30 14:00:00+00:00,-0.9278368535419063,0.0032068094016425553,-1,0.4375517279994103,0.3,85.54452296782232,time,-79.37136102820759,28487.124580439777
XAUUSD,3,2025-12-30 10:00:00+00:00,2025-12-30 14:00:00+00:00,-1.0081243523320542,0.008124352332068553,-1,0.4299077727359902,0.3,85.54452296782232,stop,-86.23951681249041,28400.885063627284
EURCHF,13,2025-12-30 12:45:00+00:00,2025-12-30 15:15:00+00:00,1.389423335196535,0.11057666480348109,1,0.3538968977382786,0.3,85.69948782440412,target,119.07286819761842,28519.9579318249
EURUSD,6,2025-12-30 14:15:00+00:00,2025-12-30 17:15:00+00:00,-1.1150189884616766,0.11501898846169431,1,0.43612368950035085,0.3,85.20265519088201,stop,-95.00257840518628,28424.95535341972
USDCAD,17,2025-12-30 14:15:00+00:00,2025-12-30 17:30:00+00:00,-1.1696744366093574,0.1696744366092579,-1,0.3694600943478285,0.3,85.20265519088201,stop,-99.65936770801626,28325.29598571171
CHFJPY,2,2025-12-30 14:15:00+00:00,2025-12-30 18:15:00+00:00,0.04731138125518047,0.10362515669262008,1,0.45467379769120103,0.3,85.20265519088201,time,4.0310553036895,28329.327041015393
AUDCHF,12,2025-12-30 15:30:00+00:00,2025-12-30 19:30:00+00:00,-1.0675881555082667,0.06758815550831285,-1,0.4530906669491967,0.3,85.55987379547487,stop,-91.3427078508311,28237.984333164568
EURNZD,15,2025-12-30 15:45:00+00:00,2025-12-30 19:45:00+00:00,0.8463686686710301,0.11043709307979431,-1,0.37974685757317844,0.3,85.55987379547487,time,72.41519647593742,28310.399529640505
GBPCAD,5,2025-12-31 08:00:00+00:00,2025-12-31 10:00:00+00:00,-1.2421372455853315,0.2421372455854024,-1,0.3280075537506088,0.3,84.93119858892165,stop,-105.49620507950392,28204.903324561004
AUDCHF,12,2025-12-31 10:15:00+00:00,2025-12-31 10:45:00+00:00,-1.0878353162277081,0.08783531622770277,-1,0.4235119012205142,0.3,84.61470997368315,stop,-92.04686978173741,28112.856454779263
NZDCHF,12,2025-12-31 07:30:00+00:00,2025-12-31 11:30:00+00:00,-0.5904565654191681,0.07367339218156177,1,0.3893211442522538,0.3,84.93119858892165,time,-50.14818381574798,28062.708270963514
NZDCNH,7,2025-12-31 10:45:00+00:00,2025-12-31 12:45:00+00:00,-1.060943755006384,0.060943755006351866,1,0.5081916355722246,0.3,84.33856936433793,stop,-89.47847847326706,27973.229792490252
CHFJPY,2,2025-12-31 11:00:00+00:00,2025-12-31 13:15:00+00:00,1.401097251470166,0.09890274852978706,1,0.46584182612231245,0.3,84.33856936433793,target,118.16653772929982,28091.396330219548
EURJPY,2,2025-12-31 12:00:00+00:00,2025-12-31 13:30:00+00:00,-1.1092303202553997,0.1092303202554368,-1,0.43782116812773436,0.3,84.18812481289068,stop,-93.3840206479043,27998.01230957164
USDCAD,17,2025-12-31 09:30:00+00:00,2025-12-31 13:30:00+00:00,-0.0070373837428034285,0.14924266270570358,-1,0.37768383649626913,0.3,84.93119858892165,time,-0.5976934362064866,27997.41461613543
GBPCAD,5,2025-12-31 16:00:00+00:00,2025-12-31 16:45:00+00:00,-1.113485310713803,0.11348531071382711,1,0.3642838648044993,0.3,83.99224384840645,stop,-93.52412973909236,27903.89048639634
NZDJPY,1,2025-12-31 13:00:00+00:00,2025-12-31 17:00:00+00:00,-0.1672020212780118,0.09700522859532541,1,0.455839666107277,0.3,83.91968937747087,time,-14.031541688936025,27889.858944707405
NZDCNH,7,2025-12-31 15:45:00+00:00,2025-12-31 17:00:00+00:00,-1.0628225388434949,0.06282253884349778,1,0.5265155855761909,0.3,83.99224384840645,stop,-89.26884985012525,27800.59009485728
NZDUSD,7,2025-12-31 16:45:00+00:00,2025-12-31 17:00:00+00:00,-1.113455677606688,0.11345567760671726,1,0.4801348138412587,0.3,83.71167145918916,stop,-93.2092358681799,27707.380858989098
EURNZD,15,2025-12-31 15:00:00+00:00,2025-12-31 17:30:00+00:00,-1.1272224857229216,0.12722248572288797,-1,0.4461136605780447,0.3,83.99224384840645,stop,-94.67794589224648,27612.70291309686
EURCHF,13,2026-01-02 06:45:00+00:00,2026-01-02 09:30:00+00:00,-1.2042310658640112,0.20423106586406428,-1,0.32295712153959255,0.3,82.8381087392907,stop,-99.7562239812749,27512.94668911559
GER40,8,2026-01-02 08:15:00+00:00,2026-01-02 09:45:00+00:00,1.463801113557655,0.03619888644231851,-1,0.3544672536596761,0.3,82.8381087392907,target,121.25851581758384,27634.20520493317
FR40,8,2026-01-02 09:15:00+00:00,2026-01-02 10:00:00+00:00,-1.0990208211723564,0.09902082117235647,-1,0.3567357477756306,0.3,82.8381087392907,stop,-91.04080629102023,27543.164398642155
XAUAUD,3,2026-01-02 09:45:00+00:00,2026-01-02 10:45:00+00:00,-1.0285137525337735,0.028513752533756927,-1,0.4106000708916553,0.3,82.90261561479961,stop,-85.26648028084256,27457.897918361312
GER40,8,2026-01-02 10:15:00+00:00,2026-01-02 11:00:00+00:00,1.480109810317043,0.019890189682957117,1,0.5500888991229999,0.3,82.62949319592656,target,122.30072350081625,27580.198641862124
USDCAD,17,2026-01-02 14:00:00+00:00,2026-01-02 15:45:00+00:00,-1.1185172596184838,0.1185172596184094,-1,0.36065719379648203,0.3,82.74059592558648,stop,-92.54678461388727,27487.65185724823
US2000,9,2026-01-02 17:00:00+00:00,2026-01-02 17:15:00+00:00,-1.074107148939169,0.0741071489391773,1,0.5224360528695638,0.3,82.4629555717448,stop,-88.57405010226417,27399.077807145964
XAUAUD,3,2026-01-02 15:30:00+00:00,2026-01-02 18:00:00+00:00,1.4899359680111215,0.010064031988889045,-1,0.47098467840778574,0.3,82.74059592558648,target,123.27818988420574,27522.355997030172
EURGBP,20,2026-01-02 16:30:00+00:00,2026-01-02 20:00:00+00:00,0.3002806426451584,0.11753654044114324,1,0.40788773584122123,0.3,82.4629555717448,weekend,24.762029293502675,27547.118026323675
GER40,8,2026-01-05 06:30:00+00:00,2026-01-05 10:00:00+00:00,-1.0567300593159352,0.05673005931597414,-1,0.43056510997007363,0.3,82.64135407897115,stop,-87.32960299782039,27459.788423325852
GBPCHF,14,2026-01-05 10:30:00+00:00,2026-01-05 11:00:00+00:00,-1.0760276912370956,0.07602769123711628,-1,0.402365341602041,0.3,82.37936526997768,stop,-88.64247821703147,27371.145945108816
XAUAUD,3,2026-01-05 10:30:00+00:00,2026-01-05 14:30:00+00:00,0.8243210726198449,0.013251657803864152,-1,0.42637368103113027,0.3,82.37936526997768,time,67.90704674109,27439.05299184991
XAUEUR,3,2026-01-05 10:30:00+00:00,2026-01-05 14:30:00+00:00,0.541639847796908,0.014145110279788925,-1,0.4511210111586865,0.3,82.37936526997768,time,44.6199468664366,27483.67293871635
USDJPY,2,2026-01-05 14:45:00+00:00,2026-01-05 15:30:00+00:00,1.4393785142678517,0.06062148573217033,1,0.5051338831749118,0.3,82.45101881614917,target,118.67822496345948,27602.351163679807
SP500,9,2026-01-05 12:30:00+00:00,2026-01-05 16:00:00+00:00,-1.070141887419311,0.07014188741932458,-1,0.3884983667802387,0.3,82.11343783532658,stop,-87.87302934758465,27514.478134332225
AUDUSD,7,2026-01-05 15:45:00+00:00,2026-01-05 16:15:00+00:00,1.4428317832923614,0.05716821670760547,1,0.44216732443480966,0.3,82.80705349103955,target,119.47664865766257,27633.95478298988
NZDJPY,1,2026-01-05 14:15:00+00:00,2026-01-05 17:00:00+00:00,1.37401204637154,0.1259879536284711,1,0.45511563459423937,0.3,82.11343783532658,target,112.8248527547193,27746.779635744606
JP225,11,2026-01-05 16:45:00+00:00,2026-01-05 17:45:00+00:00,-1.0775858648317718,0.07758586483177468,-1,0.4439573026586479,0.3,82.90186434896978,stop,-89.33387719065082,27657.44575855395
GBPCHF,14,2026-01-05 16:45:00+00:00,2026-01-05 19:30:00+00:00,-1.0553890042186753,0.05538900421868511,-1,0.5118081579492163,0.3,82.90186434896978,stop,-87.49371606313092,27569.95204249081
AUDCHF,12,2026-01-05 16:45:00+00:00,2026-01-05 20:45:00+00:00,0.4111214394118,0.0440338277450675,-1,0.38665748216202295,0.3,82.90186434896978,time,34.08273380107024,27604.034776291883
EURUSD,6,2026-01-06 09:15:00+00:00,2026-01-06 11:00:00+00:00,1.3959260255299162,0.10407397447001777,-1,0.29917701929966073,0.3,82.81210432887582,target,115.59957166157639,27719.634347953455
XAUEUR,3,2026-01-06 07:45:00+00:00,2026-01-06 11:45:00+00:00,0.5326138630682287,0.020564241817305696,-1,0.4452720184698262,0.3,82.81210432887582,time,44.106874795411734,27763.741222748868
GBPUSD,6,2026-01-06 09:15:00+00:00,2026-01-06 12:00:00+00:00,1.4111070823085325,0.0888929176915011,-1,0.3511432593202124,0.3,82.81210432887582,target,116.85674691934976,27880.59796966822
EURNZD,15,2026-01-06 09:00:00+00:00,2026-01-06 13:00:00+00:00,0.4973582340574739,0.09503477580873908,1,0.42287005545557266,0.3,82.81210432887582,time,41.187281967592966,27921.78525163581
USDCAD,17,2026-01-06 09:15:00+00:00,2026-01-06 13:15:00+00:00,1.3807820384923004,0.11921796150760616,1,0.35885597857402546,0.3,82.81210432887582,target,114.3454662270622,28036.130717862878
NAS100,9,2026-01-06 10:45:00+00:00,2026-01-06 14:30:00+00:00,1.4689394756153724,0.031060524384659404,1,0.40178806421695534,0.3,82.81210432887582,target,121.64596910746435,28157.77668697035
XAUAUD,3,2026-01-06 15:15:00+00:00,2026-01-06 16:45:00+00:00,-1.0362355484579377,0.036235548457925905,-1,0.40174844725213305,0.3,84.47333006091118,stop,-87.5342675057367,28070.242419464616
SP500,9,2026-01-06 16:00:00+00:00,2026-01-06 16:45:00+00:00,1.4317724879746077,0.06822751202540009,1,0.3744868793956841,0.3,84.47333006091118,target,120.94658994881102,28191.18900941343
XAGEUR,3,2026-01-06 16:15:00+00:00,2026-01-06 16:45:00+00:00,-1.0160476069935824,0.016047606993582646,-1,0.4727757462757806,0.3,84.47333006091118,stop,-85.82892486316786,28105.360084550266
CHFJPY,2,2026-01-06 14:15:00+00:00,2026-01-06 17:30:00+00:00,-1.1228393124253853,0.12283931242536439,1,0.4406578224458877,0.3,84.1083921535888,stop,-94.44020921494031,28010.919875335327
USDCAD,17,2026-01-06 17:00:00+00:00,2026-01-06 18:00:00+00:00,1.4234522224582284,0.07654777754174036,1,0.40892343976533424,0.3,84.31608025365091,target,120.01991182602573,28130.939787161347
EURGBP,20,2026-01-06 17:00:00+00:00,2026-01-06 21:00:00+00:00,0.21471401989697717,0.1367180853745482,1,0.4360373717105106,0.3,84.31608025365091,time,18.103844533217526,28149.04363169457
NZDCHF,12,2026-01-07 10:15:00+00:00,2026-01-07 13:15:00+00:00,-1.0665492808871946,0.06654928088722724,-1,0.46232351685463674,0.3,84.44713089508382,stop,-90.06702672913843,28058.976604965428
XAUUSD,3,2026-01-07 14:30:00+00:00,2026-01-07 15:00:00+00:00,-1.0087431584852435,0.008743158485255262,1,0.4997004887683069,0.3,84.1769298148964,stop,-84.91290205306926,27974.06370291236
GBPCHF,14,2026-01-07 15:30:00+00:00,2026-01-07 19:30:00+00:00,-0.46421716527117113,0.07126304306975285,1,0.37701970105950067,0.3,83.92219110873717,time,-38.95812165984345,27935.105581252516
AUDCHF,12,2026-01-07 16:15:00+00:00,2026-01-07 20:15:00+00:00,-0.07634991494061683,0.05529957052782417,-1,0.35856909489941385,0.3,83.92219110873717,time,-6.407452152782272,27928.698129099736
GBPUSD,6,2026-01-07 17:30:00+00:00,2026-01-07 21:00:00+00:00,-1.0498309867331277,0.049830986733128524,1,0.4139103826249066,0.3,83.92219110873717,stop,-88.10411670049166,27840.594012399248
CHFJPY,2,2026-01-07 17:15:00+00:00,2026-01-07 21:15:00+00:00,-0.43881216102197496,0.08903031401443322,1,0.43066675186451836,0.3,83.92219110873717,time,-36.82607803812413,27803.767934361123
EURNZD,15,2026-01-07 17:15:00+00:00,2026-01-07 21:15:00+00:00,-0.07938340806725806,0.06519046019111803,1,0.43660004635010513,0.3,83.92219110873717,time,-6.662029542683299,27797.10590481844
EURUSD,6,2026-01-07 17:30:00+00:00,2026-01-07 21:30:00+00:00,-0.39855357240466655,0.05965182234584755,1,0.40214075015252265,0.3,83.92219110873717,time,-33.44748907041434,27763.658415748025
DJ30,9,2026-01-08 13:45:00+00:00,2026-01-08 16:15:00+00:00,-1.0472573697756584,0.047257369775647734,1,0.3737825801404604,0.3,83.29097524724415,stop,-87.22708766347837,27676.431328084553
XAUAUD,3,2026-01-08 14:30:00+00:00,2026-01-08 17:00:00+00:00,1.4873196392181485,0.012680360781844093,1,0.3866937411342266,0.3,83.29097524724415,target,123.8803032548589,27800.311631339413
XAUGBP,3,2026-01-08 14:30:00+00:00,2026-01-08 17:00:00+00:00,1.4934988381142376,0.006501161885762457,1,0.4304853958349876,0.3,83.29097524724415,target,124.39497475716085,27924.706606096574
USDCAD,17,2026-01-08 15:15:00+00:00,2026-01-08 19:15:00+00:00,0.7422610062700996,0.11284090031032062,1,0.4265479940597439,0.3,83.29097524724415,time,61.8236431002374,27986.530249196818
NZDUSD,7,2026-01-08 16:30:00+00:00,2026-01-08 20:30:00+00:00,0.3971207910707773,0.10207685067852756,1,0.38667787434074247,0.3,83.02929398425373,time,32.97265890907497,28019.50290810589
GER40,8,2026-01-08 17:30:00+00:00,2026-01-08 21:30:00+00:00,-0.33121244805427297,0.018556894373160066,-1,0.4614055148152388,0.3,83.77411981828978,time,-27.747031308607742,27991.75587679728
GBPNZD,16,2026-01-09 09:30:00+00:00,2026-01-09 10:00:00+00:00,-1.1136674425357118,0.11366744253575035,-1,0.3139257812277334,0.3,83.9752676303919,stop,-93.5205215381905,27898.235355259094
GBPCHF,14,2026-01-09 06:15:00+00:00,2026-01-09 10:15:00+00:00,0.638209763969562,0.08724876985088231,-1,0.39772120281697987,0.3,83.9752676303919,time,53.59383573367321,27951.829190992765
CHFSGD,19,2026-01-09 10:15:00+00:00,2026-01-09 14:15:00+00:00,-0.4131508737302431,0.13417564154392567,-1,0.3616383779093652,0.3,83.85548757297835,time,-34.64496795785155,27917.184223034914
EURUSD,6,2026-01-09 12:30:00+00:00,2026-01-09 15:30:00+00:00,-1.0869866098547507,0.08698660985475086,1,0.43755588424026276,0.3,83.85548757297835,stop,-91.14979215466892,27826.034430880245
NZDCNH,7,2026-01-09 13:30:00+00:00,2026-01-09 15:30:00+00:00,-1.0723214323567947,0.07232143235678865,1,0.3940232851168591,0.3,83.85548757297835,stop,-89.92003654523354,27736.114394335018
XAUEUR,3,2026-01-09 14:15:00+00:00,2026-01-09 15:30:00+00:00,-1.0208904831012606,0.020890483101258784,-1,0.3302253586300879,0.3,83.75155266910478,stop,-85.50116306484306,27650.61323127018
AUDCAD,7,2026-01-09 14:45:00+00:00,2026-01-09 15:30:00+00:00,-1.1585940905442522,0.15859409054424428,1,0.39252066352545856,0.3,83.75155266910478,stop,-97.0340539963305,27553.579177273845
USDJPY,2,2026-01-09 15:45:00+00:00,2026-01-09 16:00:00+00:00,-1.0375882783023918,0.037588278302429466,-1,0.48520263581002404,0.3,82.66073753182155,stop,-85.76781233884861,27467.811364934998
XAUGBP,3,2026-01-09 14:15:00+00:00,2026-01-09 16:00:00+00:00,-1.013935545489947,0.013935545489946997,-1,0.35492814526126465,0.3,83.75155266910478,stop,-84.91867624117879,27382.892688693813
GBPUSD,6,2026-01-09 15:45:00+00:00,2026-01-09 16:45:00+00:00,-1.0298168478173746,0.02981684781738879,1,0.5240869332933339,0.3,82.66073753182155,stop,-85.12542016327983,27297.76726853053
USDCHF,18,2026-01-09 15:45:00+00:00,2026-01-09 16:45:00+00:00,-1.0333194668038983,0.03331946680389104,-1,0.4945422905759018,0.3,82.66073753182155,stop,-85.41494923199883,27212.35231929853
EURCAD,4,2026-01-09 15:45:00+00:00,2026-01-09 19:45:00+00:00,0.08996358372956377,0.07300942411712547,1,0.378132734745607,0.3,82.66073753182155,time,7.436456182091523,27219.78877548063
NZDJPY,1,2026-01-09 15:45:00+00:00,2026-01-09 19:45:00+00:00,0.29262219880493734,0.08120058311552976,1,0.44706701038530167,0.3,82.66073753182155,time,24.188366771399433,27243.977142252028
USDCHF,18,2026-01-12 08:00:00+00:00,2026-01-12 09:15:00+00:00,-1.0687782870993063,0.06877828709928276,1,0.44023872652921875,0.3,81.73193142675613,stop,-87.35331367160639,27156.62382858043
EURCAD,4,2026-01-12 09:15:00+00:00,2026-01-12 11:00:00+00:00,-1.1284923776254447,0.12849237762542787,-1,0.36758681643228047,0.3,81.46987148574131,stop,-91.93812897778363,27064.685699602647
AUDJPY,1,2026-01-12 15:30:00+00:00,2026-01-12 17:45:00+00:00,-1.0673378633363257,0.06733786333628645,-1,0.3805850600572951,0.3,81.19405709880795,stop,-86.6614914194493,26978.024208183197
NZDCHF,12,2026-01-12 14:00:00+00:00,2026-01-12 18:00:00+00:00,-0.44650521777742636,0.10861357811218528,-1,0.3856676303114322,0.3,81.19405709880795,time,-36.25357014713603,26941.77063803606
GBPAUD,16,2026-01-12 17:00:00+00:00,2026-01-12 18:15:00+00:00,1.4042822057038071,0.09571779429617423,-1,0.4520917052123295,0.3,81.19405709880795,target,114.01936959275488,27055.79000762882
GBPNZD,16,2026-01-12 17:00:00+00:00,2026-01-12 19:30:00+00:00,1.4139512434467636,0.08604875655325103,-1,0.3480629932483364,0.3,81.19405709880795,target,114.80443799534702,27170.59444562417
EURUSD,6,2026-01-12 16:00:00+00:00,2026-01-12 20:00:00+00:00,1.4466657753964454,0.053334224603605304,-1,0.4469350674349035,0.3,81.19405709880795,target,117.46066357043026,27288.055109194596
DJ30,9,2026-01-12 16:45:00+00:00,2026-01-12 20:45:00+00:00,1.3627491194863712,0.014996191183867415,1,0.44264656337728114,0.3,81.19405709880795,time,110.64712981892667,27398.702239013524
FR40,8,2026-01-13 09:00:00+00:00,2026-01-13 09:45:00+00:00,1.3845940492217785,0.11540595077820118,-1,0.34054478549984796,0.3,82.19610671704056,target,113.80824022961262,27512.510479243138
GBPAUD,16,2026-01-13 07:30:00+00:00,2026-01-13 10:30:00+00:00,-1.1279449764116602,0.12794497641174143,-1,0.3935454753624093,0.3,82.19610671704056,stop,-92.71268565208263,27419.79779359106
US2000,9,2026-01-13 09:00:00+00:00,2026-01-13 13:00:00+00:00,0.36301800063142714,0.12812400022288578,-1,0.4131104217495041,0.3,82.19610671704056,time,29.838666320107485,27449.63645991117
SP500,9,2026-01-13 09:00:00+00:00,2026-01-13 13:00:00+00:00,0.6790981778245506,0.08315487891729192,-1,0.3809820296671667,0.3,82.19610671704056,time,55.81922629581455,27505.455686206988
GBPUSD,6,2026-01-13 11:15:00+00:00,2026-01-13 15:15:00+00:00,1.3492275408990428,0.0722816253702155,-1,0.4554584242977678,0.3,82.25939338077316,time,110.98663904698758,27616.44232525397
EURNZD,15,2026-01-13 15:45:00+00:00,2026-01-13 17:15:00+00:00,1.4275573745282797,0.0724426254717755,1,0.4494278723719134,0.3,82.84932697576191,target,118.27216769895365,27734.71449295293
US2000,9,2026-01-13 17:30:00+00:00,2026-01-13 21:30:00+00:00,0.4567899978681408,0.06899616544096317,1,0.5539000309276083,0.3,83.20414347885875,time,38.00682052232837,27772.721313475253
US2000,9,2026-01-14 07:30:00+00:00,2026-01-14 11:00:00+00:00,1.4087457953023135,0.0912542046976672,1,0.41982263320503116,0.3,83.31816394042575,target,117.37411312338361,27890.095426598637
CADJPY,2,2026-01-14 10:45:00+00:00,2026-01-14 11:15:00+00:00,-1.1226920194839223,0.1226920194839515,1,0.4602856165272793,0.3,83.31816394042575,stop,-93.54063773396909,27796.55478886467
EURUSD,6,2026-01-14 09:30:00+00:00,2026-01-14 12:30:00+00:00,-1.1399236804457695,0.13992368044569195,-1,0.41266021112010876,0.3,83.31816394042575,stop,-94.97634808695412,27701.57844077771
CNHJPY,2,2026-01-14 11:30:00+00:00,2026-01-14 12:45:00+00:00,-1.0921838908752348,0.09218389087522559,1,0.49050774651182943,0.3,83.38966436659399,stop,-91.07684808668655,27610.501592691027
GBPJPY,2,2026-01-14 11:30:00+00:00,2026-01-14 13:45:00+00:00,-1.0672163405052926,0.0672163405052519,1,0.5523744363132094,0.3,83.38966436659399,stop,-88.99481244128104,27521.50678024975
XAUAUD,3,2026-01-14 11:00:00+00:00,2026-01-14 15:00:00+00:00,-0.3791734130462224,0.0164517389958068,-1,0.4527022647972588,0.3,83.67028627979589,time,-31.725548019264718,27489.78123223048
NZDCAD,7,2026-01-14 15:00:00+00:00,2026-01-14 17:00:00+00:00,1.3337487594969117,0.16625124050304801,1,0.32346201396698937,0.3,82.46934369669142,target,109.99338485198665,27599.77461708247
CHFSGD,19,2026-01-14 17:00:00+00:00,2026-01-14 18:00:00+00:00,-1.100105075777399,0.10010507577737798,-1,0.37953136661304626,0.3,82.7993238512474,stop,-91.08795643969391,27508.68666064278
JP225,11,2026-01-14 14:15:00+00:00,2026-01-14 18:15:00+00:00,-0.03348677314058032,0.022253868226330926,1,0.578753221016949,0.3,82.56452034074923,time,-2.7648193621114987,27505.921841280666
CHFJPY,2,2026-01-14 14:15:00+00:00,2026-01-14 18:15:00+00:00,-0.13384397935229833,0.05230559016746632,1,0.47764402399878597,0.3,82.56452034074923,time,-11.050763955719654,27494.871077324948
DJ30,9,2026-01-14 16:45:00+00:00,2026-01-14 20:45:00+00:00,0.10668268854742026,0.02036669508632389,-1,0.4273476826670876,0.3,82.46934369669142,time,8.798051308304288,27503.66912863325
XAUUSD,3,2026-01-14 17:00:00+00:00,2026-01-14 21:00:00+00:00,0.882721663421421,0.005387924700435758,1,0.5119494188910277,0.3,82.7993238512474,time,73.08875688014204,27576.75788551339
GBPNZD,16,2026-01-14 17:30:00+00:00,2026-01-14 21:30:00+00:00,-0.2950522879646543,0.10890946688919446,1,0.4319558399730661,0.3,82.7993238512474,time,-24.430129944236917,27552.32775556916
XAUSGD,3,2026-01-15 07:30:00+00:00,2026-01-15 11:30:00+00:00,0.5519763911658055,0.009661197044909309,1,0.4527607620937122,0.3,82.65698326670744,time,45.62470332820955,27597.952458897373
XAUEUR,3,2026-01-15 07:30:00+00:00,2026-01-15 11:30:00+00:00,0.6838065454656705,0.014487426810713324,1,0.4469639747384247,0.3,82.65698326670744,time,56.52138618622095,27654.473845083587
GBPAUD,16,2026-01-15 10:30:00+00:00,2026-01-15 11:45:00+00:00,-1.0959652911726756,0.09596529117267083,1,0.42343784857673383,0.3,82.65698326670744,stop,-90.589184733352,27563.88466035023
US2000,9,2026-01-15 08:30:00+00:00,2026-01-15 12:30:00+00:00,-1.0932647222802356,0.09326472228023228,-1,0.40265393464981153,0.3,82.65698326670744,stop,-90.36596385559899,27473.518696494633
EURGBP,20,2026-01-15 15:00:00+00:00,2026-01-15 15:15:00+00:00,-1.1937370784059653,0.19373707840597854,-1,0.38415859127301105,0.3,82.4205560894839,stop,-98.3884738268555,27375.13022266778
NZDUSD,7,2026-01-15 12:00:00+00:00,2026-01-15 15:30:00+00:00,1.4282192792749187,0.07178072072507787,-1,0.41029131991770146,0.3,82.69165398105069,target,118.10181445086718,27493.23203711865
GBPNZD,16,2026-01-16 08:00:00+00:00,2026-01-16 12:00:00+00:00,0.6502400536930437,0.11514606343591519,1,0.3718563690900251,0.3,82.47969611135593,time,53.63160202803401,27546.863639146686
EURNZD,15,2026-01-16 10:00:00+00:00,2026-01-16 14:00:00+00:00,-0.4170671889546704,0.1110103141422366,1,0.35762935385210937,0.3,82.47969611135593,time,-34.399575002998674,27512.464064143685
NZDCHF,12,2026-01-16 10:15:00+00:00,2026-01-16 14:15:00+00:00,0.0219733633364214,0.08213701690481642,-1,0.3397457831121596,0.3,82.47969611135593,time,1.8123563305324473,27514.276420474213
AUDJPY,1,2026-01-16 15:30:00+00:00,2026-01-16 16:30:00+00:00,-1.0535849208943713,0.05358492089438906,1,0.4419548780727214,0.3,82.54282926142263,stop,-86.96588023779356,27427.310540236416
JP225,11,2026-01-16 15:30:00+00:00,2026-01-16 16:45:00+00:00,-1.1031606661339832,0.10316066613398767,1,0.412548286188307,0.3,82.54282926142263,stop,-91.05800251261462,27336.252537723805
CNHJPY,2,2026-01-16 16:00:00+00:00,2026-01-16 17:00:00+00:00,-1.1207591614131986,0.12075916141317636,1,0.38024610049483676,0.3,82.54282926142263,stop,-92.51063210370485,27243.741905620103
GBPUSD,6,2026-01-16 15:30:00+00:00,2026-01-16 17:15:00+00:00,-1.0627755151594709,0.06277551515950242,1,0.4387144517751689,0.3,82.54282926142263,stop,-87.72449789102868,27156.017407729072
SP500,9,2026-01-16 16:45:00+00:00,2026-01-16 17:30:00+00:00,1.4496739424194136,0.05032605758061381,-1,0.4556067257934455,0.3,82.00875761317143,target,118.88595896200432,27274.903366691084
USDJPY,2,2026-01-16 16:00:00+00:00,2026-01-16 20:00:00+00:00,0.7309497115577068,0.05758801009768744,1,0.3947631013905317,0.3,82.54282926142263,weekend,60.33465723979391,27335.238023930884
DJ30,9,2026-01-16 16:45:00+00:00,2026-01-16 20:00:00+00:00,-0.3337597645760789,0.018396207496319313,-1,0.4455746139493828,0.3,82.00875761317143,weekend,-27.371223634148816,27307.86680029673
CHFJPY,2,2026-01-16 17:45:00+00:00,2026-01-16 20:00:00+00:00,-0.4982387607462369,0.08866208026636317,1,0.47889116860247755,0.3,81.82471010007322,weekend,-40.76824215868057,27267.098558138052
EURGBP,20,2026-01-19 10:00:00+00:00,2026-01-19 10:45:00+00:00,1.3756497778259176,0.12435022217413226,-1,0.3966237386076774,0.3,81.80129567441412,target,112.52993422037997,27379.62849235843
NAS100,9,2026-01-19 09:15:00+00:00,2026-01-19 11:15:00+00:00,-1.029476107590178,0.029476107590169626,1,0.4892467778997975,0.3,81.80129567441412,stop,-84.2124794667291,27295.4160128917
SP500,9,2026-01-19 09:15:00+00:00,2026-01-19 11:15:00+00:00,-1.0626137879598936,0.06261378795987545,1,0.462670585510269,0.3,81.80129567441412,stop,-86.92318465661644,27208.49282823509
GBPUSD,6,2026-01-19 11:15:00+00:00,2026-01-19 15:15:00+00:00,-0.5206058147096506,0.05203377723789427,-1,0.45493837441910173,0.3,81.62547848470521,time,-42.494698727595015,27165.998129507498
GBPNZD,16,2026-01-19 13:00:00+00:00,2026-01-19 17:00:00+00:00,-0.9125068442505504,0.08879161879819976,1,0.46402572062945674,0.3,81.62547848470521,time,-74.48380778251955,27091.51432172497
XAGEUR,3,2026-01-19 17:15:00+00:00,2026-01-19 21:15:00+00:00,-0.430475090421783,0.013235690920728753,-1,0.4161273052362245,0.3,81.27454296517487,time,-34.98666623192274,27056.527655493046
XAGSGD,3,2026-01-19 17:15:00+00:00,2026-01-20 01:00:00+00:00,-0.6624085201048675,0.015092852356819661,-1,0.3971057678598635,0.3,81.27454296517487,time,-53.83694972776096,27002.690705765286
EURGBP,20,2026-01-20 09:15:00+00:00,2026-01-20 09:30:00+00:00,1.3619658041947413,0.13803419580522278,-1,0.3304940280359292,0.3,81.00807211729584,target,110.33022408749844,27113.02092985279
GBPAUD,16,2026-01-20 15:30:00+00:00,2026-01-20 19:30:00+00:00,-0.45354321695643324,0.07920330341622621,1,0.44861028021623967,0.3,81.33906278955833,time,-36.8907802017976,27076.130149651
CNHJPY,2,2026-01-20 15:45:00+00:00,2026-01-20 19:45:00+00:00,0.03487583364045456,0.05639110075471386,1,0.4671783638251512,0.3,81.33906278955833,time,2.836767622319124,27078.966917273312
USDJPY,2,2026-01-20 15:45:00+00:00,2026-01-20 19:45:00+00:00,0.19953422942910054,0.029305843517204694,1,0.4556462510609456,0.3,81.33906278955833,time,16.229927216199744,27095.196844489517
JP225,11,2026-01-20 15:45:00+00:00,2026-01-20 19:45:00+00:00,0.7974866688318158,0.039498160484594654,1,0.571471411020668,0.3,81.33906278955833,time,64.86681822994677,27160.06366271946
GBPCAD,5,2026-01-20 15:45:00+00:00,2026-01-20 19:45:00+00:00,-0.40020368973753223,0.0855887614464715,-1,0.4306099643123429,0.3,81.33906278955833,time,-32.552193048174054,27127.511469671284
XAGSGD,3,2026-01-20 17:45:00+00:00,2026-01-20 21:45:00+00:00,0.49539153519891527,0.003908928473426481,1,0.5549260526969857,0.3,81.33906278955833,time,40.29468318696026,27167.806152858248
EURGBP,20,2026-01-21 09:15:00+00:00,2026-01-21 12:00:00+00:00,-1.1085169712602034,0.10851697126020339,-1,0.314100739012112,0.3,81.5034184585747,stop,-90.34792257705219,27077.45823028119
CADJPY,2,2026-01-21 10:00:00+00:00,2026-01-21 14:00:00+00:00,0.2888744472938298,0.11485760825897302,1,0.42583534174711984,0.3,81.5034184585747,time,23.54425495977849,27101.00248524097
EURCAD,4,2026-01-21 14:30:00+00:00,2026-01-21 16:00:00+00:00,-1.098206224656288,0.09820622465625106,1,0.39724397055593647,0.3,81.30300745572288,stop,-89.28746887115146,27011.715016369824
GBPUSD,6,2026-01-21 17:15:00+00:00,2026-01-21 21:15:00+00:00,1.2366413412788755,0.03992892319610502,-1,0.49309706227291333,0.3,81.03514504910942,time,100.21141046425889,27111.926426834078
GBPCHF,14,2026-01-22 08:45:00+00:00,2026-01-22 10:15:00+00:00,-1.2048274290113001,0.20482742901139037,1,0.3468298221466329,0.3,81.3357792805022,stop,-97.99557783715804,27013.930848996926
EURGBP,20,2026-01-22 13:00:00+00:00,2026-01-22 13:00:00+00:00,1.3940051290348676,0.10599487096514187,1,0.349604077331158,0.3,81.04179254699072,target,112.97267447668477,27126.903523473607
EURUSD,6,2026-01-22 10:00:00+00:00,2026-01-22 13:30:00+00:00,-1.0842351562366088,0.08423515623655786,-1,0.38230271944271516,0.3,81.3357792805022,stop,-88.18711135582163,27038.716412117792
NZDJPY,1,2026-01-22 13:00:00+00:00,2026-01-22 14:45:00+00:00,-1.0950186617869548,0.09501866178695936,-1,0.42373530683340327,0.3,81.38071057042077,stop,-89.11339678409365,26949.603015333705
USDCAD,17,2026-01-22 14:30:00+00:00,2026-01-22 15:15:00+00:00,-1.1217445643931647,0.12174456439321747,1,0.38099205126097563,0.3,81.11614923635331,stop,-90.99159949038409,26858.61141584332
EURNZD,15,2026-01-22 13:00:00+00:00,2026-01-22 15:30:00+00:00,-1.1316114408855276,0.13161144088553706,1,0.44218341054101523,0.3,81.38071057042077,stop,-92.09134314888193,26766.52007269443
AUDUSD,7,2026-01-22 15:30:00+00:00,2026-01-22 16:30:00+00:00,-1.0843912466406382,0.08439124664064522,-1,0.38417691522869823,0.3,80.29956021808323,stop,-87.07614020958228,26679.44393248485
XAUUSD,3,2026-01-22 14:00:00+00:00,2026-01-22 17:15:00+00:00,-1.0074728059310634,0.00747280593104637,-1,0.41124517727685506,0.3,81.11614923635331,stop,-81.72231447747176,26597.721618007374
CHFJPY,2,2026-01-22 15:30:00+00:00,2026-01-22 19:30:00+00:00,-0.837274858677358,0.08800569750584199,-1,0.4431388344479472,0.3,80.29956021808323,time,-67.23280293344963,26530.488815073928
AUDCHF,12,2026-01-23 06:15:00+00:00,2026-01-23 08:15:00+00:00,-1.0693242059191703,0.0693242059191445,-1,0.40370138450146437,0.3,79.59146644522171,stop,-85.109081654479,26445.379733419453
NZDUSD,7,2026-01-23 09:45:00+00:00,2026-01-23 10:00:00+00:00,-1.084396474134123,0.08439647413414479,1,0.508919325674975,0.3,79.33613920025827,stop,-86.03182962017405,26359.34790379928
GBPNZD,16,2026-01-23 09:45:00+00:00,2026-01-23 11:30:00+00:00,-1.081856382972775,0.08185638297276836,-1,0.38584591471086355,0.3,79.33613920025827,stop,-85.830308594216,26273.517595205063
DJ30,9,2026-01-23 14:45:00+00:00,2026-01-23 15:15:00+00:00,-1.0560135916450022,0.0560135916449691,1,0.4419385674871808,0.3,78.8205527856151,stop,-83.23557504258189,26190.282020162485
US2000,9,2026-01-23 17:00:00+00:00,2026-01-23 17:00:00+00:00,-1.1278702574654906,0.1278702574654875,1,0.5130504593968036,0.3,78.57084606048737,stop,-88.61772037552332,26101.664299786964
AU200,10,2026-01-23 16:45:00+00:00,2026-01-23 18:00:00+00:00,1.3740351129811266,0.1259648870188558,1,0.35343048792412995,0.3,78.57084606048737,target,107.95910134374446,26209.62340113071
XAUAUD,3,2026-01-23 17:00:00+00:00,2026-01-23 18:00:00+00:00,-1.017342788683124,0.01734278868312241,-1,0.46224845815804555,0.3,78.57084606048737,stop,-79.93348364036868,26129.689917490337
CADJPY,2,2026-01-23 16:15:00+00:00,2026-01-23 19:00:00+00:00,1.4206767106134772,0.07932328938650353,-1,0.31948452704837554,0.3,78.57084606048737,target,111.62377113133108,26241.313688621667
AUDJPY,1,2026-01-23 17:15:00+00:00,2026-01-23 19:00:00+00:00,1.4687797354868337,0.03122026451316955,-1,0.4156074350916381,0.3,78.30499289936078,target,115.01278675802152,26356.326475379683
GBPJPY,2,2026-01-23 17:15:00+00:00,2026-01-23 19:00:00+00:00,1.456243730263179,0.04375626973681589,-1,0.36286920453246024,0.3,78.30499289936078,target,114.03115495799689,26470.357630337676
FR40,8,2026-01-26 09:00:00+00:00,2026-01-26 09:30:00+00:00,-1.1262079026221954,0.12620790262221077,-1,0.4176507874991671,0.3,79.41107289101298,stop,-89.433377845566,26380.924252492114
USDJPY,2,2026-01-26 06:30:00+00:00,2026-01-26 10:30:00+00:00,-0.2439404707203905,0.018458023216959954,1,0.5689842237149361,0.3,79.41107289101298,time,-19.371574501444947,26361.552677990665
CNHJPY,2,2026-01-26 06:30:00+00:00,2026-01-26 10:30:00+00:00,-0.3104149313843691,0.03259500871907326,1,0.553655126326039,0.3,79.41107289101298,time,-24.650382742622927,26336.902295248045
EURCHF,13,2026-01-26 09:30:00+00:00,2026-01-26 11:15:00+00:00,-1.0997489105295786,0.0997489105296094,1,0.3747748228833088,0.3,79.14277275747627,stop,-87.03717811632454,26249.865117131718
NZDJPY,1,2026-01-26 10:00:00+00:00,2026-01-26 13:00:00+00:00,-1.0601008064007715,0.06010080640076066,1,0.5321571542707212,0.3,79.14277275747627,stop,-83.89931722099361,26165.96579991073
XAUUSD,3,2026-01-26 09:00:00+00:00,2026-01-26 13:00:00+00:00,-0.2798584120259113,0.0028079439333704354,-1,0.5373393339870093,0.3,79.41107289101298,time,-22.223856756552784,26143.74194315418
XAUSGD,3,2026-01-26 09:00:00+00:00,2026-01-26 13:00:00+00:00,-0.3508193203318099,0.005178144949546871,-1,0.5295568090280496,0.3,79.41107289101298,time,-27.858938618444988,26115.88300453573
NZDCAD,7,2026-01-26 10:45:00+00:00,2026-01-26 14:45:00+00:00,-0.3529076369249837,0.08763560128430788,-1,0.41460282611177407,0.3,79.01070688574407,time,-27.88348185882048,26087.99952267691
AUDJPY,1,2026-01-26 10:45:00+00:00,2026-01-26 14:45:00+00:00,0.4006388311787431,0.03277942252782769,1,0.49580751421172436,0.3,79.01070688574407,time,31.654757257310774,26119.654279934213
SP500,9,2026-01-26 12:00:00+00:00,2026-01-26 15:45:00+00:00,1.4746911576048574,0.025308842395130027,1,0.48727095207522736,0.3,78.74959535139509,target,116.13133192966292,26235.785611863874
US2000,9,2026-01-26 15:30:00+00:00,2026-01-26 16:00:00+00:00,-1.1906817606406639,0.1906817606406672,-1,0.386685481920558,0.3,78.35896283980259,stop,-93.3005878360725,26142.485024027803
USDJPY,2,2026-01-26 13:15:00+00:00,2026-01-26 17:15:00+00:00,0.33307726229694484,0.01964392470723011,1,0.5607965145445564,0.3,78.34764901360711,time,26.095820440854187,26168.580844468655
EURJPY,2,2026-01-26 13:15:00+00:00,2026-01-26 17:15:00+00:00,1.0719235801501903,0.03158207926113228,1,0.5028362864468747,0.3,78.34764901360711,time,83.98269242701626,26252.563536895672
NZDJPY,1,2026-01-26 13:15:00+00:00,2026-01-26 17:15:00+00:00,1.2154041781474862,0.044973507563835564,1,0.5316827858284822,0.3,78.34764901360711,time,95.22405995917086,26347.787596854847
USDJPY,2,2026-01-27 09:45:00+00:00,2026-01-27 10:30:00+00:00,-1.0445484821360607,0.04454848213605751,-1,0.5060495481741465,0.3,79.04336279056447,stop,-82.56462462581409,26265.222972229036
NZDCNH,7,2026-01-27 10:45:00+00:00,2026-01-27 12:45:00+00:00,1.446431638129302,0.05356836187070547,1,0.5402880858306031,0.3,78.79566891668703,target,113.97254846865776,26379.1955206977
DJ30,9,2026-01-27 13:00:00+00:00,2026-01-27 14:15:00+00:00,1.48049972983784,0.019500270162197977,-1,0.4683133874961028,0.3,79.137586562093,target,117.16317552519737,26496.358696222902
GBPAUD,16,2026-01-27 12:00:00+00:00,2026-01-27 16:00:00+00:00,-0.35106080373006,0.0750550367915098,1,0.4736718863987785,0.3,78.79566891668703,time,-27.662070860339856,26468.696625362558
GBPCHF,14,2026-01-27 16:00:00+00:00,2026-01-27 16:30:00+00:00,-1.1119811444491834,0.11198114444915422,1,0.4748129368598823,0.3,79.40608987608758,stop,-88.29807469664658,26380.39855066591
FR40,8,2026-01-28 08:15:00+00:00,2026-01-28 08:30:00+00:00,-1.921999669134666,0.9219996691346657,-1,0.3878961328267945,0.3,79.14119565199763,stop,-152.1093518580613,26228.289198807848
EURNZD,15,2026-01-28 07:30:00+00:00,2026-01-28 09:45:00+00:00,-1.111033545641407,0.11103354564143261,1,0.3667950683099431,0.3,79.14119565199763,stop,-87.92852321153924,26140.360675596312
AUDCHF,12,2026-01-28 08:15:00+00:00,2026-01-28 10:30:00+00:00,-1.052522616902592,0.05252261690257786,-1,0.40454280053482367,0.3,79.14119565199763,stop,-83.2978983524406,26057.062777243875
NZDJPY,1,2026-01-28 07:15:00+00:00,2026-01-28 11:15:00+00:00,0.46696220938611693,0.06632638852915894,1,0.4602516388011368,0.3,79.14119565199763,time,36.955947575115765,26094.01872481899
DJ30,9,2026-01-28 08:15:00+00:00,2026-01-28 12:15:00+00:00,-0.2783442883280528,0.039987489309090705,-1,0.37053027103877967,0.3,79.14119565199763,time,-22.02849978118647,26071.990225037807
EURAUD,15,2026-01-28 10:45:00+00:00,2026-01-28 12:30:00+00:00,-1.052555023486844,0.052555023486842926,1,0.5016877187898857,0.3,78.17118833173151,stop,-82.27947697050017,25989.7107480673
USDCAD,17,2026-01-28 09:30:00+00:00,2026-01-28 13:30:00+00:00,0.09670315611761836,0.06908344066649208,1,0.47120063294498493,0.3,78.68486759642346,time,7.609075035271068,25997.319823102574
AUDCAD,7,2026-01-28 09:30:00+00:00,2026-01-28 13:30:00+00:00,0.3065659090160496,0.05622360767356625,-1,0.4574559798289927,0.3,78.68486759642346,time,24.122097960505062,26021.441921063073
EURUSD,6,2026-01-28 10:00:00+00:00,2026-01-28 13:30:00+00:00,-1.036663281075862,0.036663281075891084,1,0.512901951487349,0.3,78.42108202678884,stop,-81.29625619941022,25940.145664863667
EURCAD,4,2026-01-28 11:00:00+00:00,2026-01-28 14:00:00+00:00,-1.0573981285271363,0.057398128527153265,1,0.40991835454240516,0.3,78.17118833173151,stop,-82.65806824671522,25857.48759661695
EURGBP,20,2026-01-28 11:00:00+00:00,2026-01-28 15:00:00+00:00,-0.5390286731743494,0.0828653517183973,1,0.3380108799279385,0.3,78.17118833173151,time,-42.136511926915425,25815.35108469003
GBPJPY,2,2026-01-28 13:00:00+00:00,2026-01-28 17:00:00+00:00,1.4532167482895808,0.04678325171041497,1,0.4941446209600347,0.3,77.96913224420182,target,113.30604882687926,25928.657133516914
GBPUSD,6,2026-01-29 09:15:00+00:00,2026-01-29 11:45:00+00:00,1.4479795852134658,0.05202041478654298,-1,0.4459351827772983,0.3,77.78597140055066,target,112.63249860399587,26041.289632120912
EURUSD,6,2026-01-29 09:15:00+00:00,2026-01-29 11:45:00+00:00,1.4439934323493744,0.05600656765060075,-1,0.4293073780058487,0.3,77.78597140055066,target,112.32243183131143,26153.612063952227
XAGEUR,3,2026-01-29 11:00:00+00:00,2026-01-29 14:30:00+00:00,1.4833569540263298,0.0166430459736689,1,0.4728897003454655,0.3,77.78597140055066,target,115.38436160270004,26268.996425554928
EURGBP,20,2026-01-29 10:30:00+00:00,2026-01-29 14:30:00+00:00,0.5062369103886729,0.18174683989189452,1,0.3512573504026462,0.3,77.78597140055066,time,39.37812983339644,26308.37455538832
GBPNZD,16,2026-01-29 14:30:00+00:00,2026-01-29 15:30:00+00:00,-1.0837883665901702,0.08378836659013071,1,0.3812765677779793,0.3,78.92512366616488,stop,-85.53813086108002,26222.83642452724
EURNZD,15,2026-01-29 15:45:00+00:00,2026-01-29 16:30:00+00:00,-1.1389524296708688,0.13895242967089705,1,0.3897953726039192,0.3,78.66850927358162,stop,-89.59968977573106,26133.23673475151
EURGBP,20,2026-01-29 16:00:00+00:00,2026-01-29 16:30:00+00:00,-1.1482931994852883,0.14829319948532524,1,0.3887884235848395,0.3,78.66850927358162,stop,-90.33451421249912,26042.902220539007
CNHJPY,2,2026-01-29 12:45:00+00:00,2026-01-29 16:45:00+00:00,1.1661474060507493,0.06972906601818459,-1,0.4180590599958647,0.3,78.46083619185657,time,91.49690060170629,26134.399121140712
US2000,9,2026-01-29 16:45:00+00:00,2026-01-29 17:30:00+00:00,1.4461505099273346,0.05384949007268046,-1,0.42066505383619607,0.3,78.40319736342204,target,113.38282384704624,26247.781944987757
GER40,8,2026-01-30 09:15:00+00:00,2026-01-30 09:45:00+00:00,-1.0428556498152362,0.04285564981522027,1,0.35415711759670016,0.3,78.74334583496318,stop,-82.1179430893464,26165.664001898404
AU200,10,2026-01-30 10:15:00+00:00,2026-01-30 13:45:00+00:00,1.4293989620084466,0.07060103799154319,1,0.4556813803804647,0.3,78.49699200569513,target,112.20351889372596,26277.867520792133
US2000,9,2026-01-30 12:00:00+00:00,2026-01-30 13:45:00+00:00,1.4394824835698197,0.06051751643016766,1,0.506292523775616,0.3,78.49699200569513,target,112.99504500511831,26390.86256579726
NAS100,9,2026-01-30 12:00:00+00:00,2026-01-30 14:00:00+00:00,1.4865103702032136,0.013489629796799643,1,0.4326420413894842,0.3,78.49699200569513,target,116.68659264622457,26507.54915844348
NZDJPY,1,2026-01-30 11:15:00+00:00,2026-01-30 15:15:00+00:00,-0.68554965516907,0.08062765362369535,-1,0.42985264781383775,0.3,78.49699200569513,time,-53.81358580131354,26453.735572642167
EURJPY,2,2026-01-30 11:15:00+00:00,2026-01-30 15:15:00+00:00,0.27318330727906137,0.052783230211049435,-1,0.43212601041854964,0.3,78.49699200569513,time,21.444067887573837,26475.179640529735
DJ30,9,2026-01-30 15:45:00+00:00,2026-01-30 16:30:00+00:00,1.4820921982989428,0.017907801701042503,1,0.3732409220999821,0.3,79.42553892158912,target,117.71597158137627,26592.89561211111
US2000,9,2026-01-30 15:45:00+00:00,2026-01-30 16:30:00+00:00,1.4424654458483113,0.05753455415167577,1,0.38115118496306555,0.3,79.42553892158912,target,114.56859541227246,26707.464207523386
EURAUD,15,2026-01-30 17:00:00+00:00,2026-01-30 20:00:00+00:00,1.2303023800446249,0.03304983964426871,1,0.47743264225412396,0.3,80.12239262257008,weekend,98.57477033841786,26806.038977861797
EURNZD,15,2026-02-02 06:15:00+00:00,2026-02-02 08:45:00+00:00,-1.09308279831949,0.09308279831950025,-1,0.4199308714220311,0.3,80.41811693358532,stop,-87.9036602933474,26718.13531756845
GER40,8,2026-02-02 09:00:00+00:00,2026-02-02 10:00:00+00:00,1.4808452435327897,0.01915475646722098,1,0.5450772614450908,0.3,80.15440595270528,target,118.69627080325994,26836.831588371715
EURAUD,15,2026-02-02 06:15:00+00:00,2026-02-02 10:15:00+00:00,0.7712670884266385,0.058725214870079034,-1,0.40956452729689596,0.3,80.41811693358532,time,62.02384690411931,26898.855435275836
GBPUSD,6,2026-02-02 08:00:00+00:00,2026-02-02 11:45:00+00:00,1.4553948417721947,0.04460515822781543,1,0.4951731293269493,0.3,80.41811693358532,target,117.04011257017326,27015.895547846012
AUDUSD,7,2026-02-02 08:00:00+00:00,2026-02-02 11:45:00+00:00,1.4725144269574657,0.027485573042538673,1,0.5186884663593888,0.3,80.41811693358532,target,118.41683737345686,27134.31238521947
NZDCNH,7,2026-02-02 08:00:00+00:00,2026-02-02 12:00:00+00:00,0.5120781734447414,0.03341042087789134,1,0.5280768983021729,0.3,80.41811693358532,time,41.180362431216,27175.492747650685
XAGEUR,3,2026-02-02 08:00:00+00:00,2026-02-02 12:00:00+00:00,0.8446400417943158,0.01579750701610316,1,0.5228685979173533,0.3,80.41811693358532,time,67.92436164780369,27243.41710929849
XAGSGD,3,2026-02-02 08:00:00+00:00,2026-02-02 12:00:00+00:00,0.8440975563360746,0.02514087209902033,1,0.5368560966545978,0.3,80.41811693358532,time,67.88073598878808,27311.297845287278
EURUSD,6,2026-02-02 08:00:00+00:00,2026-02-02 12:00:00+00:00,0.8090468137615457,0.04683722606220736,1,0.39836906688847334,0.3,80.41811693358532,time,65.06202127382062,27376.35986656109
USDJPY,2,2026-02-02 16:30:00+00:00,2026-02-02 17:15:00+00:00,-1.039801226157448,0.039801226157453205,-1,0.44489370855069726,0.3,82.1290795996832,stop,-85.39791767093324,27290.96194889015
GBPJPY,2,2026-02-02 15:15:00+00:00,2026-02-02 19:15:00+00:00,0.6239456121080562,0.05327112039039674,1,0.4159789537731988,0.3,82.1290795996832,time,51.2440788426956,27342.206027732842
AUDJPY,1,2026-02-02 17:00:00+00:00,2026-02-02 21:00:00+00:00,0.008044124074500104,0.03303742870575912,-1,0.44991754613619445,0.3,82.1290795996832,time,0.6606565064243469,27342.86668423927
EURGBP,20,2026-02-03 08:15:00+00:00,2026-02-03 09:15:00+00:00,1.2928316091775316,0.2071683908225244,1,0.3810357220584388,0.3,82.02860005271774,target,106.04916700473522,27448.915851244004
GBPJPY,2,2026-02-03 06:15:00+00:00,2026-02-03 10:15:00+00:00,-0.2171059214032877,0.07329187984573796,-1,0.43083547441289266,0.3,82.02860005271774,time,-17.808894795867058,27431.106956448144
CHFJPY,2,2026-02-03 08:45:00+00:00,2026-02-03 10:15:00+00:00,-1.1180657988337275,0.11806579883373326,-1,0.4783522359128078,0.3,82.02860005271774,stop,-91.71337224515419,27339.39358420299
FR40,8,2026-02-03 10:15:00+00:00,2026-02-03 11:30:00+00:00,-1.068917466706499,0.06891746670649887,1,0.475429207126548,0.3,82.01818075260888,stop,-87.67066599395442,27251.722918209038
CADJPY,2,2026-02-03 10:30:00+00:00,2026-02-03 12:45:00+00:00,-1.149449088107038,0.14944908810700847,-1,0.4193592088271408,0.3,82.01818075260888,stop,-94.2757230742845,27157.44719513475
GBPCAD,5,2026-02-03 13:45:00+00:00,2026-02-03 17:45:00+00:00,0.7883299411950311,0.14729330462240345,1,0.3941400983686161,0.3,81.47234158540417,time,64.22708625104315,27221.6742813858
EURGBP,20,2026-02-03 13:45:00+00:00,2026-02-03 17:45:00+00:00,0.9674132588208206,0.1673374611751362,-1,0.36311211908840285,0.3,81.47234158540417,time,78.81742347689891,27300.491704862696
USDCAD,17,2026-02-03 15:30:00+00:00,2026-02-03 18:00:00+00:00,-1.0681517112683514,0.06815171126834194,1,0.4046070220200613,0.3,81.47234158540417,stop,-87.02482108548912,27213.466883777204
CNHJPY,2,2026-02-04 09:00:00+00:00,2026-02-04 11:45:00+00:00,-1.139804219581717,0.13980421958171327,-1,0.41184257777860694,0.3,81.64040065133152,stop,-93.05407315072962,27120.41281062647
NZDCAD,7,2026-02-04 08:00:00+00:00,2026-02-04 12:00:00+00:00,0.9706545792715744,0.1328554326162079,-1,0.3758500095495089,0.3,81.64040065133152,time,79.24462874578096,27199.657439372255
US2000,9,2026-02-04 09:00:00+00:00,2026-02-04 12:45:00+00:00,-1.090824711179067,0.09082471117903854,-1,0.36553109764308184,0.3,81.64040065133152,stop,-89.05536646103202,27110.60207291122
EURCAD,4,2026-02-04 13:15:00+00:00,2026-02-04 17:15:00+00:00,-0.022898778493961956,0.09525412378707768,-1,0.3379324270734883,0.3,81.33180621873359,time,-1.862399015116618,27108.73967389611
EURUSD,6,2026-02-04 16:45:00+00:00,2026-02-04 17:45:00+00:00,-1.0492839617934793,0.04928396179349096,1,0.4930865922759051,0.3,81.33180621873359,stop,-85.34015984901231,27023.399514047094
GBPJPY,2,2026-02-04 17:15:00+00:00,2026-02-04 18:00:00+00:00,-1.0479985139882044,0.047998513988186796,1,0.5563676269067416,0.3,81.32621902168825,stop,-85.22975668300853,26938.169757364085
XAUAUD,3,2026-02-04 17:45:00+00:00,2026-02-04 18:45:00+00:00,-1.0073129912979553,0.007312991297957055,1,0.48517489347968024,0.3,81.07019854214121,stop,-81.6630641986034,26856.506693165487
XAUUSD,3,2026-02-04 17:45:00+00:00,2026-02-04 18:45:00+00:00,-1.0036510399403018,0.0036510399403003923,1,0.430368081131492,0.3,81.07019854214121,stop,-81.36618907498676,26775.140504090494
DJ30,9,2026-02-04 17:15:00+00:00,2026-02-04 19:45:00+00:00,-1.0145971399835816,0.01459713998358155,1,0.47226951837295555,0.3,81.32621902168825,stop,-82.51334922508325,26692.627154865404
USDCAD,17,2026-02-04 17:45:00+00:00,2026-02-04 21:45:00+00:00,-0.09886200549281654,0.06019350876840767,-1,0.39635309722939893,0.3,81.07019854214121,time,-8.014762413576893,26684.612392451832
XAUAUD,3,2026-02-05 07:45:00+00:00,2026-02-05 11:45:00+00:00,-0.3587200282420856,0.00668911204400244,1,0.4304947265136938,0.3,80.05383717735543,time,-28.71691473314826,26655.89547771869
CHFJPY,2,2026-02-05 10:00:00+00:00,2026-02-05 14:00:00+00:00,-1.0368997809150864,0.09015673172953893,-1,0.3969558706779915,0.3,80.05383717735543,time,-83.00780623061185,26572.887671488075
NZDCHF,12,2026-02-05 15:00:00+00:00,2026-02-05 17:00:00+00:00,-1.0500306321171335,0.050030632117117474,1,0.4017731189691167,0.3,79.71866301446414,stop,-83.70703811661053,26489.180633371463
NAS100,9,2026-02-05 16:45:00+00:00,2026-02-05 17:00:00+00:00,-1.0081795283541537,0.00817952835415373,1,0.41309082987357537,0.3,79.71866301446414,stop,-80.37072407894617,26408.80990929251
XAUGBP,3,2026-02-05 14:30:00+00:00,2026-02-05 18:30:00+00:00,0.5484038775725023,0.0070383385356899055,1,0.4312084027882515,0.3,79.71866301446414,time,43.71802391202776,26452.527933204532
XAGUSD,3,2026-02-05 18:00:00+00:00,2026-02-05 22:00:00+00:00,0.20108049467684064,0.01839150865946722,1,0.41825088831652973,0.3,79.22642972787747,time,15.930889681161554,26468.45882288569
AUDUSD,7,2026-02-06 10:30:00+00:00,2026-02-06 11:45:00+00:00,-1.0542408978911468,0.05424089789113128,-1,0.42792154827064904,0.3,79.40537646865704,stop,-83.71239538570154,26384.74642749998
GBPCAD,5,2026-02-06 11:00:00+00:00,2026-02-06 13:15:00+00:00,1.3755141886856619,0.12448581131438843,1,0.42208067201991434,0.3,79.40537646865704,target,109.22322199056434,26493.96964949055
AU200,10,2026-02-06 10:15:00+00:00,2026-02-06 14:15:00+00:00,0.6857249533350648,0.061469368326847545,1,0.4765968441483291,0.3,79.40537646865704,time,54.4502480735231,26548.419897564076
EURCAD,4,2026-02-06 13:30:00+00:00,2026-02-06 14:45:00+00:00,-1.1277595285924358,0.12775952859250023,1,0.33743389775914473,0.3,79.48190894847163,stop,-89.63648016735526,26458.783417396728
USDCAD,17,2026-02-06 15:45:00+00:00,2026-02-06 16:30:00+00:00,-1.0736343168026943,0.07363431680264833,1,0.34923836584327034,0.3,79.37635025219014,stop,-85.22117357330153,26373.562243823428
EURCAD,4,2026-02-06 15:45:00+00:00,2026-02-06 17:00:00+00:00,-1.079440199976275,0.07944019997627515,1,0.3461502676849062,0.3,79.37635025219014,stop,-85.68202338961098,26287.880220433814
US2000,9,2026-02-06 17:00:00+00:00,2026-02-06 18:00:00+00:00,-1.0387840426013784,0.03878404260136868,-1,0.39766605234754676,0.3,78.8636406613014,stop,-81.92229146040911,26205.95792897341
USDCAD,17,2026-02-09 08:15:00+00:00,2026-02-09 09:00:00+00:00,-1.1625702194162246,0.16257021941620545,1,0.36002100366962253,0.3,78.61787378692017,stop,-91.39879877849684,26114.559130194917
GBPUSD,6,2026-02-09 08:15:00+00:00,2026-02-09 09:15:00+00:00,1.4367125555209872,0.06328744447906465,-1,0.3531976639414453,0.3,78.61787378692017,target,112.9512863580325,26227.51041655295
FR40,8,2026-02-09 09:00:00+00:00,2026-02-09 10:15:00+00:00,-1.131785215772311,0.13178521577231084,1,0.3380067852944797,0.3,78.34367739058467,stop,-88.66821581989919,26138.842200733052
DJ30,9,2026-02-09 08:15:00+00:00,2026-02-09 12:00:00+00:00,-1.062569895039229,0.06256989503922883,1,0.4937928175558213,0.3,78.61787378692017,stop,-83.53698589797513,26055.305214835083
EURCHF,13,2026-02-09 16:30:00+00:00,2026-02-09 17:15:00+00:00,-1.227919014669394,0.22791901466936343,1,0.43495967830542726,0.3,78.16591564450515,stop,-95.98141411893172,25959.323800716156
EURCAD,4,2026-02-09 16:15:00+00:00,2026-02-09 18:00:00+00:00,1.4289172962655263,0.071082703734459,-1,0.4099535870469862,0.3,78.16591564450515,target,111.6926288428655,26071.016429559022
NZDJPY,1,2026-02-09 16:45:00+00:00,2026-02-09 20:45:00+00:00,1.0722642308034414,0.05638284542737942,1,0.4851887468152542,0.3,78.16591564450515,time,83.814515413602,26154.830944972622
AUDCAD,7,2026-02-09 17:45:00+00:00,2026-02-09 21:45:00+00:00,-0.2125014436845705,0.05789313334335613,-1,0.45429264539357633,0.3,77.87797140214836,time,-16.54918135418222,26138.281763618434
EURJPY,2,2026-02-10 07:00:00+00:00,2026-02-10 11:00:00+00:00,0.6004636359728184,0.052158946060141605,1,0.5228915517220335,0.3,78.41484529085523,time,47.085263117592966,26185.36702673603
GBPCHF,14,2026-02-10 10:15:00+00:00,2026-02-10 11:00:00+00:00,-1.207277972822053,0.20727797282209773,1,0.4318507185872334,0.3,78.41484529085523,stop,-94.66851546189861,26090.698511274124
GBPUSD,6,2026-02-10 08:30:00+00:00,2026-02-10 12:15:00+00:00,-1.0779276139188925,0.07792761391891394,1,0.48692077152862545,0.3,78.41484529085523,stop,-84.52552708019067,26006.172984193938
USDJPY,2,2026-02-10 12:30:00+00:00,2026-02-10 15:30:00+00:00,-1.0476719609115124,0.04767196091147031,1,0.5017329797340947,0.3,78.01851895258173,stop,-81.7378147384633,25924.43516945548
CNHJPY,2,2026-02-10 14:45:00+00:00,2026-02-10 15:30:00+00:00,-1.0880483658036197,0.08804836580364471,1,0.42811879742552605,0.3,78.01851895258173,stop,-84.88792204877528,25839.547247406706
AUDCHF,12,2026-02-10 16:15:00+00:00,2026-02-10 16:30:00+00:00,-1.052415484548119,0.05241548454808956,1,0.5277521185119892,0.3,77.51864174222001,stop,-81.58181891065053,25757.965428496056
AUDCAD,7,2026-02-10 15:30:00+00:00,2026-02-10 16:30:00+00:00,-1.1024404036185678,0.10244040361852494,1,0.4106300335928526,0.3,77.51864174222001,stop,-85.45968269025619,25672.5057458058
NZDCAD,7,2026-02-10 15:45:00+00:00,2026-02-10 17:30:00+00:00,1.398792488795086,0.10120751120493135,-1,0.42583969975908015,0.3,77.51864174222001,target,108.43249381061457,25780.938239616415
US2000,9,2026-02-10 16:45:00+00:00,2026-02-10 17:30:00+00:00,-1.0473897480518146,0.04738974805181453,-1,0.4618114420187845,0.3,77.0175172374173,stop,-80.66735797487479,25700.27088164154
XAUUSD,3,2026-02-10 16:45:00+00:00,2026-02-10 17:30:00+00:00,1.4975172796297704,0.0024827203702410244,-1,0.5065336139784278,0.3,77.0175172374173,target,115.3350628972161,25815.60594453875
XAGUSD,3,2026-02-10 16:45:00+00:00,2026-02-10 18:00:00+00:00,1.4514026395953608,0.04859736040463481,-1,0.4416433613644862,0.3,77.0175172374173,target,111.78342781346866,25927.38937235222
EURNZD,15,2026-02-10 15:30:00+00:00,2026-02-10 19:30:00+00:00,-0.20943129246146122,0.1399755873615029,1,0.35658142916940716,0.3,77.51864174222001,time,-16.234829329930115,25911.15454302229
EURUSD,6,2026-02-10 16:45:00+00:00,2026-02-10 20:45:00+00:00,1.0921808985586192,0.05018468088819515,-1,0.5169248813102757,0.3,77.0175172374173,time,84.11706118111637,25995.2716042034
NAS100,9,2026-02-10 17:15:00+00:00,2026-02-10 21:15:00+00:00,0.6119625530378335,0.013199192320424238,-1,0.4760042430384522,0.3,77.0175172374173,time,47.13183647724524,26042.403440680646
EURAUD,15,2026-02-10 17:15:00+00:00,2026-02-10 21:15:00+00:00,-0.4409354151193646,0.04973775661006129,1,0.49541054533272194,0.3,77.0175172374173,time,-33.959750934543415,26008.4436897461
NZDCAD,7,2026-02-10 17:45:00+00:00,2026-02-10 21:45:00+00:00,0.5265417405793088,0.08956420085810507,1,0.4810440782644445,0.3,77.44681783361617,time,40.77898226444091,26049.22267201054
DJ30,9,2026-02-11 10:30:00+00:00,2026-02-11 12:00:00+00:00,-1.0538945825876844,0.05389458258766612,1,0.4580784180635871,0.3,78.14766801603156,stop,-82.35940396395652,25966.86326804658
NZDUSD,7,2026-02-11 08:15:00+00:00,2026-02-11 12:15:00+00:00,-0.4627308362535758,0.06805923776994229,-1,0.4767735059583355,0.3,78.14766801603156,time,-36.1613357723251,25930.701932274256
XAUEUR,3,2026-02-11 09:15:00+00:00,2026-02-11 12:30:00+00:00,-1.0196258123119597,0.01962581231195937,-1,0.4495052994688152,0.3,78.14766801603156,stop,-79.68137948113153,25851.020552793125
XAUGBP,3,2026-02-11 09:15:00+00:00,2026-02-11 12:30:00+00:00,-1.0214613764510097,0.02146137645099944,-1,0.48210088105866783,0.3,78.14766801603156,stop,-79.82482453809214,25771.19572825503
EURCAD,4,2026-02-11 12:45:00+00:00,2026-02-11 13:30:00+00:00,1.3864534491133955,0.11354655088663267,1,0.3645916904295274,0.3,77.31358718476504,target,107.19168961564671,25878.387417870676
EURUSD,6,2026-02-11 13:00:00+00:00,2026-02-11 14:15:00+00:00,1.4234841236350726,0.07651587636495871,-1,0.4480017321278366,0.3,77.31358718476504,target,110.05466389878904,25988.442081769463
GBPNZD,16,2026-02-11 15:30:00+00:00,2026-02-11 15:30:00+00:00,-1.0870244280066725,0.08702442800667257,-1,0.3993476971317893,0.3,77.96532624530835,stop,-84.75021416615992,25903.69186760331
EURGBP,20,2026-02-11 15:30:00+00:00,2026-02-11 16:00:00+00:00,-1.144572159699338,0.14457215969933804,1,0.3381095581655784,0.3,77.96532624530835,stop,-89.23694184225604,25814.45492576105
FR40,8,2026-02-11 15:45:00+00:00,2026-02-11 19:00:00+00:00,-1.087622918906092,0.08762291890611172,-1,0.4365322478298343,0.3,77.71107560280987,stop,-84.52034687846006,25729.93457888259
XAUCNH,3,2026-02-11 15:45:00+00:00,2026-02-11 19:45:00+00:00,0.6403915364600399,0.009118321954632571,1,0.4434515237562069,0.3,77.71107560280987,time,49.76551510524573,25779.700093987834
AUDUSD,7,2026-02-11 15:45:00+00:00,2026-02-11 19:45:00+00:00,1.1731660189078914,0.025135445377861547,1,0.5763157008042321,0.3,77.71107560280987,time,91.16799318999863,25870.868087177834
XAUUSD,3,2026-02-11 15:45:00+00:00,2026-02-11 19:45:00+00:00,0.7094012203967153,0.0031306320405857344,1,0.4540858337307936,0.3,77.71107560280987,time,55.128331870974726,25925.99641904881
EURCAD,4,2026-02-11 15:45:00+00:00,2026-02-11 19:45:00+00:00,-0.39359895002369016,0.04748480103761964,1,0.4690125148563009,0.3,77.71107560280987,time,-30.58699776247757,25895.409421286327
NZDUSD,7,2026-02-11 15:45:00+00:00,2026-02-11 19:45:00+00:00,0.5017484254401315,0.04250998897414988,1,0.5691627290860755,0.3,77.71107560280987,time,38.991409822968876,25934.40083110929
GBPUSD,6,2026-02-12 08:45:00+00:00,2026-02-12 10:15:00+00:00,1.4407354093310751,0.05926459066892727,1,0.40356338503545425,0.3,77.80320249332784,target,112.09382879149322,26046.49465990078
FR40,8,2026-02-12 11:00:00+00:00,2026-02-12 12:15:00+00:00,-1.0878058081839437,0.08780580818396058,1,0.514632030209584,0.3,78.13948397970233,stop,-85.00058452161642,25961.49407537916
EURGBP,20,2026-02-12 10:30:00+00:00,2026-02-12 14:30:00+00:00,-0.23975737427008872,0.20001122662343834,1,0.3711257245072282,0.3,78.13948397970233,time,-18.734517505793093,25942.75955787336
GBPCAD,5,2026-02-12 14:45:00+00:00,2026-02-12 15:30:00+00:00,-1.1214713532650606,0.12147135326502646,-1,0.35535931056025466,0.3,77.8282786736201,stop,-87.282185006395,25855.477372866968
XAUUSD,3,2026-02-12 16:00:00+00:00,2026-02-12 16:45:00+00:00,1.49637734438394,0.003622655616058057,-1,0.44079207821449334,0.3,77.56643211860093,target,116.06865170696922,25971.546024573938
NAS100,9,2026-02-12 14:45:00+00:00,2026-02-12 16:45:00+00:00,1.4754762313346081,0.02452376866536974,-1,0.3926752149334704,0.3,77.8282786736201,target,114.83377530861264,26086.379799882547
NZDUSD,7,2026-02-12 12:45:00+00:00,2026-02-12 16:45:00+00:00,0.7588379415936438,0.08570878248374435,-1,0.3863330143549197,0.3,77.8844822261375,time,59.10170017456891,26145.48150005711
AUDUSD,7,2026-02-12 16:15:00+00:00,2026-02-12 18:00:00+00:00,1.463958137064087,0.036041862935941645,-1,0.4849029663536449,0.3,77.56643211860093,target,113.55400946305498,26259.035509520167
AUDUSD,7,2026-02-13 07:00:00+00:00,2026-02-13 07:45:00+00:00,-1.044982956440016,0.04498295644003524,1,0.4217318210960197,0.3,78.77710652856054,stop,-82.32073368000528,26176.714775840155
FR40,8,2026-02-13 10:30:00+00:00,2026-02-13 14:30:00+00:00,-0.09101168751900368,0.054607012511414435,1,0.3745576249565527,0.3,78.53014432752053,time,-7.147160956358558,26169.567614883796
NAS100,9,2026-02-13 17:00:00+00:00,2026-02-13 17:30:00+00:00,-1.014084223503062,0.014084223503056912,-1,0.45050311675051735,0.3,78.50870284465145,stop,-79.61443696245101,26089.953177921343
GBPCAD,5,2026-02-13 15:45:00+00:00,2026-02-13 18:45:00+00:00,-1.0974626514121044,0.09746265141210445,-1,0.4251417633440391,0.3,78.50870284465145,stop,-86.16036918281621,26003.792808738523
CHFSGD,19,2026-02-13 15:45:00+00:00,2026-02-13 19:45:00+00:00,-0.3406257173709915,0.07037741534399194,-1,0.33460203156443424,0.3,78.50870284465145,time,-26.742083226325402,25977.050725512192
EURUSD,6,2026-02-13 15:45:00+00:00,2026-02-13 19:45:00+00:00,-0.5272460373382926,0.05169409639565415,-1,0.3527010792905812,0.3,78.50870284465145,time,-41.39340247141202,25935.65732304078
NZDCHF,12,2026-02-13 15:45:00+00:00,2026-02-13 19:45:00+00:00,0.0510838642531512,0.07148057058714954,1,0.33688440902164146,0.3,78.50870284465145,time,4.010527918807161,25939.667850959595
EURJPY,2,2026-02-13 16:45:00+00:00,2026-02-13 20:00:00+00:00,-0.23189885780315656,0.056526890989347066,1,0.43958404379380434,0.3,78.50870284465145,weekend,-18.2060785172821,25921.461772442315
GBPJPY,2,2026-02-13 16:45:00+00:00,2026-02-13 20:00:00+00:00,0.21009432567998382,0.03882991926350082,1,0.46030834673660587,0.3,78.50870284465145,weekend,16.494232984157275,25937.956005426473
NZDCHF,12,2026-02-16 09:00:00+00:00,2026-02-16 10:30:00+00:00,-1.244391285855329,0.24439128585534625,-1,0.3789772431934786,0.3,77.81386801627947,stop,-96.83089927815487,25841.12510614832
FR40,8,2026-02-16 09:00:00+00:00,2026-02-16 13:00:00+00:00,0.706423485721354,0.08519021627438016,1,0.3947728428680018,0.3,77.81386801627947,time,54.96954388152153,25896.094650029845
USDCAD,17,2026-02-16 10:15:00+00:00,2026-02-16 13:15:00+00:00,1.363728679761444,0.1362713202385079,1,0.421737666218609,0.3,77.81386801627947,target,106.11700349697206,26002.211653526814
GBPUSD,6,2026-02-16 09:45:00+00:00,2026-02-16 13:45:00+00:00,-0.3667621800574512,0.08099362342938302,1,0.4423394441063248,0.3,77.81386801627947,time,-28.539183872353433,25973.672469654455
AUDUSD,7,2026-02-16 15:15:00+00:00,2026-02-16 19:15:00+00:00,0.520469114870482,0.05460469602947726,-1,0.4664452074943544,0.3,77.92101740896344,time,40.555482960650615,26014.22795261511
GBPUSD,6,2026-02-17 07:30:00+00:00,2026-02-17 09:00:00+00:00,-1.1040504471408012,0.10405044714080139,1,0.4973768563677003,0.3,78.04268385784539,stop,-86.1630600093224,25928.06489260579
EURUSD,6,2026-02-17 07:30:00+00:00,2026-02-17 09:30:00+00:00,-1.1333283411102775,0.13332834111025496,1,0.453060410711939,0.3,78.04268385784539,stop,-88.44798543240574,25839.61690717339
DJ30,9,2026-02-17 07:30:00+00:00,2026-02-17 10:00:00+00:00,1.4758791119517807,0.024120888048249644,1,0.5671018870563819,0.3,78.04268385784539,target,115.18156694645042,25954.798474119845
AU200,10,2026-02-17 08:15:00+00:00,2026-02-17 10:00:00+00:00,-1.1204593510441998,0.12045935104421633,-1,0.42401853712942295,0.3,78.04268385784539,stop,-87.4436549091091,25867.35481921074
SP500,9,2026-02-17 07:30:00+00:00,2026-02-17 10:00:00+00:00,1.4786780373845134,0.021321962615466036,1,0.5520933446214465,0.3,78.04268385784539,target,115.40000259913887,25982.754821809882
GBPUSD,6,2026-02-17 13:30:00+00:00,2026-02-17 13:45:00+00:00,-1.0556166217931302,0.055616621793175655,1,0.5452095358263517,0.3,77.94826446542966,stop,-82.28348360963435,25900.471338200252
XAGEUR,3,2026-02-17 12:00:00+00:00,2026-02-17 15:45:00+00:00,-1.0541044160264679,0.05410441602647075,1,0.5338418193538406,0.3,77.94826446542966,stop,-82.16560979460841,25818.30572840564
XAUEUR,3,2026-02-17 15:30:00+00:00,2026-02-17 15:45:00+00:00,-1.0083809654192142,0.008380965419207567,1,0.4759638010309717,0.3,77.70141401460074,stop,-78.35262687848116,25739.953101527164
XAUAUD,3,2026-02-17 15:45:00+00:00,2026-02-17 15:45:00+00:00,-1.0104087110098565,0.010408711009855064,1,0.4702244177123003,0.3,77.21985930458149,stop,-78.02361850430466,25661.92948302286
FR40,8,2026-02-17 15:15:00+00:00,2026-02-17 16:30:00+00:00,1.4342311006723034,0.06576889932770097,1,0.46239048276232636,0.3,77.70141401460074,target,111.44178454595517,25773.371267568815
US2000,9,2026-02-17 16:00:00+00:00,2026-02-17 16:30:00+00:00,-1.1134990290285387,0.11349902902855621,-1,0.5001849254457086,0.3,76.98578844906858,stop,-85.72360068703435,25687.647666881778
SP500,9,2026-02-17 16:45:00+00:00,2026-02-17 16:45:00+00:00,1.4793983324686695,0.02060166753132078,-1,0.4122296379738895,0.3,76.82458418128581,target,113.65416173039316,25801.301828612166
XAGEUR,3,2026-02-17 16:15:00+00:00,2026-02-17 16:45:00+00:00,-1.0320468412045978,0.032046841204597824,1,0.42769401985630545,0.3,76.98578844906858,stop,-79.45293978650663,25721.848888825654
CHFSGD,19,2026-02-17 15:15:00+00:00,2026-02-17 17:00:00+00:00,-1.1310637346206922,0.13106373462070042,1,0.4104682514181468,0.3,77.70141401460074,stop,-87.8852515206629,25633.963637304987
AUDUSD,7,2026-02-17 15:30:00+00:00,2026-02-17 17:00:00+00:00,-1.0604635074978517,0.060463507497822346,1,0.5339485846190767,0.3,77.70141401460074,stop,-82.39951404346623,25551.564123261516
NZDCHF,12,2026-02-17 13:45:00+00:00,2026-02-17 17:45:00+00:00,-0.1915579299391283,0.054377679635842245,-1,0.4638754626042439,0.3,77.70141401460074,time,-14.88432202198009,25536.67980123953
AUDJPY,1,2026-02-17 16:45:00+00:00,2026-02-17 18:00:00+00:00,-1.0284272168742703,0.02842721687426025,-1,0.47129386422056524,0.3,76.82458418128581,stop,-79.00849329708286,25457.67130794245
GBPAUD,16,2026-02-17 16:00:00+00:00,2026-02-17 18:00:00+00:00,-1.0664379433003153,0.0664379433003414,1,0.4410341049484008,0.3,76.98578844906858,stop,-82.10056589697787,25375.57074204547
XAUCNH,3,2026-02-17 16:15:00+00:00,2026-02-17 20:15:00+00:00,-0.24019055945236453,0.009622657780876996,1,0.45941471320493843,0.3,76.98578844906858,time,-18.491259597463166,25357.07948244801
DJ30,9,2026-02-17 16:45:00+00:00,2026-02-17 20:45:00+00:00,-0.6309087050297203,0.01284074704945144,-1,0.46339091914423985,0.3,76.82458418128581,time,-48.46929892026177,25308.61018352775
AUDJPY,1,2026-02-18 10:15:00+00:00,2026-02-18 11:00:00+00:00,-1.0702608902182462,0.07026089021823057,-1,0.4000018116355874,0.3,75.9258305505833,stop,-81.26044699562699,25227.349736532124
GBPUSD,6,2026-02-18 09:15:00+00:00,2026-02-18 11:45:00+00:00,-1.0520358924514595,0.052035892451459384,-1,0.3310846771162713,0.3,75.9258305505833,stop,-79.87669890340119,25147.47303762872
AUDUSD,7,2026-02-18 09:45:00+00:00,2026-02-18 13:45:00+00:00,0.3644106099132512,0.06799067212379224,1,0.48784140584649155,0.3,75.9258305505833,time,27.66817821910822,25175.141215847834
JP225,11,2026-02-18 10:15:00+00:00,2026-02-18 14:15:00+00:00,0.42200818826084946,0.04416364760869355,-1,0.440394040883933,0.3,75.9258305505833,time,32.041322192851915,25207.18253804068
NZDUSD,7,2026-02-18 13:15:00+00:00,2026-02-18 15:30:00+00:00,-1.0719664149370525,0.07196641493708925,1,0.4500476991748281,0.3,75.44241911288621,stop,-80.8717395506192,25126.310798490056
GBPAUD,16,2026-02-18 14:45:00+00:00,2026-02-18 17:00:00+00:00,1.4265457043195306,0.07345429568043975,-1,0.4121351479786572,0.3,75.6215476141221,target,107.87759390292072,25234.18839239297
EURCAD,4,2026-02-18 13:30:00+00:00,2026-02-18 17:30:00+00:00,0.23931118058279205,0.11749845305005126,1,0.3454856353523648,0.3,75.44241911288621,time,18.054214383926595,25252.242606776897
US2000,9,2026-02-18 16:45:00+00:00,2026-02-18 20:45:00+00:00,0.00022698510265097027,0.04426209501677897,1,0.4437571513473803,0.3,75.37893239547023,time,0.01710989470750636,25252.2597166716
DJ30,9,2026-02-18 16:45:00+00:00,2026-02-18 20:45:00+00:00,-0.23439075690655745,0.010638007121326594,1,0.41737925487124733,0.3,75.37893239547023,time,-17.66812501898249,25234.591591652614
NZDCHF,12,2026-02-19 09:15:00+00:00,2026-02-19 10:15:00+00:00,-1.235243547595244,0.23524354759524818,-1,0.3783999977816503,0.3,75.70377477495795,stop,-93.5125993193704,25141.07899233325
GBPNZD,16,2026-02-19 09:15:00+00:00,2026-02-19 13:15:00+00:00,-0.6297862961429166,0.13865136261353822,1,0.3964234997949349,0.3,75.70377477495795,time,-47.677199919558326,25093.401792413686
CNHJPY,2,2026-02-19 11:00:00+00:00,2026-02-19 13:45:00+00:00,-1.0859021527319666,0.0859021527319369,1,0.48332292272537697,0.3,75.42323697699985,stop,-81.90225539933739,25011.499537014344
GBPNZD,16,2026-02-19 13:45:00+00:00,2026-02-19 17:30:00+00:00,-1.0886248358892625,0.08862483588924461,1,0.41328028657133764,0.3,75.03449861104315,stop,-81.68441873647994,24929.815118277867
DJ30,9,2026-02-19 16:45:00+00:00,2026-02-19 18:45:00+00:00,-1.0143062685326931,0.014306268532693069,1,0.42791039414277515,0.3,75.03449861104315,stop,-76.10796229738872,24853.707155980475
XAUUSD,3,2026-02-19 16:45:00+00:00,2026-02-19 20:45:00+00:00,-0.35050289677782903,0.0032411100098346146,1,0.49366970142586664,0.3,75.03449861104315,time,-26.299809121442614,24827.407346859036
AUDCAD,7,2026-02-19 16:45:00+00:00,2026-02-19 20:45:00+00:00,0.7671131201587019,0.0576312405511667,1,0.5292711739340986,0.3,75.03449861104315,time,57.559948349061095,24884.967295208102
FR40,8,2026-02-20 09:15:00+00:00,2026-02-20 10:00:00+00:00,-1.162599787017555,0.16259978701751787,-1,0.37261815000760895,0.3,74.6549018856244,stop,-86.79377303204339,24798.17352217606
DJ30,9,2026-02-20 07:15:00+00:00,2026-02-20 11:15:00+00:00,-1.0425680151495778,0.04256801514961336,-1,0.37632271913970294,0.3,74.6549018856244,stop,-77.8328128800819,24720.340709295982
EURGBP,20,2026-02-20 09:15:00+00:00,2026-02-20 11:30:00+00:00,-1.1360922381364864,0.13609223813652965,1,0.3455276719034068,0.3,74.6549018856244,stop,-84.81485457109882,24635.52585472488
GBPAUD,16,2026-02-20 11:30:00+00:00,2026-02-20 13:45:00+00:00,1.4280020160054543,0.07199798399453947,1,0.43403731208730906,0.3,73.90657756417473,target,105.53874175770498,24741.06459648258
GER40,8,2026-02-20 10:30:00+00:00,2026-02-20 14:30:00+00:00,0.21305057684235718,0.017816076112249255,1,0.4449708997994399,0.3,74.39452056652826,time,15.84979552060945,24756.914392003193
CHFSGD,19,2026-02-20 10:45:00+00:00,2026-02-20 14:45:00+00:00,0.48823804839084933,0.09945219653095048,-1,0.40876154507236334,0.3,74.39452056652826,time,36.32223553237466,24793.236627535574
USDCHF,18,2026-02-20 15:45:00+00:00,2026-02-20 17:00:00+00:00,-1.0874551129529757,0.08745511295297574,1,0.39545983186527733,0.3,74.37970988260679,stop,-80.88459581179973,24712.35203172377
GBPAUD,16,2026-02-20 17:15:00+00:00,2026-02-20 20:00:00+00:00,-0.5877556163093344,0.05625307835084429,1,0.3925071335783666,0.3,74.13705609517139,weekend,-43.574471096577156,24668.77756062719
EURAUD,15,2026-02-20 17:15:00+00:00,2026-02-20 20:00:00+00:00,-0.5565172905703017,0.04084080420537399,1,0.4134835916720077,0.3,74.13705609517139,weekend,-41.25855358894326,24627.519007038252
SP500,9,2026-02-20 17:15:00+00:00,2026-02-20 20:00:00+00:00,-0.38700748735701124,0.016213428432079048,-1,0.37961166342688074,0.3,74.13705609517139,weekend,-28.691595799438073,24598.827411238817
AU200,10,2026-02-20 17:15:00+00:00,2026-02-20 20:00:00+00:00,-0.5751419232774627,0.06327967371023765,-1,0.4127954447676516,0.3,74.13705609517139,weekend,-42.639329028706015,24556.18808221011
EURJPY,2,2026-02-20 17:15:00+00:00,2026-02-20 20:00:00+00:00,-0.018489714138788877,0.051719664682329164,-1,0.4777460906835079,0.3,74.13705609517139,weekend,-1.3707729742910746,24554.81730923582
NZDJPY,1,2026-02-20 17:15:00+00:00,2026-02-20 20:00:00+00:00,-0.32061783699328894,0.0550711809101783,-1,0.44099353762284127,0.3,74.13705609517139,weekend,-23.76966256628398,24531.04764666954
EURNZD,15,2026-02-20 17:15:00+00:00,2026-02-20 20:00:00+00:00,-0.5380390552502896,0.06976639976891903,1,0.3787695198955762,0.3,74.13705609517139,weekend,-39.888631620483736,24491.159015049052
NZDCHF,12,2026-02-20 17:15:00+00:00,2026-02-20 20:00:00+00:00,-0.5428460896234134,0.06192945718058549,-1,0.4049125365349571,0.3,74.13705609517139,weekend,-40.24501099745544,24450.914004051592
XAGSGD,3,2026-02-23 09:45:00+00:00,2026-02-23 13:45:00+00:00,0.9511418114350001,0.004427347454313464,1,0.49346467589218745,0.3,73.35274201215485,time,69.7688599111652,24520.682863962764
GBPNZD,16,2026-02-23 09:45:00+00:00,2026-02-23 13:45:00+00:00,-0.16657559822812332,0.09898380520416646,-1,0.3955824658666007,0.3,73.35274201215485,time,-12.218776882347887,24508.464087080414
EURNZD,15,2026-02-23 10:15:00+00:00,2026-02-23 14:15:00+00:00,-0.27337070269685715,0.14272863563395274,-1,0.393321735472804,0.3,73.35274201215485,time,-20.052490628604048,24488.411596451813
GER40,8,2026-02-23 12:30:00+00:00,2026-02-23 16:30:00+00:00,0.2936281072792289,0.02305117851537997,1,0.43856363014941335,0.3,73.35274201215485,time,21.538426800770605,24509.95002325259
DJ30,9,2026-02-23 16:45:00+00:00,2026-02-23 17:00:00+00:00,1.4922530980187343,0.007746901981263946,-1,0.4307060674202419,0.3,73.52985006975779,target,109.7251465634491,24619.675169816037
USDJPY,2,2026-02-23 14:15:00+00:00,2026-02-23 17:00:00+00:00,1.4498720286664462,0.0501279713335866,-1,0.3878170692441982,0.3,73.46523478935548,target,106.5151890004996,24726.19035881653
SP500,9,2026-02-23 16:45:00+00:00,2026-02-23 17:30:00+00:00,1.4860742435315055,0.013925756468477525,-1,0.40301917896700323,0.3,73.52985006975779,target,109.27081631940032,24835.461175135933
USDCAD,17,2026-02-23 17:00:00+00:00,2026-02-23 21:00:00+00:00,0.7179716343278498,0.05936138443765918,1,0.40055023780753446,0.3,74.17857107644964,time,53.25810990786312,24888.7192850438
FR40,8,2026-02-24 10:15:00+00:00,2026-02-24 14:00:00+00:00,1.4323491772087449,0.06765082279124184,1,0.44425107422542176,0.3,74.66615785513143,target,106.94800976913577,24995.66729481294
NAS100,9,2026-02-24 11:00:00+00:00,2026-02-24 14:00:00+00:00,1.4748436039951318,0.025156396004853074,1,0.46345039867791415,0.3,74.66615785513143,target,110.12090534753146,25105.788200160474
SP500,9,2026-02-24 11:00:00+00:00,2026-02-24 15:00:00+00:00,-0.34910037348690787,0.04846665144988625,1,0.47107351891966937,0.3,74.66615785513143,time,-26.065983594058803,25079.722216566413
XAUCNH,3,2026-02-24 14:30:00+00:00,2026-02-24 15:30:00+00:00,-1.020072167280843,0.02007216728083283,1,0.40176625449097064,0.3,75.31736460048144,stop,-76.82914734189455,25002.89306922452
GBPCAD,5,2026-02-24 12:45:00+00:00,2026-02-24 16:15:00+00:00,-1.1539419809817688,0.15394198098170753,-1,0.3721111390034475,0.3,74.66615785513143,stop,-86.16041410764782,24916.732655116866
US2000,9,2026-02-24 15:00:00+00:00,2026-02-24 16:30:00+00:00,1.3846249744823003,0.11537502551769892,1,0.41000303010655764,0.3,75.23916664969926,target,104.17802920240938,25020.91068431927
EURGBP,20,2026-02-24 16:15:00+00:00,2026-02-24 16:45:00+00:00,-1.2336302508341004,0.23363025083406808,1,0.4387339842513729,0.3,74.75019796535062,stop,-92.21410546589415,24928.69657885337
NAS100,9,2026-02-24 16:45:00+00:00,2026-02-24 20:45:00+00:00,0.624342643144369,0.011501048689501683,1,0.5058830606818994,0.3,74.78608973656017,time,46.69214493655595,24975.388723789933
SP500,9,2026-02-24 16:45:00+00:00,2026-02-24 20:45:00+00:00,0.7927547435585951,0.018166747693637575,1,0.5350674946631316,0.3,74.78608973656017,time,59.28702739085684,25034.675751180795
GER40,8,2026-02-25 10:00:00+00:00,2026-02-25 10:00:00+00:00,-1.0377151612100837,0.03771516121005548,-1,0.39586708893380146,0.3,75.10402725354241,stop,-77.93658774893628,24956.739163431863
EURJPY,2,2026-02-25 09:15:00+00:00,2026-02-25 10:45:00+00:00,-1.0554053514934156,0.05540535149343449,-1,0.46462025151034364,0.3,75.10402725354241,stop,-79.265192282096,24877.473971149768
GER40,8,2026-02-25 12:30:00+00:00,2026-02-25 15:45:00+00:00,-1.0233352097288853,0.023335209728899145,-1,0.4511245993879737,0.3,74.6324219134493,stop,-76.3739851313743,24801.099986018395
XAUAUD,3,2026-02-25 16:45:00+00:00,2026-02-25 20:45:00+00:00,0.3091646922298448,0.012917744800689584,1,0.3886468659370186,0.3,74.4032999580552,time,23.002873332416957,24824.10285935081
XAUGBP,3,2026-02-25 16:45:00+00:00,2026-02-25 20:45:00+00:00,0.49951485269899715,0.0016467522616450258,1,0.4415607192175912,0.3,74.4032999580552,time,37.16555341886724,24861.26841276967
NZDCAD,7,2026-02-26 07:30:00+00:00,2026-02-26 09:45:00+00:00,1.3255194996473931,0.1744805003525803,-1,0.340756194713109,0.3,74.58380523830905,target,98.86228820128204,24960.130700970956
USDCHF,18,2026-02-26 08:00:00+00:00,2026-02-26 10:15:00+00:00,1.3785997017502623,0.12140029824970175,1,0.36952106597737716,0.3,74.58380523830905,target,102.8212116569325,25062.95191262789
GBPNZD,16,2026-02-26 07:30:00+00:00,2026-02-26 11:30:00+00:00,0.5735916755947725,0.1499986549892022,1,0.39548004155025906,0.3,74.58380523830905,time,42.780649818875865,25105.732562446763
NZDCHF,12,2026-02-26 07:30:00+00:00,2026-02-26 11:30:00+00:00,0.010805588843602866,0.17538654445416998,-1,0.3049686993393972,0.3,74.58380523830905,time,0.8059219337965213,25106.538484380566
USDJPY,2,2026-02-26 08:00:00+00:00,2026-02-26 12:00:00+00:00,0.4016718531611084,0.04616279559364287,1,0.44380865925028523,0.3,74.58380523830905,time,29.958215265878785,25136.49669964645
CADJPY,2,2026-02-26 08:00:00+00:00,2026-02-26 12:00:00+00:00,-0.06555375846607096,0.11602612226674182,1,0.3474332339474908,0.3,74.58380523830905,time,-4.88924875407259,25131.607450892378
GER40,8,2026-02-26 10:30:00+00:00,2026-02-26 12:30:00+00:00,1.4737620022996565,0.0262379977003689,1,0.45806691001163036,0.3,75.1888557378837,target,110.81047858288349,25242.417929475254
DJ30,9,2026-02-26 13:45:00+00:00,2026-02-26 14:15:00+00:00,-1.0674378268124056,0.0674378268124359,-1,0.4122762375756704,0.3,75.72725378842578,stop,-80.83413521438872,25161.583794260863
XAGEUR,3,2026-02-26 10:45:00+00:00,2026-02-26 14:45:00+00:00,0.06768100488095563,0.025095204056983584,1,0.4605404546133753,0.3,75.1888557378837,time,5.088857312189176,25166.672651573055
XAGSGD,3,2026-02-26 10:45:00+00:00,2026-02-26 14:45:00+00:00,0.09184095356018539,0.0014974068515247814,1,0.4644236868760219,0.3,75.1888557378837,time,6.905416208066455,25173.578067781127
SP500,9,2026-02-26 16:00:00+00:00,2026-02-26 16:30:00+00:00,1.4761898771338182,0.023810122866217216,-1,0.3281844866013795,0.3,75.5207342033434,target,111.48294334468923,25285.061011125814
EURJPY,2,2026-02-26 17:00:00+00:00,2026-02-26 17:15:00+00:00,-1.0747327865862235,0.0747327865862368,1,0.3905491601358628,0.3,75.85518303337746,stop,-81.52405223846978,25203.536958887344
XAGUSD,3,2026-02-26 16:45:00+00:00,2026-02-26 17:15:00+00:00,-1.0607906633593422,0.06079066335934533,1,0.37531270863230465,0.3,75.85518303337746,stop,-80.46646992922079,25123.070488958125
CNHJPY,2,2026-02-26 16:30:00+00:00,2026-02-26 17:15:00+00:00,1.414143408460777,0.08585659153918702,-1,0.34471635782641813,0.3,75.85518303337746,target,107.27010708423649,25230.340596042355
NZDUSD,7,2026-02-26 16:15:00+00:00,2026-02-26 17:15:00+00:00,-1.0764439230928142,0.07644392309285229,1,0.41799102423947837,0.3,75.5207342033434,stop,-81.29383540069664,25149.046760641664
XAUEUR,3,2026-02-26 16:45:00+00:00,2026-02-26 20:45:00+00:00,0.5625467303235884,0.009329706215440244,1,0.39879331551877134,0.3,75.85518303337746,time,42.67208519352383,25191.71884583519
GBPJPY,2,2026-02-27 10:15:00+00:00,2026-02-27 13:45:00+00:00,1.4484955932073365,0.05150440679269723,-1,0.43773799146626846,0.3,75.57515653750558,target,109.47028120053146,25301.189127035716
GER40,8,2026-02-27 10:30:00+00:00,2026-02-27 14:30:00+00:00,0.19119179626740546,0.01621414526649542,1,0.41271932307322684,0.3,75.57515653750558,time,14.449349931596043,25315.638476967317
US2000,9,2026-02-27 14:15:00+00:00,2026-02-27 15:15:00+00:00,-1.1308108948302893,0.1308108948302667,1,0.37831827948639346,0.3,75.90356738110717,stop,-85.83258095104095,25229.805896016274
CADJPY,2,2026-02-27 16:15:00+00:00,2026-02-27 16:45:00+00:00,-1.1443769093629994,0.14437690936300607,-1,0.3948918921907864,0.3,75.68941768804883,stop,-86.61722188533446,25143.188674130943
GER40,8,2026-02-27 15:45:00+00:00,2026-02-27 19:45:00+00:00,-0.27657573686618775,0.025983106803715992,1,0.48362910976759316,0.3,75.68941768804883,time,-20.93385647004477,25122.254817660898
US2000,9,2026-03-02 06:30:00+00:00,2026-03-02 08:15:00+00:00,-1.0473816807256178,0.04738168072560435,1,0.5120727142347375,0.3,75.3667644529827,stop,-78.93776842361676,25043.31704923729
DJ30,9,2026-03-02 09:00:00+00:00,2026-03-02 09:45:00+00:00,-1.028225952074642,0.02822595207466018,1,0.5034230273463612,0.3,75.12995114771184,stop,-77.25056554817733,24966.06648368911
USDCAD,17,2026-03-02 10:45:00+00:00,2026-03-02 11:30:00+00:00,1.4292790116148582,0.07072098838515979,-1,0.4517752701482685,0.3,74.89819945106731,target,107.050424483154,25073.116908172262
CHFJPY,2,2026-03-02 10:00:00+00:00,2026-03-02 13:15:00+00:00,-1.0746654296633986,0.07466542966339713,1,0.5662340506685278,0.3,74.89819945106731,stop,-80.49050569409619,24992.62640247817
EURAUD,15,2026-03-02 11:30:00+00:00,2026-03-02 15:30:00+00:00,-0.05862744257390544,0.044614310198914695,1,0.5358719070020329,0.3,75.21935072451677,time,-4.40991816504806,24988.216484313118
XAUCNH,3,2026-03-02 15:15:00+00:00,2026-03-02 16:15:00+00:00,1.4884119882828681,0.011588011717145515,-1,0.49910455856826225,0.3,74.97787920743448,target,111.59797426837028,25099.814458581488
EURUSD,6,2026-03-03 07:30:00+00:00,2026-03-03 08:00:00+00:00,-1.0622451028577933,0.062245102857813095,1,0.4480673932123495,0.3,75.29944337574445,stop,-79.98646497380224,25019.827993607687
AUDCAD,7,2026-03-03 08:30:00+00:00,2026-03-03 10:30:00+00:00,-1.0703034608368382,0.07030346083681502,1,0.4760589743671504,0.3,75.05948398082305,stop,-80.33642547330213,24939.491568134385
CADJPY,2,2026-03-03 09:15:00+00:00,2026-03-03 13:15:00+00:00,0.5186406992875315,0.12590867894921803,1,0.48053816444594055,0.3,75.05948398082305,time,38.928903259975336,24978.42047139436
NZDCHF,12,2026-03-03 12:45:00+00:00,2026-03-03 16:45:00+00:00,-1.0381087051299358,0.038108705129925716,1,0.46526189518585576,0.3,74.81847470440314,stop,-77.66970989518481,24900.750761499177
XAUUSD,3,2026-03-03 13:45:00+00:00,2026-03-03 16:45:00+00:00,-1.001570299414181,0.0015702994141808247,1,0.5481240060455314,0.3,74.93526141418306,stop,-75.05293221128326,24825.697829287892
GBPUSD,6,2026-03-03 17:30:00+00:00,2026-03-03 19:45:00+00:00,1.4753278594672745,0.024672140532733117,1,0.4673909876516121,0.3,74.47709348786366,target,109.87813091479397,24935.57596020268
EURNZD,15,2026-03-04 06:15:00+00:00,2026-03-04 10:15:00+00:00,-0.48848202723087963,0.06317120723586675,1,0.489033797238757,0.3,74.80672788060804,time,-36.54174208562818,24899.034218117056
EURCHF,13,2026-03-04 09:45:00+00:00,2026-03-04 10:30:00+00:00,1.350016410552719,0.149983589447253,1,0.3713942303792876,0.3,74.80672788060804,target,100.99031025857248,25000.024528375623
US2000,9,2026-03-04 08:30:00+00:00,2026-03-04 11:45:00+00:00,1.4457729807860398,0.05422701921395679,1,0.4944894115059075,0.3,74.80672788060804,target,108.15354595079683,25108.178074326424
DJ30,9,2026-03-04 08:30:00+00:00,2026-03-04 12:00:00+00:00,1.4826394268613992,0.017360573138581647,1,0.45853936323981676,0.3,74.80672788060804,target,110.91140415028134,25219.0894784767
GBPCAD,5,2026-03-04 11:30:00+00:00,2026-03-04 13:15:00+00:00,-1.102710381926661,0.1027103819266428,-1,0.40768454855990327,0.3,75.00007358512687,stop,-82.70335978758294,25136.386118689115
EURGBP,20,2026-03-04 10:30:00+00:00,2026-03-04 14:30:00+00:00,0.9486920779816584,0.10723587214291355,1,0.43299823542679605,0.3,75.00007358512687,time,71.1519756582513,25207.538094347372
XAGSGD,3,2026-03-04 11:00:00+00:00,2026-03-04 15:00:00+00:00,-0.29589149905892403,0.0029393195270754095,-1,0.3923993951291858,0.3,75.00007358512687,time,-22.1918842026328,25185.346210144737
EURNZD,15,2026-03-04 12:15:00+00:00,2026-03-04 16:15:00+00:00,0.7963212430822316,0.07238908754658172,1,0.45470192430009493,0.3,75.65726843543011,time,60.24749004870779,25245.59370019345
XAUEUR,3,2026-03-04 12:30:00+00:00,2026-03-04 16:30:00+00:00,0.32675145988078785,0.009788560139082157,-1,0.37266117427870954,0.3,75.65726843543011,time,24.72112291186944,25270.31482310532
XAGSGD,3,2026-03-05 07:00:00+00:00,2026-03-05 07:45:00+00:00,-1.105272644530452,0.10527264453044881,1,0.4212959165077946,0.3,75.81094446931596,stop,-83.79176307795208,25186.523060027364
NZDCAD,7,2026-03-05 07:45:00+00:00,2026-03-05 10:00:00+00:00,-1.125271850579594,0.12527185057958806,1,0.4352853726569903,0.3,75.5595691800821,stop,-85.02505624026783,25101.4980037871
US2000,9,2026-03-05 10:45:00+00:00,2026-03-05 11:00:00+00:00,1.4351702662202754,0.06482973377974195,1,0.5230003090129759,0.3,75.3044940113613,target,108.07477071786853,25209.572774504966
EURJPY,2,2026-03-05 10:45:00+00:00,2026-03-05 12:00:00+00:00,1.4368328409167428,0.06316715908326181,1,0.4085712545171789,0.3,75.3044940113613,target,108.19997006414211,25317.772744569113
EURGBP,20,2026-03-05 09:00:00+00:00,2026-03-05 13:00:00+00:00,1.2466649463006936,0.1479467725192139,-1,0.31893518306433394,0.3,75.5595691800821,time,94.19746625439059,25411.970210823507
SP500,9,2026-03-05 17:45:00+00:00,2026-03-05 19:30:00+00:00,-1.0141619442443124,0.01416194424431244,1,0.40324134976906234,0.3,76.23591063247049,stop,-77.31555934826193,25334.65465147524
USDCHF,18,2026-03-05 16:00:00+00:00,2026-03-05 20:00:00+00:00,-0.46985797647575395,0.039610842671651714,-1,0.4867597411783166,0.3,76.23591063247049,time,-35.820050704559,25298.834600770686
CHFSGD,19,2026-03-05 16:45:00+00:00,2026-03-05 20:45:00+00:00,-0.6279787254156366,0.07387469236262881,-1,0.3346846401689007,0.3,76.23591063247049,time,-47.8745299898792,25250.960070780813
GBPJPY,2,2026-03-06 06:15:00+00:00,2026-03-06 07:45:00+00:00,-1.082318002433235,0.08231800243321098,-1,0.37345937183631656,0.3,75.75288021234239,stop,-81.98870598998656,25168.97136479082
GER40,8,2026-03-06 10:30:00+00:00,2026-03-06 10:45:00+00:00,-1.022470329350297,0.022470329350296556,-1,0.38143604442168305,0.3,75.50691409437245,stop,-77.20357932229759,25091.767785468517
FR40,8,2026-03-06 11:00:00+00:00,2026-03-06 11:15:00+00:00,1.453855226577868,0.046144773422121865,-1,0.35785083644552557,0.3,75.27530335640554,target,109.43939321694472,25201.207178685465
USDCAD,17,2026-03-06 09:30:00+00:00,2026-03-06 13:30:00+00:00,0.6770653327756001,0.11911780071889533,1,0.4439884352675265,0.3,75.50691409437245,time,51.12311391816493,25252.330292603627
GBPCHF,14,2026-03-06 15:30:00+00:00,2026-03-06 16:45:00+00:00,1.3874616284695378,0.11253837153040687,-1,0.3161635376693645,0.3,75.75699087781088,target,105.1099179312794,25357.4402105349
CHFJPY,2,2026-03-06 15:45:00+00:00,2026-03-06 18:45:00+00:00,1.4379745731321634,0.062025426867836776,1,0.3720243460820722,0.3,75.75699087781088,target,108.93662661929729,25466.376837154196
XAGEUR,3,2026-03-06 17:15:00+00:00,2026-03-06 20:00:00+00:00,0.12300997145268697,0.030218330456120546,-1,0.3645146997120534,0.3,76.07232063160471,weekend,9.357653989233345,25475.734491143434
AUDJPY,1,2026-03-09 07:15:00+00:00,2026-03-09 11:15:00+00:00,0.6934651913604702,0.030871559269406764,-1,0.44805429579610445,0.3,76.42720347343031,time,52.99960528184795,25528.73409642528
GBPCAD,5,2026-03-09 10:15:00+00:00,2026-03-09 12:30:00+00:00,1.4348240298850632,0.06517597011491584,1,0.4185850917854932,0.3,76.42720347343031,target,109.65958808059298,25638.393684505878
GBPUSD,6,2026-03-09 12:45:00+00:00,2026-03-09 16:45:00+00:00,-0.75967570917473,0.025990093631012574,-1,0.41524274981587594,0.3,76.91518105351764,time,-58.43059471313377,25579.96308979274
NAS100,9,2026-03-09 16:45:00+00:00,2026-03-09 17:45:00+00:00,-1.012109194053613,0.012109194053619701,-1,0.423144093112037,0.3,76.73988926937824,stop,-77.66914748019393,25502.29394231255
AU200,10,2026-03-09 16:45:00+00:00,2026-03-09 18:15:00+00:00,-1.0520140859798965,0.05201408597988226,-1,0.4177100098108429,0.3,76.73988926937824,stop,-80.73144446792342,25421.56249784463
CHFSGD,19,2026-03-09 17:15:00+00:00,2026-03-09 20:15:00+00:00,-1.0884894864567574,0.08848948645675457,1,0.44565371138170456,0.3,76.73988926937824,stop,-83.53056266157394,25338.031935183055
XAGUSD,3,2026-03-09 16:45:00+00:00,2026-03-09 20:45:00+00:00,-0.3706576851003434,0.055898106909208094,-1,0.4089525764946023,0.3,76.73988926937824,time,-28.44422971144442,25309.58770547161
XAGEUR,3,2026-03-09 16:45:00+00:00,2026-03-09 20:45:00+00:00,-0.383401401705067,0.05211673426760168,-1,0.3802897071186315,0.3,76.73988926937824,time,-29.422181112571245,25280.165524359036
JP225,11,2026-03-10 07:00:00+00:00,2026-03-10 10:15:00+00:00,1.4880190302290894,0.011980969770914828,1,0.5440098323535393,0.3,75.84049657307712,target,112.85210216276279,25393.017626521803
CADJPY,2,2026-03-10 11:15:00+00:00,2026-03-10 13:30:00+00:00,1.3928970990130614,0.10710290098692761,1,0.4379737024321379,0.3,76.1790528795654,target,106.10958176150925,25499.127208283317
DJ30,9,2026-03-10 11:15:00+00:00,2026-03-10 15:00:00+00:00,1.4833691662380184,0.01663083376198058,-1,0.43989061830980375,0.3,76.1790528795654,target,113.00165815476285,25612.128866438085
USDCAD,17,2026-03-10 15:00:00+00:00,2026-03-10 15:30:00+00:00,-1.0911676153043899,0.09116761530436995,1,0.4269258637911338,0.3,76.83638659931422,stop,-83.84137673417987,25528.2874897039
DJ30,9,2026-03-10 16:45:00+00:00,2026-03-10 17:30:00+00:00,-1.012201360515776,0.012201360515789286,-1,0.43329287188448634,0.3,76.58486246911168,stop,-77.51930198614843,25450.768187717753
US2000,9,2026-03-10 16:45:00+00:00,2026-03-10 17:30:00+00:00,-1.034737592689012,0.03473759268902026,-1,0.39381699815407617,0.3,76.58486246911168,stop,-79.2452362277077,25371.522951490042
AU200,10,2026-03-11 09:15:00+00:00,2026-03-11 10:30:00+00:00,-1.086516034027466,0.08651603402747719,1,0.3997570978807481,0.3,76.11456885447012,stop,-82.69969948346936,25288.82325200658
EURCAD,4,2026-03-11 10:30:00+00:00,2026-03-11 10:45:00+00:00,1.4066317251476912,0.09336827485224423,-1,0.2966379803444854,0.3,75.86646975601971,target,106.71618323377514,25395.539435240353
XAGSGD,3,2026-03-11 08:45:00+00:00,2026-03-11 10:45:00+00:00,-1.068505744264505,0.0685057442645038,1,0.46932000125523593,0.3,76.11456885447012,stop,-81.3288540432175,25314.21058119714
GBPCAD,5,2026-03-11 12:00:00+00:00,2026-03-11 12:00:00+00:00,-1.120596550291639,0.1205965502916481,1,0.3615075477083111,0.3,75.70345525554194,stop,-84.83303080451775,25229.37755039263
EURUSD,6,2026-03-11 12:00:00+00:00,2026-03-11 12:00:00+00:00,-1.049812130367816,0.04981213036777991,1,0.4754049560420664,0.3,75.94263174359138,stop,-79.7254960164782,25149.652054376158
XAUGBP,3,2026-03-11 08:45:00+00:00,2026-03-11 12:45:00+00:00,0.018398573031451437,0.02227195682753795,1,0.41838588281315486,0.3,76.11456885447012,time,1.4003994538264075,25151.05245382998
EURGBP,20,2026-03-11 12:30:00+00:00,2026-03-11 13:45:00+00:00,-1.1412404356367514,0.14124043563677596,1,0.40350824468207186,0.3,75.44895616312839,stop,-86.1053995999468,25064.947054230026
GBPAUD,16,2026-03-11 11:30:00+00:00,2026-03-11 15:30:00+00:00,0.16375914429030913,0.06317376227983693,1,0.4670392521854883,0.3,75.94263174359138,time,12.436300389484591,25077.38335461951
XAUAUD,3,2026-03-11 16:15:00+00:00,2026-03-11 16:45:00+00:00,-1.0145786088196922,0.014578608819699055,1,0.4258217745720223,0.3,75.23215006385847,stop,-76.32893015030385,25001.0544244692
AUDCAD,7,2026-03-11 14:30:00+00:00,2026-03-11 17:00:00+00:00,-1.051237979248312,0.05123797924829683,-1,0.42250434422674515,0.3,75.19484116269001,stop,-79.04767287376404,24922.00675159543
AUDJPY,1,2026-03-11 15:00:00+00:00,2026-03-11 17:00:00+00:00,-1.0499344975448375,0.04993449754485093,-1,0.43330279967995206,0.3,75.19484116269001,stop,-78.9496577741128,24843.05709382132
SP500,9,2026-03-11 16:00:00+00:00,2026-03-11 17:00:00+00:00,1.4867331369679624,0.013266863032024083,1,0.4653459995648521,0.3,75.23215006385847,target,111.85013046528479,24954.90722428661
DJ30,9,2026-03-11 17:00:00+00:00,2026-03-11 18:30:00+00:00,-1.011074994070196,0.011074994070197979,1,0.4233981983326609,0.3,74.8647216728598,stop,-75.69384802145359,24879.21337626515
GBPCHF,14,2026-03-12 11:15:00+00:00,2026-03-12 12:15:00+00:00,1.3262209266692306,0.17377907333074652,-1,0.35582591207834985,0.3,74.63764012879544,target,98.98600025601564,24978.199376521166
USDCHF,18,2026-03-12 11:45:00+00:00,2026-03-12 12:45:00+00:00,1.403882823525456,0.09611717647455653,-1,0.3059003735627997,0.3,74.63764012879544,target,104.78250096529021,25082.981877486454
AU200,10,2026-03-12 11:15:00+00:00,2026-03-12 14:30:00+00:00,-1.1067015394636632,0.10670153946368363,-1,0.40234510874946966,0.3,74.63764012879544,stop,-82.6015912324728,25000.38028625399
NZDCNH,7,2026-03-12 12:30:00+00:00,2026-03-12 15:15:00+00:00,-1.050672752752076,0.05067275275212337,1,0.43773430243505285,0.3,74.93459812956348,stop,-78.73174049315904,24921.648545760836
GBPNZD,16,2026-03-12 15:15:00+00:00,2026-03-12 16:00:00+00:00,-1.0866743751895251,0.08667437518949099,-1,0.42624332430412504,0.3,74.76494563728247,stop,-81.24515058647273,24840.403395174362
EURGBP,20,2026-03-12 15:00:00+00:00,2026-03-12 16:15:00+00:00,-1.0958405225622023,0.09584052256225807,1,0.392383653218399,0.3,75.00114085876194,stop,-82.18928939142702,24758.21410578293
GBPAUD,16,2026-03-12 15:15:00+00:00,2026-03-12 16:15:00+00:00,-1.072030965440226,0.07203096544019721,-1,0.3934335911116396,0.3,74.76494563728247,stop,-80.15033685262193,24678.06376893031
USDCHF,18,2026-03-12 15:30:00+00:00,2026-03-12 17:15:00+00:00,-1.0666790483277089,0.06667904832772177,-1,0.3869766151814576,0.3,74.76494563728247,stop,-79.75020106064935,24598.313567869656
AU200,10,2026-03-12 16:30:00+00:00,2026-03-12 17:30:00+00:00,-1.0809607698630423,0.08096076986305392,1,0.41594372360745907,0.3,74.0341913067909,stop,-80.02805643117645,24518.285511438473
EURUSD,6,2026-03-12 16:30:00+00:00,2026-03-12 18:00:00+00:00,-1.046653694521494,0.0466536945215425,1,0.3528733166442836,0.3,74.0341913067909,stop,-77.48815985216376,24440.797351586312
CNHJPY,2,2026-03-12 15:45:00+00:00,2026-03-12 19:45:00+00:00,-0.7356466295945252,0.10863796039291394,-1,0.37988934069088814,0.3,74.76494563728247,time,-55.00058026988475,24385.796771316425
GBPCAD,5,2026-03-12 15:45:00+00:00,2026-03-12 19:45:00+00:00,-0.20086525706809316,0.08605076106106345,1,0.3596294154690594,0.3,74.76494563728247,time,-15.017680025114753,24370.779091291304
GBPCHF,14,2026-03-12 16:30:00+00:00,2026-03-12 20:30:00+00:00,-0.6219191947531248,0.12608892097315128,-1,0.3918356129804949,0.3,74.0341913067909,time,-46.043284641718195,24324.73580664958
JP225,11,2026-03-12 17:45:00+00:00,2026-03-12 21:45:00+00:00,-0.17435396089124547,0.019206678678350856,1,0.4133908667326982,0.3,73.55485653431543,time,-12.824580579545204,24311.911226070035
XAGUSD,3,2026-03-13 09:00:00+00:00,2026-03-13 09:15:00+00:00,-1.0973383687290181,0.09733836872901108,1,0.5224506992877195,0.3,72.93573367821016,stop,-80.03517901650125,24231.876047053534
GBPJPY,2,2026-03-13 07:45:00+00:00,2026-03-13 09:30:00+00:00,1.4262859377711277,0.07371406222886046,-1,0.34529362751014975,0.3,72.93573367821016,target,104.02721130625119,24335.903258359787
EURJPY,2,2026-03-13 07:45:00+00:00,2026-03-13 09:45:00+00:00,1.422564565185459,0.07743543481453252,-1,0.3033105913089244,0.3,72.93573367821016,target,103.75579026642546,24439.659048626214
GBPCHF,14,2026-03-13 11:00:00+00:00,2026-03-13 11:15:00+00:00,-1.2078327125784045,0.20783271257832991,1,0.4109837948798016,0.3,73.3189771458787,stop,-88.55705904958073,24351.101989576637
GBPAUD,16,2026-03-13 12:15:00+00:00,2026-03-13 14:45:00+00:00,-1.0800162461283813,0.0800162461284042,1,0.4642389450261753,0.3,73.05330596872996,stop,-78.89875727961581,24272.20323229702
GBPNZD,16,2026-03-13 14:00:00+00:00,2026-03-13 14:45:00+00:00,-1.075122112563053,0.0751221125630527,1,0.43291556629697864,0.3,73.05330596872996,stop,-78.54122464281605,24193.662007654202
DJ30,9,2026-03-13 16:00:00+00:00,2026-03-13 16:30:00+00:00,-1.0151984576898152,0.015198457689823535,-1,0.32662825490256797,0.3,72.58098602296266,stop,-73.68410506811773,24119.97790258609
SP500,9,2026-03-13 16:00:00+00:00,2026-03-13 16:45:00+00:00,-1.0231673214306247,0.02316732143062019,-1,0.33331231779594855,0.3,72.58098602296266,stop,-74.26249305590832,24045.71540953018
NZDCHF,12,2026-03-16 08:15:00+00:00,2026-03-16 09:30:00+00:00,-1.0662802301258665,0.06628023012588162,-1,0.3521680371985399,0.3,72.13714622859058,stop,-76.91841288124485,23968.796996648933
NZDJPY,1,2026-03-16 06:15:00+00:00,2026-03-16 10:15:00+00:00,0.9338916881431699,0.06699253317674918,-1,0.3987061223344745,0.3,72.13714622859058,time,67.36828126924917,24036.165277918175
XAUAUD,3,2026-03-16 08:45:00+00:00,2026-03-16 11:00:00+00:00,-1.0224907286290272,0.022490728629023862,1,0.49246073320952916,0.3,72.13714622859058,stop,-73.75956320849026,23962.40571470969
XAUUSD,3,2026-03-16 09:30:00+00:00,2026-03-16 11:30:00+00:00,1.4956153745622132,0.004384625437784601,-1,0.37728853795679473,0.3,71.90639098994684,target,107.54430389384629,24069.95001860353
NZDUSD,7,2026-03-16 09:30:00+00:00,2026-03-16 11:45:00+00:00,-1.109103365962982,0.10910336596299865,-1,0.38032661912861326,0.3,71.90639098994684,stop,-79.75162028120029,23990.198398322333
NZDCNH,7,2026-03-16 11:15:00+00:00,2026-03-16 12:45:00+00:00,-1.058917004185276,0.05891700418526639,-1,0.3753082863693295,0.3,71.88721714412914,stop,-76.12259661747764,23914.07580170485
USDCHF,18,2026-03-16 13:00:00+00:00,2026-03-16 13:15:00+00:00,-1.06525362503978,0.0652536250397958,1,0.4548880666206208,0.3,71.74222740511463,stop,-76.4236678117266,23837.65213389312
NAS100,9,2026-03-16 13:45:00+00:00,2026-03-16 15:00:00+00:00,-1.0265189808276123,0.026518980827616844,-1,0.4048358977958844,0.3,71.51295640167946,stop,-73.40940712142147,23764.2427267717
EURJPY,2,2026-03-16 16:45:00+00:00,2026-03-16 18:15:00+00:00,-1.0763774089707367,0.07637740897074778,-1,0.4575665207043313,0.3,71.2927281803152,stop,-76.7378820371827,23687.504844734518
AUDCHF,12,2026-03-16 17:30:00+00:00,2026-03-16 21:30:00+00:00,-0.11162485667160656,0.04859399950720894,-1,0.43172305478725786,0.3,71.2927281803152,time,-7.958040564855489,23679.54680416966
USDJPY,2,2026-03-17 09:15:00+00:00,2026-03-17 11:00:00+00:00,1.4328795701705166,0.06712042982954547,-1,0.42682279911377713,0.3,71.03864041250908,target,101.78981653977391,23781.336620709437
EURCAD,4,2026-03-17 12:00:00+00:00,2026-03-17 14:15:00+00:00,-1.093639892917111,0.09363989291712503,-1,0.3807625487189745,0.3,71.3440098621284,stop,-78.02465530589541,23703.31196540354
AUDUSD,7,2026-03-17 12:15:00+00:00,2026-03-17 16:00:00+00:00,-1.038304233622154,0.03830423362213245,-1,0.495007195142492,0.3,71.3440098621284,stop,-74.07678748342863,23629.235177920113
XAGEUR,3,2026-03-17 14:00:00+00:00,2026-03-17 18:00:00+00:00,-0.42440538391723276,0.05609630575140952,1,0.45531440115814426,0.3,71.3440098621284,time,-30.278781895731445,23598.956396024383
USDCHF,18,2026-03-17 14:30:00+00:00,2026-03-17 18:30:00+00:00,-0.5770347213614995,0.06332181616818956,1,0.4746114815454927,0.3,71.10993589621071,time,-41.03290204590404,23557.92349397848
CHFSGD,19,2026-03-17 18:00:00+00:00,2026-03-17 19:15:00+00:00,-1.1083639180369373,0.10836391803694856,-1,0.35718929168918895,0.3,70.79686918807323,stop,-78.46869531804137,23479.454798660445
JP225,11,2026-03-17 17:00:00+00:00,2026-03-17 21:00:00+00:00,0.5487397347840436,0.030636833827893808,-1,0.34583010071903714,0.3,70.88770553376044,time,38.898900734045085,23518.353699394487
CADJPY,2,2026-03-18 07:30:00+00:00,2026-03-18 07:45:00+00:00,-1.1829127275812958,0.18291272758130017,1,0.37129584242067776,0.3,70.55506109818353,stop,-83.46047976831726,23434.893219626174
AU200,10,2026-03-18 06:30:00+00:00,2026-03-18 10:00:00+00:00,-1.0955561422530984,0.09555614225310498,-1,0.3791215815616959,0.3,70.55506109818353,stop,-77.2970305531576,23357.59618907301
XAUSGD,3,2026-03-18 06:15:00+00:00,2026-03-18 10:15:00+00:00,0.7874717683645963,0.02584975380540383,1,0.4027254035536136,0.3,70.55506109818353,time,55.56011873005872,23413.156307803074
XAUEUR,3,2026-03-18 06:15:00+00:00,2026-03-18 10:15:00+00:00,0.6913483805576531,0.021362757840788636,1,0.4436925423947842,0.3,70.55506109818353,time,48.77812723037545,23461.934435033443
XAUEUR,3,2026-03-18 11:30:00+00:00,2026-03-18 13:30:00+00:00,-1.0163864721821572,0.016386472182165917,1,0.46879602829082256,0.3,70.38580330510042,stop,-71.53917831297824,23390.39525672047
EURCHF,13,2026-03-18 11:45:00+00:00,2026-03-18 14:15:00+00:00,-1.3179276927424481,0.3179276927424301,-1,0.3647039307457774,0.3,70.38580330510042,stop,-92.76339935171478,23297.63185736876
XAGUSD,3,2026-03-18 11:00:00+00:00,2026-03-18 14:30:00+00:00,-1.1069828607467198,0.10698286074671336,1,0.42874100843271495,0.3,70.38580330510042,stop,-77.915877898636,23219.71597947013
GBPUSD,6,2026-03-18 11:00:00+00:00,2026-03-18 15:00:00+00:00,-0.5251978533315342,0.07511828067615293,1,0.38892538222146467,0.3,70.38580330510042,time,-36.96647280085435,23182.74950666928
EURUSD,6,2026-03-18 14:30:00+00:00,2026-03-18 16:00:00+00:00,1.462510648601351,0.03748935139869368,-1,0.3169597750207184,0.3,69.65914793841044,target,101.87724563242212,23284.6267523017
AUDUSD,7,2026-03-18 16:30:00+00:00,2026-03-18 20:30:00+00:00,0.9506231832121019,0.028800881433380693,1,0.4927181182437041,0.3,69.85388025690514,time,66.40471800953617,23351.031470311238
USDCAD,17,2026-03-18 17:00:00+00:00,2026-03-18 21:00:00+00:00,0.33078151524571525,0.05930262096112828,-1,0.39028330999237265,0.3,69.85388025690514,time,23.106372357171836,23374.13784266841
GER40,8,2026-03-19 08:00:00+00:00,2026-03-19 10:00:00+00:00,-1.0202631155573372,0.020263115557348502,1,0.4976775068049904,0.3,70.12241352800527,stop,-71.54331209648262,23302.59453057192
GBPJPY,2,2026-03-19 07:30:00+00:00,2026-03-19 10:00:00+00:00,-1.0872630868286508,0.08726308682865191,1,0.4921917866699121,0.3,70.12241352800527,stop,-76.24151178833415,23226.353018783586
GBPCAD,5,2026-03-19 10:15:00+00:00,2026-03-19 12:15:00+00:00,1.376553665206719,0.12344633479330906,1,0.30704121762588116,0.3,69.67905905635082,target,95.91696413217515,23322.269982915765
AUDCHF,12,2026-03-19 11:45:00+00:00,2026-03-19 12:15:00+00:00,-1.0399993321773906,0.039999332177416115,-1,0.4823291935815434,0.3,69.67905905635082,stop,-72.46617488535382,23249.80380803041
NZDCHF,12,2026-03-19 11:45:00+00:00,2026-03-19 12:15:00+00:00,-1.135465384760794,0.13546538476081002,-1,0.39389755237541685,0.3,69.67905905635082,stop,-79.11815960118948,23170.685648429222
GBPCHF,14,2026-03-19 12:00:00+00:00,2026-03-19 12:15:00+00:00,1.4042460917188322,0.09575390828118767,1,0.46741076409364957,0.3,69.67905905635082,target,97.84654635452634,23268.53219478375
EURCAD,4,2026-03-19 10:15:00+00:00,2026-03-19 12:45:00+00:00,1.4267550683106154,0.07324493168943524,1,0.28698451449539336,0.3,69.67905905635082,target,99.41495066376322,23367.947145447513
USDJPY,2,2026-03-19 15:15:00+00:00,2026-03-19 16:15:00+00:00,-1.0417049681964048,0.0417049681964283,1,0.4391227724490161,0.3,70.10384143634258,stop,-73.02751991389106,23294.91962553363
CADJPY,2,2026-03-19 15:15:00+00:00,2026-03-19 16:15:00+00:00,-1.09866453301624,0.09866453301621346,1,0.4946983301538186,0.3,70.10384143634258,stop,-77.02060421430384,23217.899021319317
SP500,9,2026-03-19 15:45:00+00:00,2026-03-19 19:45:00+00:00,-0.29835847987107766,0.014467814217886421,1,0.45588700821325845,0.3,70.10384143634258,time,-20.916075564070237,23196.98294575524
USDCAD,17,2026-03-19 17:15:00+00:00,2026-03-19 21:15:00+00:00,0.5540166253297236,0.04365932369842658,1,0.44088796758173815,0.3,69.65369706395799,time,38.58930618911288,23235.57225194435
EURGBP,20,2026-03-20 11:00:00+00:00,2026-03-20 12:15:00+00:00,1.319647638671078,0.18035236132888746,1,0.32318083175899903,0.3,69.70671675583313,target,91.98830416634885,23327.560556110708
USDCHF,18,2026-03-20 13:15:00+00:00,2026-03-20 15:00:00+00:00,1.444734758680966,0.0552652413190265,-1,0.3610046485287049,0.3,69.98268166833216,target,101.10641271194473,23428.666968822654
EURAUD,15,2026-03-20 16:45:00+00:00,2026-03-20 16:45:00+00:00,-1.05508534993174,0.055085349931743674,-1,0.3475781841314503,0.3,70.286000906468,stop,-74.1577298617034,23354.50923896095
NZDUSD,7,2026-03-20 16:45:00+00:00,2026-03-20 17:00:00+00:00,-1.048694113248423,0.048694113248430364,1,0.4298881663431662,0.3,70.06352771688289,stop,-73.47520907011281,23281.03402989084
NZDJPY,1,2026-03-20 16:45:00+00:00,2026-03-20 17:15:00+00:00,-1.0844057092317354,0.08440570923174144,1,0.44790122239122027,0.3,70.286000906468,stop,-76.21854066204084,23204.8154892288
GBPNZD,16,2026-03-20 16:45:00+00:00,2026-03-20 20:00:00+00:00,0.39815552937201404,0.06913074983142686,-1,0.330781366626877,0.3,70.06352771688289,weekend,27.896180967786286,23232.711670196586
USDCAD,17,2026-03-23 09:15:00+00:00,2026-03-23 12:30:00+00:00,-1.1191133923728696,0.11911339237289344,-1,0.37599903378392524,0.3,69.69813501058978,stop,-78.0001163137634,23154.711553882822
GER40,8,2026-03-23 14:30:00+00:00,2026-03-23 18:30:00+00:00,-0.1490594928842522,0.002537182857604319,-1,0.42279362241285035,0.3,69.4641346616485,time,-10.354288686308731,23144.357265196508
USDCHF,18,2026-03-23 17:45:00+00:00,2026-03-23 21:45:00+00:00,0.04036309886939484,0.02076602948252489,1,0.43522709243891927,0.3,69.4641346616485,time,2.8037877352250757,23147.161052931726
GBPCAD,5,2026-03-24 09:15:00+00:00,2026-03-24 10:00:00+00:00,-1.1432085995081631,0.14320859950816764,-1,0.3892740067949081,0.3,69.44148315879525,stop,-79.38610070973601,23067.774952221997
GBPCHF,14,2026-03-24 09:15:00+00:00,2026-03-24 10:00:00+00:00,-1.1966117974366073,0.19661179743667212,-1,0.35723854995512444,0.3,69.44148315879525,stop,-83.09449797930988,22984.680454242683
EURCHF,13,2026-03-24 06:30:00+00:00,2026-03-24 10:30:00+00:00,0.11505047278220154,0.2605353474619739,-1,0.3268941350540877,0.3,69.44148315879525,time,7.98927546811668,22992.669729710804
AUDJPY,1,2026-03-24 12:00:00+00:00,2026-03-24 16:00:00+00:00,-0.0006367326050076738,0.02522733269545428,1,0.5069248853582949,0.3,68.97800918913246,time,-0.043920547479239576,22992.62580916332
EURJPY,2,2026-03-24 13:15:00+00:00,2026-03-24 17:15:00+00:00,-0.014009335580720955,0.0682288074505064,-1,0.41335172493214795,0.3,68.97800918913246,time,-0.9663360784206104,22991.659473084903
GER40,8,2026-03-24 16:15:00+00:00,2026-03-24 20:15:00+00:00,0.4614388351164353,0.005679247201433008,1,0.4071647713351165,0.3,68.97787742749003,time,31.829071408945257,23023.48854449384
NZDCHF,12,2026-03-24 18:00:00+00:00,2026-03-24 22:00:00+00:00,0.23881340110831706,0.06762297965478174,-1,0.3801919736346291,0.3,68.97497841925475,time,16.472149187674997,23039.96069368151
USDCAD,17,2026-03-25 08:15:00+00:00,2026-03-25 11:00:00+00:00,-1.099302994783579,0.09930299478351207,-1,0.3415566059584583,0.3,69.11988208104462,stop,-75.9836933707802,22963.977000310726
NAS100,9,2026-03-25 09:45:00+00:00,2026-03-25 11:00:00+00:00,1.480259727949898,0.01974027205010136,1,0.4443515662848247,0.3,69.11988208104462,target,102.31537784521613,23066.292378155937
GBPUSD,6,2026-03-25 10:45:00+00:00,2026-03-25 11:15:00+00:00,1.4551215461614546,0.04487845383852721,1,0.46723725333062366,0.3,69.11988208104462,target,100.57782968426707,23166.8702078402
AUDCHF,12,2026-03-25 13:00:00+00:00,2026-03-25 14:45:00+00:00,-1.049078438431528,0.049078438431515055,1,0.4013810870031593,0.3,69.50061062352073,stop,-72.91159206296079,23093.958615777243
EURAUD,15,2026-03-25 10:45:00+00:00,2026-03-25 14:45:00+00:00,-0.7203137796967672,0.07339346513747654,-1,0.4148872813545205,0.3,69.11988208104462,time,-49.78800351399211,23044.170612263246
XAUSGD,3,2026-03-25 15:45:00+00:00,2026-03-25 19:45:00+00:00,0.2683682099172256,0.001912362540977816,1,0.3503455064575493,0.3,69.13251183678986,time,18.552968448720705,23062.723580711972
XAUUSD,3,2026-03-25 15:45:00+00:00,2026-03-25 19:45:00+00:00,0.1978357403118521,0.002634464519054236,1,0.36742427529376753,0.3,69.13251183678986,time,13.6768816588492,23076.400462370817
DJ30,9,2026-03-25 16:45:00+00:00,2026-03-25 20:45:00+00:00,0.26702423017304977,0.008407059720591322,-1,0.34387286631394726,0.3,69.13251183678986,time,18.460055753148062,23094.86051812397
SP500,9,2026-03-25 16:45:00+00:00,2026-03-25 20:45:00+00:00,0.27176293068455304,0.013543003190260772,-1,0.43135757591826734,0.3,69.13251183678986,time,18.787654022350566,23113.64817214632
GBPCAD,5,2026-03-25 17:15:00+00:00,2026-03-25 21:15:00+00:00,1.0735973503887428,0.06416714873326863,1,0.36560116294267503,0.3,69.13251183678986,time,74.22048153369599,23187.868653680023
CADJPY,2,2026-03-25 17:15:00+00:00,2026-03-25 21:15:00+00:00,0.3625170499361648,0.11335377198023665,-1,0.33343427266817943,0.3,69.13251183678986,time,25.061714245750053,23212.930367925772
GBPCAD,5,2026-03-26 15:15:00+00:00,2026-03-26 17:30:00+00:00,1.421973322284933,0.07802667771506376,1,0.4064183804672375,0.3,69.63879110377741,target,99.02450314574479,23311.954871071517
GER40,8,2026-03-26 15:15:00+00:00,2026-03-26 19:15:00+00:00,-0.4946620126146951,0.008684629336322651,1,0.3632958178797172,0.3,69.63879110377741,time,-34.44766456344886,23277.507206508075
GBPJPY,2,2026-03-26 17:00:00+00:00,2026-03-26 21:00:00+00:00,0.4609255214215149,0.06410331298517286,-1,0.4480603583060201,0.3,69.63879110377741,time,32.098296100672556,23309.60550260874
FR40,8,2026-03-26 17:45:00+00:00,2026-03-26 21:45:00+00:00,1.006625185042168,0.043668945735977835,-1,0.3691772736176761,0.3,69.93586461321463,time,70.39920265736119,23380.004705266096
USDCHF,18,2026-03-27 08:45:00+00:00,2026-03-27 10:15:00+00:00,-1.09771970332666,0.09771970332669536,-1,0.38193689168557876,0.3,70.1400141157984,stop,-76.99407548652195,23303.010629779572
GBPCHF,14,2026-03-27 16:30:00+00:00,2026-03-27 17:45:00+00:00,1.3836236378961817,0.11637636210385943,1,0.4344295629500649,0.3,69.90903188933883,target,96.72778902452717,23399.738418804103
NZDCNH,7,2026-03-27 15:45:00+00:00,2026-03-27 19:45:00+00:00,-0.3998893814263204,0.05080178749406825,1,0.41731436369684277,0.3,69.90903188933883,time,-27.955879518340613,23371.782539285763
NZDCAD,7,2026-03-27 15:45:00+00:00,2026-03-27 19:45:00+00:00,0.27801182766517823,0.08678974259884978,1,0.3786247278584807,0.3,69.90903188933883,time,19.435537725858318,23391.218077011625
GER40,8,2026-03-30 10:00:00+00:00,2026-03-30 12:00:00+00:00,-1.0192816966370377,0.019281696637034756,-1,0.41346489856892593,0.3,70.17365423103497,stop,-71.52672134383016,23319.69135566779
XAUEUR,3,2026-03-30 10:00:00+00:00,2026-03-30 14:00:00+00:00,-0.38232246139229864,0.004973055272347605,-1,0.4943006247202475,0.3,70.17365423103497,time,-26.828964210501383,23292.86239145728
EURAUD,15,2026-03-30 10:15:00+00:00,2026-03-30 14:15:00+00:00,0.5993862885714754,0.057003562333249366,-1,0.4973479142249131,0.3,70.17365423103497,time,42.06112616503806,23334.923517622316
US2000,9,2026-03-30 14:15:00+00:00,2026-03-30 14:15:00+00:00,-1.0576623346879084,0.057662334687905215,-1,0.3861770946320538,0.3,70.00477055286709,stop,-74.04140906223674,23260.88210856008
USDCAD,17,2026-03-30 14:30:00+00:00,2026-03-30 16:15:00+00:00,-1.099323003764757,0.09932300376466673,-1,0.44622005382119495,0.3,69.78264632568037,stop,-76.71366836940064,23184.168440190682
NZDCAD,7,2026-03-30 17:00:00+00:00,2026-03-30 21:00:00+00:00,0.04924376036053087,0.08115361176282249,1,0.41651982735805987,0.3,69.55250532057217,time,3.425026904480804,23187.59346709517
AUDCHF,12,2026-03-30 17:15:00+00:00,2026-03-30 21:15:00+00:00,0.2944048995023183,0.0495908992001357,1,0.4319899881584938,0.3,69.55250532057217,time,20.47659833903751,23208.070065434207
NZDCHF,12,2026-03-31 06:30:00+00:00,2026-03-31 07:45:00+00:00,-1.0600798946822365,0.06007989468225829,1,0.421162535155947,0.3,69.62421019630274,stop,-73.80722541223051,23134.262840021984
GBPCAD,5,2026-03-31 10:15:00+00:00,2026-03-31 11:30:00+00:00,-1.0576505614088576,0.057650561408898654,-1,0.47120459436539147,0.3,69.40278852006605,stop,-73.40389824158808,23060.85894178039
FR40,8,2026-03-31 09:00:00+00:00,2026-03-31 13:00:00+00:00,-0.4881500543779114,0.0462083789338302,-1,0.3628315126431764,0.3,69.40278852006605,time,-33.87897499004893,23026.979966790343
EURCAD,4,2026-03-31 15:15:00+00:00,2026-03-31 15:30:00+00:00,-1.06962824941719,0.06962824941715967,-1,0.39666233821439456,0.3,69.08093990037113,stop,-73.89092481372809,22953.089041976607
NAS100,9,2026-03-31 15:15:00+00:00,2026-03-31 16:45:00+00:00,-1.0173926475671389,0.01739264756712939,-1,0.431115516780562,0.3,69.08093990037113,stop,-70.282440341665,22882.806601634948
EURNZD,15,2026-03-31 14:00:00+00:00,2026-03-31 17:15:00+00:00,-1.1226968184131936,0.1226968184132417,-1,0.4161817084335077,0.3,69.08093990037113,stop,-77.55695143913971,22805.24965019581
AUDJPY,1,2026-03-31 15:15:00+00:00,2026-03-31 17:45:00+00:00,1.4574615032660643,0.042538496733941215,-1,0.4159250478539787,0.3,69.08093990037113,target,100.68281051422755,22905.932460710043
NZDCAD,7,2026-03-31 15:15:00+00:00,2026-03-31 19:15:00+00:00,0.40718019702419395,0.06925951097428458,-1,0.33511984133302025,0.3,69.08093990037113,time,28.12839071924962,22934.060851429298
EURJPY,2,2026-03-31 17:45:00+00:00,2026-03-31 21:45:00+00:00,0.1891858644263898,0.0592652857722845,-1,0.4532654294263266,0.3,68.71779738213021,time,13.00043589921581,22947.061287328514
GBPNZD,16,2026-04-01 09:30:00+00:00,2026-04-01 13:30:00+00:00,-0.6667582685838547,0.0766964891432046,-1,0.39347525587632487,0.3,68.84118386198561,time,-45.900428559080325,22901.160858769435
XAUAUD,3,2026-04-01 10:45:00+00:00,2026-04-01 14:45:00+00:00,-0.424144275228286,0.009258866714962287,-1,0.35998419023566447,0.3,68.84118386198561,time,-29.19859403499907,22871.962264734437
XAGUSD,3,2026-04-01 15:00:00+00:00,2026-04-01 19:00:00+00:00,-0.46398536721249123,0.08209439655791281,-1,0.39173772351751096,0.3,68.61588679420338,time,-31.83676743081918,22840.125497303612
GER40,8,2026-04-02 13:45:00+00:00,2026-04-02 15:00:00+00:00,-1.0130498518392794,0.013049851839293412,1,0.44552335814821226,0.3,68.52037649191092,stop,-69.414557253102,22770.710940050514
EURUSD,6,2026-04-02 13:30:00+00:00,2026-04-02 17:30:00+00:00,1.451382145994108,0.04861785400589148,1,0.4654446924974114,0.3,68.52037649191092,target,99.44925107715392,22870.160191127667
EURCHF,13,2026-04-02 17:00:00+00:00,2026-04-02 21:00:00+00:00,0.18547455912244673,0.1846910132992084,-1,0.3150641778993173,0.3,68.31213282015162,time,12.670162717531644,22882.830353845202
CHFSGD,19,2026-04-02 17:00:00+00:00,2026-04-02 21:00:00+00:00,0.13915159735101118,0.08591613030158947,1,0.3178114474139214,0.3,68.31213282015162,time,9.505742400378534,22892.336096245577
US2000,9,2026-04-03 08:30:00+00:00,2026-04-03 12:30:00+00:00,-0.8867307181073982,0.07189708525195053,1,0.37871296611978944,0.3,68.6770082887368,time,-60.898012877339326,22831.438083368237
GBPCAD,5,2026-04-03 09:30:00+00:00,2026-04-03 13:30:00+00:00,-0.1244208218136551,0.1405855210840288,-1,0.35876800491371313,0.3,68.6770082887368,time,-8.544849810987836,22822.893233557246
GBPCHF,14,2026-04-03 13:45:00+00:00,2026-04-03 15:15:00+00:00,-1.3602926058852058,0.360292605885214,1,0.3495050677961675,0.3,68.46867970067183,stop,-93.13743873154638,22729.7557948257
NZDUSD,7,2026-04-03 15:45:00+00:00,2026-04-03 17:45:00+00:00,-1.078413133320819,0.07841313332081887,1,0.32141468796017697,0.3,68.18926738447718,stop,-73.53620149894515,22656.21959332675
USDJPY,2,2026-04-03 15:45:00+00:00,2026-04-03 19:45:00+00:00,-0.3615421837491734,0.05822715607793379,-1,0.3401694732745962,0.3,68.18926738447718,time,-24.653296638440164,22631.56629668831
CNHJPY,2,2026-04-03 15:45:00+00:00,2026-04-03 19:45:00+00:00,-0.3764408509518863,0.09694938026109812,-1,0.3645965696686451,0.3,68.18926738447718,time,-25.669225839998294,22605.89707084831
GBPNZD,16,2026-04-03 15:45:00+00:00,2026-04-03 19:45:00+00:00,0.16682466905861632,0.06166639034745952,1,0.367360389549707,0.3,68.18926738447718,time,11.375651964764904,22617.272722813068
GBPAUD,16,2026-04-03 15:45:00+00:00,2026-04-03 19:45:00+00:00,0.03395683201697974,0.08848300343615244,1,0.29820082385295676,0.3,68.18926738447718,time,2.315491497935607,22619.588214311007
AUDCAD,7,2026-04-03 15:45:00+00:00,2026-04-03 19:45:00+00:00,-0.8493484638898704,0.07003697306051292,1,0.2833255450595596,0.3,68.18926738447718,time,-57.91644950678133,22561.671764804225
SP500,9,2026-04-03 15:45:00+00:00,2026-04-06 01:00:00+00:00,1.4859019104076434,0.014098089592348892,-1,0.2815142130088919,0.3,68.18926738447718,target,101.32256267589224,22662.99432748012
US2000,9,2026-04-03 15:45:00+00:00,2026-04-06 04:30:00+00:00,-0.3348341871471989,0.03240330843359977,-1,0.33685691520526123,0.3,68.18926738447718,time,-22.83209791684442,22640.16222956327
GBPUSD,6,2026-04-06 08:30:00+00:00,2026-04-06 10:30:00+00:00,-1.0823080791387563,0.0823080791387951,-1,0.37798443352081174,0.3,67.92048668868992,stop,-73.51089148220545,22566.651338081065
GBPNZD,16,2026-04-06 10:15:00+00:00,2026-04-06 14:15:00+00:00,-0.2652495407597079,0.10311078840426315,1,0.5876834021200051,0.3,67.92048668868992,time,-18.015877902350855,22548.635460178717
GBPJPY,2,2026-04-06 11:00:00+00:00,2026-04-06 15:00:00+00:00,0.11929755529194526,0.07944405338261842,-1,0.4084612263858584,0.3,67.69995401424332,time,8.076439007276344,22556.71189918599
SP500,9,2026-04-06 16:00:00+00:00,2026-04-06 16:45:00+00:00,-1.032922091140874,0.032922091140879205,-1,0.4364442273925546,0.3,67.6701356975581,stop,-69.89797807250842,22486.813921113484
US2000,9,2026-04-06 16:00:00+00:00,2026-04-06 17:00:00+00:00,-1.0595687710882182,0.059568771088226447,-1,0.43552214769362907,0.3,67.6701356975581,stop,-71.7011625204346,22415.11275859305
CHFJPY,2,2026-04-06 17:00:00+00:00,2026-04-06 17:30:00+00:00,-1.1229984883815716,0.12299848838158094,-1,0.37921715791500415,0.3,67.24533827577925,stop,-75.51641323440754,22339.596345358645
AUDCHF,12,2026-04-06 17:15:00+00:00,2026-04-06 17:30:00+00:00,-1.0713633682463024,0.07136336824626119,1,0.42501504577089894,0.3,67.24533827577925,stop,-72.04419211400085,22267.552153244644
GBPAUD,16,2026-04-06 17:45:00+00:00,2026-04-06 21:45:00+00:00,-0.019713729422321892,0.08186455304383092,-1,0.34342720720155095,0.3,66.80265645973402,time,-1.3169294941395202,22266.23522375051
EURAUD,15,2026-04-06 17:45:00+00:00,2026-04-06 21:45:00+00:00,-0.1566902880472912,0.06639804361812553,-1,0.4046591821663623,0.3,66.80265645973402,time,-10.467327482999963,22255.767896267513
XAUGBP,3,2026-04-06 17:45:00+00:00,2026-04-06 21:45:00+00:00,0.5649078689660281,0.011215082692708,-1,0.4030724679144601,0.3,66.80265645973402,time,37.73734630193802,22293.505242569445
CHFJPY,2,2026-04-07 09:45:00+00:00,2026-04-07 13:15:00+00:00,1.4200709139324394,0.07992908606759908,-1,0.3734377444913593,0.3,66.88051572770843,target,94.9750750937198,22388.48031766317
GBPNZD,16,2026-04-07 12:00:00+00:00,2026-04-07 16:00:00+00:00,-0.6305073594254212,0.07676302372244011,-1,0.4422777382873356,0.3,66.88051572770843,time,-42.16865736848779,22346.311660294683
AUDUSD,7,2026-04-07 15:15:00+00:00,2026-04-07 19:15:00+00:00,-0.7017236417716122,0.03245771167271964,-1,0.4058261108036505,0.3,67.1654409529896,time,-47.13157782672804,22299.180082467952
US2000,9,2026-04-07 17:15:00+00:00,2026-04-07 20:30:00+00:00,1.4806676536243815,0.01933234637562196,1,0.5146449798502161,0.3,67.03893498088412,target,99.26238255962316,22398.442465027576
EURGBP,20,2026-04-07 17:15:00+00:00,2026-04-07 21:15:00+00:00,0.21979184839212665,0.07472882986868283,-1,0.3767606018695108,0.3,67.03893498088412,time,14.73461143368812,22413.17707646126
CHFSGD,19,2026-04-07 17:30:00+00:00,2026-04-07 21:30:00+00:00,0.5639212397563075,0.10120630771987171,1,0.40169248923665596,0.3,67.03893498088412,time,37.80467932636266,22450.981755787623
EURUSD,6,2026-04-08 09:00:00+00:00,2026-04-08 13:00:00+00:00,0.16035329616330615,0.03949611720774732,-1,0.34095808552075574,0.3,67.35294526736297,time,10.800266779928403,22461.782022567553
GBPNZD,16,2026-04-08 16:15:00+00:00,2026-04-08 20:15:00+00:00,-0.13185004074820292,0.052679217065237316,1,0.4296076536758238,0.3,67.38534606770276,time,-8.884760624858364,22452.897261942693
CNHJPY,2,2026-04-08 17:45:00+00:00,2026-04-08 21:45:00+00:00,-0.9145481015401926,0.08131852022041527,-1,0.37444499561093675,0.3,67.38534606770276,time,-61.62714031784644,22391.270121624853
DJ30,9,2026-04-09 10:00:00+00:00,2026-04-09 10:30:00+00:00,-1.0409324297634144,0.040932429763404804,1,0.39913126973656005,0.3,67.17381036487464,stop,-69.92339763957578,22321.346723985276
JP225,11,2026-04-09 10:00:00+00:00,2026-04-09 10:45:00+00:00,-1.0431152982367073,0.043115298236708996,1,0.44916809381441264,0.3,67.17381036487464,stop,-70.07002923245223,22251.27669475283
USDJPY,2,2026-04-09 10:45:00+00:00,2026-04-09 11:15:00+00:00,-1.0662637944781836,0.06626379447815633,-1,0.3966139172327341,0.3,66.75383008425855,stop,-71.17719216159345,22180.09950259124
USDCAD,17,2026-04-09 10:45:00+00:00,2026-04-09 14:30:00+00:00,1.3939380227707936,0.10606197722922864,-1,0.3769561899251128,0.3,66.75383008425855,target,93.05070192002889,22273.150204511272
XAGEUR,3,2026-04-09 15:15:00+00:00,2026-04-09 16:30:00+00:00,-1.1050509102285355,0.10505091022854773,-1,0.3564792133326951,0.3,66.81945061353386,stop,-73.83889472145627,22199.311309789817
GBPCAD,5,2026-04-09 15:15:00+00:00,2026-04-09 17:30:00+00:00,1.416027334779444,0.08397266522056138,-1,0.3457465593509706,0.3,66.81945061353386,target,94.61816856370905,22293.92947835353
GBPNZD,16,2026-04-09 17:45:00+00:00,2026-04-09 18:45:00+00:00,-1.0936404201219707,0.09364042012191093,1,0.32830187912277514,0.3,66.88178843506061,stop,-73.14462720262846,22220.784851150907
AU200,10,2026-04-10 09:00:00+00:00,2026-04-10 10:30:00+00:00,-1.1112387777314825,0.11123877773145868,-1,0.39126535643054905,0.3,66.66235455345273,stop,-74.07779339468154,22146.707057756226
EURAUD,15,2026-04-10 10:00:00+00:00,2026-04-10 12:15:00+00:00,-1.0920161404993025,0.09201614049925677,-1,0.3810514665570019,0.3,66.66235455345273,stop,-72.79636713605755,22073.910690620163
USDCHF,18,2026-04-10 12:30:00+00:00,2026-04-10 15:00:00+00:00,-1.0957218860739362,0.09572188607393625,1,0.3813897571974992,0.3,66.22173207186053,stop,-72.5606011648619,22001.3500894553
EURCHF,13,2026-04-10 13:15:00+00:00,2026-04-10 15:15:00+00:00,1.3109568976905424,0.1890431023094157,-1,0.4068767583787949,0.3,66.22173207186053,target,86.81383643662058,22088.163925891917
XAUSGD,3,2026-04-10 12:00:00+00:00,2026-04-10 15:30:00+00:00,1.4981331845561912,0.001866815443815798,1,0.468313476283694,0.3,66.4401211732687,target,99.53615031560825,22187.70007620752
XAUUSD,3,2026-04-10 12:00:00+00:00,2026-04-10 15:30:00+00:00,1.4954153025837196,0.00458469741629273,1,0.40949151366471076,0.3,66.4401211732687,target,99.35557390802259,22287.055650115537
CHFSGD,19,2026-04-10 12:30:00+00:00,2026-04-10 15:30:00+00:00,-1.1000817969787595,0.10008179697875952,-1,0.34541647657705726,0.3,66.22173207186053,stop,-72.84932201665828,22214.20632809888
USDCHF,18,2026-04-10 15:45:00+00:00,2026-04-10 16:15:00+00:00,-1.0800453278542763,0.08004532785427634,1,0.35374226260184827,0.3,66.64261898429672,stop,-71.97704926996236,22142.22927882892
XAGUSD,3,2026-04-10 15:45:00+00:00,2026-04-10 16:15:00+00:00,-1.1523143932276132,0.15231439322761145,-1,0.361142653725863,0.3,66.64261898429672,stop,-76.79324905798889,22065.436029770935
AUDCHF,12,2026-04-10 15:45:00+00:00,2026-04-10 16:45:00+00:00,-1.057126975924693,0.057126975924739885,1,0.3158723415093687,0.3,66.64261898429672,stop,-70.44971027457113,21994.98631949637
EURCHF,13,2026-04-10 15:45:00+00:00,2026-04-10 17:30:00+00:00,-1.1471406480484672,0.14714064804846708,1,0.43295208993753803,0.3,66.64261898429672,stop,-76.44845712929322,21918.53786236707
USDJPY,2,2026-04-10 15:45:00+00:00,2026-04-10 19:45:00+00:00,0.7361542629148695,0.05729413827119514,1,0.4262794282243642,0.3,66.64261898429672,time,49.05924805710144,21967.597110424176
AUDJPY,1,2026-04-10 15:45:00+00:00,2026-04-10 19:45:00+00:00,0.02088485805801895,0.05600446210227183,1,0.3492791187893509,0.3,66.64261898429672,time,1.391821638101676,21968.988932062275
AUDCAD,7,2026-04-10 16:30:00+00:00,2026-04-10 20:00:00+00:00,0.06362138283911703,0.06778912688713629,-1,0.3714531869525093,0.3,66.19630808931286,weekend,4.211500659486314,21973.20043272176
EURAUD,15,2026-04-13 08:45:00+00:00,2026-04-13 10:00:00+00:00,-1.073732510880744,0.07373251088076874,1,0.45327424227484653,0.3,65.91960129816536,stop,-70.78001901813664,21902.42041370363
GBPJPY,2,2026-04-13 09:45:00+00:00,2026-04-13 10:15:00+00:00,-1.1079728368753086,0.10797283687528095,-1,0.4365318702349081,0.3,65.91960129816536,stop,-73.03712765601755,21829.38328604761
EURUSD,6,2026-04-13 09:15:00+00:00,2026-04-13 10:30:00+00:00,-1.094745828647195,0.09474582864729714,-1,0.3987526855462309,0.3,65.91960129816536,stop,-72.16520854725275,21757.21807750035
AUDCAD,7,2026-04-13 08:45:00+00:00,2026-04-13 10:30:00+00:00,-1.0850124652824946,0.08501246528252736,-1,0.3825640118365093,0.3,65.91960129816536,stop,-71.52358911496152,21685.694488385387
AUDJPY,1,2026-04-13 07:45:00+00:00,2026-04-13 10:30:00+00:00,-1.0702565500749308,0.07025655007490667,-1,0.42296363138161813,0.3,65.91960129816536,stop,-70.55088506768939,21615.1436033177
EURCAD,4,2026-04-13 09:15:00+00:00,2026-04-13 11:30:00+00:00,1.3758334394507874,0.12416656054925942,-1,0.4642230913541486,0.3,65.91960129816536,target,90.69439178127944,21705.837995098977
CNHJPY,2,2026-04-13 07:45:00+00:00,2026-04-13 11:45:00+00:00,0.22781748260907025,0.14693933912617924,-1,0.3686740394055931,0.3,65.91960129816536,time,15.017637622341631,21720.855632721315
GBPAUD,16,2026-04-13 08:45:00+00:00,2026-04-13 12:45:00+00:00,0.47555339966977594,0.08383236663923482,1,0.4251626931285352,0.3,65.91960129816536,time,31.348290502218713,21752.20392322354
DJ30,9,2026-04-13 14:15:00+00:00,2026-04-13 14:30:00+00:00,1.4817295705500437,0.01827042944995696,-1,0.304369021635696,0.3,65.25661176967071,target,96.69265133302511,21848.896574556566
NZDCNH,7,2026-04-13 10:45:00+00:00,2026-04-13 14:45:00+00:00,1.440886903974026,0.059113096025971146,-1,0.43582136004043104,0.3,64.84543080995319,target,93.43493203661536,21942.331506593182
USDCAD,17,2026-04-13 14:00:00+00:00,2026-04-13 16:30:00+00:00,-1.1181064743142513,0.11810647431430926,1,0.45664493447476845,0.3,65.25661176967071,stop,-72.9638401114804,21869.367666481703
EURCHF,13,2026-04-13 14:30:00+00:00,2026-04-13 17:00:00+00:00,-1.3576339988328519,0.3576339988328703,1,0.4532429830482352,0.3,65.54668972366977,stop,-88.98841447980199,21780.379252001905
AUDJPY,1,2026-04-13 15:15:00+00:00,2026-04-13 17:15:00+00:00,1.4381808596259165,0.06181914037405679,1,0.4985582546379525,0.3,65.82699451977963,target,94.67112356504717,21875.05037556695
EURAUD,15,2026-04-13 15:00:00+00:00,2026-04-13 17:15:00+00:00,1.435829026481839,0.06417097351813084,-1,0.4243037746106131,0.3,65.82699451977963,target,94.51630945756054,21969.566685024503
AUDCAD,7,2026-04-13 15:15:00+00:00,2026-04-13 17:15:00+00:00,1.4318274951492878,0.06817250485073093,1,0.5100477055648743,0.3,65.82699451977963,target,94.25290067646196,22063.81958570097
AUDCHF,12,2026-04-13 15:15:00+00:00,2026-04-13 19:15:00+00:00,-0.0652617439648877,0.0652617439648877,1,0.4563361578369225,0.3,65.82699451977963,time,-4.295984462327923,22059.523601238645
XAUEUR,3,2026-04-13 17:45:00+00:00,2026-04-13 21:45:00+00:00,-0.08669692132186442,0.011193779714973456,1,0.4563315692898278,0.3,66.191458757103,time,-5.738595692043993,22053.785005546597
NZDUSD,7,2026-04-14 09:15:00+00:00,2026-04-14 09:30:00+00:00,-1.0779144341280469,0.07791443412807952,-1,0.37037694253810366,0.3,66.16135501663989,stop,-71.3162795539062,21982.468725992687
USDCHF,18,2026-04-14 09:15:00+00:00,2026-04-14 09:45:00+00:00,-1.1760966905506294,0.1760966905506723,1,0.3590199684999815,0.3,66.16135501663989,stop,-77.81215067741546,21904.656575315268
NZDCAD,7,2026-04-14 09:15:00+00:00,2026-04-14 09:45:00+00:00,-1.0818832894851222,0.0818832894851019,-1,0.39180216668181084,0.3,66.16135501663989,stop,-71.57886440219535,21833.077710913072
SP500,9,2026-04-14 09:30:00+00:00,2026-04-14 10:00:00+00:00,1.3815856650848675,0.11841433491518226,1,0.4092341843982294,0.3,65.94740617797817,target,91.11199102502387,21924.1897019381
US2000,9,2026-04-14 10:45:00+00:00,2026-04-14 11:45:00+00:00,-1.116760129955761,0.11676012995579917,-1,0.425526532378929,0.3,65.77256910581441,stop,-73.45218282213358,21850.737519115966
AUDUSD,7,2026-04-14 10:15:00+00:00,2026-04-14 12:00:00+00:00,-1.0542140795037358,0.054214079503763925,-1,0.37052439800282083,0.3,65.77256910581441,stop,-69.338368396482,21781.399150719488
CNHJPY,2,2026-04-14 08:15:00+00:00,2026-04-14 12:15:00+00:00,-0.5651817517523632,0.13485102006570138,1,0.4086398321395955,0.3,66.16135501663989,time,-37.39319052661453,21744.005960192866
EURJPY,2,2026-04-14 10:15:00+00:00,2026-04-14 14:15:00+00:00,0.23958816679535416,0.089107186363777,-1,0.49075612260545715,0.3,65.77256910581441,time,15.758329257482822,21759.76428945035
NZDUSD,7,2026-04-14 12:15:00+00:00,2026-04-14 14:15:00+00:00,-1.0568183862399798,0.056818386239973415,-1,0.47095182293191734,0.3,65.23201788057871,stop,-68.9383958677307,21690.825893582616
EURNZD,15,2026-04-14 10:30:00+00:00,2026-04-14 14:30:00+00:00,-0.5627741018678788,0.08331766187395863,1,0.550098521487137,0.3,65.77256910581441,time,-37.015098506067694,21653.810795076555
JP225,11,2026-04-14 15:45:00+00:00,2026-04-14 17:00:00+00:00,-1.0471908300645802,0.04719083006459426,-1,0.45673239626935364,0.3,64.96143238522977,stop,-68.02701630167287,21585.783778774887
XAUGBP,3,2026-04-14 16:00:00+00:00,2026-04-14 17:15:00+00:00,1.4882888867757045,0.011711113224293163,1,0.48732957423546863,0.3,64.96143238522977,target,96.68137788796881,21682.46515666286
GER40,8,2026-04-14 15:45:00+00:00,2026-04-14 19:45:00+00:00,-0.03572023857636195,0.011430476344438044,-1,0.3794572098019002,0.3,64.96143238522977,time,-2.320437863062613,21680.1447187998
CADJPY,2,2026-04-14 16:45:00+00:00,2026-04-14 20:45:00+00:00,1.1604345359121184,0.1182418800446892,-1,0.47971928258360164,0.3,64.96143238522977,time,75.38348964214057,21755.528208441945
GBPCAD,5,2026-04-15 08:30:00+00:00,2026-04-15 10:15:00+00:00,1.340110711059383,0.1598892889405465,-1,0.3680039806242799,0.3,65.26658462532589,target,87.46444913066287,21842.992657572613
NZDCAD,7,2026-04-15 07:00:00+00:00,2026-04-15 11:00:00+00:00,-0.23366753845545746,0.1526544559304727,-1,0.340929816841024,0.3,65.26658462532589,time,-15.250682172794706,21827.741975399826
NAS100,9,2026-04-15 08:15:00+00:00,2026-04-15 12:15:00+00:00,0.3532198181203732,0.03211089255639241,-1,0.37205847548639776,0.3,65.26658462532589,time,23.053451150695555,21850.795426550525
SP500,9,2026-04-15 08:15:00+00:00,2026-04-15 12:15:00+00:00,0.7809342410728954,0.02455768053688625,-1,0.35517328089346467,0.3,65.26658462532589,time,50.96891073179878,21901.764337282322
NAS100,9,2026-04-15 16:45:00+00:00,2026-04-15 16:45:00+00:00,-1.0256661254332327,0.025666125433232736,-1,0.4704313488536969,0.3,65.70529301184698,stop,-67.39169330391634,21834.372643978408
GBPCAD,5,2026-04-15 13:15:00+00:00,2026-04-15 17:00:00+00:00,-1.1303247859503336,0.1303247859503862,1,0.5467105701817315,0.3,65.70529301184698,stop,-74.26832125941988,21760.104322718995
SP500,9,2026-04-15 16:45:00+00:00,2026-04-15 17:15:00+00:00,-1.0190132456720644,0.019013245672064562,-1,0.4354488736512614,0.3,65.50311793193522,stop,-66.74854480546131,21693.35577791353
GER40,8,2026-04-15 15:00:00+00:00,2026-04-15 19:00:00+00:00,0.004547718241647921,0.012127248644453288,-1,0.36061307491659594,0.3,65.70529301184698,time,0.2988091596027982,21693.654587073135
US2000,9,2026-04-15 16:45:00+00:00,2026-04-15 20:45:00+00:00,-0.10283642446292038,0.03404240258083351,-1,0.4552056175589468,0.3,65.50311793193522,time,-6.736106439293222,21686.918480633845
EURGBP,20,2026-04-16 09:00:00+00:00,2026-04-16 09:00:00+00:00,-1.113852829924308,0.1138528299243114,-1,0.3821118201371266,0.3,65.0607554419015,stop,-72.46810656597532,21614.450374067863
DJ30,9,2026-04-16 14:15:00+00:00,2026-04-16 15:30:00+00:00,1.4705985401058377,0.02940145989414724,1,0.37832093504164654,0.3,64.84335112220357,target,95.3585374958828,21709.80891156374
US2000,9,2026-04-16 16:45:00+00:00,2026-04-16 16:45:00+00:00,1.4502558087499327,0.04974419125004439,-1,0.3555445166403787,0.3,65.12942673469122,target,94.4543294425391,21804.26324100628
USDCAD,17,2026-04-16 16:30:00+00:00,2026-04-16 17:00:00+00:00,-1.0837657146617858,0.08376571466174562,1,0.38653183861577317,0.3,65.12942673469122,stop,-70.58503971063506,21733.67820129564
AUDCHF,12,2026-04-16 13:15:00+00:00,2026-04-16 17:15:00+00:00,0.72992690038951,0.06889052166351561,-1,0.4256423489163183,0.3,64.84335112220357,time,47.33090629549871,21781.009107591133
EURUSD,6,2026-04-16 13:15:00+00:00,2026-04-16 17:15:00+00:00,-0.1699936042213991,0.06695052399347812,1,0.5216439077046737,0.3,64.84335112220357,time,-11.02295496705709,21769.98615262407
GBPNZD,16,2026-04-16 17:00:00+00:00,2026-04-16 17:30:00+00:00,1.4235377787233685,0.07646222127665096,-1,0.34616729197108914,0.3,65.20103460388694,target,92.8161359704827,21862.802288594554
AUDJPY,1,2026-04-16 17:15:00+00:00,2026-04-16 19:30:00+00:00,1.4323234620726384,0.06767653792737469,-1,0.40538159976241567,0.3,65.30995845787226,target,93.54498580619978,21956.34727440076
GER40,8,2026-04-16 16:45:00+00:00,2026-04-16 20:00:00+00:00,1.4869113201873423,0.013088679812666214,-1,0.4036629671261744,0.3,65.12942673469122,target,96.84168188912452,22053.188956289887
NZDCNH,7,2026-04-16 17:00:00+00:00,2026-04-16 21:00:00+00:00,-0.6635905343574218,0.06462470924618392,1,0.4746488754813425,0.3,65.20103460388694,time,-43.26678939345008,22009.92216689643
XAGEUR,3,2026-04-16 17:15:00+00:00,2026-04-16 21:15:00+00:00,-0.5080907825635861,0.05192168580941759,1,0.4673051019413843,0.3,65.30995845787226,time,-33.183387902055614,21976.738778994375
XAGUSD,3,2026-04-16 17:15:00+00:00,2026-04-16 21:15:00+00:00,-0.5223609291565156,0.06893326044587414,1,0.4259927605827624,0.3,65.30995845787226,time,-34.11537058322758,21942.62340841115
JP225,11,2026-04-17 06:45:00+00:00,2026-04-17 09:15:00+00:00,-1.0514187541865172,0.05141875418650538,1,0.48056687444584334,0.3,65.82787022523347,stop,-69.2126573029667,21873.410751108182
FR40,8,2026-04-17 09:15:00+00:00,2026-04-17 10:00:00+00:00,-1.1527622872055938,0.15276228720559382,-1,0.3021382358828528,0.3,65.62023225332456,stop,-75.6445290193047,21797.766222088874
NZDUSD,7,2026-04-17 09:45:00+00:00,2026-04-17 11:45:00+00:00,1.4248081783823185,0.07519182161765973,1,0.42250230829025215,0.3,65.62023225332456,target,93.49624358188403,21891.262465670763
XAUCNH,3,2026-04-17 12:15:00+00:00,2026-04-17 15:15:00+00:00,-1.0212815976578966,0.021281597657888993,-1,0.38666075552011986,0.3,65.6737873970123,stop,-67.07143051706576,21824.191035153694
XAUGBP,3,2026-04-17 15:00:00+00:00,2026-04-17 15:30:00+00:00,-1.0248765487561937,0.024876548756210738,-1,0.30883431856255333,0.3,65.6737873970123,stop,-67.30752457119799,21756.8835105825
AUDJPY,1,2026-04-20 08:00:00+00:00,2026-04-20 12:00:00+00:00,-0.13978479811886138,0.0658214008423076,-1,0.3740820977424005,0.3,65.27065053174752,time,-9.123844707667079,21747.759665874837
EURCHF,13,2026-04-20 08:15:00+00:00,2026-04-20 12:15:00+00:00,1.1512670421543105,0.34873295784571356,-1,0.3816182048470358,0.3,65.27065053174752,target,75.14394877717264,21822.90361465201
EURAUD,15,2026-04-20 10:30:00+00:00,2026-04-20 14:30:00+00:00,-0.06862750077453575,0.06862750077453575,1,0.4686079088025359,0.3,65.27065053174752,time,-4.4793616199219555,21818.42425303209
GBPCAD,5,2026-04-20 11:30:00+00:00,2026-04-20 15:30:00+00:00,0.9126842489920013,0.06603246148543723,1,0.44568053778280275,0.3,65.27065053174752,time,59.571494661787355,21877.995747693873
NAS100,9,2026-04-20 12:15:00+00:00,2026-04-20 15:45:00+00:00,-1.0354869511635791,0.035486951163592316,-1,0.43848636738437713,0.3,65.46871084395602,stop,-67.79199578841796,21810.203751905457
GBPNZD,16,2026-04-20 14:00:00+00:00,2026-04-20 18:00:00+00:00,0.3223795437837202,0.07908197079377502,-1,0.4224325214246681,0.3,65.46871084395602,time,21.105773133982836,21831.30952503944
XAUGBP,3,2026-04-20 15:30:00+00:00,2026-04-20 19:30:00+00:00,0.6857700940222905,0.013907009567824521,-1,0.3537988747117706,0.3,65.63398724308163,time,45.009825602745906,21876.31935064218
XAUAUD,3,2026-04-20 15:30:00+00:00,2026-04-20 19:30:00+00:00,0.6751735517995345,0.01372160944251274,-1,0.3779111589965704,0.3,65.63398724308163,time,44.31433228567677,21920.63368292786
NZDUSD,7,2026-04-20 18:00:00+00:00,2026-04-20 22:00:00+00:00,0.4440861324500826,0.03937503973410544,1,0.4625723420288954,0.3,65.49392857511832,time,29.084945439886244,21949.718628367744
GER40,8,2026-04-21 07:45:00+00:00,2026-04-21 08:15:00+00:00,-1.0373294231158996,0.03732942311588838,-1,0.4078563354522519,0.3,65.84915588510324,stop,-68.30726688696309,21881.411361480787
XAGUSD,3,2026-04-21 06:30:00+00:00,2026-04-21 10:30:00+00:00,0.16625535442877962,0.09891141339433128,1,0.5439348150696707,0.3,65.84915588510324,time,10.9477747505138,21892.3591362313
XAGSGD,3,2026-04-21 06:30:00+00:00,2026-04-21 10:30:00+00:00,0.24991547412873033,0.05222952605387154,1,0.49724352720073206,0.3,65.84915588510324,time,16.45672301400225,21908.81585924531
USDCAD,17,2026-04-21 09:15:00+00:00,2026-04-21 10:45:00+00:00,-1.1491806353033347,0.1491806353032672,-1,0.3908974925041056,0.3,65.64423408444235,stop,-75.43708262916027,21833.378776616155
CHFSGD,19,2026-04-21 11:00:00+00:00,2026-04-21 15:00:00+00:00,0.048250404067374075,0.12998022177752844,-1,0.39386066756561805,0.3,65.50013632984842,time,3.1604080443832743,21836.539184660534
DJ30,9,2026-04-21 13:15:00+00:00,2026-04-21 16:45:00+00:00,-1.029666630136115,0.029666630136083214,-1,0.4506659725865325,0.3,65.50013632984842,stop,-67.44330464821114,21769.09588001232
XAUUSD,3,2026-04-21 18:00:00+00:00,2026-04-21 20:00:00+00:00,-1.0042118094891854,0.004211809489172596,1,0.4162161074821953,0.3,65.30728764003693,stop,-65.5823494938322,21703.51353051848
EURAUD,15,2026-04-22 16:30:00+00:00,2026-04-22 17:00:00+00:00,-1.0870010999303672,0.08700109993031302,1,0.38500189708376437,0.3,65.11054059155545,stop,-70.7752292400816,21632.738301278398
USDJPY,2,2026-04-22 15:30:00+00:00,2026-04-22 18:30:00+00:00,1.4233220574498038,0.07667794255012685,1,0.3758200289323949,0.3,65.11054059155545,target,92.67326859644166,21725.411569874836
GER40,8,2026-04-22 14:45:00+00:00,2026-04-22 18:45:00+00:00,0.5825180991590826,0.011650361983181512,-1,0.43358568548878784,0.3,65.11054059155545,time,37.928068340613166,21763.339638215446
US2000,9,2026-04-22 16:45:00+00:00,2026-04-22 19:30:00+00:00,1.467774079436448,0.03222592056354099,-1,0.44860891899656236,0.3,65.11054059155545,target,95.56756377837978,21858.907201993832
GBPAUD,16,2026-04-22 16:45:00+00:00,2026-04-22 20:45:00+00:00,0.3167926406574539,0.09537141323863108,-1,0.34951337307099806,0.3,65.11054059155545,time,20.626540088633188,21879.533742082465
GBPNZD,16,2026-04-23 07:15:00+00:00,2026-04-23 11:15:00+00:00,0.8400864348562913,0.07813917469361166,-1,0.3775250373335215,0.3,65.6386012262474,time,55.14209849311197,21934.675840575583
NZDJPY,1,2026-04-23 07:15:00+00:00,2026-04-23 11:15:00+00:00,1.0997412454520235,0.0827673031961532,1,0.461114631212942,0.3,65.6386012262474,time,72.18547706228203,22006.86131763787
CHFJPY,2,2026-04-23 10:15:00+00:00,2026-04-23 11:45:00+00:00,-1.0833706118059434,0.08337061180591761,-1,0.4166645168035709,0.3,65.6386012262474,stop,-71.110931568566,21935.75038606931
EURUSD,6,2026-04-23 12:45:00+00:00,2026-04-23 13:30:00+00:00,-1.0738038414939581,0.07380384149389763,1,0.4169538288076227,0.3,65.8072511582079,stop,-70.66407909184137,21865.086306977464
NAS100,9,2026-04-23 17:00:00+00:00,2026-04-23 18:00:00+00:00,-1.0191126270687387,0.01911262706873676,-1,0.47663556029467696,0.3,65.59525892093237,stop,-66.8489566421655,21798.2373503353
GBPUSD,6,2026-04-23 18:00:00+00:00,2026-04-23 20:00:00+00:00,1.4558726737719765,0.04412732622805817,-1,0.42774589698352566,0.3,65.39471205100587,target,95.20637428424641,21893.443724619545
XAGEUR,3,2026-04-23 17:15:00+00:00,2026-04-23 20:45:00+00:00,-1.0618229928067227,0.06182299280672039,1,0.3593194317675983,0.3,65.59525892093237,stop,-69.65055414135628,21823.793170478195
NZDCNH,7,2026-04-24 06:45:00+00:00,2026-04-24 10:45:00+00:00,0.5940345289308007,0.061512616363598505,1,0.45264043047259156,0.3,65.47137951143455,time,38.89226008652469,21862.685430564714
NZDCHF,12,2026-04-24 06:45:00+00:00,2026-04-24 10:45:00+00:00,0.5764205841528093,0.06591073361399326,1,0.39484754125397625,0.3,65.47137951143455,time,37.73905082327137,21900.424481387992
FR40,8,2026-04-24 10:00:00+00:00,2026-04-24 11:30:00+00:00,-1.0941757334605882,0.09417573346058561,1,0.42399739685462406,0.3,65.47137951143455,stop,-71.63719469760042,21828.787286690393
XAGSGD,3,2026-04-24 10:00:00+00:00,2026-04-24 14:00:00+00:00,1.4903709945844361,0.009629005415567635,1,0.4130227920450002,0.3,65.47137951143455,target,97.57664499927178,21926.36393168966
XAGEUR,3,2026-04-24 10:00:00+00:00,2026-04-24 14:00:00+00:00,1.4601254128933525,0.03987458710664876,1,0.4519340460862762,0.3,65.47137951143455,target,95.59642504183076,22021.96035673149
NZDUSD,7,2026-04-24 10:15:00+00:00,2026-04-24 14:00:00+00:00,1.4484014603217847,0.05159853967817168,1,0.39221199787933586,0.3,65.47137951143455,target,94.82884169364358,22116.789198425133
JP225,11,2026-04-24 11:30:00+00:00,2026-04-24 14:00:00+00:00,-1.0366766594511252,0.0366766594511281,-1,0.39746437771748594,0.3,65.48636186007113,stop,-67.88818285270611,22048.901015572425
AUDUSD,7,2026-04-24 11:30:00+00:00,2026-04-24 14:15:00+00:00,-1.0546242950036855,0.054624295003643804,-1,0.37614807322621063,0.3,65.48636186007113,stop,-69.06350820903376,21979.837507363394
USDCHF,18,2026-04-24 14:15:00+00:00,2026-04-24 18:15:00+00:00,-0.12502923917034775,0.07330188510752637,1,0.37496964446222175,0.3,65.93951252209017,time,-8.244367081900553,21971.59314028149
GBPCHF,14,2026-04-27 10:00:00+00:00,2026-04-27 13:45:00+00:00,-1.309432167945347,0.30943216794521067,-1,0.3762131582844163,0.3,65.91477942084445,stop,-86.31093251667569,21885.282207764816
GER40,8,2026-04-27 17:00:00+00:00,2026-04-27 18:00:00+00:00,-1.0138660678273617,0.013866067827373929,1,0.5085221943569006,0.3,65.65584662329442,stop,-66.56623504583588,21818.715972718986
JP225,11,2026-04-27 17:00:00+00:00,2026-04-27 18:00:00+00:00,-1.0423119521378341,0.04231195213782707,1,0.4612924674378646,0.3,65.65584662329442,stop,-68.43387366318824,21750.282099055796
EURGBP,20,2026-04-27 16:15:00+00:00,2026-04-27 18:45:00+00:00,1.4104306816311365,0.08956931836889642,-1,0.3786181852388995,0.3,65.65584662329442,target,92.6030205059625,21842.88511956176
GBPCAD,5,2026-04-27 16:15:00+00:00,2026-04-27 20:15:00+00:00,0.08147505455796648,0.0882972607298295,1,0.42371328121982116,0.3,65.65584662329442,time,5.349313685682392,21848.234433247446
US2000,9,2026-04-27 16:45:00+00:00,2026-04-27 20:45:00+00:00,0.1884374452175439,0.03362452554067607,-1,0.5263553535577975,0.3,65.65584662329442,time,12.372020001288508,21860.606453248736
NAS100,9,2026-04-27 17:00:00+00:00,2026-04-27 21:00:00+00:00,0.21722081125310955,0.01471927468450229,1,0.5187335189955763,0.3,65.65584662329442,time,14.261816267021748,21874.868269515762
XAUGBP,3,2026-04-28 07:15:00+00:00,2026-04-28 08:00:00+00:00,-1.0389301893359133,0.03893018933591021,1,0.49185381262841893,0.3,65.6246048085472,stop,-68.17938309883843,21806.68888641693
EURCHF,13,2026-04-28 07:45:00+00:00,2026-04-28 08:30:00+00:00,-1.5348499676741076,0.5348499676740729,-1,0.33912784144018954,0.3,65.6246048085472,stop,-100.72392256902477,21705.964963847902
EURJPY,2,2026-04-28 06:45:00+00:00,2026-04-28 09:30:00+00:00,-1.0946787686786263,0.09467876867860202,1,0.5274702298705717,0.3,65.6246048085472,stop,-71.83786158684191,21634.12710226106
USDCHF,18,2026-04-28 09:15:00+00:00,2026-04-28 09:45:00+00:00,-1.1926954300882584,0.19269543008822185,-1,0.392032659001105,0.3,65.11789489154361,stop,-77.66581565411161,21556.46128660695
USDJPY,2,2026-04-28 06:45:00+00:00,2026-04-28 10:45:00+00:00,1.4442596567837696,0.05574034321619448,1,0.5097417944185086,0.3,65.6246048085472,target,94.7789692173629,21651.24025582432
CNHJPY,2,2026-04-28 09:45:00+00:00,2026-04-28 11:00:00+00:00,1.4148794301414247,0.08512056985857398,1,0.41952556447819883,0.3,64.66938385982075,target,91.49938098318023,21742.7396368075
XAUAUD,3,2026-04-28 11:00:00+00:00,2026-04-28 12:45:00+00:00,-1.0244329737984688,0.024432973798454927,1,0.5316844951179549,0.3,65.22821891042238,stop,-66.82193827398152,21675.91769853352
US2000,9,2026-04-28 14:45:00+00:00,2026-04-28 16:30:00+00:00,1.45833082361556,0.04166917638444319,1,0.5184460378038815,0.3,65.02775309560045,target,94.83197672977629,21770.7496752633
NAS100,9,2026-04-28 18:00:00+00:00,2026-04-28 22:00:00+00:00,0.6565571659367752,0.009653531668113117,1,0.5078251504085393,0.3,65.31224902578977,time,42.881225121329436,21813.630900384625
GER40,8,2026-04-29 08:00:00+00:00,2026-04-29 08:45:00+00:00,-1.0429470402856917,0.04294704028573037,-1,0.374732444205655,0.3,65.44089270115376,stop,-68.25138535632183,21745.379515028297
XAUGBP,3,2026-04-29 08:15:00+00:00,2026-04-29 10:15:00+00:00,1.4794187458286865,0.02058125417132014,-1,0.4196110376375026,0.3,65.44089270115376,target,96.81448340585054,21842.193998434144
CADJPY,2,2026-04-29 10:30:00+00:00,2026-04-29 11:00:00+00:00,-1.3310168388827224,0.33101683888269406,-1,0.38189951749065454,0.3,65.52658199530237,stop,-87.21698403017686,21754.977014403965
GBPCAD,5,2026-04-29 11:00:00+00:00,2026-04-29 11:00:00+00:00,-1.1064799255765216,0.10647992557652204,1,0.37999581841150915,0.3,65.26493104321183,stop,-72.21433604344985,21682.76267836051
USDCAD,17,2026-04-29 08:30:00+00:00,2026-04-29 12:30:00+00:00,-0.17604655092964341,0.15190073354185207,-1,0.32212442402725777,0.3,65.44089270115376,time,-11.520643449794996,21671.242034910712
AUDCAD,7,2026-04-29 09:30:00+00:00,2026-04-29 12:45:00+00:00,-1.0733640549317118,0.07336405493172968,1,0.4529367895473147,0.3,65.2361385450848,stop,-70.02212619683917,21601.219908713872
SP500,9,2026-04-29 11:00:00+00:00,2026-04-29 15:00:00+00:00,-0.5248320625034015,0.12994882161792295,1,0.5261160759303958,0.3,65.26493104321183,time,-34.253128368551145,21566.96678034532
EURJPY,2,2026-04-29 12:45:00+00:00,2026-04-29 15:30:00+00:00,-1.113579030402149,0.11357903040222413,-1,0.45390500005039675,0.3,64.80365972614157,stop,-72.16399656434753,21494.80278378098
EURAUD,15,2026-04-29 12:15:00+00:00,2026-04-29 16:15:00+00:00,-0.6153574590494068,0.07728758160053942,-1,0.43459594976085425,0.3,65.04828803508148,time,-40.027949240781666,21454.774834540192
SP500,9,2026-04-29 15:45:00+00:00,2026-04-29 16:30:00+00:00,-1.0404472142382637,0.040447214238267415,1,0.5009484973748359,0.3,64.48440835134288,stop,-67.09262303095733,21387.682211509236
XAUAUD,3,2026-04-29 15:45:00+00:00,2026-04-29 16:30:00+00:00,-1.0194514113727215,0.019451411372720506,1,0.4115490453798043,0.3,64.48440835134288,stop,-65.73872110531141,21321.943490403923
DJ30,9,2026-04-29 15:45:00+00:00,2026-04-29 16:30:00+00:00,-1.0298777812099509,0.029877781209950712,1,0.469932993931007,0.3,64.48440835134288,stop,-66.41105939551743,21255.53243100841
AUDCAD,7,2026-04-29 13:00:00+00:00,2026-04-29 16:30:00+00:00,-1.0942832521125865,0.09428325211260905,1,0.4400404745747371,0.3,64.80365972614157,stop,-70.91355951391965,21184.618871494487
XAUEUR,3,2026-04-29 15:45:00+00:00,2026-04-29 16:30:00+00:00,-1.0338454002271324,0.03384540022711988,1,0.48000283743655486,0.3,64.48440835134288,stop,-66.66690896040392,21117.951962534076
USDCAD,17,2026-04-29 13:15:00+00:00,2026-04-29 16:45:00+00:00,-1.1072029748495247,0.10720297484954736,-1,0.4047823126466133,0.3,64.80365972614157,stop,-71.75080482992028,21046.201157704156
EURCAD,4,2026-04-29 16:00:00+00:00,2026-04-29 19:00:00+00:00,-1.100904285703779,0.10090428570374928,1,0.42535900990760006,0.3,64.48440835134288,stop,-70.99116151506593,20975.209996189093
GBPJPY,2,2026-04-30 08:45:00+00:00,2026-04-30 09:30:00+00:00,-1.1053063104154104,0.10530631041534735,-1,0.41673300012073655,0.3,62.92562998856725,stop,-69.55209591322857,20905.657900275866
EURJPY,2,2026-04-30 09:30:00+00:00,2026-04-30 10:45:00+00:00,1.4106868988145662,0.08931310118549038,-1,0.44610270702155735,0.3,62.716973700827566,target,88.47401313305515,20994.131913408928
NAS100,9,2026-04-30 12:45:00+00:00,2026-04-30 15:15:00+00:00,-1.0222694632533307,0.02226946325332078,-1,0.42620419765589035,0.3,62.98239574022673,stop,-64.38497988777044,20929.746933521164
AUDCAD,7,2026-04-30 17:00:00+00:00,2026-04-30 21:00:00+00:00,0.1269861516253496,0.052117189339491866,-1,0.42181308827551195,0.3,62.78924080056341,time,7.973364052740933,20937.720297573906
EURCAD,4,2026-05-01 11:00:00+00:00,2026-05-01 15:00:00+00:00,-1.1180033079190324,0.1180033079189792,-1,0.35999432019261673,0.3,62.81316089272163,stop,-70.22532165891319,20867.49497591499
DJ30,9,2026-05-01 13:30:00+00:00,2026-05-01 15:00:00+00:00,-1.0500176954965232,0.0500176954965225,-1,0.38501724391941655,0.3,62.81316089272163,stop,-65.95493044742791,20801.540045467555
AU200,10,2026-05-01 16:45:00+00:00,2026-05-01 17:00:00+00:00,1.4222058822510133,0.07779411774894648,1,0.4072075667081989,0.3,62.40462013640262,target,88.75221783763183,20890.292263305193
DJ30,9,2026-05-01 17:15:00+00:00,2026-05-01 18:15:00+00:00,1.4882942308912632,0.011705769108744843,-1,0.3875799137094234,0.3,62.67087678991551,target,93.27270437132843,20983.564967676517
NZDCNH,7,2026-05-01 17:00:00+00:00,2026-05-01 20:00:00+00:00,0.40356063647509965,0.08023138137506262,1,0.40591412160284385,0.3,62.67087678991551,weekend,25.291498925790854,21008.8564666023
US2000,9,2026-05-01 17:30:00+00:00,2026-05-01 20:00:00+00:00,-0.21143123773613268,0.03405603829306835,-1,0.47116534928074066,0.3,62.67087678991551,weekend,-13.250581049700505,20995.605885552606
XAUUSD,3,2026-05-04 09:15:00+00:00,2026-05-04 11:30:00+00:00,-1.0067438153127233,0.006743815312730463,1,0.5010256027472083,0.3,62.986817656657756,stop,-63.41158912207043,20932.194296430534
GER40,8,2026-05-04 08:30:00+00:00,2026-05-04 12:30:00+00:00,-0.38924209939847826,0.018910547339197326,-1,0.3689825535561558,0.3,62.986817656657756,time,-24.517121139106603,20907.67717529142
US2000,9,2026-05-04 08:30:00+00:00,2026-05-04 12:30:00+00:00,0.2523808698469871,0.06962230892329659,-1,0.46505603099494536,0.3,62.986817656657756,time,15.89666782908085,20923.573843120495
XAUAUD,3,2026-05-04 09:15:00+00:00,2026-05-04 13:00:00+00:00,-1.017671093740335,0.017671093740338657,1,0.4567949305202334,0.3,62.986817656657756,stop,-64.09986361587394,20859.47397950462
AUDUSD,7,2026-05-04 10:00:00+00:00,2026-05-04 13:00:00+00:00,-1.0593095566545896,0.05930955665454724,1,0.5190830338753089,0.3,62.986817656657756,stop,-66.7225378869576,20792.751441617656
EURUSD,6,2026-05-04 11:15:00+00:00,2026-05-04 13:00:00+00:00,-1.0718985854629846,0.07189858546300779,1,0.5084956728498136,0.3,62.986817656657756,stop,-67.51548074898639,20725.235960868667
XAUGBP,3,2026-05-04 13:30:00+00:00,2026-05-04 17:30:00+00:00,1.0300105080932165,0.014093644352472585,1,0.5506086118193791,0.3,62.17570788260602,time,64.04163246721843,20789.27759333588
XAUAUD,3,2026-05-04 13:30:00+00:00,2026-05-04 17:30:00+00:00,1.4880747531699983,0.01192524682999364,1,0.5906485907752902,0.3,62.17570788260602,target,92.52210116057887,20881.799694496454
NAS100,9,2026-05-05 09:15:00+00:00,2026-05-05 10:00:00+00:00,-1.0453094848795785,0.04530948487959438,-1,0.41659866985429755,0.3,62.64539908348942,stop,-65.48382984603795,20816.315864650416
USDCHF,18,2026-05-05 08:15:00+00:00,2026-05-05 10:15:00+00:00,1.3925575997605304,0.10744240023946236,-1,0.371664636899812,0.3,62.64539908348942,target,87.23732658374456,20903.553191234154
JP225,11,2026-05-05 13:45:00+00:00,2026-05-05 14:45:00+00:00,-1.0566911825507361,0.05669118255074789,-1,0.40860080351241873,0.3,62.710659573702536,stop,-66.26580102347238,20837.28739021068
US2000,9,2026-05-05 13:00:00+00:00,2026-05-05 15:15:00+00:00,-1.0872979506927325,0.08729795069274136,-1,0.4326171321633298,0.3,62.710659573702536,stop,-68.18517164107635,20769.102218569606
NZDCAD,7,2026-05-05 13:45:00+00:00,2026-05-05 15:15:00+00:00,-1.116418708321608,0.11641870832159794,-1,0.3660760322559651,0.3,62.710659573702536,stop,-70.01135355926907,20699.090865010337
AUDUSD,7,2026-05-05 13:45:00+00:00,2026-05-05 15:15:00+00:00,-1.0475765403633697,0.04757654036333679,-1,0.4010290512943895,0.3,62.710659573702536,stop,-65.69421580012433,20633.39664921022
EURCHF,13,2026-05-05 13:45:00+00:00,2026-05-05 17:45:00+00:00,-0.7693927685943388,0.2801729104977992,1,0.3859512186222844,0.3,62.710659573702536,time,-48.24912798978807,20585.147521220424
GBPNZD,16,2026-05-05 13:45:00+00:00,2026-05-05 17:45:00+00:00,-0.5396159936482942,0.07656057609590518,1,0.42110260209502304,0.3,62.710659573702536,time,-33.839674878203404,20551.307846342213
AU200,10,2026-05-05 13:45:00+00:00,2026-05-05 17:45:00+00:00,-0.19477543034950812,0.07063284836848036,-1,0.3461181611388738,0.3,62.710659573702536,time,-12.214495705969412,20539.09335063625
EURCAD,4,2026-05-05 16:00:00+00:00,2026-05-05 18:00:00+00:00,-1.106043696540672,0.10604369654062228,-1,0.34857406617227643,0.3,61.90018994763071,stop,-68.46431490624721,20470.629035730002
AUDCHF,12,2026-05-05 15:00:00+00:00,2026-05-05 18:45:00+00:00,-1.0717005459981686,0.07170054599817899,-1,0.3777191797745909,0.3,62.511862170632114,stop,-66.99399681962869,20403.635038910375
USDCAD,17,2026-05-05 16:00:00+00:00,2026-05-05 20:00:00+00:00,-0.3202604354700787,0.0840783753827264,-1,0.3942442232239702,0.3,61.90018994763071,time,-19.8241817883088,20383.810857122065
AUDJPY,1,2026-05-05 17:15:00+00:00,2026-05-05 21:00:00+00:00,-1.0611348636800493,0.061134863680028156,-1,0.43913865178959216,0.3,61.90018994763071,stop,-65.68444962184827,20318.12640750021
GBPCAD,5,2026-05-06 07:45:00+00:00,2026-05-06 10:45:00+00:00,-1.1496997174086263,0.14969971740860794,-1,0.35962728961435114,0.3,60.95437922250073,stop,-70.07923256692733,20248.04717493328
EURCHF,13,2026-05-06 10:45:00+00:00,2026-05-06 10:45:00+00:00,1.3364754769304146,0.16352452306956672,-1,0.39344193820774725,0.3,60.74414152479994,target,81.1830555150856,20329.23023044836
EURCAD,4,2026-05-06 11:15:00+00:00,2026-05-06 11:45:00+00:00,-1.107155300690131,0.1071553006901972,-1,0.43284972974766084,0.3,60.98769069134519,stop,-67.52284502577298,20261.70738542259
EURJPY,2,2026-05-06 08:00:00+00:00,2026-05-06 12:00:00+00:00,0.46797746432011367,0.019691157286771555,1,0.5684729903624349,0.3,60.95437922250073,time,28.525275827752512,20290.23266125034
CNHJPY,2,2026-05-06 08:00:00+00:00,2026-05-06 12:00:00+00:00,0.31828971446062604,0.023004331621287143,1,0.4859473617222811,0.3,60.95437922250073,time,19.401151957854474,20309.633813208187
AUDCHF,12,2026-05-06 10:15:00+00:00,2026-05-06 14:15:00+00:00,0.44028802969645775,0.05394504597663654,-1,0.43120016931594796,0.3,60.95437922250073,time,26.837483529245546,20336.471296737436
NZDJPY,1,2026-05-06 10:15:00+00:00,2026-05-06 14:15:00+00:00,-0.5068773461449684,0.027316177478340253,-1,0.44689268147618205,0.3,60.95437922250073,time,-30.89639397621517,20305.57490276122
USDCAD,17,2026-05-06 12:00:00+00:00,2026-05-06 15:00:00+00:00,1.4256937972638073,0.07430620273615263,1,0.438349036704292,0.3,60.9289014396247,target,86.8659568565708,20392.440859617782
USDCAD,17,2026-05-06 15:30:00+00:00,2026-05-06 17:00:00+00:00,-1.0590886109509015,0.05908861095087881,-1,0.4164799033273551,0.3,61.177322578853506,stop,-64.79220559173318,20327.648654026052
NZDCHF,12,2026-05-06 14:00:00+00:00,2026-05-06 18:00:00+00:00,0.8827254782505385,0.06223116410830374,-1,0.40273077335128193,0.3,60.9289014396247,time,53.78349366257264,20381.432147688625
CHFSGD,19,2026-05-06 15:30:00+00:00,2026-05-06 19:30:00+00:00,-0.293426026972784,0.07633841100740232,1,0.3999862848967704,0.3,61.177322578853506,time,-17.95101870514538,20363.481128983476
XAUAUD,3,2026-05-07 07:45:00+00:00,2026-05-07 09:15:00+00:00,1.4834416460294957,0.016558353970502298,1,0.39793466881142225,0.3,61.09044338695059,target,90.62410789460971,20454.10523687808
FR40,8,2026-05-07 10:15:00+00:00,2026-05-07 12:00:00+00:00,-1.0715148970269759,0.07151489702697576,1,0.3965336757211557,0.3,61.36231571063442,stop,-65.75063540001723,20388.35460147806
GBPCHF,14,2026-05-07 10:15:00+00:00,2026-05-07 14:15:00+00:00,-0.5961488837489362,0.23125393987056525,1,0.3498139243617128,0.3,61.36231571063442,time,-36.58107601514452,20351.773525462908
DJ30,9,2026-05-07 14:45:00+00:00,2026-05-07 16:30:00+00:00,-1.0337393345919281,0.0337393345919615,-1,0.4281937991499789,0.3,61.05532057638894,stop,-63.11528646593316,20288.65823899697
CHFSGD,19,2026-05-07 15:00:00+00:00,2026-05-07 17:45:00+00:00,1.3712198369719133,0.1287801630280596,1,0.33024637677510826,0.3,61.05532057638894,target,83.72026672702394,20372.378505723987
EURCAD,4,2026-05-07 15:30:00+00:00,2026-05-07 19:30:00+00:00,0.5483639418306268,0.09052725669131002,-1,0.3939456280570002,0.3,61.05532057638894,time,33.48053626100121,20405.859041984993
USDCAD,17,2026-05-07 17:15:00+00:00,2026-05-07 21:15:00+00:00,-0.12630479793224167,0.07325023984729356,-1,0.3660446177969459,0.3,60.86597471699114,time,-7.6876646375784965,20398.17137734742
EURCAD,4,2026-05-08 08:15:00+00:00,2026-05-08 09:00:00+00:00,-1.1563455025043319,0.15634550250440507,-1,0.30655811415400525,0.3,61.194514132042485,stop,-70.76200119452511,20327.409376152893
EURGBP,20,2026-05-08 07:15:00+00:00,2026-05-08 09:15:00+00:00,1.3570992697895592,0.14290073021037203,-1,0.33638975504555546,0.3,61.194514132042485,target,83.04703044372172,20410.45640659661
GBPJPY,2,2026-05-08 08:00:00+00:00,2026-05-08 09:15:00+00:00,-1.1016166860638843,0.10161668606394579,-1,0.3525010369071005,0.3,61.194514132042485,stop,-67.41289786343017,20343.043508733186
NZDJPY,1,2026-05-08 08:00:00+00:00,2026-05-08 09:30:00+00:00,-1.1181262038023734,0.11812620380239815,-1,0.33026771960522733,0.3,61.194514132042485,stop,-68.42318977999135,20274.620318953195
NZDCAD,7,2026-05-08 08:45:00+00:00,2026-05-08 09:30:00+00:00,-1.1378204172911344,0.13782041729117392,-1,0.313812069599754,0.3,61.194514132042485,stop,-69.6283676056488,20204.991951347547
NZDCHF,12,2026-05-08 11:45:00+00:00,2026-05-08 15:30:00+00:00,1.4264513983582778,0.07354860164176572,-1,0.34605557947493465,0.3,60.61497585404287,target,86.4643170684527,20291.456268416005
EURCHF,13,2026-05-08 14:00:00+00:00,2026-05-08 15:30:00+00:00,1.1910691688024495,0.3089308311975562,-1,0.30204722658861144,0.3,60.61497585404287,target,72.19662890745539,20363.652897323467
EURCAD,4,2026-05-08 15:30:00+00:00,2026-05-08 15:30:00+00:00,-1.134458250958696,0.13445825095869093,-1,0.38624713911066694,0.3,61.0909586919706,stop,-69.30514214708292,20294.34775517638
EURNZD,15,2026-05-08 15:30:00+00:00,2026-05-08 15:45:00+00:00,-1.1866207706957292,0.18662077069572622,-1,0.35929030485343255,0.3,60.88304326552934,stop,-72.24508372204384,20222.10267145434
USDCHF,18,2026-05-08 12:00:00+00:00,2026-05-08 15:45:00+00:00,-1.145535853575342,0.14553585357534116,1,0.39010987639522504,0.3,60.61497585404287,stop,-69.43662810440973,20152.666043349935
GBPNZD,16,2026-05-08 14:15:00+00:00,2026-05-08 16:00:00+00:00,1.4209415785288368,0.07905842147120551,1,0.30912846882476797,0.3,60.61497585404287,target,86.130339472531,20238.79638282246
XAUAUD,3,2026-05-08 15:45:00+00:00,2026-05-08 19:45:00+00:00,-0.411157303669673,0.011306377185155267,1,0.3688839521691097,0.3,60.457998130049994,time,-24.85774749641749,20213.93863532605
EURGBP,20,2026-05-08 15:45:00+00:00,2026-05-08 19:45:00+00:00,-0.3650607399124857,0.1714384916750811,1,0.36317858981212714,0.3,60.457998130049994,time,-22.070841530983728,20191.86779379507
AUDCHF,12,2026-05-08 15:45:00+00:00,2026-05-08 19:45:00+00:00,-0.6930786289127092,0.2896796360760272,1,0.3994885253725962,0.3,60.457998130049994,time,-41.90214645078219,20149.96564734429
XAUSGD,3,2026-05-08 15:45:00+00:00,2026-05-08 19:45:00+00:00,-0.40725548534174694,0.00044027620036943765,1,0.36435669285237804,0.3,60.457998130049994,time,-24.621851371243938,20125.34379597305
NZDCHF,12,2026-05-08 15:45:00+00:00,2026-05-08 19:45:00+00:00,-0.7454349454877618,0.1246248740027574,1,0.3494243057914033,0.3,60.457998130049994,time,-45.06750454037302,20080.276291432674
EURCHF,13,2026-05-08 17:30:00+00:00,2026-05-08 20:00:00+00:00,0.4573045779331149,0.2687237089062461,-1,0.3661797255677275,0.3,60.716389148467584,weekend,27.76588271316273,20108.04217414584
EURGBP,20,2026-05-11 12:15:00+00:00,2026-05-11 13:45:00+00:00,1.3430631108075228,0.15693688919254975,1,0.3879057691048367,0.3,60.324126522437666,target,81.01910902397172,20189.06128316981
CADJPY,2,2026-05-11 11:15:00+00:00,2026-05-11 13:45:00+00:00,-1.2264820959752756,0.22648209597527416,-1,0.37886493484636724,0.3,60.324126522437666,stop,-73.98646113511705,20115.074822034687
XAUEUR,3,2026-05-11 12:45:00+00:00,2026-05-11 15:15:00+00:00,1.4908082482602856,0.009191751739701444,1,0.46325824811234245,0.3,60.324126522437666,target,89.93170538874713,20205.006527423437
XAGSGD,3,2026-05-11 15:15:00+00:00,2026-05-11 15:15:00+00:00,-1.0121763066505292,0.01217630665052327,-1,0.4328059447806783,0.3,60.61501958227046,stop,-61.35308664833202,20143.653440775102
XAUAUD,3,2026-05-11 12:45:00+00:00,2026-05-11 15:30:00+00:00,1.488609325626871,0.01139067437311544,1,0.47761467071761654,0.3,60.324126522437666,target,89.79905730159598,20233.452498076702
AU200,10,2026-05-11 15:15:00+00:00,2026-05-11 16:15:00+00:00,1.4355962856979883,0.06440371430203058,1,0.3792123819658173,0.3,60.430960322325475,target,86.75446217989295,20320.20696025659
AUDUSD,7,2026-05-11 14:45:00+00:00,2026-05-11 16:45:00+00:00,-1.0719466059043108,0.07194660590430188,-1,0.4016921599035396,0.3,60.34522446610422,stop,-64.6868585489742,20255.520101707618
AUDCAD,7,2026-05-11 15:45:00+00:00,2026-05-11 17:45:00+00:00,-1.0972168125138155,0.09721681251378526,-1,0.38484612056581247,0.3,60.70035749423025,stop,-66.60145276826842,20188.918648939347
GBPCAD,5,2026-05-11 15:45:00+00:00,2026-05-11 18:00:00+00:00,-1.0870034384027483,0.08700343840274607,-1,0.362592533706491,0.3,60.70035749423025,stop,-65.98149730850432,20122.937151630846
NZDCHF,12,2026-05-11 17:00:00+00:00,2026-05-11 18:30:00+00:00,-1.0909286676819776,0.09092866768197501,-1,0.3557500741302379,0.3,60.766560305123,stop,-66.29198267328438,20056.645168957562
DJ30,9,2026-05-12 10:15:00+00:00,2026-05-12 14:15:00+00:00,0.428729638261933,0.030086290404347456,1,0.49718064139692925,0.3,60.16993550687283,time,25.796634684105427,20082.44180364166
AU200,10,2026-05-12 10:15:00+00:00,2026-05-12 14:15:00+00:00,-0.029576463347953684,0.07004951845562613,1,0.4994310142296787,0.3,60.16993550687283,time,-1.7796138921677613,20080.66218974949
EURUSD,6,2026-05-12 16:30:00+00:00,2026-05-12 18:15:00+00:00,-1.0643111893223158,0.06431118932232202,1,0.5247978339893655,0.3,60.241986569248645,stop,-64.116220372656,20016.545969376835
XAUUSD,3,2026-05-12 16:30:00+00:00,2026-05-12 18:15:00+00:00,-1.005165717304442,0.0051657173044372985,1,0.4369650785332935,0.3,60.241986569248645,stop,-60.553179641723375,19955.992789735115
XAUGBP,3,2026-05-12 17:45:00+00:00,2026-05-12 18:15:00+00:00,-1.0146744562001728,0.014674456200173491,1,0.45051949687678156,0.3,60.241986569248645,stop,-61.126004962570484,19894.866784772545
EURCHF,13,2026-05-12 15:45:00+00:00,2026-05-12 19:45:00+00:00,-0.002557868221685333,0.13090661175112947,1,0.4508850863235457,0.3,60.241986569248645,time,-0.15409106305667575,19894.712693709487
EURGBP,20,2026-05-13 12:00:00+00:00,2026-05-13 13:00:00+00:00,1.3595303824427856,0.1404696175572239,1,0.39503173031751765,0.3,59.68413808112862,target,81.14239907120482,19975.855092780694
NZDJPY,1,2026-05-13 10:45:00+00:00,2026-05-13 14:45:00+00:00,-0.7092192043199037,0.05287332096037721,1,0.4854510231691292,0.3,59.68413808112862,time,-42.329136920417305,19933.52595586027
GBPCHF,14,2026-05-13 15:00:00+00:00,2026-05-13 17:30:00+00:00,1.3904066183514263,0.10959338164857779,1,0.37345314340404917,0.3,59.800577867581,target,83.14711924832444,20016.6730751086
EURCHF,13,2026-05-13 16:15:00+00:00,2026-05-13 20:15:00+00:00,-0.35176240961122207,0.2994781030657045,-1,0.35597615593732446,0.3,59.800577867581,time,-21.035595366843808,19995.637479741752
CHFJPY,2,2026-05-13 18:00:00+00:00,2026-05-13 22:00:00+00:00,0.5516340367643738,0.05653252053836766,1,0.40350186172989083,0.3,60.05001922532597,time,33.12563451304482,20028.76311425479
XAUCNH,3,2026-05-14 07:15:00+00:00,2026-05-14 10:30:00+00:00,1.485056526605018,0.01494347339498179,1,0.43024656810147666,0.3,60.08628934276457,target,89.23153614795007,20117.994650402747
XAUEUR,3,2026-05-14 07:15:00+00:00,2026-05-14 10:30:00+00:00,1.4854263335053675,0.014573666494626613,1,0.4896387362698231,0.3,60.08628934276457,target,89.25375647236541,20207.248406875107
CADJPY,2,2026-05-14 07:15:00+00:00,2026-05-14 11:15:00+00:00,-0.03519603654451482,0.0863971773250617,1,0.3683510725179051,0.3,60.08628934276457,time,-2.1147992355322334,20205.133607639582
GBPJPY,2,2026-05-14 07:15:00+00:00,2026-05-14 11:15:00+00:00,-0.3803422310819838,0.04859393380480225,1,0.43546953836008395,0.3,60.08628934276457,time,-22.853353346064704,20182.280254293524
AUDCAD,7,2026-05-14 09:00:00+00:00,2026-05-14 13:00:00+00:00,0.7041843597590061,0.09434090275692612,-1,0.40585316593178306,0.3,60.08628934276457,time,42.31182519112906,20224.592079484646
AUDUSD,7,2026-05-14 09:00:00+00:00,2026-05-14 13:00:00+00:00,0.8845165993909768,0.062291042868859954,-1,0.43984770886296004,0.3,60.08628934276457,time,53.147320319484415,20277.739399804137
EURCHF,13,2026-05-14 11:15:00+00:00,2026-05-14 14:30:00+00:00,1.2333338711374777,0.26666612886242574,-1,0.33227971179379967,0.3,60.54684076288072,target,74.67446950322811,20352.413869307362
XAGUSD,3,2026-05-14 12:45:00+00:00,2026-05-14 15:45:00+00:00,-1.1279414332254623,0.1279414332254668,1,0.36899692866311967,0.3,60.54684076288072,stop,-68.29329034735753,20284.120578960006
XAGEUR,3,2026-05-14 12:45:00+00:00,2026-05-14 16:00:00+00:00,-1.0621452023548412,0.06214520235484799,1,0.38021610275439793,0.3,60.54684076288072,stop,-64.30953643403629,20219.811042525966
XAGSGD,3,2026-05-14 16:00:00+00:00,2026-05-14 16:15:00+00:00,-1.0106647315408737,0.010664731540878812,1,0.3994202052845523,0.3,60.65943312757806,stop,-61.30634969730526,20158.50469282866
USDCHF,18,2026-05-14 16:45:00+00:00,2026-05-14 18:00:00+00:00,-1.1139842152296444,0.11398421522959355,-1,0.36254222654992324,0.3,60.47551407848615,stop,-67.3687680913317,20091.135924737333
CADJPY,2,2026-05-14 16:45:00+00:00,2026-05-14 18:00:00+00:00,-1.0764920610799373,0.07649206107996055,-1,0.4430021528568817,0.3,60.47551407848615,stop,-65.10141079521833,20026.03451394211
GBPUSD,6,2026-05-14 16:45:00+00:00,2026-05-14 18:00:00+00:00,-1.0514420090323526,0.0514420090323457,1,0.43065183973467436,0.3,60.47551407848615,stop,-63.5864960199478,19962.448017922157
NZDCAD,7,2026-05-14 15:30:00+00:00,2026-05-14 19:30:00+00:00,1.3977510681706182,0.10224893182934561,-1,0.3565288764938284,0.3,61.05724160792225,target,85.34282467702484,20047.790842599177
XAUCNH,3,2026-05-14 15:45:00+00:00,2026-05-14 19:45:00+00:00,0.8494890476141841,0.01565130103588169,-1,0.41216138936746677,0.3,60.85236173688017,time,51.693414816936155,20099.484257416116
NZDUSD,7,2026-05-14 16:45:00+00:00,2026-05-14 20:45:00+00:00,-0.667984597117589,0.08934218220456482,1,0.449389864225429,0.3,60.47551407848615,time,-40.39671190719665,20059.087545508926
CHFJPY,2,2026-05-14 16:45:00+00:00,2026-05-14 20:45:00+00:00,-0.8151177422926815,0.043592746795693686,-1,0.5013354197859509,0.3,60.47551407848615,time,-49.29466449964491,20009.792881009285
NZDCHF,12,2026-05-14 16:45:00+00:00,2026-05-14 20:45:00+00:00,0.16606895773169453,0.09639009366537755,1,0.4113542680642592,0.3,60.47551407848615,time,10.043105591302613,20019.835986600592
GBPCHF,14,2026-05-15 08:30:00+00:00,2026-05-15 09:15:00+00:00,-1.2450069664146852,0.2450069664146304,1,0.33972670176750813,0.3,60.05950795980191,stop,-74.77450580939161,19945.061480791206
CHFSGD,19,2026-05-15 09:30:00+00:00,2026-05-15 13:00:00+00:00,-1.1717383375093893,0.17173833750947082,-1,0.3667008109634751,0.3,59.83518444237374,stop,-70.11117954307467,19874.95030124813
GBPJPY,2,2026-05-15 11:45:00+00:00,2026-05-15 13:45:00+00:00,1.4430126682151163,0.05698733178488446,1,0.47631679444626257,0.3,59.83518444237374,target,86.34292915533334,19961.293230403462
US2000,9,2026-05-15 11:45:00+00:00,2026-05-15 15:00:00+00:00,-1.051413828398358,0.05141382839837112,1,0.507411121744727,0.3,59.83518444237374,stop,-62.911540347478045,19898.38169005599
XAUGBP,3,2026-05-15 11:15:00+00:00,2026-05-15 15:15:00+00:00,-0.33263370592418756,0.008224459761861884,1,0.5045433601888035,0.3,59.83518444237374,time,-19.90319914572407,19878.47849091026
CHFSGD,19,2026-05-15 14:00:00+00:00,2026-05-15 15:30:00+00:00,1.3682175165239086,0.13178248347606578,-1,0.3699719378205477,0.3,59.88387969121052,target,81.93417315092458,19960.41266406118
AU200,10,2026-05-15 11:45:00+00:00,2026-05-15 15:45:00+00:00,-0.5855670975516589,0.0615666340883764,1,0.4821465561316774,0.3,59.83518444237374,time,-35.03751528538896,19925.375148775784
EURGBP,20,2026-05-15 12:15:00+00:00,2026-05-15 16:15:00+00:00,0.8442114591477672,0.11622348062764412,-1,0.3646500397581834,0.3,59.83518444237374,time,50.51354836647211,19975.88869714226
CHFJPY,2,2026-05-15 12:30:00+00:00,2026-05-15 16:30:00+00:00,0.15333516258156038,0.05393772547698345,1,0.3710335478156371,0.3,59.83518444237374,time,9.17483773456903,19985.063534876826
XAGUSD,3,2026-05-15 12:30:00+00:00,2026-05-15 16:30:00+00:00,-1.0848599726592398,0.0848599726592418,1,0.5052707451963617,0.3,59.83518444237374,stop,-64.91279655821414,19920.15073831861
GBPCHF,14,2026-05-15 17:15:00+00:00,2026-05-15 18:15:00+00:00,-1.1600037331842519,0.16000373318424504,1,0.3690593796075563,0.3,59.76045221495598,stop,-69.32234766612804,19850.82839065249
EURNZD,15,2026-05-15 17:15:00+00:00,2026-05-15 20:00:00+00:00,-0.07603578645982485,0.1040519085419798,-1,0.4212309752944201,0.3,59.76045221495598,weekend,-4.54393298335896,19846.284457669128
GER40,8,2026-05-18 09:45:00+00:00,2026-05-18 10:15:00+00:00,1.4888083563802177,0.01119164361977823,1,0.4780667352036483,0.3,59.53885337300751,target,88.64194243103009,19934.926400100157
NZDUSD,7,2026-05-18 08:30:00+00:00,2026-05-18 10:30:00+00:00,1.4388411189742574,0.06115888102575226,1,0.40103612822250767,0.3,59.53885337300751,target,85.66695040966236,20020.593350509822
FR40,8,2026-05-18 06:45:00+00:00,2026-05-18 10:45:00+00:00,0.026288809658424343,0.3586863012717077,1,0.5507345487171582,0.3,59.53885337300751,time,1.5652055836038306,20022.158556093433
AU200,10,2026-05-18 06:30:00+00:00,2026-05-18 11:00:00+00:00,0.04844787870185946,0.049832103807595785,1,0.4658318631526079,0.3,59.53885337300751,time,2.8845311462632637,20025.043087239697
AUDCAD,7,2026-05-18 11:45:00+00:00,2026-05-18 14:30:00+00:00,-1.05080326305275,0.050803263052735456,-1,0.4262187546537913,0.3,60.075129261719184,stop,-63.12714185653026,19961.915945383167
XAUUSD,3,2026-05-18 10:45:00+00:00,2026-05-18 14:45:00+00:00,-0.05378984525434018,0.0037527799014648,-1,0.4234094102346165,0.3,60.06647566828039,time,-3.230966431170392,19958.68497895199
NZDJPY,1,2026-05-19 07:15:00+00:00,2026-05-19 11:15:00+00:00,-0.6382548046101734,0.09514976298451983,1,0.4921433214452015,0.3,59.87605493685609,time,-38.21617974455109,19920.468799207447
CHFJPY,2,2026-05-19 12:00:00+00:00,2026-05-19 15:30:00+00:00,-1.0646603696080266,0.06466036960806593,1,0.45626570141871065,0.3,59.76140639762244,stop,-63.62560102358819,19856.843198183866
GER40,8,2026-05-19 13:45:00+00:00,2026-05-19 17:15:00+00:00,1.4931032783679323,0.006896721632073963,-1,0.4262553097618788,0.3,59.76140639762244,target,89.22995181216838,19946.07314999604
GBPAUD,16,2026-05-19 16:15:00+00:00,2026-05-19 17:15:00+00:00,-1.0885950980357848,0.08859509803578987,-1,0.41067907117494173,0.3,59.57052959455167,stop,-64.8481865040246,19881.224963492015
CHFJPY,2,2026-05-19 17:00:00+00:00,2026-05-19 17:45:00+00:00,-1.0621219142485092,0.0621219142485215,1,0.5110553633562906,0.3,59.57052959455167,stop,-63.27116492576269,19817.953798566246
GBPCHF,14,2026-05-20 09:00:00+00:00,2026-05-20 10:00:00+00:00,-1.2309315935425393,0.2309315935425393,-1,0.311054886616473,0.3,59.45386139569882,stop,-73.18363635006482,19744.770162216184
EURUSD,6,2026-05-20 09:00:00+00:00,2026-05-20 11:15:00+00:00,-1.0931477549921347,0.09314775499222737,1,0.4171789027672279,0.3,59.45386139569882,stop,-64.99185511032171,19679.778307105866
GBPAUD,16,2026-05-20 09:15:00+00:00,2026-05-20 11:30:00+00:00,-1.0570778313371438,0.057077831337108274,1,0.4424451328335501,0.3,59.45386139569882,stop,-62.84735886878445,19616.930948237088
EURJPY,2,2026-05-20 09:00:00+00:00,2026-05-20 13:00:00+00:00,0.1900603415977533,0.10810714449763859,1,0.41336762331542093,0.3,59.45386139569882,time,11.299821206171996,19628.230769443253
CHFJPY,2,2026-05-20 09:00:00+00:00,2026-05-20 13:00:00+00:00,0.33206014074390133,0.10599999788131288,1,0.40152208358745445,0.3,59.45386139569882,time,19.742257582824152,19647.973027026077
GBPUSD,6,2026-05-20 09:15:00+00:00,2026-05-20 13:15:00+00:00,-0.09790869007905925,0.059561633831248295,1,0.3991083176662973,0.3,59.45386139569882,time,-5.821049689394822,19642.15197733669
GBPCAD,5,2026-05-20 09:15:00+00:00,2026-05-20 13:15:00+00:00,0.4094179022882911,0.05704161164710461,1,0.36295847728953445,0.3,59.45386139569882,time,24.341475215565822,19666.493452552255
CHFJPY,2,2026-05-20 14:30:00+00:00,2026-05-20 17:15:00+00:00,1.3961035542254945,0.10389644577449307,1,0.34380147428539526,0.3,58.9994803576568,target,82.36938422478191,19748.862836777043
GBPUSD,6,2026-05-20 14:45:00+00:00,2026-05-20 17:15:00+00:00,-1.056524434121301,0.05652443412127154,-1,0.3768151563128732,0.3,58.9994803576568,stop,-62.33439259832416,19686.528444178723
GBPJPY,2,2026-05-20 14:45:00+00:00,2026-05-20 17:15:00+00:00,-1.0782403917621362,0.07824039176218126,-1,0.3700060462641304,0.3,58.9994803576568,stop,-63.615622814602325,19622.912821364123
CNHJPY,2,2026-05-21 08:30:00+00:00,2026-05-21 11:30:00+00:00,-1.2540147756263558,0.2540147756263487,-1,0.3335931953160509,0.3,58.86873846409237,stop,-73.82226785645541,19549.090553507674
GBPCHF,14,2026-05-21 10:15:00+00:00,2026-05-21 11:30:00+00:00,1.2771353340305374,0.2228646659693725,-1,0.29062286772130785,0.3,58.86873846409237,target,75.18334596229495,19624.273899469976
XAUGBP,3,2026-05-21 08:45:00+00:00,2026-05-21 12:45:00+00:00,0.04384720396578449,0.01940777880452409,1,0.5381848623414015,0.3,58.86873846409237,time,2.5812295826434806,19626.855129052623
XAGSGD,3,2026-05-21 08:45:00+00:00,2026-05-21 12:45:00+00:00,0.15182749710207047,0.011316335187731834,1,0.45270900035979683,0.3,58.86873846409237,time,8.937893218559529,19635.793022271188
CHFJPY,2,2026-05-21 13:15:00+00:00,2026-05-21 15:15:00+00:00,1.431796053347463,0.06820394665254208,-1,0.398549233488956,0.3,58.90737906681349,target,84.3433528609065,19720.13637513209
XAGUSD,3,2026-05-21 13:45:00+00:00,2026-05-21 17:45:00+00:00,0.11086285887812337,0.07949678173212728,1,0.44101424326298927,0.3,58.90737906681349,time,6.530640452364263,19726.667015584448
NZDUSD,7,2026-05-21 16:30:00+00:00,2026-05-21 20:15:00+00:00,1.4562288570919193,0.043771142908063304,1,0.41601369106527475,0.3,59.16040912539621,target,86.15109496576608,19812.818110550215
EURCHF,13,2026-05-21 16:30:00+00:00,2026-05-21 20:30:00+00:00,0.8895779671226408,0.24819082563171632,-1,0.3520270760146273,0.3,59.16040912539621,time,52.627796483913684,19865.445907034125
EURGBP,20,2026-05-22 09:15:00+00:00,2026-05-22 11:00:00+00:00,1.1827521847222509,0.31724781527778534,-1,0.37298915020046647,0.3,59.59633772110235,target,70.4876986410789,19935.933605675207
CADJPY,2,2026-05-22 07:15:00+00:00,2026-05-22 11:15:00+00:00,0.7331954322253755,0.225341786823143,1,0.3399712684048772,0.3,59.59633772110235,time,43.69576259447309,19979.629368269685
GBPJPY,2,2026-05-22 08:15:00+00:00,2026-05-22 12:15:00+00:00,0.14602208467340533,0.1387832600828751,-1,0.3212228709668829,0.3,59.59633772110235,time,8.702381472935668,19988.331749742618
AUDUSD,7,2026-05-22 09:30:00+00:00,2026-05-22 12:15:00+00:00,-1.0658561476311428,0.06585614763115293,1,0.3762853077576282,0.3,59.59633772110235,stop,-63.52112293633871,19924.810626806284
EURGBP,20,2026-05-22 14:00:00+00:00,2026-05-22 16:00:00+00:00,-1.1528128216367137,0.1528128216368027,1,0.3104447557955241,0.3,59.7744318804188,stop,-68.90873147779713,19855.901895328483
AUDUSD,7,2026-05-22 12:30:00+00:00,2026-05-22 16:30:00+00:00,0.003921530932789081,0.04985384573861436,1,0.4324040543123379,0.3,59.7744318804188,time,0.2344072836089561,19856.136302612096
XAUAUD,3,2026-05-22 15:30:00+00:00,2026-05-22 17:00:00+00:00,1.4889721082306897,0.011027891769294525,-1,0.3949292373670609,0.3,59.7744318804188,target,89.00246185527894,19945.13876446738
GBPNZD,16,2026-05-22 17:00:00+00:00,2026-05-22 20:00:00+00:00,-0.13180061461175138,0.08225081283378134,-1,0.3966991231514165,0.3,59.835416293402076,weekend,-7.886344643020396,19937.252419824363
EURGBP,20,2026-05-25 09:00:00+00:00,2026-05-25 11:00:00+00:00,-1.1904019365639766,0.19040193656386684,1,0.3347121110019599,0.3,59.811757259473026,stop,-71.20003167097119,19866.052388153388
XAUGBP,3,2026-05-25 10:15:00+00:00,2026-05-25 14:15:00+00:00,-0.46232351697157903,0.026014255150423462,-1,0.41919482155008914,0.3,59.811757259473026,time,-27.65238197244994,19838.400006180935
GBPNZD,16,2026-05-25 10:30:00+00:00,2026-05-25 14:30:00+00:00,-0.48304133304100494,0.10473278936643775,-1,0.39004048226535715,0.3,59.811757259473026,time,-28.891550958140854,19809.508455222793
SP500,9,2026-05-25 15:00:00+00:00,2026-05-25 19:00:00+00:00,0.6020153269467537,0.026902373100896465,-1,0.42524733126776537,0.3,59.42852536566833,time,35.77688312797627,19845.285338350775
NZDCAD,7,2026-05-25 15:00:00+00:00,2026-05-25 19:00:00+00:00,1.15136836918155,0.15511553875411013,-1,0.365589173248183,0.3,59.42852536566833,time,68.42412433313392,19913.70946268391
NZDCHF,12,2026-05-25 16:45:00+00:00,2026-05-25 20:45:00+00:00,-0.1411481101856291,0.08627989795091696,-1,0.30992381145847486,0.3,59.42852536566833,time,-8.388224046482806,19905.32123863742
AUDUSD,7,2026-05-26 10:15:00+00:00,2026-05-26 14:15:00+00:00,0.292380496735751,0.05862989590072357,1,0.4941092955479838,0.3,59.71596371591221,time,17.459783134312495,19922.781021771734
USDCHF,18,2026-05-26 17:00:00+00:00,2026-05-26 18:30:00+00:00,-1.0811019249981253,0.08110192499809693,-1,0.42012417007507724,0.3,59.76834306531515,stop,-64.61567074186055,19858.16535102988
AUDCAD,7,2026-05-26 16:30:00+00:00,2026-05-26 18:30:00+00:00,1.418100052121051,0.08189994787897541,-1,0.40680860828526266,0.3,59.76834306531515,target,84.75749041611226,19942.922841445994
SP500,9,2026-05-26 16:45:00+00:00,2026-05-26 18:45:00+00:00,-1.0178554373123818,0.01785543731238188,1,0.4430001761995254,0.3,59.76834306531515,stop,-60.83553296818282,19882.087308477814
AUDUSD,7,2026-05-26 16:30:00+00:00,2026-05-26 20:30:00+00:00,0.8087939471576534,0.06316060962348669,-1,0.42493292529591814,0.3,59.76834306531515,time,48.340274102869,19930.427582580684
EURUSD,6,2026-05-27 06:15:00+00:00,2026-05-27 09:45:00+00:00,-1.1319958642736163,0.1319958642737142,-1,0.34751679652246165,0.3,59.79128274774196,stop,-67.68348479005833,19862.744097790623
USDCHF,18,2026-05-27 09:45:00+00:00,2026-05-27 11:30:00+00:00,-1.1502326027737033,0.15023260277370315,-1,0.43833549194713833,0.3,59.588232293371796,stop,-68.54032752548908,19794.20377026513
CHFJPY,2,2026-05-27 10:15:00+00:00,2026-05-27 13:15:00+00:00,1.4144588844011292,0.08554111559884316,-1,0.3957061179595615,0.3,59.588232293371796,target,84.285104573118,19878.48887483825
XAUUSD,3,2026-05-27 09:45:00+00:00,2026-05-27 13:30:00+00:00,-1.0076827343695574,0.007682734369544447,1,0.5046474019315851,0.3,59.588232293371796,stop,-60.04603285363325,19818.442841984623
USDCAD,17,2026-05-27 10:45:00+00:00,2026-05-27 13:30:00+00:00,-1.1417965730535369,0.14179657305350504,-1,0.3677682643747062,0.3,59.588232293371796,stop,-68.03763942689001,19750.405202557726
CADJPY,2,2026-05-27 10:45:00+00:00,2026-05-27 13:45:00+00:00,-1.34592943730444,0.3459294373043748,1,0.3868455678580363,0.3,59.588232293371796,stop,-80.20155596058416,19670.203646597147
AUDCAD,7,2026-05-27 14:45:00+00:00,2026-05-27 18:45:00+00:00,-0.1032003896004813,0.08171206732113537,1,0.45593286724395715,0.3,59.010610939791356,time,-6.089918039548891,19664.113728557597
NZDCNH,7,2026-05-27 15:45:00+00:00,2026-05-27 19:45:00+00:00,0.5490939234957506,0.0443748349106929,-1,0.5347036236869154,0.3,59.010610939791356,time,32.4023678888113,19696.5160964464
GBPJPY,2,2026-05-27 17:30:00+00:00,2026-05-27 21:30:00+00:00,0.5935462399087156,0.07744398444123234,-1,0.40458511639368927,0.3,59.010610939791356,time,35.02552623802928,19731.541622684425
EURCHF,13,2026-05-28 06:45:00+00:00,2026-05-28 08:45:00+00:00,1.1529557432841389,0.347044256715902,-1,0.3271230682425443,0.3,59.19462486805324,target,68.24878271317209,19799.790405397594
EURUSD,6,2026-05-28 15:30:00+00:00,2026-05-28 15:30:00+00:00,-1.073552920840145,0.07355292084007875,-1,0.3722556620416136,0.3,59.399371216192755,stop,-63.76836846521177,19736.02203693238
NAS100,9,2026-05-28 16:15:00+00:00,2026-05-28 17:00:00+00:00,-1.0210190308191613,0.021019030819176183,-1,0.43586830443369545,0.3,59.20806611079713,stop,-60.452562277122915,19675.56947465526
NZDCNH,7,2026-05-28 16:15:00+00:00,2026-05-28 17:00:00+00:00,-1.0642611099732577,0.06426110997324506,-1,0.4095229543388938,0.3,59.20806611079713,stop,-63.01284215844697,19612.55663249681
AUDCAD,7,2026-05-28 16:15:00+00:00,2026-05-28 17:00:00+00:00,-1.0811536238308441,0.08115362383087424,-1,0.35554548794943397,0.3,59.20806611079713,stop,-64.0130152357045,19548.543617261108
GBPCHF,14,2026-05-29 09:15:00+00:00,2026-05-29 10:00:00+00:00,-1.364593932267649,0.3645939322674929,1,0.3150552014539524,0.3,58.645630851783295,stop,-80.02747201435191,19468.51614524676
USDCHF,18,2026-05-29 10:45:00+00:00,2026-05-29 11:45:00+00:00,-1.1882560664607438,0.18825606646069437,-1,0.36356505731512506,0.3,58.405548435740236,stop,-69.40074724373514,19399.11539800302
SP500,9,2026-05-29 09:30:00+00:00,2026-05-29 13:30:00+00:00,-0.3453154165575909,0.10852770234667644,-1,0.5139674127702206,0.3,58.645630851783295,time,-20.25124044686625,19378.86415755615
XAGSGD,3,2026-05-29 10:30:00+00:00,2026-05-29 14:30:00+00:00,0.1877871999463928,0.0225344639935674,1,0.43913533406736566,0.3,58.405548435740236,time,10.967814402081082,19389.831971958236
AUDUSD,7,2026-05-29 10:45:00+00:00,2026-05-29 14:45:00+00:00,0.9856089201802881,0.08259368605102965,1,0.42070794294475905,0.3,58.405548435740236,time,57.565029526287454,19447.397001484525
AUDJPY,1,2026-05-29 12:00:00+00:00,2026-05-29 15:00:00+00:00,1.4469253652289158,0.05307463477109341,1,0.4887023854880561,0.3,58.19734619400904,target,84.20721639712019,19531.604217881642
US2000,9,2026-05-29 16:30:00+00:00,2026-05-29 16:30:00+00:00,-1.0778136787889607,0.07781367878896248,1,0.470338388369731,0.3,58.5948126536449,stop,-63.15429058417496,19468.449927297464
XAGUSD,3,2026-05-29 15:00:00+00:00,2026-05-29 17:15:00+00:00,-1.2003505722089443,0.20035057220895078,1,0.4030104032091739,0.3,58.5948126536449,stop,-70.33431689727854,19398.115610400186
GBPCHF,14,2026-06-01 09:45:00+00:00,2026-06-01 11:15:00+00:00,-1.2505013930559874,0.2505013930560084,-1,0.324416613482684,0.3,58.19434683120055,stop,-72.77211178039957,19325.343498619783
AUDJPY,1,2026-06-01 09:00:00+00:00,2026-06-01 13:00:00+00:00,0.9829533784236999,0.08335055879154588,-1,0.4164010583528534,0.3,58.19434683120055,time,57.20232982288911,19382.54582844267
XAUCNH,3,2026-06-01 11:00:00+00:00,2026-06-01 15:00:00+00:00,-0.02851690114325375,0.014443625254369817,1,0.5416756421157469,0.3,58.19434683120055,time,-1.659522435681568,19380.886306006985
XAUGBP,3,2026-06-01 11:00:00+00:00,2026-06-01 15:00:00+00:00,-0.04503045416598558,0.012281032954359365,1,0.5108008445156779,0.3,58.19434683120055,time,-2.620517867701844,19378.26578813928
AUDCHF,12,2026-06-01 16:15:00+00:00,2026-06-01 20:00:00+00:00,-1.0771297234038872,0.07712972340388709,-1,0.43719444187465256,0.3,58.134797364417864,stop,-62.618718205276444,19315.647069934
FR40,8,2026-06-02 07:15:00+00:00,2026-06-02 09:00:00+00:00,-1.774781514908802,0.7747815149088083,-1,0.38934848636250075,0.3,57.94694120980203,stop,-102.84316010466372,19212.803909829337
GBPAUD,16,2026-06-02 10:30:00+00:00,2026-06-02 14:30:00+00:00,-0.7076082094090612,0.06487319533847494,1,0.45922032351403635,0.3,57.638411729488034,time,-40.78541331708526,19172.018496512246
SP500,9,2026-06-02 11:15:00+00:00,2026-06-02 15:15:00+00:00,0.4155020834740865,0.09678754415041853,-1,0.4412638458893077,0.3,57.638411729488034,time,23.948880161739503,19195.967376673987
EURJPY,2,2026-06-02 15:00:00+00:00,2026-06-02 19:00:00+00:00,0.0483634544309802,0.15405236414334236,-1,0.3577917837236717,0.3,57.51605548953678,time,2.781675128717941,19198.749051802704
EURCHF,13,2026-06-02 16:00:00+00:00,2026-06-02 20:00:00+00:00,-0.3595553678567161,0.2886075527707375,-1,0.3916081651020367,0.3,57.587902130022,time,-20.706039334456626,19178.043012468246
USDCHF,18,2026-06-02 17:15:00+00:00,2026-06-02 20:30:00+00:00,-1.0840244971653292,0.0840244971653454,-1,0.37812318238580517,0.3,57.587902130022,stop,-62.426696649303295,19115.616315818945
EURCHF,13,2026-06-03 06:30:00+00:00,2026-06-03 09:15:00+00:00,-1.5437524254064596,0.5437524254065552,-1,0.3341328427987234,0.3,57.34684894745686,stop,-88.52933715205441,19027.08697866689
GBPAUD,16,2026-06-03 08:00:00+00:00,2026-06-03 09:30:00+00:00,-1.144882390571632,0.14488239057160165,-1,0.3612213253794326,0.3,57.34684894745686,stop,-65.65539751471469,18961.43158115218
USDJPY,2,2026-06-03 10:15:00+00:00,2026-06-03 10:30:00+00:00,1.3624365895432582,0.13756341045675,-1,0.4952140888119807,0.3,56.884294743456564,target,77.50124452884845,19038.932825681026
NZDCHF,12,2026-06-03 09:45:00+00:00,2026-06-03 13:45:00+00:00,-0.5497931246368566,0.07527720542393262,1,0.46161454574513705,0.3,56.884294743456564,time,-31.2745941497689,19007.658231531255
GBPAUD,16,2026-06-03 15:15:00+00:00,2026-06-03 16:15:00+00:00,-1.1066370125886713,0.10663701258862486,-1,0.4279678255454975,0.3,57.02297469459379,stop,-63.10373436494468,18944.554497166304
EURAUD,15,2026-06-03 15:15:00+00:00,2026-06-03 16:15:00+00:00,-1.0823211775190973,0.08232117751911218,-1,0.4256849805080922,0.3,57.02297469459379,stop,-61.71717311709444,18882.837324049207
NZDCAD,7,2026-06-03 15:45:00+00:00,2026-06-03 16:30:00+00:00,-1.1184045376886764,0.11840453768866059,1,0.42590497837887425,0.3,57.02297469459379,stop,-63.77475365094026,18819.062570398266
EURCAD,4,2026-06-03 15:45:00+00:00,2026-06-03 17:45:00+00:00,1.4040657362927382,0.09593426370731024,1,0.40301283959519507,0.3,57.02297469459379,target,80.06400495016702,18899.126575348433
USDCHF,18,2026-06-03 15:45:00+00:00,2026-06-03 17:45:00+00:00,-1.0993173906531575,0.08024863274514674,-1,0.40287875466700296,0.3,57.02297469459379,stop,-62.68634774854188,18836.440227599887
USDCAD,17,2026-06-03 16:30:00+00:00,2026-06-03 18:00:00+00:00,-1.1060053539542443,0.10600535395422234,-1,0.37170147837632284,0.3,56.45718771119486,stop,-62.441951877781285,18773.9982757221
GBPCAD,5,2026-06-03 15:45:00+00:00,2026-06-03 18:45:00+00:00,1.3997476258503379,0.10025237414968942,1,0.36396490291437056,0.3,57.02297469459379,target,79.81777344768156,18853.816049169778
GBPUSD,6,2026-06-03 15:45:00+00:00,2026-06-03 19:15:00+00:00,-1.062468801952459,0.06246880195243199,1,0.372964014999475,0.3,57.02297469459379,stop,-60.58513160753046,18793.23091756225
CHFSGD,19,2026-06-03 17:15:00+00:00,2026-06-03 19:30:00+00:00,-1.0650528746147008,0.0650528746147008,1,0.3701854423323369,0.3,56.45718771119486,stop,-60.12989006446985,18733.101027497774
JP225,11,2026-06-03 17:00:00+00:00,2026-06-03 21:00:00+00:00,0.6410620653889266,0.025529020303098848,1,0.4275287749534858,0.3,56.45718771119486,time,36.192561360188904,18769.293588857967
AU200,10,2026-06-03 17:00:00+00:00,2026-06-03 21:00:00+00:00,-0.32715519488804873,0.07647783776604097,1,0.39637251416053626,0.3,56.45718771119486,time,-18.470262248487106,18750.823326609476
CHFJPY,2,2026-06-04 07:45:00+00:00,2026-06-04 11:45:00+00:00,-0.06307444785781141,0.06028958475956397,1,0.3713489193709638,0.3,56.25246997982855,time,-3.5480934846157974,18747.275233124863
GBPJPY,2,2026-06-04 07:45:00+00:00,2026-06-04 11:45:00+00:00,0.16338814992844067,0.054553022523498584,1,0.3775077096610724,0.3,56.25246997982855,time,9.190986998909334,18756.466220123766
AUDJPY,1,2026-06-04 07:45:00+00:00,2026-06-04 11:45:00+00:00,0.016382238931752422,0.05805139898301856,1,0.41667204585222484,0.3,56.25246997982855,time,0.9215414037107816,18757.387761527483
NZDJPY,1,2026-06-04 07:45:00+00:00,2026-06-04 11:45:00+00:00,-0.6690973888481097,0.07129484346462524,1,0.3559730591232375,0.3,56.25246997982855,time,-37.638380779759956,18719.74938074773
CHFSGD,19,2026-06-04 09:30:00+00:00,2026-06-04 12:15:00+00:00,-1.152570207191514,0.15257020719145506,-1,0.3014633028626263,0.3,56.25246997982855,stop,-64.8349209796854,18654.914459768042
AUDCHF,12,2026-06-04 12:00:00+00:00,2026-06-04 13:45:00+00:00,-1.0764924758344483,0.07649247583442167,1,0.3730413325873195,0.3,56.15924814224328,stop,-60.455008073644606,18594.45945169439
GBPCHF,14,2026-06-04 13:30:00+00:00,2026-06-04 14:00:00+00:00,-1.2150099140223134,0.21500991402222103,1,0.405064939351589,0.3,55.96474337930421,stop,-67.99771804156924,18526.461733652817
NZDCHF,12,2026-06-04 12:00:00+00:00,2026-06-04 14:00:00+00:00,-1.0847630620497468,0.08476306204973158,1,0.35104439328515175,0.3,56.15924814224328,stop,-60.91947797719138,18465.542255675624
SP500,9,2026-06-04 11:30:00+00:00,2026-06-04 14:30:00+00:00,-1.0971942029663408,0.09719420296636344,1,0.4172639526318345,0.3,56.25246997982855,stop,-61.719883964406,18403.822371711212
NZDUSD,7,2026-06-04 13:45:00+00:00,2026-06-04 14:45:00+00:00,-1.0902127649997344,0.09021276499968792,-1,0.31559228169766057,0.3,55.78337835508328,stop,-60.815751157521674,18343.006620553686
NZDJPY,1,2026-06-04 13:45:00+00:00,2026-06-04 16:30:00+00:00,-1.129775348315009,0.12977534831497523,-1,0.35018076588332603,0.3,55.78337835508328,stop,-63.022685711302145,18279.983934842385
CNHJPY,2,2026-06-05 10:45:00+00:00,2026-06-05 11:00:00+00:00,-1.2641753000844613,0.2641753000844138,-1,0.3942818628948581,0.3,54.83995180452732,stop,-69.32731252910571,18210.656622313283
EURGBP,20,2026-06-05 11:15:00+00:00,2026-06-05 12:00:00+00:00,1.2639136768418602,0.23608632315808276,-1,0.3592691655861493,0.3,54.63196986694,target,69.05009390763784,18279.706716220928
XAUUSD,3,2026-06-05 09:30:00+00:00,2026-06-05 13:30:00+00:00,1.029982050392617,0.00562319590751192,1,0.4030108172799907,0.3,54.83995180452732,time,56.484166003059336,18336.190882223993
XAGSGD,3,2026-06-05 09:30:00+00:00,2026-06-05 13:30:00+00:00,0.899024424229525,0.0014602454102266287,1,0.411424471916309,0.3,54.83995180452732,time,49.30245609584007,18385.493338319837
GBPNZD,16,2026-06-05 09:30:00+00:00,2026-06-05 13:30:00+00:00,-0.5418782763369985,0.09810790347291996,-1,0.3886292821237333,0.3,54.83995180452732,time,-29.71657855824133,18355.77675976159
CHFSGD,19,2026-06-05 13:45:00+00:00,2026-06-05 15:15:00+00:00,1.3805208353317233,0.11947916466824328,-1,0.3159846274540376,0.3,55.06733027928489,target,76.02159679664628,18431.79835655824
EURCAD,4,2026-06-05 13:30:00+00:00,2026-06-05 15:30:00+00:00,-1.131403659525178,0.131403659525258,1,0.3673102998740329,0.3,55.06733027928489,stop,-62.30337899826456,18369.49497755998
NAS100,9,2026-06-05 14:30:00+00:00,2026-06-05 15:30:00+00:00,-1.0230432018322624,0.023043201832272656,1,0.4373285069853716,0.3,55.06733027928489,stop,-56.33625788527431,18313.158719674713
AUDJPY,1,2026-06-05 16:15:00+00:00,2026-06-05 16:30:00+00:00,-1.0757362805625394,0.0757362805625508,1,0.386224859850784,0.3,54.93947615902421,stop,-59.100387739363015,18254.058331935346
CHFJPY,2,2026-06-05 16:15:00+00:00,2026-06-05 17:00:00+00:00,-1.0712916249206783,0.07129162492069972,1,0.3909523145315947,0.3,54.93947615902421,stop,-58.85620068669191,18195.20213124866
GBPJPY,2,2026-06-05 16:15:00+00:00,2026-06-05 18:30:00+00:00,-1.0488441303299447,0.04884413032994472,1,0.46835054797095427,0.3,54.93947615902421,stop,-57.622947092794476,18137.579184155868
EURCHF,13,2026-06-08 09:00:00+00:00,2026-06-08 13:00:00+00:00,0.15100640635598986,0.2309909156174956,-1,0.3574691569032719,0.3,54.412737552467654,time,8.21667195778976,18145.795856113662
SP500,9,2026-06-08 11:00:00+00:00,2026-06-08 14:15:00+00:00,-1.0543256422511007,0.054325642251094514,-1,0.43246055541128753,0.3,54.412737552467654,stop,-57.36874446664604,18088.42711164702
EURCAD,4,2026-06-08 15:15:00+00:00,2026-06-08 16:15:00+00:00,-1.086834853131671,0.0868348531316583,-1,0.4184107388533754,0.3,54.26528133494109,stop,-58.97739906980951,18029.449712577203
GBPNZD,16,2026-06-08 16:15:00+00:00,2026-06-08 20:15:00+00:00,0.8424558710788723,0.07111132001130877,1,0.5091104480135333,0.3,54.08834913773167,time,45.567047288045906,18075.016759865248
USDCHF,18,2026-06-08 16:15:00+00:00,2026-06-08 20:15:00+00:00,1.1275815614223739,0.05604017316390503,1,0.40533049267391696,0.3,54.08834913773167,time,60.989025175481984,18136.005785040732
XAGUSD,3,2026-06-09 06:15:00+00:00,2026-06-09 10:15:00+00:00,0.7130682929778853,0.10104786865314802,1,0.44491753214676616,0.3,54.40801735512224,time,38.796632059728175,18174.802417100465
GBPCHF,14,2026-06-09 10:00:00+00:00,2026-06-09 10:15:00+00:00,-1.255411009651759,0.25541100965181773,-1,0.41781072978054573,0.3,54.40801735512224,stop,-68.30442400094444,18106.497993099518
NZDCNH,7,2026-06-09 09:30:00+00:00,2026-06-09 11:00:00+00:00,1.4492030131699647,0.05079698683003025,-1,0.4639222955748352,0.3,54.40801735512224,target,78.84826269164688,18185.34625579117
EURAUD,15,2026-06-09 11:15:00+00:00,2026-06-09 12:15:00+00:00,-1.0701588676238694,0.07015886762386916,-1,0.44448368555525136,0.3,54.556038767373536,stop,-58.38362866933638,18126.96262712183
GBPAUD,16,2026-06-09 11:15:00+00:00,2026-06-09 12:30:00+00:00,-1.056508322919628,0.05650832291963391,-1,0.45625224774486833,0.3,54.556038767373536,stop,-57.63890902325602,18069.323718098574
XAUSGD,3,2026-06-09 10:30:00+00:00,2026-06-09 14:30:00+00:00,0.2568252038531408,0.0006129479805564042,1,0.4016861572214246,0.3,54.31949397929859,time,13.950615114432814,18083.274333213005
USDCAD,17,2026-06-09 14:15:00+00:00,2026-06-09 14:45:00+00:00,-1.1309421070275423,0.1309421070274791,1,0.39530639022084757,0.3,54.20797115429576,stop,-61.30607711492748,18021.968256098073
US2000,9,2026-06-09 15:45:00+00:00,2026-06-09 16:30:00+00:00,-1.0583682945228625,0.0583682945228536,-1,0.39484818209359807,0.3,54.06590476829429,stop,-57.22163942145512,17964.746616676624
AUDUSD,7,2026-06-09 14:15:00+00:00,2026-06-09 17:30:00+00:00,1.4499493914217936,0.050050608578196376,-1,0.424651914519007,0.3,54.20797115429576,target,78.59881478538128,18043.345431462003
XAGSGD,3,2026-06-09 17:00:00+00:00,2026-06-09 17:30:00+00:00,1.4946034416225122,0.005396558377482832,-1,0.5054418722909363,0.3,53.89423985002992,target,80.55051636348387,18123.895947825484
XAGUSD,3,2026-06-09 17:00:00+00:00,2026-06-09 17:30:00+00:00,1.4444625179739834,0.05553748202601655,-1,0.4366208168723699,0.3,53.89423985002992,target,77.84820939806801,18201.744157223555
SP500,9,2026-06-09 18:00:00+00:00,2026-06-09 18:15:00+00:00,-1.0147262501979093,0.014726250197904559,1,0.4044809272819519,0.3,54.60523247167072,stop,-55.409362787163545,18146.334794436392
DJ30,9,2026-06-09 18:00:00+00:00,2026-06-09 18:15:00+00:00,-1.0098302164885988,0.009830216488598689,1,0.4178341329312041,0.3,54.60523247167072,stop,-55.142013728277504,18091.19278070811
AUDUSD,7,2026-06-09 18:00:00+00:00,2026-06-09 18:30:00+00:00,-1.0418302769984362,0.04183027699844784,1,0.512278607044553,0.3,54.60523247167072,stop,-56.88938447152471,18034.303396236588
AUDCAD,7,2026-06-09 18:00:00+00:00,2026-06-09 19:15:00+00:00,-1.0498069597796718,0.049806959779655886,1,0.405209422800003,0.3,54.60523247167072,stop,-57.324953089146845,17976.97844314744
NZDJPY,1,2026-06-09 17:00:00+00:00,2026-06-09 19:15:00+00:00,1.4247565399491509,0.07524346005087203,-1,0.4785420155249902,0.3,53.89423985002992,target,76.78617069191827,18053.76461383936
EURNZD,15,2026-06-10 08:30:00+00:00,2026-06-10 11:00:00+00:00,-1.1348845679568733,0.13488456795684248,-1,0.3960183837149936,0.3,54.16129384151814,stop,-61.46681656131658,17992.29779727805
GBPNZD,16,2026-06-10 08:30:00+00:00,2026-06-10 11:00:00+00:00,-1.0927624628168644,0.09276246281679877,-1,0.41144817429128877,0.3,54.16129384151814,stop,-59.18542884760523,17933.112368430448
FR40,8,2026-06-10 10:30:00+00:00,2026-06-10 12:00:00+00:00,1.4505504805751284,0.04944951942486437,-1,0.4017185969970452,0.3,54.16129384151814,target,78.56369081038487,18011.67605924084
AUDJPY,1,2026-06-10 08:30:00+00:00,2026-06-10 12:30:00+00:00,-0.3655551018468847,0.054924654973286906,1,0.4268972989914082,0.3,54.16129384151814,time,-19.798937286395212,17991.877121954443
GER40,8,2026-06-10 13:30:00+00:00,2026-06-10 14:00:00+00:00,-1.0121793466621913,0.012179346662203147,1,0.4331688350211523,0.3,53.975631365863336,stop,-54.63301929157883,17937.244102662866
CNHJPY,2,2026-06-10 13:45:00+00:00,2026-06-10 15:30:00+00:00,1.2603866905768373,0.23961330942315015,-1,0.34141748109639763,0.3,53.975631365863336,target,68.03016738901583,18005.274270051887
EURJPY,2,2026-06-10 12:15:00+00:00,2026-06-10 16:15:00+00:00,-0.6390721212371013,0.0992724063635386,-1,0.41999685118653335,0.3,54.03502817772252,time,-34.53228007864367,17970.74198997325
EURUSD,6,2026-06-10 16:00:00+00:00,2026-06-10 16:30:00+00:00,-1.054856802464732,0.05485680246469818,-1,0.40774711871877106,0.3,54.01582281015566,stop,-56.978958132022335,17913.763031841227
NZDJPY,1,2026-06-10 16:00:00+00:00,2026-06-10 16:30:00+00:00,-1.0746363069587501,0.07463630695874039,-1,0.39474008278629497,0.3,54.01582281015566,stop,-58.0473643420439,17855.715667499186
NZDUSD,7,2026-06-10 16:00:00+00:00,2026-06-10 16:30:00+00:00,-1.0515311141474333,0.051531114147463815,-1,0.3609857170949899,0.3,54.01582281015566,stop,-56.799318341153324,17798.916349158026
AUDJPY,1,2026-06-10 14:15:00+00:00,2026-06-10 16:30:00+00:00,1.4419629729579486,0.058037027042062136,1,0.3623743102079986,0.3,53.811732307988606,target,77.59452549884455,17876.510874656873
AUDUSD,7,2026-06-10 14:15:00+00:00,2026-06-10 16:30:00+00:00,1.4546596299823122,0.045340370017721836,1,0.33681725680604124,0.3,53.811732307988606,target,78.27775460784595,17954.788629264716
CNHJPY,2,2026-06-10 15:45:00+00:00,2026-06-10 19:45:00+00:00,0.14259500318072785,0.11711520561073308,1,0.4054733564204089,0.3,54.01582281015566,time,7.702386425423779,17962.491015690146
CHFSGD,19,2026-06-10 16:00:00+00:00,2026-06-10 20:00:00+00:00,0.7471741724372898,0.06932419612863235,-1,0.4088985045319182,0.3,54.01582281015566,time,40.35922770669734,18002.85024339684
NZDUSD,7,2026-06-11 07:15:00+00:00,2026-06-11 11:15:00+00:00,-1.009692846362967,0.06474275118604601,1,0.3786407432669612,0.3,54.00855073019049,time,-54.53204731470474,17948.31819608214
NZDJPY,1,2026-06-11 07:15:00+00:00,2026-06-11 11:15:00+00:00,-1.1054729324418817,0.10547293244191644,1,0.3811742237868305,0.3,54.00855073019049,stop,-59.70499095263982,17888.6132051295
NZDCAD,7,2026-06-11 10:45:00+00:00,2026-06-11 14:45:00+00:00,-0.06955334771518204,0.06102949645383479,-1,0.3667139593294842,0.3,54.00855073019049,time,-3.7564755085299883,17884.856729620966
USDCAD,17,2026-06-11 15:30:00+00:00,2026-06-11 16:00:00+00:00,-1.0970545785111636,0.09705457851113879,-1,0.35096942474236426,0.3,53.65457018886287,stop,-58.8619918837406,17825.99473773723
USDCHF,18,2026-06-11 12:15:00+00:00,2026-06-11 16:15:00+00:00,0.2238944100472427,0.12806427301786596,-1,0.3772736719601428,0.3,53.66583961538846,time,12.015481500377344,17838.010219237607
GBPAUD,16,2026-06-11 16:15:00+00:00,2026-06-11 17:30:00+00:00,1.4163299245837588,0.08367007541622605,-1,0.4004962017977897,0.3,53.51403065771278,target,75.7935230056113,17913.803742243224
EURCHF,13,2026-06-11 14:00:00+00:00,2026-06-11 18:00:00+00:00,-0.9170226197549106,0.35340545124171724,1,0.30951717560418585,0.3,53.66583961538846,time,-49.21278883545039,17864.59095340778
XAGSGD,3,2026-06-11 15:45:00+00:00,2026-06-11 19:15:00+00:00,1.4935633181182322,0.006436681881767772,1,0.4036614783398564,0.3,53.65457018886287,target,80.13649788348562,17944.72745129127
USDJPY,2,2026-06-11 15:30:00+00:00,2026-06-11 19:30:00+00:00,0.07923277342451553,0.19179263831223872,-1,0.34934480183986755,0.3,53.65457018886287,time,4.251200402963937,17948.97865169424
NZDJPY,1,2026-06-11 17:30:00+00:00,2026-06-11 20:30:00+00:00,1.4374428926792677,0.06255710732075793,1,0.42450244247645247,0.3,53.74141122672962,target,77.25020961041629,18026.228861304655
EURCAD,4,2026-06-12 06:45:00+00:00,2026-06-12 10:45:00+00:00,-0.7918204844243723,0.11836566991504512,-1,0.3741025361068376,0.3,54.07868658391387,time,-42.820611807908485,17983.408249496744
EURCAD,4,2026-06-12 10:45:00+00:00,2026-06-12 11:15:00+00:00,-1.1304632749612822,0.1304632749613239,-1,0.3680170030630246,0.3,53.95022474849014,stop,-60.98874775407538,17922.41950174267
JP225,11,2026-06-12 07:45:00+00:00,2026-06-12 11:45:00+00:00,-0.16524035099417508,0.014029841122146941,-1,0.4299606133550156,0.3,54.07868658391387,time,-8.935981152429916,17913.483520590235
GBPCHF,14,2026-06-12 10:00:00+00:00,2026-06-12 14:00:00+00:00,-1.055037496157804,0.24057536534699575,-1,0.3310454658762439,0.3,54.07868658391387,time,-57.055042088995116,17856.428478501242
US2000,9,2026-06-12 12:45:00+00:00,2026-06-12 15:45:00+00:00,1.4757671333127755,0.02423286668722679,-1,0.4039503833751172,0.3,53.74045056177062,target,79.30839066848117,17935.73686916972
NZDJPY,1,2026-06-12 16:45:00+00:00,2026-06-12 18:15:00+00:00,-1.0467864398940776,0.04678643989411289,-1,0.41217373572906374,0.3,53.80721060750908,stop,-56.32465843246528,17879.412210737253
CHFJPY,2,2026-06-12 17:15:00+00:00,2026-06-12 20:00:00+00:00,0.16963464464731975,0.06981487173881147,1,0.40192310062818276,0.3,53.80721060750908,weekend,9.127567050868297,17888.539777788115
EURJPY,2,2026-06-12 16:45:00+00:00,2026-06-12 20:00:00+00:00,-0.06418016721364649,0.09384847620471244,-1,0.41670106354063147,0.3,53.80721060750908,weekend,-3.4533557740898253,17885.08642201402
GBPCAD,5,2026-06-15 15:15:00+00:00,2026-06-15 16:15:00+00:00,-1.1454415653016743,0.14544156530170957,-1,0.4308538969916824,0.3,53.65525926604202,stop,-61.45896416036234,17823.627457853654
XAUSGD,3,2026-06-15 14:45:00+00:00,2026-06-15 16:30:00+00:00,-1.0053986658552507,0.005398665855243975,-1,0.438025117624156,0.3,53.65525926604202,stop,-53.94492608219623,17769.682531771454
XAUGBP,3,2026-06-15 14:45:00+00:00,2026-06-15 16:30:00+00:00,-1.02452436833698,0.02452436833696859,-1,0.4622485884698377,0.3,53.65525926604202,stop,-54.9711206074986,17714.711411163953
NZDUSD,7,2026-06-15 13:15:00+00:00,2026-06-15 17:15:00+00:00,-0.16944250106351066,0.06640645237336223,1,0.4374517284181696,0.3,53.65525926604202,time,-9.091481325249266,17705.619929838707
NZDCAD,7,2026-06-15 13:15:00+00:00,2026-06-15 17:15:00+00:00,0.3440574157297125,0.11721892199325132,1,0.3939009593819937,0.3,53.65525926604202,time,18.460489843382128,17724.080419682083
GBPUSD,6,2026-06-15 15:30:00+00:00,2026-06-15 19:30:00+00:00,0.19278602841452971,0.06542391418065309,1,0.45763460222867747,0.3,53.65525926604202,time,10.343984337452136,17734.424404019534
GBPAUD,16,2026-06-16 07:30:00+00:00,2026-06-16 07:30:00+00:00,-1.12329935273036,0.12329935273035925,-1,0.3894481800106342,0.3,53.203273212058605,stop,-59.763202362241934,17674.66120165729
EURAUD,15,2026-06-16 07:30:00+00:00,2026-06-16 08:45:00+00:00,-1.0948668443283318,0.0948668443282832,-1,0.39957347997125336,0.3,53.023983604971875,stop,-58.05420160329276,17616.60700005399
GBPJPY,2,2026-06-16 12:15:00+00:00,2026-06-16 16:15:00+00:00,0.3657445975423054,0.07657442591383257,-1,0.462054115048157,0.3,52.849821000161995,time,19.32953651188713,17635.936536565874
USDCHF,18,2026-06-16 13:30:00+00:00,2026-06-16 17:15:00+00:00,-1.0939614671989992,0.09396146719897465,1,0.3936640591415523,0.3,52.849821000161995,stop,-57.8156677225417,17578.120868843325
USDJPY,2,2026-06-16 15:15:00+00:00,2026-06-16 17:30:00+00:00,-1.123483489741374,0.12348348974149635,-1,0.4120850008036257,0.3,52.849821000161995,stop,-59.375901329468945,17518.744967513863
CADJPY,2,2026-06-16 17:00:00+00:00,2026-06-16 17:45:00+00:00,-1.192852840665138,0.19285284066514113,-1,0.4079260094617829,0.3,52.90780960969765,stop,-63.111230986298125,17455.63373652757
GBPUSD,6,2026-06-16 17:45:00+00:00,2026-06-16 18:45:00+00:00,1.439094987408723,0.06090501259131468,1,0.44594115109658006,0.3,52.36690120958273,target,75.3609450368383,17530.994681564407
GBPNZD,16,2026-06-17 06:30:00+00:00,2026-06-17 08:00:00+00:00,-1.1194855416509606,0.1194855416509961,-1,0.3811101974559367,0.3,52.59298404469324,stop,-58.87708523031374,17472.117596334094
FR40,8,2026-06-17 08:45:00+00:00,2026-06-17 10:00:00+00:00,0.717837827484201,0.7821621725157489,-1,0.3663356186110119,0.3,52.4163527890023,target,37.62644081070285,17509.744037144803
EURUSD,6,2026-06-17 09:45:00+00:00,2026-06-17 11:15:00+00:00,-1.1255205277270055,0.12552052772707178,1,0.408870971311269,0.3,52.4163527890023,stop,-58.99568105260277,17450.748356092197
US2000,9,2026-06-17 12:45:00+00:00,2026-06-17 16:30:00+00:00,-1.070382055451418,0.07038205545143954,-1,0.38791094629936357,0.3,52.352245068276595,stop,-56.03690368367827,17394.71145240852
XAUCNH,3,2026-06-17 17:00:00+00:00,2026-06-17 17:15:00+00:00,-1.0308264209996911,0.030826420999709316,-1,0.3903390476161914,0.3,52.18413435722557,stop,-53.79278445242585,17340.918667956095
XAUGBP,3,2026-06-17 17:00:00+00:00,2026-06-17 17:15:00+00:00,-1.029602350316863,0.029602350316871733,-1,0.396531898476441,0.3,52.18413435722557,stop,-53.728907383450405,17287.18976057264
GBPCAD,5,2026-06-17 15:45:00+00:00,2026-06-17 17:45:00+00:00,-1.1347306679164633,0.13473066791646326,1,0.3887873417015902,0.3,52.352245068276595,stop,-59.40569801325187,17227.78406255938
AUDUSD,7,2026-06-17 17:00:00+00:00,2026-06-17 21:00:00+00:00,1.4269726371619833,0.07302736283798113,-1,0.43462356410998076,0.3,52.18413435722557,target,74.46533182174542,17302.249394381128
USDCHF,18,2026-06-17 18:00:00+00:00,2026-06-17 21:00:00+00:00,-1.0907772040920856,0.09077720409212839,-1,0.372559058388139,0.3,51.683352187678175,stop,-56.375022397382175,17245.87437198375
EURCAD,4,2026-06-17 18:00:00+00:00,2026-06-17 21:00:00+00:00,-1.084895872345864,0.08489587234583258,1,0.399428125760729,0.3,51.683352187678175,stop,-56.07105545740963,17189.803316526348
EURJPY,2,2026-06-17 18:00:00+00:00,2026-06-17 21:00:00+00:00,-1.10240149784773,0.10240149784772978,1,0.4206776188181603,0.3,51.683352187678175,stop,-56.975804865488165,17132.827511660857
GBPCAD,5,2026-06-17 18:00:00+00:00,2026-06-17 22:00:00+00:00,-1.0628207562587728,0.06282075625874163,1,0.39517567380453106,0.3,51.683352187678175,stop,-54.93013945809662,17077.89737220276
FR40,8,2026-06-18 10:15:00+00:00,2026-06-18 10:15:00+00:00,-1.0702952345220438,0.07029523452206321,-1,0.38474723959588725,0.3,51.233692116608275,stop,-54.83517651937544,17023.06219568338
DJ30,9,2026-06-18 11:15:00+00:00,2026-06-18 14:00:00+00:00,1.4808492332623089,0.019150766737668693,-1,0.3696873498194449,0.3,51.06918658705015,target,75.625765800763,17098.687961484145
NAS100,9,2026-06-19 07:15:00+00:00,2026-06-19 07:45:00+00:00,-1.0229352525636404,0.022935252563658057,1,0.4632705884492145,0.3,51.29606388445243,stop,-52.47255206516298,17046.215409418975
EURJPY,2,2026-06-19 06:30:00+00:00,2026-06-19 08:00:00+00:00,-1.0835936212249606,0.0835936212249057,1,0.42949779552157646,0.3,51.29606388445243,stop,-55.584087619140725,16990.63132179984
AUDCHF,12,2026-06-19 06:15:00+00:00,2026-06-19 08:15:00+00:00,-1.0840386032077591,0.08403860320775174,-1,0.38838813079677587,0.3,51.29606388445243,stop,-55.60691344335779,16935.024408356476
USDJPY,2,2026-06-19 08:30:00+00:00,2026-06-19 12:30:00+00:00,0.7557922709291701,0.06802075322613699,-1,0.42728423007168215,0.3,50.80507322506946,time,38.39808166749802,16973.42249002398
US2000,9,2026-06-19 15:45:00+00:00,2026-06-19 15:45:00+00:00,1.398096520365835,0.10190347963415891,1,0.41336593609850114,0.3,50.920267470071956,target,71.19144876600522,17044.61393878999
GBPNZD,16,2026-06-19 14:15:00+00:00,2026-06-19 17:30:00+00:00,-1.0995078163978156,0.09950781639788267,-1,0.4093086067150704,0.3,50.920267470071956,stop,-55.98723209641154,16988.626706693583
EURUSD,6,2026-06-19 14:30:00+00:00,2026-06-19 18:30:00+00:00,-0.14096268694976646,0.06876336050206393,-1,0.37065014750314695,0.3,50.920267470071956,time,-7.17785772278213,16981.448848970802
CNHJPY,2,2026-06-19 18:00:00+00:00,2026-06-19 18:30:00+00:00,-1.1589423343408758,0.15894233434087576,-1,0.25137208250033827,0.3,50.96588012008074,stop,-59.06651607810361,16922.382332892696
USDCAD,17,2026-06-22 09:45:00+00:00,2026-06-22 11:15:00+00:00,1.397975402922647,0.1020245970773828,-1,0.41569559416028873,0.3,50.76714699867808,target,70.97122278071024,16993.3535556734
XAUAUD,3,2026-06-22 10:00:00+00:00,2026-06-22 14:00:00+00:00,-0.5950496422930741,0.012241021212885868,-1,0.43453011428287186,0.3,50.76714699867808,time,-30.2089726618033,16963.1445830116
US2000,9,2026-06-22 10:15:00+00:00,2026-06-22 14:00:00+00:00,-1.0651199111144645,0.0651199111144541,-1,0.45749365156140726,0.3,50.76714699867808,stop,-54.073099098766946,16909.071483912834
XAUSGD,3,2026-06-22 10:00:00+00:00,2026-06-22 14:00:00+00:00,-0.5568113828828667,0.000563004431630782,-1,0.4051308364494392,0.3,50.76714699867808,time,-28.267725325351716,16880.803758587484
NAS100,9,2026-06-22 14:15:00+00:00,2026-06-22 15:30:00+00:00,-1.0200435889975232,0.02004358899752341,-1,0.3930527755167675,0.3,50.64241127576244,stop,-51.65746695321736,16829.14629163427
EURNZD,15,2026-06-22 11:45:00+00:00,2026-06-22 15:45:00+00:00,0.4238736225033598,0.10156569877511913,-1,0.3924419530170194,0.3,50.98006066702022,time,21.60910299037091,16850.755394624648
AUDCAD,7,2026-06-22 15:45:00+00:00,2026-06-22 17:30:00+00:00,-1.1098293659712755,0.10982936597125392,1,0.3831024109382409,0.3,50.5522661838739,stop,-56.10438952725992,16794.65100509739
CADJPY,2,2026-06-22 17:15:00+00:00,2026-06-22 17:45:00+00:00,-1.0620448870571464,0.06204488705713454,1,0.46231395272314696,0.3,50.5522661838739,stop,-53.68877582973516,16740.96222926765
AUDJPY,1,2026-06-22 17:15:00+00:00,2026-06-22 17:45:00+00:00,-1.0448180232015576,0.04481802320155757,1,0.4816956736406071,0.3,50.5522661838739,stop,-52.81791882259407,16688.14431044506
NZDJPY,1,2026-06-22 17:15:00+00:00,2026-06-22 17:45:00+00:00,-1.0590941514150798,0.05909415141507979,1,0.4872765104735386,0.3,50.5522661838739,stop,-53.53960945611916,16634.604700988944
EURCHF,13,2026-06-22 17:00:00+00:00,2026-06-22 18:00:00+00:00,-1.2845470689601435,0.28454706896013177,1,0.4289211410999709,0.3,50.5522661838739,stop,-64.9367653557882,16569.66793563316
JP225,11,2026-06-22 16:45:00+00:00,2026-06-22 20:45:00+00:00,0.9813656699838293,0.02552685268744065,-1,0.34621411451848677,0.3,50.5522661838739,time,49.61025857273829,16619.278194205894
CHFJPY,2,2026-06-22 17:15:00+00:00,2026-06-22 21:15:00+00:00,-0.5047624490395204,0.041010448231454784,1,0.47958515737936125,0.3,50.5522661838739,time,-25.51688568346992,16593.76130852243
XAUCNH,3,2026-06-23 06:30:00+00:00,2026-06-23 07:45:00+00:00,-1.0208497965721557,0.020849796572153252,1,0.5511689821063568,0.3,49.781283925567216,stop,-50.81921356851602,16542.94209495392
XAUUSD,3,2026-06-23 06:30:00+00:00,2026-06-23 07:45:00+00:00,-1.005744938793389,0.005744938793382744,1,0.5657227391014755,0.3,49.781283925567216,stop,-50.06727435477592,16492.874820599143
EURUSD,6,2026-06-23 06:30:00+00:00,2026-06-23 10:30:00+00:00,-1.1069728533648506,0.10697285336489508,1,0.393275480659329,0.3,49.781283925567216,stop,-55.10652991125092,16437.76829068789
EURJPY,2,2026-06-23 10:15:00+00:00,2026-06-23 10:45:00+00:00,-1.0470059295833933,0.047005929583402,1,0.5427305904168569,0.3,49.478624461797324,stop,-51.80441319913173,16385.963877488757
CHFJPY,2,2026-06-23 10:15:00+00:00,2026-06-23 11:00:00+00:00,-1.0406077341875937,0.04060773418758032,1,0.5235656239339957,0.3,49.478624461797324,stop,-51.48783929190976,16334.476038196852
EURCAD,4,2026-06-23 14:00:00+00:00,2026-06-23 14:45:00+00:00,-1.1015183926853553,0.10151839268531873,1,0.38323837321112547,0.3,49.00342811459045,stop,-53.978177372856024,16280.49786082399
CHFSGD,19,2026-06-23 16:15:00+00:00,2026-06-23 16:30:00+00:00,-1.116687265240771,0.11668726524072628,-1,0.3765986951913758,0.3,48.841493582471884,stop,-54.5406738988852,16225.957186925109
GBPUSD,6,2026-06-23 14:00:00+00:00,2026-06-23 17:30:00+00:00,-1.053957116955955,0.053957116955905104,1,0.4485431317199741,0.3,49.00342811459045,stop,-51.64751181661214,16174.309675108496
XAGSGD,3,2026-06-23 15:30:00+00:00,2026-06-23 19:30:00+00:00,0.508164308151754,0.031613908571653006,1,0.431019019805106,0.3,48.841493582471884,time,24.819503795435157,16199.129178903924
XAGUSD,3,2026-06-23 15:30:00+00:00,2026-06-23 19:30:00+00:00,0.34460041807461456,0.10135306413959069,1,0.39919893908567033,0.3,48.841493582471884,time,16.830799107908415,16215.95997801183
GBPJPY,2,2026-06-24 06:15:00+00:00,2026-06-24 09:00:00+00:00,1.4179212150019258,0.08207878499812404,1,0.3966093410633738,0.3,48.64787993403543,target,68.97886102333533,16284.938839035167
EURAUD,15,2026-06-24 10:00:00+00:00,2026-06-24 12:15:00+00:00,-1.077609440262211,0.07760944026224363,-1,0.41516962231167237,0.3,48.854816517105434,stop,-52.646411481111,16232.292427554057
CADJPY,2,2026-06-24 09:45:00+00:00,2026-06-24 13:45:00+00:00,-0.3732462596244267,0.23830211714137411,1,0.30922197993337663,0.3,48.854816517105434,time,-18.234877529647264,16214.057550024416
XAGEUR,3,2026-06-24 12:15:00+00:00,2026-06-24 13:45:00+00:00,-1.07716899443072,0.07716899443071498,1,0.38684310842906916,0.3,48.6968772826621,stop,-52.4547663344813,16161.60278368993
DJ30,9,2026-06-24 16:30:00+00:00,2026-06-24 16:45:00+00:00,1.4881639402937223,0.011836059706301003,1,0.3673517588642407,0.3,48.48480835106972,target,72.15334344011389,16233.756127130051
GER40,8,2026-06-24 16:30:00+00:00,2026-06-24 20:30:00+00:00,0.3181556084712426,0.012043745431088876,1,0.49340520828602125,0.3,48.48480835106972,time,15.425713702546169,16249.181840832593
EURUSD,6,2026-06-25 10:30:00+00:00,2026-06-25 11:30:00+00:00,1.428068515741233,0.07193148425876739,1,0.40386539869365695,0.3,48.747545522497695,target,69.61483498034147,16318.796675812933
EURCAD,4,2026-06-25 13:30:00+00:00,2026-06-25 14:30:00+00:00,-1.1046495931840874,0.10464959318405694,1,0.35004981579285815,0.3,48.95639002743872,stop,-54.0796563275717,16264.717019485368
AUDJPY,1,2026-06-25 11:15:00+00:00,2026-06-25 15:15:00+00:00,1.0442445328882863,0.05210913024459242,-1,0.3833440682165576,0.3,48.747545522497695,time,50.90435790359108,16315.621377388961
EURJPY,2,2026-06-25 14:45:00+00:00,2026-06-25 16:15:00+00:00,1.4206782898204733,0.07932171017950941,1,0.3634197552481873,0.3,48.794151058456,target,69.32079107896911,16384.942168467926
GBPAUD,16,2026-06-25 16:00:00+00:00,2026-06-25 16:45:00+00:00,1.4154639688677406,0.0845360311322884,1,0.38352733762935026,0.3,48.94686413216677,target,69.28252256814685,16454.22469103607
EURUSD,6,2026-06-25 16:45:00+00:00,2026-06-25 17:00:00+00:00,-1.0505979958332206,0.050597995833236466,-1,0.4159308952293239,0.3,49.36267407310812,stop,-51.86032645017587,16402.364364585897
NZDCHF,12,2026-06-25 15:45:00+00:00,2026-06-25 17:15:00+00:00,-1.0558522384380675,0.05585223843806751,1,0.3274273628418421,0.3,48.94686413216677,stop,-51.680656058472245,16350.683708527431
NZDUSD,7,2026-06-25 15:45:00+00:00,2026-06-25 19:45:00+00:00,0.08658728264368092,0.03753122380182044,1,0.42737310715352517,0.3,48.94686413216677,time,4.238175959133772,16354.921884486568
USDJPY,2,2026-06-25 17:15:00+00:00,2026-06-25 21:15:00+00:00,0.27795852824310346,0.07245123034502855,1,0.43516739861885084,0.3,49.052051125582175,time,13.634435938172288,16368.556320424745
US2000,9,2026-06-26 06:45:00+00:00,2026-06-26 10:30:00+00:00,1.4736782189318929,0.026321781068110166,1,0.4905070155655011,0.3,49.105668961274084,target,72.36595477430953,16440.92227519906
GBPCAD,5,2026-06-26 08:45:00+00:00,2026-06-26 10:30:00+00:00,-1.2245510626626812,0.22455106266276648,-1,0.3511230775125261,0.3,49.105668961274084,stop,-60.13239910929002,16380.789876089766
GER40,8,2026-06-26 06:45:00+00:00,2026-06-26 10:45:00+00:00,0.6608450453750039,0.013395507676520202,1,0.515381205482469,0.3,49.105668961274084,time,32.45123803288309,16413.241114122648
CADJPY,2,2026-06-26 07:00:00+00:00,2026-06-26 11:00:00+00:00,0.032205060355259,0.16862526916413315,1,0.3804739440951397,0.3,49.105668961274084,time,1.5814510326832005,16414.822565155337
EURUSD,6,2026-06-26 09:00:00+00:00,2026-06-26 11:00:00+00:00,-1.0927687379280204,0.09276873792803592,-1,0.3433228881474733,0.3,49.105668961274084,stop,-53.661139895922645,16361.161425259415
GBPNZD,16,2026-06-26 11:15:00+00:00,2026-06-26 15:15:00+00:00,-0.5598197480062419,0.08700065601800641,-1,0.3861592786809076,0.3,49.08348427577806,time,-27.477903798534413,16333.683521460887
GBPJPY,2,2026-06-26 12:00:00+00:00,2026-06-26 16:00:00+00:00,-0.46163599996341503,0.06778746683025524,-1,0.40618833408121763,0.3,49.08348427577806,time,-22.658703345337365,16311.024818115548
DJ30,9,2026-06-26 16:00:00+00:00,2026-06-26 16:15:00+00:00,-1.0377326592471954,0.03773265924721227,1,0.4057982704708491,0.3,48.93307445434645,stop,-50.77944947864995,16260.245368636897
XAGUSD,3,2026-06-26 16:15:00+00:00,2026-06-26 17:00:00+00:00,-1.1236460254106966,0.12364602541069641,-1,0.31615290263230605,0.3,48.7807361059105,stop,-54.812280242014396,16205.433088394886
US2000,9,2026-06-26 16:30:00+00:00,2026-06-26 17:00:00+00:00,1.4733091427106983,0.026690857289301793,1,0.49184931542789617,0.3,48.7807361059105,target,71.8691044929958,16277.302192887888
AU200,10,2026-06-26 16:30:00+00:00,2026-06-26 17:15:00+00:00,1.459658973659814,0.04034102634019715,1,0.39552523456947264,0.3,48.7807361059105,target,71.20323919872355,16348.505432086618
NAS100,9,2026-06-26 16:30:00+00:00,2026-06-26 17:15:00+00:00,1.4933373507597962,0.006662649240207654,1,0.4208666432995112,0.3,48.7807361059105,target,72.84609522451312,16421.351527311126
CADJPY,2,2026-06-26 16:30:00+00:00,2026-06-26 20:00:00+00:00,0.15749428739620042,0.1903322605217398,-1,0.37164219725333064,0.3,48.7807361059105,weekend,7.682687271662479,16429.03421458279
NZDCHF,12,2026-06-26 16:45:00+00:00,2026-06-26 20:00:00+00:00,0.27328011787560313,0.06645854471345865,1,0.29739067161055194,0.3,48.7807361059105,weekend,13.33080531308191,16442.365019895864
GER40,8,2026-06-29 06:15:00+00:00,2026-06-29 10:15:00+00:00,0.28674589880385465,0.013493924649592776,-1,0.3590898326450658,0.3,49.32709505968738,time,14.144342208273237,16456.50936210413
XAUSGD,3,2026-06-29 08:15:00+00:00,2026-06-29 12:15:00+00:00,-0.49206724592167767,0.007221112623588378,1,0.5017207346309519,0.3,49.32709505968738,time,-24.272247815337163,16432.2371142888
XAGEUR,3,2026-06-29 08:45:00+00:00,2026-06-29 12:45:00+00:00,-1.1156103482218163,0.1156103482218152,1,0.530708042884825,0.3,49.32709505968738,stop,-55.02981769630847,16377.207296592489
DJ30,9,2026-06-29 14:15:00+00:00,2026-06-29 16:30:00+00:00,-1.0225727667404878,0.02257276674046951,-1,0.37502297649616145,0.3,49.13162188977727,stop,-50.24065853027706,16326.966638062207
US2000,9,2026-06-29 14:15:00+00:00,2026-06-29 16:30:00+00:00,1.4660784030041134,0.033921596995893165,-1,0.36475895212731474,0.3,49.13162188977727,target,72.03080975716661,16398.997447819376
US2000,9,2026-06-29 16:45:00+00:00,2026-06-29 17:00:00+00:00,-1.0284548414154058,0.028454841415405666,1,0.5029883048176432,0.3,49.196992343457936,stop,-50.596884958705964,16348.400562860668
AU200,10,2026-06-29 14:15:00+00:00,2026-06-29 17:15:00+00:00,1.4440794140635316,0.055920585936458295,-1,0.34342679556165473,0.3,49.13162188977727,target,70.94996375058055,16419.350526611248
FR40,8,2026-06-29 13:30:00+00:00,2026-06-29 17:30:00+00:00,0.7160794350028223,0.057542097455586735,1,0.4608173192064719,0.3,49.13162188977727,time,35.182144043604005,16454.53267065485
GER40,8,2026-06-30 10:15:00+00:00,2026-06-30 10:30:00+00:00,-1.0310053559200665,0.03100535592006641,-1,0.43628802463204036,0.3,49.36359801196437,stop,-50.89413393782041,16403.63853671703
AUDCHF,12,2026-06-30 09:00:00+00:00,2026-06-30 11:00:00+00:00,-1.0950430401090658,0.09504304010899889,-1,0.3286833315939029,0.3,49.36359801196437,stop,-54.055264437743304,16349.583272279284
EURAUD,15,2026-06-30 09:00:00+00:00,2026-06-30 11:15:00+00:00,-1.0949099834938072,0.0949099834937633,1,0.4493525028403307,0.3,49.36359801196437,stop,-54.04869628447484,16295.53457599481
EURNZD,15,2026-06-30 11:15:00+00:00,2026-06-30 13:45:00+00:00,-1.1180970021411485,0.11809700214120684,1,0.5082327793350784,0.3,48.88660372798426,stop,-54.65996507312149,16240.874610921688
XAGSGD,3,2026-06-30 09:45:00+00:00,2026-06-30 13:45:00+00:00,-0.03977565872411602,0.0021695813849515184,-1,0.5099536513450454,0.3,49.36359801196437,time,-1.963469627918347,16238.911141293764
XAGUSD,3,2026-06-30 09:45:00+00:00,2026-06-30 13:45:00+00:00,-0.13764888713522055,0.09315631755615822,-1,0.523369974765857,0.3,49.36359801196437,time,-6.7948443313372815,16232.116296962427
DJ30,9,2026-06-30 13:00:00+00:00,2026-06-30 15:15:00+00:00,1.4821129703014353,0.01788702969860083,-1,0.3808336345584286,0.3,48.88660372798426,target,72.45546945923196,16304.571766421665
USDCAD,17,2026-06-30 14:45:00+00:00,2026-06-30 16:00:00+00:00,1.4110714433583291,0.08892855664168613,-1,0.3969639269127924,0.3,48.69634889088712,target,68.71402731574486,16373.285793737406
GBPCHF,14,2026-06-30 14:30:00+00:00,2026-06-30 17:00:00+00:00,-1.1979472706706855,0.19794727067073814,1,0.5011020494629407,0.3,48.69634889088712,stop,-58.335658245465694,16314.950135491934
EURCHF,13,2026-06-30 14:30:00+00:00,2026-06-30 17:00:00+00:00,-1.371994279718102,0.37199427971810334,1,0.36713544475638105,0.3,48.69634889088712,stop,-66.81111212145407,16248.139023370473
CADJPY,2,2026-06-30 15:45:00+00:00,2026-06-30 17:45:00+00:00,1.4360597517119962,0.06394024828798797,1,0.5149913758472086,0.3,48.913715299264815,target,70.2430178479735,16318.382041218443
EURJPY,2,2026-06-30 15:45:00+00:00,2026-06-30 18:00:00+00:00,1.463062316044203,0.03693768395579583,1,0.5860415507841011,0.3,48.913715299264815,target,71.56381359206914,16389.945854810518
GBPJPY,2,2026-07-01 07:45:00+00:00,2026-07-01 11:45:00+00:00,0.1933019736884954,0.08332089265285676,1,0.4095396522060262,0.3,49.16983756443142,time,9.504626647147314,16399.450481457665
NZDJPY,1,2026-07-01 08:15:00+00:00,2026-07-01 12:15:00+00:00,0.015397378255136422,0.10557095155906837,-1,0.3782791026395044,0.3,49.16983756443142,time,0.7570865877231663,16400.207568045385
AU200,10,2026-07-01 10:00:00+00:00,2026-07-01 14:00:00+00:00,-0.2930800542513002,0.06394473910936893,1,0.5565797034021933,0.3,49.16983756443142,time,-14.410698660911178,16385.796869384474
CADJPY,2,2026-07-01 15:45:00+00:00,2026-07-01 17:00:00+00:00,-1.4798813254851546,0.2035329812090179,1,0.31102666036097854,0.3,49.1573906081533,stop,-72.74710437058539,16313.049765013886
GBPUSD,6,2026-07-01 17:00:00+00:00,2026-07-01 21:00:00+00:00,-0.44215143728599315,0.03618237822699694,-1,0.4249699866496502,0.3,48.939149295041545,time,-21.63851520035642,16291.411249813536
NZDCNH,7,2026-07-01 17:00:00+00:00,2026-07-01 21:00:00+00:00,0.4296712579782186,0.04331797499896205,-1,0.37784064331845874,0.3,48.939149295041545,time,21.027745841984352,16312.438995655524
GBPJPY,2,2026-07-01 17:45:00+00:00,2026-07-01 21:45:00+00:00,-0.5456462083200925,0.04738559974649534,-1,0.4230659168724991,0.3,48.939149295041545,time,-26.703461251250346,16285.735534404273
FR40,8,2026-07-02 10:00:00+00:00,2026-07-02 10:00:00+00:00,1.4237236192201188,0.07627638077989185,1,0.47795679827831705,0.3,48.85720660321268,target,69.55915901011105,16355.294693414384
GBPNZD,16,2026-07-02 06:30:00+00:00,2026-07-02 10:15:00+00:00,-1.1001484563995916,0.10014845639964669,-1,0.42698512202520855,0.3,48.85720660321268,stop,-53.750180428520366,16301.544512985856
EURNZD,15,2026-07-02 06:30:00+00:00,2026-07-02 10:30:00+00:00,-0.4947892712987922,0.13655794457828127,-1,0.40966994570048,0.3,48.85720660321268,time,-24.17402165289814,16277.370491332957
AUDUSD,7,2026-07-02 10:00:00+00:00,2026-07-02 11:15:00+00:00,-1.0657537914161606,0.06575379141613094,-1,0.4444078801431898,0.3,48.85720660321268,stop,-52.06975317537659,16225.300738157574
XAUUSD,3,2026-07-02 09:15:00+00:00,2026-07-02 13:15:00+00:00,0.1006637406354073,0.005807523498195813,-1,0.35973741337346327,0.3,48.85720660321268,time,4.91814917367631,16230.218887331255
XAUGBP,3,2026-07-02 09:15:00+00:00,2026-07-02 13:15:00+00:00,0.6470785737978088,0.01415484380182715,-1,0.4258851570746165,0.3,48.85720660321268,time,31.614451568551747,16261.8333388998
AUDCAD,7,2026-07-02 15:15:00+00:00,2026-07-02 15:30:00+00:00,1.3780869163571792,0.1219130836428176,1,0.3421961972000082,0.3,48.78550001669931,target,67.23065928095626,16329.063998180762
CADJPY,2,2026-07-02 15:45:00+00:00,2026-07-02 19:45:00+00:00,-0.27743971674811213,0.07495858156228961,1,0.4799529020247441,0.3,48.98719199454218,time,-13.590992671251168,16315.473005509513
DJ30,9,2026-07-02 17:00:00+00:00,2026-07-02 21:00:00+00:00,0.7207211106623073,0.011223688041459977,-1,0.43039878566456286,0.3,48.98719199454218,time,35.30610342253413,16350.779108932053
FR40,8,2026-07-03 06:45:00+00:00,2026-07-03 10:45:00+00:00,0.9486538442622858,0.5513461557377002,-1,0.3491224848295542,0.3,49.05233732679602,target,46.53368837511546,16397.312797307168
XAGEUR,3,2026-07-03 07:30:00+00:00,2026-07-03 11:30:00+00:00,-0.4308647950169602,0.11170568759699047,-1,0.4092980884122139,0.3,49.05233732679602,time,-21.13492526741275,16376.177872039756
XAGSGD,3,2026-07-03 07:30:00+00:00,2026-07-03 11:30:00+00:00,-0.36987979686606676,0.040311947268387424,-1,0.4118887329360898,0.3,49.05233732679602,time,-18.143468566241097,16358.034403473517
FR40,8,2026-07-03 16:30:00+00:00,2026-07-03 18:15:00+00:00,-1.1191095876637225,0.11910958766372988,-1,0.3847734703592874,0.3,49.07410321042041,stop,-54.919299408780546,16303.115104064738
CHFSGD,19,2026-07-03 14:15:00+00:00,2026-07-03 18:15:00+00:00,0.17073151562145514,0.13425357495928167,1,0.35756225673224834,0.3,49.07410321042041,time,8.378496018878794,16311.493600083617
US2000,9,2026-07-03 15:15:00+00:00,2026-07-03 19:15:00+00:00,-0.4561274243799494,0.1856332541081373,-1,0.31233536426282993,0.3,49.07410321042041,time,-22.38404430112487,16289.109555782488
NZDCNH,7,2026-07-06 06:45:00+00:00,2026-07-06 10:45:00+00:00,0.6545555170801501,0.06942728221071902,1,0.534588521523553,0.3,48.86732866734733,time,31.986379584181176,16321.09593536667
EURNZD,15,2026-07-06 08:45:00+00:00,2026-07-06 12:45:00+00:00,0.0803824706489033,0.1463665117333759,-1,0.4081881320049554,0.3,48.86732866734733,time,3.9280766122933577,16325.024011978967
GBPNZD,16,2026-07-06 08:45:00+00:00,2026-07-06 12:45:00+00:00,-0.7683893550152544,0.10093509544915626,-1,0.4144471726475995,0.3,48.86732866734733,time,-37.549135156021464,16287.474876822947
NZDCHF,12,2026-07-06 08:45:00+00:00,2026-07-06 12:45:00+00:00,0.2938802420142597,0.08482095255876425,1,0.4045317615339081,0.3,48.86732866734733,time,14.361142375350406,16301.836019198294
CHFJPY,2,2026-07-06 11:15:00+00:00,2026-07-06 15:15:00+00:00,0.07382041967314895,0.06622857582270439,-1,0.4266495457481471,0.3,48.96328780609987,time,3.614490454423469,16305.450509652714
NZDUSD,7,2026-07-06 12:00:00+00:00,2026-07-06 16:00:00+00:00,-0.3676963902568829,0.060165736441863404,1,0.5129031078134265,0.3,48.96328780609987,time,-18.003624181411773,16287.446885471305
NZDCHF,12,2026-07-06 17:00:00+00:00,2026-07-06 17:00:00+00:00,-1.083086097781421,0.08308609778138436,-1,0.33344573719585374,0.3,48.86234065641377,stop,-52.92212187002167,16234.52476360128
GBPCHF,14,2026-07-06 17:00:00+00:00,2026-07-06 17:00:00+00:00,-1.2151596796360908,0.21515967963606217,-1,0.34792952407379457,0.3,48.70357429080371,stop,-59.182619732345586,16175.34214386894
CNHJPY,2,2026-07-06 13:15:00+00:00,2026-07-06 17:15:00+00:00,-0.18951179092075124,0.11621145386821351,-1,0.4072245840052367,0.3,48.90550805759474,time,-9.26817041788401,16166.073973451057
DJ30,9,2026-07-06 16:45:00+00:00,2026-07-06 20:45:00+00:00,-0.2716753334859921,0.008984538587725518,-1,0.5229222607859559,0.3,48.86234065641377,time,-13.27469269273736,16152.799280758321
SP500,9,2026-07-07 07:00:00+00:00,2026-07-07 11:00:00+00:00,0.23786509957079377,0.017181267224213835,1,0.49424530887346524,0.3,48.4583978422748,time,11.526561627793834,16164.325842386112
XAUGBP,3,2026-07-07 07:00:00+00:00,2026-07-07 11:00:00+00:00,0.4074584296616777,0.02087547931853012,1,0.5920388410464312,0.3,48.4583978422748,time,19.744782688734123,16184.070625074848
XAUUSD,3,2026-07-07 07:00:00+00:00,2026-07-07 11:00:00+00:00,0.31757526131620634,0.005764114509629218,1,0.49637541258401224,0.3,48.4583978422748,time,15.389188357725109,16199.459813432579
DJ30,9,2026-07-07 09:30:00+00:00,2026-07-07 11:15:00+00:00,1.4733779936946925,0.026622006305329644,1,0.4426241667437892,0.3,48.4583978422748,target,71.39753699051006,16270.857350423088
CADJPY,2,2026-07-07 10:30:00+00:00,2026-07-07 14:30:00+00:00,-0.05663967806622407,0.11857136737406669,1,0.4011305763917987,0.3,48.4583978422748,time,-2.7446680533914516,16268.112682369698
CNHJPY,2,2026-07-07 10:30:00+00:00,2026-07-07 14:30:00+00:00,0.22331092969028188,0.06528198476570335,1,0.47568974038497314,0.3,48.4583978422748,time,10.821289873459934,16278.933972243161
NZDJPY,1,2026-07-07 10:30:00+00:00,2026-07-07 14:30:00+00:00,0.012648099553772526,0.04907343133967677,1,0.46226702453144597,0.3,48.4583978422748,time,0.6129066401254074,16279.54687888328
DJ30,9,2026-07-07 14:45:00+00:00,2026-07-07 15:30:00+00:00,-1.0307390409807669,0.03073904098073451,-1,0.4169965076791393,0.3,48.83864063664967,stop,-50.33989361262459,16229.206985270663
GBPCAD,5,2026-07-07 11:45:00+00:00,2026-07-07 15:45:00+00:00,-0.36165816525688277,0.08397788406137316,-1,0.41964299753548145,0.3,48.812572051269086,time,-17.653465249531372,16211.55352002113
NZDCNH,7,2026-07-07 13:00:00+00:00,2026-07-07 17:00:00+00:00,-1.0934323528580996,0.09343235285810796,1,0.40543782936920403,0.3,48.812572051269086,stop,-53.37324550707467,16158.18027451406
GBPUSD,6,2026-07-07 13:15:00+00:00,2026-07-07 17:00:00+00:00,-1.0733000831108614,0.07330008311087977,1,0.4474066147654118,0.3,48.812572051269086,stop,-52.39053763948202,16105.789736874576
AU200,10,2026-07-07 17:30:00+00:00,2026-07-07 21:30:00+00:00,0.09428297265476882,0.062226761952156484,1,0.43625804186107126,0.3,48.317369210623525,time,4.5555052000355865,16110.345242074618
CHFSGD,19,2026-07-08 06:15:00+00:00,2026-07-08 09:30:00+00:00,1.3920388705081899,0.10796112949182449,1,0.40394075965597703,0.3,48.33103572622363,target,67.27868038282331,16177.623922457438
FR40,8,2026-07-08 10:00:00+00:00,2026-07-08 10:00:00+00:00,-1.1132125843400913,0.11321258434011057,1,0.44625784819342545,0.3,48.53287176737211,stop,-54.02740360560256,16123.596518851831
GBPCAD,5,2026-07-08 10:00:00+00:00,2026-07-08 10:00:00+00:00,-1.1336724626474282,0.13367246264746352,1,0.4495728952787366,0.3,48.37078955655531,stop,-54.83663211678056,16068.759886735046
NZDCAD,7,2026-07-08 08:15:00+00:00,2026-07-08 11:15:00+00:00,1.4236626552044045,0.07633734479556034,-1,0.4576087722934199,0.3,48.33103572622363,target,68.80709065077447,16137.566977385824
NZDCNH,7,2026-07-08 08:15:00+00:00,2026-07-08 12:00:00+00:00,1.4454962535723848,0.05450374642760976,-1,0.47644112289400536,0.3,48.33103572622363,target,69.86233107352935,16207.429308459352
XAGUSD,3,2026-07-08 14:45:00+00:00,2026-07-08 17:30:00+00:00,-1.0920073587342172,0.09200735873421592,1,0.42876668577675653,0.3,48.622287925377876,stop,-53.09589621300651,16154.333412246342
EURUSD,6,2026-07-08 14:45:00+00:00,2026-07-08 18:45:00+00:00,-0.5399530559754477,0.05095733099202694,1,0.4054790848825915,0.3,48.622287925377876,time,-26.253752953825895,16128.079659292518
CADJPY,2,2026-07-08 17:45:00+00:00,2026-07-08 21:45:00+00:00,0.34079406325815526,0.13030181530931692,-1,0.3595461602446304,0.3,48.46300023673885,time,16.515902768359172,16144.595562060873
USDJPY,2,2026-07-09 08:45:00+00:00,2026-07-09 09:15:00+00:00,-1.1083229397192729,0.10832293971933402,1,0.4123241790921406,0.3,48.43378668618246,stop,-53.680276841765924,16090.915285219104
USDCAD,17,2026-07-09 09:45:00+00:00,2026-07-09 10:30:00+00:00,1.3951845174173458,0.1048154825826697,1,0.4070642252506364,0.3,48.272745855657156,target,67.34938763103521,16158.264672850142
AUDCAD,7,2026-07-09 09:15:00+00:00,2026-07-09 11:15:00+00:00,-1.0702776064737365,0.07027760647377211,-1,0.30782407337939105,0.3,48.272745855657156,stop,-51.66523889230773,16106.599433957832
NZDCHF,12,2026-07-09 11:15:00+00:00,2026-07-09 11:45:00+00:00,-1.0859781540545308,0.08597815405450314,-1,0.32135223582802336,0.3,48.319798301873334,stop,-52.47424536415566,16054.12518859368
GBPNZD,16,2026-07-09 11:15:00+00:00,2026-07-09 13:00:00+00:00,-1.0922356006439213,0.09223560064386177,1,0.38593348358969726,0.3,48.319798301873334,stop,-52.776603921239754,16001.348584672436
AUDUSD,7,2026-07-09 09:15:00+00:00,2026-07-09 13:15:00+00:00,0.11887910334277522,0.05976868671827586,-1,0.41987468147414947,0.3,48.272745855657156,time,5.738620743214192,16007.08720541565
FR40,8,2026-07-09 11:45:00+00:00,2026-07-09 15:45:00+00:00,0.1804654534264147,0.058166551104381604,1,0.4773504173593799,0.3,48.16237556578087,time,8.691644944571921,16015.77885036022
DJ30,9,2026-07-09 13:45:00+00:00,2026-07-09 17:15:00+00:00,1.4830561490391592,0.01694385096081879,1,0.402143942571374,0.3,48.02126161624679,target,71.21822732459295,16086.99707768482
AU200,10,2026-07-09 17:00:00+00:00,2026-07-09 21:00:00+00:00,-0.7773552077139565,0.06645782863875921,-1,0.36749724605098205,0.3,48.047336551080505,time,-37.34984728476756,16049.647230400049
AUDCAD,7,2026-07-09 17:15:00+00:00,2026-07-09 21:15:00+00:00,0.28935537345195733,0.09251200313597933,-1,0.36547189310276385,0.3,48.260991233054284,time,13.964577141402062,16063.611807541456
EURCAD,4,2026-07-09 17:15:00+00:00,2026-07-09 21:15:00+00:00,1.0909405504635097,0.08639518557438548,-1,0.4051979460136674,0.3,48.260991233054284,time,52.64987234170285,16116.261679883159
XAUUSD,3,2026-07-09 17:15:00+00:00,2026-07-09 21:15:00+00:00,-0.07221856798184915,0.004447477793602665,-1,0.4489990097871326,0.3,48.260991233054284,time,-3.485339676235757,16112.776340206925
XAUSGD,3,2026-07-09 17:15:00+00:00,2026-07-09 21:15:00+00:00,-0.06591567679082978,0.006179594699140995,-1,0.40995021431395035,0.3,48.260991233054284,time,-3.181155899723076,16109.595184307196
USDCHF,18,2026-07-09 17:15:00+00:00,2026-07-09 21:15:00+00:00,-0.08513796512907602,0.06320700393825969,1,0.3278352320642166,0.3,48.260991233054284,time,-4.1088425886944195,16105.486341718497
GBPUSD,6,2026-07-09 17:15:00+00:00,2026-07-09 21:15:00+00:00,-0.5689548212011343,0.0529672002122136,-1,0.46954358803564006,0.3,48.260991233054284,time,-27.45832363799191,16078.028018080498
GBPAUD,16,2026-07-09 18:00:00+00:00,2026-07-09 22:00:00+00:00,0.8587440351334142,0.09271872824784771,1,0.4123965233961731,0.3,48.260991233054284,time,41.443838351011365,16119.471856431512
XAUUSD,3,2026-07-10 06:15:00+00:00,2026-07-10 10:15:00+00:00,0.7946605160919111,0.005953575040289071,-1,0.42753734752033945,0.3,48.358415569294394,time,38.428523473682596,16157.9003799052
FR40,8,2026-07-10 10:00:00+00:00,2026-07-10 10:30:00+00:00,-1.1610877930030437,0.16108779300309195,-1,0.33779878555560255,0.3,48.358415569294394,stop,-56.14836600647605,16101.752013898731
XAUCNH,3,2026-07-10 08:45:00+00:00,2026-07-10 11:30:00+00:00,-1.033894077992112,0.03389407799209976,1,0.4709128655022509,0.3,48.358415569294394,stop,-49.997479478175016,16051.754534420557
EURCAD,4,2026-07-10 09:30:00+00:00,2026-07-10 13:30:00+00:00,0.532552582587981,0.15868292930222963,-1,0.3459064244574535,0.3,48.358415569294394,time,25.753399101290558,16077.507933521847
GBPCAD,5,2026-07-10 14:15:00+00:00,2026-07-10 15:00:00+00:00,1.3901671270842901,0.10983287291567456,-1,0.42336466879826745,0.3,48.23252380056535,target,67.05126904385658,16144.55920256571
US2000,9,2026-07-10 14:30:00+00:00,2026-07-10 15:00:00+00:00,-1.1082509003844112,0.10825090038444736,-1,0.3177928692022807,0.3,48.23252380056535,stop,-53.4537379297891,16091.105464635926
CHFJPY,2,2026-07-10 16:00:00+00:00,2026-07-10 16:45:00+00:00,-1.122019591448424,0.12201959144844962,1,0.4360204919186981,0.3,48.273316393907564,stop,-54.163606738152666,16036.941857897778
GER40,8,2026-07-10 13:45:00+00:00,2026-07-10 17:30:00+00:00,1.4889831539674414,0.011016846032572036,-1,0.36398855425051346,0.3,48.23252380056535,target,71.81741541237548,16108.759273310148
EURCHF,13,2026-07-10 16:00:00+00:00,2026-07-10 17:30:00+00:00,-1.391349132296468,0.39134913229644036,-1,0.326988836433975,0.3,48.273316393907564,stop,-67.16503687773616,16041.594236432415
AU200,10,2026-07-10 17:00:00+00:00,2026-07-10 17:30:00+00:00,1.4342555388955591,0.06574446110442206,-1,0.3765583847925063,0.3,48.1108255736931,target,69.00321805990744,16110.597454492323
NZDUSD,7,2026-07-10 17:15:00+00:00,2026-07-10 17:30:00+00:00,-1.0749736655724813,0.07497366557246127,1,0.39451532883866985,0.3,48.1108255736931,stop,-51.71787052067115,16058.879583971648
AUDCAD,7,2026-07-10 17:00:00+00:00,2026-07-10 20:00:00+00:00,0.7518410858624452,0.08159925568091454,-1,0.4004602218753553,0.3,48.1108255736931,weekend,36.17169534106412,16095.051279312713
GBPUSD,6,2026-07-10 17:45:00+00:00,2026-07-10 20:00:00+00:00,-0.18529312316994118,0.04815813586337026,1,0.3973978176049675,0.3,48.17663875191472,weekend,-8.926799858172297,16086.124479454535
NAS100,9,2026-07-10 17:45:00+00:00,2026-07-10 20:00:00+00:00,0.5349052952225609,0.006510003592972343,1,0.37959611933834747,0.3,48.17663875191472,weekend,25.769939174423612,16111.89441862896
XAUAUD,3,2026-07-13 09:15:00+00:00,2026-07-13 13:15:00+00:00,0.25527268115017776,0.013470415096524168,1,0.5471834743602131,0.3,48.33568325588667,time,12.338779459955944,16124.233198088914
NAS100,9,2026-07-13 15:45:00+00:00,2026-07-13 16:30:00+00:00,-1.0208056628335156,0.02080566283351237,1,0.4763175406807693,0.3,48.37269959426654,stop,-49.37912567237179,16074.854072416536
AUDUSD,7,2026-07-13 14:15:00+00:00,2026-07-13 17:15:00+00:00,1.4460245093578652,0.05397549064208798,-1,0.4236847097318455,0.3,48.37269959426654,target,69.94810919711468,16144.802181613646
AU200,10,2026-07-13 16:45:00+00:00,2026-07-13 17:15:00+00:00,1.4388256095127858,0.061174390487193774,-1,0.39024481974810205,0.3,48.22456221724942,target,69.38673512572116,16214.188916739367
GBPAUD,16,2026-07-13 14:45:00+00:00,2026-07-13 18:45:00+00:00,0.8113172281798092,0.10895093536318656,1,0.43856447529547654,0.3,48.37269959426654,time,39.245604554394916,16253.434521293762
NZDUSD,7,2026-07-13 16:15:00+00:00,2026-07-13 19:15:00+00:00,1.4447335900672964,0.05526640993269045,-1,0.3802847320875178,0.3,48.37269959426654,target,69.88566394607156,16323.320185239834
SP500,9,2026-07-13 17:30:00+00:00,2026-07-13 19:15:00+00:00,-1.0131095688563365,0.013109568856336414,1,0.5210100304101779,0.3,48.64256675021793,stop,-49.28024982837886,16274.039935411449
CHFJPY,2,2026-07-13 17:30:00+00:00,2026-07-13 19:30:00+00:00,-1.0778521458435688,0.07785214584360643,1,0.4276434070279429,0.3,48.64256675021793,stop,-52.42949495106143,16221.610440460383
GBPUSD,6,2026-07-13 17:30:00+00:00,2026-07-13 21:00:00+00:00,-1.0495265862551268,0.04952658625511928,1,0.4961032497680804,0.3,48.64256675021793,stop,-51.05166702804336,16170.558773432334
XAGEUR,3,2026-07-13 17:30:00+00:00,2026-07-13 21:30:00+00:00,-0.5296526446645726,0.07791324193431329,1,0.43902755335019733,0.3,48.64256675021793,time,-25.763664122525935,16144.795109309809
US2000,9,2026-07-13 17:30:00+00:00,2026-07-13 21:30:00+00:00,-0.7271750118170333,0.0211927143698956,1,0.48908609494140204,0.3,48.64256675021793,time,-35.371659051400556,16109.423450258415
XAGUSD,3,2026-07-13 17:30:00+00:00,2026-07-13 21:30:00+00:00,-0.6688850739327824,0.08775460153637041,1,0.42144864381899394,0.3,48.64256675021793,time,-32.53628685699982,16076.887163401421
FR40,8,2026-07-14 06:30:00+00:00,2026-07-14 08:30:00+00:00,1.1754204047907997,0.3245795952092134,1,0.5228450122403789,0.3,48.2306614902041,target,56.69130365214374,16133.578467053565
DJ30,9,2026-07-14 06:30:00+00:00,2026-07-14 10:30:00+00:00,-0.032933373691742755,0.01924677683284395,1,0.49446485015348735,0.3,48.2306614902041,time,-1.5883983982568382,16131.990068655301
NZDJPY,1,2026-07-14 08:45:00+00:00,2026-07-14 12:45:00+00:00,-0.7594921288246552,0.09058178110280796,-1,0.37529552616005324,0.3,48.40073540116054,time,-36.75997756650627,16095.2300910888
NZDCHF,12,2026-07-14 08:45:00+00:00,2026-07-14 12:45:00+00:00,0.04668270537531202,0.07002952894901984,-1,0.36269852369791183,0.3,48.40073540116054,time,2.259477270680812,16097.48956835948
US2000,9,2026-07-14 08:45:00+00:00,2026-07-14 12:45:00+00:00,0.7868613847828302,0.04691844281935036,-1,0.39769491537858553,0.3,48.40073540116054,time,38.08466968226453,16135.57423804175
DJ30,9,2026-07-14 13:45:00+00:00,2026-07-14 14:00:00+00:00,1.4901310429022951,0.009868957097704835,-1,0.4437021798010787,0.3,48.40672271412509,target,72.13236020148143,16207.706598243225
AU200,10,2026-07-14 11:00:00+00:00,2026-07-14 15:00:00+00:00,0.06556753247006333,0.0605238761262123,1,0.4410075982625053,0.3,48.39597020596577,time,3.173204347899878,16210.879802591124
XAUCNH,3,2026-07-14 15:15:00+00:00,2026-07-14 15:30:00+00:00,-1.0258769345992607,0.025876934599250542,-1,0.33966726017044735,0.3,48.63263940777323,stop,-49.89110303711761,16160.988699554
XAUUSD,3,2026-07-14 15:15:00+00:00,2026-07-14 15:30:00+00:00,-1.0084647120206036,0.008464712020591677,-1,0.3715330222976605,0.3,48.63263940777323,stop,-49.044300695161894,16111.944398858832
AU200,10,2026-07-14 15:45:00+00:00,2026-07-14 17:30:00+00:00,-1.0563191644320582,0.056319164432058026,-1,0.46530640770816784,0.3,48.33583319657639,stop,-51.05806693433491,16060.8863319245
GER40,8,2026-07-14 15:45:00+00:00,2026-07-14 17:30:00+00:00,-1.0111877917228849,0.011187791722885181,-1,0.40166561412603247,0.3,48.33583319657639,stop,-48.87660443113179,16012.009727493365
NZDCHF,12,2026-07-14 15:45:00+00:00,2026-07-14 19:45:00+00:00,0.33413803221319516,0.029554050108546472,-1,0.4581307199637637,0.3,48.33583319657639,time,16.15084018968927,16028.160567683051
AUDCAD,7,2026-07-14 15:45:00+00:00,2026-07-14 19:45:00+00:00,-0.15198011161418526,0.03647893052528452,1,0.5161436144191526,0.3,48.33583319657639,time,-7.34608532418032,16020.814482358866
AU200,10,2026-07-14 17:45:00+00:00,2026-07-14 21:45:00+00:00,0.47597628488726007,0.04339010331845188,-1,0.43490832454578515,0.3,48.036029182479986,time,22.86401071101283,16043.678493069878
GER40,8,2026-07-15 08:15:00+00:00,2026-07-15 10:00:00+00:00,1.4860149495924078,0.013985050407592332,-1,0.42818749123623506,0.3,48.13103547920956,target,71.52343826146799,16115.20193133135
EURUSD,6,2026-07-15 09:00:00+00:00,2026-07-15 10:00:00+00:00,1.394334638973593,0.10566536102650503,-1,0.3347680316115762,0.3,48.13103547920956,target,67.11076997832886,16182.312701309682
SP500,9,2026-07-15 08:15:00+00:00,2026-07-15 12:15:00+00:00,-0.3040641667445622,0.019190585558912676,-1,0.4449035460462673,0.3,48.13103547920956,time,-14.634923197538814,16167.67777811215
US2000,9,2026-07-15 08:15:00+00:00,2026-07-15 12:15:00+00:00,-0.36276617337644884,0.07378295051725463,-1,0.3853279636057651,0.3,48.13103547920956,time,-17.460311561438946,16150.217466550705
JP225,11,2026-07-15 08:15:00+00:00,2026-07-15 12:15:00+00:00,-0.023755496031213505,0.018591257763558397,-1,0.4170524012659913,0.3,48.13103547920956,time,-1.143376622304559,16149.0740899284
XAGUSD,3,2026-07-15 08:45:00+00:00,2026-07-15 12:45:00+00:00,-0.47755735909631664,0.1405753395252182,1,0.4254329362779315,0.3,48.13103547920956,time,-22.985330194022435,16126.088759734383
XAGSGD,3,2026-07-15 08:45:00+00:00,2026-07-15 12:45:00+00:00,-0.16948127158624507,0.023983198809375664,1,0.42374913700421074,0.3,48.13103547920956,time,-8.157309095779112,16117.9314506386
AUDJPY,1,2026-07-15 09:00:00+00:00,2026-07-15 13:00:00+00:00,-0.8400282555295733,0.07375968350197674,-1,0.3736788147994839,0.3,48.13103547920956,time,-40.4314297704324,16077.500020868174
AUDCAD,7,2026-07-15 12:30:00+00:00,2026-07-15 15:45:00+00:00,-1.0842289594280707,0.08422895942807576,-1,0.35307004729811764,0.3,48.44722226978511,stop,-52.52788138874956,16024.972139479418
DJ30,9,2026-07-15 14:45:00+00:00,2026-07-15 16:30:00+00:00,1.4832393415653546,0.0167606584346263,1,0.3748687736420459,0.3,48.2325000626044,target,71.54034163490827,16096.512481114332
XAUGBP,3,2026-07-15 18:00:00+00:00,2026-07-15 18:15:00+00:00,-1.015401263357081,0.015401263357092621,1,0.4011803593239593,0.3,48.28953744334288,stop,-49.03325732689943,16047.479223787435
FR40,8,2026-07-15 16:45:00+00:00,2026-07-15 20:45:00+00:00,-0.17422633178314834,0.06233786183066776,-1,0.4393826979013624,0.3,48.28953744334288,time,-8.413308972258621,16039.065914815175
NZDCHF,12,2026-07-16 06:15:00+00:00,2026-07-16 07:00:00+00:00,-1.0870166403083468,0.08701664030832713,-1,0.30770599749506067,0.3,48.11719774444541,stop,-52.30419463321942,15986.761720181952
GER40,8,2026-07-16 10:30:00+00:00,2026-07-16 11:00:00+00:00,-1.0211964575656094,0.021196457565615178,1,0.5310400001832323,0.3,47.96028516054575,stop,-48.97687330978579,15937.784846872164
GBPAUD,16,2026-07-16 12:45:00+00:00,2026-07-16 13:15:00+00:00,-1.0673357330859758,0.06733573308598713,1,0.37231044752339776,0.3,47.813354540616395,stop,-51.032901819908474,15886.751945052252
GER40,8,2026-07-16 13:30:00+00:00,2026-07-16 14:45:00+00:00,-1.013762964965811,0.013762964965814771,1,0.4158296236209326,0.3,47.66025583515667,stop,-48.316202266477525,15838.435742785776
FR40,8,2026-07-16 13:30:00+00:00,2026-07-16 14:45:00+00:00,-1.0847259622816385,0.08472596228166761,1,0.48987783648473404,0.3,47.66025583515667,stop,-51.6983168733794,15786.73742591239
EURUSD,6,2026-07-16 11:00:00+00:00,2026-07-16 15:00:00+00:00,0.3681412626525317,0.09361350996711237,-1,0.3613848253232159,0.3,47.813354540616395,time,17.60206871223568,15804.339494624626
NZDCHF,12,2026-07-16 11:15:00+00:00,2026-07-16 15:15:00+00:00,0.09417050158524924,0.07301972233095012,-1,0.3146842518328344,0.3,47.813354540616395,time,4.5026075795632,15808.842102204188
USDJPY,2,2026-07-16 15:00:00+00:00,2026-07-16 15:30:00+00:00,-1.1040840602602437,0.10408406026019865,-1,0.3631360970436697,0.3,47.4130184838738,stop,-52.34795795686937,15756.494144247321
NAS100,9,2026-07-16 15:00:00+00:00,2026-07-16 16:30:00+00:00,-1.0187816705450297,0.018781670545039347,1,0.43541166642938917,0.3,47.4130184838738,stop,-48.30351417658332,15708.190630070734
US2000,9,2026-07-16 15:00:00+00:00,2026-07-16 16:45:00+00:00,1.4611747935370685,0.03882520646295357,1,0.41696861116357925,0.3,47.4130184838738,target,69.2787074941435,15777.469337564879
NZDJPY,1,2026-07-16 15:15:00+00:00,2026-07-16 17:15:00+00:00,-1.165798684622775,0.16579868462282576,-1,0.35667287262022745,0.3,47.426526306612494,stop,-55.289781984476285,15722.179555580398
AUDJPY,1,2026-07-16 15:15:00+00:00,2026-07-16 17:15:00+00:00,-1.121660791751115,0.12166079175109513,-1,0.385927153258726,0.3,47.426526306612494,stop,-53.19647504708006,15668.983080533319
EURNZD,15,2026-07-16 15:45:00+00:00,2026-07-16 17:15:00+00:00,-1.1785734851541856,0.17857348515415455,1,0.3182451998955904,0.3,47.26948243274189,stop,-55.71055865219116,15613.272521881125
JP225,11,2026-07-16 15:00:00+00:00,2026-07-16 19:00:00+00:00,-0.3554779135978599,0.01887493346537309,1,0.45731262409091605,0.3,47.4130184838738,time,-16.854280888024224,15596.418240993095
EURJPY,2,2026-07-16 15:15:00+00:00,2026-07-16 19:15:00+00:00,0.30302698569188113,0.17094102839930186,-1,0.3709192640687949,0.3,47.426526306612494,time,14.371517308529489,15610.789758301631
GBPCHF,14,2026-07-16 17:00:00+00:00,2026-07-16 21:00:00+00:00,1.1454463436903446,0.11574241597981277,-1,0.4139158717052758,0.3,47.33240801269457,time,54.21673369620056,15665.006491997832
EURUSD,6,2026-07-17 11:30:00+00:00,2026-07-17 13:45:00+00:00,-1.0919558002483916,0.09195580024841309,1,0.4221797517256327,0.3,46.99501947599344,stop,-51.31648409959716,15613.690007898229
EURJPY,2,2026-07-17 13:15:00+00:00,2026-07-17 13:45:00+00:00,-1.1099481326232576,0.10994813262331868,1,0.4093551204124714,0.3,46.99501947599344,stop,-52.16203410997254,15561.527973788252
XAUAUD,3,2026-07-17 12:30:00+00:00,2026-07-17 15:30:00+00:00,1.4880711965199038,0.011928803480106017,-1,0.3982447610632423,0.3,46.99501947599344,target,69.93193486211774,15631.459908650373
NZDCHF,12,2026-07-17 12:15:00+00:00,2026-07-17 16:15:00+00:00,0.9668510377737615,0.06598809200133318,1,0.46157312674398226,0.3,46.99501947599344,time,45.437183350562385,15676.89709200093
CADJPY,2,2026-07-17 15:45:00+00:00,2026-07-17 16:15:00+00:00,-1.227000913460399,0.2270009134604253,-1,0.32893065589486,0.3,46.894379725951076,stop,-57.539446759900784,15619.357645241034
NZDCAD,7,2026-07-17 15:30:00+00:00,2026-07-17 18:45:00+00:00,1.3357528257745512,0.164247174225497,1,0.43603370963202054,0.3,46.894379725951076,target,62.63930023188397,15681.996945472914
GBPUSD,6,2026-07-17 17:15:00+00:00,2026-07-17 20:00:00+00:00,-0.5308294436584865,0.05856421560218018,-1,0.36048691346724643,0.3,46.858072935723065,weekend,-24.87364478737866,15657.123300685533
USDCAD,17,2026-07-20 10:45:00+00:00,2026-07-20 11:15:00+00:00,1.3704084282651654,0.12959157173483046,1,0.38143879424546623,0.3,46.97136990205659,target,64.36996120093906,15721.49326188647
NAS100,9,2026-07-20 13:00:00+00:00,2026-07-20 14:30:00+00:00,-1.0172368383102643,0.017236838310261512,-1,0.34746810230776637,0.3,47.1644797856594,stop,-47.97744629771255,15673.515815588762
XAUEUR,3,2026-07-20 11:30:00+00:00,2026-07-20 14:30:00+00:00,-1.0182265790779046,0.018226579077899548,-1,0.42177563678139274,0.3,47.1644797856594,stop,-48.02412690614096,15625.491688682625
XAUUSD,3,2026-07-20 11:30:00+00:00,2026-07-20 14:30:00+00:00,-1.0090717952943604,0.009071795294352343,-1,0.4046883547356934,0.3,47.1644797856594,stop,-47.5923462914399,15577.899342391189
EURJPY,2,2026-07-20 10:45:00+00:00,2026-07-20 14:30:00+00:00,1.3815492319640132,0.11845076803599301,-1,0.45947378151891916,0.3,46.97136990205659,target,64.89326001248385,15642.792602403671
CADJPY,2,2026-07-20 13:00:00+00:00,2026-07-20 14:45:00+00:00,-1.2343729507485515,0.23437295074853168,1,0.3581738519344091,0.3,47.1644797856594,stop,-58.218558083544806,15584.574044320121
DJ30,9,2026-07-20 16:45:00+00:00,2026-07-20 17:15:00+00:00,1.4899002294624148,0.010099770537606214,-1,0.5314307245951463,0.3,46.75372213296034,target,69.6583813341196,15654.232425654234
NZDCNH,7,2026-07-20 17:15:00+00:00,2026-07-20 18:00:00+00:00,-1.076599979425884,0.07659997942587919,1,0.45073949422588794,0.3,46.9626972769627,stop,-50.560038922162065,15603.672386732069
AUDJPY,1,2026-07-21 08:15:00+00:00,2026-07-21 09:30:00+00:00,-1.1099185062273362,0.1099185062273879,-1,0.3912928038112053,0.3,46.811017160196215,stop,-51.95641424142718,15551.715972490638
EURUSD,6,2026-07-21 08:15:00+00:00,2026-07-21 09:45:00+00:00,-1.1502385389534644,0.15023853895334333,-1,0.3264653288621942,0.3,46.811017160196215,stop,-53.84383598526964,15497.872136505364
EURCHF,13,2026-07-21 10:15:00+00:00,2026-07-21 11:15:00+00:00,-1.3555550523279314,0.35555505232797274,-1,0.4373405403566675,0.3,46.49361640951613,stop,-63.0246566249164,15434.847479880453
EURCAD,4,2026-07-21 09:30:00+00:00,2026-07-21 13:30:00+00:00,0.17157389828919337,0.1403386220326537,-1,0.4372694374768204,0.3,46.65514791747193,time,8.0048056034596,15442.85228548391
AUDUSD,7,2026-07-21 10:15:00+00:00,2026-07-21 14:15:00+00:00,0.25106933941452925,0.07128798936781809,-1,0.4154982002857704,0.3,46.49361640951613,time,11.673121558929731,15454.525407042835
USDCHF,18,2026-07-21 11:45:00+00:00,2026-07-21 15:30:00+00:00,-1.1713510175249966,0.17135101752503815,-1,0.36902336597297314,0.3,46.304542439641374,stop,-54.238872902703314,15400.286534140134
GER40,8,2026-07-21 12:30:00+00:00,2026-07-21 16:30:00+00:00,0.9609924000469363,0.01757912926915156,-1,0.423058585632714,0.3,46.304542439641374,time,44.498313372146185,15444.784847512274
NAS100,9,2026-07-21 12:30:00+00:00,2026-07-21 16:30:00+00:00,0.21167466585895547,0.020771813004849204,-1,0.3638798347938963,0.3,46.304542439641374,time,9.801498548662911,15454.58634606094
FR40,8,2026-07-21 12:30:00+00:00,2026-07-21 16:30:00+00:00,1.448847198353745,0.05115280164625474,-1,0.40825142432364153,0.3,46.304542439641374,target,67.08820658472649,15521.674552645665
EURNZD,15,2026-07-21 16:15:00+00:00,2026-07-21 16:30:00+00:00,-1.155888200271519,0.15588820027148967,-1,0.39686201386149095,0.3,46.20085960242043,stop,-53.403028456838875,15468.271524188822
JP225,11,2026-07-21 16:45:00+00:00,2026-07-21 17:00:00+00:00,-1.0309891205324189,0.03098912053241867,-1,0.39526643327738714,0.3,46.40481457256653,stop,-47.84285896464034,15420.428665224186
USDCAD,17,2026-07-22 09:15:00+00:00,2026-07-22 10:00:00+00:00,-1.160040937691488,0.1600409376915037,1,0.3900590517402711,0.3,46.26128599567261,stop,-53.664985585234156,15366.763679638956
AUDCHF,12,2026-07-22 11:30:00+00:00,2026-07-22 15:30:00+00:00,-0.3251846135935815,0.08696657644565327,1,0.376548564580894,0.3,46.1002910389169,time,-14.991105328041838,15351.772574310919
EURJPY,2,2026-07-22 15:45:00+00:00,2026-07-22 19:45:00+00:00,-0.31294527743306905,0.1081989781118844,-1,0.4186390280799372,0.3,46.05531772293278,time,-14.41279418207134,15337.359780128842
SP500,9,2026-07-22 17:15:00+00:00,2026-07-22 21:15:00+00:00,-0.13058461868755417,0.013891980711439786,-1,0.4247444824596989,0.3,46.05531772293278,time,-6.014116103383332,15331.345664025459
NZDCNH,7,2026-07-23 08:30:00+00:00,2026-07-23 10:15:00+00:00,-1.0865094819760417,0.08650948197605356,1,0.3918931015731631,0.3,45.99403699207642,stop,-49.97295730624785,15281.372706719209
USDCHF,18,2026-07-23 11:00:00+00:00,2026-07-23 14:15:00+00:00,-1.176242970138128,0.17624297013812804,-1,0.4077643546341721,0.3,45.844118120157674,stop,-53.92382166101744,15227.448885058184
XAGSGD,3,2026-07-23 13:30:00+00:00,2026-07-23 14:30:00+00:00,-1.036897332629431,0.03689733262942392,1,0.45967475481112413,0.3,45.844118120157674,stop,-47.53564379554006,15179.91324126265
GBPJPY,2,2026-07-23 15:00:00+00:00,2026-07-23 18:15:00+00:00,-1.051276429122531,0.05127642912253102,1,0.5350025969376485,0.3,45.539739723787996,stop,-47.874854959993314,15132.03838630265
EURJPY,2,2026-07-23 15:00:00+00:00,2026-07-23 19:00:00+00:00,0.11380233979175333,0.06779884324120146,1,0.5287683326466679,0.3,45.539739723787996,time,5.182528934074528,15137.220915236729
EURUSD,6,2026-07-24 08:00:00+00:00,2026-07-24 10:00:00+00:00,1.3858323115036024,0.11416768849635543,1,0.32864970537269433,0.3,45.411662745710245,target,62.932949552109655,15200.153864788837
USDCAD,17,2026-07-24 14:45:00+00:00,2026-07-24 15:30:00+00:00,-1.105349135676679,0.10534913567663562,-1,0.3507524520281073,0.3,45.60046159436657,stop,-50.40443080979068,15149.749433979043
US2000,9,2026-07-24 17:15:00+00:00,2026-07-24 17:30:00+00:00,-1.044351522952129,0.04435152295214125,1,0.3417670704573507,0.3,45.449248301937196,stop,-47.46499168115757,15102.284442297881
USDJPY,2,2026-07-24 18:00:00+00:00,2026-07-24 20:00:00+00:00,0.355272829334568,0.1000368645560596,1,0.33439326691872,0.3,45.30685332689372,weekend,16.096293969691818,15118.380736267573
EURGBP,20,2026-07-24 17:00:00+00:00,2026-07-24 20:00:00+00:00,-0.5707480191776665,0.09382893509702007,1,0.3899003332013417,0.3,45.449248301937196,weekend,-25.940068441444577,15092.44066782613
GBPCHF,14,2026-07-27 13:00:00+00:00,2026-07-27 14:00:00+00:00,-1.2155417884484154,0.2155417884484295,1,0.4216738435116342,0.3,45.27732200347847,stop,-55.03647696426301,15037.404190861867
XAUUSD,3,2026-07-27 15:30:00+00:00,2026-07-27 16:45:00+00:00,-1.0086589981739595,0.00865899817395582,1,0.45839696720677076,0.3,45.11221257258567,stop,-45.50283913887496,14991.90135172299
XAUCNH,3,2026-07-27 15:30:00+00:00,2026-07-27 16:45:00+00:00,-1.0268650449110535,0.026865044911051492,1,0.4646785847365377,0.3,45.11221257258567,stop,-46.324154189385176,14945.57719753361
EURJPY,2,2026-07-27 15:45:00+00:00,2026-07-27 19:45:00+00:00,-0.41624084409777107,0.11315263445477539,1,0.37638053556926376,0.3,45.11221257258567,time,-18.77754544033114,14926.79965209328
GER40,8,2026-07-27 17:00:00+00:00,2026-07-27 21:00:00+00:00,0.439313144956025,0.01178046422228524,-1,0.507162020730917,0.3,44.83673159260089,time,19.69736556549466,14946.497017658767
GBPCHF,14,2026-07-28 08:15:00+00:00,2026-07-28 09:45:00+00:00,-1.3376536321471268,0.33765363214697514,-1,0.37793564735525714,0.3,44.839491052976385,stop,-59.97970807064246,14886.517309588118
EURGBP,20,2026-07-28 09:15:00+00:00,2026-07-28 09:45:00+00:00,1.3039452155605957,0.19605478443953847,-1,0.37078278679269744,0.3,44.839491052976385,target,58.468239826700696,14944.985549414821
NZDJPY,1,2026-07-28 06:30:00+00:00,2026-07-28 10:30:00+00:00,-0.2290002955669931,0.09475769219769907,-1,0.40780693527413997,0.3,44.839491052976385,time,-10.268256704205136,14934.717292710615
USDCAD,17,2026-07-28 06:45:00+00:00,2026-07-28 10:45:00+00:00,0.1765377948952801,0.1286365063038778,1,0.40093893574737266,0.3,44.839491052976385,time,7.915864874719092,14942.63315758534
FR40,8,2026-07-28 10:15:00+00:00,2026-07-28 14:15:00+00:00,0.4867202830729065,0.05287490540345909,-1,0.5623149485076455,0.3,44.83495664824455,time,21.82208279139508,14964.45524037673
USDCAD,17,2026-07-28 10:45:00+00:00,2026-07-28 14:45:00+00:00,-0.6154764198510235,0.0981199341115738,1,0.4628252762577533,0.3,44.8278994727561,time,-27.59051507693351,14936.86472529979
NZDUSD,7,2026-07-28 17:15:00+00:00,2026-07-28 18:00:00+00:00,-1.091692836082508,0.09169283608248968,-1,0.3381629645112181,0.3,44.81059417589949,stop,-48.91940464243003,14887.945320657367
GBPUSD,6,2026-07-28 16:15:00+00:00,2026-07-28 20:15:00+00:00,-0.24168818455442562,0.06561774811167558,-1,0.3763867686159035,0.3,44.81059417589949,time,-10.830191155178266,14877.115129502185
AUDCHF,12,2026-07-28 17:00:00+00:00,2026-07-28 21:00:00+00:00,0.1274184373047593,0.06666036884886505,1,0.46914581842137176,0.3,44.81059417589949,time,5.709695884590861,14882.824825386779
XAUUSD,3,2026-07-28 17:30:00+00:00,2026-07-28 21:30:00+00:00,0.08644336494422121,0.00508490382024867,1,0.44050417302782624,0.3,44.81059417589949,time,3.873578545714673,14886.698403932489
JP225,11,2026-07-28 17:30:00+00:00,2026-07-28 21:30:00+00:00,0.3879681443659081,0.016746826375506823,1,0.3853486697546567,0.3,44.81059417589949,time,17.385083070357492,14904.083487002848
USDCHF,18,2026-07-29 15:30:00+00:00,2026-07-29 16:45:00+00:00,1.4260281634949143,0.07397183650504453,-1,0.39235105195690617,0.3,44.712250461008644,target,63.760928410636794,14967.844415413492
GBPJPY,2,2026-07-29 12:45:00+00:00,2026-07-29 16:45:00+00:00,0.4022971425150768,0.0633331817574867,1,0.47183968577509505,0.3,44.712250461008644,time,17.987610595882202,14985.832026009375
XAUCNH,3,2026-07-29 15:45:00+00:00,2026-07-29 16:45:00+00:00,-1.0293130050334873,0.02931300503348687,1,0.4349518577503601,0.3,44.712250461008644,stop,-46.02290088383074,14939.80912512554
EURNZD,15,2026-07-29 18:00:00+00:00,2026-07-29 19:15:00+00:00,-1.1028931175953096,0.10289311759533734,-1,0.3683576329434272,0.3,44.819427375376705,stop,-49.43103798686578,14890.37808713867
GER40,8,2026-07-29 15:15:00+00:00,2026-07-29 19:15:00+00:00,0.8337861912976156,0.010411482097368455,-1,0.3661970111618058,0.3,44.712250461008644,time,37.280457016229455,14927.658544154896
XAGSGD,3,2026-07-29 15:45:00+00:00,2026-07-29 19:45:00+00:00,1.4831140664050997,0.016885933594901946,1,0.45386433888339267,0.3,44.712250461008644,target,66.31336759934982,14993.97191175424
NZDJPY,1,2026-07-29 17:15:00+00:00,2026-07-29 21:00:00+00:00,-1.1086465941334898,0.10864659413352734,-1,0.3604768921085806,0.3,44.819427375376705,stop,-49.68890551072468,14944.28300624351
EURCHF,13,2026-07-30 09:30:00+00:00,2026-07-30 10:30:00+00:00,-1.224792635577058,0.2247926355771204,-1,0.3616828149850841,0.3,44.83284901873068,stop,-54.91094331007946,14889.372062933428
EURNZD,15,2026-07-30 08:30:00+00:00,2026-07-30 11:15:00+00:00,1.3933763705915931,0.1066236294084436,-1,0.36731467656914485,0.3,44.83284901873068,target,62.46903244899982,14951.84109538242
XAGEUR,3,2026-07-30 08:15:00+00:00,2026-07-30 12:15:00+00:00,0.6888034518546741,0.08962126696993833,1,0.5324863306200385,0.3,44.83284901873068,time,30.881021160581128,14982.722116542995
GER40,8,2026-07-30 10:30:00+00:00,2026-07-30 14:30:00+00:00,1.2966960350394847,0.014373855947700033,1,0.5040608098550804,0.3,44.66811618880044,time,57.92096915470055,15040.643085697695
EURCHF,13,2026-07-30 13:30:00+00:00,2026-07-30 15:15:00+00:00,-1.2506636036189294,0.2506636036189039,1,0.3876874047073098,0.3,44.94816634962918,stop,-56.21503570289033,14984.428049994807
EURAUD,15,2026-07-30 13:00:00+00:00,2026-07-30 16:30:00+00:00,-1.0800688524986195,0.08006885249859286,1,0.3737940105163206,0.3,44.94816634962918,stop,-48.54711445116106,14935.880935543653
CHFSGD,19,2026-07-30 13:30:00+00:00,2026-07-30 16:30:00+00:00,-1.0915498314080636,0.09154983140810335,-1,0.39214093817185,0.3,44.94816634962918,stop,-49.06316340103933,14886.817772142618
USDCHF,18,2026-07-30 13:30:00+00:00,2026-07-30 16:30:00+00:00,-1.0502478042305474,0.05024780423056812,1,0.40952352560803257,0.3,44.94816634962918,stop,-47.20671301288743,14839.611059129733
XAUSGD,3,2026-07-30 16:15:00+00:00,2026-07-30 20:15:00+00:00,0.5628780340616893,0.0005448964511729732,1,0.4384045593278434,0.3,44.95328414998462,time,25.303216206959842,14864.91427533669
XAUEUR,3,2026-07-30 17:15:00+00:00,2026-07-30 21:15:00+00:00,-0.1666231997820026,0.011682069357409203,-1,0.4086122183314866,0.3,44.518833177389354,time,-7.417870434577792,14857.496404902107
XAUUSD,3,2026-07-31 10:45:00+00:00,2026-07-31 11:15:00+00:00,-1.0112166777661171,0.011216677766128811,1,0.47393373322645954,0.3,44.5724892147065,stop,-45.07244446346159,14812.423960438638
GBPCHF,14,2026-07-31 11:15:00+00:00,2026-07-31 12:15:00+00:00,-1.1897113920551101,0.18971139205516455,-1,0.3744921686985407,0.3,44.43727188131612,stop,-52.86752858905201,14759.556431849589
FR40,8,2026-07-31 10:15:00+00:00,2026-07-31 14:15:00+00:00,-0.07624666272004631,0.03764075754533931,1,0.48374095645633036,0.3,44.5724892147065,time,-3.398503551746628,14756.15792829785
SP500,9,2026-07-31 16:45:00+00:00,2026-07-31 17:00:00+00:00,1.4695671078394423,0.030432892160557685,-1,0.474720033254656,0.3,44.26847378489372,target,65.05549298853244,14821.213421286375
NAS100,9,2026-07-31 16:45:00+00:00,2026-07-31 20:00:00+00:00,0.0517922980741747,0.006704619408233141,-1,0.4420664983466631,0.3,44.26847378489372,weekend,2.2927659895560044,14823.506187275925
USDJPY,2,2026-07-31 16:45:00+00:00,2026-07-31 20:00:00+00:00,-0.2070500246994391,0.016127364397479454,1,0.4060434799230099,0.3,44.26847378489372,weekend,-9.165788590568717,14814.340398685352
GBPJPY,2,2026-07-31 17:15:00+00:00,2026-07-31 20:00:00+00:00,0.9170531544844925,0.01570502495547753,1,0.4673988639562252,0.3,44.46364026385932,weekend,40.77552156383588,14855.115920249184
FR40,8,2026-08-03 07:00:00+00:00,2026-08-03 10:00:00+00:00,-1.783799400990358,0.7837994009903291,-1,0.3987618363300875,0.3,44.56534776074779,stop,-79.4956406405489,14775.620279608629
XAGUSD,3,2026-08-03 14:45:00+00:00,2026-08-03 15:30:00+00:00,-1.171023629560999,0.1710236295609924,1,0.4300609511669136,0.3,44.32686083882614,stop,-51.9078014665275,14723.7124781421
EURAUD,15,2026-08-03 17:00:00+00:00,2026-08-03 17:45:00+00:00,1.4276991559285406,0.07230084407140691,-1,0.41568379366058944,0.3,44.171137434426555,target,63.06309563153435,14786.77557377363
XAUCNH,3,2026-08-03 16:45:00+00:00,2026-08-03 20:45:00+00:00,0.05039360822227373,0.015678011446932982,1,0.5036631580380154,0.3,44.171137434426555,time,2.225942994602701,14789.001516768229
XAUAUD,3,2026-08-03 16:45:00+00:00,2026-08-03 20:45:00+00:00,-0.15902646884968263,0.014598513052296317,1,0.559613246687471,0.3,44.171137434426555,time,-7.024380011270885,14781.977136756963
EURNZD,15,2026-08-03 17:00:00+00:00,2026-08-03 21:00:00+00:00,0.4193012743397138,0.11738772510549833,-1,0.3652493313670718,0.3,44.171137434426555,time,18.521014215289693,14800.498150972257
AUDCAD,7,2026-08-04 08:45:00+00:00,2026-08-04 09:15:00+00:00,-1.1266009761696592,0.1266009761696409,-1,0.3780977509174332,0.3,44.40149445291702,stop,-50.02276699404802,14750.475383978206
CNHJPY,2,2026-08-04 06:45:00+00:00,2026-08-04 10:45:00+00:00,0.9277208838570588,0.06941411246269684,1,0.3249792709365802,0.3,44.40149445291702,time,41.19219367843447,14791.66757765664
EURAUD,15,2026-08-04 09:15:00+00:00,2026-08-04 12:15:00+00:00,-1.0988284403061674,0.09882844030611204,1,0.4300012407205074,0.3,44.25142615193487,stop,-48.62472557985414,14743.04285207679
NZDUSD,7,2026-08-04 10:30:00+00:00,2026-08-04 13:30:00+00:00,-1.0688434304919785,0.06884343049203803,-1,0.3838735512127198,0.3,44.25142615193487,stop,-47.29784613239652,14695.745005944395
US2000,9,2026-08-04 14:00:00+00:00,2026-08-04 14:30:00+00:00,-1.0831017484889194,0.08310174848894457,-1,0.35785130472090065,0.3,44.087235017833436,stop,-47.75096133385731,14647.994044610532
XAGUSD,3,2026-08-04 14:00:00+00:00,2026-08-04 14:30:00+00:00,-1.1755438826867188,0.17554388268672091,-1,0.4012611689096209,0.3,44.087235017833436,stop,-51.82647942978579,14596.167565180745
XAUGBP,3,2026-08-04 12:45:00+00:00,2026-08-04 14:45:00+00:00,1.4850836969361596,0.014916303063860051,1,0.419520833076453,0.3,44.22912855623063,target,65.68395774855165,14661.851522929297
NZDCAD,7,2026-08-04 15:15:00+00:00,2026-08-04 16:15:00+00:00,-1.1266616191612355,0.12666161916123994,-1,0.3879377472621017,0.3,43.98555456878816,stop,-49.556836130175746,14612.294686799127
GER40,8,2026-08-05 10:15:00+00:00,2026-08-05 11:00:00+00:00,1.4834187165473829,0.016581283452595144,-1,0.5580712798081408,0.3,43.83688406039764,target,65.02845429031149,14677.323141089437
XAUEUR,3,2026-08-05 09:00:00+00:00,2026-08-05 13:00:00+00:00,0.49444892444256383,0.014127112126930656,-1,0.45411754215335903,0.3,43.83688406039764,time,21.675100174576983,14698.99824126401
CHFJPY,2,2026-08-05 09:45:00+00:00,2026-08-05 13:15:00+00:00,-1.0655079962866054,0.06550799628661594,1,0.40661811880755133,0.3,43.83688406039764,stop,-46.708550498642516,14652.289690765363
AUDCAD,7,2026-08-05 13:45:00+00:00,2026-08-05 17:45:00+00:00,-1.1272966802410347,0.12729668024100957,1,0.3451773583739763,0.3,43.95686907229637,stop,-49.55243257898951,14602.737258186375
AUDJPY,1,2026-08-05 18:00:00+00:00,2026-08-05 21:00:00+00:00,-1.051703822686767,0.051703822686777305,-1,0.3665112730355866,0.3,43.808211774559396,stop,-46.073263788375556,14556.663994397997
GBPUSD,6,2026-08-05 17:30:00+00:00,2026-08-05 21:30:00+00:00,0.60825722539634,0.05449519118606052,-1,0.4627837141665512,0.3,43.95686907229637,time,26.73708321902518,14583.401077617018
NZDUSD,7,2026-08-06 08:00:00+00:00,2026-08-06 09:30:00+00:00,-1.1027476717926428,0.10274767179265885,1,0.4154765640759601,0.3,43.75020323285135,stop,-48.245434755481774,14535.15564286153
JP225,11,2026-08-06 06:15:00+00:00,2026-08-06 10:15:00+00:00,-0.1574397963563304,0.01914808334063478,-1,0.400341092454327,0.3,43.75020323285135,time,-6.888023087528184,14528.267619774007
GER40,8,2026-08-06 10:15:00+00:00,2026-08-06 11:00:00+00:00,-1.0217198601727295,0.021719860172729602,1,0.45616622701064363,0.3,43.584802859322316,stop,-44.53145868308278,14483.736161090928
AUDJPY,1,2026-08-06 07:00:00+00:00,2026-08-06 11:00:00+00:00,-0.3735333424216561,0.09123525142760074,1,0.47613552764334804,0.3,43.75020323285135,time,-16.342159645193707,14467.394001445733
CHFJPY,2,2026-08-06 10:15:00+00:00,2026-08-06 12:30:00+00:00,-1.0839044029809528,0.0839044029809064,1,0.4134190173211741,0.3,43.584802859322316,stop,-47.24175972227628,14420.152241723452
USDCAD,17,2026-08-06 13:45:00+00:00,2026-08-06 14:45:00+00:00,-1.1286416573730316,0.1286416573729532,1,0.33863569938011856,0.3,43.26045672517066,stop,-48.82555357701093,14371.326688146437
GBPAUD,16,2026-08-06 14:45:00+00:00,2026-08-06 16:00:00+00:00,-1.0946773548246271,0.09467735482456145,-1,0.34386027925741613,0.3,43.11398006443963,stop,-47.19589765290248,14324.130790493538
JP225,11,2026-08-06 16:45:00+00:00,2026-08-06 17:30:00+00:00,1.4864553412767325,0.013544658723274046,1,0.3308131958675495,0.3,42.97239237148092,target,63.87654216802733,14388.007332661567
SP500,9,2026-08-06 16:45:00+00:00,2026-08-06 18:15:00+00:00,-1.0795172909105688,0.07951729091056936,1,0.37777344704489346,0.3,42.97239237148092,stop,-46.38944059680708,14341.617892064765
NAS100,9,2026-08-06 17:30:00+00:00,2026-08-06 21:30:00+00:00,0.3545299568898103,0.00810786606700281,-1,0.3412713000823442,0.3,43.164021997985,time,15.302938858136446,14356.9208309229
SP500,9,2026-08-07 07:30:00+00:00,2026-08-07 11:30:00+00:00,0.9255390232351255,0.013148936399552466,1,0.4309558051881983,0.3,43.07076249276899,time,39.86367144754949,14396.784502370443
USDCHF,18,2026-08-07 10:30:00+00:00,2026-08-07 11:30:00+00:00,-1.2027731756484514,0.20277317564838296,1,0.329363853049671,0.3,43.07076249276899,stop,-51.804357781027974,14344.980144589412
CNHJPY,2,2026-08-07 11:00:00+00:00,2026-08-07 15:00:00+00:00,0.5421782037638327,0.1570031766281034,-1,0.3578417190665115,0.3,43.07076249276899,time,23.352028643068152,14368.332173232484
EURCAD,4,2026-08-07 13:45:00+00:00,2026-08-07 15:15:00+00:00,1.3484590261950593,0.15154097380490064,-1,0.3357379978009054,0.3,43.034940433768554,target,58.03085386968193,14426.363027102168
CADJPY,2,2026-08-07 15:30:00+00:00,2026-08-07 15:30:00+00:00,1.3292050594677127,0.1707949405323336,-1,0.3650249077328749,0.3,43.13839521751128,target,57.339773180433774,14483.702800282597
GBPAUD,16,2026-08-07 12:15:00+00:00,2026-08-07 15:30:00+00:00,-1.089764598853909,0.08976459885394965,1,0.39673975223600694,0.3,43.034940433768554,stop,-46.89795459850766,14436.804845684092
USDCHF,18,2026-08-07 16:00:00+00:00,2026-08-07 20:00:00+00:00,0.21033298584112278,0.0783032030016617,1,0.4441921029705855,0.3,43.31041453705259,weekend,9.10960880759504,14445.914454491693
DJ30,9,2026-08-07 16:45:00+00:00,2026-08-07 20:00:00+00:00,-0.07113795525023855,0.009216253311770891,1,0.3745435247959578,0.3,43.31041453705259,weekend,-3.0810143312061284,14442.83344016048
GER40,8,2026-08-10 10:15:00+00:00,2026-08-10 11:45:00+00:00,-1.0448205172266283,0.044820517226602956,-1,0.4489436345275915,0.3,43.32850032048175,stop,-45.27050611549987,14397.562934044981
CNHJPY,2,2026-08-10 10:45:00+00:00,2026-08-10 11:45:00+00:00,-1.1455873431824644,0.14558734318240976,-1,0.3412315348075477,0.3,43.32850032048175,stop,-49.636581566221246,14347.926352478753
DJ30,9,2026-08-10 16:00:00+00:00,2026-08-10 16:45:00+00:00,-1.0269406703969104,0.02694067039688131,1,0.41168128008010796,0.3,43.04377905743659,stop,-44.20340732166042,14303.72294515709
USDCAD,17,2026-08-10 18:00:00+00:00,2026-08-10 18:45:00+00:00,-1.0884121077134528,0.08841210771342017,1,0.35245240305539105,0.3,42.91116883547161,stop,-46.70503571666348,14257.01790944043
XAGUSD,3,2026-08-11 08:00:00+00:00,2026-08-11 08:30:00+00:00,-1.1195344603761366,0.11953446037613717,1,0.43527676514076125,0.3,42.77105372832162,stop,-47.88366855545529,14209.134240884974
XAGSGD,3,2026-08-11 08:00:00+00:00,2026-08-11 08:30:00+00:00,-1.026217925068932,0.026217925068926125,1,0.4696926731558719,0.3,42.77105372832162,stop,-43.89242201009002,14165.241818874885
EURUSD,6,2026-08-11 08:00:00+00:00,2026-08-11 09:15:00+00:00,-1.1489122742279312,0.14891227422792294,1,0.39739892738192606,0.3,42.77105372832162,stop,-49.14018861013103,14116.101630264748
NAS100,9,2026-08-11 07:45:00+00:00,2026-08-11 09:30:00+00:00,1.4760021888027786,0.02399781119720174,-1,0.3999816437065873,0.3,42.77105372832162,target,63.13016892040395,14179.231799185145
GER40,8,2026-08-11 07:45:00+00:00,2026-08-11 10:15:00+00:00,1.4694397165994866,0.030560283400464,-1,0.4276682062830244,0.3,42.77105372832162,target,62.84948506920633,14242.081284254353
GER40,8,2026-08-11 10:15:00+00:00,2026-08-11 14:15:00+00:00,-0.35754988015018097,0.02836333183883945,-1,0.5936285324776202,0.3,42.72624385276342,time,-15.276763368822966,14226.804520885533
FR40,8,2026-08-11 15:00:00+00:00,2026-08-11 16:45:00+00:00,-1.1152336194884414,0.11523361948845298,-1,0.45175034706046785,0.3,42.68041356265695,stop,-47.598632098745476,14179.20588878679
NZDCHF,12,2026-08-11 14:15:00+00:00,2026-08-11 18:15:00+00:00,-0.5258527382975515,0.07517119491701092,-1,0.4000110323593605,0.3,42.68041356265695,time,-22.443612343595113,14156.762276443202
EURCAD,4,2026-08-11 17:00:00+00:00,2026-08-11 18:30:00+00:00,1.3950600766899484,0.10493992331012442,-1,0.37538579273133504,0.3,42.53761766636072,target,59.342532163840886,14216.104808607037
NAS100,9,2026-08-11 17:00:00+00:00,2026-08-11 20:00:00+00:00,-1.0166306645840777,0.01663066458408453,1,0.591746306006537,0.3,42.53761766636072,stop,-43.2450465179757,14172.859762089065
GER40,8,2026-08-12 09:15:00+00:00,2026-08-12 09:45:00+00:00,-1.083681783494961,0.08368178349501645,-1,0.3818806509755441,0.3,42.518579286267524,stop,-46.076609832614295,14126.783152256452
CHFJPY,2,2026-08-12 08:45:00+00:00,2026-08-12 11:00:00+00:00,-1.1563979632924848,0.15639796329247896,1,0.38567496623247743,0.3,42.518579286267524,stop,-49.1683984887298,14077.614753767717
AUDCHF,12,2026-08-12 09:15:00+00:00,2026-08-12 11:30:00+00:00,-1.1266989187977687,0.1266989187977511,-1,0.3931173348811127,0.3,42.518579286267524,stop,-47.905637310654825,14029.70911645706
EURCAD,4,2026-08-12 10:30:00+00:00,2026-08-12 12:15:00+00:00,-1.2345141277218665,0.2345141277220096,-1,0.28869307683807244,0.3,42.38034945676968,stop,-52.3191401421719,13977.38997631488
EURAUD,15,2026-08-12 12:30:00+00:00,2026-08-12 13:00:00+00:00,-1.1199631885674137,0.11996318856743886,1,0.3777200324830459,0.3,41.932169928945015,stop,-46.96248673717188,13930.427489577705
AUDUSD,7,2026-08-12 12:30:00+00:00,2026-08-12 15:15:00+00:00,-1.0857068859807233,0.08570688598067619,-1,0.3864286106055168,0.3,41.932169928945015,stop,-45.52604563596942,13884.901443941737
XAUGBP,3,2026-08-12 12:30:00+00:00,2026-08-12 15:30:00+00:00,-1.0219294623241277,0.0219294623241419,-1,0.43295703449092443,0.3,41.932169928945015,stop,-42.851719869570736,13842.04972407216
XAUCNH,3,2026-08-12 12:30:00+00:00,2026-08-12 15:30:00+00:00,-1.0251102083986052,0.025110208398615712,-1,0.4244570832130153,0.3,41.932169928945015,stop,-42.98509545446655,13799.064628617693
USDCHF,18,2026-08-13 09:45:00+00:00,2026-08-13 10:45:00+00:00,1.3531943563142497,0.14680564368578045,-1,0.35464756953881943,0.3,41.397193885853476,target,56.01844913358369,13855.083077751275
NZDCNH,7,2026-08-13 09:45:00+00:00,2026-08-13 13:15:00+00:00,1.4452588372056694,0.05474116279435219,1,0.47615129015847923,0.3,41.397193885853476,target,59.82966029904624,13914.91273805032
NZDCAD,7,2026-08-13 09:45:00+00:00,2026-08-13 13:45:00+00:00,0.9090014887647847,0.05597675360237196,1,0.4621662920115206,0.3,41.397193885853476,time,37.63011087292525,13952.542848923244
EURNZD,15,2026-08-13 09:45:00+00:00,2026-08-13 13:45:00+00:00,0.5907754397628135,0.07880072798466105,-1,0.44086524261213644,0.3,41.397193885853476,time,24.45644542286154,13976.999294346111
FR40,8,2026-08-13 10:45:00+00:00,2026-08-13 14:45:00+00:00,-0.19013914699942008,0.11040337567710853,1,0.5028172810274875,0.3,41.565249233254235,time,-7.90318103402926,13969.096113312087
USDCAD,17,2026-08-13 13:45:00+00:00,2026-08-13 16:00:00+00:00,-1.1214484677754657,0.12144846777549814,1,0.3626676567453882,0.3,41.930997883038735,stop,-47.02345332823008,13922.072659983853
GBPCHF,14,2026-08-13 12:00:00+00:00,2026-08-13 16:00:00+00:00,0.6243690507060242,0.18239808755053125,1,0.40917731036008487,0.3,41.565249233254235,time,25.952055206126246,13948.024715189982
XAGEUR,3,2026-08-13 14:00:00+00:00,2026-08-13 18:00:00+00:00,0.3396920889042281,0.11167959087262092,-1,0.35939587998971545,0.3,41.930997883038735,time,14.243628260728194,13962.268343450705
GBPUSD,6,2026-08-13 15:45:00+00:00,2026-08-13 19:45:00+00:00,-0.8017675346972691,0.07635774995682178,1,0.4034093863123327,0.3,41.90728833993665,time,-33.59990325815862,13928.668440192545
GBPJPY,2,2026-08-13 17:15:00+00:00,2026-08-13 21:15:00+00:00,-0.6950983630112525,0.049439253868801665,-1,0.4520598613507791,0.3,41.84407414557033,time,-29.08574744030741,13899.582692752243
CHFSGD,19,2026-08-13 17:30:00+00:00,2026-08-13 21:30:00+00:00,0.9414662181413707,0.10597102446398766,-1,0.3845973929846082,0.3,41.84407414557033,time,39.39478223745721,13938.977474989704
NZDCNH,7,2026-08-13 17:30:00+00:00,2026-08-13 21:30:00+00:00,0.15749196183006858,0.06096248157224979,-1,0.39863693765446323,0.3,41.84407414557033,time,6.590105328148723,13945.56758031786
XAUAUD,3,2026-08-13 17:45:00+00:00,2026-08-13 21:45:00+00:00,-0.8236796954495786,0.011852559127983015,1,0.3879603467489578,0.3,41.84407414557033,time,-34.46611424859296,13911.10146606926
FR40,8,2026-08-14 09:15:00+00:00,2026-08-14 10:00:00+00:00,-1.2467215341920768,0.24672153419207002,1,0.4377586959085673,0.3,41.733304398208155,stop,-52.029809286239015,13859.071656783024
AUDJPY,1,2026-08-14 06:15:00+00:00,2026-08-14 10:15:00+00:00,0.6475649328876242,0.1019106412534402,1,0.4342616405480489,0.3,41.733304398208155,time,27.025024461804456,13886.096681244831
AUDCHF,12,2026-08-14 10:30:00+00:00,2026-08-14 11:45:00+00:00,-1.1131267682796189,0.11312676827964906,-1,0.36300683189082283,0.3,41.65829004373485,stop,-46.3709577684376,13839.725723476397
NZDJPY,1,2026-08-14 10:30:00+00:00,2026-08-14 12:30:00+00:00,-1.0798955999873923,0.07989559998743641,-1,0.4280355167401781,0.3,41.65829004373485,stop,-44.986604121227856,13794.739119355174
CNHJPY,2,2026-08-14 11:45:00+00:00,2026-08-14 15:00:00+00:00,-1.171746948799035,0.1717469487989792,1,0.4006454929646248,0.3,41.519177170429536,stop,-48.649969166097364,13746.089150189073
EURJPY,2,2026-08-14 11:45:00+00:00,2026-08-14 15:15:00+00:00,-1.1099645815342158,0.10996458153425583,1,0.41570130930439353,0.3,41.519177170429536,stop,-46.08481611362079,13700.00433407545
XAUGBP,3,2026-08-14 15:45:00+00:00,2026-08-14 16:30:00+00:00,-1.0166365276707456,0.01663652767073217,-1,0.3498441001061982,0.3,41.1000130022267,stop,-41.78377450580625,13658.220559569643
XAGUSD,3,2026-08-14 16:15:00+00:00,2026-08-14 16:30:00+00:00,-1.2107181999513852,0.21071819995138993,-1,0.40063769052603115,0.3,41.1000130022267,stop,-49.76053376003444,13608.460025809603
GBPJPY,2,2026-08-14 15:45:00+00:00,2026-08-14 17:00:00+00:00,1.4403873282762065,0.05961267172375738,1,0.35889115996343013,0.3,41.1000130022267,target,59.19993792039467,13667.659963729995
CADJPY,2,2026-08-14 15:45:00+00:00,2026-08-14 18:30:00+00:00,1.3746928929865667,0.125307107013398,1,0.42261269084151554,0.3,41.1000130022267,target,56.49989577581653,13724.159859505817
GER40,8,2026-08-17 09:15:00+00:00,2026-08-17 10:00:00+00:00,1.4559194580152541,0.04408054198479507,-1,0.4279519890441934,0.3,41.17247957851782,target,59.94381415309979,13784.103673658916
GBPUSD,6,2026-08-17 09:00:00+00:00,2026-08-17 10:15:00+00:00,-1.1134540321520252,0.11345403215202102,-1,0.4008202572481743,0.3,41.17247957851782,stop,-45.84366340039759,13738.260010258513
DJ30,9,2026-08-17 10:30:00+00:00,2026-08-17 11:00:00+00:00,-1.0549502952920937,0.054950295292101124,1,0.5090452322145628,0.3,41.21478003077593,stop,-43.47954436386575,13694.78046589464
CHFJPY,2,2026-08-17 16:45:00+00:00,2026-08-17 20:45:00+00:00,0.8525096881674517,0.067261781308427,-1,0.4166306640303346,0.3,41.08434139768433,time,35.02479907350499,13729.805264968149
NZDUSD,7,2026-08-18 07:30:00+00:00,2026-08-18 09:00:00+00:00,-1.0916228498733953,0.09162284987337369,1,0.48202086826664153,0.3,41.189415794904846,stop,-44.96330745465427,13684.84195751349
US2000,9,2026-08-18 09:15:00+00:00,2026-08-18 10:45:00+00:00,-1.1371220107586,0.13712201075856306,1,0.4520142812524372,0.3,41.05452587254088,stop,-46.68400501092465,13638.157952502559
AUDUSD,7,2026-08-18 07:30:00+00:00,2026-08-18 11:30:00+00:00,0.2796784020270237,0.0926773389323671,1,0.42710945380482873,0.3,41.189415794904846,time,11.519789989945638,13649.67774249251
XAUGBP,3,2026-08-18 16:15:00+00:00,2026-08-18 16:30:00+00:00,-1.028432548920609,0.028432548920591345,1,0.41142480080688953,0.3,40.94903322747794,stop,-42.11331861796985,13607.564423874544
USDCAD,17,2026-08-18 12:45:00+00:00,2026-08-18 16:45:00+00:00,0.6246725591292513,0.10325956795252954,1,0.3784300080147885,0.3,40.94903322747794,time,25.579737380077393,13633.144161254619
XAGSGD,3,2026-08-18 16:45:00+00:00,2026-08-18 17:30:00+00:00,-1.0207134482253701,0.020713448225370308,1,0.46381865067322064,0.3,40.899432483764265,stop,-41.74660076096374,13591.397560493657
CADJPY,2,2026-08-18 17:15:00+00:00,2026-08-18 17:45:00+00:00,-1.1847466657107857,0.18474666571076268,1,0.4848214607665355,0.3,40.899432483764265,stop,-48.45546626460311,13542.94209422906
USDCAD,17,2026-08-18 17:00:00+00:00,2026-08-18 17:45:00+00:00,-1.098658430599508,0.09865843059944361,-1,0.3987733346799291,0.3,40.899432483764265,stop,-44.934506305022985,13498.007587924032
XAUUSD,3,2026-08-18 16:45:00+00:00,2026-08-18 17:45:00+00:00,-1.0051844369712208,0.005184436971220839,1,0.4929735311414782,0.3,40.899432483764265,stop,-41.11147301363504,13456.8961149104
EURCAD,4,2026-08-18 16:45:00+00:00,2026-08-18 19:15:00+00:00,1.4114672360784144,0.08853276392152015,1,0.4181422664855306,0.3,40.899432483764265,target,57.728208925034465,13514.624323835436
DJ30,9,2026-08-18 16:45:00+00:00,2026-08-18 20:45:00+00:00,-0.33164535502234155,0.012686671242479889,1,0.47304702182349906,0.3,40.899432483764265,time,-13.564106806290289,13501.060217029153
CHFJPY,2,2026-08-19 07:45:00+00:00,2026-08-19 11:00:00+00:00,-1.1439276641953475,0.1439276641952648,1,0.3646243495766766,0.3,40.50318065108783,stop,-46.3327088346811,13454.727508194468
SP500,9,2026-08-19 08:00:00+00:00,2026-08-19 11:15:00+00:00,1.4863650226247545,0.013634977375214307,1,0.5213408392714587,0.3,40.50318065108783,target,60.20251102482868,13514.93001921929
EURCAD,4,2026-08-19 10:00:00+00:00,2026-08-19 11:30:00+00:00,-1.1540205987830907,0.1540205987831649,-1,0.4299723366954338,0.3,40.50318065108783,stop,-46.74150478758807,13468.188514431706
EURJPY,2,2026-08-19 07:45:00+00:00,2026-08-19 11:45:00+00:00,-0.057843045844324016,0.138164585775369,1,0.4307228345823276,0.3,40.50318065108783,time,-2.342827335241811,13465.845687096458
XAUAUD,3,2026-08-19 10:45:00+00:00,2026-08-19 14:45:00+00:00,-0.4329963423701026,0.014183683644516415,-1,0.38895465333216056,0.3,40.50318065108783,time,-17.53772907627654,13448.307958020188
EURCHF,13,2026-08-19 11:15:00+00:00,2026-08-19 15:15:00+00:00,0.4055913925592757,0.19091119562273418,-1,0.45168757447958185,0.3,40.54479005765827,time,16.44461786050909,13464.752575880702
CNHJPY,2,2026-08-19 13:30:00+00:00,2026-08-19 15:30:00+00:00,-1.1324067681612167,0.1324067681611829,1,0.4389847006367149,0.3,40.39753706128978,stop,-45.74644438524813,13419.006131495451
XAUEUR,3,2026-08-19 16:30:00+00:00,2026-08-19 17:30:00+00:00,-1.0146415771614234,0.014641577161422266,-1,0.4895581435666789,0.3,40.25701839448673,stop,-40.84644463559845,13378.159686859857
NZDCAD,7,2026-08-19 16:45:00+00:00,2026-08-19 20:45:00+00:00,-0.04291825636414837,0.07852890987280726,-1,0.4565891703098002,0.3,40.25701839448673,time,-1.7277610359108182,13376.431925823941
EURNZD,15,2026-08-19 17:15:00+00:00,2026-08-19 21:15:00+00:00,-0.18063632243752184,0.1013997467922374,1,0.41933043823742916,0.3,40.25701839448673,time,-7.271879755079753,13369.160046068864
EURCHF,13,2026-08-20 06:45:00+00:00,2026-08-20 10:45:00+00:00,0.09323164536085984,0.21558683900594322,-1,0.3369548777954566,0.3,40.10748013820696,time,3.7392863645630414,13372.89933243343
FR40,8,2026-08-20 10:45:00+00:00,2026-08-20 11:30:00+00:00,-1.123046407632244,0.12304640763224413,1,0.38197182922682943,0.3,40.11869799730065,stop,-45.05515966475139,13327.844172768673
AUDCAD,7,2026-08-20 13:30:00+00:00,2026-08-20 14:00:00+00:00,-1.1185940610964713,0.11859406109646148,1,0.3506337641067027,0.3,39.983532518306404,stop,-44.72534201663518,13283.118830752035
XAUAUD,3,2026-08-20 12:45:00+00:00,2026-08-20 15:00:00+00:00,-1.0224745593303246,0.022474559330342862,1,0.42280884287010706,0.3,39.983532518306404,stop,-40.88214479212505,13242.236685959913
AUDCHF,12,2026-08-20 15:30:00+00:00,2026-08-20 16:30:00+00:00,1.26329403671669,0.23670596328333848,1,0.4015381661057454,0.3,39.72671005788012,target,50.18651591449291,13292.423201874408
GBPNZD,16,2026-08-20 15:15:00+00:00,2026-08-20 19:15:00+00:00,-0.48115945320037945,0.13103904254970164,-1,0.32925704484923907,0.3,39.72671005788012,time,-19.114882088899613,13273.308319785501
GBPCAD,5,2026-08-20 15:15:00+00:00,2026-08-20 19:15:00+00:00,0.7577506699407476,0.16330639640605205,1,0.3781797776051281,0.3,39.72671005788012,time,30.102941160900496,13303.411260946406
DJ30,9,2026-08-21 09:45:00+00:00,2026-08-21 10:30:00+00:00,-1.054564087411795,0.054564087411774986,-1,0.3075872423697005,0.3,39.9102337828396,stop,-42.08789926759163,13261.32336167882
SP500,9,2026-08-21 09:45:00+00:00,2026-08-21 10:30:00+00:00,-1.1349158866920537,0.13491588669203297,-1,0.3649735631566731,0.3,39.9102337828396,stop,-45.29475836173856,13216.028603317085
CNHJPY,2,2026-08-21 11:00:00+00:00,2026-08-21 11:30:00+00:00,-1.1183269964654174,0.11832699646544129,1,0.4296230292497581,0.3,39.64808580995161,stop,-44.339524719446324,13171.689078597643
EURUSD,6,2026-08-24 10:30:00+00:00,2026-08-24 10:45:00+00:00,-1.100314612947709,0.10031461294780397,1,0.37791020005262643,0.3,39.515067235793275,stop,-43.47900591115457,13128.210072686488
DJ30,9,2026-08-24 09:00:00+00:00,2026-08-24 13:00:00+00:00,0.06977230069739994,0.026109296455475238,1,0.44383798564927696,0.3,39.515067235793275,time,2.7570571532537445,13130.967129839744
XAUUSD,3,2026-08-24 09:30:00+00:00,2026-08-24 13:30:00+00:00,-0.06197432822270644,0.004063890375259357,-1,0.4758777180356398,0.3,39.515067235793275,time,-2.448919746613366,13128.518210093127
XAUEUR,3,2026-08-24 09:30:00+00:00,2026-08-24 13:30:00+00:00,-0.23644225417056566,0.008081724726251046,-1,0.47030889888265587,0.3,39.515067235793275,time,-9.343031570932425,13119.1751785222
GBPCHF,14,2026-08-24 10:30:00+00:00,2026-08-24 14:30:00+00:00,-0.3724253765837014,0.2052908350591921,-1,0.35042993768893876,0.3,39.515067235793275,time,-14.716413796020591,13104.45876472618
GER40,8,2026-08-24 13:45:00+00:00,2026-08-24 17:45:00+00:00,0.4045044313882794,0.01601997748072394,-1,0.3844632773228031,0.3,39.357525535566936,time,15.92029348761419,13120.379058213788
CHFJPY,2,2026-08-24 15:30:00+00:00,2026-08-24 19:30:00+00:00,-0.1379279182210101,0.08834539540885408,1,0.40721343656667,0.3,39.31337629417887,time,-5.422412150495301,13114.956646063292
CHFJPY,2,2026-08-25 08:00:00+00:00,2026-08-25 11:15:00+00:00,1.3795235359151397,0.12047646408489912,1,0.4892921626371562,0.3,39.34486993819022,target,54.27717409725346,13169.233820160545
CADJPY,2,2026-08-25 15:15:00+00:00,2026-08-25 17:00:00+00:00,1.3701101087264687,0.1298898912735041,1,0.38400670541412785,0.3,39.50770146048198,target,54.12990114355383,13223.363721304093
EURNZD,15,2026-08-25 14:30:00+00:00,2026-08-25 18:30:00+00:00,-0.4027240455266388,0.15329000992153646,1,0.42307744691557336,0.3,39.50770146048198,time,-15.910701361624001,13207.453019942463
NZDCNH,7,2026-08-25 15:00:00+00:00,2026-08-25 19:00:00+00:00,-0.29633790042294034,0.06742627325020958,-1,0.36444266776029705,0.3,39.50770146048198,time,-11.707629301335563,13195.745390641125
NZDJPY,1,2026-08-25 15:00:00+00:00,2026-08-25 19:00:00+00:00,-0.5346083297265759,0.11099997887691421,-1,0.36188082325242604,0.3,39.50770146048198,time,-21.121146289124475,13174.624244352002
NZDUSD,7,2026-08-25 15:00:00+00:00,2026-08-25 19:00:00+00:00,-0.4490552762797825,0.07463141259017551,-1,0.34396985437810607,0.3,39.50770146048198,time,-17.7411417945159,13156.883102557491
USDCHF,18,2026-08-25 17:45:00+00:00,2026-08-25 21:45:00+00:00,0.3983058401587523,0.06430308881316103,-1,0.362539663647024,0.3,39.670091163912645,time,15.800828990216523,13172.683931547712
GBPJPY,2,2026-08-26 06:45:00+00:00,2026-08-26 10:45:00+00:00,-0.23264723567828374,0.07809706040309138,1,0.5180011399128249,0.3,39.51805179464349,time,-9.193765509415048,13163.490166038304
EURUSD,6,2026-08-26 09:45:00+00:00,2026-08-26 11:00:00+00:00,1.372199744364987,0.12780025563509756,1,0.44455629945313263,0.3,39.51805179464349,target,54.22666057041211,13217.71682660871
NZDUSD,7,2026-08-26 09:45:00+00:00,2026-08-26 13:45:00+00:00,0.5003856596775663,0.05986654179843361,1,0.5018934539174413,0.3,39.51805179464349,time,19.774266416434916,13237.49109302515
XAUAUD,3,2026-08-26 11:30:00+00:00,2026-08-26 15:30:00+00:00,-0.28021891613830263,0.014662617704912192,1,0.4734806486930819,0.3,39.65315047982648,time,-11.11156284892599,13226.37953017623
XAUCNH,3,2026-08-26 11:30:00+00:00,2026-08-26 15:30:00+00:00,-0.4148265450689462,0.016761536736106177,1,0.4279764278188718,0.3,39.65315047982648,time,-16.449179414645442,13209.930350761584
DJ30,9,2026-08-26 16:45:00+00:00,2026-08-26 17:15:00+00:00,-1.017340224553003,0.01734022455300288,1,0.3904634629852986,0.3,39.62979105228507,stop,-40.31698052812028,13169.613370233463
XAUSGD,3,2026-08-26 16:30:00+00:00,2026-08-26 18:15:00+00:00,-1.0043594691838842,0.004359469183897547,1,0.45714847839956985,0.3,39.62979105228507,stop,-39.802555905141276,13129.810814328317
XAUEUR,3,2026-08-26 16:30:00+00:00,2026-08-26 18:15:00+00:00,-1.0219334968731817,0.021933496873173988,1,0.49517637225975736,0.3,39.62979105228507,stop,-40.49901095041521,13089.311803377903
CHFJPY,2,2026-08-26 15:45:00+00:00,2026-08-26 19:45:00+00:00,0.26780657191146034,0.08980541552495859,1,0.4075142348468331,0.3,39.62979105228507,time,10.61311848727993,13099.924921865182
GBPUSD,6,2026-08-27 11:45:00+00:00,2026-08-27 12:30:00+00:00,-1.0911504227015874,0.09115042270158392,1,0.29248536480967074,0.3,39.29977476559587,stop,-42.88196584755711,13057.042956017627
CHFSGD,19,2026-08-27 15:30:00+00:00,2026-08-27 16:00:00+00:00,-1.1399014534434815,0.13990145344350183,-1,0.3181548230517818,0.3,39.1711288680532,stop,-44.65122672971576,13012.391729287905
XAUUSD,3,2026-08-27 16:00:00+00:00,2026-08-27 16:45:00+00:00,-1.0071462849303114,0.007146284930311595,1,0.38771878163599566,0.3,39.03717518786405,stop,-39.31614596463101,12973.075583323269
US2000,9,2026-08-27 16:30:00+00:00,2026-08-27 18:15:00+00:00,1.441504860837625,0.05849513916236229,1,0.39410043793274113,0.3,39.03717518786405,target,56.27227778667596,13029.347861109942
GBPNZD,16,2026-08-27 15:45:00+00:00,2026-08-27 19:45:00+00:00,0.09891464470587477,0.06981985958928309,1,0.31779458357166174,0.3,39.1711288680532,time,3.874598294711517,13033.222459404657
SP500,9,2026-08-27 16:45:00+00:00,2026-08-27 20:45:00+00:00,0.9076605597784223,0.013453466795134745,1,0.4771572733926311,0.3,38.91922674997016,time,35.32544713802126,13068.547906542677
FR40,8,2026-08-28 09:30:00+00:00,2026-08-28 09:45:00+00:00,-1.1919782092063036,0.1919782092063519,-1,0.26788614991465604,0.3,39.205643719628384,stop,-46.732272991703006,13021.81563355097
GER40,8,2026-08-28 10:30:00+00:00,2026-08-28 14:30:00+00:00,0.10913284090566652,0.029043417337805168,-1,0.43369992819165776,0.3,39.06544690065327,time,4.263323201517757,13026.078956752492
XAUCNH,3,2026-08-28 17:00:00+00:00,2026-08-28 17:00:00+00:00,-1.01539705876611,0.01539705876611023,-1,0.4323483740963932,0.3,39.65514999069259,stop,-40.265722665478194,12985.813234087007
XAUGBP,3,2026-08-28 17:00:00+00:00,2026-08-28 17:00:00+00:00,1.485420429266135,0.014579570733866514,-1,0.4433730378524902,0.3,39.47922026973211,target,58.64324032015777,13044.456474407169
XAUUSD,3,2026-08-28 17:00:00+00:00,2026-08-28 17:00:00+00:00,-1.005518921538611,0.005518921538611162,-1,0.4493029917737677,0.3,39.59867191135612,stop,-39.8172138746681,13004.639260532495
XAGUSD,3,2026-08-28 17:00:00+00:00,2026-08-28 17:00:00+00:00,1.4447394314139839,0.055260568586015364,-1,0.4404067255694069,0.3,39.427783291711776,target,56.962873214781446,13061.602133747278
XAUEUR,3,2026-08-28 17:00:00+00:00,2026-08-28 17:00:00+00:00,1.4873416121232998,0.01265838787671067,-1,0.4663137993431081,0.3,39.25263705030032,target,58.38208047048445,13119.984214217766
XAGSGD,3,2026-08-28 17:00:00+00:00,2026-08-28 17:00:00+00:00,1.4926852758144165,0.007314724185577312,-1,0.43463407564905926,0.3,38.904306080720374,target,58.07188485246857,13178.056099070236
XAUAUD,3,2026-08-28 17:00:00+00:00,2026-08-28 17:00:00+00:00,1.4851748675143222,0.01482513248568397,-1,0.4207698214828483,0.3,39.07852173527778,target,58.03843834084674,13236.094537411089
AU200,10,2026-08-28 16:45:00+00:00,2026-08-28 17:00:00+00:00,-1.110957782265976,0.11095778226597591,-1,0.3820312116489535,0.3,39.078236870257825,stop,-43.414271368246126,13192.680266042837
NAS100,9,2026-08-28 16:45:00+00:00,2026-08-28 17:00:00+00:00,-1.0150678562373259,0.015067856237325797,1,0.4284290605491643,0.3,39.078236870257825,stop,-39.66706212542704,13153.013203917406
SP500,9,2026-08-28 16:15:00+00:00,2026-08-28 17:00:00+00:00,1.4856279309580644,0.014372069041974033,-1,0.3279158914695223,0.3,39.078236870257825,target,58.055720187050284,13211.06892410446
USDCAD,17,2026-08-28 15:45:00+00:00,2026-08-28 17:00:00+00:00,-1.1100042530523313,0.11000425305238998,-1,0.33907226731542023,0.3,39.078236870257825,stop,-43.37700912777261,13167.69191497669
NZDJPY,1,2026-08-28 15:45:00+00:00,2026-08-28 17:00:00+00:00,-1.153699845419105,0.1536998454190554,1,0.3805796137307527,0.3,39.078236870257825,stop,-45.08455583646762,13122.607359140224
XAGEUR,3,2026-08-28 17:00:00+00:00,2026-08-28 17:00:00+00:00,1.432974607972723,0.06702539202727613,-1,0.44466520143799615,0.3,38.73777533544524,target,55.51024842504506,13178.117607565262
GBPUSD,6,2026-08-28 17:15:00+00:00,2026-08-28 20:00:00+00:00,0.43747919105176053,0.029131966194769987,-1,0.4357683193736572,0.3,39.53435282269616,weekend,17.295456691628,13195.413064256893
EURCHF,13,2026-08-28 17:15:00+00:00,2026-08-28 20:00:00+00:00,-0.06917519727326732,0.10998173826040801,1,0.4590488202713589,0.3,39.53435282269616,weekend,-2.7347966555809595,13192.67826760131
NZDUSD,7,2026-08-28 17:15:00+00:00,2026-08-28 20:00:00+00:00,0.5418844895156179,0.03567581766599395,-1,0.46483627552258233,0.3,39.53435282269616,weekend,21.423052597657033,13214.10132019897
NZDCNH,7,2026-08-28 17:15:00+00:00,2026-08-28 20:00:00+00:00,0.3393404658948726,0.03429760664275692,-1,0.4306957223857057,0.3,39.53435282269616,weekend,13.415605705705985,13227.516925904682
EURUSD,6,2026-08-28 17:15:00+00:00,2026-08-28 20:00:00+00:00,0.7759086185421386,0.03214883282924236,-1,0.5420978133898605,0.3,39.53435282269616,weekend,30.67504508361567,13258.191970988293
GBPJPY,2,2026-08-28 17:15:00+00:00,2026-08-28 20:00:00+00:00,0.2300776094994257,0.045473161592064805,1,0.4311589470732314,0.3,39.53435282269616,weekend,9.095969390552805,13267.28794037884
USDCHF,18,2026-08-28 17:15:00+00:00,2026-08-28 20:00:00+00:00,0.5297065315246083,0.03342978031992334,1,0.5087820217280861,0.3,39.53435282269616,weekend,20.94160490978049,13288.229545288617
AUDCHF,12,2026-08-31 09:00:00+00:00,2026-08-31 10:15:00+00:00,1.411365786860911,0.08863421313910898,-1,0.395745862557854,0.3,39.86468863586623,target,56.263657644524564,13344.49320293314
GBPCAD,5,2026-08-31 07:45:00+00:00,2026-08-31 11:15:00+00:00,1.2944456697208329,0.2055543302792059,1,0.38853562651314905,0.3,39.86468863586623,target,51.602673579466334,13396.095876512612
GBPUSD,6,2026-08-31 09:30:00+00:00,2026-08-31 13:30:00+00:00,0.5427957045460521,0.10273966759609011,-1,0.3619070532030066,0.3,39.86468863586623,time,21.638381754614006,13417.734258267228
GBPAUD,16,2026-08-31 11:00:00+00:00,2026-08-31 15:00:00+00:00,0.5862991194330196,0.08211843916108814,-1,0.38715278245390633,0.3,40.0334796087998,time,23.47159384247907,13441.205852109706
NZDUSD,7,2026-08-31 11:15:00+00:00,2026-08-31 15:15:00+00:00,0.13004573037452422,0.059370372969977395,-1,0.31228190208676915,0.3,40.1882876295382,time,5.226315217284752,13446.432167326988
GBPCHF,14,2026-08-31 11:45:00+00:00,2026-08-31 15:45:00+00:00,0.3290993277062993,0.164540167567999,-1,0.43871958922133897,0.3,40.1882876295382,time,13.225938440548406,13459.658105767536
EURCHF,13,2026-08-31 11:45:00+00:00,2026-08-31 15:45:00+00:00,0.3343938402433801,0.16836313675227121,-1,0.4475088884869401,0.3,40.1882876295382,time,13.438715833246805,13473.09682160079
JP225,11,2026-08-31 12:30:00+00:00,2026-08-31 16:30:00+00:00,0.6892287547336758,0.029122341749310245,-1,0.3728496309136722,0.3,40.1882876295382,time,27.698923437785403,13500.795745038573
AUDUSD,7,2026-08-31 14:15:00+00:00,2026-08-31 17:45:00+00:00,1.4197236273079707,0.08027637269205924,1,0.4124220515828962,0.3,40.25320277480204,target,57.148423054205225,13557.944168092785
GER40,8,2026-08-31 16:00:00+00:00,2026-08-31 18:00:00+00:00,-1.022201607616047,0.02220160761602859,1,0.41084837442959227,0.3,40.41929046480272,stop,-41.3166636918213,13516.627504400967
CADJPY,2,2026-08-31 17:30:00+00:00,2026-08-31 21:30:00+00:00,-0.9753497335102104,0.13658250160852942,-1,0.37575791249428153,0.3,40.502387235116075,time,-39.50399259629781,13477.123511804675
USDCHF,18,2026-08-31 18:00:00+00:00,2026-08-31 22:00:00+00:00,0.03652067997940117,0.059168541654600164,1,0.30390554535792175,0.3,40.54988251320323,time,1.480909282467011,13478.604421087148
CHFSGD,19,2026-08-31 18:00:00+00:00,2026-08-31 22:00:00+00:00,0.39945872857356884,0.08078672953617465,-1,0.3778027617982598,0.3,40.54988251320323,time,16.198004512531753,13494.802425599686
CADJPY,2,2026-09-01 08:45:00+00:00,2026-09-01 09:00:00+00:00,-1.2495204987312214,0.24952049873115706,-1,0.36638654574474666,0.3,40.48440727679933,stop,-50.58609677134419,13444.216328828348
NZDCNH,7,2026-09-01 06:15:00+00:00,2026-09-01 10:15:00+00:00,-0.19101453437964583,0.06565685815887924,1,0.47544148635693984,0.3,40.48440727679933,time,-7.7331102056137695,13436.483218622729
NZDUSD,7,2026-09-01 06:15:00+00:00,2026-09-01 10:15:00+00:00,-0.3587897707178143,0.0728765284368517,1,0.4468704127291865,0.3,40.48440727679933,time,-14.525391204489445,13421.957827418242
XAUSGD,3,2026-09-01 08:45:00+00:00,2026-09-01 10:30:00+00:00,-1.0075066284212486,0.0075066284212486475,1,0.44027289415013104,0.3,40.48440727679933,stop,-40.78830867908076,13381.16951873916
XAGUSD,3,2026-09-01 09:00:00+00:00,2026-09-01 11:00:00+00:00,1.429752856533599,0.07024714346639035,-1,0.42659337242941403,0.3,40.3326489864853,target,57.66572009999433,13438.83523883915
GBPJPY,2,2026-09-01 08:45:00+00:00,2026-09-01 12:30:00+00:00,-1.1207816283534398,0.12078162835349573,-1,0.39482239012456427,0.3,40.48440727679933,stop,-45.374179910615,13393.46105892853
XAUSGD,3,2026-09-01 15:45:00+00:00,2026-09-01 16:00:00+00:00,-1.0039716859561874,0.003971685956189332,1,0.45633978261844055,0.3,40.18038317678588,stop,-40.33996704036335,13353.12109188817
XAUEUR,3,2026-09-01 15:45:00+00:00,2026-09-01 16:00:00+00:00,-1.016706959933742,0.016706959933734153,1,0.48812093926714795,0.3,40.18038317678588,stop,-40.85167522864284,13312.269416659532
US2000,9,2026-09-01 15:15:00+00:00,2026-09-01 16:30:00+00:00,-1.074914306342422,0.07491430634239907,1,0.4217850275659865,0.3,40.18038317678588,stop,-43.190468711047515,13269.078947948481
CADJPY,2,2026-09-01 16:45:00+00:00,2026-09-01 19:00:00+00:00,-1.1479137360286562,0.14791373602868235,1,0.40826794441002195,0.3,39.80723684384572,stop,-45.69527396639651,13223.383673982084
NZDJPY,1,2026-09-01 17:00:00+00:00,2026-09-01 21:00:00+00:00,0.3900548240915083,0.09849009794562115,-1,0.41329570333881277,0.3,39.80723684384572,time,15.527004764695253,13238.910678746775
AUDCAD,7,2026-09-01 17:45:00+00:00,2026-09-01 21:45:00+00:00,0.514249520619331,0.07052672347513296,-1,0.4206598247234464,0.3,39.80723684384572,time,20.470852464127834,13259.381531210907
USDCHF,18,2026-09-02 08:15:00+00:00,2026-09-02 10:45:00+00:00,-1.17636328818727,0.17636328818728308,-1,0.3663503887369666,0.3,39.77814459363301,stop,-46.79354897215481,13212.58798223875
XAUGBP,3,2026-09-02 14:45:00+00:00,2026-09-02 15:15:00+00:00,-1.0219461814118984,0.0219461814118921,-1,0.3434661075062337,0.3,39.63776394671654,stop,-40.507661505053186,13172.080320733701
XAUEUR,3,2026-09-02 14:45:00+00:00,2026-09-02 16:15:00+00:00,-1.0199672863076614,0.01996728630767285,-1,0.33634361764209153,0.3,39.63776394671654,stop,-40.42922252803613,13131.651098205664
US2000,9,2026-09-02 15:30:00+00:00,2026-09-02 16:30:00+00:00,-1.0688515713879547,0.06885157138793555,-1,0.37093844877271237,0.3,39.51624096220138,stop,-42.23699624779401,13089.414101957867
SP500,9,2026-09-02 14:15:00+00:00,2026-09-02 17:00:00+00:00,1.4782228504122745,0.021777149587751822,1,0.3039445273221309,0.3,39.63776394671654,target,58.593448405284214,13148.007550363152
SP500,9,2026-09-03 06:30:00+00:00,2026-09-03 08:15:00+00:00,1.4616888207769152,0.03831117922305794,-1,0.36571919292615257,0.3,39.444022651089746,target,57.6548869555693,13205.662437318722
US2000,9,2026-09-03 06:45:00+00:00,2026-09-03 08:15:00+00:00,1.4155242723843393,0.08447572761566799,-1,0.4595649387924681,0.3,39.444022651089746,target,55.83397146309521,13261.496408781823
FR40,8,2026-09-03 09:15:00+00:00,2026-09-03 10:15:00+00:00,1.399065526283096,0.10093447371692305,-1,0.3414637030963874,0.3,39.78448922634574,target,55.661107357361566,13317.157516139181
US2000,9,2026-09-03 11:15:00+00:00,2026-09-03 15:15:00+00:00,-0.3566506232788223,0.07074061949331853,-1,0.41720987952769534,0.3,39.951472548417826,time,-14.248717585299977,13302.908798553879
XAUCNH,3,2026-09-03 11:15:00+00:00,2026-09-03 15:15:00+00:00,-0.7252293932667989,0.013188506459579696,-1,0.47429089351424064,0.3,39.951472548417826,time,-28.973982196404233,13273.934816357476
XAUUSD,3,2026-09-03 11:15:00+00:00,2026-09-03 15:15:00+00:00,-0.7056739829970005,0.00542826140766907,-1,0.4486067284202,0.3,39.951472548417826,time,-28.192714759837333,13245.742101597643
XAUSGD,3,2026-09-03 15:15:00+00:00,2026-09-03 15:30:00+00:00,-1.0050017419570643,0.005001741957050815,-1,0.40475755183468104,0.3,39.7372263047932,stop,-39.93598165685924,13205.806119940782
XAUEUR,3,2026-09-03 15:15:00+00:00,2026-09-03 15:30:00+00:00,-1.0212022319059761,0.021202231905970082,-1,0.4390649495652312,0.3,39.7372263047932,stop,-40.57974419220768,13165.226375748578
GBPCHF,14,2026-09-03 15:45:00+00:00,2026-09-03 16:00:00+00:00,-1.1492289417584867,0.14922894175849422,1,0.44813143661455973,0.3,39.49567912724599,stop,-45.38957752743766,13119.836798221135
FR40,8,2026-09-03 13:15:00+00:00,2026-09-03 17:15:00+00:00,0.005487219126265824,0.0713338486412828,1,0.4170909917593844,0.3,39.951472548417826,time,0.2192224842901623,13120.056020705422
EURCHF,13,2026-09-03 15:00:00+00:00,2026-09-03 17:45:00+00:00,-1.230400485666863,0.23040048566685872,-1,0.4327993981084907,0.3,39.951472548417826,stop,-49.15631122667964,13070.899709478748
NZDCHF,12,2026-09-03 15:45:00+00:00,2026-09-03 19:45:00+00:00,-0.11104602204664334,0.04582036900513787,1,0.35627315788717406,0.3,39.49567912724599,time,-4.38583805511131,13066.513871423638
XAUUSD,3,2026-09-04 07:15:00+00:00,2026-09-04 11:15:00+00:00,0.6843517286463838,0.0061495020545888355,1,0.4414830687448523,0.3,39.199541614271176,time,26.82627406587234,13093.340145489507
EURAUD,15,2026-09-04 07:45:00+00:00,2026-09-04 11:45:00+00:00,1.0891608165893158,0.09927521816011645,1,0.36297962823326707,0.3,39.199541614271176,time,42.69460475452646,13136.034750244027
EURJPY,2,2026-09-04 09:15:00+00:00,2026-09-04 13:15:00+00:00,0.10090312475935312,0.04598497566839728,-1,0.354686991521277,0.3,39.199541614271176,time,3.9553562380142586,13139.990106482044
CADJPY,2,2026-09-04 09:15:00+00:00,2026-09-04 13:15:00+00:00,0.039949237930204634,0.0909743755149232,-1,0.3715719806939776,0.3,39.199541614271176,time,1.565991814703477,13141.556098296744
XAUEUR,3,2026-09-04 11:00:00+00:00,2026-09-04 15:00:00+00:00,1.0698310336861885,0.013368603112387334,-1,0.4191308617914476,0.3,39.199541614271176,time,41.9368861252205,13183.492984421959
GER40,8,2026-09-04 15:45:00+00:00,2026-09-04 18:00:00+00:00,-1.02366864811268,0.023668648112679973,1,0.5207771559612928,0.3,39.550478953266186,stop,-40.486585322299,13143.006399099657
XAUAUD,3,2026-09-04 15:45:00+00:00,2026-09-04 19:45:00+00:00,-0.581375874799037,0.005493980886155169,-1,0.5434325668932578,0.3,39.550478953266186,time,-22.993694300176028,13120.012704799476
FR40,8,2026-09-04 15:45:00+00:00,2026-09-04 19:45:00+00:00,0.14268630286826317,0.06619467658836455,1,0.40882718468359397,0.3,39.550478953266186,time,5.643311618510607,13125.656016417983
AUDCHF,12,2026-09-04 15:45:00+00:00,2026-09-04 19:45:00+00:00,-0.19016789583894977,0.17265942054825392,1,0.4109211941923201,0.3,39.550478953266186,time,-7.5212313619653,13118.134785056012
AUDCAD,7,2026-09-04 15:45:00+00:00,2026-09-04 19:45:00+00:00,0.254653708614495,0.052037486028914066,1,0.49260121257179607,0.3,39.550478953266186,time,10.071676142928764,13128.206461198948
EURCHF,13,2026-09-04 15:45:00+00:00,2026-09-04 19:45:00+00:00,-0.653207182464781,0.1003136561723537,1,0.4664041449232601,0.3,39.550478953266186,time,-25.834656922195627,13102.371804276758
EURCAD,4,2026-09-04 15:45:00+00:00,2026-09-04 19:45:00+00:00,-0.07658078699124442,0.04528330228112958,1,0.4921094559633196,0.3,39.550478953266186,time,-3.028806804121773,13099.342997472631
NAS100,9,2026-09-04 16:00:00+00:00,2026-09-04 20:00:00+00:00,-0.144604971148014,0.03015167483511812,1,0.483734548710621,0.3,39.550478953266186,weekend,-5.7191958679271915,13093.6238016047
XAUGBP,3,2026-09-07 09:15:00+00:00,2026-09-07 13:15:00+00:00,-0.1102177066210215,0.011951317585411838,1,0.44989540015829715,0.3,39.280871404814455,time,-4.329447560313912,13089.294354044381
XAUEUR,3,2026-09-07 09:15:00+00:00,2026-09-07 13:15:00+00:00,-0.04109129920187291,0.011052142543955907,1,0.46070049552522113,0.3,39.280871404814455,time,-1.6141020398055248,13087.680252004575
GBPNZD,16,2026-09-07 10:15:00+00:00,2026-09-07 14:15:00+00:00,-0.4459172148621814,0.11679796945706236,-1,0.40829424346544835,0.3,39.280871404814455,time,-17.516016774194366,13070.164235230375
CHFSGD,19,2026-09-07 11:30:00+00:00,2026-09-07 15:30:00+00:00,-0.7275232757121137,0.11428322923175685,-1,0.3732879593926399,0.3,39.280871404814455,time,-28.577748237256912,13041.586486993125
XAGEUR,3,2026-09-07 13:45:00+00:00,2026-09-07 17:45:00+00:00,1.4025556099016347,0.09744439009836102,1,0.4654289642258072,0.3,39.26304075601409,target,55.068598074144084,13096.655085067265
XAGUSD,3,2026-09-07 13:45:00+00:00,2026-09-07 17:45:00+00:00,1.4038372321002561,0.09616276789974787,1,0.3989954065856807,0.3,39.26304075601409,target,55.11891845876237,13151.774003526021
SP500,9,2026-09-07 14:15:00+00:00,2026-09-07 18:15:00+00:00,-0.6261685622091555,0.044027477030332496,1,0.3742170506476561,0.3,39.210492705691514,time,-24.552377841035437,13127.221625684979
JP225,11,2026-09-08 06:45:00+00:00,2026-09-08 08:30:00+00:00,1.4790100489336875,0.020989951066299018,-1,0.5065777873365547,0.3,39.38166487705535,target,58.245878096903716,13185.467503781882
XAUCNH,3,2026-09-08 07:15:00+00:00,2026-09-08 09:00:00+00:00,1.482832331479601,0.017167668520400723,-1,0.4390258856415013,0.3,39.38166487705535,target,58.3964059471923,13243.863909729072
XAUSGD,3,2026-09-08 07:15:00+00:00,2026-09-08 09:00:00+00:00,1.486800384417346,0.013199615582662142,-1,0.4147386055640516,0.3,39.38166487705535,target,58.55267447820099,13302.416584207269
EURCHF,13,2026-09-08 09:15:00+00:00,2026-09-08 09:45:00+00:00,1.28906577909145,0.21093422090863717,1,0.4347101492683545,0.3,39.90724975262225,target,51.44306999376107,13353.859654201035
USDCHF,18,2026-09-08 09:15:00+00:00,2026-09-08 09:45:00+00:00,1.3712266745161517,0.1287733254838548,1,0.3876152962331039,0.3,39.90724975262225,target,54.72188536737372,13408.581539568404
EURUSD,6,2026-09-08 09:15:00+00:00,2026-09-08 10:00:00+00:00,1.3817267584018778,0.1182732415981797,-1,0.3684690458491889,0.3,39.90724975262225,target,55.14091483742488,13463.722454405826
GBPUSD,6,2026-09-08 09:15:00+00:00,2026-09-08 10:30:00+00:00,1.4015936209477373,0.09840637905228733,-1,0.4185695840546148,0.3,39.90724975262225,target,55.93374668284351,13519.65620108867
GBPAUD,16,2026-09-08 09:45:00+00:00,2026-09-08 13:45:00+00:00,0.7047154049810994,0.08430788751100989,-1,0.3812882068638798,0.3,40.22574461870565,time,28.34770190963743,13548.003902998302
AUDUSD,7,2026-09-08 13:30:00+00:00,2026-09-08 16:00:00+00:00,-1.0608489924762514,0.06084899247623499,-1,0.33714215588558466,0.3,40.55896860326645,stop,-43.026940978651126,13504.976962019646
XAUEUR,3,2026-09-08 15:30:00+00:00,2026-09-08 19:00:00+00:00,-1.0214930803914204,0.02149308039142231,1,0.46106520391393335,0.3,40.644011708995365,stop,-41.51757672008663,13463.45938529956
XAUSGD,3,2026-09-08 15:30:00+00:00,2026-09-08 19:00:00+00:00,-1.0044988486606206,0.004498848660624678,1,0.4914336532038515,0.3,40.644011708995365,stop,-40.82686296663462,13422.632522332919
EURCHF,13,2026-09-08 18:00:00+00:00,2026-09-08 22:00:00+00:00,0.3676864223268232,0.11789564132983024,1,0.41457162969818717,0.3,40.51493088605941,time,14.896789988313694,13437.529312321232
GBPAUD,16,2026-09-08 18:00:00+00:00,2026-09-08 22:00:00+00:00,-0.28125264087262825,0.05996549675005672,1,0.3141750288054985,0.3,40.51493088605941,time,-11.394931306476222,13426.134381014752
EURUSD,6,2026-09-09 09:30:00+00:00,2026-09-09 10:45:00+00:00,-1.1339615404849153,0.13396154048501777,-1,0.4153540271435408,0.3,40.278403143044756,stop,-45.674160076359485,13380.460220938388
FR40,8,2026-09-09 10:15:00+00:00,2026-09-09 10:45:00+00:00,-1.1241781068805565,0.12417810688055636,1,0.3556810109407458,0.3,40.278403143044756,stop,-45.280098993519914,13335.180121944868
GBPUSD,6,2026-09-09 09:30:00+00:00,2026-09-09 11:45:00+00:00,1.3952386906293313,0.10476130937061921,-1,0.42735438376545337,0.3,40.278403143044756,target,56.19798646194211,13391.378108406803
NZDJPY,1,2026-09-09 09:30:00+00:00,2026-09-09 13:30:00+00:00,-0.4095229230131336,0.039939078190731385,1,0.5077863117894801,0.3,40.278403143044756,time,-16.494929389441076,13374.883179017357
AUDJPY,1,2026-09-09 09:30:00+00:00,2026-09-09 13:30:00+00:00,0.17825033951967809,0.03685874193159962,1,0.4701085426653308,0.3,40.278403143044756,time,7.179639035558196,13382.062818052917
GBPAUD,16,2026-09-09 14:45:00+00:00,2026-09-09 16:15:00+00:00,1.4060156221141589,0.09398437788581689,-1,0.33506671075369404,0.3,40.146188454159294,target,56.44616813488704,13438.508986187808
XAGEUR,3,2026-09-09 16:45:00+00:00,2026-09-09 17:00:00+00:00,-1.0879983718283317,0.08799837182833158,-1,0.46852404436654194,0.3,40.31552695856396,stop,-43.8632276903188,13394.645758497485
EURCHF,13,2026-09-09 15:30:00+00:00,2026-09-09 18:00:00+00:00,1.2961319179587178,0.20386808204128998,1,0.42167686909232877,0.3,40.146188454159294,target,52.03475623982162,13446.680514737309
US2000,9,2026-09-09 17:30:00+00:00,2026-09-09 18:00:00+00:00,-1.0514031744300185,0.0514031744300007,1,0.3846721469672954,0.3,40.183937275493,stop,-42.24951921255009,13404.430995524759
NZDCAD,7,2026-09-10 09:15:00+00:00,2026-09-10 12:15:00+00:00,1.4264339610223744,0.07356603897757864,-1,0.3192703047510533,0.3,40.213292986574814,target,57.36160680059318,13461.792602325353
EURNZD,15,2026-09-10 09:15:00+00:00,2026-09-10 13:15:00+00:00,0.8948056533710214,0.1023200545146902,1,0.3783700102212426,0.3,40.213292986574814,time,35.98308190505239,13497.775684230408
GBPNZD,16,2026-09-10 09:15:00+00:00,2026-09-10 13:15:00+00:00,0.6822602748838932,0.09890525598903568,1,0.3910112854063777,0.3,40.213292986574814,time,27.435932327007066,13525.211616557412
NZDUSD,7,2026-09-10 09:15:00+00:00,2026-09-10 13:15:00+00:00,1.2147199963159792,0.06510725561215674,-1,0.3600629779629152,0.3,40.213292986574814,time,48.84789110850555,13574.059507665923
XAUSGD,3,2026-09-10 09:15:00+00:00,2026-09-10 13:15:00+00:00,0.9034282233752854,0.0006152746129684133,-1,0.40319008800462103,0.3,40.213292986574814,time,36.329823838931105,13610.389331504848
XAUCNH,3,2026-09-10 09:15:00+00:00,2026-09-10 13:15:00+00:00,1.0785731677485093,0.01856478362737532,-1,0.4115698752437263,0.3,40.213292986574814,time,43.37297880212891,13653.762310306978
EURCAD,4,2026-09-10 10:45:00+00:00,2026-09-10 13:30:00+00:00,1.3079170220974399,0.19208297790269865,-1,0.35543809209224936,0.3,40.213292986574814,target,52.5956504117328,13706.357960718713
AUDJPY,1,2026-09-10 10:45:00+00:00,2026-09-10 14:45:00+00:00,0.647711871714076,0.04196666682880569,1,0.4438149166305967,0.3,40.213292986574814,time,26.046627268120897,13732.404587986835
NZDCAD,7,2026-09-10 14:15:00+00:00,2026-09-10 15:00:00+00:00,-1.1518040814536736,0.1518040814536717,1,0.3859357304951759,0.3,41.11907388215667,stop,-47.3611171230632,13685.043470863777
GER40,8,2026-09-10 14:00:00+00:00,2026-09-10 15:15:00+00:00,1.4865395372408519,0.013460462759142745,-1,0.37870330363977667,0.3,41.11907388215667,target,61.125129060553576,13746.168599924335
NZDUSD,7,2026-09-10 15:30:00+00:00,2026-09-10 15:30:00+00:00,-1.0447948802394722,0.04479488023946462,1,0.39971214303729247,0.3,41.2385057997735,stop,-43.085779728329136,13703.08282019601
NZDJPY,1,2026-09-10 15:45:00+00:00,2026-09-10 19:45:00+00:00,0.1988151618814655,0.03501072456120419,-1,0.4011506813717273,0.3,41.10924846058852,time,8.173141887517293,13711.255962083524
AUDJPY,1,2026-09-11 09:00:00+00:00,2026-09-11 13:00:00+00:00,0.12946586949348826,0.05028512198654877,1,0.4539527645128601,0.3,41.133767886251064,time,5.325419024936819,13716.581381108466
AUDCHF,12,2026-09-11 14:30:00+00:00,2026-09-11 15:30:00+00:00,1.4338934645681938,0.0661065354318342,-1,0.3625314366700887,0.3,41.149744143325876,target,59.00434919576828,13775.585730304228
AUDUSD,7,2026-09-11 15:45:00+00:00,2026-09-11 19:45:00+00:00,0.0022429414189245713,0.04470212574440367,1,0.424639076066984,0.3,41.32675719091318,time,0.09269349541333803,13775.678423799647
GBPCAD,5,2026-09-11 15:45:00+00:00,2026-09-11 19:45:00+00:00,0.4021993348728696,0.07852012044516363,1,0.44899512971733496,0.3,41.32675719091318,time,16.62159425463786,13792.300018054288
EURGBP,20,2026-09-11 15:45:00+00:00,2026-09-11 19:45:00+00:00,-0.7004992010680446,0.16171848124998067,1,0.40324819582920574,0.3,41.32675719091318,time,-28.94936039496775,13763.35065765932
NZDCHF,12,2026-09-11 15:45:00+00:00,2026-09-11 19:45:00+00:00,0.1222807201125989,0.0852161139660411,1,0.47771606164297603,0.3,41.32675719091318,time,5.053465629223388,13768.40412328855
XAGEUR,3,2026-09-11 15:45:00+00:00,2026-09-11 19:45:00+00:00,-0.15303587600673663,0.03992240243654005,1,0.4181773220738094,0.3,41.32675719091318,time,-6.3244764892291006,13762.07964679932
NZDUSD,7,2026-09-11 15:45:00+00:00,2026-09-11 19:45:00+00:00,-0.19106304192328583,0.07410610305388214,1,0.442996772670642,0.3,41.32675719091318,time,-7.896015941720899,13754.183630857602
EURCHF,13,2026-09-11 15:45:00+00:00,2026-09-11 19:45:00+00:00,0.503759948043692,0.0897095557107053,1,0.44622983423671725,0.3,41.32675719091318,time,20.818765055308695,13775.002395912918
XAUUSD,3,2026-09-11 15:45:00+00:00,2026-09-11 19:45:00+00:00,0.1487597577516279,0.0037795638777287106,1,0.47301756515184706,0.3,41.32675719091318,time,6.14775838838059,13781.1501543013
CHFJPY,2,2026-09-14 09:00:00+00:00,2026-09-14 11:00:00+00:00,-1.0560620939797556,0.05606209397975292,-1,0.3178977484227743,0.3,41.34345046290432,stop,-43.661250868203034,13737.488903433099
AU200,10,2026-09-14 11:00:00+00:00,2026-09-14 15:00:00+00:00,-0.2564398573748757,0.07629615591318616,1,0.39774784558857873,0.3,41.212466710299715,time,-10.56851908525607,13726.920384347846
XAUGBP,3,2026-09-14 15:45:00+00:00,2026-09-14 16:00:00+00:00,-1.0202902159527847,0.02029021595279327,1,0.5433669807098478,0.3,41.18076115304394,stop,-42.016327689939246,13684.904056657906
GER40,8,2026-09-14 12:30:00+00:00,2026-09-14 16:30:00+00:00,0.5384085938042867,0.01600674197796591,1,0.4563630466102937,0.3,41.212466710299715,time,22.18914624869845,13707.093202906603
US2000,9,2026-09-14 15:15:00+00:00,2026-09-14 16:30:00+00:00,1.4478226750218086,0.052177324978203994,1,0.3829367431684129,0.3,41.18076115304394,target,59.622439772034255,13766.715642678639
USDCHF,18,2026-09-14 15:15:00+00:00,2026-09-14 16:45:00+00:00,1.4346840335186188,0.065315966481339,1,0.448631023988517,0.3,41.18076115304394,target,59.081380514415926,13825.797023193052
AUDCHF,12,2026-09-14 15:15:00+00:00,2026-09-14 18:30:00+00:00,1.4412898750226775,0.05871012497727913,1,0.4117317004009151,0.3,41.18076115304394,target,59.35341409560943,13885.150437288656
FR40,8,2026-09-14 15:45:00+00:00,2026-09-14 19:15:00+00:00,1.4446031699408393,0.055396830059160455,1,0.4416168750411706,0.3,41.18076115304394,target,59.489858102263845,13944.640295390913
CHFSGD,19,2026-09-14 15:15:00+00:00,2026-09-14 19:15:00+00:00,0.2921219226399343,0.09829535899796554,-1,0.3668717232364318,0.3,41.18076115304394,time,12.029803123803113,13956.670098514718
NZDJPY,1,2026-09-14 15:30:00+00:00,2026-09-14 19:30:00+00:00,0.6876458053822245,0.09717656441939711,1,0.278387278585485,0.3,41.18076115304394,time,28.317777669337925,13984.987876184052
AUDJPY,1,2026-09-14 17:00:00+00:00,2026-09-14 21:00:00+00:00,-0.6648303112172752,0.06536688374329402,-1,0.3673688316694647,0.3,41.47739106957957,time,-27.575426813269214,13957.412449370779
NAS100,9,2026-09-15 07:45:00+00:00,2026-09-15 08:00:00+00:00,-1.0354784701431123,0.035478470143108606,1,0.5656425501898261,0.3,41.872237348112805,stop,-43.35780027069314,13914.054649100086
GBPCHF,14,2026-09-15 09:00:00+00:00,2026-09-15 11:15:00+00:00,1.3094976986615163,0.19050230133847093,1,0.3669459145595546,0.3,41.742163947300725,target,54.66126762614201,13968.715916726229
CHFSGD,19,2026-09-15 09:00:00+00:00,2026-09-15 12:45:00+00:00,1.364035642467168,0.13596435753286953,-1,0.34542357910142124,0.3,41.742163947300725,target,56.937799417826206,14025.65371614405
EURCAD,4,2026-09-15 13:00:00+00:00,2026-09-15 16:15:00+00:00,1.3968668680721505,0.10313313192779068,-1,0.4411579005205683,0.3,42.07696114843263,target,58.77591293740465,14084.429629081453
XAUEUR,3,2026-09-15 12:30:00+00:00,2026-09-15 16:30:00+00:00,1.1197574556597654,0.01829004918500504,1,0.44354386033245774,0.3,41.90614775017915,time,46.924721381242804,14131.354350462701
NZDCNH,7,2026-09-15 12:30:00+00:00,2026-09-15 16:30:00+00:00,-0.11803092056175585,0.06978646403911468,1,0.4483585149938479,0.3,41.90614775017915,time,-4.946221196150599,14126.40812926655
NZDCAD,7,2026-09-15 13:45:00+00:00,2026-09-15 17:45:00+00:00,-0.305167612873886,0.09500082394420245,1,0.4307821317274505,0.3,42.07696114843263,time,-12.84052579065443,14113.567603475894
EURUSD,6,2026-09-16 07:45:00+00:00,2026-09-16 11:00:00+00:00,1.4209585500657267,0.07904144993436533,-1,0.3996241426831085,0.3,42.340702810428155,target,60.16438367426983,14173.731987150168
CHFSGD,19,2026-09-16 07:30:00+00:00,2026-09-16 11:30:00+00:00,0.4777924005330017,0.1298704902644516,1,0.4114665851966921,0.3,42.340702810428155,time,20.23006603604888,14193.962053186217
AUDUSD,7,2026-09-16 07:45:00+00:00,2026-09-16 11:45:00+00:00,0.22157197814740692,0.08218932997463269,-1,0.3870266103609468,0.3,42.340702810428155,time,9.381513277858039,14203.343566464071
SP500,9,2026-09-16 11:15:00+00:00,2026-09-16 12:00:00+00:00,-1.05004796008434,0.050047960084374836,-1,0.3799115779223136,0.3,42.521195961450964,stop,-44.64929507966806,14158.694271384404
DJ30,9,2026-09-16 11:15:00+00:00,2026-09-16 13:30:00+00:00,1.4830914958980608,0.016908504101969,-1,0.392120065247072,0.3,42.521195961450964,target,63.06282412584289,14221.757095510242
AUDCHF,12,2026-09-16 10:45:00+00:00,2026-09-16 14:45:00+00:00,0.25109852306744906,0.06875731900527063,-1,0.370939204479372,0.3,42.340702810428155,time,10.631687941336299,14232.388783451577
EURGBP,20,2026-09-16 12:00:00+00:00,2026-09-16 15:00:00+00:00,-1.1257096280958607,0.12570962809589167,-1,0.38271157907045633,0.3,42.476082814153685,stop,-47.81573538768993,14184.573048063889
GBPNZD,16,2026-09-16 12:45:00+00:00,2026-09-16 16:45:00+00:00,-0.454506682074925,0.07228161366559029,1,0.4213522581596292,0.3,42.476082814153685,time,-19.305663467400734,14165.26738459649
NZDCNH,7,2026-09-16 13:15:00+00:00,2026-09-16 17:15:00+00:00,-0.13922051846189054,0.059055254355865366,1,0.3647285502642074,0.3,42.476082814153685,time,-5.913542271616675,14159.353842324868
EURNZD,15,2026-09-16 13:15:00+00:00,2026-09-16 17:15:00+00:00,-0.17530802179346008,0.11405887525573796,-1,0.4185164663705769,0.3,42.476082814153685,time,-7.446398051684469,14151.90744427318
NZDUSD,7,2026-09-16 13:15:00+00:00,2026-09-16 17:15:00+00:00,-0.0481546661606757,0.06729430687934349,1,0.36684962537732085,0.3,42.476082814153685,time,-2.0454215877287854,14149.862022685455
XAUGBP,3,2026-09-16 16:00:00+00:00,2026-09-16 18:00:00+00:00,1.4893828291137448,0.010617170886247548,-1,0.47663711955123206,0.3,42.55371914419216,target,63.378778608288634,14213.240801293738
CHFSGD,19,2026-09-16 18:00:00+00:00,2026-09-16 18:30:00+00:00,1.3950709980915246,0.10492900190843261,-1,0.34763969011635965,0.3,42.63972240388173,target,59.48544009232882,14272.726241386074
EURCAD,4,2026-09-17 10:15:00+00:00,2026-09-17 12:15:00+00:00,-1.1308644268714536,0.13086442687140026,-1,0.3551899000986702,0.3,42.818178724158706,stop,-48.4215551425752,14224.3046862435
AUDCAD,7,2026-09-17 12:30:00+00:00,2026-09-17 16:30:00+00:00,0.8618974492000931,0.08485359812551144,-1,0.4365098665483013,0.3,42.67291405873098,time,36.77967577715503,14261.084362020658
US2000,9,2026-09-17 14:15:00+00:00,2026-09-17 18:15:00+00:00,-0.6395046125932065,0.035610465666443575,1,0.46664065780881453,0.3,42.67291405873098,time,-27.28952537335195,14233.7948366473
DJ30,9,2026-09-17 16:15:00+00:00,2026-09-17 20:15:00+00:00,0.1992826081302476,0.008382372062513082,-1,0.3853983056510146,0.3,42.67291405873098,time,8.50396961014182,14242.298806257444
FR40,8,2026-09-20 17:15:00+00:00,2026-09-20 23:45:00+00:00,0.4063366684272395,0.07887711798882047,1,0.3965301852589391,0.3,42.726896418772824,time,17.361504743039898,14259.66031100048
XAUCNH,3,2026-09-21 09:45:00+00:00,2026-09-21 10:45:00+00:00,-0.2708087508024649,0.014726759862371047,1,,0.3,42.77898093300194,time,-11.58492238706872,14248.075388613404
