symbol,cluster,entry_time,exit_time,r_net,cost_r,side,prob,risk_pct,risk_cash,exit_kind,pnl,equity_after
GBPJPY,2,2024-07-01 08:15:00+00:00,2024-07-01 09:15:00+00:00,-1.0770085713646624,0.07700857136463761,-1,0.6073952835524498,0.21443717013146985,214.43717013146983,stop,-230.95067025077537,99769.04932974922
USDCHF,18,2024-07-01 11:15:00+00:00,2024-07-01 13:15:00+00:00,-1.0825847932394177,0.08258479323944687,-1,0.5327948854358212,0.16967693126149272,169.28506125148334,stop,-183.26543303345926,99585.78389671576
AUDCAD,7,2024-07-01 17:15:00+00:00,2024-07-01 21:15:00+00:00,-0.21063303794054622,0.09835481466788264,-1,0.5305461245635996,0.16832767473815977,167.63043440311037,time,-35.308507649620594,99550.47538906614
EURUSD,6,2024-07-01 17:15:00+00:00,2024-07-01 21:15:00+00:00,0.9799061870089051,0.045940240470072544,-1,0.5053741934208923,0.15322451605253537,152.5898354328664,time,149.52372381533644,99699.99911288149
GBPUSD,6,2024-07-01 17:15:00+00:00,2024-07-01 21:15:00+00:00,1.146652183882638,0.02969001854533997,-1,0.5558366414216557,0.1835019848529934,182.74189008188608,time,209.54138734923566,99909.54050023072
AUDCHF,12,2024-07-02 09:15:00+00:00,2024-07-02 11:30:00+00:00,-1.1982802643121722,0.19828026431220178,-1,0.5387683241450812,0.17326099448704874,173.10426345814045,stop,-207.42742257018443,99702.11307766053
USDJPY,2,2024-07-02 08:00:00+00:00,2024-07-02 12:00:00+00:00,0.5258888381815403,0.0830280904647906,-1,0.5187849343963772,0.1612709606378263,161.1250757335602,time,84.73387887943467,99786.84695653997
GBPAUD,16,2024-07-03 17:30:00+00:00,2024-07-03 21:30:00+00:00,0.07322040218707704,0.05399674837855058,1,0.5209445112861188,0.16256670677167132,162.22019088853472,time,11.877827619722922,99798.72478415968
NZDJPY,1,2024-07-05 15:45:00+00:00,2024-07-05 19:45:00+00:00,0.1436781190505103,0.02252965086613606,1,0.5036417360790972,0.15218504164745833,151.87873087640574,time,21.82165037610064,99820.54643453579
EURCAD,4,2024-07-05 15:45:00+00:00,2024-07-05 19:45:00+00:00,0.24440515725089923,0.04988912878240472,1,0.7246748957597742,0.2848049374558645,284.23169570327633,time,69.467692284049,99890.01412681983
NZDCAD,7,2024-07-05 15:45:00+00:00,2024-07-05 19:45:00+00:00,0.41740030367052017,0.05517506454005975,1,0.6785566429182109,0.25713398575092655,256.6164387661076,time,107.11177946782075,99997.12590628766
NZDUSD,7,2024-07-05 15:45:00+00:00,2024-07-05 19:45:00+00:00,0.023810496498289625,0.04020887579998331,1,0.6664766482412124,0.24988598894472747,249.38303038112426,time,5.937933771622614,100003.06384005929
EURJPY,2,2024-07-08 10:00:00+00:00,2024-07-08 10:45:00+00:00,-1.0565670978028676,0.05656709780290597,-1,0.5786477039620163,0.19718862237720974,197.19466392121444,stop,-208.3493937614494,99794.71444629783
EURGBP,20,2024-07-08 13:45:00+00:00,2024-07-08 17:45:00+00:00,-0.705398700089095,0.10856429930548052,1,0.510295840033012,0.15617750401980718,155.8568941659219,time,-109.94125054456495,99684.77319575327
GBPJPY,2,2024-07-09 07:00:00+00:00,2024-07-09 10:45:00+00:00,1.4122453912855757,0.08775460871447419,-1,0.5016443985021227,0.15098663910127363,150.51068874399513,target,212.5580265179249,99897.3312222712
AUDCAD,7,2024-07-09 10:15:00+00:00,2024-07-09 14:15:00+00:00,0.4976381532648269,0.24777080477383218,-1,0.5146831397948249,0.15880988387689496,158.30927255512185,time,78.78073403902899,99976.11195631023
GBPCAD,5,2024-07-11 15:45:00+00:00,2024-07-11 19:45:00+00:00,0.09771908430080137,0.035306045456987546,1,0.7123758792505602,0.2774255275503361,277.3592560191083,time,27.10329252053879,100003.21524883076
GER40,8,2024-07-15 08:30:00+00:00,2024-07-15 12:15:00+00:00,1.3576804220497902,0.1423195779502519,1,0.555271457607417,0.1831628745644502,183.168763706633,target,248.6846444155598,100251.89989324631
USDJPY,2,2024-07-15 08:30:00+00:00,2024-07-15 12:30:00+00:00,-0.018618491668719286,0.05132217252516496,1,0.5203362598649443,0.16220175591896654,162.2069711090272,time,-3.0200491402016127,100248.87984410612
DJ30,9,2024-07-15 14:30:00+00:00,2024-07-15 14:30:00+00:00,-1.0537908317473739,0.05379083174739172,-1,0.511637259592738,0.1569823557556428,157.3730531979215,stop,-165.8382806240614,100083.04156348205
GBPCAD,5,2024-07-16 09:30:00+00:00,2024-07-16 10:30:00+00:00,-1.2303113610753724,0.23031136107529115,-1,0.5036336375162397,0.1521801825097438,152.3065553126097,stop,-187.38448536735834,99895.6570781147
EURNZD,15,2024-07-16 12:15:00+00:00,2024-07-16 14:00:00+00:00,1.3434333045965583,0.15656669540347878,-1,0.6232634203059382,0.2239580521835629,223.7243678081171,target,300.55876676323464,100196.21584487794
AUDUSD,7,2024-07-16 12:00:00+00:00,2024-07-16 15:30:00+00:00,-1.116003035173447,0.1160030351734224,1,0.5038010773978802,0.1522806464387281,152.12175236276806,stop,-169.76833735275264,100026.44750752518
NZDJPY,1,2024-07-16 15:45:00+00:00,2024-07-16 19:00:00+00:00,-1.065445902043538,0.06544590204353788,1,0.5775716139813899,0.19654296838883392,196.5949491051887,stop,-209.46128288658124,99816.9862246386
EURJPY,2,2024-07-16 15:45:00+00:00,2024-07-16 19:45:00+00:00,-0.24067038131508886,0.03399272505772191,1,0.55254089270295,0.18152453562177,181.57254433698859,time,-43.69913348193392,99773.28709115667
GER40,8,2024-07-17 07:00:00+00:00,2024-07-17 08:45:00+00:00,-1.168939764334629,0.1689397643346289,1,0.5216086477970339,0.16296518867822032,162.59572555856587,stop,-190.06460911624802,99583.22248204042
GBPJPY,2,2024-07-17 08:15:00+00:00,2024-07-17 08:45:00+00:00,-1.0922886045854943,0.09228860458543613,1,0.5816919722075492,0.19901518332452953,198.56399021337452,stop,-216.8891837910946,99366.33329824933
EURJPY,2,2024-07-17 09:15:00+00:00,2024-07-17 10:00:00+00:00,-1.0520558337382127,0.05205583373821251,1,0.5834326904646818,0.20005961427880908,198.7919031194734,stop,-209.1401813767636,99157.19311687256
CADJPY,2,2024-07-17 09:15:00+00:00,2024-07-17 10:00:00+00:00,-1.069974863363863,0.06997486336386306,1,0.6037408787404558,0.21224452724427348,210.89960434883832,stop,-225.65727534664106,98931.53584152593
EURCHF,13,2024-07-17 10:15:00+00:00,2024-07-17 10:30:00+00:00,-1.1994367831708197,0.199436783170842,1,0.500572890532578,0.1503437343195468,148.73736540383092,stop,-178.40106709727374,98753.13477442865
EURCAD,4,2024-07-17 10:45:00+00:00,2024-07-17 11:30:00+00:00,-1.1733033916957132,0.1733033916957685,-1,0.6032179810178454,0.21193078861070724,209.28829730524114,stop,-245.5586690704602,98507.57610535818
GER40,8,2024-07-17 10:15:00+00:00,2024-07-17 14:00:00+00:00,-1.0127687440779234,0.012768744077923494,1,0.5727248314594436,0.19363489887566618,191.56597938288212,stop,-194.0120363476589,98313.56406901052
EURUSD,6,2024-07-17 16:45:00+00:00,2024-07-17 20:45:00+00:00,0.3678569857060011,0.06957413847083324,-1,0.6451439721714262,0.2370863833028557,233.08807334735283,time,85.74307606557652,98399.3071450761
EURCHF,13,2024-07-22 10:00:00+00:00,2024-07-22 14:00:00+00:00,0.05737727942665897,0.11261258654799164,1,0.5655006739011815,0.1893004043407089,186.27028629408505,time,10.687682265579483,98409.99482734168
GBPCAD,5,2024-07-22 17:15:00+00:00,2024-07-22 21:15:00+00:00,0.6765661567900179,0.09073693529336345,-1,0.5842899674599672,0.20057398047598032,197.38484381140543,time,133.5439051860805,98543.53873252777
CADJPY,2,2024-07-24 15:00:00+00:00,2024-07-24 16:30:00+00:00,-1.0277763954343213,0.02777639543433624,1,0.550539827849584,0.18032389670975038,177.69754899817613,stop,-182.63334638685916,98360.9053861409
CHFSGD,19,2024-07-24 16:45:00+00:00,2024-07-24 20:45:00+00:00,0.7154067329899544,0.12681005513807403,-1,0.5435762692112011,0.17614576152672062,173.25856583699496,time,123.9503445479695,98484.85573068887
GBPUSD,6,2024-07-25 11:00:00+00:00,2024-07-25 13:00:00+00:00,-1.0535704641220225,0.05357046412202258,1,0.5226191205065519,0.16357147230393113,161.09312851509017,stop,-169.72296217651217,98315.13276851235
EURNZD,15,2024-07-26 16:00:00+00:00,2024-07-26 20:00:00+00:00,-0.17279691308901135,0.059387924146427275,-1,0.5555941008292518,0.18335646049755105,180.26714757781212,weekend,-31.149606632807185,98283.98316187956
GER40,8,2024-07-29 10:15:00+00:00,2024-07-29 11:30:00+00:00,1.4871886284442297,0.012811371555732946,-1,0.5019265831062582,0.15115594986375488,148.56208831227184,target,220.9398483559381,98504.92301023549
EURUSD,6,2024-07-29 13:00:00+00:00,2024-07-29 15:00:00+00:00,-1.0434706786372652,0.04347067863729623,1,0.5512138128423534,0.18072828770541202,178.02626066193287,stop,-185.76518302816174,98319.15782720732
USDJPY,2,2024-07-31 07:00:00+00:00,2024-07-31 10:00:00+00:00,-1.005915930909699,0.005915930909698908,1,0.5917089820193401,0.20502538921160404,201.5792360048029,stop,-202.77176483783722,98116.38606236949
CNHJPY,2,2024-07-31 07:00:00+00:00,2024-07-31 10:30:00+00:00,-1.0168298595994847,0.016829859599478268,1,0.6421723006277028,0.23530338037662168,231.3483019252445,stop,-235.24186136522556,97881.14420100427
EURGBP,20,2024-07-31 09:00:00+00:00,2024-07-31 11:00:00+00:00,-1.0985516479231132,0.09855164792311266,-1,0.5160305862515692,0.1596183517509415,156.935419179195,stop,-172.40166335680922,97708.74253764746
XAUEUR,3,2024-07-31 09:45:00+00:00,2024-07-31 13:45:00+00:00,0.6934921370986737,0.017482995052908457,-1,0.5709727128944856,0.19258362773669135,189.34660090379887,time,131.31037891314514,97840.0529165606
US2000,9,2024-07-31 16:45:00+00:00,2024-07-31 19:00:00+00:00,-1.0152648004652,0.0152648004652001,-1,0.5248010933919149,0.16488065603514895,161.31932111396188,stop,-163.78182836194804,97676.27108819866
EURCHF,13,2024-07-31 12:00:00+00:00,2024-07-31 22:00:00+00:00,-1.038494261729291,0.03849426172929436,1,0.5805700218355964,0.19834201310135782,193.79748692519257,stop,-201.25757810936977,97475.01351008928
EURUSD,6,2024-07-31 12:00:00+00:00,2024-08-01 04:00:00+00:00,0.20578158701100543,0.03979932498994252,1,0.5714297268015148,0.1928578360809089,188.4389665199733,time,38.77726958519382,97513.79077967448
EURGBP,20,2024-08-01 11:00:00+00:00,2024-08-01 20:00:00+00:00,-1.0583099548357449,0.05830995483573103,-1,0.5070448384424197,0.15422690306545178,150.3924995812159,stop,-159.16187943943137,97354.62890023505
US2000,9,2024-08-05 15:45:00+00:00,2024-08-05 19:15:00+00:00,1.4940269555336623,0.005973044466337351,1,0.58479177372836,0.20087506423701598,195.5611733410555,target,292.17366442732794,97646.80256466237
CHFSGD,19,2024-08-12 09:45:00+00:00,2024-08-12 13:45:00+00:00,-0.3166619022637174,0.13617285188388534,1,0.5531100610577465,0.1818660366346479,177.58636972481105,time,-56.234837653166494,97590.56772700921
NZDCNH,7,2024-08-12 11:15:00+00:00,2024-08-12 15:15:00+00:00,-0.3566891010166243,0.14766324407238368,-1,0.5913778356633324,0.2048267013979994,200.00672471381486,time,-71.34021883545009,97519.22750817376
US2000,9,2024-08-12 16:45:00+00:00,2024-08-12 20:45:00+00:00,0.42079413291518125,0.015714303718824197,-1,0.5354745335252449,0.17128472011514692,167.03553589582864,time,70.28757349330785,97589.51508166706
EURGBP,20,2024-08-12 10:00:00+00:00,2024-08-13 02:00:00+00:00,0.4939579810717403,0.05918859311015494,1,0.5439195830694672,0.1763517498416803,172.20184498723273,time,85.06047568672227,97674.57555735379
GBPCHF,14,2024-08-12 17:00:00+00:00,2024-08-13 09:00:00+00:00,-0.41171630501481965,0.02400845608339895,-1,0.5437308275024234,0.17623849650145404,171.86642036023767,time,-70.76020754684082,97603.81534980694
XAUUSD,3,2024-08-13 08:00:00+00:00,2024-08-13 12:00:00+00:00,-0.4037896267168158,0.060802299003694674,1,0.5051600092405398,0.1530960055443239,149.53587361068105,time,-60.38103458602985,97543.43431522092
AU200,10,2024-08-13 10:15:00+00:00,2024-08-13 13:15:00+00:00,1.4236700724557954,0.07632992754417998,-1,0.5071701826773694,0.1543021096064216,150.60474614110834,target,214.41146985089836,97757.84578507181
NZDCNH,7,2024-08-13 10:45:00+00:00,2024-08-13 14:45:00+00:00,0.33055578307454353,0.12958648299379213,-1,0.5182169874433543,0.1609301924660126,157.0740078966157,time,51.92172168092284,97809.76750675275
DJ30,9,2024-08-13 17:00:00+00:00,2024-08-13 19:15:00+00:00,-1.0115193545071612,0.011519354507156432,-1,0.5303742907816066,0.16822457446896394,164.5400651773176,stop,-166.43546051872653,97643.33204623402
SP500,9,2024-08-14 15:45:00+00:00,2024-08-14 17:00:00+00:00,-1.0326551112668316,0.03265511126683686,1,0.5543629730928119,0.18261778385568714,178.31408906568234,stop,-184.13695548456593,97459.19509074945
XAUAUD,3,2024-08-15 16:15:00+00:00,2024-08-15 20:15:00+00:00,0.9358869638691384,0.014964215278387288,1,0.521810797572769,0.16308647854366143,158.94276929050008,time,148.75246578023905,97607.94755652969
NAS100,9,2024-08-19 06:45:00+00:00,2024-08-19 09:00:00+00:00,1.4826064339546576,0.017393566045343156,-1,0.5362626729920206,0.17175760379521235,167.64907183678275,target,248.5575925517407,97856.50514908142
CNHJPY,2,2024-08-19 08:45:00+00:00,2024-08-19 09:00:00+00:00,-1.1304115674066475,0.13041156740666066,1,0.6475682864816931,0.23854097188901582,232.8349467422666,stop,-263.1993170939689,97593.30583198745
CHFSGD,19,2024-08-19 08:45:00+00:00,2024-08-19 12:45:00+00:00,1.367622332710444,0.1323776672895423,-1,0.552432756937549,0.1814596541625294,177.11904407122168,target,242.23196022012812,97835.53779220759
NZDJPY,1,2024-08-19 10:00:00+00:00,2024-08-19 23:00:00+00:00,1.4854050641994674,0.0145949358005271,1,0.5857168887642397,0.20143013325854378,196.58232598879036,target,292.00438255585976,98127.54217476344
FR40,8,2024-08-20 10:00:00+00:00,2024-08-20 11:00:00+00:00,-1.1357784128873394,0.1357784128873594,-1,0.5344988868622708,0.17069933211736246,167.50305911550424,stop,-190.2463586359816,97937.29581612746
EURNZD,15,2024-08-20 11:00:00+00:00,2024-08-21 03:00:00+00:00,-0.4934567016794288,0.04350696356031858,1,0.6133649762388645,0.2180189857433187,213.52189900275465,time,-105.36381201822742,97831.93200410924
CHFSGD,19,2024-08-21 10:15:00+00:00,2024-08-21 13:45:00+00:00,1.3350057092514456,0.16499429074852462,-1,0.5395043722047732,0.17370262332286393,169.93663233857808,target,226.86637438296557,98058.7983784922
NZDCNH,7,2024-08-21 11:00:00+00:00,2024-08-21 15:00:00+00:00,0.19482089940123032,0.1588248049395545,1,0.5046784785058472,0.15280708710350835,149.49412555256416,time,29.124579995350995,98087.92295848756
NZDCNH,7,2024-08-21 18:00:00+00:00,2024-08-21 18:30:00+00:00,-1.1958370126877047,0.1958370126876627,-1,0.5141750197184295,0.1585050118310577,155.47427389018932,stop,-185.921891238634,97902.00106724892
AUDCHF,12,2024-08-22 16:00:00+00:00,2024-08-22 18:00:00+00:00,-1.025945122452343,0.02594512245235997,1,0.5059065197158705,0.15354391182952232,150.32256219803455,stop,-154.2226994816125,97747.77836776731
EURUSD,6,2024-08-22 11:00:00+00:00,2024-08-23 03:00:00+00:00,0.5069262206171251,0.029322356069531062,-1,0.5991282813396359,0.20947696880378155,205.08214423391874,time,103.96151629255657,97851.73988405986
EURGBP,20,2024-08-26 17:00:00+00:00,2024-08-27 09:00:00+00:00,-0.2008492944204457,0.04726138346247188,1,0.5068115992892455,0.15408695957354726,150.77677087716384,time,-30.28340804567156,97821.4564760142
XAUGBP,3,2024-08-27 08:15:00+00:00,2024-08-27 09:00:00+00:00,1.4715746810037185,0.028425318996259778,1,0.5067521677905099,0.15405130067430595,150.7418780238327,target,221.82793106682303,98043.28440708101
XAUAUD,3,2024-08-27 11:15:00+00:00,2024-08-27 15:15:00+00:00,0.0964344398707507,0.03548059580149349,1,0.5204453896719139,0.16226723380314834,159.0921255371237,time,15.341960014019678,98058.62636709504
XAGSGD,3,2024-08-27 17:15:00+00:00,2024-08-27 21:15:00+00:00,0.25411768937674495,0.012921238442885861,1,0.5115497049657337,0.15692982297944022,153.88322877395282,time,39.10445052986992,98097.7308176249
EURAUD,15,2024-08-27 10:00:00+00:00,2024-08-28 02:00:00+00:00,0.0170924836268223,0.03927330285422235,1,0.5190665836506697,0.16143995019040183,158.2810295118255,time,2.7054159053674547,98100.43623353027
NZDJPY,1,2024-08-28 08:00:00+00:00,2024-08-29 00:00:00+00:00,-0.025165829527843034,0.03214886975644419,-1,0.5745861282867816,0.19475167697206894,191.0522446817152,time,-4.807988220571801,98095.62824530971
NZDUSD,7,2024-08-28 10:00:00+00:00,2024-08-29 02:00:00+00:00,0.3999746079510864,0.02662394327732702,1,0.5938211742363678,0.2062927045418207,202.37404307347367,time,80.94447853778891,98176.5727238475
FR40,8,2024-08-29 11:00:00+00:00,2024-08-29 12:00:00+00:00,-1.0725825520550967,0.07258255205509577,-1,0.5444507219911832,0.1766704331947099,173.44897632694062,stop,-186.038345680094,97990.5343781674
NZDCNH,7,2024-08-30 10:00:00+00:00,2024-08-30 14:00:00+00:00,-0.2878596736836599,0.11807338535076535,1,0.5157527347387921,0.15945164084327526,156.24751493708152,time,-44.97735866367106,97945.55701950373
XAUGBP,3,2024-08-30 17:45:00+00:00,2024-08-30 20:00:00+00:00,-0.7016743606239554,0.013456768559911184,1,0.5440152385159358,0.1764091431095615,172.78491785199333,weekend,-121.23874675926007,97824.31827274447
NZDJPY,1,2024-09-02 17:00:00+00:00,2024-09-03 06:00:00+00:00,1.4720646985741461,0.027935301425859538,-1,0.5276725084471567,0.16660350506829405,162.97874305155577,target,239.91525426418164,98064.23352700865
SP500,9,2024-09-03 09:30:00+00:00,2024-09-03 10:30:00+00:00,1.453974962758657,0.0460250372413116,1,0.522394517211653,0.16343671032699178,160.27295728392173,target,233.0328670981099,98297.26639410676
DJ30,9,2024-09-03 09:30:00+00:00,2024-09-03 11:30:00+00:00,-1.0658099352204675,0.06580993522046096,1,0.5416559312888934,0.17499355877333606,171.60609213270723,stop,-182.89947793939828,98114.36691616736
XAUCNH,3,2024-09-03 10:45:00+00:00,2024-09-03 11:30:00+00:00,-1.0784837231448468,0.07848372314481132,-1,0.5253644307390333,0.16521865844341996,162.40542482289774,stop,-175.15160722191928,97939.21530894544
AUDCHF,12,2024-09-03 10:00:00+00:00,2024-09-03 16:00:00+00:00,-1.0252210163849738,0.02522101638498573,1,0.5146371061083946,0.15878226366503678,155.70860983995215,stop,-159.63573924000707,97779.57956970543
XAGEUR,3,2024-09-03 15:00:00+00:00,2024-09-03 16:30:00+00:00,-1.0282423213546428,0.028242321354639492,1,0.5283484296227515,0.1670090577736509,163.5673606783769,stop,-168.18688264178638,97611.39268706365
XAUSGD,3,2024-09-03 15:00:00+00:00,2024-09-03 16:30:00+00:00,-1.046414699955155,0.046414699955136376,1,0.5538724325116948,0.1823234595070169,178.56616556529505,stop,-186.85426056215073,97424.5384265015
AUDCAD,7,2024-09-03 08:00:00+00:00,2024-09-03 20:00:00+00:00,-1.0508385290087563,0.05083852900876501,1,0.5437513971872067,0.176250838312324,172.83903367590767,stop,-181.62591590328572,97242.91251059821
XAGSGD,3,2024-09-04 09:45:00+00:00,2024-09-04 11:45:00+00:00,-1.0680481463346734,0.06804814633467993,1,0.5027678683488462,0.15166072100930775,147.47930224402342,stop,-157.51499538446024,97085.39751521374
XAGUSD,3,2024-09-04 09:45:00+00:00,2024-09-04 13:45:00+00:00,1.0074117115428476,0.032037828282282,1,0.5015633161560467,0.15093798969362798,146.77649726303025,time,147.8643623220134,97233.26187753576
CHFJPY,2,2024-09-04 11:00:00+00:00,2024-09-04 16:00:00+00:00,-1.0280863121671684,0.02808631216717855,1,0.5656185847267948,0.1893711508360769,184.15002252783904,stop,-189.322117546147,97043.93975998962
CHFSGD,19,2024-09-05 15:30:00+00:00,2024-09-05 19:30:00+00:00,-0.19208833002123493,0.10889012101173941,-1,0.5736499652783894,0.19418997916703365,188.4496064027923,time,-36.198970187071396,97007.74078980254
AU200,10,2024-09-06 10:30:00+00:00,2024-09-06 14:30:00+00:00,-0.38919872195891797,0.06654693173390826,1,0.5061025807809658,0.1536615484685795,149.0635966319962,time,-58.01536129977259,96949.72542850277
XAUSGD,3,2024-09-06 15:45:00+00:00,2024-09-06 17:30:00+00:00,-1.02752388382337,0.027523883823376276,1,0.5216476713726476,0.16298860282358854,158.01700291722182,stop,-162.36624454763256,96787.35918395514
XAUEUR,3,2024-09-06 17:45:00+00:00,2024-09-06 19:15:00+00:00,-1.003684822796345,0.0036848227963472307,1,0.5274681848852936,0.16648091093117615,161.1324772356777,stop,-161.72622186102728,96625.63296209411
GBPCAD,5,2024-09-06 16:00:00+00:00,2024-09-06 20:00:00+00:00,-0.37655695788021,0.02954038945322395,1,0.5956815562446578,0.20740893374679467,201.08239178170243,weekend,-75.7189737325944,96549.91398836151
EURCAD,4,2024-09-06 16:00:00+00:00,2024-09-06 20:00:00+00:00,0.2273930310972204,0.025282805460734952,1,0.5036848044230496,0.1522108826538298,147.56803280518835,weekend,33.555942272625835,96583.46993063415
XAUEUR,3,2024-09-09 10:45:00+00:00,2024-09-09 13:00:00+00:00,-1.011667137892995,0.011667137893013501,-1,0.5489357172977348,0.17936143037864088,173.2334931769097,stop,-175.25463222948989,96408.21529840466
EURNZD,15,2024-09-09 11:00:00+00:00,2024-09-10 03:00:00+00:00,-0.19512615703183536,0.03913224959396833,-1,0.5334685200605814,0.17008111203634885,164.27023970131492,time,-32.05342058761601,96376.16187781704
USDCAD,17,2024-09-09 11:00:00+00:00,2024-09-10 03:00:00+00:00,-0.2185246537641003,0.0430024841467735,-1,0.5538348525354677,0.1823009115212806,176.0725460624278,time,-38.47619216565563,96337.68568565138
EURAUD,15,2024-09-09 18:00:00+00:00,2024-09-10 10:00:00+00:00,-0.45577190562307546,0.030461928110144098,1,0.5957748555091164,0.20746491330546982,200.0132202881856,time,-91.16040656055434,96246.52527909083
GBPAUD,16,2024-09-09 18:00:00+00:00,2024-09-10 10:00:00+00:00,-0.08302927484701315,0.03875751117522649,1,0.5938623680048202,0.2063174208028921,198.90694324576742,time,-16.51509925973207,96230.0101798311
US2000,9,2024-09-10 12:30:00+00:00,2024-09-10 16:30:00+00:00,0.32066299152444205,0.03562922128049623,1,0.5033923032606772,0.1520353819564063,146.3036635335947,time,46.9141704196679,96276.92435025076
CNHJPY,2,2024-09-10 17:30:00+00:00,2024-09-10 18:45:00+00:00,-1.1772459892463258,0.17724598924634657,1,0.5141614109870397,0.15849684659222382,152.59588909112813,stop,-179.64289840800777,96097.28145184276
EURNZD,15,2024-09-10 10:00:00+00:00,2024-09-11 02:00:00+00:00,-0.6048858257716642,0.04768993071049946,1,0.5470979641441774,0.17825877848650645,171.53844068400747,time,-103.76117134472949,95993.52028049802
CHFSGD,19,2024-09-11 06:30:00+00:00,2024-09-11 07:30:00+00:00,-1.2512632371115717,0.2512632371115242,-1,0.5033210138742917,0.15199260832457503,145.90305529690866,stop,-182.56312927527858,95810.95715122274
XAUEUR,3,2024-09-11 15:45:00+00:00,2024-09-11 19:45:00+00:00,-1.0047175301187643,0.004717530118781937,-1,0.5781970325836567,0.19691821955019403,188.66923095618688,stop,-189.5592837357068,95621.39786748705
XAUAUD,3,2024-09-11 15:45:00+00:00,2024-09-11 19:45:00+00:00,-0.3708267635720735,0.007439077931840628,-1,0.5946330801941334,0.20677984811648004,198.1177516762439,time,-73.46736466027727,95547.93050282677
USDCAD,17,2024-09-11 18:00:00+00:00,2024-09-11 20:00:00+00:00,1.4531336822687382,0.046866317731253784,-1,0.5506640553761423,0.18039843322568536,172.84146555933833,target,251.1617552969666,95799.09225812372
GER40,8,2024-09-12 18:00:00+00:00,2024-09-12 22:00:00+00:00,-0.6971116326605579,0.006994431096928675,-1,0.5399813514328268,0.17398881085969606,166.6797014342924,time,-116.1943587982339,95682.8978993255
GBPCAD,5,2024-09-16 09:00:00+00:00,2024-09-16 09:15:00+00:00,-1.1867084998568473,0.18670849985676397,-1,0.5052569592060218,0.15315417552361305,146.5423533948122,stop,-173.90305636264958,95508.99484296284
XAUUSD,3,2024-09-16 06:15:00+00:00,2024-09-16 09:45:00+00:00,-1.0222771747218484,0.02227717472188403,-1,0.5467316416720052,0.1780389850032031,170.35286024161,stop,-174.14784067357897,95334.84700228927
CHFJPY,2,2024-09-16 09:00:00+00:00,2024-09-16 09:45:00+00:00,-1.0663341752147333,0.06633417521470357,1,0.5662977010280823,0.18977862061684939,181.58568379956805,stop,-193.63102036521573,95141.21598192405
XAUEUR,3,2024-09-16 06:15:00+00:00,2024-09-16 10:15:00+00:00,1.4783411979924646,0.02165880200757926,-1,0.517048020358863,0.1602288122153178,153.31157079728428,target,226.64681123856377,95367.86279316261
EURAUD,15,2024-09-16 06:45:00+00:00,2024-09-16 10:45:00+00:00,0.5697797948418405,0.08099900700382837,1,0.5538255283999582,0.18229531703997495,174.42544207861067,time,99.38409260274813,95467.24688576536
XAUCNH,3,2024-09-16 11:45:00+00:00,2024-09-16 13:45:00+00:00,1.4606129212804604,0.03938707871954776,-1,0.533474851693081,0.17008491101584858,162.37538191493425,target,237.16758092280256,95704.41446668816
JP225,11,2024-09-16 10:00:00+00:00,2024-09-16 14:00:00+00:00,1.0764801016987784,0.05588783697316359,1,0.5799950100900662,0.1979970060540397,188.37675916761688,time,202.7838328664425,95907.19829955461
XAUUSD,3,2024-09-16 14:00:00+00:00,2024-09-16 18:00:00+00:00,0.19116258504759995,0.013133307369686088,1,0.6240130301741406,0.22440781810448432,215.22325110917126,time,41.14263304437791,95948.34093259899
XAUCNH,3,2024-09-16 14:00:00+00:00,2024-09-16 18:00:00+00:00,0.41164509878080024,0.05218876524025644,1,0.6099764140818699,0.21598584844912191,207.14597597107456,time,85.27062574065826,96033.61155833965
XAUEUR,3,2024-09-17 06:30:00+00:00,2024-09-17 10:00:00+00:00,1.4485629990304658,0.05143700096948817,1,0.5057294065070809,0.15343764390424852,147.3517109312742,target,213.44823629887682,96247.05979463852
XAUAUD,3,2024-09-17 06:30:00+00:00,2024-09-17 10:30:00+00:00,-0.13551547481591755,0.07975312632708359,1,0.5108838712217324,0.15653032273303943,150.32172210446228,time,-20.370919546132615,96226.68887509238
XAUUSD,3,2024-09-17 10:00:00+00:00,2024-09-17 12:15:00+00:00,1.4868445532700405,0.013155446729936314,-1,0.5262101113314256,0.16572606679885535,159.50646660719664,target,237.16132108625993,96463.85019617865
XAUCNH,3,2024-09-17 12:30:00+00:00,2024-09-17 13:30:00+00:00,-1.0798812492801542,0.07988124928012158,1,0.5508921616685127,0.18053529700110763,174.1512984503744,stop,-188.0627217343513,96275.7874744443
EURAUD,15,2024-09-17 10:15:00+00:00,2024-09-17 14:15:00+00:00,0.9539215045521537,0.07383603750848859,1,0.5438339538379141,0.17630037230274845,169.68392474839638,time,161.8651447943047,96437.65261923861
AUDCAD,7,2024-09-17 15:45:00+00:00,2024-09-17 19:45:00+00:00,0.17573855512268502,0.08720984054906179,-1,0.6155182966904253,0.2193109780142552,211.49835913324182,time,37.16841604489465,96474.8210352835
NZDCNH,7,2024-09-18 17:45:00+00:00,2024-09-18 21:00:00+00:00,1.356854518471797,0.1431454815282197,1,0.5036170218885941,0.15217021313315648,146.80594078922195,target,199.1943040983589,96674.01533938186
XAUCNH,3,2024-09-20 06:45:00+00:00,2024-09-20 09:45:00+00:00,1.424753880075407,0.07524611992458248,1,0.5086080427551926,0.15516482565311554,150.0040673532178,target,213.71887698858976,96887.73421637045
GER40,8,2024-09-23 10:30:00+00:00,2024-09-23 13:15:00+00:00,1.488850682525649,0.011149317474351005,1,0.550790997854301,0.18047459871258056,174.8577495287059,target,260.33707973071273,97148.07129610116
JP225,11,2024-09-23 10:30:00+00:00,2024-09-23 14:30:00+00:00,0.27225240236923426,0.04643770073856504,1,0.5205343690521276,0.16232062143127654,157.2687722706958,time,42.816801068356945,97190.88809716952
AU200,10,2024-09-23 10:30:00+00:00,2024-09-23 14:30:00+00:00,-0.11854121184047528,0.0738086790704846,1,0.5660046035947476,0.18960276215684854,183.7018202654241,time,-21.776236391564552,97169.11186077795
GBPCAD,5,2024-09-23 11:45:00+00:00,2024-09-23 15:45:00+00:00,1.0839684700195211,0.06714257518761609,1,0.5207326553907472,0.16243959323444832,157.38404135514529,time,170.5993385132259,97339.71119929118
GBPNZD,16,2024-09-23 11:45:00+00:00,2024-09-23 15:45:00+00:00,-0.00833303982768511,0.11184299052008999,1,0.557153854674842,0.1842923128049052,178.55664621161833,time,-1.4879196443792952,97338.2232796468
GBPNZD,16,2024-09-23 17:00:00+00:00,2024-09-23 21:00:00+00:00,-0.6050232394199999,0.07391177674587807,1,0.5485804766234926,0.17914828597409557,174.37975860312505,time,-105.50380643934032,97232.71947320746
XAGSGD,3,2024-09-24 08:45:00+00:00,2024-09-24 08:45:00+00:00,1.4612297773753915,0.03877022262460297,-1,0.5053688438908766,0.15322130633452594,148.9812429614332,target,217.69582848564414,97450.41530169311
JP225,11,2024-09-24 09:15:00+00:00,2024-09-24 13:15:00+00:00,0.6442732004179714,0.03588416442080438,1,0.5293094174489973,0.16758565046939836,163.3129123684722,time,105.2181327212153,97555.63343441431
EURUSD,6,2024-09-25 15:45:00+00:00,2024-09-25 16:00:00+00:00,-1.0647176956474038,0.0647176956473435,-1,0.5515573777055146,0.18093442662330875,176.51172599329414,stop,-187.93515815432607,97367.69827626
DJ30,9,2024-09-25 16:45:00+00:00,2024-09-25 18:30:00+00:00,1.4904052194050919,0.009594780594927022,-1,0.5212665566305376,0.16275993397832253,158.47560143065277,target,236.19286352060593,97603.8911397806
XAUUSD,3,2024-09-26 13:30:00+00:00,2024-09-26 14:00:00+00:00,-1.0187250654842188,0.018725065484230037,-1,0.5232052888435602,0.16392317330613612,159.99539562659473,stop,-162.9913198868762,97440.89981989372
XAUEUR,3,2024-09-26 13:30:00+00:00,2024-09-26 14:15:00+00:00,-1.0118141342064904,0.011814134206510781,-1,0.5111012655170307,0.15666075931021842,152.906996975899,stop,-154.7134607592837,97286.18635913443
NZDCHF,12,2024-09-26 10:45:00+00:00,2024-09-26 14:45:00+00:00,-0.013249013453704134,0.023877672688504416,1,0.5728180301152396,0.19369081806914373,189.04977521595723,time,-2.5047230152559594,97283.68163611917
GBPCHF,14,2024-09-26 10:45:00+00:00,2024-09-26 14:45:00+00:00,-0.3695909982470132,0.026064954762542947,1,0.5566966943129527,0.1840180165877716,179.60874458791167,time,-66.3817752061391,97217.29986091304
XAUGBP,3,2024-09-26 16:30:00+00:00,2024-09-26 20:30:00+00:00,-0.4698037582529047,0.004610942011206299,1,0.5203473802733147,0.16220842816398884,157.69465400785847,time,-74.0855411092834,97143.21431980375
XAUSGD,3,2024-09-26 16:30:00+00:00,2024-09-26 20:30:00+00:00,-0.047756447105632885,0.02046704875956759,1,0.5589105826660703,0.18534634959964216,180.18871647154,time,-8.605172907204981,97134.60914689655
XAGUSD,3,2024-09-27 10:45:00+00:00,2024-09-27 14:45:00+00:00,0.8087925216666795,0.035164892246377186,1,0.533996782140688,0.1703980692844128,165.5154985932721,time,133.86769748217029,97268.47684437872
GBPAUD,16,2024-09-30 08:15:00+00:00,2024-09-30 11:15:00+00:00,1.4521619159035624,0.04783808409645269,1,0.5077774168069585,0.15466645008417512,150.44170018614818,target,218.46570757410626,97486.94255195283
XAUCNH,3,2024-09-30 14:15:00+00:00,2024-09-30 18:15:00+00:00,-0.4018119625086312,0.04182030719209162,1,0.5258859866249118,0.16553159197494707,161.37168797394935,time,-64.84107463814307,97422.10147731469
AU200,10,2024-10-01 10:15:00+00:00,2024-10-01 14:15:00+00:00,1.0429760080990518,0.06530969310677173,1,0.5296109531010125,0.16776657186060748,163.4417198830528,time,170.46579256046982,97592.56726987516
SP500,9,2024-10-01 10:30:00+00:00,2024-10-01 14:30:00+00:00,0.11739398619626785,0.04248109228113972,1,0.5158768782889566,0.15952612697337393,155.41370530282995,time,18.24463437503126,97610.8119042502
US2000,9,2024-10-01 17:00:00+00:00,2024-10-01 17:00:00+00:00,-1.032361313083184,0.03236131308317909,1,0.5718455673013899,0.19310734038083394,188.49364279243568,stop,-194.59354458103152,97416.21835966916
AU200,10,2024-10-01 17:30:00+00:00,2024-10-01 21:15:00+00:00,1.4531540308530309,0.0468459691469943,1,0.5377778100694033,0.17266668604164195,168.20535590873004,target,244.42829094983972,97660.64665061899
US2000,9,2024-10-03 17:00:00+00:00,2024-10-03 20:30:00+00:00,-1.0350717104238063,0.03507171042380639,1,0.540444681974531,0.1742668091847186,170.19009274719622,stop,-176.15895039702662,97484.48770022197
CHFSGD,19,2024-10-03 17:15:00+00:00,2024-10-03 21:15:00+00:00,-0.2111416422011898,0.05893724066673673,1,0.5126851382297507,0.15761108293785042,153.9240027901479,time,-32.49976672329235,97451.98793349868
EURJPY,2,2024-10-04 15:45:00+00:00,2024-10-04 19:45:00+00:00,0.6355599605408765,0.019397531261516745,1,0.5970986894023481,0.20825921364140887,202.95274374822466,time,128.9886378082843,97580.97657130696
EURJPY,2,2024-10-07 13:00:00+00:00,2024-10-07 17:00:00+00:00,-0.10934947254131616,0.04282221552000425,1,0.5152746264050968,0.15916477584305808,155.3145426251875,time,-16.983563314060017,97563.9930079929
NZDJPY,1,2024-10-07 18:00:00+00:00,2024-10-07 21:45:00+00:00,-1.0630226756340764,0.06302267563407041,1,0.502744559077242,0.15164673544634522,147.9526103677215,stop,-157.2769797401413,97406.71602825276
XAUSGD,3,2024-10-08 10:15:00+00:00,2024-10-08 11:15:00+00:00,-1.0362781632027267,0.03627816320271903,1,0.5584857430238338,0.1850914458143003,180.29149901692253,stop,-186.8321434423227,97219.88388481044
XAUUSD,3,2024-10-08 10:15:00+00:00,2024-10-08 14:15:00+00:00,1.4912970945982538,0.008702905401721256,1,0.5259055767757882,0.1655433460654729,161.2503370056627,target,240.47215907953404,97460.35604388997
USDJPY,2,2024-10-08 11:00:00+00:00,2024-10-08 15:00:00+00:00,0.8403219472599904,0.027451742237182615,1,0.5537397796522995,0.1822438677913797,177.51776677845334,time,149.17207545251475,97609.52811934249
CHFJPY,2,2024-10-08 12:30:00+00:00,2024-10-08 16:30:00+00:00,0.24247201999655052,0.05150036046490378,1,0.5347076239440515,0.17082457436643086,166.07545284576545,time,40.26865052335462,97649.79676986585
XAUEUR,3,2024-10-08 17:45:00+00:00,2024-10-08 18:00:00+00:00,-1.0052127873231056,0.005212787323093099,1,0.6108298024613155,0.21649788147678928,211.40974127314942,stop,-212.51177529243913,97437.2849945734
FR40,8,2024-10-08 17:30:00+00:00,2024-10-08 21:30:00+00:00,0.8513896004984435,0.044809978973602296,1,0.5158728423936189,0.1595237054361713,155.77457415818046,time,132.62485246034842,97569.90984703375
NAS100,9,2024-10-08 18:00:00+00:00,2024-10-08 22:00:00+00:00,-0.38102706303870476,0.012014366852571772,-1,0.5326373491119513,0.16958240946717076,165.23649561319132,time,-62.95957663030212,97506.95027040345
GER40,8,2024-10-10 08:15:00+00:00,2024-10-10 08:45:00+00:00,1.3622736453899273,0.13772635461012567,-1,0.5630920188756089,0.18785521132536534,183.171887487385,target,249.53023490039357,97756.48050530384
GBPCAD,5,2024-10-10 15:45:00+00:00,2024-10-10 19:45:00+00:00,-0.3110661805639551,0.039199177779806665,1,0.6655958079645535,0.2493574847787321,243.76310099623683,time,-75.82645678932502,97680.65404851451
CHFSGD,19,2024-10-10 15:45:00+00:00,2024-10-10 19:45:00+00:00,0.3365089351464063,0.0669660628941749,1,0.5430422255873742,0.17582533535242453,171.88065967717773,time,57.839377760228935,97738.49342627474
XAUGBP,3,2024-10-10 15:45:00+00:00,2024-10-10 19:45:00+00:00,0.2592009178522638,0.0034458024529844707,1,0.5436705283209586,0.1762023169925752,172.24918366074016,time,44.64714650416701,97783.14057277891
XAUSGD,3,2024-10-10 15:45:00+00:00,2024-10-10 19:45:00+00:00,0.04138298405016929,0.02453242767046178,1,0.5262682998372316,0.16576097990233893,162.0421000036303,time,6.70578563990617,97789.84635841881
GBPAUD,16,2024-10-10 17:45:00+00:00,2024-10-10 21:45:00+00:00,-0.4237783332158293,0.052130752259973934,1,0.5036102703782586,0.15216616222695514,148.75228471306218,time,-63.037995277747974,97726.80836314107
FR40,8,2024-10-11 10:30:00+00:00,2024-10-11 10:45:00+00:00,1.4448766132082314,0.055123386791765795,1,0.5085152691232816,0.15510916147396894,151.58323298734044,target,219.0190682979027,97945.82743143897
EURCAD,4,2024-10-11 10:15:00+00:00,2024-10-11 11:30:00+00:00,-1.2294796072615342,0.2294796072616077,-1,0.5033881193397934,0.15203287160387605,148.57687308130005,stop,-182.6722355641436,97763.15519587483
XAUUSD,3,2024-10-11 09:30:00+00:00,2024-10-11 13:30:00+00:00,0.3712315665385285,0.015049928373183958,-1,0.5168822440416551,0.16012934642499302,156.48929951390298,time,58.09376780506319,97821.24896367989
XAUAUD,3,2024-10-14 13:15:00+00:00,2024-10-14 17:00:00+00:00,1.4597959468494743,0.0402040531505259,-1,0.5485924498011968,0.1791554698807181,175.25211822406752,target,255.83233186027866,98077.08129554016
NZDCNH,7,2024-10-14 14:15:00+00:00,2024-10-14 17:45:00+00:00,1.3423287794838223,0.15767122051613178,1,0.5423776137044798,0.17542656822268787,171.60446004955503,target,230.34960541229955,98307.43090095247
XAGUSD,3,2024-10-15 06:30:00+00:00,2024-10-15 08:00:00+00:00,-1.0848860042432638,0.08488600424325578,1,0.5250501521225555,0.16503009127353327,162.2368429445073,stop,-176.00848028310844,98131.42242066936
DJ30,9,2024-10-15 11:00:00+00:00,2024-10-15 12:45:00+00:00,1.4549203948989382,0.045079605101022296,-1,0.5132229596925769,0.15793377581554616,154.9826606904663,target,225.4874338942614,98356.90985456362
USDCHF,18,2024-10-15 11:30:00+00:00,2024-10-15 12:45:00+00:00,-1.1212490132953858,0.12124901329541567,1,0.5742934545632115,0.19457607273792688,190.94026786800362,stop,-214.09158694535571,98142.81826761826
EURJPY,2,2024-10-15 13:00:00+00:00,2024-10-15 17:00:00+00:00,0.8954008536189416,0.05041150878989614,1,0.6021674606193143,0.21130047637158855,207.37624252397953,time,185.68486457625994,98328.50313219453
XAUGBP,3,2024-10-15 15:00:00+00:00,2024-10-15 17:30:00+00:00,1.4838025110255972,0.016197488974412838,1,0.5334222411059509,0.17005334466357055,166.89514501117432,target,247.63943524556163,98576.14256744008
EURUSD,6,2024-10-15 15:45:00+00:00,2024-10-15 19:45:00+00:00,1.0833864484578184,0.06113823281022642,-1,0.5044743622475911,0.15268461734855468,149.84898652700014,time,162.34436131849014,98738.48692875858
GER40,8,2024-10-16 08:30:00+00:00,2024-10-16 10:15:00+00:00,-1.185368215412509,0.18536821541253953,1,0.5488964881543682,0.17933789289262092,177.07552193209133,stop,-209.89969542588167,98528.5872333327
GER40,8,2024-10-16 10:30:00+00:00,2024-10-16 11:45:00+00:00,-1.0192715357322557,0.019271535732265765,1,0.501831318851328,0.15109879131079682,148.87550440516958,stop,-151.7445640079714,98376.84266932473
EURJPY,2,2024-10-17 16:45:00+00:00,2024-10-17 20:45:00+00:00,1.0532145286854482,0.03899507404726201,1,0.5618084363041087,0.18708506178246523,184.04837688754455,time,193.84242451893698,98570.68509384367
AUDUSD,7,2024-10-21 08:45:00+00:00,2024-10-21 09:15:00+00:00,-1.0580959737836793,0.0580959737836742,1,0.5232652497981701,0.16395914987890206,161.6156573096755,stop,-171.0048762997705,98399.6802175439
AU200,10,2024-10-21 12:45:00+00:00,2024-10-21 13:30:00+00:00,-1.1255786040691291,0.1255786040691559,1,0.5078091489882769,0.15468548939296614,152.21002690562125,stop,-171.32434960975374,98228.35586793414
GBPCHF,14,2024-10-21 12:30:00+00:00,2024-10-21 14:45:00+00:00,-1.123536256883655,0.12353625688370173,1,0.5286248743487263,0.16717492460923578,164.49959121940788,stop,-184.8212549775449,98043.53461295659
EURUSD,6,2024-10-21 13:15:00+00:00,2024-10-21 17:15:00+00:00,-0.7802629735044192,0.08970583815708369,1,0.5161697912548764,0.15970187475292583,157.14613405830127,time,-122.61530983505423,97920.91930312154
DJ30,9,2024-10-21 17:15:00+00:00,2024-10-21 17:30:00+00:00,-1.0233561412572358,0.023356141257243026,1,0.6290235839073182,0.2274141503443909,222.6860266426102,stop,-227.88711293688758,97693.03219018465
XAUEUR,3,2024-10-22 06:45:00+00:00,2024-10-22 10:45:00+00:00,0.49349610084992607,0.05743273587477228,-1,0.5565501706252397,0.18393010237514382,179.6868941207886,time,88.67478162244268,97781.7069718071
EURNZD,15,2024-10-22 08:15:00+00:00,2024-10-22 10:45:00+00:00,1.4062982165064106,0.09370178349357253,1,0.5356705111765104,0.17140230670590625,167.4481106649198,target,235.4819793854448,98017.18895119254
XAUSGD,3,2024-10-22 16:15:00+00:00,2024-10-22 18:00:00+00:00,-1.026908037516768,0.026908037516747862,-1,0.5060128487429921,0.15360770924579528,150.56195861504938,stop,-154.6132854460612,97862.57566574648
XAUCNH,3,2024-10-23 16:30:00+00:00,2024-10-23 17:00:00+00:00,-1.055373333211486,0.055373333211470185,1,0.6197783193875007,0.22186699163250043,217.1247525636708,stop,-229.1476738358404,97633.42799191063
US2000,9,2024-10-25 07:15:00+00:00,2024-10-25 10:45:00+00:00,1.4047849679992932,0.09521503200066232,1,0.5131912481690278,0.15791474890141668,154.17758265727093,target,216.58635051940274,97850.01434243005
XAUSGD,3,2024-10-28 13:30:00+00:00,2024-10-28 17:30:00+00:00,1.271472651883324,0.037459573557010004,1,0.5542046796345762,0.18252280778074573,178.5985935916654,time,227.08322741662684,98077.09756984666
NZDJPY,1,2024-10-29 06:45:00+00:00,2024-10-29 08:30:00+00:00,-1.0871264398808906,0.0871264398809229,1,0.5443133050958561,0.17658798305751364,173.19236843994167,stop,-188.2820029166533,97888.81556693002
DJ30,9,2024-10-29 11:30:00+00:00,2024-10-29 14:00:00+00:00,-1.0435503138668036,0.04355031386680359,1,0.5077072792525292,0.15462436755151754,151.35996197403676,stop,-157.95173582487354,97730.86383110515
SP500,9,2024-10-29 11:30:00+00:00,2024-10-29 14:00:00+00:00,-1.0610245316814626,0.06102453168146265,1,0.5001731917024866,0.15010391502149198,146.93494453412941,stop,-155.90158071196635,97574.96225039318
SP500,9,2024-10-29 17:30:00+00:00,2024-10-29 20:00:00+00:00,-1.035199151275096,0.03519915127509583,-1,0.5372016830077583,0.17232100980465495,168.14216026638812,stop,-174.06062160132615,97400.90162879185
NAS100,9,2024-10-30 07:15:00+00:00,2024-10-30 11:15:00+00:00,0.5878021021830253,0.024015260984131388,1,0.5157159029921273,0.15942954179527638,155.2858111712505,time,91.27732624565735,97492.17895503751
XAUUSD,3,2024-10-30 15:30:00+00:00,2024-10-30 16:30:00+00:00,-1.0170259655169103,0.017025965516923505,1,0.5171542569475801,0.16029255416854807,156.2727037616011,stop,-158.93339742708045,97333.24555761043
XAUCNH,3,2024-10-30 15:30:00+00:00,2024-10-30 16:45:00+00:00,-1.0750817672283421,0.07508176722833376,1,0.5111035596469944,0.15666213578819663,152.73332977741228,stop,-164.20081809176958,97169.04473951865
EURGBP,20,2024-10-30 14:00:00+00:00,2024-10-30 17:00:00+00:00,1.4248320794902818,0.07516792050969293,-1,0.5508327269162923,0.18049963614977535,175.9730282883303,target,250.73201583026386,97419.77675534892
GBPAUD,16,2024-10-31 17:30:00+00:00,2024-10-31 18:00:00+00:00,-1.0445292084804432,0.044529208480439016,1,0.5002611477588697,0.15015668865532178,146.2823108712386,stop,-152.79614638902498,97266.9806089599
USDCHF,18,2024-10-31 16:45:00+00:00,2024-10-31 20:45:00+00:00,0.24438921226274243,0.05403195804281622,1,0.5308888210322492,0.16853329261934952,164.18475742820897,time,40.124983533429436,97307.10559249332
USDCHF,18,2024-11-01 11:15:00+00:00,2024-11-01 15:15:00+00:00,0.34757820578445,0.08086364661327358,-1,0.5027231597225086,0.15163389583350514,147.55055513271995,time,51.28535721553037,97358.39094970885
FR40,8,2024-11-04 09:15:00+00:00,2024-11-04 11:30:00+00:00,-1.0656394565361205,0.06563945653612044,-1,0.5377042498612964,0.17262254991677783,168.0625370153326,stop,-179.09407060910067,97179.29687909975
XAUSGD,3,2024-11-04 08:30:00+00:00,2024-11-04 12:30:00+00:00,0.25184983739084954,0.06598685695829176,1,0.535143949541412,0.17108636972484717,166.56693669838077,time,41.949855922179125,97221.24673502194
XAUEUR,3,2024-11-04 10:30:00+00:00,2024-11-04 14:30:00+00:00,0.5652035513586189,0.013711137364494126,1,0.5490571275849537,0.17943427655097224,174.69432446227702,time,98.73785258827382,97319.9845876102
GBPUSD,6,2024-11-04 11:30:00+00:00,2024-11-04 15:30:00+00:00,0.36522343477922825,0.05118513508626623,1,0.5139886314403923,0.15839317886423537,153.92537752471853,time,56.21715507926712,97376.20174268947
CHFSGD,19,2024-11-04 16:15:00+00:00,2024-11-04 19:45:00+00:00,-1.1941227818260254,0.19412278182597262,-1,0.5008069855047479,0.15048419130284874,146.5357897139165,stop,-174.98172485025546,97201.22001783922
XAUSGD,3,2024-11-04 17:45:00+00:00,2024-11-04 21:45:00+00:00,0.23204703917520625,0.035963009761469635,1,0.5018137632505182,0.15108825795031092,147.1240068712096,time,34.13969018605688,97235.35970802528
DJ30,9,2024-11-05 09:30:00+00:00,2024-11-05 13:30:00+00:00,-0.5355243681208564,0.03486719592105743,-1,0.542173650209519,0.1753041901257114,170.45765985197573,time,-91.28423058358916,97144.07547744169
GER40,8,2024-11-06 09:00:00+00:00,2024-11-06 09:00:00+00:00,-1.0076565321355544,0.007656532135567112,-1,0.5843793715624995,0.20062762293749972,195.4348637297186,stop,-196.93121704427287,96947.14426039741
AU200,10,2024-11-06 06:15:00+00:00,2024-11-06 09:00:00+00:00,1.458330179429481,0.041669820570509816,1,0.5648992811858752,0.1889395687115251,183.54359723587643,target,267.6671670901281,97214.81142748754
CHFSGD,19,2024-11-06 06:15:00+00:00,2024-11-06 10:15:00+00:00,0.7420192544785998,0.07127836449692779,-1,0.5336635996297551,0.17019815977785305,165.33742879581408,time,122.68355565247855,97337.49498314002
GBPCHF,14,2024-11-06 07:30:00+00:00,2024-11-06 11:30:00+00:00,1.0570348269355212,0.04015112817514831,1,0.5315712896576819,0.16894277379460912,164.1178956887184,time,173.47833146634636,97510.97331460637
XAUCNH,3,2024-11-06 14:45:00+00:00,2024-11-06 15:00:00+00:00,-1.0234971943856148,0.023497194385616215,1,0.5221947639548473,0.16331685837290838,159.2518581862599,stop,-162.99383005433282,97347.97948455204
XAUSGD,3,2024-11-06 14:45:00+00:00,2024-11-06 15:00:00+00:00,-1.0256567721212773,0.025656772121269343,1,0.5046053431138889,0.15276320586833336,148.96088890880748,stop,-152.78274449052364,97195.19674006151
AUDJPY,1,2024-11-07 17:15:00+00:00,2024-11-07 21:15:00+00:00,0.7801117489795404,0.07226972938287217,-1,0.5186245527840058,0.16117473167040344,156.6540975423146,time,122.20770201854656,97317.40444208005
GBPJPY,2,2024-11-07 18:00:00+00:00,2024-11-07 22:00:00+00:00,-0.8699957509812462,0.03541240959661894,1,0.5084170839316084,0.15505025035896505,150.70139588235375,time,-131.10957408459043,97186.29486799547
XAUGBP,3,2024-11-11 11:30:00+00:00,2024-11-11 14:45:00+00:00,-1.0217780245521721,0.021778024552172075,1,0.5119325799634139,0.15715954797804835,152.73754171115462,stop,-156.06386364457856,97030.23100435089
US2000,9,2024-11-11 16:45:00+00:00,2024-11-11 18:30:00+00:00,-1.0257881843137908,0.0257881843137909,-1,0.5628389065782952,0.1877033439469771,182.12898823464286,stop,-186.82576415212208,96843.40524019876
XAUCNH,3,2024-11-12 08:30:00+00:00,2024-11-12 09:30:00+00:00,-1.056705087881855,0.056705087881825565,1,0.541348110548455,0.174808866329073,169.29085881486128,stop,-178.8905118415527,96664.51472835722
USDCHF,18,2024-11-13 15:45:00+00:00,2024-11-13 19:00:00+00:00,1.469010525272005,0.03098947472799505,1,0.5096303892005342,0.1557782335203205,150.58227348482467,target,221.20694466859499,96885.72167302581
USDCHF,18,2024-11-19 11:30:00+00:00,2024-11-19 15:30:00+00:00,1.4243800108781115,0.07561998912190011,-1,0.5288037714330994,0.16728226285985964,162.07262760274276,target,230.85301106783885,97116.57468409365
GER40,8,2024-11-19 16:15:00+00:00,2024-11-19 18:15:00+00:00,1.4946474716416502,0.005352528358341186,1,0.5212682846903447,0.16276097081420682,158.06787977733475,target,236.25575685694972,97352.8304409506
NAS100,9,2024-11-19 16:15:00+00:00,2024-11-19 18:30:00+00:00,1.492145556245841,0.007854443754159007,1,0.5633107287543629,0.18798643725261777,182.56598873040508,target,272.4150288057022,97625.2454697563
CADJPY,2,2024-11-20 17:30:00+00:00,2024-11-20 21:30:00+00:00,0.6099630859374575,0.05260120990399868,1,0.5389890307132092,0.17339341842792555,169.2757503686637,time,103.25195906924881,97728.49742882555
AUDCHF,12,2024-11-21 10:00:00+00:00,2024-11-21 14:00:00+00:00,-0.7501118464126221,0.17642723995296136,-1,0.5074892001797394,0.15449352010784365,150.98419582629583,time,-113.25503391038767,97615.24239491516
NAS100,9,2024-11-21 17:15:00+00:00,2024-11-21 17:15:00+00:00,-1.0048268097342443,0.004826809734255828,1,0.5217740624348368,0.16306443746090207,159.17574588736414,stop,-159.94405692706889,97455.29833798809
US2000,9,2024-11-21 17:30:00+00:00,2024-11-21 17:45:00+00:00,-1.0210796090209573,0.021079609020953616,-1,0.5072057459596172,0.15432344757577032,150.39637624043536,stop,-153.56667304975252,97301.73166493834
USDCHF,18,2024-11-21 17:15:00+00:00,2024-11-21 18:15:00+00:00,1.4519896232883591,0.048010376711657414,1,0.5166116232914688,0.15996697397488127,155.89629172947204,target,226.35979790032823,97528.09146283867
GBPNZD,16,2024-11-21 15:00:00+00:00,2024-11-21 19:00:00+00:00,-0.6738107305100445,0.12050228073440163,1,0.500366073758873,0.15021964425532378,146.6372698646133,time,-98.80576592747362,97429.28569691119
AUDJPY,1,2024-11-25 17:15:00+00:00,2024-11-25 21:15:00+00:00,0.2115113265719488,0.04467097343888792,1,0.5331461588720293,0.1698876953232176,165.52036804035544,time,35.009432618892774,97464.29512953009
USDCHF,18,2024-11-25 17:45:00+00:00,2024-11-25 21:45:00+00:00,-0.07302496710736057,0.03906063624865542,1,0.5019651477589174,0.15117908865535046,147.2927062000078,time,-10.756045025409696,97453.53908450468
AUDCAD,7,2024-11-26 10:45:00+00:00,2024-11-26 14:45:00+00:00,-0.1943440537203029,0.046403257943996995,-1,0.5982194069534855,0.2089316441720913,203.61128151314693,time,-39.57064183245074,97413.96844267222
USDCHF,18,2024-11-27 10:00:00+00:00,2024-11-27 10:00:00+00:00,-1.1473668014197724,0.147366801419803,1,0.5498076643103454,0.17988459858620726,175.23272609999526,stop,-201.05621244941864,97212.9122302228
EURJPY,2,2024-11-27 12:00:00+00:00,2024-11-27 16:00:00+00:00,1.0318384304656931,0.03016524094363318,1,0.5063250889005068,0.15379505334030405,149.50865021813388,time,154.26877098212358,97367.18100120492
GBPNZD,16,2024-11-27 17:00:00+00:00,2024-11-27 19:15:00+00:00,1.4565226141661418,0.043477385833813144,1,0.5035071596488819,0.15210429578932916,148.099664991804,target,215.7105112109922,97582.89151241592
EURCHF,13,2024-12-02 09:30:00+00:00,2024-12-02 09:45:00+00:00,-1.1141312010604958,0.11413120106048266,1,0.5079902971930016,0.15479417831580095,151.05263509344343,stop,-168.29245376001091,97414.5990586559
EURNZD,15,2024-12-02 09:30:00+00:00,2024-12-02 13:30:00+00:00,0.02133988155803064,0.08128394482354727,1,0.5222550565949443,0.16335303395696657,159.40461390846633,time,3.4016755806102754,97418.00073423651
AUDUSD,7,2024-12-02 10:15:00+00:00,2024-12-02 14:15:00+00:00,-0.6092191747800989,0.04137165957384579,1,0.5322021399299856,0.16932128395799131,164.94364988864524,time,-100.48683427037801,97317.51389996614
AUDUSD,7,2024-12-02 14:15:00+00:00,2024-12-02 14:45:00+00:00,-1.0494844342324257,0.04948443423239404,1,0.511152624083922,0.15669157445035323,152.48834474579803,stop,-160.03414421258293,97157.47975575356
CHFJPY,2,2024-12-02 11:00:00+00:00,2024-12-02 15:00:00+00:00,-0.7890128211473129,0.05579215694959145,1,0.5086740109598921,0.15520440657593523,151.19175038731325,time,-119.29222950729435,97038.18752624627
EURCHF,13,2024-12-02 17:15:00+00:00,2024-12-02 21:15:00+00:00,0.33654457073336685,0.09541368930186776,1,0.542892849286754,0.17573570957205237,170.5307474051074,time,57.39119718229208,97095.57872342855
GER40,8,2024-12-03 08:15:00+00:00,2024-12-03 09:00:00+00:00,1.3671135780367922,0.132886421963206,-1,0.5522366220025694,0.18134197320154163,176.07503834852128,target,240.71457567961232,97336.29329910818
NAS100,9,2024-12-03 10:15:00+00:00,2024-12-03 14:15:00+00:00,0.36078179636029944,0.03807245087219241,-1,0.5845229749795317,0.200713784987719,195.36735844738715,time,70.48498653081485,97406.77828563898
US2000,9,2024-12-03 16:30:00+00:00,2024-12-03 16:45:00+00:00,-1.0527966041174628,0.05279660411749109,1,0.5197107119123189,0.16182642714739132,157.6299090990303,stop,-165.95223300680345,97240.82605263218
DJ30,9,2024-12-04 16:00:00+00:00,2024-12-04 20:00:00+00:00,0.0015719108274892277,0.015326130568466035,1,0.5009489340321021,0.15056936041926122,146.4148898538544,time,0.23015115066691638,97241.05620378285
GBPCHF,14,2024-12-04 18:00:00+00:00,2024-12-04 22:00:00+00:00,-0.10419816890982872,0.04362092661236025,1,0.507439887605828,0.1544639325634968,150.20200397812476,time,-15.650773781107409,97225.40543000175
DJ30,9,2024-12-05 16:45:00+00:00,2024-12-05 20:45:00+00:00,0.6338840098652304,0.01293640836459654,-1,0.5440773184135063,0.17644639104810375,171.5507190631249,time,108.74325769499723,97334.14868769674
AU200,10,2024-12-05 17:45:00+00:00,2024-12-05 21:45:00+00:00,-0.1589676279020309,0.08891409696217481,1,0.5328606779090066,0.16971640674540395,165.00746453944953,time,-26.23084522396477,97307.91784247277
SP500,9,2024-12-06 15:45:00+00:00,2024-12-06 19:45:00+00:00,-0.12015373358618016,0.02843332626848538,1,0.5102195033728816,0.15613170202372895,151.9285083313043,time,-18.25477751418529,97289.66306495859
GBPNZD,16,2024-12-09 09:15:00+00:00,2024-12-09 09:30:00+00:00,1.4304740000306673,0.0695259999693546,-1,0.5141958036939009,0.15851748221634057,154.22112434733313,target,220.60930863435655,97510.27237359295
DJ30,9,2024-12-09 06:45:00+00:00,2024-12-09 10:45:00+00:00,0.06647306612913362,0.04249917342682314,1,0.532265597270656,0.1693593583623936,164.76914911974822,time,10.952710545478102,97521.22508413842
EURNZD,15,2024-12-10 10:15:00+00:00,2024-12-10 11:30:00+00:00,1.4501001601948509,0.04989983980514012,-1,0.6131593573714188,0.21789561442285127,212.4944725897748,target,308.1382687429528,97829.36335288138
NZDJPY,1,2024-12-11 11:15:00+00:00,2024-12-11 15:15:00+00:00,0.9089027920043385,0.020781410669224905,1,0.5046353389506135,0.1527812033703681,149.4648785801018,time,135.849045448044,97965.21239832942
EURNZD,15,2024-12-11 12:00:00+00:00,2024-12-11 16:00:00+00:00,0.9924797512642768,0.06591901613693114,-1,0.5697700929833419,0.19186205579000515,187.6974276951118,time,186.28589635178915,98151.49829468121
GBPJPY,2,2024-12-11 14:30:00+00:00,2024-12-11 18:30:00+00:00,0.09900972526148206,0.03267030173305842,-1,0.5125765458908782,0.15754592753452692,154.1261778954193,time,15.259990529027775,98166.75828521024
USDJPY,2,2024-12-11 15:45:00+00:00,2024-12-11 19:45:00+00:00,-0.5382573189086322,0.015340902481538885,-1,0.5373109858822899,0.1723865915293739,168.87889053799142,time,-90.90029884124363,98075.857986369
DJ30,9,2024-12-11 17:15:00+00:00,2024-12-11 21:15:00+00:00,0.01198626586870619,0.01198626586870619,1,0.5077587661815974,0.15465525970895846,151.79645459587292,time,1.8194726627131204,98077.6774590317
FR40,8,2024-12-12 13:30:00+00:00,2024-12-12 17:30:00+00:00,0.25114265162035454,0.055128874745931485,1,0.5202065781925538,0.16212394691553225,159.00740173966727,time,39.93354050016301,98117.61099953187
NZDCAD,7,2024-12-16 10:45:00+00:00,2024-12-16 14:45:00+00:00,-0.37628763043636787,0.14826243689257654,-1,0.5384523265052996,0.17307139590317977,169.8135189837414,time,-63.89872667445322,98053.71227285742
XAUUSD,3,2024-12-17 10:45:00+00:00,2024-12-17 11:30:00+00:00,-1.016104824785394,0.016104824785370064,1,0.5305547142048402,0.16833282852290413,165.05658734061063,stop,-167.71479475940626,97885.99747809801
NZDUSD,7,2024-12-17 10:45:00+00:00,2024-12-17 14:45:00+00:00,0.11140738637201383,0.06544894230763466,1,0.527488085648686,0.16649285138921158,163.25242145605338,time,18.187525593321382,97904.18500369132
GBPJPY,2,2024-12-17 11:15:00+00:00,2024-12-17 15:15:00+00:00,0.27226602749217993,0.0372396166134775,1,0.5884690579104134,0.203081434746248,199.1288857056764,time,54.21603067002884,97958.40103436136
GBPJPY,2,2024-12-17 17:15:00+00:00,2024-12-17 21:15:00+00:00,-0.18644765329604768,0.04278506573814654,1,0.5456842008660748,0.1774105205196449,173.78850916778146,time,-32.40245970415152,97925.9985746572
GBPUSD,6,2024-12-17 17:30:00+00:00,2024-12-17 21:30:00+00:00,-0.50539811300915,0.041230246335590394,-1,0.5120914194608454,0.1572548516765072,154.04433825126284,time,-77.85371787193148,97848.14485678528
US2000,9,2024-12-17 18:00:00+00:00,2024-12-17 22:00:00+00:00,-0.1850347138333119,0.02107990410759331,1,0.5367783744614506,0.17206702467687035,168.55410608086194,time,-31.188360784101988,97816.95649600118
NZDCNH,7,2024-12-17 18:00:00+00:00,2024-12-17 22:00:00+00:00,-0.8931595858650707,0.17982598732628158,1,0.5283995036785258,0.1670397022071155,163.62942137464893,time,-146.14718623032257,97670.80930977085
XAUAUD,3,2024-12-18 10:30:00+00:00,2024-12-18 11:15:00+00:00,-1.0740831759301206,0.07408317593014384,-1,0.529827584267701,0.1678965505606206,163.9859197357465,stop,-176.13451747759245,97494.67479229326
GBPCHF,14,2024-12-18 09:15:00+00:00,2024-12-18 12:30:00+00:00,-1.0647945544275332,0.06479455442748765,-1,0.5265935356745789,0.16595612140474733,162.09068687512232,stop,-172.59328070804867,97322.08151158522
JP225,11,2024-12-18 08:45:00+00:00,2024-12-18 12:45:00+00:00,0.9409688123521515,0.06709955039538275,1,0.529542446851774,0.1677254681110644,163.81882212267797,time,154.14840249370465,97476.22991407891
GBPJPY,2,2024-12-18 09:45:00+00:00,2024-12-18 13:45:00+00:00,0.9303172582569478,0.051234019950690525,1,0.5234480061667734,0.16406880370006408,160.2473283987116,time,149.0808551988901,97625.3107692778
EURGBP,20,2024-12-23 17:15:00+00:00,2024-12-23 21:15:00+00:00,0.593739487957177,0.057319981674469986,1,0.5042401275037514,0.1525440765022508,148.921628745447,time,88.42065159707052,97713.73142087487
EURCAD,4,2024-12-24 16:30:00+00:00,2024-12-24 20:15:00+00:00,-1.0823944077730132,0.08239440777303529,1,0.5070980116576865,0.15425880699461192,150.7320363597606,stop,-163.15151322804337,97550.57990764684
US2000,9,2024-12-26 08:45:00+00:00,2024-12-26 10:30:00+00:00,1.4166116333079732,0.0833883666919847,-1,0.5261983175263388,0.1657189905158033,161.65983626526412,target,229.00920469203533,97779.58911233887
GBPAUD,16,2024-12-30 07:30:00+00:00,2024-12-30 11:15:00+00:00,1.444032825904004,0.05596717409606121,1,0.5063483606607474,0.15380901639644842,150.39382425017695,target,217.17361903049314,97996.76273136937
USDCHF,18,2024-12-30 14:30:00+00:00,2024-12-30 15:15:00+00:00,-1.1127431815132804,0.11274318151324855,-1,0.5110346762906536,0.15662080577439214,153.48331942268965,stop,-170.78751716362274,97825.97521420574
USDCAD,17,2024-12-30 16:15:00+00:00,2024-12-30 16:30:00+00:00,-1.083951946351034,0.08395194635104203,-1,0.5155390329452502,0.1593234197671501,155.85968913183697,stop,-168.9444133921218,97657.03080081362
XAGSGD,3,2024-12-31 08:15:00+00:00,2024-12-31 10:30:00+00:00,1.2907073940671028,0.20929260593292287,1,0.5209114369011316,0.16254686214067895,158.73843922647865,target,204.8848772322874,97861.9156780459
XAUGBP,3,2025-01-03 08:00:00+00:00,2025-01-03 09:15:00+00:00,-1.059708948543201,0.05970894854317842,1,0.5545233184953736,0.18271399109722417,178.8074118995575,stop,-189.4838144558111,97672.4318635901
USDJPY,2,2025-01-06 14:15:00+00:00,2025-01-06 14:45:00+00:00,-1.0326205543549645,0.032620554354972596,1,0.506590982386703,0.15395458943202178,150.3711914638611,stop,-155.27638308842876,97517.15548050166
XAUSGD,3,2025-01-06 13:45:00+00:00,2025-01-06 15:30:00+00:00,-1.0277035409869069,0.027703540986906746,1,0.5302200149584194,0.16813200897505165,164.2186219070422,stop,-168.7680592298573,97348.38742127181
EURAUD,15,2025-01-06 17:30:00+00:00,2025-01-06 17:45:00+00:00,-1.0305712343807256,0.030571234380713602,-1,0.5011439976933858,0.15068639861603148,146.69077911589602,stop,-151.17529730573932,97197.21212396606
CHFSGD,19,2025-01-06 16:30:00+00:00,2025-01-06 20:30:00+00:00,-0.0013825206583254546,0.10262899874797327,1,0.5001614455193794,0.1500968673116276,146.11687989771525,time,-0.20200960498865067,97197.01011436108
NZDJPY,1,2025-01-07 10:15:00+00:00,2025-01-07 11:00:00+00:00,-1.0674778454316423,0.06747784543166832,-1,0.5766022303303316,0.19596133819819897,190.46856170874042,stop,-203.32096987531003,96993.68914448578
DJ30,9,2025-01-07 18:00:00+00:00,2025-01-07 19:45:00+00:00,-1.009236925223587,0.0092369252235873,1,0.5089025730592719,0.15534154383556312,150.67149414011092,stop,-152.06323546480928,96841.62590902096
EURJPY,2,2025-01-07 18:00:00+00:00,2025-01-07 20:15:00+00:00,-1.041551953364992,0.041551953365005244,1,0.5054046471841108,0.15324278831046648,148.63583373019597,stop,-154.81194296171978,96686.81396605924
GBPNZD,16,2025-01-08 13:45:00+00:00,2025-01-08 15:30:00+00:00,-1.0365828215833293,0.03658282158332934,1,0.525204665043664,0.16512279902619842,159.65197351001007,stop,-165.49249317235316,96521.32147288689
GBPCHF,14,2025-01-08 13:45:00+00:00,2025-01-08 15:30:00+00:00,-1.0312945844672257,0.0312945844672257,1,0.5339918826918745,0.17039512961512468,164.74962197820082,stop,-169.90539293914114,96351.41607994774
GER40,8,2025-01-08 15:30:00+00:00,2025-01-08 19:30:00+00:00,-0.019691127601396744,0.007573510615918999,1,0.5014259607618646,0.15085557645711878,145.35148415200194,time,-2.8621346214894667,96348.55394532626
EURCHF,13,2025-01-10 15:45:00+00:00,2025-01-10 18:30:00+00:00,-1.0381611050303239,0.0381611050303195,1,0.5547842440473589,0.18287054642841535,176.19312707569435,stop,-182.91685150365112,96165.6370938226
XAUSGD,3,2025-01-10 15:45:00+00:00,2025-01-10 19:45:00+00:00,1.046676772997915,0.01424343649852837,1,0.5527198627842974,0.18163191767057843,174.99972617876753,time,183.16814867231113,96348.80524249491
USDCHF,18,2025-01-14 09:15:00+00:00,2025-01-14 10:00:00+00:00,-1.1487136254423698,0.14871362544238456,1,0.5041679555424593,0.15250077332547557,146.93267308466082,stop,-168.78356359501925,96180.0216788999
XAUEUR,3,2025-01-14 09:45:00+00:00,2025-01-14 11:30:00+00:00,-1.03185678056766,0.03185678056768672,1,0.5434288417242976,0.17605730503457856,169.62910994295098,stop,-175.03294727629103,96004.98873162361
XAUGBP,3,2025-01-14 10:30:00+00:00,2025-01-14 14:00:00+00:00,1.4805986153884734,0.019401384611554707,1,0.522486297752394,0.16349177865143638,157.24642815017026,target,232.81884379392514,96237.80757541754
AUDCHF,12,2025-01-15 15:45:00+00:00,2025-01-15 19:45:00+00:00,0.46849871693568235,0.05896391032901432,1,0.5265646158538755,0.16593876951232528,159.6958336962869,time,74.81729318668452,96312.62486860421
XAUEUR,3,2025-01-16 13:45:00+00:00,2025-01-16 15:15:00+00:00,-1.0218844140042198,0.02188441400422425,-1,0.5649570119940365,0.18897420719642188,182.00601927550832,stop,-185.98911435259356,96126.63575425162
FR40,8,2025-01-20 10:00:00+00:00,2025-01-20 10:00:00+00:00,-1.1309996971038252,0.13099969710382683,-1,0.5808673387038983,0.19852040322233896,190.83098490340902,stop,-215.82978612378022,95910.80596812784
SP500,9,2025-01-20 15:45:00+00:00,2025-01-20 19:45:00+00:00,0.4424214262071567,0.02102462577274684,1,0.5523884117832308,0.18143304706993849,174.01389773731043,time,76.9874768168072,95987.79344494465
DJ30,9,2025-01-20 15:45:00+00:00,2025-01-20 19:45:00+00:00,0.3430827531858913,0.014189000396871872,1,0.5723506129165205,0.19341036774991227,185.5014425348605,time,63.64234562481435,96051.43579056946
GER40,8,2025-01-22 09:45:00+00:00,2025-01-22 10:15:00+00:00,-1.0281426713255186,0.028142671325543482,-1,0.6223244450462334,0.22339466702774005,214.5737851597058,stop,-220.61246467052786,95830.82332589893
FR40,8,2025-01-23 15:45:00+00:00,2025-01-23 18:15:00+00:00,-1.0811670806587261,0.0811670806587257,-1,0.5380060191617934,0.17280361149707602,165.5991236345354,stop,-179.0403210595941,95651.78300483934
GER40,8,2025-01-24 10:15:00+00:00,2025-01-24 14:15:00+00:00,-0.6140186379463679,0.018094851805884587,1,0.6014680525763207,0.21088083154579243,201.7112753889818,time,-123.85448257276732,95527.92852226658
FR40,8,2025-01-24 17:15:00+00:00,2025-01-24 20:00:00+00:00,0.24590842767062604,0.04992125975268348,1,0.536456099900983,0.17187365994058978,164.1873470166498,weekend,40.3750523482758,95568.30357461485
AUDUSD,7,2025-01-27 09:00:00+00:00,2025-01-27 13:00:00+00:00,1.163971759307061,0.047653210044598986,1,0.5077939159194343,0.1546763495516606,147.82156329766312,time,172.06012509510103,95740.36369970995
NAS100,9,2025-01-28 10:15:00+00:00,2025-01-28 10:45:00+00:00,-1.0160992244278955,0.01609922442790538,-1,0.5020413815245489,0.15122482891472935,144.78320120722574,stop,-147.11409845685003,95593.2496012531
GER40,8,2025-01-28 07:15:00+00:00,2025-01-28 11:15:00+00:00,-0.32130867869547447,0.053455647797280695,-1,0.5307878958126203,0.1684727374875722,161.2964116054589,time,-51.82593689127139,95541.42366436184
US2000,9,2025-01-28 16:45:00+00:00,2025-01-28 17:30:00+00:00,-1.0335511727619886,0.03355117276198871,-1,0.5157381704095932,0.15944290224575594,152.33401873737168,stop,-157.44500371755726,95383.97866064426
XAUUSD,3,2025-01-29 10:45:00+00:00,2025-01-29 14:15:00+00:00,1.4846752323813377,0.01532476761865166,-1,0.5828889329395314,0.1997333597637188,190.51362525521304,target,282.8508608475945,95666.82952149186
DJ30,9,2025-01-29 10:30:00+00:00,2025-01-29 14:30:00+00:00,0.07461637989875879,0.035926405136439424,1,0.5229295447976627,0.16375772687859763,156.1986352610374,time,11.654976708305226,95678.48449820017
EURCAD,4,2025-01-29 17:00:00+00:00,2025-01-29 21:00:00+00:00,-0.10547216745424574,0.04253001345636959,1,0.5034334647780194,0.15206007886681164,145.48877898653305,time,-15.345016859981364,95663.13948134019
AUDJPY,1,2025-02-03 17:30:00+00:00,2025-02-03 21:30:00+00:00,0.2903721153417234,0.01442869009813959,1,0.5162464885721257,0.15974789314327545,152.8198498361536,time,44.374623063128446,95707.51410440332
XAUGBP,3,2025-02-04 07:30:00+00:00,2025-02-04 09:15:00+00:00,1.4646258193541044,0.03537418064587359,-1,0.5692671512007632,0.1915602907204579,183.3375922597179,target,268.52097128179804,95976.03507568511
XAUCNH,3,2025-02-04 10:00:00+00:00,2025-02-04 14:00:00+00:00,0.005030485253313627,0.03373384228702778,1,0.5681060614677899,0.1908636368806739,183.1833510793235,time,0.9215011462571098,95976.95657683138
NZDCNH,7,2025-02-05 15:15:00+00:00,2025-02-05 17:15:00+00:00,-1.1569473841019766,0.15694738410201925,-1,0.5005212345282773,0.1503127407169664,144.26559388736771,stop,-166.90770146390818,95810.04887536747
EURUSD,6,2025-02-05 17:15:00+00:00,2025-02-05 21:15:00+00:00,0.4296624642393454,0.03593059214998771,-1,0.5523406827334733,0.18140440964008395,173.80365353823592,time,74.67690607303987,95884.7257814405
XAUSGD,3,2025-02-06 08:45:00+00:00,2025-02-06 10:00:00+00:00,1.4581847264301588,0.041815273569847655,-1,0.5730687291524094,0.1938412374914456,185.86413902002312,target,271.0242487100894,96155.7500301506
XAUAUD,3,2025-02-06 10:15:00+00:00,2025-02-06 14:15:00+00:00,1.0146927907327616,0.021869875407513756,1,0.5322385332602259,0.16934311995613552,162.83314711827944,time,165.2256204732453,96320.97565062383
XAUSGD,3,2025-02-06 17:15:00+00:00,2025-02-06 21:15:00+00:00,0.2466928861496506,0.02443655947708625,1,0.5416414371436876,0.17498486228621257,168.54712659498014,time,41.57937711194618,96362.55502773578
XAUCNH,3,2025-02-06 17:15:00+00:00,2025-02-06 21:15:00+00:00,0.43874602275961766,0.026901930046576237,1,0.5345033674103228,0.17070202044619368,164.42185154910084,time,72.13943342194027,96434.69446115772
AU200,10,2025-02-07 07:45:00+00:00,2025-02-07 07:45:00+00:00,-1.808185097670184,0.8081850976701839,1,0.5272759456177897,0.1663655673706738,160.43412658248047,stop,-290.0945968441731,96144.59986431355
USDCHF,18,2025-02-07 15:45:00+00:00,2025-02-07 19:45:00+00:00,0.45726191775019426,0.02700335272801186,1,0.6128194444810409,0.21769166668862452,209.29878187573283,time,95.7043623832772,96240.30422669683
AUDCAD,7,2025-02-07 15:45:00+00:00,2025-02-07 19:45:00+00:00,0.5282541055818826,0.053664290689365395,-1,0.5627284401654268,0.18763706409925607,180.40290447537495,time,95.298574948013,96335.60280164484
GER40,8,2025-02-11 10:15:00+00:00,2025-02-11 10:30:00+00:00,1.482291720884173,0.01770827911577551,1,0.5409716427881349,0.17458298567288094,168.1855716370788,target,249.3000804098139,96584.90288205465
XAUEUR,3,2025-02-11 11:15:00+00:00,2025-02-11 14:15:00+00:00,-1.0130273211930438,0.013027321193045576,1,0.5845908775584225,0.20075452653505352,193.8985644852097,stop,-196.42454336362866,96388.47833869103
XAGSGD,3,2025-02-11 11:15:00+00:00,2025-02-11 14:45:00+00:00,-1.14925118657633,0.14925118657633688,1,0.5052099605966404,0.15312597635798422,147.89657555255678,stop,-169.9703149443517,96218.50802374668
GER40,8,2025-02-11 17:45:00+00:00,2025-02-11 21:30:00+00:00,-1.017636269945665,0.01763626994568354,-1,0.5529536070999352,0.18177216425996115,174.89846445340837,stop,-177.98302098559097,96040.52500276109
EURJPY,2,2025-02-12 09:30:00+00:00,2025-02-12 09:45:00+00:00,-1.0451918077801838,0.04519180778013491,-1,0.5710253312463688,0.19261519874782126,184.9886481125189,stop,-193.34861953953592,95847.17638322155
CNHJPY,2,2025-02-12 10:15:00+00:00,2025-02-12 14:15:00+00:00,-0.0723150712913871,0.15567033946413641,-1,0.5817839109449593,0.19907034656697556,190.80330620073914,time,-13.797954690538814,95833.37842853101
AUDJPY,1,2025-02-12 10:15:00+00:00,2025-02-12 14:15:00+00:00,0.6191318979646471,0.04477623019694842,-1,0.6487717551765019,0.23926305310590112,229.32688053029366,time,141.9835867970326,95975.36201532805
USDJPY,2,2025-02-12 10:15:00+00:00,2025-02-12 14:15:00+00:00,-0.009257747155488156,0.03487054880314215,-1,0.5955245120626761,0.20731470723760564,198.70529311438688,time,-1.8395633621101553,95973.52245196594
FR40,8,2025-02-12 17:45:00+00:00,2025-02-12 19:00:00+00:00,-1.06768847009234,0.06768847009234628,-1,0.5254732027379782,0.16528392164278688,158.62880164732957,stop,-169.36614254341856,95804.15630942251
USDJPY,2,2025-02-12 15:45:00+00:00,2025-02-12 19:45:00+00:00,0.04166611093402234,0.01949741605988284,1,0.6462066594958173,0.2377239956974904,228.15209238444106,time,9.506210391119435,95813.66251981363
EURNZD,15,2025-02-13 08:30:00+00:00,2025-02-13 10:00:00+00:00,-1.071135014279668,0.07113501427966183,-1,0.5473087585534953,0.17838525513209716,170.9174463373758,stop,-183.0756613232294,95630.58685849041
FR40,8,2025-02-13 10:00:00+00:00,2025-02-13 10:15:00+00:00,-1.081863861062919,0.0818638610629089,1,0.5542469614976789,0.18254817689860736,174.57189286761314,stop,-188.86302205081822,95441.72383643959
NAS100,9,2025-02-13 10:45:00+00:00,2025-02-13 14:45:00+00:00,0.5445114442327883,0.01893168928623933,1,0.5012892030849433,0.15077352185096596,143.90084834347257,time,78.3556587578277,95520.07949519741
FR40,8,2025-02-13 17:15:00+00:00,2025-02-13 20:30:00+00:00,1.4646620980208178,0.035337901979188166,-1,0.573064574633203,0.19383874477992183,185.15492310627383,target,271.18939813571825,95791.26889333314
GER40,8,2025-02-13 17:15:00+00:00,2025-02-13 21:15:00+00:00,0.28653894095262994,0.007688880347566898,-1,0.5733391849057794,0.19400351094346763,185.31230787667394,time,53.09919244446986,95844.3680857776
XAUUSD,3,2025-02-17 11:30:00+00:00,2025-02-17 15:30:00+00:00,0.6054758583660436,0.009097300042227809,-1,0.5146131068693797,0.1587678641216278,152.1700560906599,time,92.1352953291013,95936.5033811067
CADJPY,2,2025-02-18 10:15:00+00:00,2025-02-18 14:15:00+00:00,0.4612954915994157,0.08468841022900614,-1,0.5400795142558078,0.17404770855348467,166.97528580115224,time,77.02494654859545,96013.5283276553
GBPCAD,5,2025-02-18 12:00:00+00:00,2025-02-18 15:30:00+00:00,-1.1732710473402643,0.1732710473403127,1,0.5144189688608111,0.15865138131648662,152.20458780086338,stop,-178.5772361391122,95834.95109151618
SP500,9,2025-02-18 17:15:00+00:00,2025-02-18 21:00:00+00:00,-1.054400382405451,0.0544003824054866,1,0.5391634044809832,0.17349804268858993,166.27176435534773,stop,-175.3170119195077,95659.63407959668
NZDCHF,12,2025-02-19 10:00:00+00:00,2025-02-19 14:00:00+00:00,1.0671684986169772,0.05163774628320503,-1,0.5241162244371824,0.16446973466230944,157.3311463496485,time,167.8988432356423,95827.53292283232
CHFJPY,2,2025-02-21 09:15:00+00:00,2025-02-21 09:45:00+00:00,-1.054332494154358,0.05433249415438522,-1,0.5063550630493121,0.15381303782958725,147.39523946575596,stop,-155.40359045240933,95672.12933237992
FR40,8,2025-02-24 10:30:00+00:00,2025-02-24 14:30:00+00:00,0.347202105829422,0.04834459701422332,1,0.5903989184261501,0.20423935105569005,195.40013608961286,time,67.84333872966923,95739.97267110959
XAUUSD,3,2025-02-24 16:15:00+00:00,2025-02-24 16:30:00+00:00,1.489193041617758,0.010806958382246483,-1,0.5061253335875592,0.1536752001525355,147.12859462831014,target,219.1028793434793,95959.07555045305
GER40,8,2025-02-24 17:15:00+00:00,2025-02-24 21:15:00+00:00,0.35148534755469896,0.0058128778537158,1,0.5295775720728811,0.16774654324372867,160.9680321645227,time,56.57790473054322,96015.65345518361
EURAUD,15,2025-02-25 10:30:00+00:00,2025-02-25 11:45:00+00:00,-1.1837671539868617,0.18376715398689078,-1,0.5072517163170559,0.15435102979023355,148.20114986789756,stop,-175.43565339670147,95840.2178017869
XAUUSD,3,2025-02-25 08:45:00+00:00,2025-02-25 12:45:00+00:00,0.31023660602945186,0.008863903029411604,1,0.5963468895215494,0.2078081337129296,199.52833751749068,time,61.90099423812526,95902.11879602502
XAUSGD,3,2025-02-25 08:45:00+00:00,2025-02-25 12:45:00+00:00,0.7271832540244607,0.04315153375529756,1,0.6458289433802474,0.23749736602814844,228.03464793077555,time,165.8229773126236,96067.94177333765
GBPJPY,2,2025-02-25 10:15:00+00:00,2025-02-25 14:15:00+00:00,0.896115286649125,0.02915818234176712,1,0.5015664202417298,0.15093985214503788,144.92588536134582,time,129.87030130346065,96197.81207464112
EURUSD,6,2025-02-25 10:15:00+00:00,2025-02-25 14:15:00+00:00,0.8219597993902819,0.03942762140303114,1,0.5552001737755874,0.18312010426535244,175.82396471819135,time,144.52023076776857,96342.33230540888
XAUUSD,3,2025-02-27 07:45:00+00:00,2025-02-27 10:00:00+00:00,-1.017804905275686,0.0178049052756816,1,0.6000287963949498,0.21001727783696986,202.3355437124669,stop,-205.93810890217176,96136.3941965067
XAUUSD,3,2025-02-27 11:15:00+00:00,2025-02-27 15:15:00+00:00,0.0992097460713023,0.009374149235084622,1,0.5880035256723196,0.20280211540339177,194.96664110305875,time,19.34259095620919,96155.73678746291
USDCHF,18,2025-02-27 15:45:00+00:00,2025-02-27 19:45:00+00:00,0.2896275415730927,0.03973527071049617,1,0.559659503913901,0.18579570234834056,178.65322651248803,time,51.74289478891277,96207.47968225183
EURJPY,2,2025-02-27 17:15:00+00:00,2025-02-27 21:15:00+00:00,0.16307315311741363,0.027574722056278436,1,0.5095206013810752,0.15571236082864515,149.72636782393622,time,24.416350905866945,96231.8960331577
USDCHF,18,2025-03-03 09:30:00+00:00,2025-03-03 11:00:00+00:00,1.3839993901007144,0.11600060989923786,-1,0.5031201555920594,0.1518720933552356,146.14939498099022,target,202.27067351727888,96434.16670667498
EURNZD,15,2025-03-04 07:15:00+00:00,2025-03-04 10:45:00+00:00,-1.0906962211521238,0.0906962211521158,-1,0.5268855194667507,0.16613131168005038,160.20734605752526,stop,-174.7375469457534,96259.42915972922
SP500,9,2025-03-04 10:15:00+00:00,2025-03-04 14:00:00+00:00,-1.0344577560009245,0.03445775600093772,1,0.5297882417661914,0.16787294505971487,161.88687569428998,stop,-167.46513415671583,96091.96402557251
DJ30,9,2025-03-04 10:15:00+00:00,2025-03-04 14:15:00+00:00,-1.0218425939337479,0.02184259393373412,1,0.5361990167574835,0.1717194100544901,165.59618215966543,stop,-169.21323232355795,95922.75079324895
GBPNZD,16,2025-03-04 11:45:00+00:00,2025-03-04 15:45:00+00:00,-0.6509552502684767,0.05946489605945171,1,0.5269065523450004,0.16614393140700023,159.92919995591018,time,-104.10675238253675,95818.6440408664
XAUSGD,3,2025-03-04 15:30:00+00:00,2025-03-04 16:45:00+00:00,1.4718039464249129,0.028196053575076055,-1,0.5112409025044816,0.15674454150268896,150.3536759276447,target,221.2911335897999,96039.93517445622
XAUGBP,3,2025-03-05 11:45:00+00:00,2025-03-05 15:30:00+00:00,-1.0231271692698856,0.023127169269858795,1,0.5175631481586321,0.16053788889517928,154.1804844253704,stop,-157.7462425867889,95882.18893186943
XAUEUR,3,2025-03-05 11:45:00+00:00,2025-03-05 15:30:00+00:00,-1.015976688648565,0.01597668864857246,1,0.579019064449214,0.1974114386695284,189.59381772517605,stop,-192.622899120664,95689.56603274876
EURJPY,2,2025-03-05 17:15:00+00:00,2025-03-05 21:15:00+00:00,-0.8452390829718203,0.03395053364663569,-1,0.5231736701704627,0.1639042021022776,156.8392197011086,time,-132.56663823418086,95556.99939451458
EURUSD,6,2025-03-06 11:45:00+00:00,2025-03-06 15:15:00+00:00,1.4706728623116252,0.029327137688394372,1,0.5481143937065633,0.178868636223938,170.92150163348455,target,251.36961403791784,95808.3690085525
EURUSD,6,2025-03-06 17:15:00+00:00,2025-03-06 20:30:00+00:00,1.4794809985705628,0.020519001429447778,-1,0.6204611710746719,0.22227670264480315,212.95968348997553,target,315.06980518502,96123.43881373752
EURCAD,4,2025-03-06 17:30:00+00:00,2025-03-06 20:45:00+00:00,-1.046950020139132,0.046950020139143234,1,0.5044411406696654,0.15266468440179923,146.26554417741758,stop,-153.13271442220844,95970.3060993153
GBPCAD,5,2025-03-06 17:30:00+00:00,2025-03-06 21:30:00+00:00,0.6430647618180034,0.06010198910593409,1,0.5126565194114806,0.15759391164688835,150.98815640566266,time,97.09516283634692,96067.40126215166
EURUSD,6,2025-03-10 08:15:00+00:00,2025-03-10 10:45:00+00:00,-1.0609812128083325,0.060981212808342455,1,0.5097403245830149,0.15584419474980893,149.71546791406772,stop,-158.84529872363456,95908.55596342802
AUDUSD,7,2025-03-11 08:30:00+00:00,2025-03-11 12:00:00+00:00,1.4644800288523148,0.03551997114765768,1,0.5363875869092857,0.1718325521455714,164.80211943792162,target,241.34941262937008,96149.90537605739
XAGEUR,3,2025-03-11 09:00:00+00:00,2025-03-11 12:30:00+00:00,1.4713549059838669,0.028645094016138784,1,0.51645377923647,0.15987226754188197,153.33118318540693,target,225.6045886201595,96375.50996467755
NZDCNH,7,2025-03-11 08:30:00+00:00,2025-03-11 12:30:00+00:00,0.4283150910354613,0.071493068410318,1,0.5053749034879358,0.15322494209276147,146.955829336966,time,62.9433994206543,96438.45336409821
EURCAD,4,2025-03-11 16:45:00+00:00,2025-03-11 17:00:00+00:00,-1.0889416038094746,0.08894160380946066,-1,0.5476445624334979,0.17858673746009873,172.2262875199214,stop,-187.54436975009492,96250.90899434811
AUDUSD,7,2025-03-12 15:45:00+00:00,2025-03-12 19:45:00+00:00,-0.7539595208975728,0.026524087610534156,-1,0.5238394189394927,0.16430365136369562,158.14375794846134,time,-119.23399197576363,96131.67500237234
EURUSD,6,2025-03-12 15:45:00+00:00,2025-03-12 19:45:00+00:00,-0.3604608090692708,0.024766717467339053,-1,0.5084263327060958,0.15505579962365748,149.24261658622498,time,-53.79611432228563,96077.87888805007
XAUSGD,3,2025-03-13 11:30:00+00:00,2025-03-13 12:15:00+00:00,-1.0480787501260596,0.04807875012607916,-1,0.5000546174698812,0.15003277048192873,144.1483035160133,stop,-151.0787737818551,95926.8001142682
XAUGBP,3,2025-03-13 11:30:00+00:00,2025-03-13 12:15:00+00:00,-1.0032883447487837,0.0032883447487980335,-1,0.54645999156812,0.17787599494087197,170.89948299020463,stop,-171.46145940766533,95755.33865486053
USDCHF,18,2025-03-13 15:45:00+00:00,2025-03-13 19:45:00+00:00,0.18755329667015294,0.02313613789274822,1,0.5338565370548732,0.17031392223292394,163.08467301051175,time,30.587068059495394,95785.92572292003
NZDCNH,7,2025-03-17 15:45:00+00:00,2025-03-17 16:00:00+00:00,-1.1033291513304813,0.10332915133041841,-1,0.5081831389040071,0.15490988334240427,148.38186579581708,stop,-163.71403806133222,95622.2116848587
XAUGBP,3,2025-03-18 08:00:00+00:00,2025-03-18 11:30:00+00:00,-1.0226680769767573,0.022668076976776187,-1,0.5381802230428973,0.17290813382573836,165.3385817471859,stop,-169.086489445459,95453.12519541325
AUDUSD,7,2025-03-18 11:45:00+00:00,2025-03-18 13:45:00+00:00,1.4463386845016584,0.05366131549831245,-1,0.5229937866563854,0.16379627199383123,156.34866057169097,target,226.13311605485583,95679.2583114681
XAUEUR,3,2025-03-18 12:15:00+00:00,2025-03-18 14:30:00+00:00,-1.021330501941512,0.021330501941503772,-1,0.5048730475689329,0.15292382854135975,145.97057351120287,stop,-149.0841991128872,95530.17411235522
NZDUSD,7,2025-03-18 11:45:00+00:00,2025-03-18 14:30:00+00:00,1.426796811046956,0.07320318895306555,-1,0.5139913722274526,0.15839482333647156,151.1928090224155,target,215.72141776641388,95745.89553012163
CADJPY,2,2025-03-18 15:45:00+00:00,2025-03-18 18:00:00+00:00,1.457079155494617,0.04292084450538078,-1,0.5187374551237663,0.1612424730742598,154.38304981986494,target,224.9483238542122,95970.84385397584
EURAUD,15,2025-03-19 10:15:00+00:00,2025-03-19 11:30:00+00:00,-1.0818660017610804,0.08186600176108048,-1,0.5236764780697369,0.16420588684184215,157.58977526002025,stop,-170.49102007898531,95800.35283389686
CHFSGD,19,2025-03-20 12:30:00+00:00,2025-03-20 16:30:00+00:00,0.09297615159735144,0.036731204721523844,1,0.5111544888008476,0.15669269328050853,150.11215302766263,time,13.95685029650478,95814.30968419336
AUDCAD,7,2025-03-20 17:00:00+00:00,2025-03-20 21:00:00+00:00,-0.479129368208102,0.10354754047991316,1,0.5012392364972336,0.15074354189834013,144.43388406339704,time,-69.20251561913767,95745.10716857422
USDCAD,17,2025-03-26 17:00:00+00:00,2025-03-26 20:15:00+00:00,1.425628308664817,0.07437169133521392,1,0.5024848993015494,0.15149093958092963,145.04516245244076,target,206.78048962708672,95951.8876582013
XAUSGD,3,2025-03-28 17:15:00+00:00,2025-03-28 20:00:00+00:00,-0.30875450350355416,0.028178772154887063,-1,0.5348858112370872,0.17093148674225234,164.01198813141883,weekend,-50.63943996414704,95901.24821823716
JP225,11,2025-03-31 07:30:00+00:00,2025-03-31 11:30:00+00:00,0.6285294577013671,0.04025932473200917,1,0.5805019662301469,0.19830117973808817,190.1733066003161,time,119.5295252667725,96020.77774350393
EURUSD,6,2025-03-31 10:15:00+00:00,2025-03-31 14:15:00+00:00,0.6562261885606736,0.0462334500772786,-1,0.5212859512055172,0.16277157072331033,156.09996806808493,time,102.43688707976223,96123.2146305837
EURCAD,4,2025-03-31 17:00:00+00:00,2025-03-31 21:00:00+00:00,-0.49271772978537687,0.08394993889141666,-1,0.5025477209207272,0.15152863255243632,145.65419269516656,time,-71.7664031584843,96051.44822742521
XAUGBP,3,2025-04-01 08:45:00+00:00,2025-04-01 08:45:00+00:00,1.4869533454844581,0.013046654515513829,-1,0.5276713014569399,0.1666027808741639,160.02438381679787,target,237.94879287547656,96289.39702030069
USDJPY,2,2025-04-01 11:30:00+00:00,2025-04-01 14:00:00+00:00,-1.0411405883937694,0.04114058839378446,1,0.5058170867602828,0.15349025205616967,147.79483818982513,stop,-153.8752047945165,96135.52181550617
GBPJPY,2,2025-04-02 10:30:00+00:00,2025-04-02 14:30:00+00:00,-0.2911042974485511,0.04769068059250496,1,0.5015192764162218,0.15091156584973311,145.07962130959183,time,-42.233301235430574,96093.28851427074
EURAUD,15,2025-04-03 09:30:00+00:00,2025-04-03 13:00:00+00:00,-1.0385756031610258,0.038575603161016235,-1,0.5464833488578319,0.17789000931469914,170.94035988883653,stop,-177.53448737611123,95915.75402689463
CHFSGD,19,2025-04-03 15:15:00+00:00,2025-04-03 16:15:00+00:00,-1.045366169348319,0.045366169348320946,-1,0.537188337498313,0.17231300249898776,165.27531563328554,stop,-172.77322359140203,95742.98080330323
AUDCAD,7,2025-04-04 18:00:00+00:00,2025-04-04 19:45:00+00:00,-1.0257247056111432,0.025724705611142505,1,0.5193285018979523,0.16159710113877138,154.71788152198803,stop,-158.6979534769209,95584.28284982631
FR40,8,2025-04-04 18:00:00+00:00,2025-04-04 20:00:00+00:00,-0.12945126711767363,0.01485506343973245,1,0.5111972524491816,0.15671835146950894,150.0468211627049,weekend,-19.423751126491116,95564.85909869982
EURNZD,15,2025-04-07 08:15:00+00:00,2025-04-07 09:00:00+00:00,-1.0386726649569493,0.03867266495694868,-1,0.5096904659401228,0.15581427956407368,148.9036967210609,stop,-154.66219949520567,95410.19689920462
AUDCHF,12,2025-04-07 08:30:00+00:00,2025-04-07 10:30:00+00:00,1.4894155216439309,0.01058447835605823,-1,0.5140929878397761,0.15845579270386564,151.4280550311767,target,225.53929557578593,95635.7361947804
GBPAUD,16,2025-04-07 08:30:00+00:00,2025-04-07 12:30:00+00:00,-0.3373709971019057,0.016223944935344646,1,0.50848554960743,0.15509132976445797,148.21281076370383,time,-50.00270375062682,95585.73349102976
NZDCNH,7,2025-04-07 08:30:00+00:00,2025-04-07 12:30:00+00:00,-0.2287785972387276,0.03151099029392462,-1,0.5033603547895297,0.1520162128737178,145.27407963994767,time,-33.235600155174424,95552.4978908746
GBPJPY,2,2025-04-09 10:45:00+00:00,2025-04-09 14:30:00+00:00,-1.0217050988666603,0.021705098866660003,1,0.5047020966643846,0.15282125799863075,146.02452932594935,stop,-149.19400617192662,95403.30388470266
DJ30,9,2025-04-09 17:15:00+00:00,2025-04-09 20:15:00+00:00,-1.0046855945778725,0.004685594577871986,-1,0.5086857771200995,0.15521146627205973,148.0768668314356,stop,-148.77069499576933,95254.5331897069
GBPCAD,5,2025-04-09 17:15:00+00:00,2025-04-09 20:15:00+00:00,-1.0584833114722567,0.05848331147224797,1,0.5089292815496324,0.1553575689297794,148.21625359396353,stop,-156.8844309181503,95097.64875878875
XAUGBP,3,2025-04-10 06:30:00+00:00,2025-04-10 10:30:00+00:00,0.6661901058550803,0.0046298926275642775,-1,0.5200427878962656,0.16202567273775934,154.0826051592186,time,102.64830704144637,95200.2970658302
XAUUSD,3,2025-04-11 11:30:00+00:00,2025-04-11 15:30:00+00:00,-0.29344435962496096,0.004804000430422256,-1,0.5065026127410875,0.15390156764465251,146.51474958667848,time,-42.99392686807438,95157.30313896212
XAGUSD,3,2025-04-14 16:45:00+00:00,2025-04-14 20:45:00+00:00,0.8654178437804654,0.08741594381620811,1,0.5607612798141051,0.18645676788846302,177.42723184273535,time,153.54869240927675,95310.8518313714
GBPAUD,16,2025-04-15 08:00:00+00:00,2025-04-15 11:00:00+00:00,1.4541849654565335,0.04581503454346808,1,0.523226858011804,0.1639361148070824,156.24890748188488,target,227.21481212916586,95538.06664350056
USDCHF,18,2025-04-15 11:45:00+00:00,2025-04-15 15:45:00+00:00,1.0346112362704631,0.045308193872187,1,0.5100655378285822,0.15603932269714932,149.0769521084691,time,154.23668972037584,95692.30333322095
XAGEUR,3,2025-04-16 09:15:00+00:00,2025-04-16 10:30:00+00:00,1.4345676402818754,0.06543235971812611,1,0.5004132470476632,0.1502479482285979,143.7757223708504,target,206.2559987713729,95898.5593319923
AUDUSD,7,2025-04-21 12:45:00+00:00,2025-04-21 16:45:00+00:00,0.43494548586082615,0.03576125979519606,-1,0.5362922663914892,0.1717753598348935,164.7300953690083,time,71.64861136617354,95970.20794335849
GBPAUD,16,2025-04-23 11:45:00+00:00,2025-04-23 15:45:00+00:00,-0.5349714288830913,0.02195834922000459,1,0.5039126642039418,0.15234759852236504,146.20830709862636,time,-78.21726696312997,95891.99067639536
NZDCNH,7,2025-04-28 06:15:00+00:00,2025-04-28 08:45:00+00:00,1.440879715794641,0.05912028420533734,1,0.5225781535186322,0.16354689211117934,156.82837053478613,target,225.97081796469928,96117.96149436006
GBPAUD,16,2025-04-28 10:30:00+00:00,2025-04-28 10:45:00+00:00,-1.0487465428964562,0.04874654289643576,-1,0.5498799506523,0.17992797039138,172.94309729836982,stop,-181.3734754094708,95936.58801895058
GER40,8,2025-05-02 11:00:00+00:00,2025-05-02 15:00:00+00:00,-0.7420916488260252,0.013742437941222829,-1,0.5142736359971131,0.15856418159826782,152.12106564555054,time,-112.88777242607861,95823.7002465245
NZDUSD,7,2025-05-05 12:00:00+00:00,2025-05-05 14:00:00+00:00,-1.0438005460484046,0.043800546048406316,-1,0.5054716965027762,0.15328301790166574,146.88145960291834,stop,-153.31494773791283,95670.3852987866
EURJPY,2,2025-05-06 09:45:00+00:00,2025-05-06 10:30:00+00:00,1.4085047342648245,0.09149526573515246,-1,0.5070058299715475,0.1542034979829285,147.527080664474,target,207.79259154818027,95878.17789033477
GBPCHF,14,2025-05-08 14:15:00+00:00,2025-05-08 18:15:00+00:00,-0.03902134167427301,0.0183916656345602,1,0.5493262189066311,0.1795957313439787,172.1931147814272,time,-6.71920636584338,95871.45868396893
GBPCAD,5,2025-05-08 14:15:00+00:00,2025-05-08 18:15:00+00:00,-0.08161477805637149,0.018382637212367926,1,0.586878343463188,0.2021270060779128,193.79569045178857,time,-15.816592264503996,95855.64209170443
SP500,9,2025-05-12 07:45:00+00:00,2025-05-12 10:00:00+00:00,-1.043319492395435,0.04331949239543055,-1,0.5949977699139946,0.20699866194839672,198.4198965318719,stop,-207.01534573078732,95648.62674597364
US2000,9,2025-05-12 10:00:00+00:00,2025-05-12 10:00:00+00:00,-1.0652852902503613,0.06528529025039037,-1,0.5490578950926439,0.17943473705558635,171.62686189891664,stop,-182.8315713927461,95465.7951745809
NZDCAD,7,2025-05-12 10:15:00+00:00,2025-05-12 13:45:00+00:00,1.4388106729988532,0.06118932700112689,-1,0.5631463505537221,0.18788781033223326,179.36859216977442,target,258.07744481464994,95723.87261939554
NAS100,9,2025-05-12 13:45:00+00:00,2025-05-12 16:30:00+00:00,1.4899827002020252,0.010017299797965114,-1,0.5274905998605103,0.16649435991630615,159.3748490047625,target,237.46576786440608,95961.33838725995
SP500,9,2025-05-12 13:45:00+00:00,2025-05-12 17:30:00+00:00,1.4852137978212594,0.01478620217875678,-1,0.5411941423223955,0.1747164853934373,167.24538592309835,target,248.3951547949271,96209.73354205488
JP225,11,2025-05-12 18:00:00+00:00,2025-05-12 22:00:00+00:00,-0.6192788342072671,0.04737652283552864,-1,0.5250324286288895,0.1650194571773337,158.76478004285775,time,-98.31966789811415,96111.41387415676
AUDUSD,7,2025-05-13 10:00:00+00:00,2025-05-13 14:00:00+00:00,0.07851318277828995,0.0391572579254284,-1,0.5227218018576448,0.16363308111458688,157.27006782507488,time,12.34777358070416,96123.76164773747
AU200,10,2025-05-13 10:15:00+00:00,2025-05-13 14:15:00+00:00,0.26082611595188077,0.09389740174267708,1,0.5305474272538008,0.16832845635228047,161.7828593527192,time,42.19719483255916,96165.95884257002
NZDCAD,7,2025-05-13 13:00:00+00:00,2025-05-13 15:15:00+00:00,-1.1298970102083845,0.12989701020839067,-1,0.5644813892469267,0.18868883354815602,181.35150574578657,stop,-204.9085241389529,95961.05031843107
FR40,8,2025-05-14 09:00:00+00:00,2025-05-14 09:00:00+00:00,-1.190695135518014,0.19069513551801381,-1,0.5413776184312651,0.17482657105875904,167.76541382368305,stop,-199.75746214802598,95761.29285628305
XAUSGD,3,2025-05-14 07:30:00+00:00,2025-05-14 11:30:00+00:00,-0.11641330429193325,0.011854096259495952,1,0.5325483630999402,0.16952901785996413,162.68182613294184,time,-18.938328928381537,95742.35452735466
GER40,8,2025-05-14 17:00:00+00:00,2025-05-14 20:15:00+00:00,-1.0320260716839444,0.03202607168396358,1,0.5083293323791417,0.154997599427485,148.3983511527514,stop,-153.15096738454855,95589.20355997012
AU200,10,2025-05-16 07:15:00+00:00,2025-05-16 11:15:00+00:00,0.5799370700939805,0.10480790423386109,1,0.595253444515875,0.20715206670952502,198.0150107256525,time,114.83624515486305,95704.03980512498
EURJPY,2,2025-05-20 08:15:00+00:00,2025-05-20 08:45:00+00:00,-1.106027767785805,0.1060277677857846,1,0.5042777658209748,0.15256665949258488,146.0124565301326,stop,-161.49383136494444,95542.54597376003
EURGBP,20,2025-05-21 13:30:00+00:00,2025-05-21 16:15:00+00:00,1.4246231005033776,0.07537689949658051,-1,0.5382497184930011,0.17294983109580064,165.24067188624528,target,235.40567831184404,95777.95165207188
XAUEUR,3,2025-05-26 10:15:00+00:00,2025-05-26 14:15:00+00:00,0.1392702248074501,0.01216924294434159,1,0.5129494373829643,0.15776966242977855,151.10855100362997,time,21.044921868603588,95798.99657394049
XAUAUD,3,2025-05-27 10:00:00+00:00,2025-05-27 14:00:00+00:00,-0.2729321605286644,0.015162897807146539,1,0.5381385024718766,0.17288310148312594,165.6202764667415,time,-45.203099883422475,95753.79347405706
FR40,8,2025-05-28 08:15:00+00:00,2025-05-28 08:45:00+00:00,-2.590168583591924,1.5901685835918915,1,0.5287072264711605,0.1672243358826963,160.12364521948012,stop,-414.7472353377166,95339.04623871934
SP500,9,2025-05-29 11:15:00+00:00,2025-05-29 13:00:00+00:00,1.476988238510176,0.023011761489826997,-1,0.5927956769593785,0.2056774061756271,196.09087737637924,target,289.6239195640533,95628.67015828339
GBPAUD,16,2025-06-02 09:45:00+00:00,2025-06-02 13:45:00+00:00,0.9747857366141364,0.06298219693209187,-1,0.5012511624575808,0.1507506974745485,144.16088724924728,time,140.52597666820498,95769.1961349516
XAUUSD,3,2025-06-02 10:30:00+00:00,2025-06-02 14:30:00+00:00,-0.24409527347755355,0.0084170783957774,-1,0.5458907166962522,0.17753443001775132,169.77381449906343,time,-41.440985679476334,95727.75514927212
GER40,8,2025-06-02 17:15:00+00:00,2025-06-02 21:00:00+00:00,1.4872157801474364,0.012784219852564555,1,0.5346668385333909,0.17080010312003455,163.50310450945054,target,243.1643971295503,95970.91954640168
EURNZD,15,2025-06-05 10:30:00+00:00,2025-06-05 12:15:00+00:00,-1.1338152814832212,0.13381528148322766,1,0.5019881927623738,0.1511929156574243,145.10123144544525,stop,-164.51799357487954,95806.40155282679
NZDUSD,7,2025-06-05 10:30:00+00:00,2025-06-05 13:15:00+00:00,-1.0614768217850274,0.06147682178500696,-1,0.5014886162666152,0.15089316975996914,144.81356255135492,stop,-153.7162401283795,95652.68531269842
AUDCHF,12,2025-06-06 15:45:00+00:00,2025-06-06 19:45:00+00:00,-0.3638892947539867,0.025358203377019786,1,0.507141049202572,0.15428462952154318,147.57739116210394,time,-53.70183279161123,95598.9834799068
GER40,8,2025-06-10 11:00:00+00:00,2025-06-10 11:00:00+00:00,-1.0252552400115997,0.02525524001158036,1,0.5244151441880478,0.16464908651282867,157.40285301521612,stop,-161.37809984662596,95437.60538006018
XAUEUR,3,2025-06-10 10:00:00+00:00,2025-06-10 14:00:00+00:00,-0.46110184720346653,0.014561110964320431,-1,0.5010752499100884,0.15064514994605308,144.01523201020774,time,-66.4056895053426,95371.19969055484
EURCHF,13,2025-06-11 15:45:00+00:00,2025-06-11 19:45:00+00:00,0.6748670301694605,0.07491984454866236,1,0.551278815615636,0.18076728936938158,172.39993251967556,time,116.34703046096884,95487.54672101581
XAGSGD,3,2025-06-12 08:45:00+00:00,2025-06-12 10:15:00+00:00,1.429071357043417,0.07092864295658269,-1,0.5056050767916321,0.15336304607497928,146.44261027361847,target,209.2769397927002,95696.8236608085
GER40,8,2025-06-12 09:15:00+00:00,2025-06-12 10:15:00+00:00,-1.0418388157670853,0.04183881576710171,1,0.5201255836067007,0.16207535016402042,154.76177571111856,stop,-161.236825132883,95535.58683567563
XAUAUD,3,2025-06-17 06:30:00+00:00,2025-06-17 10:30:00+00:00,0.08677871307667562,0.016238270253785558,1,0.5067460025059669,0.15404760150358013,147.17028010272796,time,12.771247510448612,95548.35808318607
USDCAD,17,2025-06-19 09:45:00+00:00,2025-06-19 13:45:00+00:00,0.6214460607868058,0.08963854295458551,-1,0.5008770127166312,0.15052620762997873,143.82531987533187,time,89.37967847792727,95637.737761664
FR40,8,2025-06-20 08:45:00+00:00,2025-06-20 09:00:00+00:00,0.9872579751104514,0.5127420248895478,1,0.5114537261317637,0.1568722356790582,150.0290573795968,target,148.11738339631046,95785.85514506031
CHFJPY,2,2025-06-24 09:00:00+00:00,2025-06-24 09:15:00+00:00,-1.1345343432096162,0.1345343432095873,1,0.5518483612573104,0.18110901675438623,173.47682044299893,stop,-196.8154105433903,95589.03973451692
USDJPY,2,2025-06-26 06:15:00+00:00,2025-06-26 09:00:00+00:00,-1.0418099723634278,0.041809972363453005,1,0.5470102711928913,0.17820616271573475,170.34555968770113,stop,-177.46770283047655,95411.57203168645
XAUUSD,3,2025-06-26 16:45:00+00:00,2025-06-26 20:45:00+00:00,0.7155820602007179,0.009678747432831869,1,0.5561554088607626,0.1836932453164576,175.26461307245398,time,125.41621290266829,95536.98824458911
XAGSGD,3,2025-06-27 06:15:00+00:00,2025-06-27 10:15:00+00:00,1.481091423315402,0.018908576684614195,-1,0.5330153575324886,0.16980921451949318,162.23060931371688,target,240.27836405377786,95777.2666086429
XAGUSD,3,2025-06-27 06:15:00+00:00,2025-06-27 10:15:00+00:00,1.347802109541436,0.15219789045856522,-1,0.5230447980780255,0.1638268788468153,156.51526598535875,target,210.9516056705055,95988.2182143134
JP225,11,2025-06-30 09:15:00+00:00,2025-06-30 13:15:00+00:00,-0.38718400148927024,0.0480642208745301,1,0.5879832097952455,0.2027899258771473,194.65443656760007,time,-75.36708365788273,95912.85113065552
JP225,11,2025-06-30 14:15:00+00:00,2025-06-30 18:15:00+00:00,-0.20476015050685792,0.07521801447190699,1,0.5571122435408006,0.18426734612448034,176.7360653707821,time,-36.18850334531122,95876.6626273102
EURUSD,6,2025-07-01 10:15:00+00:00,2025-07-01 11:45:00+00:00,1.4482224446392205,0.051777555360719096,1,0.5064223715447144,0.1538534229268286,147.50952724012382,target,213.6266081472678,96090.28923545747
NAS100,9,2025-07-01 13:00:00+00:00,2025-07-01 15:15:00+00:00,-1.053819877573908,0.053819877573871695,1,0.5113065457686968,0.15678392746121808,150.65412937219392,stop,-158.7623161710091,95931.52691928647
DJ30,9,2025-07-01 13:00:00+00:00,2025-07-01 15:15:00+00:00,-1.059738161693714,0.05973816169369659,1,0.5080319183379042,0.1548191510027425,148.76616999041454,stop,-157.65318750785647,95773.8737317786
FR40,8,2025-07-02 10:15:00+00:00,2025-07-02 11:15:00+00:00,-1.1448111715980809,0.144811171598081,-1,0.5972641762985025,0.20835850577910148,199.55301223429677,stop,-228.45051773187146,95545.42321404674
XAGUSD,3,2025-07-02 10:15:00+00:00,2025-07-02 13:45:00+00:00,1.374655284836374,0.12534471516362178,1,0.5007573141726566,0.15045438850359394,144.09599606935134,target,198.0823225204952,95743.50553656723
EURUSD,6,2025-07-02 10:00:00+00:00,2025-07-02 13:45:00+00:00,-1.070264791818533,0.07026479181848147,1,0.5276230252179762,0.16657381513078573,159.53419537356464,stop,-170.74383239942534,95572.7617041678
XAUGBP,3,2025-07-03 09:15:00+00:00,2025-07-03 11:00:00+00:00,1.4754774033978701,0.02452259660215605,-1,0.5056528895426241,0.15339173372557446,146.60071614743453,target,216.30604399748492,95789.06774816528
EURAUD,15,2025-07-03 15:45:00+00:00,2025-07-03 19:30:00+00:00,-1.0431433501757115,0.04314335017571134,1,0.5186365227940265,0.1611819136764159,154.39465248929093,stop,-161.0557550468937,95628.01199311839
AUDCHF,12,2025-07-03 15:45:00+00:00,2025-07-03 19:45:00+00:00,0.6719773879117129,0.04893454574486042,1,0.5275736667244556,0.16654420003467335,159.53113660185278,time,107.20131646429968,95735.21330958269
EURCHF,13,2025-07-03 15:45:00+00:00,2025-07-03 19:45:00+00:00,-0.3605460906027149,0.06521754365508932,1,0.5931456194313891,0.20588737165883345,197.21759392319632,time,-71.10603248708217,95664.10727709561
US2000,9,2025-07-04 11:30:00+00:00,2025-07-04 11:30:00+00:00,-1.0921489699601055,0.09214896996007625,1,0.5238305190938616,0.16429831145631693,157.17451292602732,stop,-171.65798239614202,95492.44929469947
JP225,11,2025-07-04 11:30:00+00:00,2025-07-04 12:00:00+00:00,-1.0926817227722763,0.09268172277229236,1,0.511145675996634,0.15668740559798036,149.89360778094948,stop,-163.78600558263975,95328.66328911683
EURGBP,20,2025-07-07 11:45:00+00:00,2025-07-07 14:15:00+00:00,1.4148732053140483,0.08512679468599173,-1,0.5184223450439416,0.16105340702636495,153.53006009981388,target,217.22556824548212,95545.88885736231
US2000,9,2025-07-07 16:30:00+00:00,2025-07-07 17:00:00+00:00,1.3811513113693645,0.1188486886306479,1,0.5259303103421766,0.16555818620530596,158.1840405859862,target,218.47609509303962,95764.36495245535
NZDJPY,1,2025-07-08 07:45:00+00:00,2025-07-08 11:45:00+00:00,-0.7083389560469661,0.05956305393922063,-1,0.5178126087915904,0.16068756527495423,153.8814264431217,time,-109.00020896173884,95655.36474349361
GER40,8,2025-07-08 10:15:00+00:00,2025-07-08 13:15:00+00:00,-1.0345339358866892,0.03453393588668919,-1,0.5482795568288222,0.17896773409729333,171.38731402807144,stop,-177.30599254250873,95478.05875095111
EURAUD,15,2025-07-09 06:30:00+00:00,2025-07-09 07:30:00+00:00,1.4490443813591456,0.050955618640870795,-1,0.5057794241162901,0.15346765446977403,146.52793729835713,target,212.32548425432958,95690.38423520543
XAUSGD,3,2025-07-09 06:15:00+00:00,2025-07-09 10:15:00+00:00,-0.5666229523875919,0.003103838448866879,1,0.5051866242698312,0.1531119745618987,146.1883410269506,time,-82.83366939733487,95607.5505658081
GBPJPY,2,2025-07-10 07:45:00+00:00,2025-07-10 10:30:00+00:00,-1.0709520356568163,0.070952035656788,-1,0.516513004083721,0.15990780245023262,152.8839330862783,stop,-163.73135935797023,95443.81920645012
GER40,8,2025-07-10 10:15:00+00:00,2025-07-10 14:15:00+00:00,0.8131258443422151,0.04964811803989298,-1,0.529279595104787,0.16756775706287216,160.20742806587558,time,130.26880021595977,95574.08800666609
CHFJPY,2,2025-07-10 10:15:00+00:00,2025-07-10 14:15:00+00:00,-0.4500475473890998,0.07144824393805627,1,0.5387576674882846,0.17325460049297073,165.64447977390537,time,-74.54789186078946,95499.54011480529
AUDUSD,7,2025-07-14 09:45:00+00:00,2025-07-14 13:45:00+00:00,0.5427384075575612,0.04942274304486822,1,0.5050813745099485,0.1530488247059691,146.16092374531462,time,79.32714700067419,95578.86726180596
GBPUSD,6,2025-07-15 15:45:00+00:00,2025-07-15 17:30:00+00:00,1.466281369054533,0.03371863094550197,-1,0.5209611591584974,0.16257669549509843,155.38896398589023,target,227.84394284919665,95806.71120465516
XAGUSD,3,2025-07-15 17:00:00+00:00,2025-07-15 18:15:00+00:00,-1.2139220312401935,0.21392203124017833,1,0.5311127536664227,0.16866765219985363,161.21063140970224,stop,-195.69713713837987,95611.0140675168
NAS100,9,2025-07-16 08:15:00+00:00,2025-07-16 10:00:00+00:00,1.4653776106571428,0.03462238934284633,-1,0.5431412439774929,0.1758847463864957,168.16518961020822,target,246.42550374671228,95857.4395712635
GER40,8,2025-07-16 08:15:00+00:00,2025-07-16 10:45:00+00:00,-1.0455713693880502,0.04557136938805011,-1,0.5147075497626313,0.1588245298575788,151.8537435847967,stop,-158.77392662665773,95698.66564463684
XAUUSD,3,2025-07-17 06:30:00+00:00,2025-07-17 09:15:00+00:00,-1.0160377899174056,0.016037789917415158,1,0.5027996228483739,0.15167977370902433,145.1555194923406,stop,-147.48349321931062,95551.18215141752
XAUAUD,3,2025-07-17 06:15:00+00:00,2025-07-17 10:15:00+00:00,0.17192263970195407,0.029396099016402204,-1,0.5125229450118279,0.15751376700709677,150.73857323239343,time,25.915373415019396,95577.09752483256
GBPNZD,16,2025-07-18 09:45:00+00:00,2025-07-18 12:00:00+00:00,-1.1006913540107681,0.10069135401074292,1,0.5062729933119617,0.15376379598717704,146.9629732485484,stop,-161.76087401439304,95415.33665081815
AUDJPY,1,2025-07-21 11:45:00+00:00,2025-07-21 15:15:00+00:00,-1.0585015072649075,0.05850150726488525,1,0.5273965027555155,0.16643790165330932,158.80728417706234,stop,-168.097749666067,95247.23890115209
NZDJPY,1,2025-07-21 11:45:00+00:00,2025-07-21 15:45:00+00:00,-0.5732113972520988,0.07861817988781891,1,0.5402354863641231,0.17414129181847385,166.15749983668007,time,-95.24337264529876,95151.99552850678
JP225,11,2025-07-22 07:00:00+00:00,2025-07-22 11:00:00+00:00,0.34986783120163856,0.04848053088244632,1,0.5533853040017908,0.18203118240107444,173.20630253875797,time,60.59931341969011,95212.59484192648
FR40,8,2025-07-22 10:15:00+00:00,2025-07-22 13:15:00+00:00,1.3435977258253602,0.15640227417466768,-1,0.5000928211392667,0.15005569268356,142.78098599253056,target,191.84020807066668,95404.43504999715
AUDUSD,7,2025-07-23 08:45:00+00:00,2025-07-23 10:15:00+00:00,-1.0646044562840145,0.06460445628402513,-1,0.5327579427527906,0.1696547656516744,161.85817070537618,stop,-172.3149298189222,95232.12012017822
GER40,8,2025-07-23 10:00:00+00:00,2025-07-23 10:30:00+00:00,1.4731485214499584,0.026851478550065578,-1,0.539189903306731,0.1735139419840386,165.53999608285142,target,243.86500047028449,95475.9851206485
SP500,9,2025-07-23 08:45:00+00:00,2025-07-23 11:45:00+00:00,-1.0965564517605557,0.0965564517605675,-1,0.5204694750287283,0.16228168501723697,154.82392478031042,stop,-169.77317360474038,95306.21194704378
XAGSGD,3,2025-07-23 08:45:00+00:00,2025-07-23 12:45:00+00:00,-0.8465999701039203,0.04010210384702836,-1,0.5473873774809117,0.178432426488547,170.2324484373993,time,-144.1187857578194,95162.09316128594
CNHJPY,2,2025-07-23 09:45:00+00:00,2025-07-23 13:15:00+00:00,-1.0524190737146097,0.05241907371459801,1,0.5313206603077619,0.16879239618465716,161.03543198732473,stop,-169.47676016733232,94992.61640111862
CHFJPY,2,2025-07-24 07:00:00+00:00,2025-07-24 11:00:00+00:00,0.25376415488875387,0.06268352289157303,1,0.5097770548702978,0.15586623292217866,148.06141273863884,time,37.57267927525566,95030.18908039387
XAUEUR,3,2025-07-24 09:45:00+00:00,2025-07-24 13:45:00+00:00,-0.6182812815544269,0.022119091844366758,1,0.5381329138351758,0.17287974830110547,164.22299613888808,time,-101.53600451345942,94928.65307588041
GBPUSD,6,2025-07-28 09:15:00+00:00,2025-07-28 09:15:00+00:00,-1.071453040968354,0.07145304096838993,1,0.5335219292377226,0.17011315754263354,161.48612916007207,stop,-173.0248041627676,94755.62827171765
XAGEUR,3,2025-07-28 08:45:00+00:00,2025-07-28 09:30:00+00:00,-1.0960577514449186,0.0960577514449321,-1,0.5139285989507272,0.1583571593704363,150.32631843958015,stop,-164.766326571879,94590.86194514576
XAGSGD,3,2025-07-28 08:45:00+00:00,2025-07-28 11:00:00+00:00,-1.0646068631650774,0.06460686316506095,-1,0.5180445050217376,0.16082670301304255,152.67062295662728,stop,-162.53419300331322,94428.32775214245
NAS100,9,2025-07-29 09:00:00+00:00,2025-07-29 10:30:00+00:00,-1.1147683889023963,0.11476838890246369,-1,0.5946435273047607,0.2067861163828564,195.2646717239299,stop,-217.67488350724062,94210.65286863521
AUDJPY,1,2025-07-29 07:00:00+00:00,2025-07-29 11:00:00+00:00,-0.7556981551786094,0.056464718104576546,1,0.5064717804432646,0.15388306826595874,145.30920805723227,time,-109.80990045931514,94100.8429681759
EURJPY,2,2025-07-30 10:15:00+00:00,2025-07-30 14:15:00+00:00,-0.42872667404231213,0.05681280380895762,1,0.5452076773671717,0.177124606420303,166.67574774556851,time,-71.458338974473,94029.38462920142
NZDJPY,1,2025-07-31 06:15:00+00:00,2025-07-31 09:45:00+00:00,1.4431181934641166,0.05688180653586657,1,0.5448562448071664,0.17691374688429987,166.35090751976978,target,240.06402114104648,94269.44865034247
GER40,8,2025-07-31 12:45:00+00:00,2025-07-31 14:45:00+00:00,-1.0321263234599818,0.03212632345999778,1,0.5077096238826612,0.1546257743295967,145.76486493183324,stop,-150.4477541317339,94119.00089621074
XAUEUR,3,2025-07-31 11:00:00+00:00,2025-07-31 15:00:00+00:00,-0.362975961182066,0.021943131154583233,-1,0.5139940139511648,0.1583964083706989,149.31942085300244,time,-54.19936030726799,94064.80153590348
CHFSGD,19,2025-08-01 15:45:00+00:00,2025-08-01 19:45:00+00:00,0.10337164418952521,0.04053190445947203,1,0.5706396188125402,0.19238377128752412,180.9654126488956,time,18.706692246952244,94083.50822815043
CADJPY,2,2025-08-01 17:15:00+00:00,2025-08-01 20:00:00+00:00,-1.0741502031106376,0.07415020311064913,1,0.5036267224231077,0.1521760334538646,143.1440838535875,stop,-153.75824674541713,93929.74998140501
AUDJPY,1,2025-08-01 17:15:00+00:00,2025-08-01 20:00:00+00:00,-1.0250937944995013,0.02509379449950263,1,0.5548235796953703,0.18289414781722219,172.0390171650516,stop,-176.3561289076876,93753.39385249732
SP500,9,2025-08-05 10:15:00+00:00,2025-08-05 11:00:00+00:00,1.4381896782661585,0.06181032173386289,-1,0.5482295896051806,0.1789377537631084,167.76021703633847,target,241.27101256535255,93994.66486506267
EURUSD,6,2025-08-06 09:45:00+00:00,2025-08-06 13:00:00+00:00,-1.0819146386959748,0.08191463869597146,-1,0.5283636156609189,0.16701816939655137,156.98816858805077,stop,-169.84779769748374,93824.81706736519
GBPJPY,2,2025-08-07 06:30:00+00:00,2025-08-07 09:30:00+00:00,1.4384991886109997,0.0615008113889902,-1,0.5307740075094642,0.16846440450567854,158.06141935107863,target,227.37122348722957,94052.18829085241
SP500,9,2025-08-07 10:30:00+00:00,2025-08-07 11:00:00+00:00,-1.0799643422999978,0.07996434229999173,-1,0.5269311836877355,0.1661587102126413,156.27590299084488,stop,-168.77240279084606,93883.41588806157
AUDCAD,7,2025-08-12 07:45:00+00:00,2025-08-12 08:00:00+00:00,-1.0924169717213037,0.09241697172130357,1,0.5126458761623169,0.15758752569739015,147.94855213818636,stop,-161.62150929734895,93721.79437876421
AUDUSD,7,2025-08-12 07:45:00+00:00,2025-08-12 08:15:00+00:00,-1.0497076664490244,0.049707666449024336,1,0.5179771577164063,0.16078629462984376,150.9516656783399,stop,-158.45512072580345,93563.33925803841
NZDCAD,7,2025-08-12 15:45:00+00:00,2025-08-12 19:45:00+00:00,0.47245284690345446,0.08275821084121136,1,0.5401338477938876,0.17408030867633256,162.8753497882772,time,76.95092269786751,93640.29018073628
EURJPY,2,2025-08-12 15:45:00+00:00,2025-08-12 19:45:00+00:00,0.03311052392749954,0.035357730280030954,1,0.5528658251588917,0.18171949509533503,170.02282769404243,time,5.629544904584723,93645.91972564087
CHFSGD,19,2025-08-12 15:45:00+00:00,2025-08-12 19:45:00+00:00,0.10898933276497595,0.05485045077394916,1,0.5164251978585509,0.15985511871513053,149.56578704477732,time,16.301075334478764,93662.22080097535
EURCHF,13,2025-08-12 15:45:00+00:00,2025-08-12 19:45:00+00:00,0.29679617372273553,0.08531661501912696,1,0.508786530407192,0.15527191824431522,145.2775916393924,time,43.117833326225735,93705.33863430157
GBPJPY,2,2025-08-12 16:45:00+00:00,2025-08-12 20:45:00+00:00,0.424742971184998,0.042022218212199675,-1,0.5550607226827218,0.18303643360963306,171.25499934399485,time,72.73935725165326,93778.07799155323
EURUSD,6,2025-08-14 08:45:00+00:00,2025-08-14 09:45:00+00:00,-1.1108066949380535,0.11080669493805882,1,0.5288694609079693,0.16732167654478156,156.91105232693934,stop,-174.29784743453945,93603.78014411869
XAUUSD,3,2025-08-14 15:45:00+00:00,2025-08-14 17:00:00+00:00,-1.0132902348505222,0.013290234850521922,1,0.5115575594162698,0.15693453564976187,146.89665771979634,stop,-148.8489487996492,93454.93119531903
XAUCNH,3,2025-08-15 11:15:00+00:00,2025-08-15 15:15:00+00:00,0.7721957271767919,0.022511006180947795,-1,0.5388584793119775,0.1733150875871865,161.9714958557117,time,125.07369702421403,93580.00489234325
AUDUSD,7,2025-08-18 07:15:00+00:00,2025-08-18 11:00:00+00:00,1.4314833780048186,0.0685166219952084,-1,0.500095006650887,0.1500570039905322,140.42335167564343,target,201.01369380740866,93781.01858615066
EURJPY,2,2025-08-19 09:15:00+00:00,2025-08-19 10:30:00+00:00,1.4413593516703338,0.05864064832963451,1,0.5263943698133874,0.16583662188803241,155.52327319545972,target,224.16492422265603,94005.18351037332
AUDUSD,7,2025-08-19 09:15:00+00:00,2025-08-19 13:15:00+00:00,0.957594934911724,0.056156529880357395,1,0.5516372780468259,0.18098236682809557,169.7271070727113,time,162.5298180500482,94167.71332842337
NZDCHF,12,2025-08-22 17:15:00+00:00,2025-08-22 20:00:00+00:00,-0.6311528864016897,0.07895358459129509,1,0.518476510232014,0.1610859061392084,151.69091430566257,weekend,-95.74015840493028,94071.97317001843
EURUSD,6,2025-08-26 10:30:00+00:00,2025-08-26 14:30:00+00:00,1.4603572078387064,0.03964279216125055,1,0.5093371246299427,0.15560227477796565,146.3781301810659,target,213.76435747987207,94285.7375274983
FR40,8,2025-08-27 12:00:00+00:00,2025-08-27 16:00:00+00:00,0.5308428493019495,0.09100163130890562,1,0.5918146998144586,0.20508881988867514,193.36950641847957,time,102.64881975529731,94388.3863472536
XAGUSD,3,2025-09-02 16:45:00+00:00,2025-09-02 19:45:00+00:00,1.4486670737312017,0.051332926268802134,1,0.5600997960802929,0.18605987764817575,175.6189161517871,target,254.41334135345468,94642.79968860706
EURGBP,20,2025-09-05 15:45:00+00:00,2025-09-05 19:45:00+00:00,-0.2551739554037034,0.056991440254166734,1,0.5053382382781361,0.15320294296688164,144.9955544291964,time,-36.99908913965101,94605.8005994674
AUDJPY,1,2025-09-09 11:45:00+00:00,2025-09-09 15:45:00+00:00,-0.26730006509671855,0.05176807774707771,1,0.5138289432431857,0.15829736594591143,149.75849038099787,time,-40.03045422762703,94565.77014523977
GBPUSD,6,2025-09-09 17:15:00+00:00,2025-09-09 21:15:00+00:00,0.5689617510293749,0.03253552077947571,-1,0.5711520186853837,0.1926912112112302,182.21992788409005,time,103.67616924137829,94669.44631448116
EURUSD,6,2025-09-09 17:15:00+00:00,2025-09-09 21:15:00+00:00,1.0253245233322967,0.03384971033389162,-1,0.6171596296857268,0.22029577781143608,208.32439888483037,time,213.60011498507595,94883.04642946624
GBPUSD,6,2025-09-11 15:45:00+00:00,2025-09-11 19:45:00+00:00,0.8941904379785885,0.023307462522303663,1,0.5403286333978782,0.1741971800387269,165.28359121496578,time,147.79500681918424,95030.84143628542
EURCAD,4,2025-09-11 15:45:00+00:00,2025-09-11 19:45:00+00:00,-0.012383226298409654,0.03984559639280973,1,0.5299813266189697,0.1679887959713818,159.39288727782716,time,-1.9737981935182347,95028.8676380919
XAUUSD,3,2025-09-11 15:45:00+00:00,2025-09-11 19:45:00+00:00,-0.04063045271719426,0.004827380520855371,1,0.502845513901433,0.15170730834085977,143.94451580995118,time,-5.848530843515643,95023.01910724839
FR40,8,2025-09-16 13:15:00+00:00,2025-09-16 16:30:00+00:00,-1.0959484230749539,0.09594842307494009,1,0.507952906102638,0.15477174366158278,147.068783552167,stop,-161.17980141754913,94861.83930583083
DJ30,9,2025-09-16 16:45:00+00:00,2025-09-16 20:45:00+00:00,0.04403075314573494,0.01914380571555308,-1,0.5456788044863732,0.1774072826918239,168.29181142395868,time,7.410015205256899,94869.2493210361
NAS100,9,2025-09-17 17:15:00+00:00,2025-09-17 17:45:00+00:00,-1.047272713210162,0.047272713210143584,1,0.5220760654257096,0.16324563925542576,154.8699125109487,stop,-162.19103346996167,94707.05828756613
JP225,11,2025-09-18 10:30:00+00:00,2025-09-18 11:30:00+00:00,-1.0594786003389993,0.0594786003389887,-1,0.5000871245440582,0.15005227472643493,142.1100952869833,stop,-150.5626048486949,94556.49568271743
JP225,11,2025-09-26 12:15:00+00:00,2025-09-26 16:15:00+00:00,0.19263319805351636,0.04562365217056967,1,0.5109178793821062,0.15655072762926373,148.0288820120272,time,28.51527694626344,94585.0109596637
FR40,8,2025-09-29 10:00:00+00:00,2025-09-29 12:45:00+00:00,1.420669407981621,0.07933059201837915,-1,0.5039101633373028,0.15234609800238166,144.09657349217238,target,204.71359375530466,94789.724553419
XAUGBP,3,2025-10-02 18:00:00+00:00,2025-10-02 22:00:00+00:00,0.2863068451843042,0.0018236104788810032,1,0.5024650308292684,0.15147901849756104,143.58654439006045,time,41.10981053523426,94830.83436395424
CHFJPY,2,2025-10-03 17:15:00+00:00,2025-10-03 20:00:00+00:00,0.2819825315340066,0.05400421118414711,1,0.5305524792006614,0.16833148752039684,159.6301541128475,weekend,45.01291496590435,94875.84727892015
XAGUSD,3,2025-10-07 06:30:00+00:00,2025-10-07 10:15:00+00:00,1.4509120667311235,0.04908793326887645,-1,0.5776374207056253,0.19658245242337516,186.50926733835686,target,270.608546538403,95146.45582545854
XAGSGD,3,2025-10-07 10:30:00+00:00,2025-10-07 14:30:00+00:00,1.0168329298347993,0.016111789381185255,1,0.5483988317878282,0.17903929907269692,170.34954760241385,time,173.21702958459508,95319.67285504314
XAGEUR,3,2025-10-07 10:30:00+00:00,2025-10-07 14:30:00+00:00,1.0529689612480901,0.023457229334734875,1,0.5836721675054017,0.20020330050324103,190.4863448744259,time,200.57620869436968,95520.24906373752
AU200,10,2025-10-09 09:00:00+00:00,2025-10-09 13:00:00+00:00,0.13977514317468911,0.07439644717362487,1,0.5081459739767235,0.15488758438603406,147.94900637434606,time,20.67959354852721,95540.92865728604
XAUCNH,3,2025-10-09 17:45:00+00:00,2025-10-09 19:30:00+00:00,-1.0094441518451753,0.009444151845176862,1,0.5004172238054254,0.15025033428325524,143.5505646848984,stop,-144.90627801524326,95396.0223792708
US2000,9,2025-10-14 07:45:00+00:00,2025-10-14 08:30:00+00:00,-1.066535233724451,0.06653523372443444,1,0.5390073896417693,0.17340443378506157,165.4209324602448,stop,-176.4272528644038,95219.59512640639
XAGSGD,3,2025-10-14 09:00:00+00:00,2025-10-14 09:15:00+00:00,-1.0112774213621154,0.011277421362115434,1,0.5132823582941234,0.15796941497647402,150.41783736415104,stop,-152.11416269648473,95067.48096370991
SP500,9,2025-10-14 09:00:00+00:00,2025-10-14 10:30:00+00:00,-1.034262134366319,0.03426213436630186,1,0.5091541506186359,0.15549249037118154,148.05931978340521,stop,-153.13214809201003,94914.3488156179
XAUEUR,3,2025-10-14 09:30:00+00:00,2025-10-14 13:30:00+00:00,0.8425503487210247,0.00720128503180358,1,0.5834478917588227,0.20006873505529363,190.2003066130261,time,160.25333466365097,95074.60215028154
XAUGBP,3,2025-10-14 09:30:00+00:00,2025-10-14 13:30:00+00:00,1.0274417446916688,0.004529500711351933,1,0.6042631236064725,0.2125578741638835,202.073416557616,time,207.61866366376336,95282.22081394531
XAGSGD,3,2025-10-14 16:45:00+00:00,2025-10-14 20:45:00+00:00,1.1374153365889275,0.005649413923454944,1,0.5512679172508353,0.1807607503505012,172.23285729390864,time,195.9002933506238,95478.12110729594
FR40,8,2025-10-29 11:15:00+00:00,2025-10-29 15:15:00+00:00,0.6914035278910278,0.09734562306047473,1,0.5075602261024423,0.1545361356614654,147.5481987613888,time,102.01534515759079,95580.13645245353
JP225,11,2025-10-29 11:30:00+00:00,2025-10-29 15:30:00+00:00,0.7434751622764706,0.04143205238692406,-1,0.55011505397309,0.180069032383854,171.9265288161917,time,127.82310391124842,95707.95955636477
XAUGBP,3,2025-10-30 06:15:00+00:00,2025-10-30 07:30:00+00:00,1.4946472098477996,0.005352790152198533,1,0.5353614071666583,0.17121684429999495,163.86814809632287,target,244.925070335095,95952.88462669987
XAGSGD,3,2025-11-03 17:45:00+00:00,2025-11-03 21:00:00+00:00,-1.0177641683301877,0.017764168330183083,1,0.502533670002502,0.1515202020015012,145.38800461264273,stop,-147.97070159977181,95804.9139251001
EURUSD,6,2025-11-04 16:45:00+00:00,2025-11-04 20:45:00+00:00,0.20350727056944293,0.05471951919270113,1,0.5239028031601614,0.1643416818960968,157.44740688361702,time,32.04169203312142,95836.95561713322
FR40,8,2025-11-11 10:30:00+00:00,2025-11-11 11:15:00+00:00,-1.1034124769518443,0.10341247695183854,-1,0.5103487979629199,0.15620927877775193,149.70621717207771,stop,-165.187707904933,95671.76790922829
EURAUD,15,2025-11-11 10:00:00+00:00,2025-11-11 14:00:00+00:00,-0.20321383081163102,0.07485397779124657,-1,0.5324514996273337,0.16947089977640023,162.41575100266468,time,-33.00512694539949,95638.76278228288
XAUUSD,3,2025-11-11 16:45:00+00:00,2025-11-11 17:15:00+00:00,-1.012701157340041,0.012701157340049563,1,0.5158275815629793,0.15949654893778756,152.54052608453807,stop,-154.47796730707043,95484.28481497582
XAUGBP,3,2025-11-11 16:45:00+00:00,2025-11-11 17:15:00+00:00,-1.0032006273012979,0.0032006273012936772,1,0.5163930713897079,0.15983584283382474,152.8650225689038,stop,-153.35428653355137,95330.93052844226
XAUSGD,3,2025-11-18 06:30:00+00:00,2025-11-18 10:30:00+00:00,0.7138689764707024,0.008737498745722687,1,0.5110427709591773,0.15662566257550636,149.31270157956806,time,106.58970545068168,95437.52023389295
XAUUSD,3,2025-11-18 06:30:00+00:00,2025-11-18 10:30:00+00:00,0.7574876885385651,0.0052943742144813495,1,0.5467892011883312,0.1780735207129987,169.7591443204597,time,128.5904618395897,95566.11069573254
AUDUSD,7,2025-11-20 15:45:00+00:00,2025-11-20 18:00:00+00:00,-1.0361179541178622,0.036117954117869146,1,0.5171392645335421,0.16028355872012526,153.17676315353404,stop,-158.70919445703603,95407.4015012755
AUDCAD,7,2025-11-20 15:45:00+00:00,2025-11-20 18:45:00+00:00,-1.061443044594499,0.061443044594505156,1,0.5105623134086968,0.1563373880452181,149.40556131810973,stop,-158.58549388484448,95248.81600739066
XAGSGD,3,2025-11-25 15:00:00+00:00,2025-11-25 16:45:00+00:00,-1.0144436934677834,0.01444369346779009,1,0.5443604795770408,0.17661628774622448,168.22492295448464,stop,-170.6547121752807,95078.16129521538
DJ30,9,2025-11-25 17:00:00+00:00,2025-11-25 19:15:00+00:00,1.4894088356326975,0.01059116436730248,1,0.5871891144089373,0.20231346864536237,192.3559260405822,target,286.49661583115284,95364.65791104652
XAGUSD,3,2025-11-25 17:00:00+00:00,2025-11-25 21:00:00+00:00,0.36692048443940967,0.039312909047079854,1,0.5327184764507442,0.16963108587044654,161.28211743072808,time,59.17771265909651,95423.83562370563
AUDCHF,12,2025-11-25 17:00:00+00:00,2025-11-25 21:00:00+00:00,0.5384643741040328,0.04051266923621929,1,0.522023623488991,0.1632141740933946,155.181035701171,time,83.55945926164661,95507.39508296727
XAUCNH,3,2025-11-25 17:00:00+00:00,2025-11-25 21:00:00+00:00,0.5372944274604612,0.007762973204377119,1,0.5083600979810873,0.15501605878865235,147.38641840856044,time,79.18990129427546,95586.58498426154
XAUGBP,3,2025-11-26 17:15:00+00:00,2025-11-26 21:15:00+00:00,0.4782623309642754,0.001686001166736583,1,0.5274005903642802,0.16644035421856812,159.0946506332372,time,76.08897845579905,95662.67396271735
XAUAUD,3,2025-11-26 17:15:00+00:00,2025-11-26 21:15:00+00:00,0.18994868733769177,0.01307843421013522,1,0.5010022492782255,0.15060134956693527,143.95468699124305,time,27.34400383009491,95690.01796654744
GER40,8,2025-12-01 09:30:00+00:00,2025-12-01 10:15:00+00:00,-1.0483779024726143,0.048377902472593985,1,0.518077622709492,0.16084657362569518,153.9141152010033,stop,-161.36015725535617,95528.65780929208
AUDJPY,1,2025-12-01 07:30:00+00:00,2025-12-01 11:30:00+00:00,0.13753670344962635,0.043920558293420814,1,0.5179288887122732,0.16075733322736388,153.82872104780665,time,21.15709518878748,95549.81490448087
GBPAUD,16,2025-12-01 10:15:00+00:00,2025-12-01 14:15:00+00:00,0.5934452313791999,0.07117342756842353,1,0.5226971395882907,0.1636182837529744,156.30235039981508,time,92.75688449813104,95642.571788979
EURAUD,15,2025-12-01 10:45:00+00:00,2025-12-01 14:45:00+00:00,-0.5014201357965609,0.05812408474851065,-1,0.5140874182583217,0.15845245095499302,151.36749966323129,time,-75.8987122363233,95566.67307674268
XAGSGD,3,2025-12-04 17:15:00+00:00,2025-12-04 21:15:00+00:00,-0.12116776623639636,0.006491130334092978,1,0.504786256952593,0.15287175417155582,146.09444953581212,time,-17.701938109790287,95548.97113863289
XAGUSD,3,2025-12-04 17:15:00+00:00,2025-12-04 21:15:00+00:00,-0.17297655227080594,0.029060060781495586,1,0.5107166629825767,0.156429997789546,149.49494458149084,time,-25.85912009562149,95523.11201853727
USDCHF,18,2025-12-09 11:30:00+00:00,2025-12-09 15:30:00+00:00,0.012203535190385313,0.10440931899332691,1,0.5193025988189909,0.16158155929139453,154.34773388321764,time,1.8835880020000741,95524.99560653926
XAUEUR,3,2025-12-09 17:00:00+00:00,2025-12-09 18:00:00+00:00,-1.0182473960657694,0.018247396065768227,-1,0.5304814572316222,0.16828887433897333,160.7579398185983,stop,-163.69135361718537,95361.30425292208
GER40,8,2025-12-10 11:30:00+00:00,2025-12-10 15:30:00+00:00,-0.269334103374939,0.026260075079052734,1,0.5125368484077472,0.15752210904464828,150.21513767168636,time,-40.45805941814667,95320.84619350394
GBPJPY,2,2025-12-10 16:15:00+00:00,2025-12-10 20:15:00+00:00,-0.19863548876024412,0.08114885936114886,-1,0.5200440662431801,0.16202643974590805,154.44497342300699,time,-30.678252782441906,95290.1679407215
XAUGBP,3,2025-12-10 16:45:00+00:00,2025-12-10 20:45:00+00:00,-0.5139982192613052,0.0073080315534785265,1,0.502545499654862,0.15152729979291715,144.43710437677584,time,-74.24041444492205,95215.92752627657
XAGEUR,3,2025-12-16 07:45:00+00:00,2025-12-16 11:45:00+00:00,0.31849061561351616,0.06489153058167725,1,0.5385479046421966,0.17312874278531795,164.8461382576217,time,52.50194805518073,95268.42947433176
XAGSGD,3,2025-12-16 07:45:00+00:00,2025-12-16 11:45:00+00:00,0.36346836753930994,0.008817291934915985,1,0.5792028530103508,0.19752171180621048,188.07212996206178,time,68.35827005695154,95336.7877443887
AUDUSD,7,2025-12-16 15:45:00+00:00,2025-12-16 19:45:00+00:00,0.13737542514026707,0.03460867785945014,-1,0.5157219640796661,0.15943317844779964,151.99847093091086,time,20.880854564804405,95357.6685989535
XAGUSD,3,2025-12-23 17:15:00+00:00,2025-12-23 19:00:00+00:00,1.48097208232877,0.019027917671232072,1,0.5377410141762843,0.17264460850577057,164.62987363289304,target,243.81224676762787,95601.48084572113
XAUUSD,3,2025-12-26 16:45:00+00:00,2025-12-26 17:30:00+00:00,-1.0108179114703695,0.010817911470386729,-1,0.5149464442646154,0.15896786655876927,151.975634499033,stop,-153.61969345869676,95447.86115226244
US2000,9,2025-12-26 16:45:00+00:00,2025-12-26 20:00:00+00:00,0.23549773862828047,0.08916904666508653,-1,0.5387370516644303,0.17324223099865818,165.62213828488177,weekend,39.00363903287001,95486.8647912953
SP500,9,2025-12-26 17:30:00+00:00,2025-12-26 20:00:00+00:00,-0.6088576476832487,0.06129439406206603,1,0.5086939626038591,0.15521637756231546,148.15071254124996,weekend,-90.20269434046261,95396.66209695485
GBPAUD,16,2025-12-29 09:45:00+00:00,2025-12-29 11:00:00+00:00,1.4307241906382409,0.06927580936176994,1,0.5026096199031638,0.15156577194189827,144.58868731405357,target,206.86653263284498,95603.52862958769
CHFJPY,2,2025-12-29 09:15:00+00:00,2025-12-29 13:00:00+00:00,-1.1356264678505321,0.13562646785052737,1,0.5087923277679176,0.15527539666075055,148.12754547216218,stop,-168.21756125592063,95435.31106833176
SP500,9,2025-12-29 15:00:00+00:00,2025-12-29 15:45:00+00:00,-1.1118040430502873,0.11180404305023998,1,0.5003216528767819,0.15019299172606912,143.33714885660754,stop,-159.36282161807713,95275.9482467137
DJ30,9,2025-12-29 16:30:00+00:00,2025-12-29 16:30:00+00:00,1.4614131596537,0.03858684034629978,1,0.5307178157679259,0.1684306894607555,160.4739365222121,target,234.51872261499327,95510.46696932869
SP500,9,2025-12-30 09:45:00+00:00,2025-12-30 11:00:00+00:00,1.4308478023999491,0.06915219759999588,1,0.5077829161833728,0.15466974971002367,147.72580020833516,target,211.3731365858703,95721.84010591455
NZDCNH,7,2025-12-31 10:45:00+00:00,2025-12-31 12:45:00+00:00,-1.060943755006384,0.060943755006351866,1,0.5081916355722246,0.15491498134333473,148.28747074157388,stop,-157.3246660289647,95564.5154398856
NZDCNH,7,2025-12-31 15:45:00+00:00,2025-12-31 17:00:00+00:00,-1.0628225388434949,0.06282253884349778,1,0.5265155855761909,0.16590935134571455,158.55046768298905,stop,-168.5110105976579,95396.00442928793
GER40,8,2026-01-02 10:15:00+00:00,2026-01-02 11:00:00+00:00,1.480109810317043,0.019890189682957117,1,0.5500888991229999,0.1800533394737999,171.7636916995066,target,254.22912514071177,95650.23355442865
US2000,9,2026-01-02 17:00:00+00:00,2026-01-02 17:15:00+00:00,-1.074107148939169,0.0741071489391773,1,0.5224360528695638,0.1634616317217383,156.35143251372236,stop,-167.9381914098692,95482.29536301877
USDJPY,2,2026-01-05 14:45:00+00:00,2026-01-05 15:30:00+00:00,1.4393785142678517,0.06062148573217033,1,0.5051338831749118,0.15308032990494708,146.1646127425248,target,210.38620312787125,95692.68156614664
GBPCHF,14,2026-01-05 16:45:00+00:00,2026-01-05 19:30:00+00:00,-1.0553890042186753,0.05538900421868511,-1,0.5118081579492163,0.15708489476952978,150.31874814032236,stop,-158.64475391521268,95534.03681223144
GBPUSD,6,2026-01-09 15:45:00+00:00,2026-01-09 16:45:00+00:00,-1.0298168478173746,0.02981684781738879,1,0.5240869332933339,0.16445215997600032,157.10778704998154,stop,-161.79224602737534,95372.24456620406
US2000,9,2026-01-13 17:30:00+00:00,2026-01-13 21:30:00+00:00,0.4567899978681408,0.06899616544096317,1,0.5539000309276083,0.18234001855656498,173.90176843982863,time,79.43658843489523,95451.68115463895
GBPJPY,2,2026-01-14 11:30:00+00:00,2026-01-14 13:45:00+00:00,-1.0672163405052926,0.0672163405052519,1,0.5523744363132094,0.18142466178792563,173.1728897056925,stop,-184.81293762643583,95266.86821701252
JP225,11,2026-01-14 14:15:00+00:00,2026-01-14 18:15:00+00:00,-0.03348677314058032,0.022253868226330926,1,0.578753221016949,0.1972519326101694,187.91573869524,time,-6.292691711232074,95260.57552530129
XAUUSD,3,2026-01-14 17:00:00+00:00,2026-01-14 21:00:00+00:00,0.882721663421421,0.005387924700435758,1,0.5119494188910277,0.15716965133461663,149.73060461408696,time,132.17044837004192,95392.74597367132
JP225,11,2026-01-20 15:45:00+00:00,2026-01-20 19:45:00+00:00,0.7974866688318158,0.039498160484594654,1,0.571471411020668,0.1928828466124008,183.99624389575317,time,146.73455162199053,95539.48052529331
XAGSGD,3,2026-01-20 17:45:00+00:00,2026-01-20 21:45:00+00:00,0.49539153519891527,0.003908928473426481,1,0.5549260526969857,0.18295563161819142,174.52640091406687,time,86.45890168156096,95625.93942697487
NZDUSD,7,2026-01-23 09:45:00+00:00,2026-01-23 10:00:00+00:00,-1.084396474134123,0.08439647413414479,1,0.508919325674975,0.155351595404985,148.55642252080972,stop,-161.09406079154508,95464.84536618333
US2000,9,2026-01-23 17:00:00+00:00,2026-01-23 17:00:00+00:00,-1.1278702574654906,0.1278702574654875,1,0.5130504593968036,0.15783027563808216,150.67242857891574,stop,-169.93895081425245,95294.90641536909
USDJPY,2,2026-01-26 06:30:00+00:00,2026-01-26 10:30:00+00:00,-0.2439404707203905,0.018458023216959954,1,0.5689842237149361,0.19139053422896163,182.38543048136356,time,-44.491187764164884,95250.41522760491
CNHJPY,2,2026-01-26 06:30:00+00:00,2026-01-26 10:30:00+00:00,-0.3104149313843691,0.03259500871907326,1,0.553655126326039,0.18219307579562338,173.62072107472142,time,-53.89446421931434,95196.5207633856
XAUUSD,3,2026-01-26 09:00:00+00:00,2026-01-26 13:00:00+00:00,-0.2798584120259113,0.0028079439333704354,-1,0.5373393339870093,0.17240360039220556,164.29184965047884,time,-45.978456151982776,95150.54230723361
XAUSGD,3,2026-01-26 09:00:00+00:00,2026-01-26 13:00:00+00:00,-0.3508193203318099,0.005178144949546871,-1,0.5295568090280496,0.16773408541682974,159.8420397246428,time,-56.075675736649345,95094.46663149697
NZDJPY,1,2026-01-26 10:00:00+00:00,2026-01-26 13:00:00+00:00,-1.0601008064007715,0.06010080640076066,1,0.5321571542707212,0.1692942925624327,161.32883766393104,stop,-171.02483090323247,94923.44180059373
USDJPY,2,2026-01-26 13:15:00+00:00,2026-01-26 17:15:00+00:00,0.33307726229694484,0.01964392470723011,1,0.5607965145445564,0.1864779087267338,177.0112491611851,time,58.95842226636991,94982.4002228601
NZDJPY,1,2026-01-26 13:15:00+00:00,2026-01-26 17:15:00+00:00,1.2154041781474862,0.044973507563835564,1,0.5316827858284822,0.1690096714970893,160.42979716091386,time,194.98704576872845,95177.38726862884
EURJPY,2,2026-01-26 13:15:00+00:00,2026-01-26 17:15:00+00:00,1.0719235801501903,0.03158207926113228,1,0.5028362864468747,0.15170177186812484,144.0005431297087,time,154.35757773516923,95331.744846364
AUDJPY,1,2026-01-26 13:15:00+00:00,2026-01-26 17:15:00+00:00,0.8963393793630927,0.031103867369529872,1,0.5164876401636656,0.15989258409819931,151.77554400991932,time,136.04239692034685,95467.78724328436
USDJPY,2,2026-01-27 09:45:00+00:00,2026-01-27 10:30:00+00:00,-1.0445484821360607,0.04454848213605751,-1,0.5060495481741465,0.1536297289044879,146.66690273297073,stop,-153.20069062932183,95314.58655265503
NZDCNH,7,2026-01-27 10:45:00+00:00,2026-01-27 12:45:00+00:00,1.446431638129302,0.05356836187070547,1,0.5402880858306031,0.17417285149836184,166.01213329263308,target,240.12520190780333,95554.71175456283
EURAUD,15,2026-01-28 10:45:00+00:00,2026-01-28 12:30:00+00:00,-1.052555023486844,0.052555023486842926,1,0.5016877187898857,0.1510126312739314,144.29968452678568,stop,-151.88335783623506,95402.8283967266
EURUSD,6,2026-01-28 10:00:00+00:00,2026-01-28 13:30:00+00:00,-1.036663281075862,0.036663281075891084,1,0.512901951487349,0.15774117089240938,150.72912116451386,stop,-156.2553453000861,95246.57305142652
US2000,9,2026-01-30 12:00:00+00:00,2026-01-30 13:45:00+00:00,1.4394824835698197,0.06051751643016766,1,0.506292523775616,0.15377551426536956,146.4659075299717,target,210.83510832955122,95457.40815975606
GER40,8,2026-02-02 09:00:00+00:00,2026-02-02 10:00:00+00:00,1.4808452435327897,0.01915475646722098,1,0.5450772614450908,0.1770463568670545,169.0038635065622,target,250.26856741235744,95707.67672716842
SP500,9,2026-02-02 08:30:00+00:00,2026-02-02 10:45:00+00:00,1.4807560752806845,0.0192439247193182,1,0.5128755702342619,0.15772534214055714,150.56052361848305,target,222.94341004550975,95930.62013721393
AUDUSD,7,2026-02-02 08:00:00+00:00,2026-02-02 11:45:00+00:00,1.4725144269574657,0.027485573042538673,1,0.5186884663593888,0.1612130798156333,153.88982760652206,target,226.60499131260102,96157.22512852654
XAGEUR,3,2026-02-02 08:00:00+00:00,2026-02-02 12:00:00+00:00,0.8446400417943158,0.01579750701610316,1,0.5228685979173533,0.16372115875041196,156.2839747522626,time,132.00370296653287,96289.22883149306
NZDCNH,7,2026-02-02 08:00:00+00:00,2026-02-02 12:00:00+00:00,0.5120781734447414,0.03341042087789134,1,0.5280768983021729,0.1668461389813037,159.26699988617662,time,81.55715439173716,96370.7859858848
XAGSGD,3,2026-02-02 08:00:00+00:00,2026-02-02 12:00:00+00:00,0.8440975563360746,0.02514087209902033,1,0.5368560966545978,0.17211365799275866,164.2952370088339,time,138.6812080768129,96509.46719396161
GBPJPY,2,2026-02-04 17:15:00+00:00,2026-02-04 18:00:00+00:00,-1.0479985139882044,0.047998513988186796,1,0.5563676269067416,0.18382057614404493,177.4042586294879,stop,-185.91939941888242,96323.54779454273
EURJPY,2,2026-02-10 07:00:00+00:00,2026-02-10 11:00:00+00:00,0.6004636359728184,0.052158946060141605,1,0.5228915517220335,0.1637349310332201,157.71529455014505,time,94.70229921410412,96418.25009375684
USDJPY,2,2026-02-10 12:30:00+00:00,2026-02-10 15:30:00+00:00,-1.0476719609115124,0.04767196091147031,1,0.5017329797340947,0.15103978784045682,145.6299203810911,stop,-152.57238425304513,96265.6777095038
AUDCHF,12,2026-02-10 16:15:00+00:00,2026-02-10 16:30:00+00:00,-1.052415484548119,0.05241548454808956,1,0.5277521185119892,0.16665127110719352,160.427975542842,stop,-168.83688561599385,96096.8408238878
XAUUSD,3,2026-02-10 16:45:00+00:00,2026-02-10 17:30:00+00:00,1.4975172796297704,0.0024827203702410244,-1,0.5065336139784278,0.15392016838705666,147.91241921076963,target,221.50140363996994,96318.34222752777
EURUSD,6,2026-02-10 16:45:00+00:00,2026-02-10 20:45:00+00:00,1.0921808985586192,0.05018468088819515,-1,0.5169248813102757,0.1601549287861654,153.90382698725193,time,168.09082005054708,96486.43304757832
AUDUSD,7,2026-02-11 15:45:00+00:00,2026-02-11 19:45:00+00:00,1.1731660189078914,0.025135445377861547,1,0.5763157008042321,0.19578942048253925,188.91022810812646,time,221.62306024059237,96708.0561078189
NZDUSD,7,2026-02-11 15:45:00+00:00,2026-02-11 19:45:00+00:00,0.5017484254401315,0.04250998897414988,1,0.5691627290860755,0.19149763745164528,184.7692397474756,time,92.70767511306606,96800.76378293197
FR40,8,2026-02-12 11:00:00+00:00,2026-02-12 12:15:00+00:00,-1.0878058081839437,0.08780580818396058,1,0.514632030209584,0.1587792181257504,153.6994958742937,stop,-167.19520432700077,96633.56857860497
DJ30,9,2026-02-17 07:30:00+00:00,2026-02-17 10:00:00+00:00,1.4758791119517807,0.024120888048249644,1,0.5671018870563819,0.19026113223382912,183.85612169560721,target,271.34940961501127,96904.91798821998
SP500,9,2026-02-17 07:30:00+00:00,2026-02-17 10:00:00+00:00,1.4786780373845134,0.021321962615466036,1,0.5520933446214465,0.18125600677286793,175.15414760769988,target,258.99659122431103,97163.91457944429
GBPUSD,6,2026-02-17 13:30:00+00:00,2026-02-17 13:45:00+00:00,-1.0556166217931302,0.055616621793175655,1,0.5452095358263517,0.177125721495811,172.10228473241386,stop,-181.67403241211014,96982.24054703218
XAGEUR,3,2026-02-17 12:00:00+00:00,2026-02-17 15:45:00+00:00,-1.0541044160264679,0.05410441602647075,1,0.5338418193538406,0.17030509161230434,165.47509373862343,stop,-174.4280270522767,96807.81251997991
US2000,9,2026-02-17 16:00:00+00:00,2026-02-17 16:30:00+00:00,-1.1134990290285387,0.11349902902855621,-1,0.5001849254457086,0.15011095526742516,145.3191321472396,stop,-161.8127125452212,96645.99980743468
AUDUSD,7,2026-02-17 15:30:00+00:00,2026-02-17 17:00:00+00:00,-1.0604635074978517,0.060463507497822346,1,0.5339485846190767,0.17036915077144602,165.22781961909942,stop,-175.21807312949252,96470.78173430519
AUDCAD,7,2026-02-19 16:45:00+00:00,2026-02-19 20:45:00+00:00,0.7671131201587019,0.0576312405511667,1,0.5292711739340986,0.16756270436045917,161.64905079167738,time,124.00310772349613,96594.78484202869
SP500,9,2026-02-24 16:45:00+00:00,2026-02-24 20:45:00+00:00,0.7927547435585951,0.018166747693637575,1,0.5350674946631316,0.17104049679787897,165.21619987464786,time,130.97592616335206,96725.76076819203
NAS100,9,2026-02-24 16:45:00+00:00,2026-02-24 20:45:00+00:00,0.624342643144369,0.011501048689501683,1,0.5058830606818994,0.15352983640913961,148.30181514772678,time,92.59114725243937,96818.35191544448
EURJPY,2,2026-02-26 10:30:00+00:00,2026-02-26 14:30:00+00:00,-0.15268693448338783,0.11259866258159233,1,0.5026064304623133,0.151563858277388,146.7416296836268,time,-22.405529597489483,96795.946385847
XAGUSD,3,2026-02-26 10:45:00+00:00,2026-02-26 14:45:00+00:00,0.04952452142055615,0.05642034085886362,1,0.5362929181382327,0.1717757508829396,166.3104509952414,time,8.236445492776186,96804.18283133977
US2000,9,2026-03-02 06:30:00+00:00,2026-03-02 08:15:00+00:00,-1.0473816807256178,0.04738168072560435,1,0.5120727142347375,0.15724362854084253,152.21840966330973,stop,-159.43077375053795,96644.75205758923
DJ30,9,2026-03-02 09:00:00+00:00,2026-03-02 09:45:00+00:00,-1.028225952074642,0.02822595207466018,1,0.5034230273463612,0.15205381640781673,146.95203386143615,stop,-151.0998949264802,96493.65216266275
CHFJPY,2,2026-03-02 10:00:00+00:00,2026-03-02 13:15:00+00:00,-1.0746654296633986,0.07466542966339713,1,0.5662340506685278,0.18974043040111668,183.08747092319246,stop,-196.75777560565763,96296.8943870571
EURAUD,15,2026-03-02 11:30:00+00:00,2026-03-02 15:30:00+00:00,-0.05862744257390544,0.044614310198914695,1,0.5358719070020329,0.17152314420121975,165.50894614398715,time,-9.703366235524214,96287.19102082157
XAUUSD,3,2026-03-03 13:45:00+00:00,2026-03-03 16:45:00+00:00,-1.001570299414181,0.0015702994141808247,1,0.5481240060455314,0.1788744036273188,172.23313870799157,stop,-172.5035963048073,96114.68742451676
US2000,9,2026-03-05 10:45:00+00:00,2026-03-05 11:00:00+00:00,1.4351702662202754,0.06482973377974195,1,0.5230003090129759,0.16380018540778554,157.4360362054717,target,225.94751799367177,96340.63494251043
JP225,11,2026-03-10 07:00:00+00:00,2026-03-10 10:15:00+00:00,1.4880190302290894,0.011980969770914828,1,0.5440098323535393,0.17640589941212356,169.95056356968584,target,252.88967278985115,96593.52461530028
XAGUSD,3,2026-03-13 09:00:00+00:00,2026-03-13 09:15:00+00:00,-1.0973383687290181,0.09733836872901108,1,0.5224506992877195,0.16347041957263167,157.90183996862436,stop,-173.27174749048072,96420.2528678098
GBPJPY,2,2026-03-19 09:45:00+00:00,2026-03-19 10:00:00+00:00,-1.0904658757006627,0.09046587570066782,1,0.5203917152743195,0.16223502916459168,156.42742536066402,stop,-170.57876937951653,96249.67409843029
AUDJPY,1,2026-03-24 12:00:00+00:00,2026-03-24 16:00:00+00:00,-0.0006367326050076738,0.02522733269545428,1,0.5069248853582949,0.15415493121497695,148.37361890107445,time,-0.09447432087729697,96249.5796241094
GBPNZD,16,2026-04-06 10:15:00+00:00,2026-04-06 14:15:00+00:00,-0.2652495407597079,0.10311078840426315,1,0.5876834021200051,0.20261004127200308,195.0113130005372,time,-51.72666121634015,96197.85296289307
US2000,9,2026-04-07 17:15:00+00:00,2026-04-07 20:30:00+00:00,1.4806676536243815,0.01933234637562196,1,0.5146449798502161,0.15878698791012963,152.74967315399306,target,226.17150014081406,96424.02446303389
GBPAUD,16,2026-04-13 10:45:00+00:00,2026-04-13 14:30:00+00:00,1.4435088311133741,0.05649116888663073,1,0.5167028687804626,0.16002172126827754,154.2993836618916,target,222.7325229512912,96646.75698598518
AUDCAD,7,2026-04-13 15:15:00+00:00,2026-04-13 17:15:00+00:00,1.4318274951492878,0.06817250485073093,1,0.5100477055648743,0.1560286233389246,150.79660442694833,target,215.91472439365543,96862.67171037883
EURNZD,15,2026-04-14 10:30:00+00:00,2026-04-14 14:30:00+00:00,-0.5627741018678788,0.08331766187395863,1,0.550098521487137,0.18005911289228219,174.4100674054714,time,-98.15346904083037,96764.518241338
GBPCAD,5,2026-04-15 13:15:00+00:00,2026-04-15 17:00:00+00:00,-1.1303247859503336,0.1303247859503862,1,0.5467105701817315,0.17802634210903892,172.2663322844875,stop,-194.71690516591238,96569.80133617208
EURUSD,6,2026-04-16 13:15:00+00:00,2026-04-16 17:15:00+00:00,-0.1699936042213991,0.06695052399347812,1,0.5216439077046737,0.16298634462280423,157.3955892073306,time,-26.756243497904876,96543.04509267418
XAGUSD,3,2026-04-21 06:30:00+00:00,2026-04-21 10:30:00+00:00,0.16625535442877962,0.09891141339433128,1,0.5439348150696707,0.1763608890418024,170.2641726334681,time,28.307330367700157,96571.35242304188
GER40,8,2026-04-27 17:00:00+00:00,2026-04-27 18:00:00+00:00,-1.0138660678273617,0.013866067827373929,1,0.5085221943569006,0.15511331661414035,149.79502764251,stop,-151.87209565600256,96419.48032738589
US2000,9,2026-04-27 16:45:00+00:00,2026-04-27 20:45:00+00:00,0.1884374452175439,0.03362452554067607,-1,0.5263553535577975,0.1658132121346785,160.12806145454616,time,30.174122808132545,96449.65445019401
NAS100,9,2026-04-27 17:00:00+00:00,2026-04-27 21:00:00+00:00,0.21722081125310955,0.01471927468450229,1,0.5187335189955763,0.16124011139734576,155.71175622483585,time,33.82383400880527,96483.47828420282
EURJPY,2,2026-04-28 06:45:00+00:00,2026-04-28 09:30:00+00:00,-1.0946787686786263,0.09467876867860202,1,0.5274702298705717,0.166482137922343,160.62775738938015,stop,-175.83579567461578,96307.6424885282
USDJPY,2,2026-04-28 06:45:00+00:00,2026-04-28 10:45:00+00:00,1.4442596567837696,0.05574034321619448,1,0.5097417944185086,0.15584507665110517,150.36475068766805,target,217.16574322054853,96524.80823174874
XAUAUD,3,2026-04-28 11:00:00+00:00,2026-04-28 12:45:00+00:00,-1.0244329737984688,0.024432973798454927,1,0.5316844951179549,0.16901069707077293,163.13725123870512,stop,-167.12317942377462,96357.68505232497
US2000,9,2026-04-28 14:45:00+00:00,2026-04-28 16:30:00+00:00,1.45833082361556,0.04166917638444319,1,0.5184460378038815,0.1610676226823289,155.2010325855054,target,226.33444967640548,96584.01950200138
NAS100,9,2026-04-28 18:00:00+00:00,2026-04-28 22:00:00+00:00,0.6565571659367752,0.009653531668113117,1,0.5078251504085393,0.15469509024512354,149.41073613098854,time,98.09668947468917,96682.11619147607
SP500,9,2026-04-29 11:00:00+00:00,2026-04-29 15:00:00+00:00,-0.5248320625034015,0.12994882161792295,1,0.5261160759303958,0.16566964555823746,160.17291921262148,time,-84.06388354755084,96598.05230792852
SP500,9,2026-04-29 15:45:00+00:00,2026-04-29 16:30:00+00:00,-1.0404472142382637,0.040447214238267415,1,0.5009484973748359,0.15056909842490154,145.44681645606255,stop,-151.32973500153432,96446.72257292698
XAUUSD,3,2026-05-04 09:15:00+00:00,2026-05-04 11:30:00+00:00,-1.0067438153127233,0.006743815312730463,1,0.5010256027472083,0.15061536164832498,145.26358000117045,stop,-146.24321075636334,96300.47936217062
AUDUSD,7,2026-05-04 10:00:00+00:00,2026-05-04 13:00:00+00:00,-1.0593095566545896,0.05930955665454724,1,0.5190830338753089,0.16144982032518532,155.71306030352034,stop,-164.9483328754515,96135.53102929518
EURUSD,6,2026-05-04 11:15:00+00:00,2026-05-04 13:00:00+00:00,-1.0718985854629846,0.07189858546300779,1,0.5084956728498136,0.15509740370988814,149.58636267388817,stop,-160.34141055469374,95975.18961874048
XAUGBP,3,2026-05-04 13:30:00+00:00,2026-05-04 17:30:00+00:00,1.0300105080932165,0.014093644352472585,1,0.5506086118193791,0.18036516709162748,173.1058111223473,time,178.3008044680173,96153.4904232085
XAUAUD,3,2026-05-04 13:30:00+00:00,2026-05-04 17:30:00+00:00,1.4880747531699983,0.01192524682999364,1,0.5906485907752902,0.2043891544651741,196.16287855809088,target,291.90502709144744,96445.39545029994
EURJPY,2,2026-05-06 08:00:00+00:00,2026-05-06 12:00:00+00:00,0.46797746432011367,0.019691157286771555,1,0.5684729903624349,0.19108379421746094,184.2915209744673,time,86.24427868132824,96531.63972898127
EURUSD,6,2026-05-12 16:30:00+00:00,2026-05-12 18:15:00+00:00,-1.0643111893223158,0.06431118932232202,1,0.5247978339893655,0.16487870039361932,159.1601130537948,stop,-169.39588921695858,96362.24383976431
CHFJPY,2,2026-05-14 16:45:00+00:00,2026-05-14 20:45:00+00:00,-0.8151177422926815,0.043592746795693686,-1,0.5013354197859509,0.1508012518715705,145.3154700418997,time,-118.44921786075307,96243.79462190355
US2000,9,2026-05-15 11:45:00+00:00,2026-05-15 15:00:00+00:00,-1.051413828398358,0.05141382839837112,1,0.507411121744727,0.1544466730468362,148.64533880755968,stop,-156.28776474922736,96087.50685715434
XAUGBP,3,2026-05-15 11:15:00+00:00,2026-05-15 15:15:00+00:00,-0.33263370592418756,0.008224459761861884,1,0.5045433601888035,0.1527260161132821,146.98931328228232,time,-48.893600008336975,96038.61325714599
XAGUSD,3,2026-05-15 12:30:00+00:00,2026-05-15 16:30:00+00:00,-1.0848599726592398,0.0848599726592418,1,0.5052707451963617,0.15316244711781704,147.40935104195324,stop,-159.91850454108967,95878.6947526049
FR40,8,2026-05-18 06:45:00+00:00,2026-05-18 10:45:00+00:00,0.026288809658424343,0.3586863012717077,1,0.5507345487171582,0.18044072923029492,173.00421598808853,time,4.548074904215793,95883.24282750912
CHFJPY,2,2026-05-19 17:00:00+00:00,2026-05-19 17:45:00+00:00,-1.0621219142485092,0.0621219142485215,1,0.5110553633562906,0.1566332180137744,150.18500877668882,stop,-159.5147890133259,95723.7280384958
XAUGBP,3,2026-05-21 08:45:00+00:00,2026-05-21 12:45:00+00:00,0.04384720396578449,0.01940777880452409,1,0.5381848623414015,0.1729109174048409,165.51677632547776,time,7.257447851302353,95730.9854863471
XAUUSD,3,2026-05-27 09:45:00+00:00,2026-05-27 13:30:00+00:00,-1.0076827343695574,0.007682734369544447,1,0.5046474019315851,0.15278844115895104,146.26588043069117,stop,-147.3896023373696,95583.59588400973
NZDCNH,7,2026-05-27 15:45:00+00:00,2026-05-27 19:45:00+00:00,0.5490939234957506,0.0443748349106929,-1,0.5347036236869154,0.1708221742121492,163.27797667921953,time,89.65494483524031,95673.25082884496
SP500,9,2026-05-29 09:30:00+00:00,2026-05-29 13:30:00+00:00,-0.3453154165575909,0.10852770234667644,-1,0.5139674127702206,0.15838044766213236,151.5277229556392,time,-52.32485877244978,95620.92597007252
XAUCNH,3,2026-06-01 11:00:00+00:00,2026-06-01 15:00:00+00:00,-0.02851690114325375,0.014443625254369817,1,0.5416756421157469,0.17500538526944814,167.34176989213896,time,-4.7720687091512435,95616.15390136336
XAUGBP,3,2026-06-01 11:00:00+00:00,2026-06-01 15:00:00+00:00,-0.04503045416598558,0.012281032954359365,1,0.5108008445156779,0.15648050670940672,149.62810947819594,time,-6.737821725800974,95609.41607963757
GBPNZD,16,2026-06-08 16:15:00+00:00,2026-06-08 20:15:00+00:00,0.8424558710788723,0.07111132001130877,1,0.5091104480135333,0.15546626880812,148.64039180824304,time,125.22297075831827,95734.63905039588
XAGSGD,3,2026-06-09 17:00:00+00:00,2026-06-09 17:30:00+00:00,1.4946034416225122,0.005396558377482832,-1,0.5054418722909363,0.15326512337456177,146.72781265278044,target,219.29989377258886,95953.93894416848
AUDUSD,7,2026-06-09 18:00:00+00:00,2026-06-09 18:30:00+00:00,-1.0418302769984362,0.04183027699844784,1,0.512278607044553,0.15736716422673178,150.99999268028733,stop,-157.3163642008656,95796.6225799676
XAUSGD,3,2026-06-09 17:00:00+00:00,2026-06-09 18:30:00+00:00,1.498327848679989,0.001672151320021128,-1,0.5329274415874202,0.16975646495245214,162.51573898694164,target,243.50185757294287,96040.12443754055
XAUCNH,3,2026-06-23 06:30:00+00:00,2026-06-23 07:45:00+00:00,-1.0208497965721557,0.020849796572153252,1,0.5511689821063568,0.18070138926381407,173.54583910933135,stop,-177.16423455070498,95862.96020298984
XAUUSD,3,2026-06-23 06:30:00+00:00,2026-06-23 07:45:00+00:00,-1.005744938793389,0.005744938793382744,1,0.5657227391014755,0.18943364346088531,181.93230690640092,stop,-182.97749687411826,95679.98270611573
EURJPY,2,2026-06-23 10:15:00+00:00,2026-06-23 10:45:00+00:00,-1.0470059295833933,0.047005929583402,1,0.5427305904168569,0.17563835425011412,168.05074697181527,stop,-175.95012855040906,95504.03257756532
CHFJPY,2,2026-06-23 10:15:00+00:00,2026-06-23 11:00:00+00:00,-1.0406077341875937,0.04060773418758032,1,0.5235656239339957,0.16413937436039744,157.04852500195466,stop,-163.4259097597877,95340.60666780552
GER40,8,2026-06-26 06:45:00+00:00,2026-06-26 10:45:00+00:00,0.6608450453750039,0.013395507676520202,1,0.515381205482469,0.1592287232894814,151.80963077359277,time,100.3226423369375,95440.92931014247
XAUSGD,3,2026-06-29 08:15:00+00:00,2026-06-29 12:15:00+00:00,-0.49206724592167767,0.007221112623588378,1,0.5017207346309519,0.15103244077857114,144.14676503885872,time,-70.92990168119039,95369.99940846127
XAGEUR,3,2026-06-29 08:45:00+00:00,2026-06-29 12:45:00+00:00,-1.1156103482218163,0.1156103482218152,1,0.530708042884825,0.16842482573089498,160.74621886655396,stop,-179.33014520505657,95190.66926325622
US2000,9,2026-06-29 16:45:00+00:00,2026-06-29 17:00:00+00:00,-1.0284548414154058,0.028454841415405666,1,0.5029883048176432,0.15179298289058593,144.49275630820864,stop,-148.60427477463358,95042.06498848158
XAGSGD,3,2026-06-30 09:45:00+00:00,2026-06-30 13:45:00+00:00,-0.03977565872411602,0.0021695813849515184,-1,0.5099536513450454,0.15597219080702726,148.2391909507732,time,-5.896311468797023,95036.16867701279
XAGUSD,3,2026-06-30 09:45:00+00:00,2026-06-30 13:45:00+00:00,-0.13764888713522055,0.09315631755615822,-1,0.523369974765857,0.1640219848595142,155.88988144557675,time,-21.458068696625105,95014.71060831616
EURNZD,15,2026-06-30 11:15:00+00:00,2026-06-30 13:45:00+00:00,-1.1180970021411485,0.11809700214120684,1,0.5082327793350784,0.15493966760104702,147.25785957432433,stop,-164.64857133177426,94850.0620369844
GBPCHF,14,2026-06-30 14:30:00+00:00,2026-06-30 17:00:00+00:00,-1.1979472706706855,0.19794727067073814,1,0.5011020494629407,0.1506612296777644,142.90226981504296,stop,-171.1893840975766,94678.87265288681
CADJPY,2,2026-06-30 15:45:00+00:00,2026-06-30 17:45:00+00:00,1.4360597517119962,0.06394024828798797,1,0.5149913758472086,0.15899482550832514,150.80669063024135,target,216.56741870297222,94895.44007158978
EURJPY,2,2026-06-30 15:45:00+00:00,2026-06-30 18:00:00+00:00,1.463062316044203,0.03693768395579583,1,0.5860415507841011,0.20162493047046068,191.2413716332584,target,279.7980441052252,95175.23811569501
AU200,10,2026-07-01 10:00:00+00:00,2026-07-01 14:00:00+00:00,-0.2930800542513002,0.06394473910936893,1,0.5565797034021933,0.183947822041316,175.0727776364572,time,-51.31033916761869,95123.92777652739
NZDCNH,7,2026-07-06 06:45:00+00:00,2026-07-06 10:45:00+00:00,0.6545555170801501,0.06942728221071902,1,0.534588521523553,0.17075311291413178,162.42706780461083,time,106.31753335465964,95230.24530988206
NZDUSD,7,2026-07-06 12:00:00+00:00,2026-07-06 16:00:00+00:00,-0.3676963902568829,0.060165736441863404,1,0.5129031078134265,0.1577418646880559,150.2179646988177,time,-55.234603371491126,95175.01070651055
DJ30,9,2026-07-06 16:45:00+00:00,2026-07-06 20:45:00+00:00,-0.2716753334859921,0.008984538587725518,-1,0.5229222607859559,0.16375335647157355,155.85227455409037,time,-42.3412186640329,95132.66948784652
XAUGBP,3,2026-07-07 07:00:00+00:00,2026-07-07 11:00:00+00:00,0.4074584296616777,0.02087547931853012,1,0.5920388410464312,0.20522330462785873,195.2344081036571,time,79.54990534184326,95212.21939318837
USDJPY,2,2026-07-07 10:30:00+00:00,2026-07-07 14:30:00+00:00,-0.0856546720911923,0.038130705822950424,1,0.5375356104904995,0.17252136629429968,164.12418119267303,time,-14.05800292229384,95198.16139026608
XAUAUD,3,2026-07-13 09:15:00+00:00,2026-07-13 13:15:00+00:00,0.25527268115017776,0.013470415096524168,1,0.5471834743602131,0.17831008461612785,169.74792212798127,time,43.332007201281364,95241.49339746736
SP500,9,2026-07-13 17:30:00+00:00,2026-07-13 19:15:00+00:00,-1.0131095688563365,0.013109568856336414,1,0.5210100304101779,0.16260601824610674,154.86840013175018,stop,-156.89865808694805,95084.59473938041
FR40,8,2026-07-14 06:30:00+00:00,2026-07-14 08:30:00+00:00,1.1754204047907997,0.3245795952092134,1,0.5228450122403789,0.16370700734422736,155.66014449322617,target,182.96611005002228,95267.56084943043
AUDCAD,7,2026-07-14 15:45:00+00:00,2026-07-14 19:45:00+00:00,-0.15198011161418526,0.03647893052528452,1,0.5161436144191526,0.15968616865149154,152.12911788818366,time,-23.1206003164137,95244.44024911402
GER40,8,2026-07-16 10:30:00+00:00,2026-07-16 11:00:00+00:00,-1.0211964575656094,0.021196457565615178,1,0.5310400001832323,0.16862400010993936,160.604985030377,stop,-164.00924178039872,95080.43100733362
DJ30,9,2026-07-20 16:45:00+00:00,2026-07-20 17:15:00+00:00,1.4899002294624148,0.010099770537606214,-1,0.5314307245951463,0.16885843475708776,160.55132755927613,target,239.20545977106084,95319.63646710468
GBPJPY,2,2026-07-23 15:00:00+00:00,2026-07-23 18:15:00+00:00,-1.051276429122531,0.05127642912253102,1,0.5350025969376485,0.1710015581625891,162.99806359366437,stop,-171.3560222486347,95148.28044485605
EURJPY,2,2026-07-23 15:00:00+00:00,2026-07-23 19:00:00+00:00,0.11380233979175333,0.06779884324120146,1,0.5287683326466679,0.16726099958800072,159.4325767585276,time,18.143800274148752,95166.4242451302
GER40,8,2026-07-27 17:00:00+00:00,2026-07-27 21:00:00+00:00,0.439313144956025,0.01178046422228524,-1,0.507162020730917,0.15429721243855019,146.83913978768035,time,64.50836430276324,95230.93260943296
FR40,8,2026-07-28 10:15:00+00:00,2026-07-28 14:15:00+00:00,0.4867202830729065,0.05287490540345909,-1,0.5623149485076455,0.1873889691045873,178.45226288550055,time,86.85633590663156,95317.78894533959
XAGEUR,3,2026-07-30 08:15:00+00:00,2026-07-30 12:15:00+00:00,0.6888034518546741,0.08962126696993833,1,0.5324863306200385,0.16949179837202308,161.55583465190534,time,111.28021657549536,95429.06916191509
GER40,8,2026-07-30 10:30:00+00:00,2026-07-30 14:30:00+00:00,1.2966960350394847,0.014373855947700033,1,0.5040608098550804,0.15243648591304823,145.2990879182915,time,188.40875119850207,95617.47791311359
XAUCNH,3,2026-08-03 16:45:00+00:00,2026-08-03 20:45:00+00:00,0.05039360822227373,0.015678011446932982,1,0.5036631580380154,0.15219789482280924,145.52778846642335,time,7.333670357430863,95624.81158347102
XAUAUD,3,2026-08-03 16:45:00+00:00,2026-08-03 20:45:00+00:00,-0.15902646884968263,0.014598513052296317,1,0.559613246687471,0.18576794801248261,177.62662666047973,time,-28.247335211496985,95596.56424825953
GER40,8,2026-08-05 10:15:00+00:00,2026-08-05 11:00:00+00:00,1.4834187165473829,0.016581283452595144,-1,0.5580712798081408,0.18484276788488443,176.70333535933463,target,262.125034948386,95858.6892832079
GER40,8,2026-08-11 10:15:00+00:00,2026-08-11 14:15:00+00:00,-0.35754988015018097,0.02836333183883945,-1,0.5936285324776202,0.20617711948657208,197.63868434170126,time,-70.66568789941473,95788.02359530849
NAS100,9,2026-08-11 17:00:00+00:00,2026-08-11 20:00:00+00:00,-1.0166306645840777,0.01663066458408453,1,0.591746306006537,0.2050477836039222,196.41121934018196,stop,-199.67766844957825,95588.34592685892
NZDUSD,7,2026-08-12 15:45:00+00:00,2026-08-12 19:30:00+00:00,-1.045958344683489,0.04595834468347795,1,0.5621318981733636,0.18727913890401818,179.01703114441534,stop,-187.24435756596526,95401.10156929295
AUDJPY,1,2026-08-12 15:45:00+00:00,2026-08-12 19:45:00+00:00,0.02001193987397364,0.037417808447710935,1,0.502521112919964,0.1515126677519784,144.8284529737734,time,2.898298292951772,95403.9998675859
FR40,8,2026-08-13 10:45:00+00:00,2026-08-13 14:45:00+00:00,-0.19013914699942008,0.11040337567710853,1,0.5028172810274875,0.15169036861649246,144.7186790740189,time,-27.516686194016778,95376.48318139189
DJ30,9,2026-08-17 10:30:00+00:00,2026-08-17 11:00:00+00:00,-1.0549502952920937,0.054950295292101124,1,0.5090452322145628,0.15542713932873767,148.24093940119187,stop,-156.38682279566473,95220.09635859622
XAUSGD,3,2026-08-18 16:45:00+00:00,2026-08-18 17:45:00+00:00,-1.00341372228143,0.0034137222814300864,1,0.5023723218333928,0.15142339310003564,144.1855008193097,stop,-144.67771007611574,95075.4186485201
XAUCNH,3,2026-08-18 16:45:00+00:00,2026-08-18 17:45:00+00:00,-1.0160813660830181,0.01608136608301806,1,0.5188616758798553,0.1613170055279132,153.60620810648078,stop,-156.07640577166535,94919.34224274845
USDJPY,2,2026-08-19 07:45:00+00:00,2026-08-19 09:15:00+00:00,-1.0813294272018783,0.08132942720182403,1,0.5185122258873439,0.16110733553240633,152.92202319217768,stop,-165.35908374494983,94753.98315900349
SP500,9,2026-08-19 08:00:00+00:00,2026-08-19 11:15:00+00:00,1.4863650226247545,0.013634977375214307,1,0.5213408392714587,0.1628045035628752,154.53296392345294,target,229.69239241835348,94983.67555142184
GBPJPY,2,2026-08-26 06:45:00+00:00,2026-08-26 10:45:00+00:00,-0.23264723567828374,0.07809706040309138,1,0.5180011399128249,0.16080068394769495,152.73439992534568,time,-35.53323593561314,94948.14231548623
NZDUSD,7,2026-08-26 09:45:00+00:00,2026-08-26 13:45:00+00:00,0.5003856596775663,0.05986654179843361,1,0.5018934539174413,0.1511360723504648,143.55459660252754,time,71.83266152070266,95019.97497700693
USDCHF,18,2026-08-28 17:15:00+00:00,2026-08-28 20:00:00+00:00,0.5297065315246083,0.03342978031992334,1,0.5087820217280861,0.15526921303685162,147.53676737461186,weekend,78.15118931835865,95098.1261663253
EURUSD,6,2026-08-28 17:15:00+00:00,2026-08-28 20:00:00+00:00,0.7759086185421386,0.03214883282924236,-1,0.5420978133898605,0.1752586880339163,166.53076151485777,weekend,129.21265311176361,95227.33881943705
GER40,8,2026-09-04 15:45:00+00:00,2026-09-04 18:00:00+00:00,-1.02366864811268,0.023668648112679973,1,0.5207771559612928,0.1624662935767757,154.71232785173734,stop,-158.3741594983537,95068.9646599387
XAUAUD,3,2026-09-04 15:45:00+00:00,2026-09-04 19:45:00+00:00,-0.581375874799037,0.005493980886155169,-1,0.5434325668932578,0.17605954013595468,167.65681480920819,time,-97.47162737572354,94971.49303256298
XAGSGD,3,2026-09-07 09:15:00+00:00,2026-09-07 13:15:00+00:00,-0.36530578904278804,0.017190860660837422,1,0.5055250407044919,0.15331502442269512,145.605567737472,time,-53.19055681136033,94918.30247575161
XAGEUR,3,2026-09-07 09:15:00+00:00,2026-09-07 13:15:00+00:00,-0.475946553683227,0.078799098291925,1,0.5075834676613019,0.15455008059678113,146.77851902579235,time,-69.85873028505384,94848.44374546656
JP225,11,2026-09-08 06:45:00+00:00,2026-09-08 08:30:00+00:00,1.4790100489336875,0.020989951066299018,-1,0.5065777873365547,0.1539466724019328,146.01602297116483,target,215.95916527968492,95064.40291074626
NZDJPY,1,2026-09-09 09:30:00+00:00,2026-09-09 13:30:00+00:00,-0.4095229230131336,0.039939078190731385,1,0.5077863117894801,0.15467178707368803,147.0378108529822,time,-60.21535409396553,95004.18755665228
XAUGBP,3,2026-09-14 15:45:00+00:00,2026-09-14 16:00:00+00:00,-1.0202902159527847,0.02029021595279327,1,0.5433669807098478,0.17602018842590866,167.2265499497229,stop,-170.6196127612419,94833.56794389104
XAUAUD,3,2026-09-14 15:45:00+00:00,2026-09-14 16:00:00+00:00,-1.0173652452510908,0.017365245251099597,1,0.5229527779148272,0.16377166674889632,155.58994144277688,stop,-158.29179893453355,94675.2761449565
NAS100,9,2026-09-15 07:45:00+00:00,2026-09-15 08:00:00+00:00,-1.0354784701431123,0.035478470143108606,1,0.5656425501898261,0.18938553011389567,179.30127361392036,stop,-185.66260849645386,94489.61353646005
XAUCNH,3,2026-09-21 09:45:00+00:00,2026-09-21 10:45:00+00:00,-0.2708087508024649,0.014726759862371047,1,,0.3,283.4688406093799,time,-76.76584261684921,94412.8476938432
